{"type": "FeatureCollection", "crs": {"type": "name", "properties": {"name": "urn:ogc:def:crs:EPSG::32619"}}, "features": [{"type": "Feature", "properties": {"type": "Sharrow", "n_signs": 9, "conf_max": 0.819, "classes": "{\"Sharrow\": 8, \"BikeOnly\": 1}", "n_joins": 2, "gap_total_m": 36.4, "obs_len_m": 213.4, "obs_ratio": 0.854, "source": "bikelane", "members": "0,3,4", "id": 0, "length_m": 249.8}, "geometry": {"type": "LineString", "coordinates": [[312729.3125, 4706491.5], [312727.5, 4706494.0], [312714.15625, 4706564.0], [312707.6875, 4706605.0], [312704.25, 4706627.0], [312692.6875, 4706704.0], [312690.75, 4706718.0], [312688.1875, 4706737.5]]}}, {"type": "Feature", "properties": {"type": "Sharrow", "n_signs": 9, "conf_max": 0.8, "classes": "{\"Sharrow\": 9}", "n_joins": 1, "gap_total_m": 15.8, "obs_len_m": 289.6, "obs_ratio": 0.948, "source": "bikelane", "members": "1,304", "id": 1, "length_m": 305.4}, "geometry": {"type": "LineString", "coordinates": [[312703.0625, 4706605.0], [312712.1875, 4706549.0], [312716.09375, 4706532.0], [312718.65625, 4706517.5], [312729.0, 4706466.0], [312732.0, 4706450.5], [312739.65625, 4706416.5], [312745.0625, 4706397.5], [312754.0625, 4706369.0], [312758.25, 4706358.0], [312764.09375, 4706345.0], [312774.59375, 4706323.5], [312781.1875, 4706311.5]]}}, {"type": "Feature", "properties": {"type": "Sharrow", "n_signs": 3, "conf_max": 0.842, "classes": "{\"Sharrow\": 3}", "n_joins": 1, "gap_total_m": 20.1, "obs_len_m": 96.6, "obs_ratio": 0.828, "source": "bikelane", "members": "2,6", "id": 2, "length_m": 116.7}, "geometry": {"type": "LineString", "coordinates": [[312691.34375, 4706683.5], [312687.3125, 4706713.0], [312683.84375, 4706744.5], [312681.90625, 4706764.5], [312678.75, 4706799.5]]}}, {"type": "Feature", "properties": {"type": "Sharrow", "n_signs": 1, "conf_max": 0.766, "classes": "{\"Sharrow\": 1}", "n_joins": 0, "gap_total_m": 0.0, "obs_len_m": 53.6, "obs_ratio": 1.0, "source": "bikelane", "members": "5", "id": 3, "length_m": 53.6}, "geometry": {"type": "LineString", "coordinates": [[312684.0, 4706785.5], [312682.9375, 4706804.0], [312683.5625, 4706815.5], [312685.9375, 4706824.5], [312690.4375, 4706838.0]]}}, {"type": "Feature", "properties": {"type": "BikeOnly", "n_signs": 2, "conf_max": 0.704, "classes": "{\"BikeOnly\": 2}", "n_joins": 0, "gap_total_m": 0.0, "obs_len_m": 62.0, "obs_ratio": 1.0, "source": "bikelane", "members": "7", "id": 4, "length_m": 62.0}, "geometry": {"type": "LineString", "coordinates": [[312439.1875, 4703757.0], [312500.5625, 4703748.0]]}}, {"type": "Feature", "properties": {"type": "Sharrow", "n_signs": 1, "conf_max": 0.815, "classes": "{\"Sharrow\": 1}", "n_joins": 0, "gap_total_m": 0.0, "obs_len_m": 131.6, "obs_ratio": 1.0, "source": "bikelane", "members": "8", "id": 5, "length_m": 131.6}, "geometry": {"type": "LineString", "coordinates": [[312496.5, 4706235.5], [312365.40625, 4706223.5]]}}, {"type": "Feature", "properties": {"type": "Sharrow", "n_signs": 1, "conf_max": 0.77, "classes": "{\"Sharrow\": 1}", "n_joins": 0, "gap_total_m": 0.0, "obs_len_m": 72.3, "obs_ratio": 1.0, "source": "bikelane", "members": "9", "id": 6, "length_m": 72.3}, "geometry": {"type": "LineString", "coordinates": [[312788.5625, 4706262.5], [312784.5, 4706261.5], [312775.8125, 4706260.5], [312716.6875, 4706255.0]]}}, {"type": "Feature", "properties": {"type": "Sharrow", "n_signs": 1, "conf_max": 0.818, "classes": "{\"Sharrow\": 1}", "n_joins": 0, "gap_total_m": 0.0, "obs_len_m": 65.6, "obs_ratio": 1.0, "source": "bikelane", "members": "10", "id": 7, "length_m": 65.6}, "geometry": {"type": "LineString", "coordinates": [[314212.9375, 4706989.5], [314235.90625, 4706992.0], [314274.3125, 4706998.0], [314276.25, 4706999.0], [314277.3125, 4707000.0]]}}, {"type": "Feature", "properties": {"type": "BikeOnly", "n_signs": 2, "conf_max": 0.608, "classes": "{\"BikeOnly\": 2}", "n_joins": 0, "gap_total_m": 0.0, "obs_len_m": 13.8, "obs_ratio": 1.0, "source": "bikelane", "members": "11", "id": 8, "length_m": 13.8}, "geometry": {"type": "LineString", "coordinates": [[314068.5, 4706270.5], [314066.5625, 4706273.0], [314056.9375, 4706277.5]]}}, {"type": "Feature", "properties": {"type": "BikeOnly", "n_signs": 2, "conf_max": 0.608, "classes": "{\"BikeOnly\": 2}", "n_joins": 0, "gap_total_m": 0.0, "obs_len_m": 28.5, "obs_ratio": 1.0, "source": "bikelane", "members": "12", "id": 9, "length_m": 28.5}, "geometry": {"type": "LineString", "coordinates": [[314056.9375, 4706277.5], [314082.59375, 4706265.0]]}}, {"type": "Feature", "properties": {"type": "Sharrow", "n_signs": 1, "conf_max": 0.671, "classes": "{\"Sharrow\": 1}", "n_joins": 0, "gap_total_m": 0.0, "obs_len_m": 424.8, "obs_ratio": 1.0, "source": "bikelane", "members": "13", "id": 10, "length_m": 424.8}, "geometry": {"type": "LineString", "coordinates": [[313793.84375, 4706640.0], [313814.25, 4706658.0], [313827.4375, 4706669.0], [313878.75, 4706708.5], [313889.40625, 4706718.5], [313897.65625, 4706728.0], [313905.3125, 4706739.0], [313911.75, 4706751.0], [313914.3125, 4706757.0], [313919.5625, 4706772.5], [313928.09375, 4706801.0], [313934.5625, 4706820.0], [313941.0, 4706834.5], [313947.59375, 4706845.5], [313953.59375, 4706854.0], [313963.65625, 4706866.0], [314052.75, 4706966.0]]}}, {"type": "Feature", "properties": {"type": "BikeOnly", "n_signs": 1, "conf_max": 0.755, "classes": "{\"BikeOnly\": 1}", "n_joins": 0, "gap_total_m": 0.0, "obs_len_m": 28.6, "obs_ratio": 1.0, "source": "bikelane", "members": "14", "id": 11, "length_m": 28.6}, "geometry": {"type": "LineString", "coordinates": [[314399.25, 4704594.5], [314417.5625, 4704616.5]]}}, {"type": "Feature", "properties": {"type": "BikeOnly", "n_signs": 3, "conf_max": 0.67, "classes": "{\"BikeOnly\": 3}", "n_joins": 0, "gap_total_m": 0.0, "obs_len_m": 116.0, "obs_ratio": 1.0, "source": "bikelane", "members": "15", "id": 12, "length_m": 116.0}, "geometry": {"type": "LineString", "coordinates": [[314182.9375, 4704340.0], [314135.09375, 4704283.0], [314120.40625, 4704263.5], [314110.5, 4704249.5]]}}, {"type": "Feature", "properties": {"type": "Sharrow", "n_signs": 9, "conf_max": 0.773, "classes": "{\"Sharrow\": 9}", "n_joins": 1, "gap_total_m": 18.7, "obs_len_m": 341.4, "obs_ratio": 0.948, "source": "bikelane", "members": "16,17", "id": 13, "length_m": 360.1}, "geometry": {"type": "LineString", "coordinates": [[313720.9375, 4703573.5], [313729.5, 4703566.0], [313741.34375, 4703558.0], [313787.6875, 4703536.5], [313797.3125, 4703531.0], [313803.90625, 4703526.5], [313809.59375, 4703522.5], [313817.5625, 4703515.5], [313825.9375, 4703507.0], [313846.8125, 4703484.5], [313859.25, 4703470.5], [313876.34375, 4703452.0], [313887.0, 4703439.5], [313896.15625, 4703427.5], [313900.8125, 4703421.0], [313906.8125, 4703410.0], [313910.6875, 4703402.0], [313914.90625, 4703391.5], [313920.90625, 4703371.0], [313922.5625, 4703361.0], [313923.59375, 4703350.0], [313923.75, 4703336.0], [313923.0, 4703325.0], [313921.5, 4703315.0], [313919.25, 4703305.0]]}}, {"type": "Feature", "properties": {"type": "Sharrow", "n_signs": 2, "conf_max": 0.772, "classes": "{\"Sharrow\": 2}", "n_joins": 0, "gap_total_m": 0.0, "obs_len_m": 32.1, "obs_ratio": 1.0, "source": "bikelane", "members": "18", "id": 14, "length_m": 32.1}, "geometry": {"type": "LineString", "coordinates": [[313859.25, 4703470.5], [313881.15625, 4703447.0]]}}, {"type": "Feature", "properties": {"type": "Sharrow", "n_signs": 2, "conf_max": 0.796, "classes": "{\"Sharrow\": 2}", "n_joins": 0, "gap_total_m": 0.0, "obs_len_m": 124.4, "obs_ratio": 1.0, "source": "bikelane", "members": "19", "id": 15, "length_m": 124.4}, "geometry": {"type": "LineString", "coordinates": [[313715.40625, 4703589.5], [313718.6875, 4703583.5], [313724.40625, 4703577.0], [313730.25, 4703571.0], [313736.6875, 4703566.0], [313749.3125, 4703558.5], [313780.9375, 4703544.0], [313793.84375, 4703537.0], [313806.4375, 4703529.0], [313816.65625, 4703520.5]]}}, {"type": "Feature", "properties": {"type": "Sharrow", "n_signs": 5, "conf_max": 0.792, "classes": "{\"Sharrow\": 5}", "n_joins": 1, "gap_total_m": 15.2, "obs_len_m": 170.8, "obs_ratio": 0.918, "source": "bikelane", "members": "20,26", "id": 16, "length_m": 185.9}, "geometry": {"type": "LineString", "coordinates": [[313931.25, 4702782.0], [313933.5, 4702796.0], [313936.0625, 4702817.5], [313937.09375, 4702833.5], [313937.25, 4702852.5], [313935.15625, 4702874.5], [313932.90625, 4702889.5], [313925.6875, 4702922.0], [313914.15625, 4702965.0]]}}, {"type": "Feature", "properties": {"type": "Sharrow", "n_signs": 3, "conf_max": 0.746, "classes": "{\"Sharrow\": 3}", "n_joins": 0, "gap_total_m": 0.0, "obs_len_m": 129.3, "obs_ratio": 1.0, "source": "bikelane", "members": "21", "id": 17, "length_m": 129.3}, "geometry": {"type": "LineString", "coordinates": [[313874.09375, 4703126.0], [313875.4375, 4703107.5], [313879.5, 4703087.0], [313889.84375, 4703048.5], [313903.9375, 4703000.5]]}}, {"type": "Feature", "properties": {"type": "Sharrow", "n_signs": 2, "conf_max": 0.792, "classes": "{\"Sharrow\": 2}", "n_joins": 0, "gap_total_m": 0.0, "obs_len_m": 85.3, "obs_ratio": 1.0, "source": "bikelane", "members": "22", "id": 18, "length_m": 85.3}, "geometry": {"type": "LineString", "coordinates": [[313933.34375, 4702891.5], [313933.34375, 4702894.0], [313932.0, 4702897.0], [313927.65625, 4702917.0], [313927.5, 4702919.5], [313925.5625, 4702922.5], [313925.6875, 4702926.0], [313923.90625, 4702929.0], [313924.0625, 4702934.0], [313921.8125, 4702937.5], [313921.65625, 4702943.0], [313919.6875, 4702945.5], [313919.40625, 4702949.5], [313916.5625, 4702959.5], [313914.59375, 4702963.5], [313914.90625, 4702967.0], [313913.6875, 4702969.5], [313913.5625, 4702972.5]]}}, {"type": "Feature", "properties": {"type": "Sharrow", "n_signs": 4, "conf_max": 0.736, "classes": "{\"Sharrow\": 4}", "n_joins": 1, "gap_total_m": 7.8, "obs_len_m": 119.9, "obs_ratio": 0.939, "source": "bikelane", "members": "23,25", "id": 19, "length_m": 127.8}, "geometry": {"type": "LineString", "coordinates": [[313878.3125, 4703115.0], [313877.25, 4703129.0], [313877.6875, 4703144.5], [313879.34375, 4703157.0], [313882.5, 4703171.0], [313884.75, 4703178.5], [313903.8125, 4703239.0]]}}, {"type": "Feature", "properties": {"type": "Sharrow", "n_signs": 4, "conf_max": 0.785, "classes": "{\"Sharrow\": 4}", "n_joins": 0, "gap_total_m": 0.0, "obs_len_m": 186.7, "obs_ratio": 1.0, "source": "bikelane", "members": "24", "id": 20, "length_m": 186.7}, "geometry": {"type": "LineString", "coordinates": [[313862.84375, 4703471.5], [313879.9375, 4703453.0], [313891.0625, 4703440.0], [313898.84375, 4703429.5], [313904.09375, 4703421.5], [313909.65625, 4703412.0], [313913.25, 4703404.5], [313917.90625, 4703393.0], [313923.59375, 4703374.0], [313925.6875, 4703363.0], [313926.90625, 4703351.5], [313927.1875, 4703336.5], [313926.59375, 4703326.5], [313924.65625, 4703313.5], [313922.5625, 4703304.5]]}}, {"type": "Feature", "properties": {"type": "Sharrow", "n_signs": 11, "conf_max": 0.782, "classes": "{\"Sharrow\": 11}", "n_joins": 1, "gap_total_m": 8.6, "obs_len_m": 425.3, "obs_ratio": 0.98, "source": "bikelane", "members": "27,51", "id": 21, "length_m": 433.9}, "geometry": {"type": "LineString", "coordinates": [[314293.1875, 4702326.5], [314327.5625, 4702305.5], [314349.4375, 4702291.0], [314362.5, 4702281.5], [314376.90625, 4702270.0], [314383.0625, 4702264.0], [314395.1875, 4702252.0], [314407.5, 4702236.5], [314421.4375, 4702215.5], [314430.4375, 4702199.5], [314437.0625, 4702185.5], [314445.15625, 4702165.0], [314450.5625, 4702148.0], [314459.6875, 4702113.5], [314464.65625, 4702091.0], [314467.65625, 4702072.5], [314469.0, 4702057.0], [314469.15625, 4702038.0], [314467.34375, 4702013.0], [314464.65625, 4701995.0], [314460.90625, 4701977.0], [314456.40625, 4701963.0]]}}, {"type": "Feature", "properties": {"type": "Sharrow", "n_signs": 6, "conf_max": 0.769, "classes": "{\"Sharrow\": 6}", "n_joins": 0, "gap_total_m": 0.0, "obs_len_m": 108.5, "obs_ratio": 1.0, "source": "bikelane", "members": "28", "id": 22, "length_m": 108.5}, "geometry": {"type": "LineString", "coordinates": [[314017.1875, 4702498.5], [314026.65625, 4702491.5], [314048.5625, 4702477.5], [314108.84375, 4702440.5]]}}, {"type": "Feature", "properties": {"type": "Sharrow", "n_signs": 5, "conf_max": 0.818, "classes": "{\"Sharrow\": 5}", "n_joins": 0, "gap_total_m": 0.0, "obs_len_m": 145.6, "obs_ratio": 1.0, "source": "bikelane", "members": "29", "id": 23, "length_m": 145.6}, "geometry": {"type": "LineString", "coordinates": [[313996.0625, 4702515.5], [313980.0, 4702531.0], [313969.1875, 4702543.0], [313956.4375, 4702560.0], [313946.40625, 4702575.5], [313939.34375, 4702589.0], [313931.6875, 4702608.0], [313928.09375, 4702619.0], [313923.3125, 4702638.5]]}}, {"type": "Feature", "properties": {"type": "Sharrow", "n_signs": 3, "conf_max": 0.784, "classes": "{\"Sharrow\": 3}", "n_joins": 0, "gap_total_m": 0.0, "obs_len_m": 77.3, "obs_ratio": 1.0, "source": "bikelane", "members": "30", "id": 24, "length_m": 77.3}, "geometry": {"type": "LineString", "coordinates": [[313935.90625, 4702890.5], [313929.75, 4702919.0], [313917.3125, 4702965.5]]}}, {"type": "Feature", "properties": {"type": "Sharrow", "n_signs": 7, "conf_max": 0.771, "classes": "{\"Sharrow\": 7}", "n_joins": 1, "gap_total_m": 10.1, "obs_len_m": 254.8, "obs_ratio": 0.962, "source": "bikelane", "members": "31,35", "id": 25, "length_m": 264.8}, "geometry": {"type": "LineString", "coordinates": [[313930.5, 4702759.0], [313927.0625, 4702742.5], [313924.1875, 4702725.5], [313923.15625, 4702715.5], [313922.09375, 4702708.0], [313921.34375, 4702692.0], [313921.5, 4702679.5], [313923.0, 4702661.0], [313924.65625, 4702649.0], [313927.8125, 4702633.0], [313931.6875, 4702618.5], [313935.75, 4702606.5], [313940.84375, 4702594.0], [313945.9375, 4702583.5], [313953.3125, 4702571.0], [313961.09375, 4702559.0], [313969.8125, 4702547.5], [313979.25, 4702536.5], [313989.4375, 4702526.0], [313998.4375, 4702517.5]]}}, {"type": "Feature", "properties": {"type": "Sharrow", "n_signs": 3, "conf_max": 0.796, "classes": "{\"Sharrow\": 3}", "n_joins": 0, "gap_total_m": 0.0, "obs_len_m": 106.7, "obs_ratio": 1.0, "source": "bikelane", "members": "32", "id": 26, "length_m": 106.7}, "geometry": {"type": "LineString", "coordinates": [[314109.3125, 4702444.5], [314048.6875, 4702481.5], [314027.6875, 4702495.0], [314019.15625, 4702501.5]]}}, {"type": "Feature", "properties": {"type": "Sharrow", "n_signs": 8, "conf_max": 0.786, "classes": "{\"Sharrow\": 8}", "n_joins": 1, "gap_total_m": 7.7, "obs_len_m": 394.7, "obs_ratio": 0.981, "source": "bikelane", "members": "33,48", "id": 27, "length_m": 402.4}, "geometry": {"type": "LineString", "coordinates": [[314327.40625, 4702309.5], [314356.34375, 4702290.5], [314378.25, 4702273.0], [314384.09375, 4702268.0], [314396.6875, 4702255.5], [314406.75, 4702243.5], [314419.8125, 4702225.0], [314432.09375, 4702204.0], [314439.90625, 4702187.5], [314448.3125, 4702166.0], [314456.09375, 4702141.0], [314462.40625, 4702117.0], [314467.0625, 4702096.5], [314470.5, 4702076.5], [314472.15625, 4702059.5], [314472.59375, 4702043.0], [314471.25, 4702019.0], [314468.40625, 4701996.5], [314464.1875, 4701977.0], [314459.09375, 4701960.0]]}}, {"type": "Feature", "properties": {"type": "Sharrow", "n_signs": 2, "conf_max": 0.781, "classes": "{\"Sharrow\": 2}", "n_joins": 0, "gap_total_m": 0.0, "obs_len_m": 48.6, "obs_ratio": 1.0, "source": "bikelane", "members": "34", "id": 28, "length_m": 48.6}, "geometry": {"type": "LineString", "coordinates": [[313919.09375, 4702708.5], [313918.34375, 4702698.5], [313918.1875, 4702682.0], [313919.84375, 4702660.0]]}}, {"type": "Feature", "properties": {"type": "Sharrow", "n_signs": 2, "conf_max": 0.656, "classes": "{\"Sharrow\": 2}", "n_joins": 0, "gap_total_m": 0.0, "obs_len_m": 58.6, "obs_ratio": 1.0, "source": "bikelane", "members": "36", "id": 29, "length_m": 58.6}, "geometry": {"type": "LineString", "coordinates": [[314428.0625, 4701880.0], [314428.0625, 4701888.0], [314430.15625, 4701895.5], [314448.90625, 4701934.0]]}}, {"type": "Feature", "properties": {"type": "Sharrow", "n_signs": 2, "conf_max": 0.69, "classes": "{\"Sharrow\": 2}", "n_joins": 0, "gap_total_m": 0.0, "obs_len_m": 81.5, "obs_ratio": 1.0, "source": "bikelane", "members": "37", "id": 30, "length_m": 81.5}, "geometry": {"type": "LineString", "coordinates": [[314341.9375, 4705911.5], [314299.34375, 4705981.0]]}}, {"type": "Feature", "properties": {"type": "Sharrow", "n_signs": 13, "conf_max": 0.786, "classes": "{\"Sharrow\": 13}", "n_joins": 1, "gap_total_m": 18.8, "obs_len_m": 400.4, "obs_ratio": 0.955, "source": "bikelane", "members": "38,54", "id": 31, "length_m": 419.2}, "geometry": {"type": "LineString", "coordinates": [[314306.40625, 4700503.0], [314339.5625, 4700494.0], [314371.9375, 4700486.5], [314380.9375, 4700483.5], [314390.6875, 4700480.0], [314397.75, 4700476.0], [314405.40625, 4700471.0], [314428.1875, 4700454.0], [314462.5625, 4700430.0], [314477.84375, 4700419.0], [314520.15625, 4700388.5], [314529.59375, 4700380.5], [314540.6875, 4700369.0], [314566.34375, 4700334.5], [314574.90625, 4700322.0], [314584.1875, 4700307.0], [314613.90625, 4700254.5], [314619.15625, 4700247.5]]}}, {"type": "Feature", "properties": {"type": "Sharrow", "n_signs": 2, "conf_max": 0.799, "classes": "{\"Sharrow\": 2}", "n_joins": 0, "gap_total_m": 0.0, "obs_len_m": 99.4, "obs_ratio": 1.0, "source": "bikelane", "members": "39", "id": 32, "length_m": 99.4}, "geometry": {"type": "LineString", "coordinates": [[314573.09375, 4706975.5], [314562.15625, 4706977.0], [314534.09375, 4706983.5], [314484.0, 4706996.0], [314478.59375, 4706997.5], [314476.8125, 4706999.0]]}}, {"type": "Feature", "properties": {"type": "Sharrow", "n_signs": 2, "conf_max": 0.736, "classes": "{\"Sharrow\": 2}", "n_joins": 0, "gap_total_m": 0.0, "obs_len_m": 45.4, "obs_ratio": 1.0, "source": "bikelane", "members": "40", "id": 33, "length_m": 45.4}, "geometry": {"type": "LineString", "coordinates": [[314615.40625, 4706893.5], [314619.15625, 4706871.0], [314620.65625, 4706848.5]]}}, {"type": "Feature", "properties": {"type": "Sharrow", "n_signs": 2, "conf_max": 0.687, "classes": "{\"Sharrow\": 2}", "n_joins": 0, "gap_total_m": 0.0, "obs_len_m": 111.0, "obs_ratio": 1.0, "source": "bikelane", "members": "41", "id": 34, "length_m": 111.0}, "geometry": {"type": "LineString", "coordinates": [[314568.0, 4706972.0], [314540.25, 4706978.5], [314502.75, 4706988.0], [314468.09375, 4706996.0], [314463.59375, 4706997.5], [314460.4375, 4706999.0]]}}, {"type": "Feature", "properties": {"type": "Sharrow", "n_signs": 2, "conf_max": 0.755, "classes": "{\"Sharrow\": 2}", "n_joins": 0, "gap_total_m": 0.0, "obs_len_m": 75.2, "obs_ratio": 1.0, "source": "bikelane", "members": "42", "id": 35, "length_m": 75.2}, "geometry": {"type": "LineString", "coordinates": [[314623.0625, 4706868.0], [314619.90625, 4706889.0], [314616.59375, 4706904.0], [314611.5, 4706922.0], [314604.15625, 4706940.5]]}}, {"type": "Feature", "properties": {"type": "Sharrow", "n_signs": 1, "conf_max": 0.808, "classes": "{\"Sharrow\": 1}", "n_joins": 0, "gap_total_m": 0.0, "obs_len_m": 46.3, "obs_ratio": 1.0, "source": "bikelane", "members": "43", "id": 36, "length_m": 46.3}, "geometry": {"type": "LineString", "coordinates": [[314517.4375, 4706633.5], [314508.3125, 4706618.0], [314495.09375, 4706593.0]]}}, {"type": "Feature", "properties": {"type": "Sharrow", "n_signs": 1, "conf_max": 0.663, "classes": "{\"Sharrow\": 1}", "n_joins": 0, "gap_total_m": 0.0, "obs_len_m": 79.9, "obs_ratio": 1.0, "source": "bikelane", "members": "44", "id": 37, "length_m": 79.9}, "geometry": {"type": "LineString", "coordinates": [[314852.40625, 4705186.0], [314796.4375, 4705243.0]]}}, {"type": "Feature", "properties": {"type": "BikeOnly", "n_signs": 2, "conf_max": 0.74, "classes": "{\"BikeOnly\": 2}", "n_joins": 0, "gap_total_m": 0.0, "obs_len_m": 63.0, "obs_ratio": 1.0, "source": "bikelane", "members": "45", "id": 38, "length_m": 63.0}, "geometry": {"type": "LineString", "coordinates": [[314484.59375, 4704676.0], [314469.75, 4704659.0], [314466.15625, 4704654.5], [314458.0625, 4704645.5], [314449.5, 4704634.5], [314443.8125, 4704628.0]]}}, {"type": "Feature", "properties": {"type": "BikeOnly", "n_signs": 2, "conf_max": 0.743, "classes": "{\"BikeOnly\": 2}", "n_joins": 0, "gap_total_m": 0.0, "obs_len_m": 21.3, "obs_ratio": 1.0, "source": "bikelane", "members": "46", "id": 39, "length_m": 21.3}, "geometry": {"type": "LineString", "coordinates": [[314549.25, 4704752.0], [314535.15625, 4704736.0]]}}, {"type": "Feature", "properties": {"type": "Sharrow", "n_signs": 1, "conf_max": 0.731, "classes": "{\"Sharrow\": 1}", "n_joins": 0, "gap_total_m": 0.0, "obs_len_m": 39.7, "obs_ratio": 1.0, "source": "bikelane", "members": "47", "id": 40, "length_m": 39.7}, "geometry": {"type": "LineString", "coordinates": [[314461.65625, 4701958.5], [314466.75, 4701975.5], [314469.4375, 4701987.0], [314471.25, 4701997.0]]}}, {"type": "Feature", "properties": {"type": "Sharrow", "n_signs": 2, "conf_max": 0.745, "classes": "{\"Sharrow\": 2}", "n_joins": 0, "gap_total_m": 0.0, "obs_len_m": 271.8, "obs_ratio": 1.0, "source": "bikelane", "members": "49", "id": 41, "length_m": 271.8}, "geometry": {"type": "LineString", "coordinates": [[315030.59375, 4701873.0], [315007.65625, 4701870.5], [314977.0625, 4701869.5], [314956.5, 4701870.5], [314915.6875, 4701874.0], [314901.75, 4701875.0], [314886.0, 4701875.0], [314871.90625, 4701874.0], [314854.34375, 4701872.5], [314785.0625, 4701864.0], [314759.84375, 4701862.0]]}}, {"type": "Feature", "properties": {"type": "Sharrow", "n_signs": 6, "conf_max": 0.818, "classes": "{\"Sharrow\": 6}", "n_joins": 0, "gap_total_m": 0.0, "obs_len_m": 65.0, "obs_ratio": 1.0, "source": "bikelane", "members": "50", "id": 42, "length_m": 65.0}, "geometry": {"type": "LineString", "coordinates": [[314445.90625, 4701935.0], [314430.15625, 4701904.0], [314426.6875, 4701896.0], [314424.0, 4701887.0], [314422.0625, 4701875.0]]}}, {"type": "Feature", "properties": {"type": "Sharrow", "n_signs": 1, "conf_max": 0.653, "classes": "{\"Sharrow\": 1}", "n_joins": 0, "gap_total_m": 0.0, "obs_len_m": 220.4, "obs_ratio": 1.0, "source": "bikelane", "members": "52", "id": 43, "length_m": 220.4}, "geometry": {"type": "LineString", "coordinates": [[314881.9375, 4701871.5], [314901.4375, 4701872.0], [314915.09375, 4701871.0], [314949.90625, 4701868.0], [314961.75, 4701867.0], [314998.0625, 4701867.0], [315020.6875, 4701868.5], [315040.65625, 4701871.5], [315082.5, 4701878.5], [315101.25, 4701880.0]]}}, {"type": "Feature", "properties": {"type": "Sharrow", "n_signs": 1, "conf_max": 0.72, "classes": "{\"Sharrow\": 1}", "n_joins": 0, "gap_total_m": 0.0, "obs_len_m": 160.7, "obs_ratio": 1.0, "source": "bikelane", "members": "53", "id": 44, "length_m": 160.7}, "geometry": {"type": "LineString", "coordinates": [[314719.9375, 4701268.5], [314728.65625, 4701260.0], [314741.6875, 4701245.5], [314797.34375, 4701178.0], [314811.90625, 4701161.5], [314825.5625, 4701147.5]]}}, {"type": "Feature", "properties": {"type": "Sharrow", "n_signs": 1, "conf_max": 0.808, "classes": "{\"Sharrow\": 1}", "n_joins": 0, "gap_total_m": 0.0, "obs_len_m": 37.8, "obs_ratio": 1.0, "source": "bikelane", "members": "55", "id": 45, "length_m": 37.8}, "geometry": {"type": "LineString", "coordinates": [[314664.4375, 4700114.5], [314658.4375, 4700121.5], [314651.84375, 4700131.0], [314648.25, 4700139.5], [314646.3125, 4700147.0]]}}, {"type": "Feature", "properties": {"type": "BikeOnly", "n_signs": 2, "conf_max": 0.715, "classes": "{\"BikeOnly\": 2}", "n_joins": 0, "gap_total_m": 0.0, "obs_len_m": 21.9, "obs_ratio": 1.0, "source": "bikelane", "members": "56", "id": 46, "length_m": 21.9}, "geometry": {"type": "LineString", "coordinates": [[314999.40625, 4699375.0], [314979.4375, 4699384.0]]}}, {"type": "Feature", "properties": {"type": "BikeOnly", "n_signs": 3, "conf_max": 0.715, "classes": "{\"BikeOnly\": 3}", "n_joins": 1, "gap_total_m": 4.3, "obs_len_m": 114.3, "obs_ratio": 0.963, "source": "bikelane", "members": "57,104", "id": 47, "length_m": 118.6}, "geometry": {"type": "LineString", "coordinates": [[314945.84375, 4699397.0], [314959.8125, 4699391.0], [315011.84375, 4699367.5], [315015.90625, 4699366.0], [315054.3125, 4699349.0]]}}, {"type": "Feature", "properties": {"type": "BikeOnly", "n_signs": 2, "conf_max": 0.706, "classes": "{\"BikeOnly\": 2}", "n_joins": 0, "gap_total_m": 0.0, "obs_len_m": 344.2, "obs_ratio": 1.0, "source": "bikelane", "members": "58", "id": 48, "length_m": 344.2}, "geometry": {"type": "LineString", "coordinates": [[314756.6875, 4699358.5], [314755.0625, 4699361.0], [314739.75, 4699371.0], [314697.0, 4699399.5], [314658.3125, 4699427.0], [314622.59375, 4699453.0], [314574.0, 4699490.0], [314480.25, 4699563.0]]}}, {"type": "Feature", "properties": {"type": "Sharrow", "n_signs": 2, "conf_max": 0.838, "classes": "{\"Sharrow\": 2}", "n_joins": 0, "gap_total_m": 0.0, "obs_len_m": 192.4, "obs_ratio": 1.0, "source": "bikelane", "members": "59", "id": 49, "length_m": 192.4}, "geometry": {"type": "LineString", "coordinates": [[315052.1875, 4699612.0], [315025.1875, 4699591.5], [314966.6875, 4699549.0], [314947.0625, 4699533.5], [314935.34375, 4699523.0], [314922.59375, 4699510.5], [314909.6875, 4699496.0], [314904.75, 4699489.5]]}}, {"type": "Feature", "properties": {"type": "BikeOnly", "n_signs": 2, "conf_max": 0.706, "classes": "{\"BikeOnly\": 2}", "n_joins": 0, "gap_total_m": 0.0, "obs_len_m": 348.9, "obs_ratio": 1.0, "source": "bikelane", "members": "60", "id": 50, "length_m": 348.9}, "geometry": {"type": "LineString", "coordinates": [[314483.84375, 4699566.5], [314492.84375, 4699558.5], [314507.84375, 4699546.0], [314582.09375, 4699488.5], [314635.1875, 4699448.0], [314698.1875, 4699403.0], [314743.1875, 4699373.0], [314761.5, 4699361.0], [314763.15625, 4699359.5], [314763.4375, 4699358.5]]}}, {"type": "Feature", "properties": {"type": "Sharrow", "n_signs": 19, "conf_max": 0.813, "classes": "{\"Sharrow\": 19}", "n_joins": 0, "gap_total_m": 0.0, "obs_len_m": 380.3, "obs_ratio": 1.0, "source": "bikelane", "members": "61", "id": 51, "length_m": 380.3}, "geometry": {"type": "LineString", "coordinates": [[315030.4375, 4699836.0], [315000.90625, 4699849.0], [314985.4375, 4699857.0], [314973.3125, 4699864.0], [314961.15625, 4699872.5], [314949.90625, 4699881.0], [314883.90625, 4699935.0], [314823.75, 4699983.0], [314797.9375, 4700004.5], [314725.9375, 4700061.5]]}}, {"type": "Feature", "properties": {"type": "Sharrow", "n_signs": 1, "conf_max": 0.82, "classes": "{\"Sharrow\": 1}", "n_joins": 0, "gap_total_m": 0.0, "obs_len_m": 193.3, "obs_ratio": 1.0, "source": "bikelane", "members": "62", "id": 52, "length_m": 193.3}, "geometry": {"type": "LineString", "coordinates": [[315030.59375, 4699060.0], [315014.6875, 4699053.0], [314946.3125, 4699019.5], [314873.25, 4698982.5], [314856.75, 4698975.5]]}}, {"type": "Feature", "properties": {"type": "Sharrow", "n_signs": 2, "conf_max": 0.795, "classes": "{\"Sharrow\": 2}", "n_joins": 0, "gap_total_m": 0.0, "obs_len_m": 56.3, "obs_ratio": 1.0, "source": "bikelane", "members": "63", "id": 53, "length_m": 56.3}, "geometry": {"type": "LineString", "coordinates": [[314787.4375, 4699199.0], [314803.34375, 4699253.0]]}}, {"type": "Feature", "properties": {"type": "Sharrow", "n_signs": 2, "conf_max": 0.803, "classes": "{\"Sharrow\": 2}", "n_joins": 0, "gap_total_m": 0.0, "obs_len_m": 24.1, "obs_ratio": 1.0, "source": "bikelane", "members": "64", "id": 54, "length_m": 24.1}, "geometry": {"type": "LineString", "coordinates": [[314776.9375, 4699068.0], [314775.3125, 4699092.0]]}}, {"type": "Feature", "properties": {"type": "Sharrow", "n_signs": 2, "conf_max": 0.785, "classes": "{\"Sharrow\": 2}", "n_joins": 0, "gap_total_m": 0.0, "obs_len_m": 92.6, "obs_ratio": 1.0, "source": "bikelane", "members": "65", "id": 55, "length_m": 92.6}, "geometry": {"type": "LineString", "coordinates": [[314780.25, 4699093.0], [314782.0625, 4699067.5], [314784.59375, 4699000.5]]}}, {"type": "Feature", "properties": {"type": "Sharrow", "n_signs": 1, "conf_max": 0.774, "classes": "{\"Sharrow\": 1}", "n_joins": 0, "gap_total_m": 0.0, "obs_len_m": 23.0, "obs_ratio": 1.0, "source": "bikelane", "members": "66", "id": 56, "length_m": 23.0}, "geometry": {"type": "LineString", "coordinates": [[314802.0, 4699229.5], [314807.25, 4699245.0], [314808.75, 4699251.5]]}}, {"type": "Feature", "properties": {"type": "Sharrow", "n_signs": 2, "conf_max": 0.808, "classes": "{\"Sharrow\": 2}", "n_joins": 0, "gap_total_m": 0.0, "obs_len_m": 31.5, "obs_ratio": 1.0, "source": "bikelane", "members": "67", "id": 57, "length_m": 31.5}, "geometry": {"type": "LineString", "coordinates": [[315001.34375, 4699052.0], [315030.0, 4699065.0]]}}, {"type": "Feature", "properties": {"type": "BikeOnly", "n_signs": 2, "conf_max": 0.706, "classes": "{\"BikeOnly\": 2}", "n_joins": 0, "gap_total_m": 0.0, "obs_len_m": 328.3, "obs_ratio": 1.0, "source": "bikelane", "members": "68", "id": 58, "length_m": 328.3}, "geometry": {"type": "LineString", "coordinates": [[314815.0625, 4699323.5], [314780.6875, 4699344.5], [314742.3125, 4699369.0], [314708.09375, 4699392.0], [314670.75, 4699418.0], [314636.40625, 4699442.5], [314607.4375, 4699464.5], [314549.6875, 4699509.0], [314546.6875, 4699512.0]]}}, {"type": "Feature", "properties": {"type": "Sharrow", "n_signs": 1, "conf_max": 0.774, "classes": "{\"Sharrow\": 1}", "n_joins": 0, "gap_total_m": 0.0, "obs_len_m": 33.2, "obs_ratio": 1.0, "source": "bikelane", "members": "69", "id": 59, "length_m": 33.2}, "geometry": {"type": "LineString", "coordinates": [[314796.15625, 4699203.0], [314806.5, 4699234.5]]}}, {"type": "Feature", "properties": {"type": "BikeOnly", "n_signs": 2, "conf_max": 0.706, "classes": "{\"BikeOnly\": 2}", "n_joins": 0, "gap_total_m": 0.0, "obs_len_m": 323.1, "obs_ratio": 1.0, "source": "bikelane", "members": "70", "id": 60, "length_m": 323.1}, "geometry": {"type": "LineString", "coordinates": [[314816.6875, 4699326.5], [314779.9375, 4699349.5], [314740.9375, 4699374.5], [314714.25, 4699392.5], [314674.34375, 4699420.0], [314646.0, 4699440.0], [314615.6875, 4699462.5], [314554.1875, 4699510.0], [314552.5625, 4699512.0]]}}, {"type": "Feature", "properties": {"type": "Sharrow", "n_signs": 1, "conf_max": 0.679, "classes": "{\"Sharrow\": 1}", "n_joins": 0, "gap_total_m": 0.0, "obs_len_m": 65.1, "obs_ratio": 1.0, "source": "bikelane", "members": "71", "id": 61, "length_m": 65.1}, "geometry": {"type": "LineString", "coordinates": [[314740.1875, 4705307.0], [314744.84375, 4705300.0], [314759.25, 4705282.0], [314766.4375, 4705274.0], [314782.34375, 4705257.5]]}}, {"type": "Feature", "properties": {"type": "Sharrow", "n_signs": 2, "conf_max": 0.663, "classes": "{\"Sharrow\": 2}", "n_joins": 0, "gap_total_m": 0.0, "obs_len_m": 32.9, "obs_ratio": 1.0, "source": "bikelane", "members": "72", "id": 62, "length_m": 32.9}, "geometry": {"type": "LineString", "coordinates": [[314717.40625, 4705345.0], [314697.90625, 4705371.5]]}}, {"type": "Feature", "properties": {"type": "Sharrow", "n_signs": 3, "conf_max": 0.779, "classes": "{\"Sharrow\": 3}", "n_joins": 0, "gap_total_m": 0.0, "obs_len_m": 246.3, "obs_ratio": 1.0, "source": "bikelane", "members": "73", "id": 63, "length_m": 246.3}, "geometry": {"type": "LineString", "coordinates": [[315552.59375, 4702541.0], [315541.0625, 4702522.5], [315534.90625, 4702510.5], [315527.09375, 4702493.0], [315515.40625, 4702461.5], [315493.5, 4702394.5], [315479.5625, 4702350.5], [315475.1875, 4702339.0], [315471.90625, 4702331.5], [315466.5, 4702321.0], [315461.6875, 4702313.0]]}}, {"type": "Feature", "properties": {"type": "Sharrow", "n_signs": 1, "conf_max": 0.724, "classes": "{\"Sharrow\": 1}", "n_joins": 0, "gap_total_m": 0.0, "obs_len_m": 29.6, "obs_ratio": 1.0, "source": "bikelane", "members": "74", "id": 64, "length_m": 29.6}, "geometry": {"type": "LineString", "coordinates": [[315534.59375, 4702516.5], [315540.15625, 4702527.0], [315549.59375, 4702542.0]]}}, {"type": "Feature", "properties": {"type": "Sharrow", "n_signs": 3, "conf_max": 0.802, "classes": "{\"Sharrow\": 3}", "n_joins": 0, "gap_total_m": 0.0, "obs_len_m": 80.3, "obs_ratio": 1.0, "source": "bikelane", "members": "75", "id": 65, "length_m": 80.3}, "geometry": {"type": "LineString", "coordinates": [[315569.6875, 4702566.0], [315577.9375, 4702580.5], [315584.5625, 4702595.0], [315600.4375, 4702640.0]]}}, {"type": "Feature", "properties": {"type": "Sharrow", "n_signs": 1, "conf_max": 0.748, "classes": "{\"Sharrow\": 1}", "n_joins": 0, "gap_total_m": 0.0, "obs_len_m": 27.5, "obs_ratio": 1.0, "source": "bikelane", "members": "76", "id": 66, "length_m": 27.5}, "geometry": {"type": "LineString", "coordinates": [[315447.90625, 4702299.5], [315441.3125, 4702292.0], [315428.5625, 4702280.0]]}}, {"type": "Feature", "properties": {"type": "Sharrow", "n_signs": 1, "conf_max": 0.792, "classes": "{\"Sharrow\": 1}", "n_joins": 0, "gap_total_m": 0.0, "obs_len_m": 78.7, "obs_ratio": 1.0, "source": "bikelane", "members": "77", "id": 67, "length_m": 78.7}, "geometry": {"type": "LineString", "coordinates": [[315480.4375, 4702363.0], [315487.65625, 4702386.5], [315504.4375, 4702438.0]]}}, {"type": "Feature", "properties": {"type": "Sharrow", "n_signs": 4, "conf_max": 0.783, "classes": "{\"Sharrow\": 4}", "n_joins": 0, "gap_total_m": 0.0, "obs_len_m": 44.2, "obs_ratio": 1.0, "source": "bikelane", "members": "78", "id": 68, "length_m": 44.2}, "geometry": {"type": "LineString", "coordinates": [[315564.3125, 4702563.5], [315574.9375, 4702582.0], [315579.90625, 4702592.5], [315583.9375, 4702603.0]]}}, {"type": "Feature", "properties": {"type": "Sharrow", "n_signs": 1, "conf_max": 0.792, "classes": "{\"Sharrow\": 1}", "n_joins": 0, "gap_total_m": 0.0, "obs_len_m": 42.8, "obs_ratio": 1.0, "source": "bikelane", "members": "79", "id": 69, "length_m": 42.8}, "geometry": {"type": "LineString", "coordinates": [[315450.0, 4702297.0], [315444.59375, 4702291.0], [315436.1875, 4702282.5], [315425.40625, 4702272.5], [315419.09375, 4702267.5]]}}, {"type": "Feature", "properties": {"type": "Sharrow", "n_signs": 2, "conf_max": 0.712, "classes": "{\"Sharrow\": 2}", "n_joins": 0, "gap_total_m": 0.0, "obs_len_m": 61.9, "obs_ratio": 1.0, "source": "bikelane", "members": "81", "id": 70, "length_m": 61.9}, "geometry": {"type": "LineString", "coordinates": [[315551.5625, 4701938.0], [315570.0, 4701944.0], [315609.75, 4701959.0]]}}, {"type": "Feature", "properties": {"type": "Sharrow", "n_signs": 5, "conf_max": 0.823, "classes": "{\"Sharrow\": 5}", "n_joins": 2, "gap_total_m": 15.0, "obs_len_m": 238.2, "obs_ratio": 0.941, "source": "bikelane", "members": "82,80,85", "id": 71, "length_m": 253.2}, "geometry": {"type": "LineString", "coordinates": [[315138.59375, 4701880.0], [315166.34375, 4701876.0], [315180.3125, 4701875.0], [315184.8125, 4701875.0], [315195.75, 4701875.5], [315207.15625, 4701878.0], [315223.5, 4701883.0], [315248.5625, 4701891.5], [315258.4375, 4701895.0], [315268.5, 4701899.0], [315345.59375, 4701925.5], [315365.84375, 4701931.5], [315382.0625, 4701934.5]]}}, {"type": "Feature", "properties": {"type": "Sharrow", "n_signs": 1, "conf_max": 0.793, "classes": "{\"Sharrow\": 1}", "n_joins": 0, "gap_total_m": 0.0, "obs_len_m": 67.3, "obs_ratio": 1.0, "source": "bikelane", "members": "83", "id": 72, "length_m": 67.3}, "geometry": {"type": "LineString", "coordinates": [[315547.0625, 4701934.0], [315564.75, 4701939.0], [315610.65625, 4701956.0]]}}, {"type": "Feature", "properties": {"type": "Sharrow", "n_signs": 2, "conf_max": 0.782, "classes": "{\"Sharrow\": 2}", "n_joins": 0, "gap_total_m": 0.0, "obs_len_m": 56.6, "obs_ratio": 1.0, "source": "bikelane", "members": "84", "id": 73, "length_m": 56.6}, "geometry": {"type": "LineString", "coordinates": [[315249.59375, 4701888.5], [315214.1875, 4701876.5], [315204.59375, 4701874.0], [315195.4375, 4701872.5]]}}, {"type": "Feature", "properties": {"type": "Sharrow", "n_signs": 1, "conf_max": 0.604, "classes": "{\"Sharrow\": 1}", "n_joins": 0, "gap_total_m": 0.0, "obs_len_m": 78.7, "obs_ratio": 1.0, "source": "bikelane", "members": "86", "id": 74, "length_m": 78.7}, "geometry": {"type": "LineString", "coordinates": [[315530.09375, 4701934.0], [315522.75, 4701933.5], [315502.0625, 4701933.5], [315451.5, 4701936.5]]}}, {"type": "Feature", "properties": {"type": "Sharrow", "n_signs": 6, "conf_max": 0.748, "classes": "{\"Sharrow\": 6}", "n_joins": 0, "gap_total_m": 0.0, "obs_len_m": 199.1, "obs_ratio": 1.0, "source": "bikelane", "members": "87", "id": 75, "length_m": 199.1}, "geometry": {"type": "LineString", "coordinates": [[315444.59375, 4700182.0], [315474.3125, 4700224.5], [315560.25, 4700344.0]]}}, {"type": "Feature", "properties": {"type": "Sharrow", "n_signs": 2, "conf_max": 0.795, "classes": "{\"Sharrow\": 2}", "n_joins": 0, "gap_total_m": 0.0, "obs_len_m": 56.0, "obs_ratio": 1.0, "source": "bikelane", "members": "88", "id": 76, "length_m": 56.0}, "geometry": {"type": "LineString", "coordinates": [[315579.4375, 4700370.5], [315612.15625, 4700416.0]]}}, {"type": "Feature", "properties": {"type": "Sharrow", "n_signs": 3, "conf_max": 0.81, "classes": "{\"Sharrow\": 3}", "n_joins": 0, "gap_total_m": 0.0, "obs_len_m": 81.0, "obs_ratio": 1.0, "source": "bikelane", "members": "89", "id": 77, "length_m": 81.0}, "geometry": {"type": "LineString", "coordinates": [[315337.5, 4700022.5], [315292.65625, 4699955.0]]}}, {"type": "Feature", "properties": {"type": "Sharrow", "n_signs": 6, "conf_max": 0.82, "classes": "{\"Sharrow\": 6}", "n_joins": 0, "gap_total_m": 0.0, "obs_len_m": 198.8, "obs_ratio": 1.0, "source": "bikelane", "members": "90", "id": 78, "length_m": 198.8}, "geometry": {"type": "LineString", "coordinates": [[315181.1875, 4699786.5], [315141.59375, 4699727.5], [315114.75, 4699684.5], [315100.0625, 4699662.5], [315086.6875, 4699645.0], [315078.75, 4699636.0], [315066.75, 4699624.5]]}}, {"type": "Feature", "properties": {"type": "Sharrow", "n_signs": 4, "conf_max": 0.82, "classes": "{\"Sharrow\": 4}", "n_joins": 0, "gap_total_m": 0.0, "obs_len_m": 144.5, "obs_ratio": 1.0, "source": "bikelane", "members": "91", "id": 79, "length_m": 144.5}, "geometry": {"type": "LineString", "coordinates": [[315195.3125, 4699808.0], [315275.09375, 4699928.5]]}}, {"type": "Feature", "properties": {"type": "Sharrow", "n_signs": 12, "conf_max": 0.812, "classes": "{\"Sharrow\": 12}", "n_joins": 0, "gap_total_m": 0.0, "obs_len_m": 327.0, "obs_ratio": 1.0, "source": "bikelane", "members": "92", "id": 80, "length_m": 327.0}, "geometry": {"type": "LineString", "coordinates": [[315127.1875, 4699731.5], [315121.1875, 4699737.5], [315111.90625, 4699749.5], [315094.5, 4699773.0], [315084.3125, 4699788.5], [315073.8125, 4699803.0], [315068.5625, 4699809.5], [315058.65625, 4699818.5], [315047.84375, 4699826.5], [315039.15625, 4699831.5], [315026.40625, 4699838.0], [314994.75, 4699852.0], [314978.6875, 4699860.5], [314968.1875, 4699867.5], [314951.5625, 4699879.5], [314881.34375, 4699937.0], [314880.0, 4699937.5]]}}, {"type": "Feature", "properties": {"type": "Sharrow", "n_signs": 1, "conf_max": 0.813, "classes": "{\"Sharrow\": 1}", "n_joins": 0, "gap_total_m": 0.0, "obs_len_m": 55.4, "obs_ratio": 1.0, "source": "bikelane", "members": "93", "id": 81, "length_m": 55.4}, "geometry": {"type": "LineString", "coordinates": [[315026.25, 4699054.0], [315039.59375, 4699060.0], [315049.0625, 4699063.5], [315065.25, 4699068.0], [315078.90625, 4699070.5]]}}, {"type": "Feature", "properties": {"type": "Sharrow", "n_signs": 13, "conf_max": 0.836, "classes": "{\"Sharrow\": 13}", "n_joins": 4, "gap_total_m": 49.6, "obs_len_m": 600.1, "obs_ratio": 0.924, "source": "bikelane", "members": "94,108,99,107,106", "id": 82, "length_m": 649.8}, "geometry": {"type": "LineString", "coordinates": [[315570.75, 4698810.0], [315557.25, 4698816.0], [315542.6875, 4698824.0], [315488.84375, 4698858.5], [315469.34375, 4698870.5], [315451.5, 4698882.0], [315449.25, 4698883.5], [315337.8125, 4698956.0], [315327.15625, 4698962.5], [315298.8125, 4698981.5], [315282.90625, 4698992.5], [315266.09375, 4699003.5], [315262.0625, 4699006.0], [315202.5, 4699046.0], [315181.65625, 4699059.0], [315166.8125, 4699066.0], [315155.40625, 4699070.5], [315142.65625, 4699074.0], [315131.5625, 4699076.5], [315111.75, 4699079.0], [315093.4375, 4699079.5], [315080.84375, 4699078.5], [315067.0625, 4699076.5], [315057.59375, 4699074.5], [315042.90625, 4699070.0], [315028.5, 4699064.0], [315002.25, 4699052.0]]}}, {"type": "Feature", "properties": {"type": "Sharrow", "n_signs": 10, "conf_max": 0.82, "classes": "{\"Sharrow\": 10}", "n_joins": 2, "gap_total_m": 16.5, "obs_len_m": 592.2, "obs_ratio": 0.973, "source": "bikelane", "members": "95,98,103", "id": 83, "length_m": 608.7}, "geometry": {"type": "LineString", "coordinates": [[314883.4375, 4698987.5], [314965.9375, 4699029.5], [315017.25, 4699054.0], [315037.9375, 4699063.5], [315051.15625, 4699068.0], [315068.25, 4699072.0], [315079.65625, 4699074.0], [315095.5625, 4699075.0], [315114.3125, 4699074.5], [315130.0625, 4699072.5], [315147.3125, 4699068.5], [315156.0, 4699066.0], [315165.75, 4699062.0], [315181.9375, 4699054.0], [315193.34375, 4699047.5], [315259.8125, 4699003.0], [315264.15625, 4699000.0], [315324.75, 4698959.5], [315359.25, 4698937.5], [315368.6875, 4698931.5], [315422.40625, 4698896.5]]}}, {"type": "Feature", "properties": {"type": "BikeOnly", "n_signs": 2, "conf_max": 0.78, "classes": "{\"BikeOnly\": 2}", "n_joins": 0, "gap_total_m": 0.0, "obs_len_m": 156.9, "obs_ratio": 1.0, "source": "bikelane", "members": "96", "id": 84, "length_m": 156.9}, "geometry": {"type": "LineString", "coordinates": [[315726.59375, 4699112.0], [315570.15625, 4699123.5]]}}, {"type": "Feature", "properties": {"type": "Sharrow", "n_signs": 8, "conf_max": 0.813, "classes": "{\"Sharrow\": 8}", "n_joins": 1, "gap_total_m": 9.0, "obs_len_m": 600.4, "obs_ratio": 0.985, "source": "bikelane", "members": "97,149", "id": 85, "length_m": 609.3}, "geometry": {"type": "LineString", "coordinates": [[315585.3125, 4698805.0], [315589.5, 4698803.5], [315626.6875, 4698795.0], [315773.09375, 4698761.0], [315830.5625, 4698748.5], [315854.09375, 4698744.0], [315984.90625, 4698722.5], [315993.75, 4698721.0], [316043.25, 4698712.5], [316088.84375, 4698704.0], [316182.75, 4698686.5]]}}, {"type": "Feature", "properties": {"type": "Sharrow", "n_signs": 2, "conf_max": 0.738, "classes": "{\"Sharrow\": 2}", "n_joins": 0, "gap_total_m": 0.0, "obs_len_m": 12.2, "obs_ratio": 1.0, "source": "bikelane", "members": "100", "id": 86, "length_m": 12.2}, "geometry": {"type": "LineString", "coordinates": [[315466.65625, 4698868.0], [315458.09375, 4698873.0], [315456.0, 4698874.0]]}}, {"type": "Feature", "properties": {"type": "BikeOnly", "n_signs": 1, "conf_max": 0.778, "classes": "{\"BikeOnly\": 1}", "n_joins": 0, "gap_total_m": 0.0, "obs_len_m": 57.3, "obs_ratio": 1.0, "source": "bikelane", "members": "101", "id": 87, "length_m": 57.3}, "geometry": {"type": "LineString", "coordinates": [[315196.65625, 4699286.5], [315180.3125, 4699294.0], [315144.15625, 4699309.5]]}}, {"type": "Feature", "properties": {"type": "BikeOnly", "n_signs": 4, "conf_max": 0.678, "classes": "{\"BikeOnly\": 4}", "n_joins": 0, "gap_total_m": 0.0, "obs_len_m": 126.7, "obs_ratio": 1.0, "source": "bikelane", "members": "102", "id": 88, "length_m": 126.7}, "geometry": {"type": "LineString", "coordinates": [[315225.0, 4699261.0], [315242.6875, 4699250.0], [315255.4375, 4699241.0], [315326.25, 4699185.0]]}}, {"type": "Feature", "properties": {"type": "Sharrow", "n_signs": 13, "conf_max": 0.825, "classes": "{\"Sharrow\": 13}", "n_joins": 3, "gap_total_m": 54.8, "obs_len_m": 663.3, "obs_ratio": 0.924, "source": "bikelane", "members": "105,150,152,151", "id": 89, "length_m": 718.1}, "geometry": {"type": "LineString", "coordinates": [[315489.75, 4698853.0], [315542.25, 4698819.5], [315554.09375, 4698813.5], [315570.90625, 4698806.0], [315582.15625, 4698802.0], [315593.6875, 4698798.5], [315686.40625, 4698777.5], [315707.84375, 4698772.0], [315827.5625, 4698745.0], [315853.9375, 4698740.0], [315887.5625, 4698734.5], [315911.25, 4698730.5], [315984.4375, 4698718.5], [315993.0, 4698717.0], [316032.59375, 4698710.5], [316088.09375, 4698700.0], [316182.3125, 4698682.5]]}}, {"type": "Feature", "properties": {"type": "Sharrow", "n_signs": 1, "conf_max": 0.762, "classes": "{\"Sharrow\": 1}", "n_joins": 0, "gap_total_m": 0.0, "obs_len_m": 20.9, "obs_ratio": 1.0, "source": "bikelane", "members": "109", "id": 90, "length_m": 20.9}, "geometry": {"type": "LineString", "coordinates": [[315744.59375, 4706330.5], [315760.5, 4706317.0]]}}, {"type": "Feature", "properties": {"type": "Sharrow", "n_signs": 1, "conf_max": 0.8, "classes": "{\"Sharrow\": 1}", "n_joins": 0, "gap_total_m": 0.0, "obs_len_m": 47.1, "obs_ratio": 1.0, "source": "bikelane", "members": "110", "id": 91, "length_m": 47.1}, "geometry": {"type": "LineString", "coordinates": [[315759.0, 4706313.5], [315747.15625, 4706324.5], [315723.15625, 4706344.0]]}}, {"type": "Feature", "properties": {"type": "Sharrow", "n_signs": 2, "conf_max": 0.795, "classes": "{\"Sharrow\": 2}", "n_joins": 0, "gap_total_m": 0.0, "obs_len_m": 61.4, "obs_ratio": 1.0, "source": "bikelane", "members": "111", "id": 92, "length_m": 61.4}, "geometry": {"type": "LineString", "coordinates": [[315932.6875, 4705050.5], [315928.8125, 4705064.5], [315922.34375, 4705081.5], [315915.59375, 4705096.0], [315909.3125, 4705107.0]]}}, {"type": "Feature", "properties": {"type": "Sharrow", "n_signs": 4, "conf_max": 0.692, "classes": "{\"Sharrow\": 4}", "n_joins": 0, "gap_total_m": 0.0, "obs_len_m": 31.8, "obs_ratio": 1.0, "source": "bikelane", "members": "112", "id": 93, "length_m": 31.8}, "geometry": {"type": "LineString", "coordinates": [[315916.5, 4705132.0], [315943.9375, 4705148.0]]}}, {"type": "Feature", "properties": {"type": "Sharrow", "n_signs": 4, "conf_max": 0.759, "classes": "{\"Sharrow\": 4}", "n_joins": 0, "gap_total_m": 0.0, "obs_len_m": 240.0, "obs_ratio": 1.0, "source": "bikelane", "members": "113", "id": 94, "length_m": 240.0}, "geometry": {"type": "LineString", "coordinates": [[316182.90625, 4704611.0], [316169.5625, 4704622.0], [316138.34375, 4704645.5], [316125.90625, 4704655.5], [316080.90625, 4704695.0], [316068.59375, 4704707.5], [316053.4375, 4704724.5], [316015.0625, 4704770.0], [316010.5625, 4704776.5]]}}, {"type": "Feature", "properties": {"type": "Sharrow", "n_signs": 4, "conf_max": 0.795, "classes": "{\"Sharrow\": 4}", "n_joins": 0, "gap_total_m": 0.0, "obs_len_m": 359.0, "obs_ratio": 1.0, "source": "bikelane", "members": "114", "id": 95, "length_m": 359.0}, "geometry": {"type": "LineString", "coordinates": [[315957.75, 4704874.0], [315963.4375, 4704853.5], [315968.84375, 4704840.0], [315978.0, 4704822.0], [315990.4375, 4704800.0], [316001.25, 4704782.5], [316010.84375, 4704769.5], [316045.0625, 4704728.0], [316058.09375, 4704713.0], [316069.34375, 4704701.5], [316088.6875, 4704682.5], [316103.5625, 4704669.5], [316135.8125, 4704643.0], [316167.3125, 4704619.0], [316183.9375, 4704605.5], [316185.4375, 4704605.0]]}}, {"type": "Feature", "properties": {"type": "Sharrow", "n_signs": 1, "conf_max": 0.793, "classes": "{\"Sharrow\": 1}", "n_joins": 0, "gap_total_m": 0.0, "obs_len_m": 259.6, "obs_ratio": 1.0, "source": "bikelane", "members": "115", "id": 96, "length_m": 259.6}, "geometry": {"type": "LineString", "coordinates": [[315773.5625, 4703702.0], [315786.59375, 4703658.5], [315797.5625, 4703628.0], [315819.4375, 4703579.0], [315872.6875, 4703462.5]]}}, {"type": "Feature", "properties": {"type": "BikeOnly", "n_signs": 2, "conf_max": 0.646, "classes": "{\"BikeOnly\": 2}", "n_joins": 0, "gap_total_m": 0.0, "obs_len_m": 13.1, "obs_ratio": 1.0, "source": "bikelane", "members": "116", "id": 97, "length_m": 13.1}, "geometry": {"type": "LineString", "coordinates": [[316184.40625, 4702855.0], [316191.59375, 4702844.0]]}}, {"type": "Feature", "properties": {"type": "BikeOnly", "n_signs": 2, "conf_max": 0.78, "classes": "{\"BikeOnly\": 2}", "n_joins": 1, "gap_total_m": 11.7, "obs_len_m": 97.9, "obs_ratio": 0.894, "source": "bikelane", "members": "117,121", "id": 98, "length_m": 109.5}, "geometry": {"type": "LineString", "coordinates": [[316101.90625, 4702980.5], [316136.84375, 4702926.5], [316142.84375, 4702916.5], [316161.3125, 4702888.5]]}}, {"type": "Feature", "properties": {"type": "BikeOnly", "n_signs": 4, "conf_max": 0.785, "classes": "{\"BikeOnly\": 4}", "n_joins": 1, "gap_total_m": 5.9, "obs_len_m": 77.3, "obs_ratio": 0.929, "source": "bikelane", "members": "118,122", "id": 99, "length_m": 83.2}, "geometry": {"type": "LineString", "coordinates": [[316168.34375, 4702895.5], [316148.84375, 4702926.0], [316145.6875, 4702931.0], [316123.34375, 4702965.5]]}}, {"type": "Feature", "properties": {"type": "Sharrow", "n_signs": 3, "conf_max": 0.815, "classes": "{\"Sharrow\": 3}", "n_joins": 0, "gap_total_m": 0.0, "obs_len_m": 96.9, "obs_ratio": 1.0, "source": "bikelane", "members": "119", "id": 100, "length_m": 96.9}, "geometry": {"type": "LineString", "coordinates": [[316163.84375, 4702869.5], [316156.1875, 4702862.0], [316150.65625, 4702855.0], [316147.5, 4702849.5], [316135.8125, 4702827.0], [316129.1875, 4702816.5], [316119.4375, 4702802.5], [316109.25, 4702790.0]]}}, {"type": "Feature", "properties": {"type": "Sharrow", "n_signs": 4, "conf_max": 0.776, "classes": "{\"Sharrow\": 4}", "n_joins": 0, "gap_total_m": 0.0, "obs_len_m": 421.6, "obs_ratio": 1.0, "source": "bikelane", "members": "120", "id": 101, "length_m": 421.6}, "geometry": {"type": "LineString", "coordinates": [[316176.4375, 4702871.0], [316201.5, 4702835.0], [316291.5, 4702709.0], [316303.9375, 4702691.0], [316313.09375, 4702676.0], [316344.15625, 4702620.0], [316369.65625, 4702572.5], [316382.40625, 4702552.0], [316401.90625, 4702515.5]]}}, {"type": "Feature", "properties": {"type": "BikeOnly", "n_signs": 4, "conf_max": 0.777, "classes": "{\"BikeOnly\": 4}", "n_joins": 0, "gap_total_m": 0.0, "obs_len_m": 33.6, "obs_ratio": 1.0, "source": "bikelane", "members": "123", "id": 102, "length_m": 33.6}, "geometry": {"type": "LineString", "coordinates": [[316040.5625, 4703075.0], [316022.6875, 4703103.5]]}}, {"type": "Feature", "properties": {"type": "Sharrow", "n_signs": 2, "conf_max": 0.807, "classes": "{\"Sharrow\": 2}", "n_joins": 0, "gap_total_m": 0.0, "obs_len_m": 124.7, "obs_ratio": 1.0, "source": "bikelane", "members": "124", "id": 103, "length_m": 124.7}, "geometry": {"type": "LineString", "coordinates": [[316161.4375, 4702872.0], [316153.9375, 4702864.5], [316148.09375, 4702857.0], [316144.1875, 4702850.5], [316130.84375, 4702825.5], [316122.59375, 4702812.5], [316116.90625, 4702805.0], [316109.6875, 4702796.0], [316101.90625, 4702787.5], [316093.8125, 4702779.5], [316086.59375, 4702773.5]]}}, {"type": "Feature", "properties": {"type": "Sharrow", "n_signs": 1, "conf_max": 0.672, "classes": "{\"Sharrow\": 1}", "n_joins": 0, "gap_total_m": 0.0, "obs_len_m": 23.9, "obs_ratio": 1.0, "source": "bikelane", "members": "125", "id": 104, "length_m": 23.9}, "geometry": {"type": "LineString", "coordinates": [[315666.90625, 4702743.5], [315656.40625, 4702733.0], [315650.6875, 4702726.0]]}}, {"type": "Feature", "properties": {"type": "Sharrow", "n_signs": 2, "conf_max": 0.708, "classes": "{\"Sharrow\": 2}", "n_joins": 0, "gap_total_m": 0.0, "obs_len_m": 24.0, "obs_ratio": 1.0, "source": "bikelane", "members": "126", "id": 105, "length_m": 24.0}, "geometry": {"type": "LineString", "coordinates": [[315652.9375, 4702724.0], [315669.3125, 4702741.5]]}}, {"type": "Feature", "properties": {"type": "Sharrow", "n_signs": 2, "conf_max": 0.726, "classes": "{\"Sharrow\": 2}", "n_joins": 0, "gap_total_m": 0.0, "obs_len_m": 50.9, "obs_ratio": 1.0, "source": "bikelane", "members": "127", "id": 106, "length_m": 50.9}, "geometry": {"type": "LineString", "coordinates": [[315852.59375, 4702789.0], [315842.09375, 4702793.0], [315828.59375, 4702796.5], [315814.34375, 4702798.0], [315802.9375, 4702798.0]]}}, {"type": "Feature", "properties": {"type": "Sharrow", "n_signs": 1, "conf_max": 0.695, "classes": "{\"Sharrow\": 1}", "n_joins": 0, "gap_total_m": 0.0, "obs_len_m": 21.5, "obs_ratio": 1.0, "source": "bikelane", "members": "128", "id": 107, "length_m": 21.5}, "geometry": {"type": "LineString", "coordinates": [[315711.0, 4702774.0], [315719.84375, 4702777.5], [315731.09375, 4702781.5]]}}, {"type": "Feature", "properties": {"type": "BikeOnly", "n_signs": 5, "conf_max": 0.748, "classes": "{\"BikeOnly\": 5}", "n_joins": 1, "gap_total_m": 8.3, "obs_len_m": 289.0, "obs_ratio": 0.972, "source": "bikelane", "members": "130,178", "id": 108, "length_m": 297.2}, "geometry": {"type": "LineString", "coordinates": [[316057.65625, 4702186.5], [316067.84375, 4702197.0], [316098.90625, 4702223.5], [316105.0625, 4702229.0], [316192.34375, 4702303.5], [316217.6875, 4702326.5], [316243.34375, 4702352.0], [316276.1875, 4702387.5]]}}, {"type": "Feature", "properties": {"type": "BikeOnly", "n_signs": 1, "conf_max": 0.606, "classes": "{\"BikeOnly\": 1}", "n_joins": 0, "gap_total_m": 0.0, "obs_len_m": 34.0, "obs_ratio": 1.0, "source": "bikelane", "members": "131", "id": 109, "length_m": 34.0}, "geometry": {"type": "LineString", "coordinates": [[316035.59375, 4702122.5], [316036.0625, 4702088.5]]}}, {"type": "Feature", "properties": {"type": "Sharrow", "n_signs": 4, "conf_max": 0.808, "classes": "{\"Sharrow\": 4}", "n_joins": 0, "gap_total_m": 0.0, "obs_len_m": 153.0, "obs_ratio": 1.0, "source": "bikelane", "members": "132", "id": 110, "length_m": 153.0}, "geometry": {"type": "LineString", "coordinates": [[315785.6875, 4702007.0], [315934.65625, 4702042.0]]}}, {"type": "Feature", "properties": {"type": "BikeOnly", "n_signs": 4, "conf_max": 0.698, "classes": "{\"BikeOnly\": 4}", "n_joins": 0, "gap_total_m": 0.0, "obs_len_m": 37.0, "obs_ratio": 1.0, "source": "bikelane", "members": "133", "id": 111, "length_m": 37.0}, "geometry": {"type": "LineString", "coordinates": [[316038.3125, 4702040.5], [316039.0625, 4702011.5], [316038.75, 4702003.5]]}}, {"type": "Feature", "properties": {"type": "Sharrow", "n_signs": 5, "conf_max": 0.825, "classes": "{\"Sharrow\": 5}", "n_joins": 1, "gap_total_m": 23.1, "obs_len_m": 141.1, "obs_ratio": 0.859, "source": "bikelane", "members": "134,135", "id": 112, "length_m": 164.2}, "geometry": {"type": "LineString", "coordinates": [[316000.8125, 4702061.5], [315969.75, 4702054.0], [315947.40625, 4702048.0], [315924.0, 4702042.5], [315919.0625, 4702042.0], [315916.34375, 4702041.0], [315909.59375, 4702039.5], [315907.0625, 4702038.5], [315841.1875, 4702023.5]]}}, {"type": "Feature", "properties": {"type": "BikeOnly", "n_signs": 2, "conf_max": 0.754, "classes": "{\"BikeOnly\": 2}", "n_joins": 0, "gap_total_m": 0.0, "obs_len_m": 69.8, "obs_ratio": 1.0, "source": "bikelane", "members": "136", "id": 113, "length_m": 69.8}, "geometry": {"type": "LineString", "coordinates": [[316124.09375, 4702097.5], [316056.75, 4702079.0]]}}, {"type": "Feature", "properties": {"type": "Sharrow", "n_signs": 1, "conf_max": 0.719, "classes": "{\"Sharrow\": 1}", "n_joins": 0, "gap_total_m": 0.0, "obs_len_m": 60.6, "obs_ratio": 1.0, "source": "bikelane", "members": "137", "id": 114, "length_m": 60.6}, "geometry": {"type": "LineString", "coordinates": [[315759.90625, 4702002.5], [315722.84375, 4701994.5], [315700.9375, 4701988.5]]}}, {"type": "Feature", "properties": {"type": "BikeOnly", "n_signs": 4, "conf_max": 0.698, "classes": "{\"BikeOnly\": 4}", "n_joins": 0, "gap_total_m": 0.0, "obs_len_m": 31.0, "obs_ratio": 1.0, "source": "bikelane", "members": "138", "id": 115, "length_m": 31.0}, "geometry": {"type": "LineString", "coordinates": [[316037.25, 4702009.0], [316036.65625, 4702016.0], [316036.1875, 4702040.0]]}}, {"type": "Feature", "properties": {"type": "Sharrow", "n_signs": 6, "conf_max": 0.817, "classes": "{\"Sharrow\": 6}", "n_joins": 1, "gap_total_m": 5.5, "obs_len_m": 171.9, "obs_ratio": 0.969, "source": "bikelane", "members": "139,141", "id": 116, "length_m": 177.4}, "geometry": {"type": "LineString", "coordinates": [[315915.90625, 4706050.0], [315918.3125, 4706028.5], [315922.8125, 4705966.0], [315923.09375, 4705960.5], [315926.84375, 4705873.0]]}}, {"type": "Feature", "properties": {"type": "Sharrow", "n_signs": 2, "conf_max": 0.793, "classes": "{\"Sharrow\": 2}", "n_joins": 0, "gap_total_m": 0.0, "obs_len_m": 96.7, "obs_ratio": 1.0, "source": "bikelane", "members": "140", "id": 117, "length_m": 96.7}, "geometry": {"type": "LineString", "coordinates": [[315927.4375, 4705729.0], [315930.15625, 4705757.0], [315930.90625, 4705784.0], [315929.6875, 4705807.5], [315929.6875, 4705825.5]]}}, {"type": "Feature", "properties": {"type": "Sharrow", "n_signs": 3, "conf_max": 0.81, "classes": "{\"Sharrow\": 3}", "n_joins": 0, "gap_total_m": 0.0, "obs_len_m": 114.4, "obs_ratio": 1.0, "source": "bikelane", "members": "142", "id": 118, "length_m": 114.4}, "geometry": {"type": "LineString", "coordinates": [[315924.4375, 4705735.5], [315922.0625, 4705718.5], [315917.09375, 4705694.0], [315915.15625, 4705687.5], [315908.5625, 4705659.0], [315899.40625, 4705624.0]]}}, {"type": "Feature", "properties": {"type": "BikeOnly", "n_signs": 1, "conf_max": 0.606, "classes": "{\"BikeOnly\": 1}", "n_joins": 0, "gap_total_m": 0.0, "obs_len_m": 43.6, "obs_ratio": 1.0, "source": "bikelane", "members": "143", "id": 119, "length_m": 43.6}, "geometry": {"type": "LineString", "coordinates": [[316168.34375, 4699135.0], [316156.65625, 4699131.0], [316127.5625, 4699119.5]]}}, {"type": "Feature", "properties": {"type": "Sharrow", "n_signs": 2, "conf_max": 0.76, "classes": "{\"Sharrow\": 2}", "n_joins": 0, "gap_total_m": 0.0, "obs_len_m": 37.1, "obs_ratio": 1.0, "source": "bikelane", "members": "145", "id": 120, "length_m": 37.1}, "geometry": {"type": "LineString", "coordinates": [[315827.25, 4699149.5], [315824.40625, 4699112.5]]}}, {"type": "Feature", "properties": {"type": "BikeOnly", "n_signs": 7, "conf_max": 0.776, "classes": "{\"BikeOnly\": 7}", "n_joins": 3, "gap_total_m": 18.6, "obs_len_m": 267.3, "obs_ratio": 0.935, "source": "bikelane", "members": "146,144,200,197", "id": 121, "length_m": 286.0}, "geometry": {"type": "LineString", "coordinates": [[316069.8125, 4699107.5], [316088.40625, 4699113.5], [316158.4375, 4699140.5], [316161.59375, 4699141.5], [316177.0625, 4699147.0], [316195.34375, 4699152.0], [316226.09375, 4699159.5], [316231.0625, 4699160.0], [316250.5625, 4699163.0], [316261.65625, 4699164.0], [316272.0, 4699164.0], [316284.90625, 4699164.0], [316300.9375, 4699163.0], [316346.40625, 4699157.0]]}}, {"type": "Feature", "properties": {"type": "Sharrow", "n_signs": 5, "conf_max": 0.724, "classes": "{\"Sharrow\": 5}", "n_joins": 0, "gap_total_m": 0.0, "obs_len_m": 37.6, "obs_ratio": 1.0, "source": "bikelane", "members": "147", "id": 122, "length_m": 37.6}, "geometry": {"type": "LineString", "coordinates": [[315832.34375, 4699113.0], [315833.6875, 4699129.0], [315833.5625, 4699135.0], [315834.90625, 4699150.5]]}}, {"type": "Feature", "properties": {"type": "BikeOnly", "n_signs": 3, "conf_max": 0.755, "classes": "{\"BikeOnly\": 3}", "n_joins": 0, "gap_total_m": 0.0, "obs_len_m": 184.8, "obs_ratio": 1.0, "source": "bikelane", "members": "148", "id": 123, "length_m": 184.8}, "geometry": {"type": "LineString", "coordinates": [[315840.4375, 4699104.0], [315967.0625, 4699095.0], [315993.75, 4699095.0], [316005.15625, 4699095.5], [316024.8125, 4699097.5]]}}, {"type": "Feature", "properties": {"type": "Sharrow", "n_signs": 2, "conf_max": 0.832, "classes": "{\"Sharrow\": 2}", "n_joins": 1, "gap_total_m": 23.5, "obs_len_m": 87.7, "obs_ratio": 0.789, "source": "bikelane", "members": "153,154", "id": 124, "length_m": 111.2}, "geometry": {"type": "LineString", "coordinates": [[315845.5625, 4705443.5], [315859.5, 4705490.5], [315866.25, 4705513.0], [315877.65625, 4705550.0]]}}, {"type": "Feature", "properties": {"type": "Sharrow", "n_signs": 1, "conf_max": 0.785, "classes": "{\"Sharrow\": 1}", "n_joins": 0, "gap_total_m": 0.0, "obs_len_m": 48.7, "obs_ratio": 1.0, "source": "bikelane", "members": "155", "id": 125, "length_m": 48.7}, "geometry": {"type": "LineString", "coordinates": [[315921.3125, 4705697.5], [315910.5, 4705650.0]]}}, {"type": "Feature", "properties": {"type": "Sharrow", "n_signs": 2, "conf_max": 0.804, "classes": "{\"Sharrow\": 2}", "n_joins": 0, "gap_total_m": 0.0, "obs_len_m": 143.3, "obs_ratio": 1.0, "source": "bikelane", "members": "156", "id": 126, "length_m": 143.3}, "geometry": {"type": "LineString", "coordinates": [[316662.15625, 4706983.0], [316674.3125, 4706980.0], [316688.09375, 4706978.5], [316726.34375, 4706978.0], [316743.0, 4706976.5], [316758.59375, 4706973.5], [316789.5, 4706963.0], [316797.3125, 4706961.0], [316802.6875, 4706960.5]]}}, {"type": "Feature", "properties": {"type": "BikeOnly", "n_signs": 1, "conf_max": 0.733, "classes": "{\"BikeOnly\": 1}", "n_joins": 0, "gap_total_m": 0.0, "obs_len_m": 66.9, "obs_ratio": 1.0, "source": "bikelane", "members": "157", "id": 127, "length_m": 66.9}, "geometry": {"type": "LineString", "coordinates": [[316709.84375, 4706791.0], [316747.9375, 4706736.0]]}}, {"type": "Feature", "properties": {"type": "Sharrow", "n_signs": 5, "conf_max": 0.813, "classes": "{\"Sharrow\": 5}", "n_joins": 1, "gap_total_m": 13.2, "obs_len_m": 385.6, "obs_ratio": 0.967, "source": "bikelane", "members": "158,159", "id": 128, "length_m": 398.9}, "geometry": {"type": "LineString", "coordinates": [[316298.5625, 4704451.0], [316279.8125, 4704485.0], [316258.9375, 4704519.5], [316243.5, 4704541.0], [316221.59375, 4704568.5], [316212.90625, 4704578.5], [316196.6875, 4704594.5], [316183.1875, 4704606.5], [316168.0625, 4704618.5], [316148.5625, 4704633.0], [316125.0, 4704651.5], [316109.84375, 4704664.0], [316090.0625, 4704681.5], [316076.5625, 4704694.0], [316064.5625, 4704706.5], [316048.34375, 4704724.0], [316034.25, 4704741.0], [316032.0, 4704742.5]]}}, {"type": "Feature", "properties": {"type": "Sharrow", "n_signs": 4, "conf_max": 0.759, "classes": "{\"Sharrow\": 4}", "n_joins": 0, "gap_total_m": 0.0, "obs_len_m": 242.0, "obs_ratio": 1.0, "source": "bikelane", "members": "160", "id": 129, "length_m": 242.0}, "geometry": {"type": "LineString", "coordinates": [[316209.75, 4704586.5], [316197.0, 4704599.0], [316185.59375, 4704609.0], [316167.0, 4704624.0], [316147.9375, 4704638.0], [316143.0, 4704642.5], [316123.34375, 4704658.5], [316120.5, 4704660.0], [316117.65625, 4704663.5], [316113.75, 4704666.0], [316084.34375, 4704692.0], [316062.75, 4704714.0], [316034.09375, 4704747.5], [316032.0, 4704749.5]]}}, {"type": "Feature", "properties": {"type": "Sharrow", "n_signs": 2, "conf_max": 0.737, "classes": "{\"Sharrow\": 2}", "n_joins": 0, "gap_total_m": 0.0, "obs_len_m": 37.7, "obs_ratio": 1.0, "source": "bikelane", "members": "161", "id": 130, "length_m": 37.7}, "geometry": {"type": "LineString", "coordinates": [[316301.25, 4704452.5], [316283.09375, 4704485.5]]}}, {"type": "Feature", "properties": {"type": "Sharrow", "n_signs": 2, "conf_max": 0.831, "classes": "{\"Sharrow\": 2}", "n_joins": 0, "gap_total_m": 0.0, "obs_len_m": 40.7, "obs_ratio": 1.0, "source": "bikelane", "members": "162", "id": 131, "length_m": 40.7}, "geometry": {"type": "LineString", "coordinates": [[316368.3125, 4704340.0], [316359.0, 4704353.0], [316345.1875, 4704373.5]]}}, {"type": "Feature", "properties": {"type": "Sharrow", "n_signs": 5, "conf_max": 0.838, "classes": "{\"Sharrow\": 5}", "n_joins": 1, "gap_total_m": 6.9, "obs_len_m": 141.8, "obs_ratio": 0.953, "source": "bikelane", "members": "163,165", "id": 132, "length_m": 148.7}, "geometry": {"type": "LineString", "coordinates": [[316295.6875, 4702981.5], [316228.65625, 4702925.0], [316223.40625, 4702920.5], [316180.9375, 4702887.0]]}}, {"type": "Feature", "properties": {"type": "Sharrow", "n_signs": 3, "conf_max": 0.779, "classes": "{\"Sharrow\": 3}", "n_joins": 0, "gap_total_m": 0.0, "obs_len_m": 105.2, "obs_ratio": 1.0, "source": "bikelane", "members": "164", "id": 133, "length_m": 105.2}, "geometry": {"type": "LineString", "coordinates": [[316520.25, 4703167.5], [316547.6875, 4703190.5], [316602.59375, 4703233.0]]}}, {"type": "Feature", "properties": {"type": "Sharrow", "n_signs": 4, "conf_max": 0.793, "classes": "{\"Sharrow\": 4}", "n_joins": 0, "gap_total_m": 0.0, "obs_len_m": 91.2, "obs_ratio": 1.0, "source": "bikelane", "members": "166", "id": 134, "length_m": 91.2}, "geometry": {"type": "LineString", "coordinates": [[316396.65625, 4703064.5], [316467.4375, 4703122.0]]}}, {"type": "Feature", "properties": {"type": "BikeOnly", "n_signs": 2, "conf_max": 0.657, "classes": "{\"BikeOnly\": 2}", "n_joins": 0, "gap_total_m": 0.0, "obs_len_m": 63.0, "obs_ratio": 1.0, "source": "bikelane", "members": "167", "id": 135, "length_m": 63.0}, "geometry": {"type": "LineString", "coordinates": [[316225.34375, 4702814.5], [316188.4375, 4702865.5]]}}, {"type": "Feature", "properties": {"type": "Sharrow", "n_signs": 10, "conf_max": 0.801, "classes": "{\"Sharrow\": 10}", "n_joins": 2, "gap_total_m": 27.0, "obs_len_m": 261.7, "obs_ratio": 0.907, "source": "bikelane", "members": "168,169,171", "id": 136, "length_m": 288.7}, "geometry": {"type": "LineString", "coordinates": [[316298.25, 4702988.0], [316333.8125, 4703017.0], [316345.8125, 4703027.0], [316451.09375, 4703112.5], [316474.8125, 4703132.5], [316483.34375, 4703140.0], [316520.6875, 4703172.0]]}}, {"type": "Feature", "properties": {"type": "Sharrow", "n_signs": 1, "conf_max": 0.649, "classes": "{\"Sharrow\": 1}", "n_joins": 0, "gap_total_m": 0.0, "obs_len_m": 75.8, "obs_ratio": 1.0, "source": "bikelane", "members": "170", "id": 137, "length_m": 75.8}, "geometry": {"type": "LineString", "coordinates": [[316600.34375, 4703235.5], [316540.8125, 4703188.5]]}}, {"type": "Feature", "properties": {"type": "Sharrow", "n_signs": 3, "conf_max": 0.786, "classes": "{\"Sharrow\": 3}", "n_joins": 0, "gap_total_m": 0.0, "obs_len_m": 43.1, "obs_ratio": 1.0, "source": "bikelane", "members": "172", "id": 138, "length_m": 43.1}, "geometry": {"type": "LineString", "coordinates": [[316399.1875, 4702513.5], [316378.9375, 4702551.5]]}}, {"type": "Feature", "properties": {"type": "BikeOnly", "n_signs": 1, "conf_max": 0.748, "classes": "{\"BikeOnly\": 1}", "n_joins": 0, "gap_total_m": 0.0, "obs_len_m": 82.0, "obs_ratio": 1.0, "source": "bikelane", "members": "173", "id": 139, "length_m": 82.0}, "geometry": {"type": "LineString", "coordinates": [[316222.0625, 4702327.5], [316256.84375, 4702363.0], [316278.4375, 4702387.0]]}}, {"type": "Feature", "properties": {"type": "BikeOnly", "n_signs": 2, "conf_max": 0.802, "classes": "{\"BikeOnly\": 2}", "n_joins": 0, "gap_total_m": 0.0, "obs_len_m": 37.3, "obs_ratio": 1.0, "source": "bikelane", "members": "174", "id": 140, "length_m": 37.3}, "geometry": {"type": "LineString", "coordinates": [[316275.4375, 4702744.5], [316296.90625, 4702714.0]]}}, {"type": "Feature", "properties": {"type": "BikeOnly", "n_signs": 5, "conf_max": 0.798, "classes": "{\"BikeOnly\": 5}", "n_joins": 0, "gap_total_m": 0.0, "obs_len_m": 79.4, "obs_ratio": 1.0, "source": "bikelane", "members": "175", "id": 141, "length_m": 79.4}, "geometry": {"type": "LineString", "coordinates": [[316308.3125, 4702678.5], [316304.40625, 4702685.5], [316293.59375, 4702701.5], [316285.65625, 4702712.0], [316263.59375, 4702744.0]]}}, {"type": "Feature", "properties": {"type": "BikeOnly", "n_signs": 1, "conf_max": 0.802, "classes": "{\"BikeOnly\": 1}", "n_joins": 0, "gap_total_m": 0.0, "obs_len_m": 23.8, "obs_ratio": 1.0, "source": "bikelane", "members": "176", "id": 142, "length_m": 23.8}, "geometry": {"type": "LineString", "coordinates": [[316249.9375, 4702762.0], [316236.3125, 4702781.5]]}}, {"type": "Feature", "properties": {"type": "BikeOnly", "n_signs": 10, "conf_max": 0.771, "classes": "{\"BikeOnly\": 10}", "n_joins": 3, "gap_total_m": 15.0, "obs_len_m": 354.4, "obs_ratio": 0.959, "source": "bikelane", "members": "177,179,129,183", "id": 143, "length_m": 369.4}, "geometry": {"type": "LineString", "coordinates": [[316295.25, 4702420.0], [316285.1875, 4702410.5], [316269.90625, 4702393.5], [316267.34375, 4702391.0], [316241.09375, 4702363.0], [316215.75, 4702337.5], [316193.09375, 4702316.0], [316166.5625, 4702293.5], [316163.09375, 4702290.0], [316099.1875, 4702235.0], [316094.09375, 4702231.0], [316066.1875, 4702207.0], [316053.15625, 4702194.5], [316048.5, 4702189.0], [316042.8125, 4702181.0], [316038.0, 4702173.5], [316032.90625, 4702163.5], [316032.0, 4702163.0]]}}, {"type": "Feature", "properties": {"type": "Sharrow", "n_signs": 4, "conf_max": 0.684, "classes": "{\"Sharrow\": 4}", "n_joins": 0, "gap_total_m": 0.0, "obs_len_m": 67.3, "obs_ratio": 1.0, "source": "bikelane", "members": "180", "id": 144, "length_m": 67.3}, "geometry": {"type": "LineString", "coordinates": [[316623.3125, 4702221.5], [316635.4375, 4702252.0], [316649.40625, 4702283.5]]}}, {"type": "Feature", "properties": {"type": "Sharrow", "n_signs": 5, "conf_max": 0.778, "classes": "{\"Sharrow\": 5}", "n_joins": 1, "gap_total_m": 23.7, "obs_len_m": 87.8, "obs_ratio": 0.787, "source": "bikelane", "members": "181,188", "id": 145, "length_m": 111.5}, "geometry": {"type": "LineString", "coordinates": [[316681.5, 4701967.0], [316712.40625, 4701944.0], [316731.15625, 4701929.5], [316770.59375, 4701900.0]]}}, {"type": "Feature", "properties": {"type": "Sharrow", "n_signs": 1, "conf_max": 0.727, "classes": "{\"Sharrow\": 1}", "n_joins": 0, "gap_total_m": 0.0, "obs_len_m": 28.1, "obs_ratio": 1.0, "source": "bikelane", "members": "182", "id": 146, "length_m": 28.1}, "geometry": {"type": "LineString", "coordinates": [[316588.65625, 4702136.0], [316590.15625, 4702125.5], [316594.34375, 4702108.5]]}}, {"type": "Feature", "properties": {"type": "Sharrow", "n_signs": 2, "conf_max": 0.726, "classes": "{\"Sharrow\": 2}", "n_joins": 0, "gap_total_m": 0.0, "obs_len_m": 23.4, "obs_ratio": 1.0, "source": "bikelane", "members": "184", "id": 147, "length_m": 23.4}, "geometry": {"type": "LineString", "coordinates": [[316614.0, 4702052.0], [316607.6875, 4702074.5]]}}, {"type": "Feature", "properties": {"type": "Sharrow", "n_signs": 2, "conf_max": 0.683, "classes": "{\"Sharrow\": 2}", "n_joins": 0, "gap_total_m": 0.0, "obs_len_m": 45.1, "obs_ratio": 1.0, "source": "bikelane", "members": "185", "id": 148, "length_m": 45.1}, "geometry": {"type": "LineString", "coordinates": [[316665.90625, 4701983.0], [316646.5625, 4701997.0], [316637.84375, 4702004.5], [316631.09375, 4702011.5]]}}, {"type": "Feature", "properties": {"type": "Sharrow", "n_signs": 1, "conf_max": 0.782, "classes": "{\"Sharrow\": 1}", "n_joins": 0, "gap_total_m": 0.0, "obs_len_m": 34.6, "obs_ratio": 1.0, "source": "bikelane", "members": "186", "id": 149, "length_m": 34.6}, "geometry": {"type": "LineString", "coordinates": [[316688.25, 4701974.5], [316716.15625, 4701954.0]]}}, {"type": "Feature", "properties": {"type": "Sharrow", "n_signs": 3, "conf_max": 0.752, "classes": "{\"Sharrow\": 3}", "n_joins": 0, "gap_total_m": 0.0, "obs_len_m": 33.6, "obs_ratio": 1.0, "source": "bikelane", "members": "187", "id": 150, "length_m": 33.6}, "geometry": {"type": "LineString", "coordinates": [[316736.09375, 4701938.5], [316763.09375, 4701918.5]]}}, {"type": "Feature", "properties": {"type": "Sharrow", "n_signs": 4, "conf_max": 0.806, "classes": "{\"Sharrow\": 4}", "n_joins": 0, "gap_total_m": 0.0, "obs_len_m": 166.6, "obs_ratio": 1.0, "source": "bikelane", "members": "189", "id": 151, "length_m": 166.6}, "geometry": {"type": "LineString", "coordinates": [[316405.34375, 4699931.0], [316422.90625, 4699894.0], [316431.15625, 4699875.0], [316436.5625, 4699861.0], [316444.8125, 4699836.5], [316462.9375, 4699775.0]]}}, {"type": "Feature", "properties": {"type": "Sharrow", "n_signs": 9, "conf_max": 0.815, "classes": "{\"Sharrow\": 9}", "n_joins": 1, "gap_total_m": 6.8, "obs_len_m": 537.8, "obs_ratio": 0.988, "source": "bikelane", "members": "190,193", "id": 152, "length_m": 544.6}, "geometry": {"type": "LineString", "coordinates": [[316419.0, 4699893.5], [316427.09375, 4699875.5], [316436.84375, 4699849.5], [316449.75, 4699807.5], [316459.1875, 4699774.5], [316461.15625, 4699768.0], [316470.0, 4699737.5], [316473.90625, 4699718.5], [316476.0, 4699698.5], [316476.0, 4699672.5], [316473.75, 4699644.5], [316466.40625, 4699579.0], [316438.34375, 4699360.0]]}}, {"type": "Feature", "properties": {"type": "Sharrow", "n_signs": 1, "conf_max": 0.794, "classes": "{\"Sharrow\": 1}", "n_joins": 0, "gap_total_m": 0.0, "obs_len_m": 28.7, "obs_ratio": 1.0, "source": "bikelane", "members": "191", "id": 153, "length_m": 28.7}, "geometry": {"type": "LineString", "coordinates": [[316451.84375, 4699410.0], [316448.5625, 4699381.5]]}}, {"type": "Feature", "properties": {"type": "Sharrow", "n_signs": 4, "conf_max": 0.802, "classes": "{\"Sharrow\": 4}", "n_joins": 0, "gap_total_m": 0.0, "obs_len_m": 271.1, "obs_ratio": 1.0, "source": "bikelane", "members": "192", "id": 154, "length_m": 271.1}, "geometry": {"type": "LineString", "coordinates": [[316479.4375, 4699656.5], [316474.9375, 4699616.0], [316460.5625, 4699506.5], [316446.15625, 4699387.5]]}}, {"type": "Feature", "properties": {"type": "BikeOnly", "n_signs": 2, "conf_max": 0.739, "classes": "{\"BikeOnly\": 2}", "n_joins": 0, "gap_total_m": 0.0, "obs_len_m": 53.0, "obs_ratio": 1.0, "source": "bikelane", "members": "194", "id": 155, "length_m": 53.0}, "geometry": {"type": "LineString", "coordinates": [[316392.90625, 4698855.0], [316391.84375, 4698874.5], [316391.84375, 4698902.5], [316392.3125, 4698908.0]]}}, {"type": "Feature", "properties": {"type": "BikeOnly", "n_signs": 2, "conf_max": 0.701, "classes": "{\"BikeOnly\": 2}", "n_joins": 0, "gap_total_m": 0.0, "obs_len_m": 21.8, "obs_ratio": 1.0, "source": "bikelane", "members": "195", "id": 156, "length_m": 21.8}, "geometry": {"type": "LineString", "coordinates": [[316191.90625, 4699141.0], [316201.0625, 4699143.5], [316213.1875, 4699145.5]]}}, {"type": "Feature", "properties": {"type": "BikeOnly", "n_signs": 2, "conf_max": 0.775, "classes": "{\"BikeOnly\": 2}", "n_joins": 0, "gap_total_m": 0.0, "obs_len_m": 92.9, "obs_ratio": 1.0, "source": "bikelane", "members": "196", "id": 157, "length_m": 92.9}, "geometry": {"type": "LineString", "coordinates": [[316419.59375, 4699259.5], [316406.25, 4699179.5], [316403.5625, 4699168.0]]}}, {"type": "Feature", "properties": {"type": "Sharrow", "n_signs": 4, "conf_max": 0.815, "classes": "{\"Sharrow\": 4}", "n_joins": 0, "gap_total_m": 0.0, "obs_len_m": 300.9, "obs_ratio": 1.0, "source": "bikelane", "members": "198", "id": 158, "length_m": 300.9}, "geometry": {"type": "LineString", "coordinates": [[316415.84375, 4699211.5], [316426.8125, 4699280.0], [316428.15625, 4699293.5], [316432.1875, 4699317.5], [316437.4375, 4699352.5], [316457.40625, 4699509.5]]}}, {"type": "Feature", "properties": {"type": "BikeOnly", "n_signs": 2, "conf_max": 0.751, "classes": "{\"BikeOnly\": 2}", "n_joins": 0, "gap_total_m": 0.0, "obs_len_m": 29.3, "obs_ratio": 1.0, "source": "bikelane", "members": "199", "id": 159, "length_m": 29.3}, "geometry": {"type": "LineString", "coordinates": [[316410.75, 4699082.0], [316414.65625, 4699111.0]]}}, {"type": "Feature", "properties": {"type": "Sharrow", "n_signs": 3, "conf_max": 0.823, "classes": "{\"Sharrow\": 3}", "n_joins": 1, "gap_total_m": 8.8, "obs_len_m": 85.0, "obs_ratio": 0.906, "source": "bikelane", "members": "201,204", "id": 160, "length_m": 93.8}, "geometry": {"type": "LineString", "coordinates": [[316284.90625, 4698663.5], [316308.75, 4698659.5], [316317.3125, 4698657.5], [316377.15625, 4698646.5]]}}, {"type": "Feature", "properties": {"type": "Sharrow", "n_signs": 9, "conf_max": 0.808, "classes": "{\"Sharrow\": 9}", "n_joins": 0, "gap_total_m": 0.0, "obs_len_m": 352.6, "obs_ratio": 1.0, "source": "bikelane", "members": "203", "id": 161, "length_m": 352.6}, "geometry": {"type": "LineString", "coordinates": [[316417.8125, 4698639.0], [316438.5, 4698635.0], [316500.4375, 4698622.0], [316527.3125, 4698616.0], [316560.90625, 4698608.0], [316599.59375, 4698597.0], [316758.90625, 4698550.5]]}}, {"type": "Feature", "properties": {"type": "Sharrow", "n_signs": 7, "conf_max": 0.811, "classes": "{\"Sharrow\": 7}", "n_joins": 1, "gap_total_m": 23.4, "obs_len_m": 445.7, "obs_ratio": 0.95, "source": "bikelane", "members": "205,230", "id": 162, "length_m": 469.1}, "geometry": {"type": "LineString", "coordinates": [[316544.6875, 4698615.5], [316587.4375, 4698604.0], [316758.75, 4698554.0], [316781.25, 4698547.5], [316877.40625, 4698520.0], [316905.75, 4698511.0], [316946.40625, 4698498.0], [316993.8125, 4698480.5]]}}, {"type": "Feature", "properties": {"type": "Sharrow", "n_signs": 8, "conf_max": 0.813, "classes": "{\"Sharrow\": 8}", "n_joins": 2, "gap_total_m": 37.0, "obs_len_m": 311.9, "obs_ratio": 0.894, "source": "bikelane", "members": "206,202,207", "id": 163, "length_m": 348.9}, "geometry": {"type": "LineString", "coordinates": [[316377.75, 4698651.5], [316369.1875, 4698652.0], [316337.84375, 4698658.0], [316318.0625, 4698661.5], [316234.65625, 4698677.0], [316218.0, 4698680.0], [316034.5625, 4698714.0]]}}, {"type": "Feature", "properties": {"type": "Sharrow", "n_signs": 4, "conf_max": 0.742, "classes": "{\"Sharrow\": 4}", "n_joins": 0, "gap_total_m": 0.0, "obs_len_m": 221.6, "obs_ratio": 1.0, "source": "bikelane", "members": "208", "id": 164, "length_m": 221.6}, "geometry": {"type": "LineString", "coordinates": [[316252.0625, 4698670.0], [316087.34375, 4698700.0], [316034.09375, 4698710.0]]}}, {"type": "Feature", "properties": {"type": "Sharrow", "n_signs": 1, "conf_max": 0.627, "classes": "{\"Sharrow\": 1}", "n_joins": 0, "gap_total_m": 0.0, "obs_len_m": 57.3, "obs_ratio": 1.0, "source": "bikelane", "members": "209", "id": 165, "length_m": 57.3}, "geometry": {"type": "LineString", "coordinates": [[316939.34375, 4702935.5], [316986.15625, 4702968.5]]}}, {"type": "Feature", "properties": {"type": "Sharrow", "n_signs": 4, "conf_max": 0.775, "classes": "{\"Sharrow\": 4}", "n_joins": 0, "gap_total_m": 0.0, "obs_len_m": 45.4, "obs_ratio": 1.0, "source": "bikelane", "members": "210", "id": 166, "length_m": 45.4}, "geometry": {"type": "LineString", "coordinates": [[317128.8125, 4703083.5], [317118.0, 4703073.5], [317094.75, 4703053.5]]}}, {"type": "Feature", "properties": {"type": "Sharrow", "n_signs": 3, "conf_max": 0.766, "classes": "{\"Sharrow\": 3}", "n_joins": 0, "gap_total_m": 0.0, "obs_len_m": 147.2, "obs_ratio": 1.0, "source": "bikelane", "members": "211", "id": 167, "length_m": 147.2}, "geometry": {"type": "LineString", "coordinates": [[317222.25, 4703171.0], [317266.9375, 4703211.5], [317332.0625, 4703269.0]]}}, {"type": "Feature", "properties": {"type": "Sharrow", "n_signs": 1, "conf_max": 0.627, "classes": "{\"Sharrow\": 1}", "n_joins": 0, "gap_total_m": 0.0, "obs_len_m": 166.0, "obs_ratio": 1.0, "source": "bikelane", "members": "212", "id": 168, "length_m": 166.0}, "geometry": {"type": "LineString", "coordinates": [[316860.15625, 4702879.5], [316876.5, 4702892.5], [316940.40625, 4702941.0], [316976.40625, 4702966.5], [316993.65625, 4702978.0]]}}, {"type": "Feature", "properties": {"type": "Sharrow", "n_signs": 1, "conf_max": 0.627, "classes": "{\"Sharrow\": 1}", "n_joins": 0, "gap_total_m": 0.0, "obs_len_m": 31.1, "obs_ratio": 1.0, "source": "bikelane", "members": "213", "id": 169, "length_m": 31.1}, "geometry": {"type": "LineString", "coordinates": [[317284.0625, 4703221.0], [317307.0, 4703242.0]]}}, {"type": "Feature", "properties": {"type": "Sharrow", "n_signs": 2, "conf_max": 0.799, "classes": "{\"Sharrow\": 2}", "n_joins": 0, "gap_total_m": 0.0, "obs_len_m": 43.3, "obs_ratio": 1.0, "source": "bikelane", "members": "214", "id": 170, "length_m": 43.3}, "geometry": {"type": "LineString", "coordinates": [[316923.3125, 4701794.0], [316909.0625, 4701801.5], [316889.5625, 4701813.0], [316886.09375, 4701816.0]]}}, {"type": "Feature", "properties": {"type": "BikeOnly", "n_signs": 2, "conf_max": 0.792, "classes": "{\"BikeOnly\": 2}", "n_joins": 1, "gap_total_m": 5.9, "obs_len_m": 117.8, "obs_ratio": 0.952, "source": "bikelane", "members": "215,218", "id": 171, "length_m": 123.7}, "geometry": {"type": "LineString", "coordinates": [[317143.5, 4701724.5], [317094.90625, 4701742.0], [317082.75, 4701746.0], [317066.40625, 4701750.5], [317060.6875, 4701752.0], [317025.59375, 4701761.5]]}}, {"type": "Feature", "properties": {"type": "BikeOnly", "n_signs": 2, "conf_max": 0.663, "classes": "{\"BikeOnly\": 2}", "n_joins": 0, "gap_total_m": 0.0, "obs_len_m": 31.8, "obs_ratio": 1.0, "source": "bikelane", "members": "216", "id": 172, "length_m": 31.8}, "geometry": {"type": "LineString", "coordinates": [[316925.40625, 4701804.0], [316953.90625, 4701790.0]]}}, {"type": "Feature", "properties": {"type": "BikeOnly", "n_signs": 2, "conf_max": 0.663, "classes": "{\"BikeOnly\": 2}", "n_joins": 0, "gap_total_m": 0.0, "obs_len_m": 31.2, "obs_ratio": 1.0, "source": "bikelane", "members": "217", "id": 173, "length_m": 31.2}, "geometry": {"type": "LineString", "coordinates": [[316954.9375, 4701793.0], [316927.0625, 4701807.0]]}}, {"type": "Feature", "properties": {"type": "BikeOnly", "n_signs": 2, "conf_max": 0.765, "classes": "{\"BikeOnly\": 2}", "n_joins": 0, "gap_total_m": 0.0, "obs_len_m": 58.9, "obs_ratio": 1.0, "source": "bikelane", "members": "219", "id": 174, "length_m": 58.9}, "geometry": {"type": "LineString", "coordinates": [[317223.59375, 4701694.0], [317227.9375, 4701694.0], [317238.75, 4701688.0], [317249.40625, 4701681.5], [317264.25, 4701670.5], [317271.59375, 4701663.5], [317271.90625, 4701662.5]]}}, {"type": "Feature", "properties": {"type": "Sharrow", "n_signs": 1, "conf_max": 0.781, "classes": "{\"Sharrow\": 1}", "n_joins": 0, "gap_total_m": 0.0, "obs_len_m": 32.9, "obs_ratio": 1.0, "source": "bikelane", "members": "220", "id": 175, "length_m": 32.9}, "geometry": {"type": "LineString", "coordinates": [[317011.1875, 4701768.0], [316980.15625, 4701779.0]]}}, {"type": "Feature", "properties": {"type": "BikeOnly", "n_signs": 5, "conf_max": 0.763, "classes": "{\"BikeOnly\": 5}", "n_joins": 1, "gap_total_m": 7.5, "obs_len_m": 160.9, "obs_ratio": 0.955, "source": "bikelane", "members": "221,223", "id": 176, "length_m": 168.4}, "geometry": {"type": "LineString", "coordinates": [[317140.5, 4701716.0], [317100.59375, 4701731.0], [317081.09375, 4701737.5], [317065.65625, 4701742.0], [317058.3125, 4701743.5], [317009.09375, 4701757.0], [316998.4375, 4701760.5], [316980.15625, 4701767.0]]}}, {"type": "Feature", "properties": {"type": "BikeOnly", "n_signs": 2, "conf_max": 0.74, "classes": "{\"BikeOnly\": 2}", "n_joins": 0, "gap_total_m": 0.0, "obs_len_m": 42.2, "obs_ratio": 1.0, "source": "bikelane", "members": "222", "id": 177, "length_m": 42.2}, "geometry": {"type": "LineString", "coordinates": [[317019.0, 4701752.0], [316997.25, 4701758.5], [316979.09375, 4701765.5]]}}, {"type": "Feature", "properties": {"type": "BikeOnly", "n_signs": 1, "conf_max": 0.757, "classes": "{\"BikeOnly\": 1}", "n_joins": 0, "gap_total_m": 0.0, "obs_len_m": 41.8, "obs_ratio": 1.0, "source": "bikelane", "members": "224", "id": 178, "length_m": 41.8}, "geometry": {"type": "LineString", "coordinates": [[317235.0, 4701677.0], [317244.75, 4701671.0], [317256.59375, 4701663.0], [317263.65625, 4701657.5], [317268.75, 4701652.5]]}}, {"type": "Feature", "properties": {"type": "Sharrow", "n_signs": 1, "conf_max": 0.627, "classes": "{\"Sharrow\": 1}", "n_joins": 0, "gap_total_m": 0.0, "obs_len_m": 27.6, "obs_ratio": 1.0, "source": "bikelane", "members": "225", "id": 179, "length_m": 27.6}, "geometry": {"type": "LineString", "coordinates": [[317238.0, 4706031.0], [317249.6875, 4706006.0]]}}, {"type": "Feature", "properties": {"type": "Sharrow", "n_signs": 3, "conf_max": 0.773, "classes": "{\"Sharrow\": 3}", "n_joins": 1, "gap_total_m": 23.4, "obs_len_m": 282.2, "obs_ratio": 0.924, "source": "bikelane", "members": "226,231", "id": 180, "length_m": 305.6}, "geometry": {"type": "LineString", "coordinates": [[317306.5625, 4698353.0], [317252.5625, 4698375.0], [317230.8125, 4698383.5], [317023.65625, 4698468.5]]}}, {"type": "Feature", "properties": {"type": "Sharrow", "n_signs": 21, "conf_max": 0.83, "classes": "{\"Sharrow\": 21}", "n_joins": 1, "gap_total_m": 21.5, "obs_len_m": 658.0, "obs_ratio": 0.968, "source": "bikelane", "members": "227,229", "id": 181, "length_m": 679.5}, "geometry": {"type": "LineString", "coordinates": [[316610.5625, 4698593.5], [316888.8125, 4698513.0], [316945.0625, 4698494.5], [316981.65625, 4698481.5], [317001.0, 4698474.0], [317020.9375, 4698466.0], [317251.9375, 4698371.5]]}}, {"type": "Feature", "properties": {"type": "BikeOnly", "n_signs": 1, "conf_max": 0.663, "classes": "{\"BikeOnly\": 1}", "n_joins": 0, "gap_total_m": 0.0, "obs_len_m": 152.7, "obs_ratio": 1.0, "source": "bikelane", "members": "228", "id": 182, "length_m": 152.7}, "geometry": {"type": "LineString", "coordinates": [[317262.90625, 4698803.0], [317334.3125, 4698759.5], [317394.15625, 4698725.0]]}}, {"type": "Feature", "properties": {"type": "Sharrow", "n_signs": 2, "conf_max": 0.76, "classes": "{\"Sharrow\": 2}", "n_joins": 0, "gap_total_m": 0.0, "obs_len_m": 45.6, "obs_ratio": 1.0, "source": "bikelane", "members": "232", "id": 183, "length_m": 45.6}, "geometry": {"type": "LineString", "coordinates": [[317649.75, 4703290.0], [317673.4375, 4703289.5], [317695.34375, 4703288.5]]}}, {"type": "Feature", "properties": {"type": "Sharrow", "n_signs": 1, "conf_max": 0.612, "classes": "{\"Sharrow\": 1}", "n_joins": 0, "gap_total_m": 0.0, "obs_len_m": 71.1, "obs_ratio": 1.0, "source": "bikelane", "members": "233", "id": 184, "length_m": 71.1}, "geometry": {"type": "LineString", "coordinates": [[317402.5625, 4703302.5], [317416.65625, 4703301.0], [317473.5, 4703298.5]]}}, {"type": "Feature", "properties": {"type": "Sharrow", "n_signs": 2, "conf_max": 0.678, "classes": "{\"Sharrow\": 2}", "n_joins": 0, "gap_total_m": 0.0, "obs_len_m": 55.3, "obs_ratio": 1.0, "source": "bikelane", "members": "234", "id": 185, "length_m": 55.3}, "geometry": {"type": "LineString", "coordinates": [[317577.15625, 4703293.5], [317540.25, 4703295.0], [317521.9375, 4703296.0]]}}, {"type": "Feature", "properties": {"type": "Sharrow", "n_signs": 1, "conf_max": 0.607, "classes": "{\"Sharrow\": 1}", "n_joins": 0, "gap_total_m": 0.0, "obs_len_m": 22.0, "obs_ratio": 1.0, "source": "bikelane", "members": "235", "id": 186, "length_m": 22.0}, "geometry": {"type": "LineString", "coordinates": [[317737.65625, 4703278.0], [317716.0625, 4703282.0]]}}, {"type": "Feature", "properties": {"type": "Sharrow", "n_signs": 2, "conf_max": 0.697, "classes": "{\"Sharrow\": 2}", "n_joins": 0, "gap_total_m": 0.0, "obs_len_m": 51.8, "obs_ratio": 1.0, "source": "bikelane", "members": "236", "id": 187, "length_m": 51.8}, "geometry": {"type": "LineString", "coordinates": [[317590.0625, 4703290.0], [317641.8125, 4703287.5]]}}, {"type": "Feature", "properties": {"type": "Sharrow", "n_signs": 8, "conf_max": 0.85, "classes": "{\"Sharrow\": 8}", "n_joins": 1, "gap_total_m": 14.2, "obs_len_m": 415.8, "obs_ratio": 0.967, "source": "bikelane", "members": "237,239", "id": 188, "length_m": 430.0}, "geometry": {"type": "LineString", "coordinates": [[317814.59375, 4701764.0], [317733.3125, 4701756.5], [317719.1875, 4701755.0], [317559.75, 4701739.5], [317482.8125, 4701731.5], [317455.5, 4701730.0], [317414.09375, 4701729.0], [317386.34375, 4701727.0]]}}, {"type": "Feature", "properties": {"type": "Sharrow", "n_signs": 1, "conf_max": 0.632, "classes": "{\"Sharrow\": 1}", "n_joins": 0, "gap_total_m": 0.0, "obs_len_m": 183.6, "obs_ratio": 1.0, "source": "bikelane", "members": "238", "id": 189, "length_m": 183.6}, "geometry": {"type": "LineString", "coordinates": [[317565.0, 4701737.0], [317475.75, 4701728.0], [317456.25, 4701727.0], [317414.25, 4701725.5], [317382.0, 4701723.0]]}}, {"type": "Feature", "properties": {"type": "BikeOnly", "n_signs": 2, "conf_max": 0.788, "classes": "{\"BikeOnly\": 2}", "n_joins": 0, "gap_total_m": 0.0, "obs_len_m": 45.5, "obs_ratio": 1.0, "source": "bikelane", "members": "240", "id": 190, "length_m": 45.5}, "geometry": {"type": "LineString", "coordinates": [[317826.90625, 4701125.5], [317851.8125, 4701112.5], [317866.34375, 4701103.0]]}}, {"type": "Feature", "properties": {"type": "Sharrow", "n_signs": 1, "conf_max": 0.815, "classes": "{\"Sharrow\": 1}", "n_joins": 0, "gap_total_m": 0.0, "obs_len_m": 45.9, "obs_ratio": 1.0, "source": "bikelane", "members": "241", "id": 191, "length_m": 45.9}, "geometry": {"type": "LineString", "coordinates": [[317404.1875, 4705860.5], [317362.65625, 4705841.0]]}}, {"type": "Feature", "properties": {"type": "Sharrow", "n_signs": 1, "conf_max": 0.815, "classes": "{\"Sharrow\": 1}", "n_joins": 0, "gap_total_m": 0.0, "obs_len_m": 14.1, "obs_ratio": 1.0, "source": "bikelane", "members": "242", "id": 192, "length_m": 14.1}, "geometry": {"type": "LineString", "coordinates": [[317362.8125, 4705841.0], [317373.0, 4705846.0], [317374.9375, 4705848.0]]}}, {"type": "Feature", "properties": {"type": "Sharrow", "n_signs": 1, "conf_max": 0.791, "classes": "{\"Sharrow\": 1}", "n_joins": 0, "gap_total_m": 0.0, "obs_len_m": 45.6, "obs_ratio": 1.0, "source": "bikelane", "members": "243", "id": 193, "length_m": 45.6}, "geometry": {"type": "LineString", "coordinates": [[317472.15625, 4705880.5], [317513.40625, 4705900.0]]}}, {"type": "Feature", "properties": {"type": "Sharrow", "n_signs": 12, "conf_max": 0.798, "classes": "{\"Sharrow\": 12}", "n_joins": 1, "gap_total_m": 9.5, "obs_len_m": 543.2, "obs_ratio": 0.983, "source": "bikelane", "members": "245,246", "id": 194, "length_m": 552.8}, "geometry": {"type": "LineString", "coordinates": [[317445.0, 4698298.5], [317516.09375, 4698270.5], [317524.9375, 4698267.0], [317619.4375, 4698230.5], [317665.5, 4698212.5], [317676.3125, 4698208.0], [317688.90625, 4698201.5], [317704.9375, 4698192.5], [317715.0, 4698185.5], [317726.09375, 4698177.5], [317745.4375, 4698161.5], [317845.1875, 4698072.0], [317910.59375, 4698015.0]]}}, {"type": "Feature", "properties": {"type": "BikeOnly", "n_signs": 1, "conf_max": 0.694, "classes": "{\"BikeOnly\": 1}", "n_joins": 0, "gap_total_m": 0.0, "obs_len_m": 27.6, "obs_ratio": 1.0, "source": "bikelane", "members": "247", "id": 195, "length_m": 27.6}, "geometry": {"type": "LineString", "coordinates": [[317582.84375, 4698505.0], [317592.75, 4698509.0], [317608.34375, 4698515.5]]}}, {"type": "Feature", "properties": {"type": "Sharrow", "n_signs": 8, "conf_max": 0.822, "classes": "{\"Sharrow\": 8}", "n_joins": 2, "gap_total_m": 36.7, "obs_len_m": 521.5, "obs_ratio": 0.934, "source": "bikelane", "members": "248,244,249", "id": 196, "length_m": 558.2}, "geometry": {"type": "LineString", "coordinates": [[317443.65625, 4698295.5], [317504.6875, 4698271.0], [317523.90625, 4698263.5], [317584.8125, 4698240.0], [317599.9375, 4698234.5], [317637.15625, 4698220.0], [317674.9375, 4698204.5], [317696.40625, 4698193.5], [317705.5625, 4698188.0], [317715.3125, 4698181.5], [317726.6875, 4698172.5], [317745.59375, 4698157.0], [317860.0625, 4698054.0], [317910.75, 4698010.0], [317913.4375, 4698008.5]]}}, {"type": "Feature", "properties": {"type": "BikeOnly", "n_signs": 2, "conf_max": 0.631, "classes": "{\"BikeOnly\": 2}", "n_joins": 0, "gap_total_m": 0.0, "obs_len_m": 46.9, "obs_ratio": 1.0, "source": "bikelane", "members": "250", "id": 197, "length_m": 46.9}, "geometry": {"type": "LineString", "coordinates": [[317780.25, 4696642.0], [317789.5625, 4696629.0], [317809.0625, 4696605.0]]}}, {"type": "Feature", "properties": {"type": "Sharrow", "n_signs": 1, "conf_max": 0.716, "classes": "{\"Sharrow\": 1}", "n_joins": 0, "gap_total_m": 0.0, "obs_len_m": 113.4, "obs_ratio": 1.0, "source": "bikelane", "members": "251", "id": 198, "length_m": 113.4}, "geometry": {"type": "LineString", "coordinates": [[317787.15625, 4705562.5], [317824.8125, 4705669.5]]}}, {"type": "Feature", "properties": {"type": "Sharrow", "n_signs": 4, "conf_max": 0.74, "classes": "{\"Sharrow\": 4}", "n_joins": 0, "gap_total_m": 0.0, "obs_len_m": 83.5, "obs_ratio": 1.0, "source": "bikelane", "members": "252", "id": 199, "length_m": 83.5}, "geometry": {"type": "LineString", "coordinates": [[317788.0625, 4705579.5], [317793.90625, 4705593.0], [317816.40625, 4705658.0]]}}, {"type": "Feature", "properties": {"type": "Sharrow", "n_signs": 1, "conf_max": 0.698, "classes": "{\"Sharrow\": 1}", "n_joins": 0, "gap_total_m": 0.0, "obs_len_m": 46.0, "obs_ratio": 1.0, "source": "bikelane", "members": "253", "id": 200, "length_m": 46.0}, "geometry": {"type": "LineString", "coordinates": [[318372.0, 4706370.0], [318383.5625, 4706414.5]]}}, {"type": "Feature", "properties": {"type": "Sharrow", "n_signs": 1, "conf_max": 0.616, "classes": "{\"Sharrow\": 1}", "n_joins": 0, "gap_total_m": 0.0, "obs_len_m": 66.6, "obs_ratio": 1.0, "source": "bikelane", "members": "254", "id": 201, "length_m": 66.6}, "geometry": {"type": "LineString", "coordinates": [[317915.09375, 4703240.0], [317880.4375, 4703245.0], [317849.40625, 4703251.0]]}}, {"type": "Feature", "properties": {"type": "Sharrow", "n_signs": 6, "conf_max": 0.767, "classes": "{\"Sharrow\": 6}", "n_joins": 1, "gap_total_m": 11.3, "obs_len_m": 95.8, "obs_ratio": 0.895, "source": "bikelane", "members": "255,312", "id": 202, "length_m": 107.1}, "geometry": {"type": "LineString", "coordinates": [[318319.0625, 4703061.5], [318329.5625, 4703057.5], [318339.3125, 4703055.5], [318350.40625, 4703053.5], [318366.59375, 4703051.5], [318387.4375, 4703051.5], [318408.15625, 4703053.5], [318424.65625, 4703056.0]]}}, {"type": "Feature", "properties": {"type": "Sharrow", "n_signs": 3, "conf_max": 0.749, "classes": "{\"Sharrow\": 3}", "n_joins": 1, "gap_total_m": 8.9, "obs_len_m": 81.2, "obs_ratio": 0.902, "source": "bikelane", "members": "256,260", "id": 203, "length_m": 90.0}, "geometry": {"type": "LineString", "coordinates": [[318028.5, 4703226.5], [317984.25, 4703232.0], [317975.40625, 4703232.5], [317949.90625, 4703236.0], [317939.09375, 4703237.0]]}}, {"type": "Feature", "properties": {"type": "Sharrow", "n_signs": 1, "conf_max": 0.741, "classes": "{\"Sharrow\": 1}", "n_joins": 0, "gap_total_m": 0.0, "obs_len_m": 48.8, "obs_ratio": 1.0, "source": "bikelane", "members": "257", "id": 204, "length_m": 48.8}, "geometry": {"type": "LineString", "coordinates": [[318140.40625, 4703206.0], [318133.0625, 4703209.5], [318118.8125, 4703215.0], [318107.6875, 4703219.0], [318094.5, 4703222.0]]}}, {"type": "Feature", "properties": {"type": "Sharrow", "n_signs": 3, "conf_max": 0.803, "classes": "{\"Sharrow\": 3}", "n_joins": 1, "gap_total_m": 7.7, "obs_len_m": 126.3, "obs_ratio": 0.942, "source": "bikelane", "members": "258,261", "id": 205, "length_m": 134.0}, "geometry": {"type": "LineString", "coordinates": [[317894.09375, 4703247.0], [317975.6875, 4703237.5], [317983.34375, 4703236.5], [318024.4375, 4703231.5], [318027.15625, 4703232.0]]}}, {"type": "Feature", "properties": {"type": "Sharrow", "n_signs": 2, "conf_max": 0.72, "classes": "{\"Sharrow\": 2}", "n_joins": 0, "gap_total_m": 0.0, "obs_len_m": 80.0, "obs_ratio": 1.0, "source": "bikelane", "members": "259", "id": 206, "length_m": 80.0}, "geometry": {"type": "LineString", "coordinates": [[318181.1875, 4703173.5], [318188.09375, 4703167.5], [318199.5, 4703156.0], [318218.84375, 4703133.0], [318235.65625, 4703115.0]]}}, {"type": "Feature", "properties": {"type": "Sharrow", "n_signs": 3, "conf_max": 0.85, "classes": "{\"Sharrow\": 3}", "n_joins": 0, "gap_total_m": 0.0, "obs_len_m": 224.0, "obs_ratio": 1.0, "source": "bikelane", "members": "262", "id": 207, "length_m": 224.0}, "geometry": {"type": "LineString", "coordinates": [[317762.5625, 4701759.5], [317809.9375, 4701764.0], [317814.90625, 4701765.0], [317834.40625, 4701766.0], [317836.8125, 4701767.0], [317842.65625, 4701767.0], [317851.1875, 4701768.5], [317881.8125, 4701771.0], [317889.59375, 4701772.0], [317908.1875, 4701773.5], [317937.59375, 4701776.5], [317953.1875, 4701778.0], [317956.8125, 4701779.0], [317964.75, 4701779.5], [317967.75, 4701779.5], [317970.15625, 4701780.0], [317975.6875, 4701780.0], [317983.1875, 4701781.0], [317985.15625, 4701781.5]]}}, {"type": "Feature", "properties": {"type": "Sharrow", "n_signs": 8, "conf_max": 0.824, "classes": "{\"Sharrow\": 8}", "n_joins": 3, "gap_total_m": 40.5, "obs_len_m": 632.9, "obs_ratio": 0.94, "source": "bikelane", "members": "263,264,317,318", "id": 208, "length_m": 673.4}, "geometry": {"type": "LineString", "coordinates": [[318077.25, 4701770.5], [318106.9375, 4701764.0], [318126.59375, 4701760.5], [318139.65625, 4701759.5], [318154.9375, 4701760.0], [318165.59375, 4701760.5], [318181.9375, 4701763.0], [318370.8125, 4701804.5], [318373.9375, 4701805.0], [318471.75, 4701824.0], [318495.0, 4701829.0], [318537.15625, 4701837.0], [318563.84375, 4701842.5], [318614.84375, 4701855.5], [318631.0625, 4701859.5], [318634.65625, 4701861.5], [318646.34375, 4701863.5], [318670.65625, 4701870.0], [318683.84375, 4701873.0], [318735.4375, 4701886.5]]}}, {"type": "Feature", "properties": {"type": "BikeOnly", "n_signs": 2, "conf_max": 0.626, "classes": "{\"BikeOnly\": 2}", "n_joins": 0, "gap_total_m": 0.0, "obs_len_m": 49.8, "obs_ratio": 1.0, "source": "bikelane", "members": "265", "id": 209, "length_m": 49.8}, "geometry": {"type": "LineString", "coordinates": [[318131.40625, 4706072.5], [318087.90625, 4706069.5], [318081.75, 4706068.5]]}}, {"type": "Feature", "properties": {"type": "BikeOnly", "n_signs": 4, "conf_max": 0.796, "classes": "{\"BikeOnly\": 4}", "n_joins": 1, "gap_total_m": 17.4, "obs_len_m": 102.7, "obs_ratio": 0.855, "source": "bikelane", "members": "266,282", "id": 210, "length_m": 120.0}, "geometry": {"type": "LineString", "coordinates": [[318046.1875, 4700551.5], [318049.8125, 4700547.5], [318057.0, 4700541.5], [318071.09375, 4700530.5], [318084.90625, 4700520.0], [318089.25, 4700517.5], [318095.25, 4700512.0], [318109.9375, 4700501.0], [318140.84375, 4700478.0]]}}, {"type": "Feature", "properties": {"type": "BikeOnly", "n_signs": 1, "conf_max": 0.682, "classes": "{\"BikeOnly\": 1}", "n_joins": 0, "gap_total_m": 0.0, "obs_len_m": 60.7, "obs_ratio": 1.0, "source": "bikelane", "members": "267", "id": 211, "length_m": 60.7}, "geometry": {"type": "LineString", "coordinates": [[317931.75, 4700977.5], [317928.75, 4700987.0], [317920.0625, 4701022.0], [317915.5625, 4701036.0]]}}, {"type": "Feature", "properties": {"type": "BikeOnly", "n_signs": 3, "conf_max": 0.746, "classes": "{\"BikeOnly\": 3}", "n_joins": 0, "gap_total_m": 0.0, "obs_len_m": 285.7, "obs_ratio": 1.0, "source": "bikelane", "members": "268", "id": 212, "length_m": 285.7}, "geometry": {"type": "LineString", "coordinates": [[317989.8125, 4700664.5], [317984.5625, 4700681.0], [317980.0625, 4700705.5], [317976.4375, 4700741.5], [317968.0625, 4700838.0], [317965.34375, 4700857.0], [317961.75, 4700872.0], [317941.1875, 4700945.0]]}}, {"type": "Feature", "properties": {"type": "BikeOnly", "n_signs": 5, "conf_max": 0.746, "classes": "{\"BikeOnly\": 5}", "n_joins": 0, "gap_total_m": 0.0, "obs_len_m": 319.0, "obs_ratio": 1.0, "source": "bikelane", "members": "269", "id": 213, "length_m": 319.0}, "geometry": {"type": "LineString", "coordinates": [[317989.34375, 4700662.5], [317985.90625, 4700670.0], [317982.90625, 4700679.5], [317978.25, 4700705.0], [317974.34375, 4700743.5], [317966.09375, 4700837.5], [317963.5625, 4700856.0], [317960.25, 4700870.0], [317939.6875, 4700942.5], [317931.90625, 4700975.0]]}}, {"type": "Feature", "properties": {"type": "Sharrow", "n_signs": 1, "conf_max": 0.778, "classes": "{\"Sharrow\": 1}", "n_joins": 0, "gap_total_m": 0.0, "obs_len_m": 224.0, "obs_ratio": 1.0, "source": "bikelane", "members": "270", "id": 214, "length_m": 224.0}, "geometry": {"type": "LineString", "coordinates": [[317972.09375, 4700559.5], [317954.25, 4700560.5], [317925.59375, 4700561.5], [317894.6875, 4700562.0], [317877.4375, 4700560.5], [317858.40625, 4700557.0], [317845.1875, 4700553.5], [317828.6875, 4700548.0], [317818.1875, 4700544.0], [317803.8125, 4700537.5], [317793.59375, 4700532.0], [317782.5, 4700525.0], [317762.25, 4700511.0], [317760.0, 4700510.0]]}}, {"type": "Feature", "properties": {"type": "BikeOnly", "n_signs": 1, "conf_max": 0.714, "classes": "{\"BikeOnly\": 1}", "n_joins": 0, "gap_total_m": 0.0, "obs_len_m": 102.1, "obs_ratio": 1.0, "source": "bikelane", "members": "271", "id": 215, "length_m": 102.1}, "geometry": {"type": "LineString", "coordinates": [[318084.90625, 4700505.0], [318100.0625, 4700493.5], [318104.6875, 4700490.5], [318116.40625, 4700481.5], [318156.90625, 4700451.0], [318166.34375, 4700443.5]]}}, {"type": "Feature", "properties": {"type": "BikeOnly", "n_signs": 4, "conf_max": 0.771, "classes": "{\"BikeOnly\": 4}", "n_joins": 1, "gap_total_m": 4.4, "obs_len_m": 101.7, "obs_ratio": 0.959, "source": "bikelane", "members": "272,273", "id": 216, "length_m": 106.1}, "geometry": {"type": "LineString", "coordinates": [[318323.09375, 4700212.0], [318341.09375, 4700170.5], [318342.90625, 4700166.5], [318353.09375, 4700141.0], [318362.40625, 4700113.5]]}}, {"type": "Feature", "properties": {"type": "BikeOnly", "n_signs": 1, "conf_max": 0.713, "classes": "{\"BikeOnly\": 1}", "n_joins": 0, "gap_total_m": 0.0, "obs_len_m": 33.8, "obs_ratio": 1.0, "source": "bikelane", "members": "274", "id": 217, "length_m": 33.8}, "geometry": {"type": "LineString", "coordinates": [[318283.1875, 4700303.0], [318296.6875, 4700272.0]]}}, {"type": "Feature", "properties": {"type": "BikeOnly", "n_signs": 2, "conf_max": 0.761, "classes": "{\"BikeOnly\": 2}", "n_joins": 0, "gap_total_m": 0.0, "obs_len_m": 38.5, "obs_ratio": 1.0, "source": "bikelane", "members": "275", "id": 218, "length_m": 38.5}, "geometry": {"type": "LineString", "coordinates": [[318386.84375, 4699972.0], [318387.59375, 4699964.0], [318389.25, 4699958.5], [318389.25, 4699954.5], [318390.59375, 4699951.5], [318390.90625, 4699949.0], [318391.9375, 4699946.0], [318394.34375, 4699934.5]]}}, {"type": "Feature", "properties": {"type": "BikeOnly", "n_signs": 3, "conf_max": 0.796, "classes": "{\"BikeOnly\": 3}", "n_joins": 1, "gap_total_m": 3.9, "obs_len_m": 122.7, "obs_ratio": 0.969, "source": "bikelane", "members": "276,283", "id": 219, "length_m": 126.6}, "geometry": {"type": "LineString", "coordinates": [[318076.9375, 4700522.5], [318088.9375, 4700514.0], [318092.84375, 4700510.5], [318111.4375, 4700496.5], [318114.4375, 4700494.0], [318159.75, 4700460.5], [318177.75, 4700446.0]]}}, {"type": "Feature", "properties": {"type": "BikeOnly", "n_signs": 13, "conf_max": 0.816, "classes": "{\"BikeOnly\": 13}", "n_joins": 3, "gap_total_m": 47.2, "obs_len_m": 417.7, "obs_ratio": 0.899, "source": "bikelane", "members": "277,280,281,278", "id": 220, "length_m": 464.9}, "geometry": {"type": "LineString", "coordinates": [[318225.3125, 4700398.5], [318244.1875, 4700378.0], [318255.75, 4700364.0], [318265.8125, 4700350.0], [318280.5, 4700327.0], [318283.0625, 4700322.5], [318291.59375, 4700304.5], [318320.09375, 4700239.5], [318330.0, 4700218.0], [318350.84375, 4700170.5], [318361.9375, 4700142.5], [318373.0625, 4700108.5], [318378.75, 4700087.0], [318382.34375, 4700070.5], [318385.65625, 4700052.5], [318389.6875, 4700026.5], [318393.90625, 4699991.0], [318395.84375, 4699982.5], [318397.1875, 4699974.0]]}}, {"type": "Feature", "properties": {"type": "BikeOnly", "n_signs": 1, "conf_max": 0.783, "classes": "{\"BikeOnly\": 1}", "n_joins": 0, "gap_total_m": 0.0, "obs_len_m": 48.7, "obs_ratio": 1.0, "source": "bikelane", "members": "279", "id": 221, "length_m": 48.7}, "geometry": {"type": "LineString", "coordinates": [[318273.0, 4700322.0], [318264.15625, 4700337.5], [318255.3125, 4700350.5], [318246.15625, 4700362.5]]}}, {"type": "Feature", "properties": {"type": "BikeOnly", "n_signs": 1, "conf_max": 0.799, "classes": "{\"BikeOnly\": 1}", "n_joins": 0, "gap_total_m": 0.0, "obs_len_m": 58.1, "obs_ratio": 1.0, "source": "bikelane", "members": "284", "id": 222, "length_m": 58.1}, "geometry": {"type": "LineString", "coordinates": [[318406.5, 4699494.0], [318411.59375, 4699511.0], [318422.09375, 4699550.0]]}}, {"type": "Feature", "properties": {"type": "BikeOnly", "n_signs": 1, "conf_max": 0.821, "classes": "{\"BikeOnly\": 1}", "n_joins": 0, "gap_total_m": 0.0, "obs_len_m": 43.8, "obs_ratio": 1.0, "source": "bikelane", "members": "285", "id": 223, "length_m": 43.8}, "geometry": {"type": "LineString", "coordinates": [[318372.3125, 4699340.5], [318375.4375, 4699372.0], [318377.40625, 4699384.0]]}}, {"type": "Feature", "properties": {"type": "Sharrow", "n_signs": 1, "conf_max": 0.636, "classes": "{\"Sharrow\": 1}", "n_joins": 0, "gap_total_m": 0.0, "obs_len_m": 77.4, "obs_ratio": 1.0, "source": "bikelane", "members": "286", "id": 224, "length_m": 77.4}, "geometry": {"type": "LineString", "coordinates": [[318443.6875, 4699617.5], [318457.8125, 4699673.5], [318460.9375, 4699683.5], [318464.25, 4699692.0]]}}, {"type": "Feature", "properties": {"type": "Sharrow", "n_signs": 1, "conf_max": 0.714, "classes": "{\"Sharrow\": 1}", "n_joins": 0, "gap_total_m": 0.0, "obs_len_m": 103.0, "obs_ratio": 1.0, "source": "bikelane", "members": "287", "id": 225, "length_m": 103.0}, "geometry": {"type": "LineString", "coordinates": [[318417.90625, 4699866.0], [318408.3125, 4699898.0], [318399.15625, 4699930.5], [318391.65625, 4699965.5]]}}, {"type": "Feature", "properties": {"type": "Sharrow", "n_signs": 1, "conf_max": 0.609, "classes": "{\"Sharrow\": 1}", "n_joins": 0, "gap_total_m": 0.0, "obs_len_m": 33.7, "obs_ratio": 1.0, "source": "bikelane", "members": "288", "id": 226, "length_m": 33.7}, "geometry": {"type": "LineString", "coordinates": [[318417.75, 4699524.5], [318408.75, 4699492.0]]}}, {"type": "Feature", "properties": {"type": "Sharrow", "n_signs": 1, "conf_max": 0.727, "classes": "{\"Sharrow\": 1}", "n_joins": 0, "gap_total_m": 0.0, "obs_len_m": 76.0, "obs_ratio": 1.0, "source": "bikelane", "members": "289", "id": 227, "length_m": 76.0}, "geometry": {"type": "LineString", "coordinates": [[318462.59375, 4699704.5], [318453.75, 4699671.5], [318443.40625, 4699631.0]]}}, {"type": "Feature", "properties": {"type": "BikeOnly", "n_signs": 2, "conf_max": 0.759, "classes": "{\"BikeOnly\": 2}", "n_joins": 0, "gap_total_m": 0.0, "obs_len_m": 57.6, "obs_ratio": 1.0, "source": "bikelane", "members": "290", "id": 228, "length_m": 57.6}, "geometry": {"type": "LineString", "coordinates": [[318255.3125, 4698882.0], [318253.0625, 4698910.0], [318252.75, 4698929.0], [318253.1875, 4698939.5]]}}, {"type": "Feature", "properties": {"type": "BikeOnly", "n_signs": 1, "conf_max": 0.643, "classes": "{\"BikeOnly\": 1}", "n_joins": 0, "gap_total_m": 0.0, "obs_len_m": 22.3, "obs_ratio": 1.0, "source": "bikelane", "members": "291", "id": 229, "length_m": 22.3}, "geometry": {"type": "LineString", "coordinates": [[317928.75, 4698799.5], [317924.6875, 4698804.5], [317913.3125, 4698815.5]]}}, {"type": "Feature", "properties": {"type": "BikeOnly", "n_signs": 2, "conf_max": 0.754, "classes": "{\"BikeOnly\": 2}", "n_joins": 0, "gap_total_m": 0.0, "obs_len_m": 43.2, "obs_ratio": 1.0, "source": "bikelane", "members": "292", "id": 230, "length_m": 43.2}, "geometry": {"type": "LineString", "coordinates": [[318333.75, 4699206.5], [318339.3125, 4699218.0], [318351.4375, 4699241.0], [318353.25, 4699245.0]]}}, {"type": "Feature", "properties": {"type": "BikeOnly", "n_signs": 1, "conf_max": 0.643, "classes": "{\"BikeOnly\": 1}", "n_joins": 0, "gap_total_m": 0.0, "obs_len_m": 21.8, "obs_ratio": 1.0, "source": "bikelane", "members": "293", "id": 231, "length_m": 21.8}, "geometry": {"type": "LineString", "coordinates": [[317916.3125, 4698817.5], [317928.59375, 4698806.0], [317931.59375, 4698802.0]]}}, {"type": "Feature", "properties": {"type": "BikeOnly", "n_signs": 2, "conf_max": 0.721, "classes": "{\"BikeOnly\": 2}", "n_joins": 0, "gap_total_m": 0.0, "obs_len_m": 25.7, "obs_ratio": 1.0, "source": "bikelane", "members": "294", "id": 232, "length_m": 25.7}, "geometry": {"type": "LineString", "coordinates": [[318273.0, 4699018.0], [318286.34375, 4699040.0]]}}, {"type": "Feature", "properties": {"type": "Sharrow", "n_signs": 8, "conf_max": 0.763, "classes": "{\"Sharrow\": 8}", "n_joins": 0, "gap_total_m": 0.0, "obs_len_m": 348.2, "obs_ratio": 1.0, "source": "bikelane", "members": "296", "id": 233, "length_m": 348.2}, "geometry": {"type": "LineString", "coordinates": [[318347.84375, 4697630.5], [318347.40625, 4697632.0], [318332.40625, 4697644.5], [318149.6875, 4697791.5], [318115.65625, 4697821.0], [318080.40625, 4697853.0]]}}, {"type": "Feature", "properties": {"type": "Sharrow", "n_signs": 7, "conf_max": 0.768, "classes": "{\"Sharrow\": 7}", "n_joins": 1, "gap_total_m": 16.7, "obs_len_m": 309.7, "obs_ratio": 0.949, "source": "bikelane", "members": "297,300", "id": 234, "length_m": 326.4}, "geometry": {"type": "LineString", "coordinates": [[318004.5, 4697927.0], [317984.09375, 4697946.0], [317948.09375, 4697977.0], [317935.5, 4697988.0], [317843.25, 4698069.0], [317762.5625, 4698142.0], [317760.0, 4698143.0]]}}, {"type": "Feature", "properties": {"type": "Sharrow", "n_signs": 18, "conf_max": 0.827, "classes": "{\"Sharrow\": 18}", "n_joins": 2, "gap_total_m": 19.6, "obs_len_m": 768.8, "obs_ratio": 0.975, "source": "bikelane", "members": "298,295,299", "id": 235, "length_m": 788.5}, "geometry": {"type": "LineString", "coordinates": [[317760.0, 4698148.0], [317761.0625, 4698147.5], [317859.4375, 4698059.0], [317986.65625, 4697948.0], [318005.25, 4697931.0], [318012.0, 4697925.0], [318075.3125, 4697863.0], [318082.8125, 4697855.5], [318115.9375, 4697825.0], [318151.8125, 4697794.0], [318184.34375, 4697767.5], [318351.3125, 4697634.0], [318353.40625, 4697632.0], [318354.0, 4697630.5]]}}, {"type": "Feature", "properties": {"type": "Sharrow", "n_signs": 6, "conf_max": 0.763, "classes": "{\"Sharrow\": 6}", "n_joins": 0, "gap_total_m": 0.0, "obs_len_m": 421.3, "obs_ratio": 1.0, "source": "bikelane", "members": "301", "id": 236, "length_m": 421.3}, "geometry": {"type": "LineString", "coordinates": [[318486.4375, 4697518.0], [318462.0, 4697537.5], [318414.4375, 4697577.0], [318324.4375, 4697651.0], [318161.6875, 4697781.5], [318159.90625, 4697784.0]]}}, {"type": "Feature", "properties": {"type": "Sharrow", "n_signs": 4, "conf_max": 0.827, "classes": "{\"Sharrow\": 4}", "n_joins": 0, "gap_total_m": 0.0, "obs_len_m": 417.2, "obs_ratio": 1.0, "source": "bikelane", "members": "302", "id": 237, "length_m": 417.2}, "geometry": {"type": "LineString", "coordinates": [[318488.84375, 4697521.0], [318485.40625, 4697523.0], [318461.09375, 4697542.5], [318349.65625, 4697635.5], [318166.8125, 4697782.0], [318165.15625, 4697784.0]]}}, {"type": "Feature", "properties": {"type": "Sharrow", "n_signs": 2, "conf_max": 0.757, "classes": "{\"Sharrow\": 2}", "n_joins": 0, "gap_total_m": 0.0, "obs_len_m": 67.5, "obs_ratio": 1.0, "source": "bikelane", "members": "303", "id": 238, "length_m": 67.5}, "geometry": {"type": "LineString", "coordinates": [[317995.8125, 4705605.5], [317949.4375, 4705583.0], [317935.34375, 4705575.5]]}}, {"type": "Feature", "properties": {"type": "Sharrow", "n_signs": 1, "conf_max": 0.671, "classes": "{\"Sharrow\": 1}", "n_joins": 0, "gap_total_m": 0.0, "obs_len_m": 51.5, "obs_ratio": 1.0, "source": "bikelane", "members": "305", "id": 239, "length_m": 51.5}, "geometry": {"type": "LineString", "coordinates": [[312741.59375, 4706424.5], [312737.5625, 4706442.5], [312731.40625, 4706475.0]]}}, {"type": "Feature", "properties": {"type": "Sharrow", "n_signs": 2, "conf_max": 0.77, "classes": "{\"Sharrow\": 2}", "n_joins": 0, "gap_total_m": 0.0, "obs_len_m": 163.2, "obs_ratio": 1.0, "source": "bikelane", "members": "306", "id": 240, "length_m": 163.2}, "geometry": {"type": "LineString", "coordinates": [[313239.90625, 4699030.5], [313132.0625, 4699099.5], [313102.1875, 4699118.0]]}}, {"type": "Feature", "properties": {"type": "Sharrow", "n_signs": 1, "conf_max": 0.795, "classes": "{\"Sharrow\": 1}", "n_joins": 0, "gap_total_m": 0.0, "obs_len_m": 185.3, "obs_ratio": 1.0, "source": "bikelane", "members": "307", "id": 241, "length_m": 185.3}, "geometry": {"type": "LineString", "coordinates": [[313263.15625, 4699019.0], [313148.40625, 4699092.5], [313106.84375, 4699118.5]]}}, {"type": "Feature", "properties": {"type": "Sharrow", "n_signs": 3, "conf_max": 0.785, "classes": "{\"Sharrow\": 3}", "n_joins": 0, "gap_total_m": 0.0, "obs_len_m": 58.1, "obs_ratio": 1.0, "source": "bikelane", "members": "308", "id": 242, "length_m": 58.1}, "geometry": {"type": "LineString", "coordinates": [[312785.5625, 4696801.5], [312775.5, 4696770.5], [312766.8125, 4696746.5]]}}, {"type": "Feature", "properties": {"type": "Sharrow", "n_signs": 1, "conf_max": 0.776, "classes": "{\"Sharrow\": 1}", "n_joins": 0, "gap_total_m": 0.0, "obs_len_m": 44.6, "obs_ratio": 1.0, "source": "bikelane", "members": "309", "id": 243, "length_m": 44.6}, "geometry": {"type": "LineString", "coordinates": [[312754.65625, 4696633.0], [312751.1875, 4696643.5], [312750.0, 4696653.5], [312750.15625, 4696662.5], [312751.8125, 4696670.0], [312753.75, 4696676.5]]}}, {"type": "Feature", "properties": {"type": "Sharrow", "n_signs": 4, "conf_max": 0.776, "classes": "{\"Sharrow\": 4}", "n_joins": 0, "gap_total_m": 0.0, "obs_len_m": 221.1, "obs_ratio": 1.0, "source": "bikelane", "members": "310", "id": 244, "length_m": 221.1}, "geometry": {"type": "LineString", "coordinates": [[312751.9375, 4696633.0], [312748.5, 4696643.5], [312747.59375, 4696651.0], [312747.75, 4696663.0], [312749.09375, 4696669.5], [312785.09375, 4696776.5], [312807.0, 4696844.0]]}}, {"type": "Feature", "properties": {"type": "Sharrow", "n_signs": 1, "conf_max": 0.739, "classes": "{\"Sharrow\": 1}", "n_joins": 0, "gap_total_m": 0.0, "obs_len_m": 42.4, "obs_ratio": 1.0, "source": "bikelane", "members": "311", "id": 245, "length_m": 42.4}, "geometry": {"type": "LineString", "coordinates": [[312794.5625, 4696596.0], [312778.34375, 4696604.0], [312773.09375, 4696607.0], [312765.90625, 4696613.0], [312759.75, 4696619.5]]}}, {"type": "Feature", "properties": {"type": "Sharrow", "n_signs": 1, "conf_max": 0.645, "classes": "{\"Sharrow\": 1}", "n_joins": 0, "gap_total_m": 0.0, "obs_len_m": 52.6, "obs_ratio": 1.0, "source": "bikelane", "members": "313", "id": 246, "length_m": 52.6}, "geometry": {"type": "LineString", "coordinates": [[318704.09375, 4703019.0], [318697.34375, 4703020.5], [318654.15625, 4703035.5]]}}, {"type": "Feature", "properties": {"type": "Sharrow", "n_signs": 2, "conf_max": 0.637, "classes": "{\"Sharrow\": 2}", "n_joins": 0, "gap_total_m": 0.0, "obs_len_m": 50.4, "obs_ratio": 1.0, "source": "bikelane", "members": "314", "id": 247, "length_m": 50.4}, "geometry": {"type": "LineString", "coordinates": [[318579.59375, 4703060.0], [318606.0, 4703054.5], [318628.65625, 4703048.5]]}}, {"type": "Feature", "properties": {"type": "Sharrow", "n_signs": 3, "conf_max": 0.793, "classes": "{\"Sharrow\": 3}", "n_joins": 0, "gap_total_m": 0.0, "obs_len_m": 179.9, "obs_ratio": 1.0, "source": "bikelane", "members": "315", "id": 248, "length_m": 179.9}, "geometry": {"type": "LineString", "coordinates": [[319062.75, 4701970.5], [319028.40625, 4701961.5], [318888.4375, 4701926.0]]}}, {"type": "Feature", "properties": {"type": "Sharrow", "n_signs": 1, "conf_max": 0.824, "classes": "{\"Sharrow\": 1}", "n_joins": 0, "gap_total_m": 0.0, "obs_len_m": 42.7, "obs_ratio": 1.0, "source": "bikelane", "members": "316", "id": 249, "length_m": 42.7}, "geometry": {"type": "LineString", "coordinates": [[318733.34375, 4701888.0], [318691.9375, 4701877.5]]}}, {"type": "Feature", "properties": {"type": "BikeOnly", "n_signs": 1, "conf_max": 0.758, "classes": "{\"BikeOnly\": 1}", "n_joins": 0, "gap_total_m": 0.0, "obs_len_m": 45.7, "obs_ratio": 1.0, "source": "bikelane", "members": "319", "id": 250, "length_m": 45.7}, "geometry": {"type": "LineString", "coordinates": [[318536.09375, 4699696.5], [318552.15625, 4699680.5], [318568.1875, 4699664.0]]}}, {"type": "Feature", "properties": {"type": "BikeOnly", "n_signs": 2, "conf_max": 0.758, "classes": "{\"BikeOnly\": 2}", "n_joins": 0, "gap_total_m": 0.0, "obs_len_m": 38.9, "obs_ratio": 1.0, "source": "bikelane", "members": "320", "id": 251, "length_m": 38.9}, "geometry": {"type": "LineString", "coordinates": [[318566.5625, 4698549.0], [318571.1875, 4698540.5], [318586.34375, 4698515.5]]}}, {"type": "Feature", "properties": {"type": "BikeOnly", "n_signs": 1, "conf_max": 0.693, "classes": "{\"BikeOnly\": 1}", "n_joins": 0, "gap_total_m": 0.0, "obs_len_m": 22.6, "obs_ratio": 1.0, "source": "bikelane", "members": "321", "id": 252, "length_m": 22.6}, "geometry": {"type": "LineString", "coordinates": [[318647.6875, 4698300.0], [318642.59375, 4698322.0]]}}, {"type": "Feature", "properties": {"type": "BikeOnly", "n_signs": 2, "conf_max": 0.758, "classes": "{\"BikeOnly\": 2}", "n_joins": 0, "gap_total_m": 0.0, "obs_len_m": 26.8, "obs_ratio": 1.0, "source": "bikelane", "members": "322", "id": 253, "length_m": 26.8}, "geometry": {"type": "LineString", "coordinates": [[318588.0, 4698516.5], [318574.1875, 4698539.5]]}}, {"type": "Feature", "properties": {"type": "Sharrow", "n_signs": 1, "conf_max": 0.811, "classes": "{\"Sharrow\": 1}", "n_joins": 0, "gap_total_m": 0.0, "obs_len_m": 45.9, "obs_ratio": 1.0, "source": "bikelane", "members": "323", "id": 254, "length_m": 45.9}, "geometry": {"type": "LineString", "coordinates": [[318894.75, 4698391.0], [318917.09375, 4698387.0], [318939.75, 4698382.0]]}}, {"type": "Feature", "properties": {"type": "BikeOnly", "n_signs": 4, "conf_max": 0.838, "classes": "{\"BikeOnly\": 4}", "n_joins": 0, "gap_total_m": 0.0, "obs_len_m": 23.0, "obs_ratio": 1.0, "source": "bikelane", "members": "324", "id": 255, "length_m": 23.0}, "geometry": {"type": "LineString", "coordinates": [[318556.65625, 4698560.5], [318541.1875, 4698577.5]]}}, {"type": "Feature", "properties": {"type": "Sharrow", "n_signs": 2, "conf_max": 0.674, "classes": "{\"Sharrow\": 2}", "n_joins": 0, "gap_total_m": 0.0, "obs_len_m": 126.7, "obs_ratio": 1.0, "source": "bikelane", "members": "325", "id": 256, "length_m": 126.7}, "geometry": {"type": "LineString", "coordinates": [[318960.90625, 4697139.5], [319059.15625, 4697059.5]]}}, {"type": "Feature", "properties": {"type": "Sharrow", "n_signs": 2, "conf_max": 0.696, "classes": "{\"Sharrow\": 2}", "n_joins": 0, "gap_total_m": 0.0, "obs_len_m": 546.2, "obs_ratio": 1.0, "source": "bikelane", "members": "326", "id": 257, "length_m": 546.2}, "geometry": {"type": "LineString", "coordinates": [[318760.8125, 4697297.5], [318714.0, 4697334.5], [318478.34375, 4697524.0], [318337.0625, 4697640.5], [318336.0, 4697640.5]]}}, {"type": "Feature", "properties": {"type": "Sharrow", "n_signs": 1, "conf_max": 0.722, "classes": "{\"Sharrow\": 1}", "n_joins": 0, "gap_total_m": 0.0, "obs_len_m": 50.1, "obs_ratio": 1.0, "source": "bikelane", "members": "327", "id": 258, "length_m": 50.1}, "geometry": {"type": "LineString", "coordinates": [[318853.65625, 4697225.0], [318814.34375, 4697256.0]]}}, {"type": "Feature", "properties": {"type": "BikeOnly", "n_signs": 4, "conf_max": 0.763, "classes": "{\"BikeOnly\": 4}", "n_joins": 0, "gap_total_m": 0.0, "obs_len_m": 450.5, "obs_ratio": 1.0, "source": "bikelane", "members": "328", "id": 259, "length_m": 450.5}, "geometry": {"type": "LineString", "coordinates": [[318858.90625, 4705569.5], [318804.90625, 4705543.0], [318755.84375, 4705520.0], [318710.5625, 4705499.0], [318644.09375, 4705470.5], [318562.34375, 4705437.0], [318444.90625, 4705392.5]]}}, {"type": "Feature", "properties": {"type": "BikeOnly", "n_signs": 4, "conf_max": 0.763, "classes": "{\"BikeOnly\": 4}", "n_joins": 0, "gap_total_m": 0.0, "obs_len_m": 248.2, "obs_ratio": 1.0, "source": "bikelane", "members": "329", "id": 260, "length_m": 248.2}, "geometry": {"type": "LineString", "coordinates": [[318859.65625, 4705567.5], [318798.3125, 4705536.0], [318758.40625, 4705517.0], [318691.5, 4705487.0], [318634.8125, 4705462.5]]}}, {"type": "Feature", "properties": {"type": "Sharrow", "n_signs": 4, "conf_max": 0.793, "classes": "{\"Sharrow\": 4}", "n_joins": 0, "gap_total_m": 0.0, "obs_len_m": 223.4, "obs_ratio": 1.0, "source": "bikelane", "members": "330", "id": 261, "length_m": 223.4}, "geometry": {"type": "LineString", "coordinates": [[319127.84375, 4701989.5], [319095.0, 4701979.5], [319071.90625, 4701973.0], [318923.84375, 4701935.0], [318912.0, 4701932.0]]}}, {"type": "Feature", "properties": {"type": "Sharrow", "n_signs": 10, "conf_max": 0.822, "classes": "{\"Sharrow\": 10}", "n_joins": 1, "gap_total_m": 9.7, "obs_len_m": 227.7, "obs_ratio": 0.959, "source": "bikelane", "members": "331,339", "id": 262, "length_m": 237.4}, "geometry": {"type": "LineString", "coordinates": [[319624.0625, 4701568.5], [319645.65625, 4701575.0], [319662.4375, 4701579.5], [319688.84375, 4701584.5], [319709.6875, 4701587.5], [319733.5625, 4701589.0], [319752.90625, 4701589.5], [319774.34375, 4701588.0], [319797.75, 4701585.5], [319807.34375, 4701584.0], [319831.8125, 4701579.0], [319857.3125, 4701571.5]]}}, {"type": "Feature", "properties": {"type": "Sharrow", "n_signs": 1, "conf_max": 0.765, "classes": "{\"Sharrow\": 1}", "n_joins": 0, "gap_total_m": 0.0, "obs_len_m": 61.8, "obs_ratio": 1.0, "source": "bikelane", "members": "332", "id": 263, "length_m": 61.8}, "geometry": {"type": "LineString", "coordinates": [[319372.9375, 4701484.0], [319384.65625, 4701488.5], [319431.4375, 4701504.0]]}}, {"type": "Feature", "properties": {"type": "Sharrow", "n_signs": 1, "conf_max": 0.797, "classes": "{\"Sharrow\": 1}", "n_joins": 0, "gap_total_m": 0.0, "obs_len_m": 41.4, "obs_ratio": 1.0, "source": "bikelane", "members": "333", "id": 264, "length_m": 41.4}, "geometry": {"type": "LineString", "coordinates": [[319459.8125, 4701513.5], [319499.09375, 4701526.5]]}}, {"type": "Feature", "properties": {"type": "BikeOnly", "n_signs": 1, "conf_max": 0.605, "classes": "{\"BikeOnly\": 1}", "n_joins": 0, "gap_total_m": 0.0, "obs_len_m": 97.0, "obs_ratio": 1.0, "source": "bikelane", "members": "334", "id": 265, "length_m": 97.0}, "geometry": {"type": "LineString", "coordinates": [[319367.5625, 4698276.5], [319407.75, 4698260.5], [319457.25, 4698239.5]]}}, {"type": "Feature", "properties": {"type": "Sharrow", "n_signs": 2, "conf_max": 0.821, "classes": "{\"Sharrow\": 2}", "n_joins": 0, "gap_total_m": 0.0, "obs_len_m": 33.6, "obs_ratio": 1.0, "source": "bikelane", "members": "335", "id": 266, "length_m": 33.6}, "geometry": {"type": "LineString", "coordinates": [[319331.09375, 4698232.5], [319300.0625, 4698245.5]]}}, {"type": "Feature", "properties": {"type": "Sharrow", "n_signs": 2, "conf_max": 0.699, "classes": "{\"Sharrow\": 2}", "n_joins": 0, "gap_total_m": 0.0, "obs_len_m": 22.8, "obs_ratio": 1.0, "source": "bikelane", "members": "336", "id": 267, "length_m": 22.8}, "geometry": {"type": "LineString", "coordinates": [[319187.09375, 4698293.0], [319166.09375, 4698302.0]]}}, {"type": "Feature", "properties": {"type": "Sharrow", "n_signs": 1, "conf_max": 0.617, "classes": "{\"Sharrow\": 1}", "n_joins": 0, "gap_total_m": 0.0, "obs_len_m": 48.6, "obs_ratio": 1.0, "source": "bikelane", "members": "337", "id": 268, "length_m": 48.6}, "geometry": {"type": "LineString", "coordinates": [[319932.75, 4703658.0], [319885.1875, 4703668.0]]}}, {"type": "Feature", "properties": {"type": "Sharrow", "n_signs": 1, "conf_max": 0.617, "classes": "{\"Sharrow\": 1}", "n_joins": 0, "gap_total_m": 0.0, "obs_len_m": 62.0, "obs_ratio": 1.0, "source": "bikelane", "members": "338", "id": 269, "length_m": 62.0}, "geometry": {"type": "LineString", "coordinates": [[319890.15625, 4703664.5], [319950.75, 4703651.5]]}}, {"type": "Feature", "properties": {"type": "Sharrow", "n_signs": 6, "conf_max": 0.817, "classes": "{\"Sharrow\": 6}", "n_joins": 1, "gap_total_m": 4.3, "obs_len_m": 258.2, "obs_ratio": 0.984, "source": "bikelane", "members": "340,341", "id": 270, "length_m": 262.5}, "geometry": {"type": "LineString", "coordinates": [[320344.5, 4701424.0], [320171.84375, 4701476.0], [320144.6875, 4701485.0], [320140.65625, 4701486.5], [320093.40625, 4701500.5]]}}, {"type": "Feature", "properties": {"type": "Sharrow", "n_signs": 1, "conf_max": 0.8, "classes": "{\"Sharrow\": 1}", "n_joins": 0, "gap_total_m": 0.0, "obs_len_m": 48.7, "obs_ratio": 1.0, "source": "bikelane", "members": "342", "id": 271, "length_m": 48.7}, "geometry": {"type": "LineString", "coordinates": [[320005.1875, 4701526.5], [320051.84375, 4701512.5]]}}, {"type": "Feature", "properties": {"type": "Sharrow", "n_signs": 2, "conf_max": 0.623, "classes": "{\"Sharrow\": 2}", "n_joins": 0, "gap_total_m": 0.0, "obs_len_m": 219.8, "obs_ratio": 1.0, "source": "bikelane", "members": "343", "id": 272, "length_m": 219.8}, "geometry": {"type": "LineString", "coordinates": [[320082.75, 4700381.5], [319953.4375, 4700488.5], [319919.25, 4700516.5], [319912.9375, 4700521.0]]}}, {"type": "Feature", "properties": {"type": "Sharrow", "n_signs": 3, "conf_max": 0.781, "classes": "{\"Sharrow\": 3}", "n_joins": 0, "gap_total_m": 0.0, "obs_len_m": 101.4, "obs_ratio": 1.0, "source": "bikelane", "members": "344", "id": 273, "length_m": 101.4}, "geometry": {"type": "LineString", "coordinates": [[320114.40625, 4699801.0], [320083.5, 4699877.0], [320076.4375, 4699895.0]]}}, {"type": "Feature", "properties": {"type": "Sharrow", "n_signs": 2, "conf_max": 0.672, "classes": "{\"Sharrow\": 2}", "n_joins": 0, "gap_total_m": 0.0, "obs_len_m": 122.2, "obs_ratio": 1.0, "source": "bikelane", "members": "345", "id": 274, "length_m": 122.2}, "geometry": {"type": "LineString", "coordinates": [[320158.1875, 4699624.5], [320173.34375, 4699560.5], [320176.65625, 4699550.0], [320180.6875, 4699539.5], [320186.5625, 4699527.0], [320197.0625, 4699509.5]]}}, {"type": "Feature", "properties": {"type": "Sharrow", "n_signs": 1, "conf_max": 0.621, "classes": "{\"Sharrow\": 1}", "n_joins": 0, "gap_total_m": 0.0, "obs_len_m": 222.6, "obs_ratio": 1.0, "source": "bikelane", "members": "346", "id": 275, "length_m": 222.6}, "geometry": {"type": "LineString", "coordinates": [[320169.0, 4699592.0], [320176.65625, 4699561.0], [320180.40625, 4699549.0], [320183.5625, 4699541.0], [320189.6875, 4699528.0], [320196.4375, 4699516.0], [320203.34375, 4699506.0], [320211.15625, 4699496.0], [320216.84375, 4699489.5], [320226.90625, 4699479.5], [320235.90625, 4699471.5], [320246.84375, 4699463.5], [320256.90625, 4699457.0], [320266.34375, 4699452.0], [320306.6875, 4699431.0]]}}, {"type": "Feature", "properties": {"type": "BikeOnly", "n_signs": 1, "conf_max": 0.766, "classes": "{\"BikeOnly\": 1}", "n_joins": 0, "gap_total_m": 0.0, "obs_len_m": 63.4, "obs_ratio": 1.0, "source": "bikelane", "members": "347", "id": 276, "length_m": 63.4}, "geometry": {"type": "LineString", "coordinates": [[320160.0, 4699254.5], [320221.9375, 4699241.0]]}}, {"type": "Feature", "properties": {"type": "Sharrow", "n_signs": 5, "conf_max": 0.678, "classes": "{\"Sharrow\": 5}", "n_joins": 0, "gap_total_m": 0.0, "obs_len_m": 120.0, "obs_ratio": 1.0, "source": "bikelane", "members": "348", "id": 277, "length_m": 120.0}, "geometry": {"type": "LineString", "coordinates": [[320033.6875, 4699280.5], [320058.4375, 4699274.5], [320150.84375, 4699254.5]]}}, {"type": "Feature", "properties": {"type": "BikeOnly", "n_signs": 1, "conf_max": 0.683, "classes": "{\"BikeOnly\": 1}", "n_joins": 0, "gap_total_m": 0.0, "obs_len_m": 20.9, "obs_ratio": 1.0, "source": "bikelane", "members": "349", "id": 278, "length_m": 20.9}, "geometry": {"type": "LineString", "coordinates": [[320158.0625, 4699244.0], [320170.34375, 4699242.0], [320178.59375, 4699240.0]]}}, {"type": "Feature", "properties": {"type": "Sharrow", "n_signs": 2, "conf_max": 0.706, "classes": "{\"Sharrow\": 2}", "n_joins": 0, "gap_total_m": 0.0, "obs_len_m": 55.9, "obs_ratio": 1.0, "source": "bikelane", "members": "350", "id": 279, "length_m": 55.9}, "geometry": {"type": "LineString", "coordinates": [[320424.0, 4701399.5], [320370.59375, 4701416.0]]}}, {"type": "Feature", "properties": {"type": "BikeOnly", "n_signs": 2, "conf_max": 0.737, "classes": "{\"BikeOnly\": 2}", "n_joins": 0, "gap_total_m": 0.0, "obs_len_m": 70.6, "obs_ratio": 1.0, "source": "bikelane", "members": "351", "id": 280, "length_m": 70.6}, "geometry": {"type": "LineString", "coordinates": [[320500.34375, 4699184.0], [320452.1875, 4699186.5], [320429.84375, 4699188.0]]}}, {"type": "Feature", "properties": {"type": "BikeOnly", "n_signs": 2, "conf_max": 0.759, "classes": "{\"BikeOnly\": 2}", "n_joins": 0, "gap_total_m": 0.0, "obs_len_m": 172.2, "obs_ratio": 1.0, "source": "bikelane", "members": "352", "id": 281, "length_m": 172.2}, "geometry": {"type": "LineString", "coordinates": [[320401.5, 4698900.5], [320382.59375, 4698986.0], [320369.84375, 4699041.5], [320367.59375, 4699055.0], [320366.6875, 4699069.0]]}}, {"type": "Feature", "properties": {"type": "BikeOnly", "n_signs": 1, "conf_max": 0.761, "classes": "{\"BikeOnly\": 1}", "n_joins": 0, "gap_total_m": 0.0, "obs_len_m": 58.0, "obs_ratio": 1.0, "source": "bikelane", "members": "353", "id": 282, "length_m": 58.0}, "geometry": {"type": "LineString", "coordinates": [[320336.09375, 4699216.0], [320392.8125, 4699204.0]]}}, {"type": "Feature", "properties": {"type": "BikeOnly", "n_signs": 2, "conf_max": 0.737, "classes": "{\"BikeOnly\": 2}", "n_joins": 0, "gap_total_m": 0.0, "obs_len_m": 82.2, "obs_ratio": 1.0, "source": "bikelane", "members": "354", "id": 283, "length_m": 82.2}, "geometry": {"type": "LineString", "coordinates": [[320513.40625, 4699181.0], [320443.5, 4699185.0], [320431.34375, 4699186.0]]}}, {"type": "Feature", "properties": {"type": "BikeOnly", "n_signs": 2, "conf_max": 0.81, "classes": "{\"BikeOnly\": 2}", "n_joins": 0, "gap_total_m": 0.0, "obs_len_m": 62.0, "obs_ratio": 1.0, "source": "bikelane", "members": "355", "id": 284, "length_m": 62.0}, "geometry": {"type": "LineString", "coordinates": [[320415.0, 4698850.5], [320428.5, 4698790.0]]}}, {"type": "Feature", "properties": {"type": "BikeOnly", "n_signs": 2, "conf_max": 0.649, "classes": "{\"BikeOnly\": 2}", "n_joins": 0, "gap_total_m": 0.0, "obs_len_m": 147.2, "obs_ratio": 1.0, "source": "bikelane", "members": "356", "id": 285, "length_m": 147.2}, "geometry": {"type": "LineString", "coordinates": [[320532.4375, 4699181.5], [320679.3125, 4699172.0]]}}, {"type": "Feature", "properties": {"type": "BikeOnly", "n_signs": 2, "conf_max": 0.759, "classes": "{\"BikeOnly\": 2}", "n_joins": 0, "gap_total_m": 0.0, "obs_len_m": 171.2, "obs_ratio": 1.0, "source": "bikelane", "members": "357", "id": 286, "length_m": 171.2}, "geometry": {"type": "LineString", "coordinates": [[320368.8125, 4699069.5], [320369.40625, 4699059.0], [320371.9375, 4699042.0], [320403.3125, 4698902.0]]}}, {"type": "Feature", "properties": {"type": "BikeOnly", "n_signs": 1, "conf_max": 0.766, "classes": "{\"BikeOnly\": 1}", "n_joins": 0, "gap_total_m": 0.0, "obs_len_m": 61.1, "obs_ratio": 1.0, "source": "bikelane", "members": "358", "id": 287, "length_m": 61.1}, "geometry": {"type": "LineString", "coordinates": [[320161.0625, 4699256.5], [320168.25, 4699254.5], [320220.59375, 4699243.0]]}}, {"type": "Feature", "properties": {"type": "BikeOnly", "n_signs": 1, "conf_max": 0.713, "classes": "{\"BikeOnly\": 1}", "n_joins": 0, "gap_total_m": 0.0, "obs_len_m": 30.6, "obs_ratio": 1.0, "source": "bikelane", "members": "359", "id": 288, "length_m": 30.6}, "geometry": {"type": "LineString", "coordinates": [[320712.3125, 4699167.5], [320742.90625, 4699166.0]]}}, {"type": "Feature", "properties": {"type": "BikeOnly", "n_signs": 2, "conf_max": 0.81, "classes": "{\"BikeOnly\": 2}", "n_joins": 0, "gap_total_m": 0.0, "obs_len_m": 84.0, "obs_ratio": 1.0, "source": "bikelane", "members": "360", "id": 289, "length_m": 84.0}, "geometry": {"type": "LineString", "coordinates": [[320409.75, 4698864.5], [320428.0625, 4698782.5]]}}, {"type": "Feature", "properties": {"type": "BikeOnly", "n_signs": 7, "conf_max": 0.746, "classes": "{\"BikeOnly\": 7}", "n_joins": 2, "gap_total_m": 24.0, "obs_len_m": 270.7, "obs_ratio": 0.918, "source": "bikelane", "members": "361,375,373", "id": 290, "length_m": 294.7}, "geometry": {"type": "LineString", "coordinates": [[320711.09375, 4699178.5], [320801.25, 4699172.5], [320812.65625, 4699171.0], [320824.1875, 4699167.5], [320841.90625, 4699161.5], [320900.84375, 4699139.0], [320929.1875, 4699126.0], [320956.34375, 4699115.5], [320961.4375, 4699114.0], [320971.8125, 4699110.0], [320993.09375, 4699103.5]]}}, {"type": "Feature", "properties": {"type": "BikeOnly", "n_signs": 6, "conf_max": 0.783, "classes": "{\"BikeOnly\": 6}", "n_joins": 1, "gap_total_m": 22.6, "obs_len_m": 158.6, "obs_ratio": 0.875, "source": "bikelane", "members": "362,366", "id": 291, "length_m": 181.2}, "geometry": {"type": "LineString", "coordinates": [[320571.0, 4698487.5], [320537.6875, 4698545.0], [320526.3125, 4698564.5], [320489.40625, 4698628.5], [320480.5625, 4698644.5]]}}, {"type": "Feature", "properties": {"type": "BikeOnly", "n_signs": 2, "conf_max": 0.712, "classes": "{\"BikeOnly\": 2}", "n_joins": 0, "gap_total_m": 0.0, "obs_len_m": 123.6, "obs_ratio": 1.0, "source": "bikelane", "members": "363", "id": 292, "length_m": 123.6}, "geometry": {"type": "LineString", "coordinates": [[320428.5, 4698785.0], [320428.5, 4698781.5], [320433.75, 4698761.0], [320438.5625, 4698745.0], [320445.4375, 4698724.0], [320455.0625, 4698698.0], [320468.40625, 4698668.5]]}}, {"type": "Feature", "properties": {"type": "BikeOnly", "n_signs": 1, "conf_max": 0.752, "classes": "{\"BikeOnly\": 1}", "n_joins": 0, "gap_total_m": 0.0, "obs_len_m": 45.8, "obs_ratio": 1.0, "source": "bikelane", "members": "364", "id": 293, "length_m": 45.8}, "geometry": {"type": "LineString", "coordinates": [[320619.75, 4698281.5], [320617.5, 4698270.5], [320614.5, 4698259.0], [320607.3125, 4698237.5]]}}, {"type": "Feature", "properties": {"type": "BikeOnly", "n_signs": 7, "conf_max": 0.805, "classes": "{\"BikeOnly\": 7}", "n_joins": 1, "gap_total_m": 19.0, "obs_len_m": 222.5, "obs_ratio": 0.921, "source": "bikelane", "members": "365,369", "id": 294, "length_m": 241.6}, "geometry": {"type": "LineString", "coordinates": [[320583.90625, 4698465.5], [320597.84375, 4698442.0], [320608.1875, 4698423.0], [320614.34375, 4698410.0], [320619.75, 4698396.0], [320627.09375, 4698370.5], [320630.84375, 4698349.5], [320632.1875, 4698336.5], [320632.65625, 4698323.0], [320634.0, 4698304.0], [320633.09375, 4698293.0], [320630.25, 4698275.5], [320625.4375, 4698255.5], [320619.4375, 4698236.0]]}}, {"type": "Feature", "properties": {"type": "BikeOnly", "n_signs": 3, "conf_max": 0.805, "classes": "{\"BikeOnly\": 3}", "n_joins": 0, "gap_total_m": 0.0, "obs_len_m": 69.1, "obs_ratio": 1.0, "source": "bikelane", "members": "367", "id": 295, "length_m": 69.1}, "geometry": {"type": "LineString", "coordinates": [[320632.0625, 4698304.0], [320630.25, 4698287.5], [320627.25, 4698272.0], [320623.5, 4698256.0], [320617.8125, 4698236.5]]}}, {"type": "Feature", "properties": {"type": "BikeOnly", "n_signs": 1, "conf_max": 0.749, "classes": "{\"BikeOnly\": 1}", "n_joins": 0, "gap_total_m": 0.0, "obs_len_m": 86.7, "obs_ratio": 1.0, "source": "bikelane", "members": "368", "id": 296, "length_m": 86.7}, "geometry": {"type": "LineString", "coordinates": [[320623.9375, 4698389.0], [320618.25, 4698406.0], [320611.8125, 4698420.5], [320599.65625, 4698443.0], [320585.6875, 4698466.5]]}}, {"type": "Feature", "properties": {"type": "BikeOnly", "n_signs": 3, "conf_max": 0.775, "classes": "{\"BikeOnly\": 3}", "n_joins": 0, "gap_total_m": 0.0, "obs_len_m": 67.0, "obs_ratio": 1.0, "source": "bikelane", "members": "370", "id": 297, "length_m": 67.0}, "geometry": {"type": "LineString", "coordinates": [[320572.5, 4698489.0], [320538.90625, 4698547.0]]}}, {"type": "Feature", "properties": {"type": "Sharrow", "n_signs": 2, "conf_max": 0.707, "classes": "{\"Sharrow\": 2}", "n_joins": 0, "gap_total_m": 0.0, "obs_len_m": 171.0, "obs_ratio": 1.0, "source": "bikelane", "members": "371", "id": 298, "length_m": 171.0}, "geometry": {"type": "LineString", "coordinates": [[320468.25, 4698045.0], [320497.0625, 4698075.5], [320522.84375, 4698101.0], [320541.75, 4698122.0], [320550.90625, 4698133.5], [320559.15625, 4698145.0], [320570.25, 4698161.5], [320578.34375, 4698175.0]]}}, {"type": "Feature", "properties": {"type": "BikeOnly", "n_signs": 2, "conf_max": 0.729, "classes": "{\"BikeOnly\": 2}", "n_joins": 0, "gap_total_m": 0.0, "obs_len_m": 98.8, "obs_ratio": 1.0, "source": "bikelane", "members": "372", "id": 299, "length_m": 98.8}, "geometry": {"type": "LineString", "coordinates": [[320809.0625, 4699173.5], [320793.59375, 4699175.0], [320710.5, 4699180.5]]}}, {"type": "Feature", "properties": {"type": "BikeOnly", "n_signs": 4, "conf_max": 0.746, "classes": "{\"BikeOnly\": 4}", "n_joins": 0, "gap_total_m": 0.0, "obs_len_m": 23.4, "obs_ratio": 1.0, "source": "bikelane", "members": "374", "id": 300, "length_m": 23.4}, "geometry": {"type": "LineString", "coordinates": [[320903.40625, 4699139.0], [320925.0, 4699130.0]]}}, {"type": "Feature", "properties": {"type": "BikeOnly", "n_signs": 6, "conf_max": 0.766, "classes": "{\"BikeOnly\": 6}", "n_joins": 0, "gap_total_m": 0.0, "obs_len_m": 133.7, "obs_ratio": 1.0, "source": "bikelane", "members": "376", "id": 301, "length_m": 133.7}, "geometry": {"type": "LineString", "coordinates": [[320911.34375, 4699125.0], [320892.90625, 4699133.0], [320839.1875, 4699153.5], [320822.40625, 4699159.5], [320804.84375, 4699163.5], [320784.59375, 4699165.0]]}}, {"type": "Feature", "properties": {"type": "BikeOnly", "n_signs": 1, "conf_max": 0.66, "classes": "{\"BikeOnly\": 1}", "n_joins": 0, "gap_total_m": 0.0, "obs_len_m": 80.2, "obs_ratio": 1.0, "source": "bikelane", "members": "377", "id": 302, "length_m": 80.2}, "geometry": {"type": "LineString", "coordinates": [[321941.25, 4706459.5], [321923.6875, 4706464.0], [321893.6875, 4706475.0], [321883.9375, 4706477.5], [321865.1875, 4706484.5]]}}, {"type": "Feature", "properties": {"type": "BikeOnly", "n_signs": 1, "conf_max": 0.63, "classes": "{\"BikeOnly\": 1}", "n_joins": 0, "gap_total_m": 0.0, "obs_len_m": 71.9, "obs_ratio": 1.0, "source": "bikelane", "members": "378", "id": 303, "length_m": 71.9}, "geometry": {"type": "LineString", "coordinates": [[313683.3125, 4703595.0], [313664.25, 4703587.5], [313650.3125, 4703582.5], [313615.0625, 4703572.5]]}}]}