{"type": "FeatureCollection", "crs": {"type": "name", "properties": {"name": "urn:ogc:def:crs:EPSG::32619"}}, "features": [{"type": "Feature", "properties": {"cls": "BikeOnly", "conf": 0.623, "tile": "tile_px0_py2304.jpg", "isolated": 1, "nearest_m": 5.4}, "geometry": {"type": "Point", "coordinates": [312028.96, 4706594.88]}}, {"type": "Feature", "properties": {"cls": "BikeOnly", "conf": 0.68, "tile": "tile_px10752_py23040.jpg", "isolated": 1, "nearest_m": 86.7}, "geometry": {"type": "Point", "coordinates": [313683.59, 4703492.42]}}, {"type": "Feature", "properties": {"cls": "BikeOnly", "conf": 0.623, "tile": "tile_px10752_py34560.jpg", "isolated": 1, "nearest_m": 44.9}, "geometry": {"type": "Point", "coordinates": [313617.52, 4701729.79]}}, {"type": "Feature", "properties": {"cls": "Sharrow", "conf": 0.637, "tile": "tile_px10752_py41472.jpg", "isolated": 1, "nearest_m": -1}, "geometry": {"type": "Point", "coordinates": [313717.65, 4700644.09]}}, {"type": "Feature", "properties": {"cls": "BikeOnly", "conf": 0.714, "tile": "tile_px11520_py21504.jpg", "isolated": 1, "nearest_m": 48.6}, "geometry": {"type": "Point", "coordinates": [313838.99, 4703709.48]}}, {"type": "Feature", "properties": {"cls": "Sharrow", "conf": 0.797, "tile": "tile_px11520_py25344.jpg", "isolated": 0, "nearest_m": 4.1}, "geometry": {"type": "Point", "coordinates": [313874.19, 4703149.35]}}, {"type": "Feature", "properties": {"cls": "Sharrow", "conf": 0.761, "tile": "tile_px11520_py41472.jpg", "isolated": 0, "nearest_m": -1}, "geometry": {"type": "Point", "coordinates": [313869.77, 4700642.08]}}, {"type": "Feature", "properties": {"cls": "Sharrow", "conf": 0.702, "tile": "tile_px11520_py42240.jpg", "isolated": 0, "nearest_m": -1}, "geometry": {"type": "Point", "coordinates": [313869.77, 4700642.1]}}, {"type": "Feature", "properties": {"cls": "BikeOnly", "conf": 0.674, "tile": "tile_px11520_py4608.jpg", "isolated": 0, "nearest_m": -1}, "geometry": {"type": "Point", "coordinates": [313795.25, 4706165.55]}}, {"type": "Feature", "properties": {"cls": "BikeOnly", "conf": 0.646, "tile": "tile_px11520_py5376.jpg", "isolated": 0, "nearest_m": -1}, "geometry": {"type": "Point", "coordinates": [313795.25, 4706165.55]}}, {"type": "Feature", "properties": {"cls": "BikeOnly", "conf": 0.787, "tile": "tile_px12288_py19968.jpg", "isolated": 0, "nearest_m": 2.2}, "geometry": {"type": "Point", "coordinates": [313968.58, 4703966.96]}}, {"type": "Feature", "properties": {"cls": "BikeOnly", "conf": 0.642, "tile": "tile_px12288_py19968.jpg", "isolated": 1, "nearest_m": 3.8}, "geometry": {"type": "Point", "coordinates": [313937.01, 4703895.82]}}, {"type": "Feature", "properties": {"cls": "BikeOnly", "conf": 0.749, "tile": "tile_px12288_py20736.jpg", "isolated": 0, "nearest_m": 2.1}, "geometry": {"type": "Point", "coordinates": [313906.55, 4703827.24]}}, {"type": "Feature", "properties": {"cls": "BikeOnly", "conf": 0.699, "tile": "tile_px12288_py20736.jpg", "isolated": 0, "nearest_m": 9.0}, "geometry": {"type": "Point", "coordinates": [313916.61, 4703822.52]}}, {"type": "Feature", "properties": {"cls": "Sharrow", "conf": 0.691, "tile": "tile_px12288_py23808.jpg", "isolated": 0, "nearest_m": 20.0}, "geometry": {"type": "Point", "coordinates": [313918.04, 4703284.98]}}, {"type": "Feature", "properties": {"cls": "Sharrow", "conf": 0.715, "tile": "tile_px12288_py24576.jpg", "isolated": 0, "nearest_m": 21.4}, "geometry": {"type": "Point", "coordinates": [313906.6, 4703260.26]}}, {"type": "Feature", "properties": {"cls": "Sharrow", "conf": 0.699, "tile": "tile_px12288_py24576.jpg", "isolated": 0, "nearest_m": 20.0}, "geometry": {"type": "Point", "coordinates": [313918.06, 4703284.99]}}, {"type": "Feature", "properties": {"cls": "Sharrow", "conf": 0.648, "tile": "tile_px12288_py24576.jpg", "isolated": 0, "nearest_m": 3.6}, "geometry": {"type": "Point", "coordinates": [313890.46, 4703208.75]}}, {"type": "Feature", "properties": {"cls": "Sharrow", "conf": 0.8, "tile": "tile_px12288_py25344.jpg", "isolated": 0, "nearest_m": 4.1}, "geometry": {"type": "Point", "coordinates": [313874.18, 4703149.35]}}, {"type": "Feature", "properties": {"cls": "Sharrow", "conf": 0.743, "tile": "tile_px12288_py27648.jpg", "isolated": 0, "nearest_m": 3.9}, "geometry": {"type": "Point", "coordinates": [313936.58, 4702790.46]}}, {"type": "Feature", "properties": {"cls": "Sharrow", "conf": 0.69, "tile": "tile_px12288_py37632.jpg", "isolated": 1, "nearest_m": -1}, "geometry": {"type": "Point", "coordinates": [313936.74, 4701251.33]}}, {"type": "Feature", "properties": {"cls": "Sharrow", "conf": 0.819, "tile": "tile_px12288_py41472.jpg", "isolated": 0, "nearest_m": -1}, "geometry": {"type": "Point", "coordinates": [313983.48, 4700631.15]}}, {"type": "Feature", "properties": {"cls": "Sharrow", "conf": 0.734, "tile": "tile_px12288_py41472.jpg", "isolated": 0, "nearest_m": -1}, "geometry": {"type": "Point", "coordinates": [313869.77, 4700642.09]}}, {"type": "Feature", "properties": {"cls": "Sharrow", "conf": 0.789, "tile": "tile_px12288_py42240.jpg", "isolated": 0, "nearest_m": -1}, "geometry": {"type": "Point", "coordinates": [313983.48, 4700631.15]}}, {"type": "Feature", "properties": {"cls": "Sharrow", "conf": 0.678, "tile": "tile_px12288_py42240.jpg", "isolated": 0, "nearest_m": -1}, "geometry": {"type": "Point", "coordinates": [313869.77, 4700642.1]}}, {"type": "Feature", "properties": {"cls": "BikeOnly", "conf": 0.702, "tile": "tile_px13056_py17664.jpg", "isolated": 0, "nearest_m": 5.1}, "geometry": {"type": "Point", "coordinates": [314093.05, 4704226.61]}}, {"type": "Feature", "properties": {"cls": "BikeOnly", "conf": 0.747, "tile": "tile_px13056_py18432.jpg", "isolated": 0, "nearest_m": 2.3}, "geometry": {"type": "Point", "coordinates": [314027.91, 4704100.74]}}, {"type": "Feature", "properties": {"cls": "BikeOnly", "conf": 0.715, "tile": "tile_px13056_py18432.jpg", "isolated": 0, "nearest_m": 4.2}, "geometry": {"type": "Point", "coordinates": [314054.15, 4704157.67]}}, {"type": "Feature", "properties": {"cls": "BikeOnly", "conf": 0.713, "tile": "tile_px13056_py18432.jpg", "isolated": 0, "nearest_m": 2.5}, "geometry": {"type": "Point", "coordinates": [314067.67, 4704159.52]}}, {"type": "Feature", "properties": {"cls": "BikeOnly", "conf": 0.685, "tile": "tile_px13056_py18432.jpg", "isolated": 0, "nearest_m": 5.1}, "geometry": {"type": "Point", "coordinates": [314093.05, 4704226.61]}}, {"type": "Feature", "properties": {"cls": "BikeOnly", "conf": 0.791, "tile": "tile_px13056_py19200.jpg", "isolated": 0, "nearest_m": 2.2}, "geometry": {"type": "Point", "coordinates": [313999.74, 4704037.3]}}, {"type": "Feature", "properties": {"cls": "BikeOnly", "conf": 0.751, "tile": "tile_px13056_py19200.jpg", "isolated": 0, "nearest_m": 2.3}, "geometry": {"type": "Point", "coordinates": [314027.91, 4704100.75]}}, {"type": "Feature", "properties": {"cls": "BikeOnly", "conf": 0.695, "tile": "tile_px13056_py19200.jpg", "isolated": 0, "nearest_m": 2.9}, "geometry": {"type": "Point", "coordinates": [314009.85, 4704032.57]}}, {"type": "Feature", "properties": {"cls": "BikeOnly", "conf": 0.793, "tile": "tile_px13056_py19968.jpg", "isolated": 0, "nearest_m": 2.2}, "geometry": {"type": "Point", "coordinates": [313968.57, 4703966.96]}}, {"type": "Feature", "properties": {"cls": "Sharrow", "conf": 0.672, "tile": "tile_px13056_py36864.jpg", "isolated": 1, "nearest_m": -1}, "geometry": {"type": "Point", "coordinates": [314001.13, 4701364.24]}}, {"type": "Feature", "properties": {"cls": "Sharrow", "conf": 0.809, "tile": "tile_px13056_py41472.jpg", "isolated": 0, "nearest_m": -1}, "geometry": {"type": "Point", "coordinates": [313983.48, 4700631.15]}}, {"type": "Feature", "properties": {"cls": "Sharrow", "conf": 0.805, "tile": "tile_px13056_py42240.jpg", "isolated": 0, "nearest_m": -1}, "geometry": {"type": "Point", "coordinates": [313983.48, 4700631.15]}}, {"type": "Feature", "properties": {"cls": "BikeOnly", "conf": 0.765, "tile": "tile_px13056_py55296.jpg", "isolated": 0, "nearest_m": -1}, "geometry": {"type": "Point", "coordinates": [314084.26, 4698618.67]}}, {"type": "Feature", "properties": {"cls": "BikeOnly", "conf": 0.647, "tile": "tile_px13056_py55296.jpg", "isolated": 1, "nearest_m": -1}, "geometry": {"type": "Point", "coordinates": [314081.83, 4698650.55]}}, {"type": "Feature", "properties": {"cls": "Sharrow", "conf": 0.605, "tile": "tile_px13056_py6144.jpg", "isolated": 1, "nearest_m": -1}, "geometry": {"type": "Point", "coordinates": [313995.96, 4706058.83]}}, {"type": "Feature", "properties": {"cls": "BikeOnly", "conf": 0.715, "tile": "tile_px13824_py17664.jpg", "isolated": 0, "nearest_m": 5.1}, "geometry": {"type": "Point", "coordinates": [314093.05, 4704226.61]}}, {"type": "Feature", "properties": {"cls": "BikeOnly", "conf": 0.65, "tile": "tile_px13824_py17664.jpg", "isolated": 0, "nearest_m": 2.5}, "geometry": {"type": "Point", "coordinates": [314142.65, 4704278.18]}}, {"type": "Feature", "properties": {"cls": "BikeOnly", "conf": 0.715, "tile": "tile_px13824_py18432.jpg", "isolated": 0, "nearest_m": 5.2}, "geometry": {"type": "Point", "coordinates": [314093.05, 4704226.62]}}, {"type": "Feature", "properties": {"cls": "Sharrow", "conf": 0.747, "tile": "tile_px13824_py29952.jpg", "isolated": 0, "nearest_m": 9.4}, "geometry": {"type": "Point", "coordinates": [314126.46, 4702429.01]}}, {"type": "Feature", "properties": {"cls": "BikeOnly", "conf": 0.733, "tile": "tile_px13824_py55296.jpg", "isolated": 0, "nearest_m": -1}, "geometry": {"type": "Point", "coordinates": [314084.25, 4698618.68]}}, {"type": "Feature", "properties": {"cls": "BikeOnly", "conf": 0.775, "tile": "tile_px14592_py16128.jpg", "isolated": 0, "nearest_m": 2.9}, "geometry": {"type": "Point", "coordinates": [314340.01, 4704524.02]}}, {"type": "Feature", "properties": {"cls": "BikeOnly", "conf": 0.767, "tile": "tile_px14592_py16128.jpg", "isolated": 0, "nearest_m": 2.4}, "geometry": {"type": "Point", "coordinates": [314289.83, 4704467.55]}}, {"type": "Feature", "properties": {"cls": "BikeOnly", "conf": 0.697, "tile": "tile_px14592_py16128.jpg", "isolated": 0, "nearest_m": 2.4}, "geometry": {"type": "Point", "coordinates": [314298.31, 4704459.98]}}, {"type": "Feature", "properties": {"cls": "BikeOnly", "conf": 0.695, "tile": "tile_px14592_py16896.jpg", "isolated": 0, "nearest_m": 2.5}, "geometry": {"type": "Point", "coordinates": [314298.31, 4704459.93]}}, {"type": "Feature", "properties": {"cls": "Sharrow", "conf": 0.671, "tile": "tile_px14592_py32256.jpg", "isolated": 1, "nearest_m": 3.6}, "geometry": {"type": "Point", "coordinates": [314295.75, 4702091.21]}}, {"type": "Feature", "properties": {"cls": "Sharrow", "conf": 0.653, "tile": "tile_px14592_py42240.jpg", "isolated": 0, "nearest_m": 10.1}, "geometry": {"type": "Point", "coordinates": [314278.49, 4700615.07]}}, {"type": "Feature", "properties": {"cls": "Sharrow", "conf": 0.644, "tile": "tile_px14592_py42240.jpg", "isolated": 0, "nearest_m": 58.1}, "geometry": {"type": "Point", "coordinates": [314262.93, 4700541.57]}}, {"type": "Feature", "properties": {"cls": "Sharrow", "conf": 0.607, "tile": "tile_px14592_py42240.jpg", "isolated": 0, "nearest_m": 4.9}, "geometry": {"type": "Point", "coordinates": [314298.14, 4700616.28]}}, {"type": "Feature", "properties": {"cls": "Sharrow", "conf": 0.738, "tile": "tile_px14592_py43008.jpg", "isolated": 1, "nearest_m": 16.6}, "geometry": {"type": "Point", "coordinates": [314290.5, 4700507.78]}}, {"type": "Feature", "properties": {"cls": "Sharrow", "conf": 0.641, "tile": "tile_px14592_py43008.jpg", "isolated": 0, "nearest_m": 58.1}, "geometry": {"type": "Point", "coordinates": [314262.93, 4700541.57]}}, {"type": "Feature", "properties": {"cls": "BikeOnly", "conf": 0.725, "tile": "tile_px15360_py15360.jpg", "isolated": 0, "nearest_m": 9.6}, "geometry": {"type": "Point", "coordinates": [314406.68, 4704585.7]}}, {"type": "Feature", "properties": {"cls": "BikeOnly", "conf": 0.723, "tile": "tile_px15360_py15360.jpg", "isolated": 0, "nearest_m": 4.4}, "geometry": {"type": "Point", "coordinates": [314388.06, 4704580.83]}}, {"type": "Feature", "properties": {"cls": "BikeOnly", "conf": 0.801, "tile": "tile_px15360_py16128.jpg", "isolated": 0, "nearest_m": 2.8}, "geometry": {"type": "Point", "coordinates": [314340.23, 4704524.06]}}, {"type": "Feature", "properties": {"cls": "BikeOnly", "conf": 0.75, "tile": "tile_px1536_py0.jpg", "isolated": 0, "nearest_m": 2.1}, "geometry": {"type": "Point", "coordinates": [312372.7, 4706996.95]}}, {"type": "Feature", "properties": {"cls": "Sharrow", "conf": 0.812, "tile": "tile_px1536_py4608.jpg", "isolated": 0, "nearest_m": 6.7}, "geometry": {"type": "Point", "coordinates": [312361.03, 4706218.41]}}, {"type": "Feature", "properties": {"cls": "BikeOnly", "conf": 0.603, "tile": "tile_px1536_py62976.jpg", "isolated": 0, "nearest_m": -1}, "geometry": {"type": "Point", "coordinates": [312379.39, 4697503.21]}}, {"type": "Feature", "properties": {"cls": "Sharrow", "conf": 0.703, "tile": "tile_px1536_py63744.jpg", "isolated": 1, "nearest_m": 23.8}, "geometry": {"type": "Point", "coordinates": [312297.86, 4697376.22]}}, {"type": "Feature", "properties": {"cls": "BikeOnly", "conf": 0.604, "tile": "tile_px1536_py63744.jpg", "isolated": 1, "nearest_m": 46.7}, "geometry": {"type": "Point", "coordinates": [312379.81, 4697334.45]}}, {"type": "Feature", "properties": {"cls": "BikeOnly", "conf": 0.795, "tile": "tile_px16128_py14592.jpg", "isolated": 0, "nearest_m": 3.9}, "geometry": {"type": "Point", "coordinates": [314497.91, 4704708.17]}}, {"type": "Feature", "properties": {"cls": "BikeOnly", "conf": 0.789, "tile": "tile_px16128_py14592.jpg", "isolated": 0, "nearest_m": 3.9}, "geometry": {"type": "Point", "coordinates": [314501.25, 4704695.61]}}, {"type": "Feature", "properties": {"cls": "BikeOnly", "conf": 0.784, "tile": "tile_px16128_py14592.jpg", "isolated": 0, "nearest_m": 3.5}, "geometry": {"type": "Point", "coordinates": [314548.17, 4704766.37]}}, {"type": "Feature", "properties": {"cls": "BikeOnly", "conf": 0.759, "tile": "tile_px16128_py14592.jpg", "isolated": 0, "nearest_m": 2.9}, "geometry": {"type": "Point", "coordinates": [314466.91, 4704672.47]}}, {"type": "Feature", "properties": {"cls": "BikeOnly", "conf": 0.761, "tile": "tile_px16128_py15360.jpg", "isolated": 0, "nearest_m": 2.9}, "geometry": {"type": "Point", "coordinates": [314466.9, 4704672.47]}}, {"type": "Feature", "properties": {"cls": "BikeOnly", "conf": 0.675, "tile": "tile_px16128_py15360.jpg", "isolated": 0, "nearest_m": 4.6}, "geometry": {"type": "Point", "coordinates": [314500.98, 4704694.59]}}, {"type": "Feature", "properties": {"cls": "Sharrow", "conf": 0.739, "tile": "tile_px16128_py2304.jpg", "isolated": 0, "nearest_m": 3.0}, "geometry": {"type": "Point", "coordinates": [314505.51, 4706606.22]}}, {"type": "Feature", "properties": {"cls": "BikeOnly", "conf": 0.715, "tile": "tile_px16128_py46848.jpg", "isolated": 1, "nearest_m": 86.3}, "geometry": {"type": "Point", "coordinates": [314463.97, 4699904.28]}}, {"type": "Feature", "properties": {"cls": "Sharrow", "conf": 0.674, "tile": "tile_px16128_py54528.jpg", "isolated": 1, "nearest_m": -1}, "geometry": {"type": "Point", "coordinates": [314507.29, 4698720.57]}}, {"type": "Feature", "properties": {"cls": "BikeOnly", "conf": 0.803, "tile": "tile_px16896_py13056.jpg", "isolated": 0, "nearest_m": 4.0}, "geometry": {"type": "Point", "coordinates": [314681.38, 4704904.36]}}, {"type": "Feature", "properties": {"cls": "BikeOnly", "conf": 0.779, "tile": "tile_px16896_py13056.jpg", "isolated": 0, "nearest_m": 2.9}, "geometry": {"type": "Point", "coordinates": [314677.95, 4704916.61]}}, {"type": "Feature", "properties": {"cls": "BikeOnly", "conf": 0.816, "tile": "tile_px16896_py13824.jpg", "isolated": 0, "nearest_m": 3.5}, "geometry": {"type": "Point", "coordinates": [314605.88, 4704816.16]}}, {"type": "Feature", "properties": {"cls": "BikeOnly", "conf": 0.794, "tile": "tile_px16896_py13824.jpg", "isolated": 0, "nearest_m": 4.0}, "geometry": {"type": "Point", "coordinates": [314681.38, 4704904.36]}}, {"type": "Feature", "properties": {"cls": "BikeOnly", "conf": 0.773, "tile": "tile_px16896_py13824.jpg", "isolated": 0, "nearest_m": 2.9}, "geometry": {"type": "Point", "coordinates": [314677.95, 4704916.62]}}, {"type": "Feature", "properties": {"cls": "BikeOnly", "conf": 0.768, "tile": "tile_px16896_py13824.jpg", "isolated": 0, "nearest_m": 3.2}, "geometry": {"type": "Point", "coordinates": [314592.72, 4704818.38]}}, {"type": "Feature", "properties": {"cls": "BikeOnly", "conf": 0.747, "tile": "tile_px16896_py13824.jpg", "isolated": 1, "nearest_m": 5.1}, "geometry": {"type": "Point", "coordinates": [314639.73, 4704855.86]}}, {"type": "Feature", "properties": {"cls": "BikeOnly", "conf": 0.784, "tile": "tile_px16896_py14592.jpg", "isolated": 0, "nearest_m": 3.5}, "geometry": {"type": "Point", "coordinates": [314548.17, 4704766.37]}}, {"type": "Feature", "properties": {"cls": "Sharrow", "conf": 0.807, "tile": "tile_px16896_py44544.jpg", "isolated": 1, "nearest_m": 37.1}, "geometry": {"type": "Point", "coordinates": [314635.66, 4700214.29]}}, {"type": "Feature", "properties": {"cls": "Sharrow", "conf": 0.619, "tile": "tile_px16896_py44544.jpg", "isolated": 0, "nearest_m": 30.7}, "geometry": {"type": "Point", "coordinates": [314644.45, 4700177.66]}}, {"type": "Feature", "properties": {"cls": "Sharrow", "conf": 0.62, "tile": "tile_px16896_py45312.jpg", "isolated": 0, "nearest_m": 30.7}, "geometry": {"type": "Point", "coordinates": [314644.46, 4700177.65]}}, {"type": "Feature", "properties": {"cls": "Sharrow", "conf": 0.601, "tile": "tile_px16896_py9216.jpg", "isolated": 1, "nearest_m": 17.5}, "geometry": {"type": "Point", "coordinates": [314590.37, 4705547.26]}}, {"type": "Feature", "properties": {"cls": "Sharrow", "conf": 0.662, "tile": "tile_px17664_py10752.jpg", "isolated": 0, "nearest_m": 3.4}, "geometry": {"type": "Point", "coordinates": [314691.94, 4705368.7]}}, {"type": "Feature", "properties": {"cls": "BikeOnly", "conf": 0.605, "tile": "tile_px17664_py12288.jpg", "isolated": 0, "nearest_m": 6.3}, "geometry": {"type": "Point", "coordinates": [314754.56, 4705006.67]}}, {"type": "Feature", "properties": {"cls": "BikeOnly", "conf": 0.793, "tile": "tile_px17664_py13056.jpg", "isolated": 0, "nearest_m": 4.0}, "geometry": {"type": "Point", "coordinates": [314681.38, 4704904.36]}}, {"type": "Feature", "properties": {"cls": "BikeOnly", "conf": 0.765, "tile": "tile_px17664_py13056.jpg", "isolated": 0, "nearest_m": 2.9}, "geometry": {"type": "Point", "coordinates": [314677.95, 4704916.61]}}, {"type": "Feature", "properties": {"cls": "BikeOnly", "conf": 0.755, "tile": "tile_px17664_py13056.jpg", "isolated": 0, "nearest_m": 3.7}, "geometry": {"type": "Point", "coordinates": [314717.44, 4704946.11]}}, {"type": "Feature", "properties": {"cls": "BikeOnly", "conf": 0.745, "tile": "tile_px17664_py13056.jpg", "isolated": 0, "nearest_m": 2.8}, "geometry": {"type": "Point", "coordinates": [314724.19, 4704970.53]}}, {"type": "Feature", "properties": {"cls": "Sharrow", "conf": 0.708, "tile": "tile_px17664_py13056.jpg", "isolated": 0, "nearest_m": 4.2}, "geometry": {"type": "Point", "coordinates": [314701.91, 4704926.88]}}, {"type": "Feature", "properties": {"cls": "BikeOnly", "conf": 0.647, "tile": "tile_px17664_py13056.jpg", "isolated": 0, "nearest_m": 6.2}, "geometry": {"type": "Point", "coordinates": [314754.51, 4705006.65]}}, {"type": "Feature", "properties": {"cls": "BikeOnly", "conf": 0.746, "tile": "tile_px17664_py13824.jpg", "isolated": 0, "nearest_m": 3.9}, "geometry": {"type": "Point", "coordinates": [314681.35, 4704904.41]}}, {"type": "Feature", "properties": {"cls": "BikeOnly", "conf": 0.738, "tile": "tile_px17664_py13824.jpg", "isolated": 0, "nearest_m": 2.9}, "geometry": {"type": "Point", "coordinates": [314677.94, 4704916.62]}}, {"type": "Feature", "properties": {"cls": "Sharrow", "conf": 0.726, "tile": "tile_px17664_py49152.jpg", "isolated": 0, "nearest_m": 80.7}, "geometry": {"type": "Point", "coordinates": [314705.5, 4699500.05]}}, {"type": "Feature", "properties": {"cls": "Sharrow", "conf": 0.717, "tile": "tile_px17664_py49920.jpg", "isolated": 0, "nearest_m": 80.7}, "geometry": {"type": "Point", "coordinates": [314705.5, 4699500.05]}}, {"type": "Feature", "properties": {"cls": "Sharrow", "conf": 0.782, "tile": "tile_px17664_py51456.jpg", "isolated": 0, "nearest_m": 2.9}, "geometry": {"type": "Point", "coordinates": [314774.5, 4699143.75]}}, {"type": "Feature", "properties": {"cls": "Sharrow", "conf": 0.771, "tile": "tile_px17664_py51456.jpg", "isolated": 0, "nearest_m": 8.6}, "geometry": {"type": "Point", "coordinates": [314787.38, 4699166.34]}}, {"type": "Feature", "properties": {"cls": "Sharrow", "conf": 0.792, "tile": "tile_px17664_py52224.jpg", "isolated": 0, "nearest_m": 2.9}, "geometry": {"type": "Point", "coordinates": [314774.51, 4699143.75]}}, {"type": "Feature", "properties": {"cls": "Sharrow", "conf": 0.682, "tile": "tile_px17664_py9984.jpg", "isolated": 0, "nearest_m": 3.4}, "geometry": {"type": "Point", "coordinates": [314691.94, 4705368.7]}}, {"type": "Feature", "properties": {"cls": "Sharrow", "conf": 0.782, "tile": "tile_px18432_py51456.jpg", "isolated": 0, "nearest_m": 2.9}, "geometry": {"type": "Point", "coordinates": [314774.51, 4699143.75]}}, {"type": "Feature", "properties": {"cls": "Sharrow", "conf": 0.777, "tile": "tile_px18432_py51456.jpg", "isolated": 0, "nearest_m": 8.6}, "geometry": {"type": "Point", "coordinates": [314787.37, 4699166.34]}}, {"type": "Feature", "properties": {"cls": "Sharrow", "conf": 0.798, "tile": "tile_px18432_py52224.jpg", "isolated": 0, "nearest_m": 2.9}, "geometry": {"type": "Point", "coordinates": [314774.52, 4699143.75]}}, {"type": "Feature", "properties": {"cls": "Sharrow", "conf": 0.832, "tile": "tile_px18432_py52992.jpg", "isolated": 1, "nearest_m": 6.3}, "geometry": {"type": "Point", "coordinates": [314874.04, 4698991.42]}}, {"type": "Feature", "properties": {"cls": "BikeOnly", "conf": 0.757, "tile": "tile_px19200_py49920.jpg", "isolated": 1, "nearest_m": 2.1}, "geometry": {"type": "Point", "coordinates": [314939.8, 4699399.6]}}, {"type": "Feature", "properties": {"cls": "BikeOnly", "conf": 0.734, "tile": "tile_px19200_py49920.jpg", "isolated": 0, "nearest_m": 3.6}, "geometry": {"type": "Point", "coordinates": [314987.38, 4699367.13]}}, {"type": "Feature", "properties": {"cls": "BikeOnly", "conf": 0.738, "tile": "tile_px19200_py50688.jpg", "isolated": 0, "nearest_m": 3.6}, "geometry": {"type": "Point", "coordinates": [314987.38, 4699367.14]}}, {"type": "Feature", "properties": {"cls": "Sharrow", "conf": 0.774, "tile": "tile_px19200_py52224.jpg", "isolated": 0, "nearest_m": 6.9}, "geometry": {"type": "Point", "coordinates": [314935.28, 4699021.63]}}, {"type": "Feature", "properties": {"cls": "Sharrow", "conf": 0.774, "tile": "tile_px19200_py52992.jpg", "isolated": 0, "nearest_m": 6.9}, "geometry": {"type": "Point", "coordinates": [314935.28, 4699021.63]}}, {"type": "Feature", "properties": {"cls": "BikeOnly", "conf": 0.707, "tile": "tile_px19968_py50688.jpg", "isolated": 1, "nearest_m": 2.8}, "geometry": {"type": "Point", "coordinates": [315086.16, 4699324.04]}}, {"type": "Feature", "properties": {"cls": "BikeOnly", "conf": 0.648, "tile": "tile_px19968_py58368.jpg", "isolated": 0, "nearest_m": 4.7}, "geometry": {"type": "Point", "coordinates": [315110.6, 4698102.55]}}, {"type": "Feature", "properties": {"cls": "BikeOnly", "conf": 0.641, "tile": "tile_px19968_py59136.jpg", "isolated": 0, "nearest_m": 4.7}, "geometry": {"type": "Point", "coordinates": [315110.6, 4698102.55]}}, {"type": "Feature", "properties": {"cls": "BikeOnly", "conf": 0.697, "tile": "tile_px20736_py50688.jpg", "isolated": 0, "nearest_m": 2.2}, "geometry": {"type": "Point", "coordinates": [315224.66, 4699258.6]}}, {"type": "Feature", "properties": {"cls": "BikeOnly", "conf": 0.696, "tile": "tile_px20736_py51456.jpg", "isolated": 0, "nearest_m": 2.2}, "geometry": {"type": "Point", "coordinates": [315224.66, 4699258.6]}}, {"type": "Feature", "properties": {"cls": "BikeOnly", "conf": 0.738, "tile": "tile_px21504_py51456.jpg", "isolated": 1, "nearest_m": 2.5}, "geometry": {"type": "Point", "coordinates": [315276.34, 4699221.22]}}, {"type": "Feature", "properties": {"cls": "BikeOnly", "conf": 0.727, "tile": "tile_px22272_py30720.jpg", "isolated": 0, "nearest_m": 24.4}, "geometry": {"type": "Point", "coordinates": [315396.22, 4702258.92]}}, {"type": "Feature", "properties": {"cls": "BikeOnly", "conf": 0.728, "tile": "tile_px22272_py31488.jpg", "isolated": 0, "nearest_m": 24.4}, "geometry": {"type": "Point", "coordinates": [315396.22, 4702258.92]}}, {"type": "Feature", "properties": {"cls": "BikeOnly", "conf": 0.624, "tile": "tile_px22272_py52224.jpg", "isolated": 1, "nearest_m": 2.1}, "geometry": {"type": "Point", "coordinates": [315489.19, 4699129.49]}}, {"type": "Feature", "properties": {"cls": "Sharrow", "conf": 0.639, "tile": "tile_px23040_py3072.jpg", "isolated": 0, "nearest_m": 56.6}, "geometry": {"type": "Point", "coordinates": [315594.1, 4706440.05]}}, {"type": "Feature", "properties": {"cls": "Sharrow", "conf": 0.601, "tile": "tile_px23040_py50688.jpg", "isolated": 1, "nearest_m": 185.1}, "geometry": {"type": "Point", "coordinates": [315569.4, 4699269.11]}}, {"type": "Feature", "properties": {"cls": "Sharrow", "conf": 0.658, "tile": "tile_px23040_py51456.jpg", "isolated": 0, "nearest_m": 14.4}, "geometry": {"type": "Point", "coordinates": [315553.87, 4699136.27]}}, {"type": "Feature", "properties": {"cls": "Sharrow", "conf": 0.705, "tile": "tile_px23040_py52224.jpg", "isolated": 0, "nearest_m": 14.4}, "geometry": {"type": "Point", "coordinates": [315553.86, 4699136.27]}}, {"type": "Feature", "properties": {"cls": "BikeOnly", "conf": 0.709, "tile": "tile_px23040_py53760.jpg", "isolated": 0, "nearest_m": 2.3}, "geometry": {"type": "Point", "coordinates": [315552.95, 4698811.51]}}, {"type": "Feature", "properties": {"cls": "BikeOnly", "conf": 0.693, "tile": "tile_px23040_py54528.jpg", "isolated": 0, "nearest_m": 2.3}, "geometry": {"type": "Point", "coordinates": [315552.95, 4698811.51]}}, {"type": "Feature", "properties": {"cls": "BikeOnly", "conf": 0.758, "tile": "tile_px2304_py0.jpg", "isolated": 0, "nearest_m": 2.1}, "geometry": {"type": "Point", "coordinates": [312372.7, 4706996.95]}}, {"type": "Feature", "properties": {"cls": "Sharrow", "conf": 0.812, "tile": "tile_px2304_py4608.jpg", "isolated": 0, "nearest_m": 6.7}, "geometry": {"type": "Point", "coordinates": [312361.03, 4706218.4]}}, {"type": "Feature", "properties": {"cls": "BikeOnly", "conf": 0.66, "tile": "tile_px2304_py62976.jpg", "isolated": 0, "nearest_m": -1}, "geometry": {"type": "Point", "coordinates": [312379.39, 4697503.21]}}, {"type": "Feature", "properties": {"cls": "BikeOnly", "conf": 0.639, "tile": "tile_px2304_py62976.jpg", "isolated": 0, "nearest_m": -1}, "geometry": {"type": "Point", "coordinates": [312387.94, 4697503.77]}}, {"type": "Feature", "properties": {"cls": "BikeOnly", "conf": 0.678, "tile": "tile_px2304_py65280.jpg", "isolated": 1, "nearest_m": 64.6}, "geometry": {"type": "Point", "coordinates": [312428.62, 4697154.86]}}, {"type": "Feature", "properties": {"cls": "Sharrow", "conf": 0.638, "tile": "tile_px23808_py19968.jpg", "isolated": 0, "nearest_m": 2.8}, "geometry": {"type": "Point", "coordinates": [315717.33, 4703858.61]}}, {"type": "Feature", "properties": {"cls": "Sharrow", "conf": 0.664, "tile": "tile_px23808_py20736.jpg", "isolated": 0, "nearest_m": 2.8}, "geometry": {"type": "Point", "coordinates": [315717.34, 4703858.6]}}, {"type": "Feature", "properties": {"cls": "Sharrow", "conf": 0.619, "tile": "tile_px23808_py28416.jpg", "isolated": 1, "nearest_m": 42.9}, "geometry": {"type": "Point", "coordinates": [315618.23, 4702679.05]}}, {"type": "Feature", "properties": {"cls": "Sharrow", "conf": 0.782, "tile": "tile_px23808_py3072.jpg", "isolated": 0, "nearest_m": 6.6}, "geometry": {"type": "Point", "coordinates": [315636.16, 4706413.06]}}, {"type": "Feature", "properties": {"cls": "Sharrow", "conf": 0.632, "tile": "tile_px23808_py3072.jpg", "isolated": 0, "nearest_m": 56.6}, "geometry": {"type": "Point", "coordinates": [315594.1, 4706440.05]}}, {"type": "Feature", "properties": {"cls": "Sharrow", "conf": 0.615, "tile": "tile_px23808_py3072.jpg", "isolated": 0, "nearest_m": 3.6}, "geometry": {"type": "Point", "coordinates": [315645.98, 4706401.15]}}, {"type": "Feature", "properties": {"cls": "Sharrow", "conf": 0.792, "tile": "tile_px23808_py3840.jpg", "isolated": 0, "nearest_m": 6.6}, "geometry": {"type": "Point", "coordinates": [315636.16, 4706413.06]}}, {"type": "Feature", "properties": {"cls": "Sharrow", "conf": 0.786, "tile": "tile_px23808_py3840.jpg", "isolated": 0, "nearest_m": 30.1}, "geometry": {"type": "Point", "coordinates": [315694.81, 4706365.31]}}, {"type": "Feature", "properties": {"cls": "Sharrow", "conf": 0.622, "tile": "tile_px23808_py3840.jpg", "isolated": 0, "nearest_m": 3.6}, "geometry": {"type": "Point", "coordinates": [315645.98, 4706401.15]}}, {"type": "Feature", "properties": {"cls": "Sharrow", "conf": 0.739, "tile": "tile_px23808_py50688.jpg", "isolated": 1, "nearest_m": -1}, "geometry": {"type": "Point", "coordinates": [315675.21, 4699351.69]}}, {"type": "Feature", "properties": {"cls": "BikeOnly", "conf": 0.73, "tile": "tile_px23808_py52224.jpg", "isolated": 0, "nearest_m": 2.5}, "geometry": {"type": "Point", "coordinates": [315670.65, 4699107.72]}}, {"type": "Feature", "properties": {"cls": "Sharrow", "conf": 0.75, "tile": "tile_px24576_py10752.jpg", "isolated": 0, "nearest_m": -1}, "geometry": {"type": "Point", "coordinates": [315811.48, 4705247.46]}}, {"type": "Feature", "properties": {"cls": "Sharrow", "conf": 0.719, "tile": "tile_px24576_py10752.jpg", "isolated": 0, "nearest_m": -1}, "geometry": {"type": "Point", "coordinates": [315817.97, 4705241.54]}}, {"type": "Feature", "properties": {"cls": "Sharrow", "conf": 0.661, "tile": "tile_px24576_py10752.jpg", "isolated": 0, "nearest_m": -1}, "geometry": {"type": "Point", "coordinates": [315813.09, 4705315.35]}}, {"type": "Feature", "properties": {"cls": "Sharrow", "conf": 0.741, "tile": "tile_px24576_py11520.jpg", "isolated": 0, "nearest_m": -1}, "geometry": {"type": "Point", "coordinates": [315811.48, 4705247.46]}}, {"type": "Feature", "properties": {"cls": "Sharrow", "conf": 0.717, "tile": "tile_px24576_py11520.jpg", "isolated": 0, "nearest_m": -1}, "geometry": {"type": "Point", "coordinates": [315817.97, 4705241.55]}}, {"type": "Feature", "properties": {"cls": "Sharrow", "conf": 0.62, "tile": "tile_px24576_py19968.jpg", "isolated": 0, "nearest_m": 2.8}, "geometry": {"type": "Point", "coordinates": [315717.33, 4703858.61]}}, {"type": "Feature", "properties": {"cls": "Sharrow", "conf": 0.639, "tile": "tile_px24576_py20736.jpg", "isolated": 0, "nearest_m": 2.8}, "geometry": {"type": "Point", "coordinates": [315717.33, 4703858.61]}}, {"type": "Feature", "properties": {"cls": "Sharrow", "conf": 0.69, "tile": "tile_px24576_py27648.jpg", "isolated": 1, "nearest_m": 33.2}, "geometry": {"type": "Point", "coordinates": [315761.8, 4702794.19]}}, {"type": "Feature", "properties": {"cls": "Sharrow", "conf": 0.783, "tile": "tile_px24576_py3840.jpg", "isolated": 0, "nearest_m": 30.1}, "geometry": {"type": "Point", "coordinates": [315694.81, 4706365.31]}}, {"type": "Feature", "properties": {"cls": "Sharrow", "conf": 0.79, "tile": "tile_px24576_py4608.jpg", "isolated": 0, "nearest_m": 7.7}, "geometry": {"type": "Point", "coordinates": [315834.48, 4706226.46]}}, {"type": "Feature", "properties": {"cls": "BikeOnly", "conf": 0.743, "tile": "tile_px24576_py52224.jpg", "isolated": 1, "nearest_m": 2.5}, "geometry": {"type": "Point", "coordinates": [315745.27, 4699102.4]}}, {"type": "Feature", "properties": {"cls": "BikeOnly", "conf": 0.692, "tile": "tile_px24576_py52224.jpg", "isolated": 0, "nearest_m": 2.7}, "geometry": {"type": "Point", "coordinates": [315820.53, 4699096.88]}}, {"type": "Feature", "properties": {"cls": "BikeOnly", "conf": 0.662, "tile": "tile_px24576_py52224.jpg", "isolated": 0, "nearest_m": 2.2}, "geometry": {"type": "Point", "coordinates": [315813.75, 4699105.68]}}, {"type": "Feature", "properties": {"cls": "Sharrow", "conf": 0.771, "tile": "tile_px24576_py9984.jpg", "isolated": 0, "nearest_m": 58.5}, "geometry": {"type": "Point", "coordinates": [315827.87, 4705387.7]}}, {"type": "Feature", "properties": {"cls": "Sharrow", "conf": 0.731, "tile": "tile_px25344_py10752.jpg", "isolated": 0, "nearest_m": -1}, "geometry": {"type": "Point", "coordinates": [315817.97, 4705241.55]}}, {"type": "Feature", "properties": {"cls": "Sharrow", "conf": 0.725, "tile": "tile_px25344_py10752.jpg", "isolated": 0, "nearest_m": -1}, "geometry": {"type": "Point", "coordinates": [315811.48, 4705247.46]}}, {"type": "Feature", "properties": {"cls": "Sharrow", "conf": 0.709, "tile": "tile_px25344_py10752.jpg", "isolated": 0, "nearest_m": -1}, "geometry": {"type": "Point", "coordinates": [315813.09, 4705315.36]}}, {"type": "Feature", "properties": {"cls": "Sharrow", "conf": 0.797, "tile": "tile_px25344_py11520.jpg", "isolated": 0, "nearest_m": 23.1}, "geometry": {"type": "Point", "coordinates": [315894.16, 4705125.97]}}, {"type": "Feature", "properties": {"cls": "Sharrow", "conf": 0.742, "tile": "tile_px25344_py11520.jpg", "isolated": 0, "nearest_m": -1}, "geometry": {"type": "Point", "coordinates": [315811.48, 4705247.46]}}, {"type": "Feature", "properties": {"cls": "Sharrow", "conf": 0.704, "tile": "tile_px25344_py11520.jpg", "isolated": 0, "nearest_m": 20.7}, "geometry": {"type": "Point", "coordinates": [315894.43, 4705133.59]}}, {"type": "Feature", "properties": {"cls": "Sharrow", "conf": 0.699, "tile": "tile_px25344_py11520.jpg", "isolated": 0, "nearest_m": -1}, "geometry": {"type": "Point", "coordinates": [315817.97, 4705241.54]}}, {"type": "Feature", "properties": {"cls": "Sharrow", "conf": 0.81, "tile": "tile_px25344_py12288.jpg", "isolated": 0, "nearest_m": 23.1}, "geometry": {"type": "Point", "coordinates": [315894.17, 4705125.97]}}, {"type": "Feature", "properties": {"cls": "Sharrow", "conf": 0.783, "tile": "tile_px25344_py12288.jpg", "isolated": 0, "nearest_m": 4.3}, "geometry": {"type": "Point", "coordinates": [315940.42, 4705032.5]}}, {"type": "Feature", "properties": {"cls": "Sharrow", "conf": 0.712, "tile": "tile_px25344_py12288.jpg", "isolated": 0, "nearest_m": 20.7}, "geometry": {"type": "Point", "coordinates": [315894.43, 4705133.59]}}, {"type": "Feature", "properties": {"cls": "Sharrow", "conf": 0.781, "tile": "tile_px25344_py13056.jpg", "isolated": 0, "nearest_m": 4.3}, "geometry": {"type": "Point", "coordinates": [315940.42, 4705032.5]}}, {"type": "Feature", "properties": {"cls": "Sharrow", "conf": 0.755, "tile": "tile_px25344_py13056.jpg", "isolated": 0, "nearest_m": 46.7}, "geometry": {"type": "Point", "coordinates": [315948.83, 4704919.89]}}, {"type": "Feature", "properties": {"cls": "Sharrow", "conf": 0.753, "tile": "tile_px25344_py13824.jpg", "isolated": 0, "nearest_m": 46.7}, "geometry": {"type": "Point", "coordinates": [315948.84, 4704919.88]}}, {"type": "Feature", "properties": {"cls": "BikeOnly", "conf": 0.753, "tile": "tile_px25344_py23040.jpg", "isolated": 0, "nearest_m": 2.3}, "geometry": {"type": "Point", "coordinates": [315901.89, 4703412.66]}}, {"type": "Feature", "properties": {"cls": "BikeOnly", "conf": 0.767, "tile": "tile_px25344_py23808.jpg", "isolated": 0, "nearest_m": 2.3}, "geometry": {"type": "Point", "coordinates": [315901.89, 4703412.65]}}, {"type": "Feature", "properties": {"cls": "BikeOnly", "conf": 0.661, "tile": "tile_px25344_py23808.jpg", "isolated": 0, "nearest_m": 2.5}, "geometry": {"type": "Point", "coordinates": [315918.66, 4703375.58]}}, {"type": "Feature", "properties": {"cls": "BikeOnly", "conf": 0.635, "tile": "tile_px25344_py23808.jpg", "isolated": 0, "nearest_m": 2.6}, "geometry": {"type": "Point", "coordinates": [315941.63, 4703287.25]}}, {"type": "Feature", "properties": {"cls": "BikeOnly", "conf": 0.604, "tile": "tile_px25344_py24576.jpg", "isolated": 0, "nearest_m": 2.6}, "geometry": {"type": "Point", "coordinates": [315941.63, 4703287.25]}}, {"type": "Feature", "properties": {"cls": "Sharrow", "conf": 0.799, "tile": "tile_px25344_py4608.jpg", "isolated": 0, "nearest_m": 7.7}, "geometry": {"type": "Point", "coordinates": [315834.48, 4706226.46]}}, {"type": "Feature", "properties": {"cls": "BikeOnly", "conf": 0.724, "tile": "tile_px25344_py52224.jpg", "isolated": 1, "nearest_m": 2.6}, "geometry": {"type": "Point", "coordinates": [315882.45, 4699092.67]}}, {"type": "Feature", "properties": {"cls": "BikeOnly", "conf": 0.692, "tile": "tile_px25344_py52224.jpg", "isolated": 0, "nearest_m": 2.7}, "geometry": {"type": "Point", "coordinates": [315820.53, 4699096.88]}}, {"type": "Feature", "properties": {"cls": "BikeOnly", "conf": 0.674, "tile": "tile_px25344_py52224.jpg", "isolated": 0, "nearest_m": 2.2}, "geometry": {"type": "Point", "coordinates": [315813.75, 4699105.68]}}, {"type": "Feature", "properties": {"cls": "BikeOnly", "conf": 0.665, "tile": "tile_px25344_py52224.jpg", "isolated": 0, "nearest_m": 2.6}, "geometry": {"type": "Point", "coordinates": [315943.21, 4699088.29]}}, {"type": "Feature", "properties": {"cls": "Sharrow", "conf": 0.748, "tile": "tile_px25344_py5376.jpg", "isolated": 1, "nearest_m": 32.4}, "geometry": {"type": "Point", "coordinates": [315907.87, 4706081.39]}}, {"type": "Feature", "properties": {"cls": "Sharrow", "conf": 0.714, "tile": "tile_px25344_py6144.jpg", "isolated": 0, "nearest_m": 4.2}, "geometry": {"type": "Point", "coordinates": [315914.63, 4706020.99]}}, {"type": "Feature", "properties": {"cls": "Sharrow", "conf": 0.836, "tile": "tile_px25344_py8448.jpg", "isolated": 0, "nearest_m": 11.1}, "geometry": {"type": "Point", "coordinates": [315889.65, 4705592.13]}}, {"type": "Feature", "properties": {"cls": "Sharrow", "conf": 0.643, "tile": "tile_px25344_py8448.jpg", "isolated": 0, "nearest_m": 6.1}, "geometry": {"type": "Point", "coordinates": [315892.93, 4705586.46]}}, {"type": "Feature", "properties": {"cls": "Sharrow", "conf": 0.836, "tile": "tile_px25344_py9216.jpg", "isolated": 0, "nearest_m": 11.1}, "geometry": {"type": "Point", "coordinates": [315889.65, 4705592.13]}}, {"type": "Feature", "properties": {"cls": "Sharrow", "conf": 0.686, "tile": "tile_px25344_py9216.jpg", "isolated": 0, "nearest_m": 6.1}, "geometry": {"type": "Point", "coordinates": [315892.93, 4705586.46]}}, {"type": "Feature", "properties": {"cls": "Sharrow", "conf": 0.802, "tile": "tile_px25344_py9984.jpg", "isolated": 0, "nearest_m": 5.2}, "geometry": {"type": "Point", "coordinates": [315852.45, 4705448.29]}}, {"type": "Feature", "properties": {"cls": "Sharrow", "conf": 0.773, "tile": "tile_px25344_py9984.jpg", "isolated": 0, "nearest_m": 58.5}, "geometry": {"type": "Point", "coordinates": [315827.87, 4705387.7]}}, {"type": "Feature", "properties": {"cls": "Sharrow", "conf": 0.786, "tile": "tile_px26112_py12288.jpg", "isolated": 0, "nearest_m": 4.3}, "geometry": {"type": "Point", "coordinates": [315940.42, 4705032.5]}}, {"type": "Feature", "properties": {"cls": "Sharrow", "conf": 0.785, "tile": "tile_px26112_py13056.jpg", "isolated": 0, "nearest_m": 4.3}, "geometry": {"type": "Point", "coordinates": [315940.43, 4705032.5]}}, {"type": "Feature", "properties": {"cls": "Sharrow", "conf": 0.763, "tile": "tile_px26112_py13056.jpg", "isolated": 0, "nearest_m": 46.7}, "geometry": {"type": "Point", "coordinates": [315948.83, 4704919.89]}}, {"type": "Feature", "properties": {"cls": "Sharrow", "conf": 0.759, "tile": "tile_px26112_py13824.jpg", "isolated": 0, "nearest_m": 46.7}, "geometry": {"type": "Point", "coordinates": [315948.84, 4704919.88]}}, {"type": "Feature", "properties": {"cls": "Sharrow", "conf": 0.752, "tile": "tile_px26112_py23040.jpg", "isolated": 0, "nearest_m": 75.1}, "geometry": {"type": "Point", "coordinates": [315991.07, 4703399.26]}}, {"type": "Feature", "properties": {"cls": "Sharrow", "conf": 0.738, "tile": "tile_px26112_py23808.jpg", "isolated": 0, "nearest_m": 75.1}, "geometry": {"type": "Point", "coordinates": [315991.08, 4703399.26]}}, {"type": "Feature", "properties": {"cls": "BikeOnly", "conf": 0.63, "tile": "tile_px26112_py23808.jpg", "isolated": 0, "nearest_m": 2.8}, "geometry": {"type": "Point", "coordinates": [315918.99, 4703375.66]}}, {"type": "Feature", "properties": {"cls": "BikeOnly", "conf": 0.604, "tile": "tile_px26112_py23808.jpg", "isolated": 0, "nearest_m": 2.6}, "geometry": {"type": "Point", "coordinates": [315941.63, 4703287.25]}}, {"type": "Feature", "properties": {"cls": "BikeOnly", "conf": 0.785, "tile": "tile_px26112_py24576.jpg", "isolated": 0, "nearest_m": 2.7}, "geometry": {"type": "Point", "coordinates": [315970.61, 4703232.5]}}, {"type": "Feature", "properties": {"cls": "BikeOnly", "conf": 0.762, "tile": "tile_px26112_py24576.jpg", "isolated": 0, "nearest_m": 2.4}, "geometry": {"type": "Point", "coordinates": [315967.27, 4703215.48]}}, {"type": "Feature", "properties": {"cls": "BikeOnly", "conf": 0.734, "tile": "tile_px26112_py24576.jpg", "isolated": 0, "nearest_m": 2.6}, "geometry": {"type": "Point", "coordinates": [315996.04, 4703164.46]}}, {"type": "Feature", "properties": {"cls": "BikeOnly", "conf": 0.78, "tile": "tile_px26112_py25344.jpg", "isolated": 0, "nearest_m": 2.5}, "geometry": {"type": "Point", "coordinates": [316038.78, 4703094.62]}}, {"type": "Feature", "properties": {"cls": "BikeOnly", "conf": 0.75, "tile": "tile_px26112_py25344.jpg", "isolated": 0, "nearest_m": 2.6}, "geometry": {"type": "Point", "coordinates": [315996.03, 4703164.46]}}, {"type": "Feature", "properties": {"cls": "BikeOnly", "conf": 0.732, "tile": "tile_px26112_py25344.jpg", "isolated": 1, "nearest_m": 2.6}, "geometry": {"type": "Point", "coordinates": [316008.75, 4703125.39]}}, {"type": "Feature", "properties": {"cls": "BikeOnly", "conf": 0.735, "tile": "tile_px26112_py26112.jpg", "isolated": 0, "nearest_m": 2.5}, "geometry": {"type": "Point", "coordinates": [316064.7, 4703038.12]}}, {"type": "Feature", "properties": {"cls": "Sharrow", "conf": 0.765, "tile": "tile_px26112_py27648.jpg", "isolated": 1, "nearest_m": -1}, "geometry": {"type": "Point", "coordinates": [315982.53, 4702739.11]}}, {"type": "Feature", "properties": {"cls": "Sharrow", "conf": 0.74, "tile": "tile_px26112_py27648.jpg", "isolated": 0, "nearest_m": 37.1}, "geometry": {"type": "Point", "coordinates": [316040.42, 4702744.24]}}, {"type": "Feature", "properties": {"cls": "Sharrow", "conf": 0.747, "tile": "tile_px26112_py31488.jpg", "isolated": 0, "nearest_m": 9.3}, "geometry": {"type": "Point", "coordinates": [316035.85, 4702131.75]}}, {"type": "Feature", "properties": {"cls": "Sharrow", "conf": 0.755, "tile": "tile_px26112_py32256.jpg", "isolated": 0, "nearest_m": 9.3}, "geometry": {"type": "Point", "coordinates": [316035.86, 4702131.75]}}, {"type": "Feature", "properties": {"cls": "BikeOnly", "conf": 0.735, "tile": "tile_px26112_py32256.jpg", "isolated": 0, "nearest_m": 3.1}, "geometry": {"type": "Point", "coordinates": [316058.27, 4702066.41]}}, {"type": "Feature", "properties": {"cls": "BikeOnly", "conf": 0.712, "tile": "tile_px26112_py32256.jpg", "isolated": 0, "nearest_m": 3.3}, "geometry": {"type": "Point", "coordinates": [316021.65, 4702039.56]}}, {"type": "Feature", "properties": {"cls": "BikeOnly", "conf": 0.692, "tile": "tile_px26112_py32256.jpg", "isolated": 0, "nearest_m": 3.9}, "geometry": {"type": "Point", "coordinates": [316020.88, 4702094.7]}}, {"type": "Feature", "properties": {"cls": "BikeOnly", "conf": 0.744, "tile": "tile_px26112_py33024.jpg", "isolated": 0, "nearest_m": 3.4}, "geometry": {"type": "Point", "coordinates": [316021.64, 4702039.55]}}, {"type": "Feature", "properties": {"cls": "BikeOnly", "conf": 0.706, "tile": "tile_px26112_py52224.jpg", "isolated": 0, "nearest_m": 2.6}, "geometry": {"type": "Point", "coordinates": [315943.2, 4699088.29]}}, {"type": "Feature", "properties": {"cls": "BikeOnly", "conf": 0.654, "tile": "tile_px26112_py52224.jpg", "isolated": 0, "nearest_m": 2.7}, "geometry": {"type": "Point", "coordinates": [316018.9, 4699088.49]}}, {"type": "Feature", "properties": {"cls": "BikeOnly", "conf": 0.79, "tile": "tile_px26880_py25344.jpg", "isolated": 0, "nearest_m": 2.5}, "geometry": {"type": "Point", "coordinates": [316038.77, 4703094.62]}}, {"type": "Feature", "properties": {"cls": "BikeOnly", "conf": 0.807, "tile": "tile_px26880_py26112.jpg", "isolated": 0, "nearest_m": 2.6}, "geometry": {"type": "Point", "coordinates": [316080.63, 4703029.94]}}, {"type": "Feature", "properties": {"cls": "BikeOnly", "conf": 0.733, "tile": "tile_px26880_py26112.jpg", "isolated": 0, "nearest_m": 2.5}, "geometry": {"type": "Point", "coordinates": [316064.7, 4703038.12]}}, {"type": "Feature", "properties": {"cls": "Sharrow", "conf": 0.833, "tile": "tile_px26880_py27648.jpg", "isolated": 0, "nearest_m": 3.6}, "geometry": {"type": "Point", "coordinates": [316082.86, 4702770.89]}}, {"type": "Feature", "properties": {"cls": "Sharrow", "conf": 0.809, "tile": "tile_px26880_py27648.jpg", "isolated": 0, "nearest_m": 5.4}, "geometry": {"type": "Point", "coordinates": [316069.8, 4702756.6]}}, {"type": "Feature", "properties": {"cls": "Sharrow", "conf": 0.72, "tile": "tile_px26880_py27648.jpg", "isolated": 0, "nearest_m": 37.1}, "geometry": {"type": "Point", "coordinates": [316040.41, 4702744.23]}}, {"type": "Feature", "properties": {"cls": "Sharrow", "conf": 0.73, "tile": "tile_px26880_py31488.jpg", "isolated": 0, "nearest_m": 9.3}, "geometry": {"type": "Point", "coordinates": [316035.87, 4702131.76]}}, {"type": "Feature", "properties": {"cls": "BikeOnly", "conf": 0.754, "tile": "tile_px26880_py32256.jpg", "isolated": 0, "nearest_m": 3.2}, "geometry": {"type": "Point", "coordinates": [316058.27, 4702066.39]}}, {"type": "Feature", "properties": {"cls": "Sharrow", "conf": 0.735, "tile": "tile_px26880_py32256.jpg", "isolated": 0, "nearest_m": 9.3}, "geometry": {"type": "Point", "coordinates": [316035.87, 4702131.76]}}, {"type": "Feature", "properties": {"cls": "BikeOnly", "conf": 0.628, "tile": "tile_px26880_py32256.jpg", "isolated": 0, "nearest_m": 2.9}, "geometry": {"type": "Point", "coordinates": [316107.42, 4702081.68]}}, {"type": "Feature", "properties": {"cls": "Sharrow", "conf": 0.627, "tile": "tile_px26880_py32256.jpg", "isolated": 0, "nearest_m": 9.5}, "geometry": {"type": "Point", "coordinates": [316127.22, 4702088.49]}}, {"type": "Feature", "properties": {"cls": "Sharrow", "conf": 0.711, "tile": "tile_px27648_py26112.jpg", "isolated": 0, "nearest_m": 3.1}, "geometry": {"type": "Point", "coordinates": [316257.02, 4702952.98]}}, {"type": "Feature", "properties": {"cls": "Sharrow", "conf": 0.717, "tile": "tile_px27648_py26880.jpg", "isolated": 0, "nearest_m": 2.9}, "geometry": {"type": "Point", "coordinates": [316210.62, 4702914.14]}}, {"type": "Feature", "properties": {"cls": "Sharrow", "conf": 0.703, "tile": "tile_px27648_py26880.jpg", "isolated": 0, "nearest_m": 3.1}, "geometry": {"type": "Point", "coordinates": [316257.02, 4702952.98]}}, {"type": "Feature", "properties": {"cls": "BikeOnly", "conf": 0.679, "tile": "tile_px27648_py58368.jpg", "isolated": 0, "nearest_m": 9.1}, "geometry": {"type": "Point", "coordinates": [316290.97, 4698099.56]}}, {"type": "Feature", "properties": {"cls": "BikeOnly", "conf": 0.679, "tile": "tile_px27648_py59136.jpg", "isolated": 0, "nearest_m": 9.1}, "geometry": {"type": "Point", "coordinates": [316290.98, 4698099.57]}}, {"type": "Feature", "properties": {"cls": "Sharrow", "conf": 0.769, "tile": "tile_px28416_py16896.jpg", "isolated": 1, "nearest_m": 3.4}, "geometry": {"type": "Point", "coordinates": [316327.2, 4704404.12]}}, {"type": "Feature", "properties": {"cls": "Sharrow", "conf": 0.762, "tile": "tile_px28416_py16896.jpg", "isolated": 0, "nearest_m": 9.2}, "geometry": {"type": "Point", "coordinates": [316370.67, 4704331.13]}}, {"type": "Feature", "properties": {"cls": "BikeOnly", "conf": 0.617, "tile": "tile_px28416_py16896.jpg", "isolated": 1, "nearest_m": 63.0}, "geometry": {"type": "Point", "coordinates": [316263.79, 4704383.5]}}, {"type": "Feature", "properties": {"cls": "Sharrow", "conf": 0.75, "tile": "tile_px28416_py17664.jpg", "isolated": 0, "nearest_m": 9.2}, "geometry": {"type": "Point", "coordinates": [316370.67, 4704331.12]}}, {"type": "Feature", "properties": {"cls": "Sharrow", "conf": 0.724, "tile": "tile_px28416_py17664.jpg", "isolated": 0, "nearest_m": 30.0}, "geometry": {"type": "Point", "coordinates": [316414.58, 4704273.68]}}, {"type": "Feature", "properties": {"cls": "Sharrow", "conf": 0.673, "tile": "tile_px28416_py26112.jpg", "isolated": 0, "nearest_m": 2.6}, "geometry": {"type": "Point", "coordinates": [316342.67, 4703020.15]}}, {"type": "Feature", "properties": {"cls": "BikeOnly", "conf": 0.795, "tile": "tile_px28416_py28416.jpg", "isolated": 0, "nearest_m": 2.7}, "geometry": {"type": "Point", "coordinates": [316356.48, 4702610.86]}}, {"type": "Feature", "properties": {"cls": "BikeOnly", "conf": 0.789, "tile": "tile_px28416_py28416.jpg", "isolated": 0, "nearest_m": 2.5}, "geometry": {"type": "Point", "coordinates": [316332.79, 4702653.87]}}, {"type": "Feature", "properties": {"cls": "BikeOnly", "conf": 0.772, "tile": "tile_px28416_py28416.jpg", "isolated": 0, "nearest_m": 2.9}, "geometry": {"type": "Point", "coordinates": [316313.65, 4702687.33]}}, {"type": "Feature", "properties": {"cls": "BikeOnly", "conf": 0.724, "tile": "tile_px28416_py28416.jpg", "isolated": 0, "nearest_m": 2.3}, "geometry": {"type": "Point", "coordinates": [316337.52, 4702627.24]}}, {"type": "Feature", "properties": {"cls": "BikeOnly", "conf": 0.781, "tile": "tile_px28416_py29184.jpg", "isolated": 0, "nearest_m": 2.5}, "geometry": {"type": "Point", "coordinates": [316380.22, 4702566.87]}}, {"type": "Feature", "properties": {"cls": "BikeOnly", "conf": 0.768, "tile": "tile_px28416_py29184.jpg", "isolated": 0, "nearest_m": 2.7}, "geometry": {"type": "Point", "coordinates": [316356.47, 4702610.87]}}, {"type": "Feature", "properties": {"cls": "BikeOnly", "conf": 0.75, "tile": "tile_px28416_py29184.jpg", "isolated": 0, "nearest_m": 2.6}, "geometry": {"type": "Point", "coordinates": [316365.12, 4702575.53]}}, {"type": "Feature", "properties": {"cls": "Sharrow", "conf": 0.814, "tile": "tile_px28416_py46080.jpg", "isolated": 0, "nearest_m": 10.6}, "geometry": {"type": "Point", "coordinates": [316370.96, 4699993.63]}}, {"type": "Feature", "properties": {"cls": "Sharrow", "conf": 0.766, "tile": "tile_px28416_py46080.jpg", "isolated": 0, "nearest_m": 17.4}, "geometry": {"type": "Point", "coordinates": [316378.52, 4699989.56]}}, {"type": "Feature", "properties": {"cls": "BikeOnly", "conf": 0.747, "tile": "tile_px28416_py51456.jpg", "isolated": 0, "nearest_m": 3.5}, "geometry": {"type": "Point", "coordinates": [316399.76, 4699130.79]}}, {"type": "Feature", "properties": {"cls": "BikeOnly", "conf": 0.664, "tile": "tile_px28416_py51456.jpg", "isolated": 0, "nearest_m": 8.9}, "geometry": {"type": "Point", "coordinates": [316322.78, 4699143.43]}}, {"type": "Feature", "properties": {"cls": "BikeOnly", "conf": 0.616, "tile": "tile_px28416_py51456.jpg", "isolated": 0, "nearest_m": 5.5}, "geometry": {"type": "Point", "coordinates": [316397.55, 4699160.19]}}, {"type": "Feature", "properties": {"cls": "BikeOnly", "conf": 0.778, "tile": "tile_px28416_py52224.jpg", "isolated": 0, "nearest_m": 3.5}, "geometry": {"type": "Point", "coordinates": [316399.74, 4699130.68]}}, {"type": "Feature", "properties": {"cls": "BikeOnly", "conf": 0.717, "tile": "tile_px28416_py52224.jpg", "isolated": 0, "nearest_m": 3.7}, "geometry": {"type": "Point", "coordinates": [316392.69, 4699073.62]}}, {"type": "Feature", "properties": {"cls": "BikeOnly", "conf": 0.683, "tile": "tile_px28416_py52224.jpg", "isolated": 0, "nearest_m": 8.8}, "geometry": {"type": "Point", "coordinates": [316322.84, 4699143.49]}}, {"type": "Feature", "properties": {"cls": "BikeOnly", "conf": 0.655, "tile": "tile_px28416_py52224.jpg", "isolated": 0, "nearest_m": 11.3}, "geometry": {"type": "Point", "coordinates": [316386.53, 4699108.65]}}, {"type": "Feature", "properties": {"cls": "BikeOnly", "conf": 0.62, "tile": "tile_px28416_py52224.jpg", "isolated": 0, "nearest_m": 5.5}, "geometry": {"type": "Point", "coordinates": [316397.55, 4699160.19]}}, {"type": "Feature", "properties": {"cls": "BikeOnly", "conf": 0.651, "tile": "tile_px28416_py52992.jpg", "isolated": 0, "nearest_m": 3.2}, "geometry": {"type": "Point", "coordinates": [316394.05, 4698941.3]}}, {"type": "Feature", "properties": {"cls": "BikeOnly", "conf": 0.704, "tile": "tile_px28416_py53760.jpg", "isolated": 1, "nearest_m": 5.6}, "geometry": {"type": "Point", "coordinates": [316374.16, 4698899.68]}}, {"type": "Feature", "properties": {"cls": "BikeOnly", "conf": 0.693, "tile": "tile_px28416_py58368.jpg", "isolated": 1, "nearest_m": 3.2}, "geometry": {"type": "Point", "coordinates": [316325.58, 4698182.69]}}, {"type": "Feature", "properties": {"cls": "BikeOnly", "conf": 0.691, "tile": "tile_px28416_py58368.jpg", "isolated": 0, "nearest_m": 9.1}, "geometry": {"type": "Point", "coordinates": [316290.98, 4698099.56]}}, {"type": "Feature", "properties": {"cls": "BikeOnly", "conf": 0.71, "tile": "tile_px28416_py59136.jpg", "isolated": 0, "nearest_m": 9.1}, "geometry": {"type": "Point", "coordinates": [316290.98, 4698099.56]}}, {"type": "Feature", "properties": {"cls": "BikeOnly", "conf": 0.765, "tile": "tile_px28416_py67584.jpg", "isolated": 0, "nearest_m": -1}, "geometry": {"type": "Point", "coordinates": [316367.35, 4696731.51]}}, {"type": "Feature", "properties": {"cls": "BikeOnly", "conf": 0.739, "tile": "tile_px28416_py67584.jpg", "isolated": 0, "nearest_m": -1}, "geometry": {"type": "Point", "coordinates": [316368.91, 4696724.28]}}, {"type": "Feature", "properties": {"cls": "BikeOnly", "conf": 0.66, "tile": "tile_px28416_py67584.jpg", "isolated": 0, "nearest_m": -1}, "geometry": {"type": "Point", "coordinates": [316370.28, 4696717.38]}}, {"type": "Feature", "properties": {"cls": "BikeOnly", "conf": 0.752, "tile": "tile_px28416_py68352.jpg", "isolated": 0, "nearest_m": -1}, "geometry": {"type": "Point", "coordinates": [316367.36, 4696731.51]}}, {"type": "Feature", "properties": {"cls": "BikeOnly", "conf": 0.72, "tile": "tile_px28416_py68352.jpg", "isolated": 0, "nearest_m": -1}, "geometry": {"type": "Point", "coordinates": [316368.91, 4696724.28]}}, {"type": "Feature", "properties": {"cls": "BikeOnly", "conf": 0.657, "tile": "tile_px28416_py68352.jpg", "isolated": 0, "nearest_m": -1}, "geometry": {"type": "Point", "coordinates": [316370.28, 4696717.38]}}, {"type": "Feature", "properties": {"cls": "Sharrow", "conf": 0.805, "tile": "tile_px29184_py17664.jpg", "isolated": 0, "nearest_m": 30.1}, "geometry": {"type": "Point", "coordinates": [316414.7, 4704273.63]}}, {"type": "Feature", "properties": {"cls": "Sharrow", "conf": 0.654, "tile": "tile_px29184_py17664.jpg", "isolated": 1, "nearest_m": 25.8}, "geometry": {"type": "Point", "coordinates": [316433.26, 4704243.19]}}, {"type": "Feature", "properties": {"cls": "BikeOnly", "conf": 0.774, "tile": "tile_px29184_py29184.jpg", "isolated": 0, "nearest_m": 2.5}, "geometry": {"type": "Point", "coordinates": [316380.28, 4702566.87]}}, {"type": "Feature", "properties": {"cls": "Sharrow", "conf": 0.677, "tile": "tile_px29184_py35328.jpg", "isolated": 1, "nearest_m": -1}, "geometry": {"type": "Point", "coordinates": [316492.93, 4701586.5]}}, {"type": "Feature", "properties": {"cls": "Sharrow", "conf": 0.722, "tile": "tile_px29184_py46080.jpg", "isolated": 0, "nearest_m": 17.4}, "geometry": {"type": "Point", "coordinates": [316378.69, 4699989.6]}}, {"type": "Feature", "properties": {"cls": "BikeOnly", "conf": 0.779, "tile": "tile_px29184_py50688.jpg", "isolated": 0, "nearest_m": 3.5}, "geometry": {"type": "Point", "coordinates": [316423.51, 4699281.92]}}, {"type": "Feature", "properties": {"cls": "BikeOnly", "conf": 0.736, "tile": "tile_px29184_py51456.jpg", "isolated": 0, "nearest_m": 3.5}, "geometry": {"type": "Point", "coordinates": [316399.76, 4699130.79]}}, {"type": "Feature", "properties": {"cls": "BikeOnly", "conf": 0.607, "tile": "tile_px29184_py51456.jpg", "isolated": 0, "nearest_m": 5.5}, "geometry": {"type": "Point", "coordinates": [316397.54, 4699160.19]}}, {"type": "Feature", "properties": {"cls": "BikeOnly", "conf": 0.729, "tile": "tile_px29184_py52224.jpg", "isolated": 0, "nearest_m": 3.5}, "geometry": {"type": "Point", "coordinates": [316399.75, 4699130.69]}}, {"type": "Feature", "properties": {"cls": "BikeOnly", "conf": 0.662, "tile": "tile_px29184_py52224.jpg", "isolated": 0, "nearest_m": 3.6}, "geometry": {"type": "Point", "coordinates": [316392.66, 4699073.61]}}, {"type": "Feature", "properties": {"cls": "BikeOnly", "conf": 0.639, "tile": "tile_px29184_py52224.jpg", "isolated": 0, "nearest_m": 11.4}, "geometry": {"type": "Point", "coordinates": [316386.5, 4699108.63]}}, {"type": "Feature", "properties": {"cls": "BikeOnly", "conf": 0.615, "tile": "tile_px29184_py52224.jpg", "isolated": 0, "nearest_m": 5.5}, "geometry": {"type": "Point", "coordinates": [316397.54, 4699160.19]}}, {"type": "Feature", "properties": {"cls": "BikeOnly", "conf": 0.642, "tile": "tile_px29184_py52992.jpg", "isolated": 0, "nearest_m": 3.2}, "geometry": {"type": "Point", "coordinates": [316394.05, 4698941.31]}}, {"type": "Feature", "properties": {"cls": "Sharrow", "conf": 0.761, "tile": "tile_px29184_py61440.jpg", "isolated": 1, "nearest_m": 2.2}, "geometry": {"type": "Point", "coordinates": [316479.03, 4697692.19]}}, {"type": "Feature", "properties": {"cls": "Sharrow", "conf": 0.765, "tile": "tile_px29952_py0.jpg", "isolated": 0, "nearest_m": 32.3}, "geometry": {"type": "Point", "coordinates": [316604.52, 4706983.34]}}, {"type": "Feature", "properties": {"cls": "Sharrow", "conf": 0.75, "tile": "tile_px29952_py0.jpg", "isolated": 0, "nearest_m": 39.5}, "geometry": {"type": "Point", "coordinates": [316624.05, 4706997.74]}}, {"type": "Feature", "properties": {"cls": "Sharrow", "conf": 0.635, "tile": "tile_px29952_py0.jpg", "isolated": 1, "nearest_m": 3.4}, "geometry": {"type": "Point", "coordinates": [316600.86, 4706951.57]}}, {"type": "Feature", "properties": {"cls": "Sharrow", "conf": 0.706, "tile": "tile_px29952_py24576.jpg", "isolated": 0, "nearest_m": 27.1}, "geometry": {"type": "Point", "coordinates": [316624.12, 4703254.59]}}, {"type": "Feature", "properties": {"cls": "Sharrow", "conf": 0.787, "tile": "tile_px29952_py31488.jpg", "isolated": 0, "nearest_m": 36.5}, "geometry": {"type": "Point", "coordinates": [316614.79, 4702185.62]}}, {"type": "Feature", "properties": {"cls": "Sharrow", "conf": 0.759, "tile": "tile_px30720_py0.jpg", "isolated": 0, "nearest_m": 39.5}, "geometry": {"type": "Point", "coordinates": [316624.05, 4706997.72]}}, {"type": "Feature", "properties": {"cls": "Sharrow", "conf": 0.711, "tile": "tile_px30720_py24576.jpg", "isolated": 0, "nearest_m": 27.1}, "geometry": {"type": "Point", "coordinates": [316624.12, 4703254.59]}}, {"type": "Feature", "properties": {"cls": "Sharrow", "conf": 0.779, "tile": "tile_px30720_py31488.jpg", "isolated": 0, "nearest_m": 36.5}, "geometry": {"type": "Point", "coordinates": [316614.82, 4702185.61]}}, {"type": "Feature", "properties": {"cls": "BikeOnly", "conf": 0.712, "tile": "tile_px3072_py66048.jpg", "isolated": 1, "nearest_m": 3.1}, "geometry": {"type": "Point", "coordinates": [312536.48, 4696985.4]}}, {"type": "Feature", "properties": {"cls": "Sharrow", "conf": 0.813, "tile": "tile_px31488_py0.jpg", "isolated": 1, "nearest_m": 3.1}, "geometry": {"type": "Point", "coordinates": [316813.32, 4706959.71]}}, {"type": "Feature", "properties": {"cls": "Sharrow", "conf": 0.774, "tile": "tile_px31488_py0.jpg", "isolated": 0, "nearest_m": 32.3}, "geometry": {"type": "Point", "coordinates": [316867.57, 4706988.47]}}, {"type": "Feature", "properties": {"cls": "Sharrow", "conf": 0.731, "tile": "tile_px31488_py2304.jpg", "isolated": 1, "nearest_m": 83.5}, "geometry": {"type": "Point", "coordinates": [316791.39, 4706566.66]}}, {"type": "Feature", "properties": {"cls": "Sharrow", "conf": 0.751, "tile": "tile_px32256_py0.jpg", "isolated": 0, "nearest_m": 32.3}, "geometry": {"type": "Point", "coordinates": [316867.59, 4706988.46]}}, {"type": "Feature", "properties": {"cls": "Sharrow", "conf": 0.624, "tile": "tile_px32256_py26880.jpg", "isolated": 1, "nearest_m": 17.6}, "geometry": {"type": "Point", "coordinates": [316851.63, 4702864.16]}}, {"type": "Feature", "properties": {"cls": "Sharrow", "conf": 0.683, "tile": "tile_px33024_py26112.jpg", "isolated": 1, "nearest_m": 13.5}, "geometry": {"type": "Point", "coordinates": [317059.27, 4703029.31]}}, {"type": "Feature", "properties": {"cls": "Sharrow", "conf": 0.713, "tile": "tile_px33024_py35328.jpg", "isolated": 0, "nearest_m": 49.8}, "geometry": {"type": "Point", "coordinates": [317075.95, 4701562.46]}}, {"type": "Feature", "properties": {"cls": "Sharrow", "conf": 0.712, "tile": "tile_px33024_py36096.jpg", "isolated": 0, "nearest_m": 49.8}, "geometry": {"type": "Point", "coordinates": [317075.95, 4701562.46]}}, {"type": "Feature", "properties": {"cls": "Sharrow", "conf": 0.762, "tile": "tile_px33024_py66816.jpg", "isolated": 1, "nearest_m": 38.8}, "geometry": {"type": "Point", "coordinates": [317019.37, 4696866.79]}}, {"type": "Feature", "properties": {"cls": "Sharrow", "conf": 0.628, "tile": "tile_px33024_py66816.jpg", "isolated": 1, "nearest_m": 60.5}, "geometry": {"type": "Point", "coordinates": [317010.95, 4696901.8]}}, {"type": "Feature", "properties": {"cls": "Sharrow", "conf": 0.718, "tile": "tile_px33792_py35328.jpg", "isolated": 0, "nearest_m": 49.8}, "geometry": {"type": "Point", "coordinates": [317075.94, 4701562.46]}}, {"type": "Feature", "properties": {"cls": "Sharrow", "conf": 0.72, "tile": "tile_px33792_py36096.jpg", "isolated": 0, "nearest_m": 49.8}, "geometry": {"type": "Point", "coordinates": [317075.94, 4701562.45]}}, {"type": "Feature", "properties": {"cls": "Sharrow", "conf": 0.726, "tile": "tile_px33792_py5376.jpg", "isolated": 0, "nearest_m": 9.7}, "geometry": {"type": "Point", "coordinates": [317198.92, 4706132.09]}}, {"type": "Feature", "properties": {"cls": "Sharrow", "conf": 0.625, "tile": "tile_px33792_py63744.jpg", "isolated": 0, "nearest_m": -1}, "geometry": {"type": "Point", "coordinates": [317149.37, 4697293.6]}}, {"type": "Feature", "properties": {"cls": "BikeOnly", "conf": 0.694, "tile": "tile_px33792_py64512.jpg", "isolated": 0, "nearest_m": 83.8}, "geometry": {"type": "Point", "coordinates": [317197.19, 4697277.67]}}, {"type": "Feature", "properties": {"cls": "Sharrow", "conf": 0.669, "tile": "tile_px33792_py64512.jpg", "isolated": 0, "nearest_m": -1}, "geometry": {"type": "Point", "coordinates": [317149.37, 4697293.59]}}, {"type": "Feature", "properties": {"cls": "Sharrow", "conf": 0.648, "tile": "tile_px34560_py29184.jpg", "isolated": 0, "nearest_m": 4.2}, "geometry": {"type": "Point", "coordinates": [317222.97, 4702485.5]}}, {"type": "Feature", "properties": {"cls": "Sharrow", "conf": 0.642, "tile": "tile_px34560_py29952.jpg", "isolated": 0, "nearest_m": 4.2}, "geometry": {"type": "Point", "coordinates": [317222.98, 4702485.49]}}, {"type": "Feature", "properties": {"cls": "BikeOnly", "conf": 0.622, "tile": "tile_px34560_py35328.jpg", "isolated": 0, "nearest_m": 2.3}, "geometry": {"type": "Point", "coordinates": [317277.99, 4701656.79]}}, {"type": "Feature", "properties": {"cls": "Sharrow", "conf": 0.741, "tile": "tile_px34560_py5376.jpg", "isolated": 0, "nearest_m": 9.7}, "geometry": {"type": "Point", "coordinates": [317198.93, 4706132.07]}}, {"type": "Feature", "properties": {"cls": "Sharrow", "conf": 0.814, "tile": "tile_px34560_py56832.jpg", "isolated": 0, "nearest_m": 4.3}, "geometry": {"type": "Point", "coordinates": [317311.06, 4698347.03]}}, {"type": "Feature", "properties": {"cls": "Sharrow", "conf": 0.715, "tile": "tile_px34560_py56832.jpg", "isolated": 0, "nearest_m": 3.2}, "geometry": {"type": "Point", "coordinates": [317261.39, 4698366.92]}}, {"type": "Feature", "properties": {"cls": "Sharrow", "conf": 0.814, "tile": "tile_px34560_py57600.jpg", "isolated": 0, "nearest_m": 4.3}, "geometry": {"type": "Point", "coordinates": [317311.06, 4698347.03]}}, {"type": "Feature", "properties": {"cls": "Sharrow", "conf": 0.783, "tile": "tile_px34560_py6144.jpg", "isolated": 1, "nearest_m": 5.1}, "geometry": {"type": "Point", "coordinates": [317267.07, 4705969.52]}}, {"type": "Feature", "properties": {"cls": "BikeOnly", "conf": 0.707, "tile": "tile_px34560_py64512.jpg", "isolated": 0, "nearest_m": 83.8}, "geometry": {"type": "Point", "coordinates": [317197.15, 4697277.66]}}, {"type": "Feature", "properties": {"cls": "Sharrow", "conf": 0.616, "tile": "tile_px35328_py45312.jpg", "isolated": 1, "nearest_m": -1}, "geometry": {"type": "Point", "coordinates": [317378.56, 4700192.1]}}, {"type": "Feature", "properties": {"cls": "Sharrow", "conf": 0.813, "tile": "tile_px35328_py56832.jpg", "isolated": 0, "nearest_m": 4.3}, "geometry": {"type": "Point", "coordinates": [317311.06, 4698347.03]}}, {"type": "Feature", "properties": {"cls": "Sharrow", "conf": 0.811, "tile": "tile_px35328_py57600.jpg", "isolated": 0, "nearest_m": 4.3}, "geometry": {"type": "Point", "coordinates": [317311.06, 4698347.03]}}, {"type": "Feature", "properties": {"cls": "Sharrow", "conf": 0.786, "tile": "tile_px35328_py6912.jpg", "isolated": 0, "nearest_m": 24.9}, "geometry": {"type": "Point", "coordinates": [317432.07, 4705874.12]}}, {"type": "Feature", "properties": {"cls": "BikeOnly", "conf": 0.63, "tile": "tile_px36096_py66048.jpg", "isolated": 0, "nearest_m": 3.3}, "geometry": {"type": "Point", "coordinates": [317554.09, 4697084.88]}}, {"type": "Feature", "properties": {"cls": "Sharrow", "conf": 0.796, "tile": "tile_px36096_py6912.jpg", "isolated": 0, "nearest_m": 4.3}, "geometry": {"type": "Point", "coordinates": [317512.94, 4705911.8]}}, {"type": "Feature", "properties": {"cls": "Sharrow", "conf": 0.788, "tile": "tile_px36096_py6912.jpg", "isolated": 0, "nearest_m": 24.9}, "geometry": {"type": "Point", "coordinates": [317432.07, 4705874.12]}}, {"type": "Feature", "properties": {"cls": "BikeOnly", "conf": 0.644, "tile": "tile_px36864_py55296.jpg", "isolated": 0, "nearest_m": 2.7}, "geometry": {"type": "Point", "coordinates": [317680.77, 4698556.86]}}, {"type": "Feature", "properties": {"cls": "BikeOnly", "conf": 0.743, "tile": "tile_px36864_py56064.jpg", "isolated": 0, "nearest_m": 3.3}, "geometry": {"type": "Point", "coordinates": [317674.39, 4698541.69]}}, {"type": "Feature", "properties": {"cls": "BikeOnly", "conf": 0.66, "tile": "tile_px36864_py56064.jpg", "isolated": 0, "nearest_m": 2.7}, "geometry": {"type": "Point", "coordinates": [317680.76, 4698556.84]}}, {"type": "Feature", "properties": {"cls": "BikeOnly", "conf": 0.615, "tile": "tile_px36864_py65280.jpg", "isolated": 0, "nearest_m": 3.3}, "geometry": {"type": "Point", "coordinates": [317554.09, 4697084.87]}}, {"type": "Feature", "properties": {"cls": "BikeOnly", "conf": 0.607, "tile": "tile_px36864_py66048.jpg", "isolated": 0, "nearest_m": 3.3}, "geometry": {"type": "Point", "coordinates": [317554.09, 4697084.88]}}, {"type": "Feature", "properties": {"cls": "Sharrow", "conf": 0.66, "tile": "tile_px37632_py49152.jpg", "isolated": 1, "nearest_m": -1}, "geometry": {"type": "Point", "coordinates": [317712.5, 4699572.19]}}, {"type": "Feature", "properties": {"cls": "BikeOnly", "conf": 0.726, "tile": "tile_px37632_py55296.jpg", "isolated": 0, "nearest_m": 2.7}, "geometry": {"type": "Point", "coordinates": [317681.05, 4698556.97]}}, {"type": "Feature", "properties": {"cls": "BikeOnly", "conf": 0.743, "tile": "tile_px37632_py56064.jpg", "isolated": 0, "nearest_m": 3.3}, "geometry": {"type": "Point", "coordinates": [317674.39, 4698541.7]}}, {"type": "Feature", "properties": {"cls": "BikeOnly", "conf": 0.739, "tile": "tile_px37632_py56064.jpg", "isolated": 0, "nearest_m": 2.7}, "geometry": {"type": "Point", "coordinates": [317681.06, 4698556.96]}}, {"type": "Feature", "properties": {"cls": "BikeOnly", "conf": 0.653, "tile": "tile_px38400_py38400.jpg", "isolated": 0, "nearest_m": 2.7}, "geometry": {"type": "Point", "coordinates": [317883.12, 4701088.07]}}, {"type": "Feature", "properties": {"cls": "BikeOnly", "conf": 0.748, "tile": "tile_px38400_py39168.jpg", "isolated": 0, "nearest_m": 2.3}, "geometry": {"type": "Point", "coordinates": [317883.17, 4701087.52]}}, {"type": "Feature", "properties": {"cls": "Sharrow", "conf": 0.706, "tile": "tile_px38400_py4608.jpg", "isolated": 0, "nearest_m": 20.0}, "geometry": {"type": "Point", "coordinates": [317874.65, 4706167.32]}}, {"type": "Feature", "properties": {"cls": "Sharrow", "conf": 0.657, "tile": "tile_px38400_py5376.jpg", "isolated": 0, "nearest_m": 20.0}, "geometry": {"type": "Point", "coordinates": [317874.65, 4706167.32]}}, {"type": "Feature", "properties": {"cls": "BikeOnly", "conf": 0.751, "tile": "tile_px38400_py54528.jpg", "isolated": 0, "nearest_m": 4.7}, "geometry": {"type": "Point", "coordinates": [317879.04, 4698694.35]}}, {"type": "Feature", "properties": {"cls": "BikeOnly", "conf": 0.761, "tile": "tile_px38400_py55296.jpg", "isolated": 0, "nearest_m": 3.2}, "geometry": {"type": "Point", "coordinates": [317804.02, 4698619.64]}}, {"type": "Feature", "properties": {"cls": "BikeOnly", "conf": 0.751, "tile": "tile_px38400_py55296.jpg", "isolated": 1, "nearest_m": 3.3}, "geometry": {"type": "Point", "coordinates": [317857.21, 4698662.95]}}, {"type": "Feature", "properties": {"cls": "BikeOnly", "conf": 0.749, "tile": "tile_px38400_py55296.jpg", "isolated": 0, "nearest_m": 4.7}, "geometry": {"type": "Point", "coordinates": [317879.04, 4698694.35]}}, {"type": "Feature", "properties": {"cls": "BikeOnly", "conf": 0.725, "tile": "tile_px38400_py55296.jpg", "isolated": 0, "nearest_m": 3.1}, "geometry": {"type": "Point", "coordinates": [317808.82, 4698637.35]}}, {"type": "Feature", "properties": {"cls": "Sharrow", "conf": 0.785, "tile": "tile_px38400_py65280.jpg", "isolated": 0, "nearest_m": 9.8}, "geometry": {"type": "Point", "coordinates": [317901.01, 4697119.76]}}, {"type": "Feature", "properties": {"cls": "BikeOnly", "conf": 0.632, "tile": "tile_px39168_py13824.jpg", "isolated": 1, "nearest_m": 88.6}, "geometry": {"type": "Point", "coordinates": [317991.5, 4704776.47]}}, {"type": "Feature", "properties": {"cls": "BikeOnly", "conf": 0.645, "tile": "tile_px39168_py38400.jpg", "isolated": 0, "nearest_m": 2.7}, "geometry": {"type": "Point", "coordinates": [317883.15, 4701088.04]}}, {"type": "Feature", "properties": {"cls": "BikeOnly", "conf": 0.732, "tile": "tile_px39168_py39168.jpg", "isolated": 0, "nearest_m": 2.3}, "geometry": {"type": "Point", "coordinates": [317883.18, 4701087.53]}}, {"type": "Feature", "properties": {"cls": "BikeOnly", "conf": 0.755, "tile": "tile_px39168_py41472.jpg", "isolated": 0, "nearest_m": 2.4}, "geometry": {"type": "Point", "coordinates": [317994.68, 4700649.55]}}, {"type": "Feature", "properties": {"cls": "BikeOnly", "conf": 0.752, "tile": "tile_px39168_py41472.jpg", "isolated": 1, "nearest_m": 2.4}, "geometry": {"type": "Point", "coordinates": [317971.43, 4700695.06]}}, {"type": "Feature", "properties": {"cls": "BikeOnly", "conf": 0.663, "tile": "tile_px39168_py41472.jpg", "isolated": 0, "nearest_m": 2.5}, "geometry": {"type": "Point", "coordinates": [317985.61, 4700649.6]}}, {"type": "Feature", "properties": {"cls": "BikeOnly", "conf": 0.766, "tile": "tile_px39168_py42240.jpg", "isolated": 0, "nearest_m": 2.4}, "geometry": {"type": "Point", "coordinates": [318020.79, 4700590.68]}}, {"type": "Feature", "properties": {"cls": "BikeOnly", "conf": 0.752, "tile": "tile_px39168_py42240.jpg", "isolated": 0, "nearest_m": 2.4}, "geometry": {"type": "Point", "coordinates": [317994.68, 4700649.55]}}, {"type": "Feature", "properties": {"cls": "BikeOnly", "conf": 0.716, "tile": "tile_px39168_py42240.jpg", "isolated": 0, "nearest_m": 2.3}, "geometry": {"type": "Point", "coordinates": [318013.66, 4700584.87]}}, {"type": "Feature", "properties": {"cls": "BikeOnly", "conf": 0.661, "tile": "tile_px39168_py42240.jpg", "isolated": 0, "nearest_m": 2.5}, "geometry": {"type": "Point", "coordinates": [317985.61, 4700649.6]}}, {"type": "Feature", "properties": {"cls": "Sharrow", "conf": 0.776, "tile": "tile_px39168_py54528.jpg", "isolated": 1, "nearest_m": 52.9}, "geometry": {"type": "Point", "coordinates": [317976.86, 4698770.9]}}, {"type": "Feature", "properties": {"cls": "BikeOnly", "conf": 0.699, "tile": "tile_px39168_py54528.jpg", "isolated": 0, "nearest_m": 4.7}, "geometry": {"type": "Point", "coordinates": [317879.02, 4698694.37]}}, {"type": "Feature", "properties": {"cls": "BikeOnly", "conf": 0.73, "tile": "tile_px39168_py55296.jpg", "isolated": 0, "nearest_m": 4.7}, "geometry": {"type": "Point", "coordinates": [317879.06, 4698694.34]}}, {"type": "Feature", "properties": {"cls": "Sharrow", "conf": 0.763, "tile": "tile_px39168_py65280.jpg", "isolated": 0, "nearest_m": 9.7}, "geometry": {"type": "Point", "coordinates": [317901.01, 4697119.74]}}, {"type": "Feature", "properties": {"cls": "BikeOnly", "conf": 0.731, "tile": "tile_px39936_py41472.jpg", "isolated": 0, "nearest_m": 2.5}, "geometry": {"type": "Point", "coordinates": [317994.69, 4700649.56]}}, {"type": "Feature", "properties": {"cls": "BikeOnly", "conf": 0.762, "tile": "tile_px39936_py42240.jpg", "isolated": 0, "nearest_m": 2.4}, "geometry": {"type": "Point", "coordinates": [318020.79, 4700590.69]}}, {"type": "Feature", "properties": {"cls": "BikeOnly", "conf": 0.739, "tile": "tile_px39936_py42240.jpg", "isolated": 0, "nearest_m": 2.4}, "geometry": {"type": "Point", "coordinates": [317994.68, 4700649.56]}}, {"type": "Feature", "properties": {"cls": "BikeOnly", "conf": 0.702, "tile": "tile_px39936_py42240.jpg", "isolated": 0, "nearest_m": 2.3}, "geometry": {"type": "Point", "coordinates": [318013.65, 4700584.87]}}, {"type": "Feature", "properties": {"cls": "BikeOnly", "conf": 0.66, "tile": "tile_px39936_py42240.jpg", "isolated": 0, "nearest_m": 2.3}, "geometry": {"type": "Point", "coordinates": [318042.89, 4700538.45]}}, {"type": "Feature", "properties": {"cls": "BikeOnly", "conf": 0.655, "tile": "tile_px39936_py43008.jpg", "isolated": 0, "nearest_m": 2.3}, "geometry": {"type": "Point", "coordinates": [318042.89, 4700538.45]}}, {"type": "Feature", "properties": {"cls": "Sharrow", "conf": 0.717, "tile": "tile_px40704_py25344.jpg", "isolated": 1, "nearest_m": 2.6}, "geometry": {"type": "Point", "coordinates": [318221.73, 4703138.06]}}, {"type": "Feature", "properties": {"cls": "Sharrow", "conf": 0.803, "tile": "tile_px40704_py43008.jpg", "isolated": 0, "nearest_m": 7.3}, "geometry": {"type": "Point", "coordinates": [318245.18, 4700461.51]}}, {"type": "Feature", "properties": {"cls": "BikeOnly", "conf": 0.785, "tile": "tile_px40704_py43008.jpg", "isolated": 0, "nearest_m": 2.3}, "geometry": {"type": "Point", "coordinates": [318143.44, 4700475.45]}}, {"type": "Feature", "properties": {"cls": "BikeOnly", "conf": 0.765, "tile": "tile_px40704_py43008.jpg", "isolated": 0, "nearest_m": 6.0}, "geometry": {"type": "Point", "coordinates": [318214.5, 4700409.95]}}, {"type": "Feature", "properties": {"cls": "BikeOnly", "conf": 0.754, "tile": "tile_px40704_py43008.jpg", "isolated": 1, "nearest_m": 2.3}, "geometry": {"type": "Point", "coordinates": [318174.1, 4700451.94]}}, {"type": "Feature", "properties": {"cls": "Sharrow", "conf": 0.662, "tile": "tile_px40704_py43008.jpg", "isolated": 1, "nearest_m": 6.9}, "geometry": {"type": "Point", "coordinates": [318213.98, 4700440.51]}}, {"type": "Feature", "properties": {"cls": "BikeOnly", "conf": 0.649, "tile": "tile_px40704_py43008.jpg", "isolated": 0, "nearest_m": 2.9}, "geometry": {"type": "Point", "coordinates": [318201.44, 4700410.93]}}, {"type": "Feature", "properties": {"cls": "BikeOnly", "conf": 0.767, "tile": "tile_px40704_py43776.jpg", "isolated": 0, "nearest_m": 6.0}, "geometry": {"type": "Point", "coordinates": [318214.5, 4700409.96]}}, {"type": "Feature", "properties": {"cls": "BikeOnly", "conf": 0.65, "tile": "tile_px40704_py43776.jpg", "isolated": 0, "nearest_m": 2.9}, "geometry": {"type": "Point", "coordinates": [318201.44, 4700410.93]}}, {"type": "Feature", "properties": {"cls": "BikeOnly", "conf": 0.614, "tile": "tile_px40704_py43776.jpg", "isolated": 0, "nearest_m": 2.2}, "geometry": {"type": "Point", "coordinates": [318238.53, 4700371.78]}}, {"type": "Feature", "properties": {"cls": "BikeOnly", "conf": 0.752, "tile": "tile_px40704_py52992.jpg", "isolated": 0, "nearest_m": 9.4}, "geometry": {"type": "Point", "coordinates": [318254.31, 4698950.62]}}, {"type": "Feature", "properties": {"cls": "BikeOnly", "conf": 0.751, "tile": "tile_px40704_py52992.jpg", "isolated": 0, "nearest_m": 8.1}, "geometry": {"type": "Point", "coordinates": [318245.2, 4698951.72]}}, {"type": "Feature", "properties": {"cls": "Sharrow", "conf": 0.809, "tile": "tile_px41472_py43008.jpg", "isolated": 0, "nearest_m": 7.3}, "geometry": {"type": "Point", "coordinates": [318245.18, 4700461.51]}}, {"type": "Feature", "properties": {"cls": "Sharrow", "conf": 0.802, "tile": "tile_px41472_py43008.jpg", "isolated": 0, "nearest_m": 4.4}, "geometry": {"type": "Point", "coordinates": [318291.29, 4700494.72]}}, {"type": "Feature", "properties": {"cls": "Sharrow", "conf": 0.756, "tile": "tile_px41472_py43008.jpg", "isolated": 0, "nearest_m": 20.2}, "geometry": {"type": "Point", "coordinates": [318311.56, 4700510.61]}}, {"type": "Feature", "properties": {"cls": "BikeOnly", "conf": 0.69, "tile": "tile_px41472_py43008.jpg", "isolated": 0, "nearest_m": 2.1}, "geometry": {"type": "Point", "coordinates": [318278.08, 4700493.04]}}, {"type": "Feature", "properties": {"cls": "BikeOnly", "conf": 0.611, "tile": "tile_px41472_py43776.jpg", "isolated": 0, "nearest_m": 2.2}, "geometry": {"type": "Point", "coordinates": [318238.53, 4700371.78]}}, {"type": "Feature", "properties": {"cls": "BikeOnly", "conf": 0.741, "tile": "tile_px41472_py51456.jpg", "isolated": 0, "nearest_m": 2.9}, "geometry": {"type": "Point", "coordinates": [318357.72, 4699234.86]}}, {"type": "Feature", "properties": {"cls": "BikeOnly", "conf": 0.665, "tile": "tile_px41472_py51456.jpg", "isolated": 0, "nearest_m": 4.5}, "geometry": {"type": "Point", "coordinates": [318324.69, 4699182.16]}}, {"type": "Feature", "properties": {"cls": "BikeOnly", "conf": 0.625, "tile": "tile_px41472_py51456.jpg", "isolated": 0, "nearest_m": 2.5}, "geometry": {"type": "Point", "coordinates": [318337.12, 4699193.48]}}, {"type": "Feature", "properties": {"cls": "BikeOnly", "conf": 0.798, "tile": "tile_px41472_py52224.jpg", "isolated": 1, "nearest_m": 5.7}, "geometry": {"type": "Point", "coordinates": [318316.89, 4699123.01]}}, {"type": "Feature", "properties": {"cls": "BikeOnly", "conf": 0.742, "tile": "tile_px41472_py52224.jpg", "isolated": 1, "nearest_m": 3.7}, "geometry": {"type": "Point", "coordinates": [318298.7, 4699085.98]}}, {"type": "Feature", "properties": {"cls": "BikeOnly", "conf": 0.759, "tile": "tile_px41472_py52992.jpg", "isolated": 0, "nearest_m": 8.1}, "geometry": {"type": "Point", "coordinates": [318245.21, 4698951.72]}}, {"type": "Feature", "properties": {"cls": "BikeOnly", "conf": 0.758, "tile": "tile_px41472_py52992.jpg", "isolated": 0, "nearest_m": 9.4}, "geometry": {"type": "Point", "coordinates": [318254.27, 4698950.62]}}, {"type": "Feature", "properties": {"cls": "BikeOnly", "conf": 0.785, "tile": "tile_px41472_py53760.jpg", "isolated": 1, "nearest_m": 2.5}, "geometry": {"type": "Point", "coordinates": [318265.78, 4698831.66]}}, {"type": "Feature", "properties": {"cls": "BikeOnly", "conf": 0.788, "tile": "tile_px41472_py54528.jpg", "isolated": 1, "nearest_m": 2.3}, "geometry": {"type": "Point", "coordinates": [318291.86, 4698774.58]}}, {"type": "Feature", "properties": {"cls": "BikeOnly", "conf": 0.753, "tile": "tile_px42240_py46080.jpg", "isolated": 0, "nearest_m": 4.7}, "geometry": {"type": "Point", "coordinates": [318381.03, 4700023.64]}}, {"type": "Feature", "properties": {"cls": "BikeOnly", "conf": 0.753, "tile": "tile_px42240_py46848.jpg", "isolated": 1, "nearest_m": 2.9}, "geometry": {"type": "Point", "coordinates": [318416.24, 4699863.68]}}, {"type": "Feature", "properties": {"cls": "BikeOnly", "conf": 0.747, "tile": "tile_px42240_py46848.jpg", "isolated": 0, "nearest_m": 2.5}, "geometry": {"type": "Point", "coordinates": [318399.66, 4699919.36]}}, {"type": "Feature", "properties": {"cls": "BikeOnly", "conf": 0.634, "tile": "tile_px42240_py46848.jpg", "isolated": 0, "nearest_m": 2.6}, "geometry": {"type": "Point", "coordinates": [318409.96, 4699913.69]}}, {"type": "Feature", "properties": {"cls": "BikeOnly", "conf": 0.719, "tile": "tile_px42240_py48384.jpg", "isolated": 0, "nearest_m": 5.1}, "geometry": {"type": "Point", "coordinates": [318432.54, 4699592.61]}}, {"type": "Feature", "properties": {"cls": "BikeOnly", "conf": 0.728, "tile": "tile_px42240_py49152.jpg", "isolated": 0, "nearest_m": 5.1}, "geometry": {"type": "Point", "coordinates": [318432.54, 4699592.63]}}, {"type": "Feature", "properties": {"cls": "BikeOnly", "conf": 0.717, "tile": "tile_px42240_py49152.jpg", "isolated": 1, "nearest_m": 2.5}, "geometry": {"type": "Point", "coordinates": [318432.9, 4699561.1]}}, {"type": "Feature", "properties": {"cls": "BikeOnly", "conf": 0.608, "tile": "tile_px42240_py49152.jpg", "isolated": 0, "nearest_m": 3.7}, "geometry": {"type": "Point", "coordinates": [318405.97, 4699489.6]}}, {"type": "Feature", "properties": {"cls": "BikeOnly", "conf": 0.741, "tile": "tile_px42240_py49920.jpg", "isolated": 1, "nearest_m": 2.6}, "geometry": {"type": "Point", "coordinates": [318391.08, 4699438.51]}}, {"type": "Feature", "properties": {"cls": "BikeOnly", "conf": 0.742, "tile": "tile_px42240_py51456.jpg", "isolated": 0, "nearest_m": 2.9}, "geometry": {"type": "Point", "coordinates": [318357.72, 4699234.87]}}, {"type": "Feature", "properties": {"cls": "BikeOnly", "conf": 0.731, "tile": "tile_px42240_py54528.jpg", "isolated": 0, "nearest_m": 6.8}, "geometry": {"type": "Point", "coordinates": [318381.46, 4698688.29]}}, {"type": "Feature", "properties": {"cls": "BikeOnly", "conf": 0.731, "tile": "tile_px42240_py55296.jpg", "isolated": 0, "nearest_m": 6.8}, "geometry": {"type": "Point", "coordinates": [318381.46, 4698688.29]}}, {"type": "Feature", "properties": {"cls": "BikeOnly", "conf": 0.71, "tile": "tile_px42240_py55296.jpg", "isolated": 1, "nearest_m": 2.5}, "geometry": {"type": "Point", "coordinates": [318437.6, 4698653.92]}}, {"type": "Feature", "properties": {"cls": "BikeOnly", "conf": 0.643, "tile": "tile_px42240_py55296.jpg", "isolated": 1, "nearest_m": 2.5}, "geometry": {"type": "Point", "coordinates": [318404.3, 4698664.78]}}, {"type": "Feature", "properties": {"cls": "BikeOnly", "conf": 0.689, "tile": "tile_px42240_py56832.jpg", "isolated": 0, "nearest_m": 2.5}, "geometry": {"type": "Point", "coordinates": [318484.56, 4698331.6]}}, {"type": "Feature", "properties": {"cls": "BikeOnly", "conf": 0.709, "tile": "tile_px42240_py57600.jpg", "isolated": 0, "nearest_m": 2.6}, "geometry": {"type": "Point", "coordinates": [318484.62, 4698331.6]}}, {"type": "Feature", "properties": {"cls": "Sharrow", "conf": 0.627, "tile": "tile_px43008_py13824.jpg", "isolated": 1, "nearest_m": -1}, "geometry": {"type": "Point", "coordinates": [318582.29, 4704864.38]}}, {"type": "Feature", "properties": {"cls": "BikeOnly", "conf": 0.748, "tile": "tile_px43008_py47616.jpg", "isolated": 0, "nearest_m": 2.4}, "geometry": {"type": "Point", "coordinates": [318518.15, 4699713.88]}}, {"type": "Feature", "properties": {"cls": "BikeOnly", "conf": 0.741, "tile": "tile_px43008_py48384.jpg", "isolated": 0, "nearest_m": 2.4}, "geometry": {"type": "Point", "coordinates": [318518.15, 4699713.89]}}, {"type": "Feature", "properties": {"cls": "BikeOnly", "conf": 0.729, "tile": "tile_px43008_py55296.jpg", "isolated": 0, "nearest_m": 3.4}, "geometry": {"type": "Point", "coordinates": [318537.11, 4698563.89]}}, {"type": "Feature", "properties": {"cls": "BikeOnly", "conf": 0.694, "tile": "tile_px43008_py55296.jpg", "isolated": 1, "nearest_m": 8.2}, "geometry": {"type": "Point", "coordinates": [318513.48, 4698605.98]}}, {"type": "Feature", "properties": {"cls": "BikeOnly", "conf": 0.688, "tile": "tile_px43008_py55296.jpg", "isolated": 0, "nearest_m": 8.3}, "geometry": {"type": "Point", "coordinates": [318570.01, 4698603.3]}}, {"type": "Feature", "properties": {"cls": "BikeOnly", "conf": 0.733, "tile": "tile_px43008_py56064.jpg", "isolated": 0, "nearest_m": 3.4}, "geometry": {"type": "Point", "coordinates": [318537.11, 4698563.89]}}, {"type": "Feature", "properties": {"cls": "BikeOnly", "conf": 0.73, "tile": "tile_px43008_py56064.jpg", "isolated": 0, "nearest_m": 3.5}, "geometry": {"type": "Point", "coordinates": [318602.28, 4698444.73]}}, {"type": "Feature", "properties": {"cls": "BikeOnly", "conf": 0.671, "tile": "tile_px43008_py56064.jpg", "isolated": 0, "nearest_m": 3.2}, "geometry": {"type": "Point", "coordinates": [318572.13, 4698517.14]}}, {"type": "Feature", "properties": {"cls": "BikeOnly", "conf": 0.728, "tile": "tile_px43008_py56832.jpg", "isolated": 0, "nearest_m": 3.5}, "geometry": {"type": "Point", "coordinates": [318602.33, 4698444.73]}}, {"type": "Feature", "properties": {"cls": "BikeOnly", "conf": 0.708, "tile": "tile_px43008_py56832.jpg", "isolated": 0, "nearest_m": 2.5}, "geometry": {"type": "Point", "coordinates": [318484.56, 4698331.59]}}, {"type": "Feature", "properties": {"cls": "BikeOnly", "conf": 0.736, "tile": "tile_px43008_py57600.jpg", "isolated": 0, "nearest_m": 2.6}, "geometry": {"type": "Point", "coordinates": [318484.61, 4698331.59]}}, {"type": "Feature", "properties": {"cls": "BikeOnly", "conf": 0.751, "tile": "tile_px43776_py55296.jpg", "isolated": 0, "nearest_m": 9.1}, "geometry": {"type": "Point", "coordinates": [318708.99, 4698646.09]}}, {"type": "Feature", "properties": {"cls": "BikeOnly", "conf": 0.719, "tile": "tile_px43776_py55296.jpg", "isolated": 0, "nearest_m": 8.3}, "geometry": {"type": "Point", "coordinates": [318570.06, 4698603.3]}}, {"type": "Feature", "properties": {"cls": "BikeOnly", "conf": 0.727, "tile": "tile_px43776_py56064.jpg", "isolated": 0, "nearest_m": 3.5}, "geometry": {"type": "Point", "coordinates": [318602.34, 4698444.74]}}, {"type": "Feature", "properties": {"cls": "BikeOnly", "conf": 0.692, "tile": "tile_px43776_py56064.jpg", "isolated": 0, "nearest_m": 5.5}, "geometry": {"type": "Point", "coordinates": [318614.46, 4698446.17]}}, {"type": "Feature", "properties": {"cls": "BikeOnly", "conf": 0.682, "tile": "tile_px43776_py56064.jpg", "isolated": 0, "nearest_m": 3.2}, "geometry": {"type": "Point", "coordinates": [318572.13, 4698517.14]}}, {"type": "Feature", "properties": {"cls": "BikeOnly", "conf": 0.744, "tile": "tile_px43776_py56832.jpg", "isolated": 0, "nearest_m": 3.9}, "geometry": {"type": "Point", "coordinates": [318631.11, 4698370.23]}}, {"type": "Feature", "properties": {"cls": "BikeOnly", "conf": 0.683, "tile": "tile_px43776_py56832.jpg", "isolated": 0, "nearest_m": 3.5}, "geometry": {"type": "Point", "coordinates": [318602.34, 4698444.74]}}, {"type": "Feature", "properties": {"cls": "BikeOnly", "conf": 0.677, "tile": "tile_px43776_py56832.jpg", "isolated": 0, "nearest_m": 17.2}, "geometry": {"type": "Point", "coordinates": [318646.51, 4698372.15]}}, {"type": "Feature", "properties": {"cls": "BikeOnly", "conf": 0.668, "tile": "tile_px43776_py56832.jpg", "isolated": 0, "nearest_m": 5.5}, "geometry": {"type": "Point", "coordinates": [318614.48, 4698446.18]}}, {"type": "Feature", "properties": {"cls": "BikeOnly", "conf": 0.63, "tile": "tile_px43776_py56832.jpg", "isolated": 0, "nearest_m": 4.3}, "geometry": {"type": "Point", "coordinates": [318606.27, 4698418.41]}}, {"type": "Feature", "properties": {"cls": "BikeOnly", "conf": 0.694, "tile": "tile_px43776_py57600.jpg", "isolated": 1, "nearest_m": 3.7}, "geometry": {"type": "Point", "coordinates": [318651.28, 4698286.38]}}, {"type": "Feature", "properties": {"cls": "BikeOnly", "conf": 0.628, "tile": "tile_px43776_py57600.jpg", "isolated": 1, "nearest_m": 5.8}, "geometry": {"type": "Point", "coordinates": [318644.92, 4698256.54]}}, {"type": "Feature", "properties": {"cls": "Sharrow", "conf": 0.725, "tile": "tile_px44544_py26112.jpg", "isolated": 0, "nearest_m": 5.0}, "geometry": {"type": "Point", "coordinates": [318797.42, 4703029.13]}}, {"type": "Feature", "properties": {"cls": "BikeOnly", "conf": 0.74, "tile": "tile_px44544_py33792.jpg", "isolated": 0, "nearest_m": 3.8}, "geometry": {"type": "Point", "coordinates": [318745.14, 4701881.74]}}, {"type": "Feature", "properties": {"cls": "BikeOnly", "conf": 0.754, "tile": "tile_px44544_py55296.jpg", "isolated": 0, "nearest_m": 9.1}, "geometry": {"type": "Point", "coordinates": [318708.99, 4698646.09]}}, {"type": "Feature", "properties": {"cls": "BikeOnly", "conf": 0.712, "tile": "tile_px44544_py55296.jpg", "isolated": 0, "nearest_m": 6.8}, "geometry": {"type": "Point", "coordinates": [318802.62, 4698561.89]}}, {"type": "Feature", "properties": {"cls": "BikeOnly", "conf": 0.724, "tile": "tile_px44544_py56064.jpg", "isolated": 0, "nearest_m": 6.8}, "geometry": {"type": "Point", "coordinates": [318802.61, 4698561.86]}}, {"type": "Feature", "properties": {"cls": "BikeOnly", "conf": 0.711, "tile": "tile_px44544_py56832.jpg", "isolated": 1, "nearest_m": 20.6}, "geometry": {"type": "Point", "coordinates": [318748.64, 4698407.32]}}, {"type": "Feature", "properties": {"cls": "Sharrow", "conf": 0.604, "tile": "tile_px45312_py26112.jpg", "isolated": 0, "nearest_m": 4.9}, "geometry": {"type": "Point", "coordinates": [318797.97, 4703029.33]}}, {"type": "Feature", "properties": {"cls": "BikeOnly", "conf": 0.696, "tile": "tile_px45312_py55296.jpg", "isolated": 0, "nearest_m": 6.9}, "geometry": {"type": "Point", "coordinates": [318802.61, 4698561.9]}}, {"type": "Feature", "properties": {"cls": "BikeOnly", "conf": 0.704, "tile": "tile_px45312_py56064.jpg", "isolated": 0, "nearest_m": 6.8}, "geometry": {"type": "Point", "coordinates": [318802.61, 4698561.88]}}, {"type": "Feature", "properties": {"cls": "Sharrow", "conf": 0.782, "tile": "tile_px45312_py61440.jpg", "isolated": 0, "nearest_m": -1}, "geometry": {"type": "Point", "coordinates": [318865.63, 4697660.57]}}, {"type": "Feature", "properties": {"cls": "Sharrow", "conf": 0.612, "tile": "tile_px45312_py61440.jpg", "isolated": 1, "nearest_m": 52.2}, "geometry": {"type": "Point", "coordinates": [318856.92, 4697711.32]}}, {"type": "Feature", "properties": {"cls": "Sharrow", "conf": 0.771, "tile": "tile_px45312_py62208.jpg", "isolated": 0, "nearest_m": -1}, "geometry": {"type": "Point", "coordinates": [318865.63, 4697660.57]}}, {"type": "Feature", "properties": {"cls": "BikeOnly", "conf": 0.67, "tile": "tile_px45312_py9216.jpg", "isolated": 1, "nearest_m": 5.9}, "geometry": {"type": "Point", "coordinates": [318866.63, 4705571.3]}}, {"type": "Feature", "properties": {"cls": "BikeOnly", "conf": 0.699, "tile": "tile_px46080_py33024.jpg", "isolated": 0, "nearest_m": 2.2}, "geometry": {"type": "Point", "coordinates": [318951.1, 4701944.26]}}, {"type": "Feature", "properties": {"cls": "Sharrow", "conf": 0.606, "tile": "tile_px46080_py57600.jpg", "isolated": 1, "nearest_m": 16.1}, "geometry": {"type": "Point", "coordinates": [319049.69, 4698347.2]}}, {"type": "Feature", "properties": {"cls": "BikeOnly", "conf": 0.608, "tile": "tile_px4608_py3072.jpg", "isolated": 0, "nearest_m": 2.4}, "geometry": {"type": "Point", "coordinates": [312728.54, 4706501.33]}}, {"type": "Feature", "properties": {"cls": "BikeOnly", "conf": 0.637, "tile": "tile_px4608_py31488.jpg", "isolated": 1, "nearest_m": 2.3}, "geometry": {"type": "Point", "coordinates": [312735.04, 4702136.5]}}, {"type": "Feature", "properties": {"cls": "Sharrow", "conf": 0.712, "tile": "tile_px4608_py3840.jpg", "isolated": 1, "nearest_m": 3.2}, "geometry": {"type": "Point", "coordinates": [312754.69, 4706381.69]}}, {"type": "Feature", "properties": {"cls": "Sharrow", "conf": 0.631, "tile": "tile_px47616_py51456.jpg", "isolated": 1, "nearest_m": -1}, "geometry": {"type": "Point", "coordinates": [319200.47, 4699233.72]}}, {"type": "Feature", "properties": {"cls": "BikeOnly", "conf": 0.625, "tile": "tile_px48384_py9984.jpg", "isolated": 1, "nearest_m": 7.3}, "geometry": {"type": "Point", "coordinates": [319396.93, 4705385.17]}}, {"type": "Feature", "properties": {"cls": "BikeOnly", "conf": 0.696, "tile": "tile_px49152_py1536.jpg", "isolated": 0, "nearest_m": 26.1}, "geometry": {"type": "Point", "coordinates": [319474.12, 4706650.27]}}, {"type": "Feature", "properties": {"cls": "BikeOnly", "conf": 0.736, "tile": "tile_px49152_py2304.jpg", "isolated": 0, "nearest_m": 26.1}, "geometry": {"type": "Point", "coordinates": [319474.12, 4706650.25]}}, {"type": "Feature", "properties": {"cls": "BikeOnly", "conf": 0.765, "tile": "tile_px49152_py36096.jpg", "isolated": 0, "nearest_m": 4.9}, "geometry": {"type": "Point", "coordinates": [319447.23, 4701503.29]}}, {"type": "Feature", "properties": {"cls": "BikeOnly", "conf": 0.764, "tile": "tile_px49152_py36096.jpg", "isolated": 0, "nearest_m": 2.7}, "geometry": {"type": "Point", "coordinates": [319513.35, 4701525.34]}}, {"type": "Feature", "properties": {"cls": "BikeOnly", "conf": 0.727, "tile": "tile_px49152_py53760.jpg", "isolated": 1, "nearest_m": -1}, "geometry": {"type": "Point", "coordinates": [319432.25, 4698856.69]}}, {"type": "Feature", "properties": {"cls": "BikeOnly", "conf": 0.694, "tile": "tile_px49152_py58368.jpg", "isolated": 1, "nearest_m": 22.7}, "geometry": {"type": "Point", "coordinates": [319504.75, 4698154.06]}}, {"type": "Feature", "properties": {"cls": "BikeOnly", "conf": 0.77, "tile": "tile_px49920_py36096.jpg", "isolated": 1, "nearest_m": 2.6}, "geometry": {"type": "Point", "coordinates": [319577.85, 4701546.77]}}, {"type": "Feature", "properties": {"cls": "BikeOnly", "conf": 0.765, "tile": "tile_px49920_py36096.jpg", "isolated": 0, "nearest_m": 2.7}, "geometry": {"type": "Point", "coordinates": [319513.35, 4701525.34]}}, {"type": "Feature", "properties": {"cls": "BikeOnly", "conf": 0.78, "tile": "tile_px50688_py35328.jpg", "isolated": 0, "nearest_m": 2.5}, "geometry": {"type": "Point", "coordinates": [319641.92, 4701568.32]}}, {"type": "Feature", "properties": {"cls": "BikeOnly", "conf": 0.772, "tile": "tile_px50688_py35328.jpg", "isolated": 0, "nearest_m": 2.8}, "geometry": {"type": "Point", "coordinates": [319713.68, 4701582.05]}}, {"type": "Feature", "properties": {"cls": "BikeOnly", "conf": 0.789, "tile": "tile_px50688_py36096.jpg", "isolated": 0, "nearest_m": 2.8}, "geometry": {"type": "Point", "coordinates": [319713.66, 4701582.03]}}, {"type": "Feature", "properties": {"cls": "BikeOnly", "conf": 0.786, "tile": "tile_px50688_py36096.jpg", "isolated": 0, "nearest_m": 2.5}, "geometry": {"type": "Point", "coordinates": [319641.92, 4701568.33]}}, {"type": "Feature", "properties": {"cls": "Sharrow", "conf": 0.68, "tile": "tile_px51456_py29184.jpg", "isolated": 0, "nearest_m": -1}, "geometry": {"type": "Point", "coordinates": [319850.76, 4702532.83]}}, {"type": "Feature", "properties": {"cls": "Sharrow", "conf": 0.716, "tile": "tile_px51456_py31488.jpg", "isolated": 1, "nearest_m": -1}, "geometry": {"type": "Point", "coordinates": [319793.59, 4702224.42]}}, {"type": "Feature", "properties": {"cls": "BikeOnly", "conf": 0.759, "tile": "tile_px51456_py35328.jpg", "isolated": 0, "nearest_m": 8.4}, "geometry": {"type": "Point", "coordinates": [319863.81, 4701563.79]}}, {"type": "Feature", "properties": {"cls": "BikeOnly", "conf": 0.601, "tile": "tile_px51456_py35328.jpg", "isolated": 0, "nearest_m": 2.7}, "geometry": {"type": "Point", "coordinates": [319791.5, 4701580.43]}}, {"type": "Feature", "properties": {"cls": "BikeOnly", "conf": 0.762, "tile": "tile_px51456_py36096.jpg", "isolated": 0, "nearest_m": 8.4}, "geometry": {"type": "Point", "coordinates": [319863.81, 4701563.8]}}, {"type": "Feature", "properties": {"cls": "BikeOnly", "conf": 0.604, "tile": "tile_px51456_py36096.jpg", "isolated": 0, "nearest_m": 2.7}, "geometry": {"type": "Point", "coordinates": [319791.48, 4701580.44]}}, {"type": "Feature", "properties": {"cls": "Sharrow", "conf": 0.693, "tile": "tile_px52224_py29184.jpg", "isolated": 0, "nearest_m": -1}, "geometry": {"type": "Point", "coordinates": [319850.76, 4702532.84]}}, {"type": "Feature", "properties": {"cls": "BikeOnly", "conf": 0.661, "tile": "tile_px52224_py30720.jpg", "isolated": 0, "nearest_m": -1}, "geometry": {"type": "Point", "coordinates": [319969.02, 4702338.5]}}, {"type": "Feature", "properties": {"cls": "Sharrow", "conf": 0.823, "tile": "tile_px52224_py35328.jpg", "isolated": 0, "nearest_m": 50.3}, "geometry": {"type": "Point", "coordinates": [319905.79, 4701557.02]}}, {"type": "Feature", "properties": {"cls": "BikeOnly", "conf": 0.761, "tile": "tile_px52224_py35328.jpg", "isolated": 0, "nearest_m": 8.4}, "geometry": {"type": "Point", "coordinates": [319863.81, 4701563.79]}}, {"type": "Feature", "properties": {"cls": "Sharrow", "conf": 0.826, "tile": "tile_px52224_py36096.jpg", "isolated": 0, "nearest_m": 50.3}, "geometry": {"type": "Point", "coordinates": [319905.79, 4701557.02]}}, {"type": "Feature", "properties": {"cls": "BikeOnly", "conf": 0.773, "tile": "tile_px52224_py36096.jpg", "isolated": 1, "nearest_m": -1}, "geometry": {"type": "Point", "coordinates": [319936.61, 4701541.69]}}, {"type": "Feature", "properties": {"cls": "BikeOnly", "conf": 0.759, "tile": "tile_px52224_py36096.jpg", "isolated": 0, "nearest_m": 8.4}, "geometry": {"type": "Point", "coordinates": [319863.81, 4701563.79]}}, {"type": "Feature", "properties": {"cls": "Sharrow", "conf": 0.69, "tile": "tile_px52224_py42240.jpg", "isolated": 1, "nearest_m": 2.6}, "geometry": {"type": "Point", "coordinates": [319874.17, 4700548.88]}}, {"type": "Feature", "properties": {"cls": "BikeOnly", "conf": 0.702, "tile": "tile_px52224_py44544.jpg", "isolated": 1, "nearest_m": 87.4}, "geometry": {"type": "Point", "coordinates": [319893.65, 4700256.7]}}, {"type": "Feature", "properties": {"cls": "BikeOnly", "conf": 0.642, "tile": "tile_px52224_py59136.jpg", "isolated": 1, "nearest_m": 3.1}, "geometry": {"type": "Point", "coordinates": [319903.91, 4698012.77]}}, {"type": "Feature", "properties": {"cls": "BikeOnly", "conf": 0.626, "tile": "tile_px52224_py59136.jpg", "isolated": 0, "nearest_m": 2.1}, "geometry": {"type": "Point", "coordinates": [319969.39, 4697979.54]}}, {"type": "Feature", "properties": {"cls": "BikeOnly", "conf": 0.66, "tile": "tile_px52992_py30720.jpg", "isolated": 0, "nearest_m": -1}, "geometry": {"type": "Point", "coordinates": [319969.02, 4702338.5]}}, {"type": "Feature", "properties": {"cls": "Sharrow", "conf": 0.625, "tile": "tile_px52992_py31488.jpg", "isolated": 1, "nearest_m": -1}, "geometry": {"type": "Point", "coordinates": [320059.35, 4702217.44]}}, {"type": "Feature", "properties": {"cls": "BikeOnly", "conf": 0.778, "tile": "tile_px52992_py36096.jpg", "isolated": 0, "nearest_m": 2.6}, "geometry": {"type": "Point", "coordinates": [320009.21, 4701519.4]}}, {"type": "Feature", "properties": {"cls": "BikeOnly", "conf": 0.755, "tile": "tile_px52992_py36096.jpg", "isolated": 0, "nearest_m": 2.4}, "geometry": {"type": "Point", "coordinates": [320081.83, 4701498.02]}}, {"type": "Feature", "properties": {"cls": "BikeOnly", "conf": 0.719, "tile": "tile_px52992_py36096.jpg", "isolated": 0, "nearest_m": 2.2}, "geometry": {"type": "Point", "coordinates": [320021.23, 4701516.15]}}, {"type": "Feature", "properties": {"cls": "BikeOnly", "conf": 0.732, "tile": "tile_px52992_py46848.jpg", "isolated": 0, "nearest_m": 2.2}, "geometry": {"type": "Point", "coordinates": [320089.12, 4699848.29]}}, {"type": "Feature", "properties": {"cls": "BikeOnly", "conf": 0.731, "tile": "tile_px52992_py46848.jpg", "isolated": 0, "nearest_m": 2.2}, "geometry": {"type": "Point", "coordinates": [320071.68, 4699891.99]}}, {"type": "Feature", "properties": {"cls": "BikeOnly", "conf": 0.75, "tile": "tile_px52992_py47616.jpg", "isolated": 0, "nearest_m": 2.2}, "geometry": {"type": "Point", "coordinates": [320089.15, 4699848.28]}}, {"type": "Feature", "properties": {"cls": "BikeOnly", "conf": 0.656, "tile": "tile_px52992_py59136.jpg", "isolated": 0, "nearest_m": 2.1}, "geometry": {"type": "Point", "coordinates": [319969.38, 4697979.54]}}, {"type": "Feature", "properties": {"cls": "Sharrow", "conf": 0.687, "tile": "tile_px53760_py31488.jpg", "isolated": 0, "nearest_m": -1}, "geometry": {"type": "Point", "coordinates": [320113.86, 4702156.59]}}, {"type": "Feature", "properties": {"cls": "Sharrow", "conf": 0.609, "tile": "tile_px53760_py31488.jpg", "isolated": 0, "nearest_m": -1}, "geometry": {"type": "Point", "coordinates": [320207.81, 4702199.89]}}, {"type": "Feature", "properties": {"cls": "Sharrow", "conf": 0.692, "tile": "tile_px53760_py32256.jpg", "isolated": 0, "nearest_m": -1}, "geometry": {"type": "Point", "coordinates": [320113.87, 4702156.6]}}, {"type": "Feature", "properties": {"cls": "BikeOnly", "conf": 0.77, "tile": "tile_px53760_py36096.jpg", "isolated": 0, "nearest_m": 2.5}, "geometry": {"type": "Point", "coordinates": [320153.92, 4701476.03]}}, {"type": "Feature", "properties": {"cls": "BikeOnly", "conf": 0.749, "tile": "tile_px53760_py36096.jpg", "isolated": 0, "nearest_m": 2.4}, "geometry": {"type": "Point", "coordinates": [320081.83, 4701498.03]}}, {"type": "Feature", "properties": {"cls": "BikeOnly", "conf": 0.755, "tile": "tile_px53760_py46848.jpg", "isolated": 0, "nearest_m": 2.2}, "geometry": {"type": "Point", "coordinates": [320089.15, 4699848.27]}}, {"type": "Feature", "properties": {"cls": "BikeOnly", "conf": 0.747, "tile": "tile_px53760_py46848.jpg", "isolated": 0, "nearest_m": 2.2}, "geometry": {"type": "Point", "coordinates": [320071.69, 4699891.96]}}, {"type": "Feature", "properties": {"cls": "BikeOnly", "conf": 0.746, "tile": "tile_px53760_py47616.jpg", "isolated": 0, "nearest_m": 2.2}, "geometry": {"type": "Point", "coordinates": [320089.14, 4699848.28]}}, {"type": "Feature", "properties": {"cls": "BikeOnly", "conf": 0.665, "tile": "tile_px53760_py5376.jpg", "isolated": 1, "nearest_m": 24.0}, "geometry": {"type": "Point", "coordinates": [320172.57, 4706090.72]}}, {"type": "Feature", "properties": {"cls": "Sharrow", "conf": 0.688, "tile": "tile_px5376_py62208.jpg", "isolated": 1, "nearest_m": 46.7}, "geometry": {"type": "Point", "coordinates": [312882.89, 4697570.43]}}, {"type": "Feature", "properties": {"cls": "BikeOnly", "conf": 0.636, "tile": "tile_px54528_py25344.jpg", "isolated": 0, "nearest_m": -1}, "geometry": {"type": "Point", "coordinates": [320312.97, 4703071.12]}}, {"type": "Feature", "properties": {"cls": "BikeOnly", "conf": 0.707, "tile": "tile_px54528_py26112.jpg", "isolated": 0, "nearest_m": -1}, "geometry": {"type": "Point", "coordinates": [320312.97, 4703071.1]}}, {"type": "Feature", "properties": {"cls": "Sharrow", "conf": 0.666, "tile": "tile_px54528_py31488.jpg", "isolated": 0, "nearest_m": -1}, "geometry": {"type": "Point", "coordinates": [320207.82, 4702199.88]}}, {"type": "Feature", "properties": {"cls": "BikeOnly", "conf": 0.79, "tile": "tile_px54528_py36096.jpg", "isolated": 0, "nearest_m": 2.3}, "geometry": {"type": "Point", "coordinates": [320226.15, 4701453.85]}}, {"type": "Feature", "properties": {"cls": "BikeOnly", "conf": 0.789, "tile": "tile_px54528_py36864.jpg", "isolated": 0, "nearest_m": 2.3}, "geometry": {"type": "Point", "coordinates": [320226.15, 4701453.85]}}, {"type": "Feature", "properties": {"cls": "BikeOnly", "conf": 0.77, "tile": "tile_px54528_py36864.jpg", "isolated": 0, "nearest_m": 2.6}, "geometry": {"type": "Point", "coordinates": [320298.66, 4701431.85]}}, {"type": "Feature", "properties": {"cls": "BikeOnly", "conf": 0.696, "tile": "tile_px54528_py6912.jpg", "isolated": 0, "nearest_m": -1}, "geometry": {"type": "Point", "coordinates": [320318.54, 4705843.86]}}, {"type": "Feature", "properties": {"cls": "BikeOnly", "conf": 0.723, "tile": "tile_px54528_py7680.jpg", "isolated": 0, "nearest_m": -1}, "geometry": {"type": "Point", "coordinates": [320318.54, 4705843.84]}}, {"type": "Feature", "properties": {"cls": "Sharrow", "conf": 0.669, "tile": "tile_px54528_py7680.jpg", "isolated": 0, "nearest_m": -1}, "geometry": {"type": "Point", "coordinates": [320305.77, 4705846.92]}}, {"type": "Feature", "properties": {"cls": "BikeOnly", "conf": 0.691, "tile": "tile_px55296_py26112.jpg", "isolated": 0, "nearest_m": -1}, "geometry": {"type": "Point", "coordinates": [320312.97, 4703071.1]}}, {"type": "Feature", "properties": {"cls": "Sharrow", "conf": 0.818, "tile": "tile_px55296_py36864.jpg", "isolated": 0, "nearest_m": 3.2}, "geometry": {"type": "Point", "coordinates": [320351.83, 4701422.06]}}, {"type": "Feature", "properties": {"cls": "BikeOnly", "conf": 0.783, "tile": "tile_px55296_py36864.jpg", "isolated": 0, "nearest_m": 2.3}, "geometry": {"type": "Point", "coordinates": [320377.89, 4701408.12]}}, {"type": "Feature", "properties": {"cls": "BikeOnly", "conf": 0.778, "tile": "tile_px55296_py36864.jpg", "isolated": 0, "nearest_m": 2.6}, "geometry": {"type": "Point", "coordinates": [320298.65, 4701431.87]}}, {"type": "Feature", "properties": {"cls": "BikeOnly", "conf": 0.626, "tile": "tile_px55296_py52224.jpg", "isolated": 1, "nearest_m": 3.7}, "geometry": {"type": "Point", "coordinates": [320357.6, 4699055.54]}}, {"type": "Feature", "properties": {"cls": "BikeOnly", "conf": 0.666, "tile": "tile_px55296_py53760.jpg", "isolated": 1, "nearest_m": 3.4}, "geometry": {"type": "Point", "coordinates": [320340.41, 4698840.7]}}, {"type": "Feature", "properties": {"cls": "BikeOnly", "conf": 0.689, "tile": "tile_px55296_py6912.jpg", "isolated": 0, "nearest_m": -1}, "geometry": {"type": "Point", "coordinates": [320318.53, 4705843.86]}}, {"type": "Feature", "properties": {"cls": "BikeOnly", "conf": 0.72, "tile": "tile_px55296_py7680.jpg", "isolated": 0, "nearest_m": -1}, "geometry": {"type": "Point", "coordinates": [320318.55, 4705843.84]}}, {"type": "Feature", "properties": {"cls": "Sharrow", "conf": 0.675, "tile": "tile_px55296_py7680.jpg", "isolated": 0, "nearest_m": -1}, "geometry": {"type": "Point", "coordinates": [320305.77, 4705846.92]}}, {"type": "Feature", "properties": {"cls": "BikeOnly", "conf": 0.686, "tile": "tile_px56064_py36864.jpg", "isolated": 1, "nearest_m": 2.1}, "geometry": {"type": "Point", "coordinates": [320500.44, 4701378.25]}}, {"type": "Feature", "properties": {"cls": "BikeOnly", "conf": 0.689, "tile": "tile_px57600_py51456.jpg", "isolated": 1, "nearest_m": 2.7}, "geometry": {"type": "Point", "coordinates": [320708.23, 4699178.54]}}, {"type": "Feature", "properties": {"cls": "Sharrow", "conf": 0.703, "tile": "tile_px57600_py52992.jpg", "isolated": 1, "nearest_m": 17.2}, "geometry": {"type": "Point", "coordinates": [320721.58, 4698992.69]}}, {"type": "Feature", "properties": {"cls": "BikeOnly", "conf": 0.608, "tile": "tile_px58368_py16896.jpg", "isolated": 1, "nearest_m": 21.8}, "geometry": {"type": "Point", "coordinates": [320790.93, 4704423.24]}}, {"type": "Feature", "properties": {"cls": "BikeOnly", "conf": 0.73, "tile": "tile_px58368_py51456.jpg", "isolated": 0, "nearest_m": 2.6}, "geometry": {"type": "Point", "coordinates": [320837.01, 4699162.93]}}, {"type": "Feature", "properties": {"cls": "BikeOnly", "conf": 0.739, "tile": "tile_px58368_py52224.jpg", "isolated": 0, "nearest_m": 2.4}, "geometry": {"type": "Point", "coordinates": [320836.97, 4699162.82]}}, {"type": "Feature", "properties": {"cls": "Sharrow", "conf": 0.647, "tile": "tile_px60672_py9984.jpg", "isolated": 0, "nearest_m": 3.9}, "geometry": {"type": "Point", "coordinates": [321248.74, 4705501.6]}}, {"type": "Feature", "properties": {"cls": "BikeOnly", "conf": 0.692, "tile": "tile_px61440_py16128.jpg", "isolated": 1, "nearest_m": 2.2}, "geometry": {"type": "Point", "coordinates": [321280.7, 4704540.05]}}, {"type": "Feature", "properties": {"cls": "Sharrow", "conf": 0.637, "tile": "tile_px61440_py9984.jpg", "isolated": 0, "nearest_m": 3.9}, "geometry": {"type": "Point", "coordinates": [321248.74, 4705501.6]}}, {"type": "Feature", "properties": {"cls": "Sharrow", "conf": 0.763, "tile": "tile_px66048_py11520.jpg", "isolated": 0, "nearest_m": -1}, "geometry": {"type": "Point", "coordinates": [321989.82, 4705143.92]}}, {"type": "Feature", "properties": {"cls": "Sharrow", "conf": 0.755, "tile": "tile_px66048_py12288.jpg", "isolated": 0, "nearest_m": -1}, "geometry": {"type": "Point", "coordinates": [321989.82, 4705143.92]}}, {"type": "Feature", "properties": {"cls": "BikeOnly", "conf": 0.603, "tile": "tile_px7680_py3072.jpg", "isolated": 1, "nearest_m": 2.8}, "geometry": {"type": "Point", "coordinates": [313197.49, 4706492.54]}}, {"type": "Feature", "properties": {"cls": "BikeOnly", "conf": 0.679, "tile": "tile_px768_py9216.jpg", "isolated": 1, "nearest_m": -1}, "geometry": {"type": "Point", "coordinates": [312215.35, 4705525.12]}}, {"type": "Feature", "properties": {"cls": "BikeOnly", "conf": 0.722, "tile": "tile_px8448_py26880.jpg", "isolated": 0, "nearest_m": 43.6}, "geometry": {"type": "Point", "coordinates": [313347.59, 4702877.36]}}, {"type": "Feature", "properties": {"cls": "BikeOnly", "conf": 0.648, "tile": "tile_px8448_py26880.jpg", "isolated": 0, "nearest_m": 51.9}, "geometry": {"type": "Point", "coordinates": [313341.87, 4702902.35]}}, {"type": "Feature", "properties": {"cls": "BikeOnly", "conf": 0.616, "tile": "tile_px8448_py32256.jpg", "isolated": 1, "nearest_m": 2.7}, "geometry": {"type": "Point", "coordinates": [313342.47, 4702044.52]}}]}