{"type": "FeatureCollection", "features": [{"type": "Feature", "properties": {"link_id": 0, "link_type": "sidewalk", "length_m": 21.52, "avg_width_m": 3.53, "min_width_m": 1.63, "from_node": 0, "to_node": 1}, "geometry": {"type": "LineString", "coordinates": [[396029.17, 138866.62], [396031.757, 138869.28], [396032.52, 138873.162], [396037.537, 138882.225], [396038.53, 138885.58]]}}, {"type": "Feature", "properties": {"link_id": 1, "link_type": "sidewalk", "length_m": 22.72, "avg_width_m": 4.22, "min_width_m": 2.38, "from_node": 2, "to_node": 3}, "geometry": {"type": "LineString", "coordinates": [[395972.37, 139109.66], [395974.322, 139104.079], [395977.25, 139100.379], [395977.453, 139094.62], [395979.397, 139089.79], [395979.536, 139088.68]]}}, {"type": "Feature", "properties": {"link_id": 2, "link_type": "midblock", "length_m": 7.4, "avg_width_m": null, "min_width_m": null, "from_node": 3, "to_node": 4}, "geometry": {"type": "LineString", "coordinates": [[395979.536, 139088.68], [395979.885, 139085.906], [395981.392, 139081.559]]}}, {"type": "Feature", "properties": {"link_id": 3, "link_type": "sidewalk", "length_m": 9.23, "avg_width_m": 4.39, "min_width_m": 3.94, "from_node": 4, "to_node": 5}, "geometry": {"type": "LineString", "coordinates": [[395981.392, 139081.559], [395981.912, 139080.06], [395985.25, 139073.18]]}}, {"type": "Feature", "properties": {"link_id": 4, "link_type": "sidewalk", "length_m": 0.08, "avg_width_m": 8.38, "min_width_m": 8.31, "from_node": 6, "to_node": 7}, "geometry": {"type": "LineString", "coordinates": [[395964.61, 139091.74], [395964.61, 139091.82]]}}, {"type": "Feature", "properties": {"link_id": 5, "link_type": "sidewalk", "length_m": 0.11, "avg_width_m": 8.4, "min_width_m": 8.27, "from_node": 6, "to_node": 8}, "geometry": {"type": "LineString", "coordinates": [[395964.61, 139091.74], [395964.69, 139091.82]]}}, {"type": "Feature", "properties": {"link_id": 6, "link_type": "sidewalk", "length_m": 56.17, "avg_width_m": 4.17, "min_width_m": 1.63, "from_node": 6, "to_node": 9}, "geometry": {"type": "LineString", "coordinates": [[395964.61, 139091.74], [395964.895, 139088.3], [395967.984, 139079.18], [395974.728, 139066.3], [395982.111, 139046.062], [395986.21, 139040.38]]}}, {"type": "Feature", "properties": {"link_id": 7, "link_type": "sidewalk", "length_m": 44.69, "avg_width_m": 2.3, "min_width_m": 1.07, "from_node": 10, "to_node": 11}, "geometry": {"type": "LineString", "coordinates": [[395979.49, 138998.06], [395978.055, 138996.63], [395977.105, 138995.256], [395976.63, 138993.98], [395976.105, 138990.948], [395975.547, 138989.969], [395974.783, 138989.221], [395972.69, 138988.445], [395967.582, 138987.942], [395966.411, 138988.162], [395965.403, 138989.212], [395963.965, 138992.14], [395961.039, 139000.06], [395955.65, 139011.5]]}}, {"type": "Feature", "properties": {"link_id": 8, "link_type": "sidewalk", "length_m": 1.55, "avg_width_m": 1.22, "min_width_m": 0.64, "from_node": 12, "to_node": 13}, "geometry": {"type": "LineString", "coordinates": [[396129.89, 138995.82], [396128.45, 138996.38]]}}, {"type": "Feature", "properties": {"link_id": 9, "link_type": "sidewalk", "length_m": 0.08, "avg_width_m": 2.43, "min_width_m": 2.36, "from_node": 12, "to_node": 14}, "geometry": {"type": "LineString", "coordinates": [[396129.89, 138995.82], [396129.97, 138995.82]]}}, {"type": "Feature", "properties": {"link_id": 10, "link_type": "sidewalk", "length_m": 0.08, "avg_width_m": 2.33, "min_width_m": 2.29, "from_node": 12, "to_node": 15}, "geometry": {"type": "LineString", "coordinates": [[396129.89, 138995.82], [396129.89, 138995.74]]}}, {"type": "Feature", "properties": {"link_id": 11, "link_type": "sidewalk", "length_m": 0.08, "avg_width_m": 3.2, "min_width_m": 3.2, "from_node": 16, "to_node": 17}, "geometry": {"type": "LineString", "coordinates": [[396120.61, 138985.42], [396120.61, 138985.5]]}}, {"type": "Feature", "properties": {"link_id": 12, "link_type": "sidewalk", "length_m": 0.11, "avg_width_m": 3.25, "min_width_m": 3.2, "from_node": 16, "to_node": 18}, "geometry": {"type": "LineString", "coordinates": [[396120.61, 138985.42], [396120.69, 138985.5]]}}, {"type": "Feature", "properties": {"link_id": 13, "link_type": "sidewalk", "length_m": 2.3, "avg_width_m": 2.97, "min_width_m": 2.86, "from_node": 16, "to_node": 19}, "geometry": {"type": "LineString", "coordinates": [[396120.61, 138985.42], [396119.81, 138983.26]]}}, {"type": "Feature", "properties": {"link_id": 14, "link_type": "sidewalk", "length_m": 0.11, "avg_width_m": 9.13, "min_width_m": 9.03, "from_node": 20, "to_node": 21}, "geometry": {"type": "LineString", "coordinates": [[396123.89, 138966.14], [396123.97, 138966.22]]}}, {"type": "Feature", "properties": {"link_id": 15, "link_type": "sidewalk", "length_m": 0.08, "avg_width_m": 9.07, "min_width_m": 9.03, "from_node": 20, "to_node": 22}, "geometry": {"type": "LineString", "coordinates": [[396123.89, 138966.14], [396123.97, 138966.14]]}}, {"type": "Feature", "properties": {"link_id": 16, "link_type": "sidewalk", "length_m": 35.9, "avg_width_m": 6.54, "min_width_m": 3.52, "from_node": 20, "to_node": 23}, "geometry": {"type": "LineString", "coordinates": [[396123.89, 138966.14], [396120.784, 138965.105], [396116.69, 138962.207], [396112.85, 138960.881], [396106.29, 138956.26], [396098.239, 138952.594], [396095.298, 138950.287], [396092.61, 138949.1]]}}, {"type": "Feature", "properties": {"link_id": 17, "link_type": "sidewalk", "length_m": 0.11, "avg_width_m": 13.07, "min_width_m": 12.96, "from_node": 24, "to_node": 25}, "geometry": {"type": "LineString", "coordinates": [[395994.53, 138922.46], [395994.45, 138922.54]]}}, {"type": "Feature", "properties": {"link_id": 18, "link_type": "sidewalk", "length_m": 0.08, "avg_width_m": 13.12, "min_width_m": 13.12, "from_node": 24, "to_node": 26}, "geometry": {"type": "LineString", "coordinates": [[395994.53, 138922.46], [395994.45, 138922.46]]}}, {"type": "Feature", "properties": {"link_id": 19, "link_type": "sidewalk", "length_m": 74.46, "avg_width_m": 4.01, "min_width_m": 2.1, "from_node": 24, "to_node": 27}, "geometry": {"type": "LineString", "coordinates": [[395994.53, 138922.46], [395996.383, 138922.428], [396001.01, 138923.208], [396004.53, 138922.94], [396007.17, 138923.48], [396010.77, 138924.997], [396014.29, 138925.833], [396018.29, 138927.272], [396025.623, 138930.388], [396026.954, 138931.465], [396027.332, 138933.093], [396027.124, 138934.244], [396025.499, 138938.62], [396023.353, 138943.5], [396021.653, 138948.14], [396017.683, 138956.408], [396016.071, 138961.9], [396013.458, 138968.14], [396013.198, 138968.891]]}}, {"type": "Feature", "properties": {"link_id": 20, "link_type": "midblock", "length_m": 5.48, "avg_width_m": null, "min_width_m": null, "from_node": 27, "to_node": 28}, "geometry": {"type": "LineString", "coordinates": [[396013.198, 138968.891], [396011.405, 138974.07]]}}, {"type": "Feature", "properties": {"link_id": 21, "link_type": "sidewalk", "length_m": 54.71, "avg_width_m": 3.43, "min_width_m": 1.43, "from_node": 28, "to_node": 29}, "geometry": {"type": "LineString", "coordinates": [[396011.405, 138974.07], [396008.48, 138979.349], [396007.038, 138985.02], [396005.956, 138987.9], [396005.159, 138991.58], [396003.608, 138994.38], [396001.912, 138998.86], [395999.439, 139003.82], [395998.291, 139007.42], [395995.702, 139013.9], [395994.294, 139017.148], [395992.805, 139019.761], [395991.923, 139022.921], [395991.17, 139024.62]]}}, {"type": "Feature", "properties": {"link_id": 22, "link_type": "sidewalk", "length_m": 0.57, "avg_width_m": 0.28, "min_width_m": 0.16, "from_node": 30, "to_node": 31}, "geometry": {"type": "LineString", "coordinates": [[396046.45, 138909.74], [396047.01, 138909.82]]}}, {"type": "Feature", "properties": {"link_id": 23, "link_type": "sidewalk", "length_m": 0.08, "avg_width_m": 2.87, "min_width_m": 2.8, "from_node": 32, "to_node": 33}, "geometry": {"type": "LineString", "coordinates": [[396115.65, 139045.42], [396115.57, 139045.42]]}}, {"type": "Feature", "properties": {"link_id": 24, "link_type": "sidewalk", "length_m": 0.82, "avg_width_m": 3.4, "min_width_m": 3.17, "from_node": 32, "to_node": 34}, "geometry": {"type": "LineString", "coordinates": [[396115.65, 139045.42], [396116.45, 139045.58]]}}, {"type": "Feature", "properties": {"link_id": 25, "link_type": "sidewalk", "length_m": 0.11, "avg_width_m": 2.84, "min_width_m": 2.72, "from_node": 32, "to_node": 35}, "geometry": {"type": "LineString", "coordinates": [[396115.65, 139045.42], [396115.57, 139045.34]]}}, {"type": "Feature", "properties": {"link_id": 26, "link_type": "sidewalk", "length_m": 0.11, "avg_width_m": 3.18, "min_width_m": 3.06, "from_node": 36, "to_node": 37}, "geometry": {"type": "LineString", "coordinates": [[396092.53, 139065.9], [396092.45, 139065.98]]}}, {"type": "Feature", "properties": {"link_id": 27, "link_type": "sidewalk", "length_m": 0.08, "avg_width_m": 3.07, "min_width_m": 3.06, "from_node": 36, "to_node": 38}, "geometry": {"type": "LineString", "coordinates": [[396092.53, 139065.9], [396092.45, 139065.9]]}}, {"type": "Feature", "properties": {"link_id": 28, "link_type": "sidewalk", "length_m": 2.41, "avg_width_m": 2.41, "min_width_m": 2.23, "from_node": 36, "to_node": 39}, "geometry": {"type": "LineString", "coordinates": [[396092.53, 139065.9], [396094.77, 139065.02]]}}, {"type": "Feature", "properties": {"link_id": 29, "link_type": "sidewalk", "length_m": 3.24, "avg_width_m": 3.72, "min_width_m": 3.51, "from_node": 40, "to_node": 41}, "geometry": {"type": "LineString", "coordinates": [[396067.73, 138947.1], [396070.21, 138949.18]]}}, {"type": "Feature", "properties": {"link_id": 30, "link_type": "sidewalk", "length_m": 0.08, "avg_width_m": 3.37, "min_width_m": 3.34, "from_node": 40, "to_node": 42}, "geometry": {"type": "LineString", "coordinates": [[396067.73, 138947.1], [396067.65, 138947.1]]}}, {"type": "Feature", "properties": {"link_id": 31, "link_type": "sidewalk", "length_m": 0.08, "avg_width_m": 3.26, "min_width_m": 3.19, "from_node": 40, "to_node": 43}, "geometry": {"type": "LineString", "coordinates": [[396067.73, 138947.1], [396067.73, 138947.02]]}}, {"type": "Feature", "properties": {"link_id": 32, "link_type": "sidewalk", "length_m": 0.08, "avg_width_m": 3.04, "min_width_m": 3.04, "from_node": 44, "to_node": 45}, "geometry": {"type": "LineString", "coordinates": [[396088.69, 139080.22], [396088.69, 139080.3]]}}, {"type": "Feature", "properties": {"link_id": 33, "link_type": "sidewalk", "length_m": 0.11, "avg_width_m": 3.15, "min_width_m": 3.04, "from_node": 44, "to_node": 46}, "geometry": {"type": "LineString", "coordinates": [[396088.69, 139080.22], [396088.77, 139080.3]]}}, {"type": "Feature", "properties": {"link_id": 34, "link_type": "sidewalk", "length_m": 2.63, "avg_width_m": 2.41, "min_width_m": 2.29, "from_node": 44, "to_node": 47}, "geometry": {"type": "LineString", "coordinates": [[396088.69, 139080.22], [396087.81, 139077.74]]}}, {"type": "Feature", "properties": {"link_id": 35, "link_type": "sidewalk", "length_m": 8.58, "avg_width_m": 4.15, "min_width_m": 2.22, "from_node": 8, "to_node": 48}, "geometry": {"type": "LineString", "coordinates": [[395964.69, 139091.82], [395968.981, 139094.945], [395969.97, 139098.06]]}}, {"type": "Feature", "properties": {"link_id": 36, "link_type": "sidewalk", "length_m": 0.08, "avg_width_m": 8.29, "min_width_m": 8.27, "from_node": 8, "to_node": 7}, "geometry": {"type": "LineString", "coordinates": [[395964.69, 139091.82], [395964.61, 139091.82]]}}, {"type": "Feature", "properties": {"link_id": 37, "link_type": "sidewalk", "length_m": 1.87, "avg_width_m": 3.81, "min_width_m": 3.49, "from_node": 49, "to_node": 50}, "geometry": {"type": "LineString", "coordinates": [[396102.21, 139085.02], [396100.37, 139085.34]]}}, {"type": "Feature", "properties": {"link_id": 38, "link_type": "sidewalk", "length_m": 0.11, "avg_width_m": 4.78, "min_width_m": 4.75, "from_node": 49, "to_node": 51}, "geometry": {"type": "LineString", "coordinates": [[396102.21, 139085.02], [396102.29, 139085.1]]}}, {"type": "Feature", "properties": {"link_id": 39, "link_type": "sidewalk", "length_m": 0.08, "avg_width_m": 4.84, "min_width_m": 4.8, "from_node": 49, "to_node": 52}, "geometry": {"type": "LineString", "coordinates": [[396102.21, 139085.02], [396102.29, 139085.02]]}}, {"type": "Feature", "properties": {"link_id": 40, "link_type": "pseudo", "length_m": 1.38, "avg_width_m": null, "min_width_m": null, "from_node": 53, "to_node": 54}, "geometry": {"type": "LineString", "coordinates": [[396132.61, 139079.5], [396132.85, 139080.86]]}}, {"type": "Feature", "properties": {"link_id": 41, "link_type": "crosswalk", "length_m": 13.23, "avg_width_m": 4.05, "min_width_m": 1.37, "from_node": 54, "to_node": 55}, "geometry": {"type": "LineString", "coordinates": [[396132.85, 139080.86], [396139.89, 139092.06]]}}, {"type": "Feature", "properties": {"link_id": 42, "link_type": "pseudo", "length_m": 1.88, "avg_width_m": null, "min_width_m": null, "from_node": 55, "to_node": 56}, "geometry": {"type": "LineString", "coordinates": [[396139.89, 139092.06], [396139.49, 139093.9]]}}, {"type": "Feature", "properties": {"link_id": 43, "link_type": "pseudo", "length_m": 0.11, "avg_width_m": null, "min_width_m": null, "from_node": 53, "to_node": 57}, "geometry": {"type": "LineString", "coordinates": [[396132.61, 139079.5], [396132.53, 139079.42]]}}, {"type": "Feature", "properties": {"link_id": 44, "link_type": "pseudo", "length_m": 0.08, "avg_width_m": null, "min_width_m": null, "from_node": 53, "to_node": 58}, "geometry": {"type": "LineString", "coordinates": [[396132.61, 139079.5], [396132.61, 139079.42]]}}, {"type": "Feature", "properties": {"link_id": 45, "link_type": "sidewalk", "length_m": 8.44, "avg_width_m": 1.63, "min_width_m": 1.01, "from_node": 59, "to_node": 60}, "geometry": {"type": "LineString", "coordinates": [[396031.97, 138890.7], [396033.043, 138888.986], [396038.53, 138885.66]]}}, {"type": "Feature", "properties": {"link_id": 46, "link_type": "pseudo", "length_m": 0.08, "avg_width_m": null, "min_width_m": null, "from_node": 61, "to_node": 62}, "geometry": {"type": "LineString", "coordinates": [[396042.69, 138894.54], [396042.61, 138894.54]]}}, {"type": "Feature", "properties": {"link_id": 47, "link_type": "pseudo", "length_m": 1.24, "avg_width_m": null, "min_width_m": null, "from_node": 61, "to_node": 63}, "geometry": {"type": "LineString", "coordinates": [[396042.69, 138894.54], [396043.89, 138894.86]]}}, {"type": "Feature", "properties": {"link_id": 48, "link_type": "crosswalk", "length_m": 14.09, "avg_width_m": 4.04, "min_width_m": 1.01, "from_node": 63, "to_node": 64}, "geometry": {"type": "LineString", "coordinates": [[396043.89, 138894.86], [396048.61, 138908.14]]}}, {"type": "Feature", "properties": {"link_id": 49, "link_type": "pseudo", "length_m": 2.32, "avg_width_m": null, "min_width_m": null, "from_node": 64, "to_node": 31}, "geometry": {"type": "LineString", "coordinates": [[396048.61, 138908.14], [396047.01, 138909.82]]}}, {"type": "Feature", "properties": {"link_id": 50, "link_type": "pseudo", "length_m": 0.11, "avg_width_m": null, "min_width_m": null, "from_node": 61, "to_node": 65}, "geometry": {"type": "LineString", "coordinates": [[396042.69, 138894.54], [396042.61, 138894.46]]}}, {"type": "Feature", "properties": {"link_id": 51, "link_type": "sidewalk", "length_m": 5.05, "avg_width_m": 2.18, "min_width_m": 0.86, "from_node": 66, "to_node": 67}, "geometry": {"type": "LineString", "coordinates": [[396177.57, 139094.86], [396180.05, 139099.26]]}}, {"type": "Feature", "properties": {"link_id": 52, "link_type": "sidewalk", "length_m": 12.02, "avg_width_m": 3.21, "min_width_m": 2.6, "from_node": 66, "to_node": 68}, "geometry": {"type": "LineString", "coordinates": [[396177.57, 139094.86], [396165.57, 139095.58]]}}, {"type": "Feature", "properties": {"link_id": 53, "link_type": "sidewalk", "length_m": 3.9, "avg_width_m": 3.28, "min_width_m": 2.4, "from_node": 66, "to_node": 69}, "geometry": {"type": "LineString", "coordinates": [[396177.57, 139094.86], [396179.41, 139091.42]]}}, {"type": "Feature", "properties": {"link_id": 54, "link_type": "sidewalk", "length_m": 8.26, "avg_width_m": 2.48, "min_width_m": 1.93, "from_node": 70, "to_node": 71}, "geometry": {"type": "LineString", "coordinates": [[396111.73, 139063.74], [396108.591, 139065.967], [396107.17, 139070.14]]}}, {"type": "Feature", "properties": {"link_id": 55, "link_type": "sidewalk", "length_m": 7.03, "avg_width_m": 2.74, "min_width_m": 1.6, "from_node": 70, "to_node": 72}, "geometry": {"type": "LineString", "coordinates": [[396111.73, 139063.74], [396112.976, 139064.724], [396113.49, 139070.14]]}}, {"type": "Feature", "properties": {"link_id": 56, "link_type": "sidewalk", "length_m": 18.67, "avg_width_m": 2.32, "min_width_m": 1.61, "from_node": 70, "to_node": 73}, "geometry": {"type": "LineString", "coordinates": [[396111.73, 139063.74], [396111.413, 139061.417], [396112.456, 139055.66], [396114.992, 139049.181], [396117.01, 139046.3]]}}, {"type": "Feature", "properties": {"link_id": 57, "link_type": "sidewalk", "length_m": 4.11, "avg_width_m": 6.76, "min_width_m": 4.72, "from_node": 21, "to_node": 74}, "geometry": {"type": "LineString", "coordinates": [[396123.97, 138966.22], [396121.49, 138969.5]]}}, {"type": "Feature", "properties": {"link_id": 58, "link_type": "sidewalk", "length_m": 0.08, "avg_width_m": 9.17, "min_width_m": 9.1, "from_node": 21, "to_node": 22}, "geometry": {"type": "LineString", "coordinates": [[396123.97, 138966.22], [396123.97, 138966.14]]}}, {"type": "Feature", "properties": {"link_id": 59, "link_type": "sidewalk", "length_m": 41.77, "avg_width_m": 4.25, "min_width_m": 3.14, "from_node": 75, "to_node": 76}, "geometry": {"type": "LineString", "coordinates": [[396164.29, 138892.62], [396163.953, 138899.42], [396162.787, 138904.341], [396161.047, 138907.507], [396160.31, 138913.092], [396157.992, 138916.497], [396156.375, 138921.02], [396152.658, 138932.147]]}}, {"type": "Feature", "properties": {"link_id": 60, "link_type": "midblock", "length_m": 6.62, "avg_width_m": null, "min_width_m": null, "from_node": 76, "to_node": 77}, "geometry": {"type": "LineString", "coordinates": [[396152.658, 138932.147], [396150.736, 138937.9], [396150.634, 138938.45]]}}, {"type": "Feature", "properties": {"link_id": 61, "link_type": "sidewalk", "length_m": 41.31, "avg_width_m": 3.26, "min_width_m": 1.98, "from_node": 77, "to_node": 78}, "geometry": {"type": "LineString", "coordinates": [[396150.634, 138938.45], [396149.853, 138942.692], [396148.001, 138946.232], [396146.981, 138950.855], [396145.152, 138954.627], [396143.867, 138959.93], [396141.738, 138965.02], [396138.61, 138977.74]]}}, {"type": "Feature", "properties": {"link_id": 62, "link_type": "sidewalk", "length_m": 0.08, "avg_width_m": 6.03, "min_width_m": 5.95, "from_node": 75, "to_node": 79}, "geometry": {"type": "LineString", "coordinates": [[396164.29, 138892.62], [396164.29, 138892.54]]}}, {"type": "Feature", "properties": {"link_id": 63, "link_type": "sidewalk", "length_m": 0.11, "avg_width_m": 6.0, "min_width_m": 5.94, "from_node": 75, "to_node": 80}, "geometry": {"type": "LineString", "coordinates": [[396164.29, 138892.62], [396164.37, 138892.54]]}}, {"type": "Feature", "properties": {"link_id": 64, "link_type": "pseudo", "length_m": 0.93, "avg_width_m": null, "min_width_m": null, "from_node": 81, "to_node": 82}, "geometry": {"type": "LineString", "coordinates": [[396126.37, 139020.46], [396125.57, 139020.94]]}}, {"type": "Feature", "properties": {"link_id": 65, "link_type": "crosswalk", "length_m": 23.46, "avg_width_m": 4.69, "min_width_m": 1.15, "from_node": 82, "to_node": 83}, "geometry": {"type": "LineString", "coordinates": [[396125.57, 139020.94], [396118.61, 139043.34]]}}, {"type": "Feature", "properties": {"link_id": 66, "link_type": "pseudo", "length_m": 3.11, "avg_width_m": null, "min_width_m": null, "from_node": 83, "to_node": 34}, "geometry": {"type": "LineString", "coordinates": [[396118.61, 139043.34], [396116.45, 139045.58]]}}, {"type": "Feature", "properties": {"link_id": 67, "link_type": "pseudo", "length_m": 0.08, "avg_width_m": null, "min_width_m": null, "from_node": 81, "to_node": 84}, "geometry": {"type": "LineString", "coordinates": [[396126.37, 139020.46], [396126.45, 139020.46]]}}, {"type": "Feature", "properties": {"link_id": 68, "link_type": "pseudo", "length_m": 0.11, "avg_width_m": null, "min_width_m": null, "from_node": 81, "to_node": 85}, "geometry": {"type": "LineString", "coordinates": [[396126.37, 139020.46], [396126.45, 139020.38]]}}, {"type": "Feature", "properties": {"link_id": 69, "link_type": "sidewalk", "length_m": 9.06, "avg_width_m": 3.54, "min_width_m": 2.99, "from_node": 86, "to_node": 87}, "geometry": {"type": "LineString", "coordinates": [[396152.93, 138890.62], [396149.97, 138899.18]]}}, {"type": "Feature", "properties": {"link_id": 70, "link_type": "sidewalk", "length_m": 0.08, "avg_width_m": 4.16, "min_width_m": 4.08, "from_node": 86, "to_node": 88}, "geometry": {"type": "LineString", "coordinates": [[396152.93, 138890.62], [396153.01, 138890.62]]}}, {"type": "Feature", "properties": {"link_id": 71, "link_type": "sidewalk", "length_m": 0.08, "avg_width_m": 4.25, "min_width_m": 4.24, "from_node": 86, "to_node": 89}, "geometry": {"type": "LineString", "coordinates": [[396152.93, 138890.62], [396152.93, 138890.54]]}}, {"type": "Feature", "properties": {"link_id": 72, "link_type": "sidewalk", "length_m": 0.11, "avg_width_m": 3.95, "min_width_m": 3.84, "from_node": 90, "to_node": 5}, "geometry": {"type": "LineString", "coordinates": [[395985.33, 139073.1], [395985.25, 139073.18]]}}, {"type": "Feature", "properties": {"link_id": 73, "link_type": "sidewalk", "length_m": 0.08, "avg_width_m": 3.84, "min_width_m": 3.84, "from_node": 90, "to_node": 91}, "geometry": {"type": "LineString", "coordinates": [[395985.33, 139073.1], [395985.33, 139073.18]]}}, {"type": "Feature", "properties": {"link_id": 74, "link_type": "sidewalk", "length_m": 4.76, "avg_width_m": 3.36, "min_width_m": 3.04, "from_node": 90, "to_node": 92}, "geometry": {"type": "LineString", "coordinates": [[395985.33, 139073.1], [395987.33, 139068.78]]}}, {"type": "Feature", "properties": {"link_id": 75, "link_type": "crosswalk", "length_m": 0.25, "avg_width_m": 2.81, "min_width_m": 2.76, "from_node": 93, "to_node": 94}, "geometry": {"type": "LineString", "coordinates": [[396099.41, 138971.74], [396099.17, 138971.66]]}}, {"type": "Feature", "properties": {"link_id": 76, "link_type": "crosswalk", "length_m": 0.08, "avg_width_m": 2.53, "min_width_m": 2.45, "from_node": 93, "to_node": 95}, "geometry": {"type": "LineString", "coordinates": [[396099.41, 138971.74], [396099.49, 138971.74]]}}, {"type": "Feature", "properties": {"link_id": 77, "link_type": "crosswalk", "length_m": 0.11, "avg_width_m": 2.49, "min_width_m": 2.42, "from_node": 93, "to_node": 96}, "geometry": {"type": "LineString", "coordinates": [[396099.41, 138971.74], [396099.49, 138971.66]]}}, {"type": "Feature", "properties": {"link_id": 78, "link_type": "sidewalk", "length_m": 4.6, "avg_width_m": 3.09, "min_width_m": 1.51, "from_node": 97, "to_node": 98}, "geometry": {"type": "LineString", "coordinates": [[396148.93, 139077.58], [396151.322, 139077.696], [396153.25, 139076.62]]}}, {"type": "Feature", "properties": {"link_id": 79, "link_type": "sidewalk", "length_m": 10.91, "avg_width_m": 2.9, "min_width_m": 1.76, "from_node": 99, "to_node": 100}, "geometry": {"type": "LineString", "coordinates": [[395934.77, 138878.7], [395936.198, 138881.108], [395938.213, 138882.428], [395941.009, 138883.07], [395943.81, 138882.62]]}}, {"type": "Feature", "properties": {"link_id": 80, "link_type": "sidewalk", "length_m": 0.08, "avg_width_m": 6.48, "min_width_m": 6.4, "from_node": 101, "to_node": 9}, "geometry": {"type": "LineString", "coordinates": [[395986.21, 139040.3], [395986.21, 139040.38]]}}, {"type": "Feature", "properties": {"link_id": 81, "link_type": "sidewalk", "length_m": 0.11, "avg_width_m": 6.44, "min_width_m": 6.37, "from_node": 101, "to_node": 102}, "geometry": {"type": "LineString", "coordinates": [[395986.21, 139040.3], [395986.29, 139040.38]]}}, {"type": "Feature", "properties": {"link_id": 82, "link_type": "sidewalk", "length_m": 0.4, "avg_width_m": 6.56, "min_width_m": 6.53, "from_node": 101, "to_node": 103}, "geometry": {"type": "LineString", "coordinates": [[395986.21, 139040.3], [395986.21, 139039.9]]}}, {"type": "Feature", "properties": {"link_id": 83, "link_type": "sidewalk", "length_m": 36.01, "avg_width_m": 3.3, "min_width_m": 2.44, "from_node": 104, "to_node": 105}, "geometry": {"type": "LineString", "coordinates": [[395955.65, 139011.58], [395957.896, 139013.113], [395972.13, 139018.924], [395978.358, 139020.234], [395981.971, 139022.762], [395988.69, 139025.18]]}}, {"type": "Feature", "properties": {"link_id": 84, "link_type": "sidewalk", "length_m": 0.11, "avg_width_m": 3.53, "min_width_m": 3.49, "from_node": 104, "to_node": 106}, "geometry": {"type": "LineString", "coordinates": [[395955.65, 139011.58], [395955.57, 139011.5]]}}, {"type": "Feature", "properties": {"link_id": 85, "link_type": "sidewalk", "length_m": 0.08, "avg_width_m": 3.47, "min_width_m": 3.45, "from_node": 104, "to_node": 11}, "geometry": {"type": "LineString", "coordinates": [[395955.65, 139011.58], [395955.65, 139011.5]]}}, {"type": "Feature", "properties": {"link_id": 86, "link_type": "sidewalk", "length_m": 0.11, "avg_width_m": 4.89, "min_width_m": 4.76, "from_node": 107, "to_node": 108}, "geometry": {"type": "LineString", "coordinates": [[396131.81, 138996.22], [396131.73, 138996.3]]}}, {"type": "Feature", "properties": {"link_id": 87, "link_type": "sidewalk", "length_m": 0.08, "avg_width_m": 4.89, "min_width_m": 4.81, "from_node": 107, "to_node": 109}, "geometry": {"type": "LineString", "coordinates": [[396131.81, 138996.22], [396131.73, 138996.22]]}}, {"type": "Feature", "properties": {"link_id": 88, "link_type": "sidewalk", "length_m": 5.02, "avg_width_m": 5.76, "min_width_m": 5.47, "from_node": 107, "to_node": 110}, "geometry": {"type": "LineString", "coordinates": [[396131.81, 138996.22], [396135.81, 138993.18]]}}, {"type": "Feature", "properties": {"link_id": 89, "link_type": "sidewalk", "length_m": 23.65, "avg_width_m": 4.88, "min_width_m": 2.23, "from_node": 106, "to_node": 111}, "geometry": {"type": "LineString", "coordinates": [[395955.57, 139011.5], [395952.769, 139010.896], [395947.101, 139008.731], [395941.665, 139005.954], [395938.948, 139003.975], [395937.33, 139004.461], [395934.77, 139006.94]]}}, {"type": "Feature", "properties": {"link_id": 90, "link_type": "sidewalk", "length_m": 0.08, "avg_width_m": 3.52, "min_width_m": 3.45, "from_node": 106, "to_node": 11}, "geometry": {"type": "LineString", "coordinates": [[395955.57, 139011.5], [395955.65, 139011.5]]}}, {"type": "Feature", "properties": {"link_id": 91, "link_type": "sidewalk", "length_m": 5.84, "avg_width_m": 7.78, "min_width_m": 5.6, "from_node": 112, "to_node": 113}, "geometry": {"type": "LineString", "coordinates": [[396051.97, 138907.98], [396051.01, 138913.74]]}}, {"type": "Feature", "properties": {"link_id": 92, "link_type": "sidewalk", "length_m": 2.25, "avg_width_m": 1.21, "min_width_m": 0.45, "from_node": 114, "to_node": 50}, "geometry": {"type": "LineString", "coordinates": [[396098.37, 139086.38], [396100.37, 139085.34]]}}, {"type": "Feature", "properties": {"link_id": 93, "link_type": "sidewalk", "length_m": 6.47, "avg_width_m": 0.63, "min_width_m": 0.32, "from_node": 115, "to_node": 116}, "geometry": {"type": "LineString", "coordinates": [[396031.41, 139018.86], [396030.857, 139017.605], [396030.874, 139016.312], [396031.886, 139013.921], [396032.77, 139013.1]]}}, {"type": "Feature", "properties": {"link_id": 94, "link_type": "sidewalk", "length_m": 18.46, "avg_width_m": 5.84, "min_width_m": 2.56, "from_node": 117, "to_node": 118}, "geometry": {"type": "LineString", "coordinates": [[396051.01, 138913.82], [396051.664, 138915.708], [396056.605, 138921.93], [396058.979, 138926.171], [396059.467, 138927.889], [396059.17, 138929.74]]}}, {"type": "Feature", "properties": {"link_id": 95, "link_type": "sidewalk", "length_m": 0.11, "avg_width_m": 9.02, "min_width_m": 8.89, "from_node": 117, "to_node": 119}, "geometry": {"type": "LineString", "coordinates": [[396051.01, 138913.82], [396050.93, 138913.74]]}}, {"type": "Feature", "properties": {"link_id": 96, "link_type": "sidewalk", "length_m": 0.08, "avg_width_m": 9.06, "min_width_m": 9.04, "from_node": 117, "to_node": 113}, "geometry": {"type": "LineString", "coordinates": [[396051.01, 138913.82], [396051.01, 138913.74]]}}, {"type": "Feature", "properties": {"link_id": 97, "link_type": "sidewalk", "length_m": 7.06, "avg_width_m": 1.86, "min_width_m": 1.63, "from_node": 120, "to_node": 121}, "geometry": {"type": "LineString", "coordinates": [[395992.37, 139057.26], [395994.773, 139058.514], [395999.01, 139059.5]]}}, {"type": "Feature", "properties": {"link_id": 98, "link_type": "sidewalk", "length_m": 0.08, "avg_width_m": 3.81, "min_width_m": 3.74, "from_node": 120, "to_node": 122}, "geometry": {"type": "LineString", "coordinates": [[395992.37, 139057.26], [395992.29, 139057.26]]}}, {"type": "Feature", "properties": {"link_id": 99, "link_type": "sidewalk", "length_m": 0.11, "avg_width_m": 3.83, "min_width_m": 3.74, "from_node": 120, "to_node": 123}, "geometry": {"type": "LineString", "coordinates": [[395992.37, 139057.26], [395992.29, 139057.18]]}}, {"type": "Feature", "properties": {"link_id": 100, "link_type": "sidewalk", "length_m": 0.08, "avg_width_m": 3.52, "min_width_m": 3.49, "from_node": 124, "to_node": 125}, "geometry": {"type": "LineString", "coordinates": [[396079.49, 138967.82], [396079.49, 138967.9]]}}, {"type": "Feature", "properties": {"link_id": 101, "link_type": "sidewalk", "length_m": 0.08, "avg_width_m": 3.42, "min_width_m": 3.34, "from_node": 124, "to_node": 126}, "geometry": {"type": "LineString", "coordinates": [[396079.49, 138967.82], [396079.57, 138967.82]]}}, {"type": "Feature", "properties": {"link_id": 102, "link_type": "sidewalk", "length_m": 9.26, "avg_width_m": 4.21, "min_width_m": 3.2, "from_node": 124, "to_node": 127}, "geometry": {"type": "LineString", "coordinates": [[396079.49, 138967.82], [396075.863, 138959.298]]}}, {"type": "Feature", "properties": {"link_id": 103, "link_type": "midblock", "length_m": 4.7, "avg_width_m": null, "min_width_m": null, "from_node": 127, "to_node": 128}, "geometry": {"type": "LineString", "coordinates": [[396075.863, 138959.298], [396074.894, 138957.02], [396073.753, 138955.111]]}}, {"type": "Feature", "properties": {"link_id": 104, "link_type": "sidewalk", "length_m": 6.91, "avg_width_m": 2.13, "min_width_m": 1.87, "from_node": 128, "to_node": 41}, "geometry": {"type": "LineString", "coordinates": [[396073.753, 138955.111], [396070.21, 138949.18]]}}, {"type": "Feature", "properties": {"link_id": 105, "link_type": "sidewalk", "length_m": 19.77, "avg_width_m": 2.13, "min_width_m": 1.12, "from_node": 129, "to_node": 130}, "geometry": {"type": "LineString", "coordinates": [[396139.41, 139093.98], [396135.33, 139092.755], [396119.97, 139090.62]]}}, {"type": "Feature", "properties": {"link_id": 106, "link_type": "sidewalk", "length_m": 0.08, "avg_width_m": 4.32, "min_width_m": 4.32, "from_node": 129, "to_node": 131}, "geometry": {"type": "LineString", "coordinates": [[396139.41, 139093.98], [396139.49, 139093.98]]}}, {"type": "Feature", "properties": {"link_id": 107, "link_type": "sidewalk", "length_m": 0.11, "avg_width_m": 4.36, "min_width_m": 4.32, "from_node": 129, "to_node": 56}, "geometry": {"type": "LineString", "coordinates": [[396139.41, 139093.98], [396139.49, 139093.9]]}}, {"type": "Feature", "properties": {"link_id": 108, "link_type": "pseudo", "length_m": 0.11, "avg_width_m": null, "min_width_m": null, "from_node": 15, "to_node": 14}, "geometry": {"type": "LineString", "coordinates": [[396129.89, 138995.74], [396129.97, 138995.82]]}}, {"type": "Feature", "properties": {"link_id": 109, "link_type": "pseudo", "length_m": 1.49, "avg_width_m": null, "min_width_m": null, "from_node": 15, "to_node": 132}, "geometry": {"type": "LineString", "coordinates": [[396129.89, 138995.74], [396129.49, 138994.3]]}}, {"type": "Feature", "properties": {"link_id": 110, "link_type": "crosswalk", "length_m": 10.6, "avg_width_m": 4.03, "min_width_m": 2.15, "from_node": 132, "to_node": 133}, "geometry": {"type": "LineString", "coordinates": [[396129.49, 138994.3], [396122.45, 138986.38]]}}, {"type": "Feature", "properties": {"link_id": 111, "link_type": "pseudo", "length_m": 1.97, "avg_width_m": null, "min_width_m": null, "from_node": 133, "to_node": 18}, "geometry": {"type": "LineString", "coordinates": [[396122.45, 138986.38], [396120.69, 138985.5]]}}, {"type": "Feature", "properties": {"link_id": 112, "link_type": "pseudo", "length_m": 0.11, "avg_width_m": null, "min_width_m": null, "from_node": 134, "to_node": 135}, "geometry": {"type": "LineString", "coordinates": [[396133.97, 139078.62], [396133.89, 139078.7]]}}, {"type": "Feature", "properties": {"link_id": 113, "link_type": "sidewalk", "length_m": 1.47, "avg_width_m": 4.01, "min_width_m": 3.52, "from_node": 135, "to_node": 58}, "geometry": {"type": "LineString", "coordinates": [[396133.89, 139078.7], [396132.61, 139079.42]]}}, {"type": "Feature", "properties": {"link_id": 114, "link_type": "pseudo", "length_m": 1.68, "avg_width_m": null, "min_width_m": null, "from_node": 134, "to_node": 136}, "geometry": {"type": "LineString", "coordinates": [[396133.97, 139078.62], [396135.65, 139078.62]]}}, {"type": "Feature", "properties": {"link_id": 115, "link_type": "crosswalk", "length_m": 18.43, "avg_width_m": 4.03, "min_width_m": 0.16, "from_node": 136, "to_node": 137}, "geometry": {"type": "LineString", "coordinates": [[396135.65, 139078.62], [396153.89, 139081.26]]}}, {"type": "Feature", "properties": {"link_id": 116, "link_type": "pseudo", "length_m": 1.94, "avg_width_m": null, "min_width_m": null, "from_node": 137, "to_node": 138}, "geometry": {"type": "LineString", "coordinates": [[396153.89, 139081.26], [396155.09, 139079.74]]}}, {"type": "Feature", "properties": {"link_id": 117, "link_type": "pseudo", "length_m": 0.11, "avg_width_m": null, "min_width_m": null, "from_node": 134, "to_node": 139}, "geometry": {"type": "LineString", "coordinates": [[396133.97, 139078.62], [396133.89, 139078.54]]}}, {"type": "Feature", "properties": {"link_id": 118, "link_type": "sidewalk", "length_m": 17.23, "avg_width_m": 2.62, "min_width_m": 2.02, "from_node": 139, "to_node": 140}, "geometry": {"type": "LineString", "coordinates": [[396133.89, 139078.54], [396132.2, 139072.7], [396128.174, 139064.958], [396126.61, 139063.1]]}}, {"type": "Feature", "properties": {"link_id": 119, "link_type": "sidewalk", "length_m": 0.08, "avg_width_m": 2.96, "min_width_m": 2.94, "from_node": 85, "to_node": 84}, "geometry": {"type": "LineString", "coordinates": [[396126.45, 139020.38], [396126.45, 139020.46]]}}, {"type": "Feature", "properties": {"link_id": 120, "link_type": "sidewalk", "length_m": 5.26, "avg_width_m": 2.39, "min_width_m": 2.09, "from_node": 85, "to_node": 141}, "geometry": {"type": "LineString", "coordinates": [[396126.45, 139020.38], [396125.25, 139015.26]]}}, {"type": "Feature", "properties": {"link_id": 121, "link_type": "sidewalk", "length_m": 6.03, "avg_width_m": 2.02, "min_width_m": 1.52, "from_node": 142, "to_node": 143}, "geometry": {"type": "LineString", "coordinates": [[396107.65, 139023.74], [396109.17, 139029.58]]}}, {"type": "Feature", "properties": {"link_id": 122, "link_type": "sidewalk", "length_m": 0.08, "avg_width_m": 2.54, "min_width_m": 2.5, "from_node": 142, "to_node": 144}, "geometry": {"type": "LineString", "coordinates": [[396107.65, 139023.74], [396107.65, 139023.66]]}}, {"type": "Feature", "properties": {"link_id": 123, "link_type": "sidewalk", "length_m": 0.11, "avg_width_m": 2.51, "min_width_m": 2.36, "from_node": 142, "to_node": 145}, "geometry": {"type": "LineString", "coordinates": [[396107.65, 139023.74], [396107.73, 139023.66]]}}, {"type": "Feature", "properties": {"link_id": 124, "link_type": "sidewalk", "length_m": 1.11, "avg_width_m": 6.58, "min_width_m": 6.12, "from_node": 146, "to_node": 147}, "geometry": {"type": "LineString", "coordinates": [[396136.21, 138992.06], [396135.81, 138993.1]]}}, {"type": "Feature", "properties": {"link_id": 125, "link_type": "sidewalk", "length_m": 0.11, "avg_width_m": 5.65, "min_width_m": 5.53, "from_node": 146, "to_node": 148}, "geometry": {"type": "LineString", "coordinates": [[396136.21, 138992.06], [396136.13, 138991.98]]}}, {"type": "Feature", "properties": {"link_id": 126, "link_type": "pseudo", "length_m": 3.13, "avg_width_m": null, "min_width_m": null, "from_node": 148, "to_node": 149}, "geometry": {"type": "LineString", "coordinates": [[396136.13, 138991.98], [396133.49, 138990.3]]}}, {"type": "Feature", "properties": {"link_id": 127, "link_type": "crosswalk", "length_m": 10.3, "avg_width_m": 3.21, "min_width_m": 0.96, "from_node": 149, "to_node": 150}, "geometry": {"type": "LineString", "coordinates": [[396133.49, 138990.3], [396137.97, 138981.02]]}}, {"type": "Feature", "properties": {"link_id": 128, "link_type": "pseudo", "length_m": 1.92, "avg_width_m": null, "min_width_m": null, "from_node": 150, "to_node": 151}, "geometry": {"type": "LineString", "coordinates": [[396137.97, 138981.02], [396139.33, 138979.66]]}}, {"type": "Feature", "properties": {"link_id": 129, "link_type": "sidewalk", "length_m": 3.67, "avg_width_m": 3.16, "min_width_m": 2.36, "from_node": 146, "to_node": 152}, "geometry": {"type": "LineString", "coordinates": [[396136.21, 138992.06], [396137.49, 138988.62]]}}, {"type": "Feature", "properties": {"link_id": 130, "link_type": "sidewalk", "length_m": 0.11, "avg_width_m": 4.03, "min_width_m": 3.9, "from_node": 153, "to_node": 141}, "geometry": {"type": "LineString", "coordinates": [[396125.33, 139015.18], [396125.25, 139015.26]]}}, {"type": "Feature", "properties": {"link_id": 131, "link_type": "sidewalk", "length_m": 0.08, "avg_width_m": 3.92, "min_width_m": 3.9, "from_node": 153, "to_node": 154}, "geometry": {"type": "LineString", "coordinates": [[396125.33, 139015.18], [396125.33, 139015.26]]}}, {"type": "Feature", "properties": {"link_id": 132, "link_type": "sidewalk", "length_m": 2.58, "avg_width_m": 3.4, "min_width_m": 3.26, "from_node": 153, "to_node": 155}, "geometry": {"type": "LineString", "coordinates": [[396125.33, 139015.18], [396125.65, 139012.62]]}}, {"type": "Feature", "properties": {"link_id": 133, "link_type": "crosswalk", "length_m": 0.18, "avg_width_m": 0.29, "min_width_m": 0.16, "from_node": 156, "to_node": 157}, "geometry": {"type": "LineString", "coordinates": [[395993.41, 139043.1], [395993.25, 139043.18]]}}, {"type": "Feature", "properties": {"link_id": 134, "link_type": "sidewalk", "length_m": 0.11, "avg_width_m": 3.45, "min_width_m": 3.3, "from_node": 41, "to_node": 158}, "geometry": {"type": "LineString", "coordinates": [[396070.21, 138949.18], [396070.29, 138949.1]]}}, {"type": "Feature", "properties": {"link_id": 135, "link_type": "pseudo", "length_m": 1.82, "avg_width_m": null, "min_width_m": null, "from_node": 158, "to_node": 159}, "geometry": {"type": "LineString", "coordinates": [[396070.29, 138949.1], [396071.41, 138947.66]]}}, {"type": "Feature", "properties": {"link_id": 136, "link_type": "crosswalk", "length_m": 15.83, "avg_width_m": 4.61, "min_width_m": 2.79, "from_node": 159, "to_node": 160}, "geometry": {"type": "LineString", "coordinates": [[396071.41, 138947.66], [396086.77, 138943.82]]}}, {"type": "Feature", "properties": {"link_id": 137, "link_type": "pseudo", "length_m": 1.54, "avg_width_m": null, "min_width_m": null, "from_node": 160, "to_node": 161}, "geometry": {"type": "LineString", "coordinates": [[396086.77, 138943.82], [396088.13, 138943.1]]}}, {"type": "Feature", "properties": {"link_id": 138, "link_type": "sidewalk", "length_m": 18.37, "avg_width_m": 3.85, "min_width_m": 1.95, "from_node": 162, "to_node": 89}, "geometry": {"type": "LineString", "coordinates": [[396158.93, 138873.42], [396157.599, 138875.601], [396156.329, 138881.327], [396154.296, 138884.583], [396152.93, 138890.54]]}}, {"type": "Feature", "properties": {"link_id": 139, "link_type": "sidewalk", "length_m": 0.08, "avg_width_m": 3.72, "min_width_m": 3.65, "from_node": 162, "to_node": 163}, "geometry": {"type": "LineString", "coordinates": [[396158.93, 138873.42], [396159.01, 138873.42]]}}, {"type": "Feature", "properties": {"link_id": 140, "link_type": "sidewalk", "length_m": 0.08, "avg_width_m": 3.77, "min_width_m": 3.75, "from_node": 162, "to_node": 164}, "geometry": {"type": "LineString", "coordinates": [[396158.93, 138873.42], [396158.93, 138873.34]]}}, {"type": "Feature", "properties": {"link_id": 141, "link_type": "sidewalk", "length_m": 0.08, "avg_width_m": 7.05, "min_width_m": 7.05, "from_node": 110, "to_node": 165}, "geometry": {"type": "LineString", "coordinates": [[396135.81, 138993.18], [396135.89, 138993.18]]}}, {"type": "Feature", "properties": {"link_id": 142, "link_type": "sidewalk", "length_m": 0.08, "avg_width_m": 7.14, "min_width_m": 7.06, "from_node": 110, "to_node": 147}, "geometry": {"type": "LineString", "coordinates": [[396135.81, 138993.18], [396135.81, 138993.1]]}}, {"type": "Feature", "properties": {"link_id": 143, "link_type": "sidewalk", "length_m": 17.16, "avg_width_m": 3.48, "min_width_m": 2.24, "from_node": 166, "to_node": 167}, "geometry": {"type": "LineString", "coordinates": [[396172.77, 139111.74], [396169.631, 139108.883], [396166.894, 139104.192], [396165.604, 139101.1], [396164.93, 139097.02]]}}, {"type": "Feature", "properties": {"link_id": 144, "link_type": "sidewalk", "length_m": 0.11, "avg_width_m": 2.61, "min_width_m": 2.6, "from_node": 168, "to_node": 169}, "geometry": {"type": "LineString", "coordinates": [[396003.09, 139030.38], [396003.01, 139030.46]]}}, {"type": "Feature", "properties": {"link_id": 145, "link_type": "sidewalk", "length_m": 0.08, "avg_width_m": 2.67, "min_width_m": 2.62, "from_node": 168, "to_node": 170}, "geometry": {"type": "LineString", "coordinates": [[396003.09, 139030.38], [396003.01, 139030.38]]}}, {"type": "Feature", "properties": {"link_id": 146, "link_type": "sidewalk", "length_m": 61.97, "avg_width_m": 3.64, "min_width_m": 0.8, "from_node": 168, "to_node": 171}, "geometry": {"type": "LineString", "coordinates": [[396003.09, 139030.38], [396029.09, 139041.1], [396035.17, 139042.461], [396043.65, 139046.793], [396055.544, 139050.492], [396059.818, 139053.921], [396059.976, 139053.945]]}}, {"type": "Feature", "properties": {"link_id": 147, "link_type": "midblock", "length_m": 2.07, "avg_width_m": null, "min_width_m": null, "from_node": 171, "to_node": 172}, "geometry": {"type": "LineString", "coordinates": [[396059.976, 139053.945], [396062.022, 139054.258]]}}, {"type": "Feature", "properties": {"link_id": 148, "link_type": "sidewalk", "length_m": 32.77, "avg_width_m": 3.07, "min_width_m": 1.63, "from_node": 172, "to_node": 38}, "geometry": {"type": "LineString", "coordinates": [[396062.022, 139054.258], [396065.248, 139054.751], [396069.331, 139057.144], [396082.45, 139062.263], [396088.049, 139063.75], [396092.45, 139065.9]]}}, {"type": "Feature", "properties": {"link_id": 149, "link_type": "sidewalk", "length_m": 0.11, "avg_width_m": 3.56, "min_width_m": 3.55, "from_node": 155, "to_node": 173}, "geometry": {"type": "LineString", "coordinates": [[396125.65, 139012.62], [396125.57, 139012.54]]}}, {"type": "Feature", "properties": {"link_id": 150, "link_type": "sidewalk", "length_m": 0.08, "avg_width_m": 3.59, "min_width_m": 3.58, "from_node": 155, "to_node": 174}, "geometry": {"type": "LineString", "coordinates": [[396125.65, 139012.62], [396125.65, 139012.54]]}}, {"type": "Feature", "properties": {"link_id": 151, "link_type": "sidewalk", "length_m": 4.41, "avg_width_m": 2.25, "min_width_m": 2.02, "from_node": 175, "to_node": 65}, "geometry": {"type": "LineString", "coordinates": [[396041.41, 138890.22], [396042.61, 138894.46]]}}, {"type": "Feature", "properties": {"link_id": 152, "link_type": "sidewalk", "length_m": 5.42, "avg_width_m": 2.66, "min_width_m": 2.49, "from_node": 175, "to_node": 176}, "geometry": {"type": "LineString", "coordinates": [[396041.41, 138890.22], [396039.93, 138887.018], [396038.61, 138885.66]]}}, {"type": "Feature", "properties": {"link_id": 153, "link_type": "sidewalk", "length_m": 0.11, "avg_width_m": 2.77, "min_width_m": 2.65, "from_node": 175, "to_node": 177}, "geometry": {"type": "LineString", "coordinates": [[396041.41, 138890.22], [396041.49, 138890.14]]}}, {"type": "Feature", "properties": {"link_id": 154, "link_type": "pseudo", "length_m": 1.54, "avg_width_m": null, "min_width_m": null, "from_node": 177, "to_node": 178}, "geometry": {"type": "LineString", "coordinates": [[396041.49, 138890.14], [396042.85, 138889.42]]}}, {"type": "Feature", "properties": {"link_id": 155, "link_type": "crosswalk", "length_m": 15.04, "avg_width_m": 4.68, "min_width_m": 3.24, "from_node": 178, "to_node": 179}, "geometry": {"type": "LineString", "coordinates": [[396042.85, 138889.42], [396055.97, 138882.06]]}}, {"type": "Feature", "properties": {"link_id": 156, "link_type": "pseudo", "length_m": 3.22, "avg_width_m": null, "min_width_m": null, "from_node": 179, "to_node": 180}, "geometry": {"type": "LineString", "coordinates": [[396055.97, 138882.06], [396058.21, 138884.38]]}}, {"type": "Feature", "properties": {"link_id": 157, "link_type": "sidewalk", "length_m": 0.08, "avg_width_m": 2.86, "min_width_m": 2.85, "from_node": 29, "to_node": 181}, "geometry": {"type": "LineString", "coordinates": [[395991.17, 139024.62], [395991.17, 139024.7]]}}, {"type": "Feature", "properties": {"link_id": 158, "link_type": "sidewalk", "length_m": 0.11, "avg_width_m": 2.81, "min_width_m": 2.72, "from_node": 29, "to_node": 182}, "geometry": {"type": "LineString", "coordinates": [[395991.17, 139024.62], [395991.25, 139024.7]]}}, {"type": "Feature", "properties": {"link_id": 159, "link_type": "sidewalk", "length_m": 18.53, "avg_width_m": 3.01, "min_width_m": 2.05, "from_node": 183, "to_node": 184}, "geometry": {"type": "LineString", "coordinates": [[396151.73, 139111.58], [396150.074, 139109.926], [396146.384, 139102.857], [396145.044, 139098.984], [396142.85, 139095.5]]}}, {"type": "Feature", "properties": {"link_id": 160, "link_type": "sidewalk", "length_m": 0.11, "avg_width_m": 3.11, "min_width_m": 3.02, "from_node": 39, "to_node": 185}, "geometry": {"type": "LineString", "coordinates": [[396094.77, 139065.02], [396094.85, 139065.1]]}}, {"type": "Feature", "properties": {"link_id": 161, "link_type": "pseudo", "length_m": 1.4, "avg_width_m": null, "min_width_m": null, "from_node": 185, "to_node": 186}, "geometry": {"type": "LineString", "coordinates": [[396094.85, 139065.1], [396096.05, 139065.82]]}}, {"type": "Feature", "properties": {"link_id": 162, "link_type": "crosswalk", "length_m": 9.91, "avg_width_m": 4.25, "min_width_m": 2.15, "from_node": 186, "to_node": 187}, "geometry": {"type": "LineString", "coordinates": [[396096.05, 139065.82], [396105.25, 139069.5]]}}, {"type": "Feature", "properties": {"link_id": 163, "link_type": "pseudo", "length_m": 1.95, "avg_width_m": null, "min_width_m": null, "from_node": 187, "to_node": 188}, "geometry": {"type": "LineString", "coordinates": [[396105.25, 139069.5], [396107.09, 139070.14]]}}, {"type": "Feature", "properties": {"link_id": 164, "link_type": "sidewalk", "length_m": 38.46, "avg_width_m": 3.5, "min_width_m": 1.48, "from_node": 39, "to_node": 143}, "geometry": {"type": "LineString", "coordinates": [[396094.77, 139065.02], [396098.869, 139055.02], [396101.567, 139044.402], [396103.447, 139041.749], [396109.17, 139029.58]]}}, {"type": "Feature", "properties": {"link_id": 165, "link_type": "sidewalk", "length_m": 2.31, "avg_width_m": 1.13, "min_width_m": 0.58, "from_node": 189, "to_node": 190}, "geometry": {"type": "LineString", "coordinates": [[396059.17, 138929.82], [396057.25, 138931.1]]}}, {"type": "Feature", "properties": {"link_id": 166, "link_type": "sidewalk", "length_m": 0.08, "avg_width_m": 2.45, "min_width_m": 2.38, "from_node": 189, "to_node": 191}, "geometry": {"type": "LineString", "coordinates": [[396059.17, 138929.82], [396059.25, 138929.82]]}}, {"type": "Feature", "properties": {"link_id": 167, "link_type": "sidewalk", "length_m": 0.08, "avg_width_m": 2.35, "min_width_m": 2.33, "from_node": 189, "to_node": 118}, "geometry": {"type": "LineString", "coordinates": [[396059.17, 138929.82], [396059.17, 138929.74]]}}, {"type": "Feature", "properties": {"link_id": 168, "link_type": "pseudo", "length_m": 0.11, "avg_width_m": null, "min_width_m": null, "from_node": 192, "to_node": 193}, "geometry": {"type": "LineString", "coordinates": [[396099.73, 138971.74], [396099.65, 138971.82]]}}, {"type": "Feature", "properties": {"link_id": 169, "link_type": "crosswalk", "length_m": 0.18, "avg_width_m": 2.31, "min_width_m": 2.18, "from_node": 193, "to_node": 95}, "geometry": {"type": "LineString", "coordinates": [[396099.65, 138971.82], [396099.49, 138971.74]]}}, {"type": "Feature", "properties": {"link_id": 170, "link_type": "pseudo", "length_m": 0.11, "avg_width_m": null, "min_width_m": null, "from_node": 192, "to_node": 194}, "geometry": {"type": "LineString", "coordinates": [[396099.73, 138971.74], [396099.81, 138971.82]]}}, {"type": "Feature", "properties": {"link_id": 171, "link_type": "pseudo", "length_m": 0.18, "avg_width_m": null, "min_width_m": null, "from_node": 192, "to_node": 195}, "geometry": {"type": "LineString", "coordinates": [[396099.73, 138971.74], [396099.57, 138971.66]]}}, {"type": "Feature", "properties": {"link_id": 172, "link_type": "pseudo", "length_m": 0.08, "avg_width_m": null, "min_width_m": null, "from_node": 35, "to_node": 33}, "geometry": {"type": "LineString", "coordinates": [[396115.57, 139045.34], [396115.57, 139045.42]]}}, {"type": "Feature", "properties": {"link_id": 173, "link_type": "pseudo", "length_m": 1.4, "avg_width_m": null, "min_width_m": null, "from_node": 35, "to_node": 196}, "geometry": {"type": "LineString", "coordinates": [[396115.57, 139045.34], [396115.25, 139043.98]]}}, {"type": "Feature", "properties": {"link_id": 174, "link_type": "crosswalk", "length_m": 15.45, "avg_width_m": 3.11, "min_width_m": 0.16, "from_node": 196, "to_node": 197}, "geometry": {"type": "LineString", "coordinates": [[396115.25, 139043.98], [396109.65, 139029.58]]}}, {"type": "Feature", "properties": {"link_id": 175, "link_type": "pseudo", "length_m": 0.48, "avg_width_m": null, "min_width_m": null, "from_node": 197, "to_node": 143}, "geometry": {"type": "LineString", "coordinates": [[396109.65, 139029.58], [396109.17, 139029.58]]}}, {"type": "Feature", "properties": {"link_id": 176, "link_type": "sidewalk", "length_m": 0.08, "avg_width_m": 3.92, "min_width_m": 3.84, "from_node": 5, "to_node": 91}, "geometry": {"type": "LineString", "coordinates": [[395985.25, 139073.18], [395985.33, 139073.18]]}}, {"type": "Feature", "properties": {"link_id": 177, "link_type": "sidewalk", "length_m": 15.82, "avg_width_m": 1.82, "min_width_m": 1.43, "from_node": 198, "to_node": 199}, "geometry": {"type": "LineString", "coordinates": [[396108.13, 139111.82], [396107.136, 139109.884], [396105.31, 139099.282], [396103.33, 139097.18]]}}, {"type": "Feature", "properties": {"link_id": 178, "link_type": "sidewalk", "length_m": 3.69, "avg_width_m": 3.46, "min_width_m": 3.22, "from_node": 184, "to_node": 131}, "geometry": {"type": "LineString", "coordinates": [[396142.85, 139095.5], [396139.49, 139093.98]]}}, {"type": "Feature", "properties": {"link_id": 179, "link_type": "sidewalk", "length_m": 0.11, "avg_width_m": 3.32, "min_width_m": 3.2, "from_node": 184, "to_node": 200}, "geometry": {"type": "LineString", "coordinates": [[396142.85, 139095.5], [396142.93, 139095.42]]}}, {"type": "Feature", "properties": {"link_id": 180, "link_type": "pseudo", "length_m": 1.08, "avg_width_m": null, "min_width_m": null, "from_node": 200, "to_node": 201}, "geometry": {"type": "LineString", "coordinates": [[396142.93, 139095.42], [396143.65, 139094.62]]}}, {"type": "Feature", "properties": {"link_id": 181, "link_type": "crosswalk", "length_m": 18.83, "avg_width_m": 4.46, "min_width_m": 1.01, "from_node": 201, "to_node": 202}, "geometry": {"type": "LineString", "coordinates": [[396143.65, 139094.62], [396162.37, 139096.62]]}}, {"type": "Feature", "properties": {"link_id": 182, "link_type": "pseudo", "length_m": 2.5, "avg_width_m": null, "min_width_m": null, "from_node": 202, "to_node": 203}, "geometry": {"type": "LineString", "coordinates": [[396162.37, 139096.62], [396164.85, 139096.94]]}}, {"type": "Feature", "properties": {"link_id": 183, "link_type": "sidewalk", "length_m": 23.05, "avg_width_m": 1.71, "min_width_m": 1.07, "from_node": 57, "to_node": 204}, "geometry": {"type": "LineString", "coordinates": [[396132.53, 139079.42], [396115.25, 139074.577], [396110.61, 139072.46]]}}, {"type": "Feature", "properties": {"link_id": 184, "link_type": "sidewalk", "length_m": 0.08, "avg_width_m": 3.09, "min_width_m": 3.08, "from_node": 57, "to_node": 58}, "geometry": {"type": "LineString", "coordinates": [[396132.53, 139079.42], [396132.61, 139079.42]]}}, {"type": "Feature", "properties": {"link_id": 185, "link_type": "sidewalk", "length_m": 2.96, "avg_width_m": 5.6, "min_width_m": 4.8, "from_node": 205, "to_node": 206}, "geometry": {"type": "LineString", "coordinates": [[396116.29, 138995.5], [396116.29, 138998.46]]}}, {"type": "Feature", "properties": {"link_id": 186, "link_type": "sidewalk", "length_m": 0.08, "avg_width_m": 5.52, "min_width_m": 5.44, "from_node": 205, "to_node": 207}, "geometry": {"type": "LineString", "coordinates": [[396116.29, 138995.5], [396116.29, 138995.42]]}}, {"type": "Feature", "properties": {"link_id": 187, "link_type": "sidewalk", "length_m": 0.11, "avg_width_m": 5.49, "min_width_m": 5.44, "from_node": 205, "to_node": 208}, "geometry": {"type": "LineString", "coordinates": [[396116.29, 138995.5], [396116.37, 138995.42]]}}, {"type": "Feature", "properties": {"link_id": 188, "link_type": "sidewalk", "length_m": 0.11, "avg_width_m": 0.16, "min_width_m": 0.16, "from_node": 209, "to_node": 210}, "geometry": {"type": "LineString", "coordinates": [[395992.53, 139043.74], [395992.61, 139043.66]]}}, {"type": "Feature", "properties": {"link_id": 189, "link_type": "pseudo", "length_m": 0.8, "avg_width_m": null, "min_width_m": null, "from_node": 210, "to_node": 157}, "geometry": {"type": "LineString", "coordinates": [[395992.61, 139043.66], [395993.25, 139043.18]]}}, {"type": "Feature", "properties": {"link_id": 190, "link_type": "sidewalk", "length_m": 0.08, "avg_width_m": 2.56, "min_width_m": 2.56, "from_node": 211, "to_node": 212}, "geometry": {"type": "LineString", "coordinates": [[396002.77, 139028.94], [396002.77, 139029.02]]}}, {"type": "Feature", "properties": {"link_id": 191, "link_type": "sidewalk", "length_m": 0.08, "avg_width_m": 2.64, "min_width_m": 2.56, "from_node": 211, "to_node": 213}, "geometry": {"type": "LineString", "coordinates": [[396002.77, 139028.94], [396002.69, 139028.94]]}}, {"type": "Feature", "properties": {"link_id": 192, "link_type": "sidewalk", "length_m": 42.87, "avg_width_m": 3.0, "min_width_m": 1.15, "from_node": 211, "to_node": 214}, "geometry": {"type": "LineString", "coordinates": [[396002.77, 139028.94], [396008.929, 139014.14], [396009.906, 139010.06], [396012.389, 139005.245], [396014.624, 138997.26], [396017.254, 138991.329], [396018.816, 138989.443]]}}, {"type": "Feature", "properties": {"link_id": 193, "link_type": "midblock", "length_m": 5.36, "avg_width_m": null, "min_width_m": null, "from_node": 214, "to_node": 215}, "geometry": {"type": "LineString", "coordinates": [[396018.816, 138989.443], [396019.371, 138988.773], [396020.44, 138985.48], [396021.005, 138984.626]]}}, {"type": "Feature", "properties": {"link_id": 194, "link_type": "sidewalk", "length_m": 4.91, "avg_width_m": 5.11, "min_width_m": 4.81, "from_node": 215, "to_node": 216}, "geometry": {"type": "LineString", "coordinates": [[396021.005, 138984.626], [396022.047, 138983.051], [396022.844, 138980.134]]}}, {"type": "Feature", "properties": {"link_id": 195, "link_type": "midblock", "length_m": 5.57, "avg_width_m": null, "min_width_m": null, "from_node": 216, "to_node": 217}, "geometry": {"type": "LineString", "coordinates": [[396022.844, 138980.134], [396024.311, 138974.761]]}}, {"type": "Feature", "properties": {"link_id": 196, "link_type": "sidewalk", "length_m": 30.48, "avg_width_m": 3.28, "min_width_m": 2.0, "from_node": 217, "to_node": 218}, "geometry": {"type": "LineString", "coordinates": [[396024.311, 138974.761], [396024.437, 138974.3], [396028.673, 138963.66], [396031.416, 138958.59], [396032.446, 138954.22], [396035.643, 138946.563]]}}, {"type": "Feature", "properties": {"link_id": 197, "link_type": "midblock", "length_m": 3.91, "avg_width_m": null, "min_width_m": null, "from_node": 218, "to_node": 219}, "geometry": {"type": "LineString", "coordinates": [[396035.643, 138946.563], [396036.534, 138944.428], [396036.933, 138942.882]]}}, {"type": "Feature", "properties": {"link_id": 198, "link_type": "sidewalk", "length_m": 4.15, "avg_width_m": 3.24, "min_width_m": 2.88, "from_node": 219, "to_node": 220}, "geometry": {"type": "LineString", "coordinates": [[396036.933, 138942.882], [396037.97, 138938.86]]}}, {"type": "Feature", "properties": {"link_id": 199, "link_type": "sidewalk", "length_m": 0.08, "avg_width_m": 4.37, "min_width_m": 4.32, "from_node": 221, "to_node": 73}, "geometry": {"type": "LineString", "coordinates": [[396117.01, 139046.22], [396117.01, 139046.3]]}}, {"type": "Feature", "properties": {"link_id": 200, "link_type": "sidewalk", "length_m": 0.11, "avg_width_m": 4.36, "min_width_m": 4.32, "from_node": 221, "to_node": 222}, "geometry": {"type": "LineString", "coordinates": [[396117.01, 139046.22], [396117.09, 139046.3]]}}, {"type": "Feature", "properties": {"link_id": 201, "link_type": "sidewalk", "length_m": 0.85, "avg_width_m": 4.09, "min_width_m": 4.01, "from_node": 221, "to_node": 34}, "geometry": {"type": "LineString", "coordinates": [[396117.01, 139046.22], [396116.45, 139045.58]]}}, {"type": "Feature", "properties": {"link_id": 202, "link_type": "sidewalk", "length_m": 0.11, "avg_width_m": 3.07, "min_width_m": 3.07, "from_node": 223, "to_node": 161}, "geometry": {"type": "LineString", "coordinates": [[396088.21, 138943.02], [396088.13, 138943.1]]}}, {"type": "Feature", "properties": {"link_id": 203, "link_type": "sidewalk", "length_m": 0.08, "avg_width_m": 3.11, "min_width_m": 3.08, "from_node": 223, "to_node": 224}, "geometry": {"type": "LineString", "coordinates": [[396088.21, 138943.02], [396088.21, 138943.1]]}}, {"type": "Feature", "properties": {"link_id": 204, "link_type": "sidewalk", "length_m": 69.8, "avg_width_m": 3.95, "min_width_m": 1.65, "from_node": 223, "to_node": 225}, "geometry": {"type": "LineString", "coordinates": [[396088.21, 138943.02], [396084.686, 138935.423], [396082.348, 138931.812], [396081.318, 138925.933], [396077.691, 138922.518], [396075.781, 138917.82], [396070.22, 138907.58], [396067.683, 138897.904], [396063.63, 138895.17], [396061.035, 138890.78], [396060.539, 138886.14], [396061.604, 138882.913], [396060.85, 138881.74]]}}, {"type": "Feature", "properties": {"link_id": 205, "link_type": "pseudo", "length_m": 0.11, "avg_width_m": null, "min_width_m": null, "from_node": 226, "to_node": 227}, "geometry": {"type": "LineString", "coordinates": [[396042.93, 139007.58], [396043.01, 139007.66]]}}, {"type": "Feature", "properties": {"link_id": 206, "link_type": "crosswalk", "length_m": 0.11, "avg_width_m": null, "min_width_m": null, "from_node": 227, "to_node": 228}, "geometry": {"type": "LineString", "coordinates": [[396043.01, 139007.66], [396043.09, 139007.74]]}}, {"type": "Feature", "properties": {"link_id": 207, "link_type": "pseudo", "length_m": 0.08, "avg_width_m": null, "min_width_m": null, "from_node": 226, "to_node": 229}, "geometry": {"type": "LineString", "coordinates": [[396042.93, 139007.58], [396042.85, 139007.58]]}}, {"type": "Feature", "properties": {"link_id": 208, "link_type": "pseudo", "length_m": 0.08, "avg_width_m": null, "min_width_m": null, "from_node": 226, "to_node": 230}, "geometry": {"type": "LineString", "coordinates": [[396042.93, 139007.58], [396042.93, 139007.5]]}}, {"type": "Feature", "properties": {"link_id": 209, "link_type": "sidewalk", "length_m": 5.54, "avg_width_m": 4.78, "min_width_m": 2.74, "from_node": 31, "to_node": 119}, "geometry": {"type": "LineString", "coordinates": [[396047.01, 138909.82], [396050.93, 138913.74]]}}, {"type": "Feature", "properties": {"link_id": 210, "link_type": "pseudo", "length_m": 1.32, "avg_width_m": null, "min_width_m": null, "from_node": 182, "to_node": 231}, "geometry": {"type": "LineString", "coordinates": [[395991.25, 139024.7], [395992.45, 139025.26]]}}, {"type": "Feature", "properties": {"link_id": 211, "link_type": "crosswalk", "length_m": 9.45, "avg_width_m": 4.58, "min_width_m": 2.85, "from_node": 231, "to_node": 232}, "geometry": {"type": "LineString", "coordinates": [[395992.45, 139025.26], [396001.25, 139028.7]]}}, {"type": "Feature", "properties": {"link_id": 212, "link_type": "pseudo", "length_m": 1.46, "avg_width_m": null, "min_width_m": null, "from_node": 232, "to_node": 213}, "geometry": {"type": "LineString", "coordinates": [[396001.25, 139028.7], [396002.69, 139028.94]]}}, {"type": "Feature", "properties": {"link_id": 213, "link_type": "pseudo", "length_m": 0.08, "avg_width_m": null, "min_width_m": null, "from_node": 182, "to_node": 181}, "geometry": {"type": "LineString", "coordinates": [[395991.25, 139024.7], [395991.17, 139024.7]]}}, {"type": "Feature", "properties": {"link_id": 214, "link_type": "pseudo", "length_m": 0.11, "avg_width_m": null, "min_width_m": null, "from_node": 203, "to_node": 167}, "geometry": {"type": "LineString", "coordinates": [[396164.85, 139096.94], [396164.93, 139097.02]]}}, {"type": "Feature", "properties": {"link_id": 215, "link_type": "pseudo", "length_m": 0.08, "avg_width_m": null, "min_width_m": null, "from_node": 203, "to_node": 233}, "geometry": {"type": "LineString", "coordinates": [[396164.85, 139096.94], [396164.93, 139096.94]]}}, {"type": "Feature", "properties": {"link_id": 216, "link_type": "sidewalk", "length_m": 3.66, "avg_width_m": 4.36, "min_width_m": 3.54, "from_node": 234, "to_node": 103}, "geometry": {"type": "LineString", "coordinates": [[395984.29, 139036.78], [395986.21, 139039.9]]}}, {"type": "Feature", "properties": {"link_id": 217, "link_type": "sidewalk", "length_m": 50.61, "avg_width_m": 4.4, "min_width_m": 2.6, "from_node": 234, "to_node": 235}, "geometry": {"type": "LineString", "coordinates": [[395984.29, 139036.78], [395978.85, 139034.453], [395973.672, 139033.733], [395971.213, 139031.633], [395963.89, 139029.824], [395959.17, 139027.447], [395951.57, 139025.762], [395947.488, 139023.566], [395944.677, 139020.89], [395937.97, 139018.54]]}}, {"type": "Feature", "properties": {"link_id": 218, "link_type": "sidewalk", "length_m": 0.11, "avg_width_m": 3.29, "min_width_m": 3.18, "from_node": 234, "to_node": 236}, "geometry": {"type": "LineString", "coordinates": [[395984.29, 139036.78], [395984.37, 139036.7]]}}, {"type": "Feature", "properties": {"link_id": 219, "link_type": "pseudo", "length_m": 1.93, "avg_width_m": null, "min_width_m": null, "from_node": 236, "to_node": 237}, "geometry": {"type": "LineString", "coordinates": [[395984.37, 139036.7], [395985.33, 139035.02]]}}, {"type": "Feature", "properties": {"link_id": 220, "link_type": "crosswalk", "length_m": 9.05, "avg_width_m": 4.54, "min_width_m": 3.08, "from_node": 237, "to_node": 238}, "geometry": {"type": "LineString", "coordinates": [[395985.33, 139035.02], [395988.69, 139026.62]]}}, {"type": "Feature", "properties": {"link_id": 221, "link_type": "pseudo", "length_m": 1.44, "avg_width_m": null, "min_width_m": null, "from_node": 238, "to_node": 105}, "geometry": {"type": "LineString", "coordinates": [[395988.69, 139026.62], [395988.69, 139025.18]]}}, {"type": "Feature", "properties": {"link_id": 222, "link_type": "sidewalk", "length_m": 96.52, "avg_width_m": 4.86, "min_width_m": 2.27, "from_node": 239, "to_node": 47}, "geometry": {"type": "LineString", "coordinates": [[395999.01, 139043.18], [396008.266, 139046.134], [396014.33, 139050.466], [396022.45, 139051.503], [396028.37, 139053.542], [396032.45, 139055.546], [396037.19, 139058.913], [396044.37, 139060.442], [396048.674, 139062.112], [396052.611, 139064.653], [396068.69, 139068.774], [396083.81, 139077.067], [396087.81, 139077.74]]}}, {"type": "Feature", "properties": {"link_id": 223, "link_type": "sidewalk", "length_m": 0.08, "avg_width_m": 2.81, "min_width_m": 2.79, "from_node": 239, "to_node": 240}, "geometry": {"type": "LineString", "coordinates": [[395999.01, 139043.18], [395998.93, 139043.18]]}}, {"type": "Feature", "properties": {"link_id": 224, "link_type": "sidewalk", "length_m": 0.08, "avg_width_m": 2.87, "min_width_m": 2.79, "from_node": 239, "to_node": 241}, "geometry": {"type": "LineString", "coordinates": [[395999.01, 139043.18], [395999.01, 139043.1]]}}, {"type": "Feature", "properties": {"link_id": 225, "link_type": "sidewalk", "length_m": 0.08, "avg_width_m": 3.44, "min_width_m": 3.36, "from_node": 242, "to_node": 243}, "geometry": {"type": "LineString", "coordinates": [[396160.37, 139082.62], [396160.37, 139082.7]]}}, {"type": "Feature", "properties": {"link_id": 226, "link_type": "sidewalk", "length_m": 0.08, "avg_width_m": 3.52, "min_width_m": 3.52, "from_node": 242, "to_node": 244}, "geometry": {"type": "LineString", "coordinates": [[396160.37, 139082.62], [396160.45, 139082.62]]}}, {"type": "Feature", "properties": {"link_id": 227, "link_type": "sidewalk", "length_m": 6.01, "avg_width_m": 5.46, "min_width_m": 4.8, "from_node": 242, "to_node": 138}, "geometry": {"type": "LineString", "coordinates": [[396160.37, 139082.62], [396155.09, 139079.74]]}}, {"type": "Feature", "properties": {"link_id": 228, "link_type": "sidewalk", "length_m": 0.08, "avg_width_m": 4.33, "min_width_m": 4.29, "from_node": 71, "to_node": 245}, "geometry": {"type": "LineString", "coordinates": [[396107.17, 139070.14], [396107.17, 139070.22]]}}, {"type": "Feature", "properties": {"link_id": 229, "link_type": "sidewalk", "length_m": 0.08, "avg_width_m": 4.37, "min_width_m": 4.29, "from_node": 71, "to_node": 188}, "geometry": {"type": "LineString", "coordinates": [[396107.17, 139070.14], [396107.09, 139070.14]]}}, {"type": "Feature", "properties": {"link_id": 230, "link_type": "sidewalk", "length_m": 0.11, "avg_width_m": 3.09, "min_width_m": 3.04, "from_node": 220, "to_node": 246}, "geometry": {"type": "LineString", "coordinates": [[396037.97, 138938.86], [396037.89, 138938.78]]}}, {"type": "Feature", "properties": {"link_id": 231, "link_type": "pseudo", "length_m": 3.29, "avg_width_m": null, "min_width_m": null, "from_node": 246, "to_node": 247}, "geometry": {"type": "LineString", "coordinates": [[396037.89, 138938.78], [396035.01, 138937.18]]}}, {"type": "Feature", "properties": {"link_id": 232, "link_type": "crosswalk", "length_m": 19.33, "avg_width_m": 3.39, "min_width_m": 0.16, "from_node": 247, "to_node": 248}, "geometry": {"type": "LineString", "coordinates": [[396035.01, 138937.18], [396039.17, 138918.3]]}}, {"type": "Feature", "properties": {"link_id": 233, "link_type": "pseudo", "length_m": 1.53, "avg_width_m": null, "min_width_m": null, "from_node": 248, "to_node": 249}, "geometry": {"type": "LineString", "coordinates": [[396039.17, 138918.3], [396040.21, 138917.18]]}}, {"type": "Feature", "properties": {"link_id": 234, "link_type": "sidewalk", "length_m": 32.38, "avg_width_m": 3.33, "min_width_m": 2.4, "from_node": 220, "to_node": 42}, "geometry": {"type": "LineString", "coordinates": [[396037.97, 138938.86], [396040.111, 138936.942], [396042.85, 138937.043], [396067.65, 138947.1]]}}, {"type": "Feature", "properties": {"link_id": 235, "link_type": "sidewalk", "length_m": 12.12, "avg_width_m": 2.81, "min_width_m": 1.87, "from_node": 51, "to_node": 199}, "geometry": {"type": "LineString", "coordinates": [[396102.29, 139085.1], [396103.33, 139097.18]]}}, {"type": "Feature", "properties": {"link_id": 236, "link_type": "sidewalk", "length_m": 0.08, "avg_width_m": 4.82, "min_width_m": 4.75, "from_node": 51, "to_node": 52}, "geometry": {"type": "LineString", "coordinates": [[396102.29, 139085.1], [396102.29, 139085.02]]}}, {"type": "Feature", "properties": {"link_id": 237, "link_type": "sidewalk", "length_m": 0.08, "avg_width_m": 5.95, "min_width_m": 5.94, "from_node": 80, "to_node": 79}, "geometry": {"type": "LineString", "coordinates": [[396164.37, 138892.54], [396164.29, 138892.54]]}}, {"type": "Feature", "properties": {"link_id": 238, "link_type": "sidewalk", "length_m": 0.74, "avg_width_m": 5.44, "min_width_m": 5.12, "from_node": 80, "to_node": 250}, "geometry": {"type": "LineString", "coordinates": [[396164.37, 138892.54], [396164.93, 138892.06]]}}, {"type": "Feature", "properties": {"link_id": 239, "link_type": "sidewalk", "length_m": 19.84, "avg_width_m": 2.8, "min_width_m": 1.72, "from_node": 222, "to_node": 140}, "geometry": {"type": "LineString", "coordinates": [[396117.09, 139046.3], [396119.638, 139047.697], [396124.693, 139057.74], [396126.61, 139063.1]]}}, {"type": "Feature", "properties": {"link_id": 240, "link_type": "sidewalk", "length_m": 0.08, "avg_width_m": 4.32, "min_width_m": 4.32, "from_node": 222, "to_node": 73}, "geometry": {"type": "LineString", "coordinates": [[396117.09, 139046.3], [396117.01, 139046.3]]}}, {"type": "Feature", "properties": {"link_id": 241, "link_type": "sidewalk", "length_m": 3.17, "avg_width_m": 4.95, "min_width_m": 3.44, "from_node": 251, "to_node": 103}, "geometry": {"type": "LineString", "coordinates": [[395988.45, 139037.66], [395986.21, 139039.9]]}}, {"type": "Feature", "properties": {"link_id": 242, "link_type": "sidewalk", "length_m": 0.11, "avg_width_m": 1.94, "min_width_m": 1.87, "from_node": 251, "to_node": 252}, "geometry": {"type": "LineString", "coordinates": [[395988.45, 139037.66], [395988.53, 139037.74]]}}, {"type": "Feature", "properties": {"link_id": 243, "link_type": "pseudo", "length_m": 1.36, "avg_width_m": null, "min_width_m": null, "from_node": 252, "to_node": 253}, "geometry": {"type": "LineString", "coordinates": [[395988.53, 139037.74], [395989.49, 139038.7]]}}, {"type": "Feature", "properties": {"link_id": 244, "link_type": "crosswalk", "length_m": 8.12, "avg_width_m": 2.14, "min_width_m": 0.16, "from_node": 253, "to_node": 254}, "geometry": {"type": "LineString", "coordinates": [[395989.49, 139038.7], [395997.17, 139041.34]]}}, {"type": "Feature", "properties": {"link_id": 245, "link_type": "pseudo", "length_m": 1.97, "avg_width_m": null, "min_width_m": null, "from_node": 254, "to_node": 255}, "geometry": {"type": "LineString", "coordinates": [[395997.17, 139041.34], [395998.05, 139043.1]]}}, {"type": "Feature", "properties": {"link_id": 246, "link_type": "sidewalk", "length_m": 1.36, "avg_width_m": 0.9, "min_width_m": 0.45, "from_node": 251, "to_node": 256}, "geometry": {"type": "LineString", "coordinates": [[395988.45, 139037.66], [395989.49, 139036.78]]}}, {"type": "Feature", "properties": {"link_id": 247, "link_type": "sidewalk", "length_m": 4.11, "avg_width_m": 3.25, "min_width_m": 1.38, "from_node": 257, "to_node": 79}, "geometry": {"type": "LineString", "coordinates": [[396160.45, 138893.42], [396162.294, 138892.404], [396164.29, 138892.54]]}}, {"type": "Feature", "properties": {"link_id": 248, "link_type": "sidewalk", "length_m": 0.08, "avg_width_m": 3.6, "min_width_m": 3.52, "from_node": 1, "to_node": 60}, "geometry": {"type": "LineString", "coordinates": [[396038.53, 138885.58], [396038.53, 138885.66]]}}, {"type": "Feature", "properties": {"link_id": 249, "link_type": "sidewalk", "length_m": 0.11, "avg_width_m": 3.57, "min_width_m": 3.52, "from_node": 1, "to_node": 176}, "geometry": {"type": "LineString", "coordinates": [[396038.53, 138885.58], [396038.61, 138885.66]]}}, {"type": "Feature", "properties": {"link_id": 250, "link_type": "sidewalk", "length_m": 6.42, "avg_width_m": 2.11, "min_width_m": 1.79, "from_node": 258, "to_node": 259}, "geometry": {"type": "LineString", "coordinates": [[395948.13, 138878.14], [395944.981, 138880.006], [395943.89, 138882.54]]}}, {"type": "Feature", "properties": {"link_id": 251, "link_type": "sidewalk", "length_m": 7.69, "avg_width_m": 1.88, "min_width_m": 1.22, "from_node": 258, "to_node": 260}, "geometry": {"type": "LineString", "coordinates": [[395948.13, 138878.14], [395949.298, 138880.07], [395949.894, 138882.295], [395949.631, 138883.595], [395948.53, 138885.02]]}}, {"type": "Feature", "properties": {"link_id": 252, "link_type": "sidewalk", "length_m": 9.93, "avg_width_m": 2.68, "min_width_m": 0.16, "from_node": 258, "to_node": 261}, "geometry": {"type": "LineString", "coordinates": [[395948.13, 138878.14], [395949.685, 138876.003], [395952.193, 138874.737], [395952.817, 138874.053], [395952.871, 138873.391], [395952.482, 138872.728], [395950.61, 138871.74]]}}, {"type": "Feature", "properties": {"link_id": 253, "link_type": "sidewalk", "length_m": 5.3, "avg_width_m": 4.29, "min_width_m": 3.87, "from_node": 262, "to_node": 260}, "geometry": {"type": "LineString", "coordinates": [[395943.89, 138882.62], [395946.418, 138884.415], [395948.53, 138885.02]]}}, {"type": "Feature", "properties": {"link_id": 254, "link_type": "sidewalk", "length_m": 0.08, "avg_width_m": 4.34, "min_width_m": 4.31, "from_node": 262, "to_node": 100}, "geometry": {"type": "LineString", "coordinates": [[395943.89, 138882.62], [395943.81, 138882.62]]}}, {"type": "Feature", "properties": {"link_id": 255, "link_type": "sidewalk", "length_m": 0.08, "avg_width_m": 4.34, "min_width_m": 4.31, "from_node": 262, "to_node": 259}, "geometry": {"type": "LineString", "coordinates": [[395943.89, 138882.62], [395943.89, 138882.54]]}}, {"type": "Feature", "properties": {"link_id": 256, "link_type": "sidewalk", "length_m": 3.62, "avg_width_m": 6.77, "min_width_m": 6.59, "from_node": 98, "to_node": 138}, "geometry": {"type": "LineString", "coordinates": [[396153.25, 139076.62], [396155.09, 139079.74]]}}, {"type": "Feature", "properties": {"link_id": 257, "link_type": "sidewalk", "length_m": 39.58, "avg_width_m": 4.02, "min_width_m": 2.86, "from_node": 98, "to_node": 263}, "geometry": {"type": "LineString", "coordinates": [[396153.25, 139076.62], [396151.019, 139069.1], [396145.821, 139059.26], [396144.566, 139054.109], [396140.562, 139050.441], [396137.156, 139041.175]]}}, {"type": "Feature", "properties": {"link_id": 258, "link_type": "midblock", "length_m": 9.24, "avg_width_m": null, "min_width_m": null, "from_node": 263, "to_node": 264}, "geometry": {"type": "LineString", "coordinates": [[396137.156, 139041.175], [396136.085, 139038.261], [396133.879, 139035.245], [396132.802, 139033.102]]}}, {"type": "Feature", "properties": {"link_id": 259, "link_type": "sidewalk", "length_m": 14.15, "avg_width_m": 2.86, "min_width_m": 1.95, "from_node": 264, "to_node": 84}, "geometry": {"type": "LineString", "coordinates": [[396132.802, 139033.102], [396126.45, 139020.46]]}}, {"type": "Feature", "properties": {"link_id": 260, "link_type": "sidewalk", "length_m": 8.71, "avg_width_m": 2.59, "min_width_m": 0.64, "from_node": 265, "to_node": 266}, "geometry": {"type": "LineString", "coordinates": [[396016.13, 138907.98], [396014.506, 138907.158], [396011.49, 138906.669], [396009.518, 138906.998], [396007.97, 138907.98]]}}, {"type": "Feature", "properties": {"link_id": 261, "link_type": "pseudo", "length_m": 0.11, "avg_width_m": null, "min_width_m": null, "from_node": 267, "to_node": 268}, "geometry": {"type": "LineString", "coordinates": [[396172.21, 138875.34], [396172.29, 138875.42]]}}, {"type": "Feature", "properties": {"link_id": 262, "link_type": "sidewalk", "length_m": 2.84, "avg_width_m": 2.93, "min_width_m": 2.74, "from_node": 268, "to_node": 269}, "geometry": {"type": "LineString", "coordinates": [[396172.29, 138875.42], [396172.77, 138878.22]]}}, {"type": "Feature", "properties": {"link_id": 263, "link_type": "pseudo", "length_m": 2.08, "avg_width_m": null, "min_width_m": null, "from_node": 267, "to_node": 270}, "geometry": {"type": "LineString", "coordinates": [[396172.21, 138875.34], [396170.13, 138875.34]]}}, {"type": "Feature", "properties": {"link_id": 264, "link_type": "crosswalk", "length_m": 9.3, "avg_width_m": 4.54, "min_width_m": 2.94, "from_node": 270, "to_node": 271}, "geometry": {"type": "LineString", "coordinates": [[396170.13, 138875.34], [396161.01, 138873.5]]}}, {"type": "Feature", "properties": {"link_id": 265, "link_type": "pseudo", "length_m": 2.0, "avg_width_m": null, "min_width_m": null, "from_node": 271, "to_node": 163}, "geometry": {"type": "LineString", "coordinates": [[396161.01, 138873.5], [396159.01, 138873.42]]}}, {"type": "Feature", "properties": {"link_id": 266, "link_type": "pseudo", "length_m": 0.11, "avg_width_m": null, "min_width_m": null, "from_node": 267, "to_node": 272}, "geometry": {"type": "LineString", "coordinates": [[396172.21, 138875.34], [396172.29, 138875.26]]}}, {"type": "Feature", "properties": {"link_id": 267, "link_type": "sidewalk", "length_m": 10.12, "avg_width_m": 3.52, "min_width_m": 1.82, "from_node": 272, "to_node": 273}, "geometry": {"type": "LineString", "coordinates": [[396172.29, 138875.26], [396174.276, 138869.061], [396176.93, 138866.62]]}}, {"type": "Feature", "properties": {"link_id": 268, "link_type": "sidewalk", "length_m": 0.08, "avg_width_m": 5.44, "min_width_m": 5.44, "from_node": 208, "to_node": 207}, "geometry": {"type": "LineString", "coordinates": [[396116.37, 138995.42], [396116.29, 138995.42]]}}, {"type": "Feature", "properties": {"link_id": 269, "link_type": "sidewalk", "length_m": 11.16, "avg_width_m": 3.16, "min_width_m": 2.02, "from_node": 208, "to_node": 17}, "geometry": {"type": "LineString", "coordinates": [[396116.37, 138995.42], [396117.886, 138994.3], [396118.875, 138992.616], [396120.61, 138985.5]]}}, {"type": "Feature", "properties": {"link_id": 270, "link_type": "sidewalk", "length_m": 0.11, "avg_width_m": 3.73, "min_width_m": 3.68, "from_node": 274, "to_node": 275}, "geometry": {"type": "LineString", "coordinates": [[396119.89, 139090.62], [396119.97, 139090.7]]}}, {"type": "Feature", "properties": {"link_id": 271, "link_type": "sidewalk", "length_m": 18.53, "avg_width_m": 2.07, "min_width_m": 1.16, "from_node": 274, "to_node": 52}, "geometry": {"type": "LineString", "coordinates": [[396119.89, 139090.62], [396109.17, 139086.451], [396102.29, 139085.02]]}}, {"type": "Feature", "properties": {"link_id": 272, "link_type": "sidewalk", "length_m": 0.08, "avg_width_m": 3.68, "min_width_m": 3.68, "from_node": 274, "to_node": 130}, "geometry": {"type": "LineString", "coordinates": [[396119.89, 139090.62], [396119.97, 139090.62]]}}, {"type": "Feature", "properties": {"link_id": 273, "link_type": "sidewalk", "length_m": 1.5, "avg_width_m": 5.1, "min_width_m": 4.64, "from_node": 68, "to_node": 233}, "geometry": {"type": "LineString", "coordinates": [[396165.57, 139095.58], [396164.93, 139096.94]]}}, {"type": "Feature", "properties": {"link_id": 274, "link_type": "sidewalk", "length_m": 0.11, "avg_width_m": 3.95, "min_width_m": 3.84, "from_node": 68, "to_node": 276}, "geometry": {"type": "LineString", "coordinates": [[396165.57, 139095.58], [396165.49, 139095.5]]}}, {"type": "Feature", "properties": {"link_id": 275, "link_type": "pseudo", "length_m": 2.15, "avg_width_m": null, "min_width_m": null, "from_node": 276, "to_node": 277}, "geometry": {"type": "LineString", "coordinates": [[396165.49, 139095.5], [396163.97, 139093.98]]}}, {"type": "Feature", "properties": {"link_id": 276, "link_type": "crosswalk", "length_m": 10.63, "avg_width_m": 4.32, "min_width_m": 1.92, "from_node": 277, "to_node": 278}, "geometry": {"type": "LineString", "coordinates": [[396163.97, 139093.98], [396160.37, 139083.98]]}}, {"type": "Feature", "properties": {"link_id": 277, "link_type": "pseudo", "length_m": 1.28, "avg_width_m": null, "min_width_m": null, "from_node": 278, "to_node": 243}, "geometry": {"type": "LineString", "coordinates": [[396160.37, 139083.98], [396160.37, 139082.7]]}}, {"type": "Feature", "properties": {"link_id": 278, "link_type": "sidewalk", "length_m": 16.97, "avg_width_m": 1.49, "min_width_m": 1.01, "from_node": 199, "to_node": 279}, "geometry": {"type": "LineString", "coordinates": [[396103.33, 139097.18], [396101.88, 139099.043], [396096.927, 139109.725], [396095.01, 139111.82]]}}, {"type": "Feature", "properties": {"link_id": 279, "link_type": "sidewalk", "length_m": 0.11, "avg_width_m": 3.32, "min_width_m": 3.19, "from_node": 42, "to_node": 43}, "geometry": {"type": "LineString", "coordinates": [[396067.65, 138947.1], [396067.73, 138947.02]]}}, {"type": "Feature", "properties": {"link_id": 280, "link_type": "sidewalk", "length_m": 0.08, "avg_width_m": 3.52, "min_width_m": 3.52, "from_node": 176, "to_node": 60}, "geometry": {"type": "LineString", "coordinates": [[396038.61, 138885.66], [396038.53, 138885.66]]}}, {"type": "Feature", "properties": {"link_id": 281, "link_type": "sidewalk", "length_m": 5.84, "avg_width_m": 3.98, "min_width_m": 1.98, "from_node": 102, "to_node": 280}, "geometry": {"type": "LineString", "coordinates": [[395986.29, 139040.38], [395988.805, 139041.52], [395991.09, 139043.58]]}}, {"type": "Feature", "properties": {"link_id": 282, "link_type": "sidewalk", "length_m": 0.08, "avg_width_m": 6.39, "min_width_m": 6.37, "from_node": 102, "to_node": 9}, "geometry": {"type": "LineString", "coordinates": [[395986.29, 139040.38], [395986.21, 139040.38]]}}, {"type": "Feature", "properties": {"link_id": 283, "link_type": "pseudo", "length_m": 0.08, "avg_width_m": null, "min_width_m": null, "from_node": 46, "to_node": 45}, "geometry": {"type": "LineString", "coordinates": [[396088.77, 139080.3], [396088.69, 139080.3]]}}, {"type": "Feature", "properties": {"link_id": 284, "link_type": "pseudo", "length_m": 1.55, "avg_width_m": null, "min_width_m": null, "from_node": 46, "to_node": 281}, "geometry": {"type": "LineString", "coordinates": [[396088.77, 139080.3], [396090.29, 139080.62]]}}, {"type": "Feature", "properties": {"link_id": 285, "link_type": "crosswalk", "length_m": 10.47, "avg_width_m": 4.22, "min_width_m": 1.32, "from_node": 281, "to_node": 282}, "geometry": {"type": "LineString", "coordinates": [[396090.29, 139080.62], [396099.97, 139084.62]]}}, {"type": "Feature", "properties": {"link_id": 286, "link_type": "pseudo", "length_m": 0.82, "avg_width_m": null, "min_width_m": null, "from_node": 282, "to_node": 50}, "geometry": {"type": "LineString", "coordinates": [[396099.97, 139084.62], [396100.37, 139085.34]]}}, {"type": "Feature", "properties": {"link_id": 287, "link_type": "sidewalk", "length_m": 0.11, "avg_width_m": 3.04, "min_width_m": 2.98, "from_node": 23, "to_node": 283}, "geometry": {"type": "LineString", "coordinates": [[396092.61, 138949.1], [396092.53, 138949.18]]}}, {"type": "Feature", "properties": {"link_id": 288, "link_type": "pseudo", "length_m": 1.25, "avg_width_m": null, "min_width_m": null, "from_node": 283, "to_node": 284}, "geometry": {"type": "LineString", "coordinates": [[396092.53, 138949.18], [396091.97, 138950.3]]}}, {"type": "Feature", "properties": {"link_id": 289, "link_type": "crosswalk", "length_m": 22.58, "avg_width_m": 2.73, "min_width_m": 0.16, "from_node": 284, "to_node": 285}, "geometry": {"type": "LineString", "coordinates": [[396091.97, 138950.3], [396102.61, 138970.22]]}}, {"type": "Feature", "properties": {"link_id": 290, "link_type": "pseudo", "length_m": 3.15, "avg_width_m": null, "min_width_m": null, "from_node": 285, "to_node": 286}, "geometry": {"type": "LineString", "coordinates": [[396102.61, 138970.22], [396103.89, 138973.1]]}}, {"type": "Feature", "properties": {"link_id": 291, "link_type": "sidewalk", "length_m": 7.71, "avg_width_m": 7.1, "min_width_m": 6.22, "from_node": 286, "to_node": 287}, "geometry": {"type": "LineString", "coordinates": [[396103.89, 138973.1], [396108.93, 138978.94]]}}, {"type": "Feature", "properties": {"link_id": 292, "link_type": "sidewalk", "length_m": 7.57, "avg_width_m": 3.3, "min_width_m": 2.85, "from_node": 23, "to_node": 224}, "geometry": {"type": "LineString", "coordinates": [[396092.61, 138949.1], [396090.34, 138947.156], [396088.21, 138943.1]]}}, {"type": "Feature", "properties": {"link_id": 293, "link_type": "sidewalk", "length_m": 46.78, "avg_width_m": 3.71, "min_width_m": 2.48, "from_node": 62, "to_node": 288}, "geometry": {"type": "LineString", "coordinates": [[396042.61, 138894.54], [396041.22, 138897.82], [396040.151, 138901.5], [396036.558, 138907.195], [396035.045, 138914.806], [396033.343, 138917.687], [396032.309, 138918.57], [396030.928, 138918.701], [396027.736, 138918.177], [396025.003, 138916.693], [396021.57, 138915.249], [396016.186, 138912.369], [396013.605, 138911.89]]}}, {"type": "Feature", "properties": {"link_id": 294, "link_type": "midblock", "length_m": 2.23, "avg_width_m": null, "min_width_m": null, "from_node": 288, "to_node": 289}, "geometry": {"type": "LineString", "coordinates": [[396013.605, 138911.89], [396011.415, 138911.484]]}}, {"type": "Feature", "properties": {"link_id": 295, "link_type": "sidewalk", "length_m": 5.02, "avg_width_m": 3.92, "min_width_m": 2.95, "from_node": 289, "to_node": 266}, "geometry": {"type": "LineString", "coordinates": [[396011.415, 138911.484], [396011.181, 138911.441], [396009.705, 138910.399], [396007.97, 138907.98]]}}, {"type": "Feature", "properties": {"link_id": 296, "link_type": "sidewalk", "length_m": 0.08, "avg_width_m": 2.97, "min_width_m": 2.95, "from_node": 62, "to_node": 65}, "geometry": {"type": "LineString", "coordinates": [[396042.61, 138894.54], [396042.61, 138894.46]]}}, {"type": "Feature", "properties": {"link_id": 297, "link_type": "sidewalk", "length_m": 9.36, "avg_width_m": 2.86, "min_width_m": 2.72, "from_node": 290, "to_node": 291}, "geometry": {"type": "LineString", "coordinates": [[396178.69, 138890.94], [396169.33, 138890.94]]}}, {"type": "Feature", "properties": {"link_id": 298, "link_type": "sidewalk", "length_m": 17.89, "avg_width_m": 1.94, "min_width_m": 1.28, "from_node": 140, "to_node": 72}, "geometry": {"type": "LineString", "coordinates": [[396126.61, 139063.1], [396125.186, 139063.507], [396124.558, 139064.029], [396123.5, 139068.598], [396122.232, 139070.096], [396117.97, 139071.041], [396113.49, 139070.14]]}}, {"type": "Feature", "properties": {"link_id": 299, "link_type": "sidewalk", "length_m": 0.08, "avg_width_m": 3.28, "min_width_m": 3.2, "from_node": 17, "to_node": 18}, "geometry": {"type": "LineString", "coordinates": [[396120.61, 138985.5], [396120.69, 138985.5]]}}, {"type": "Feature", "properties": {"link_id": 300, "link_type": "pseudo", "length_m": 0.89, "avg_width_m": null, "min_width_m": null, "from_node": 292, "to_node": 293}, "geometry": {"type": "LineString", "coordinates": [[396163.01, 138889.5], [396162.13, 138889.66]]}}, {"type": "Feature", "properties": {"link_id": 301, "link_type": "crosswalk", "length_m": 7.74, "avg_width_m": 3.1, "min_width_m": 1.67, "from_node": 293, "to_node": 294}, "geometry": {"type": "LineString", "coordinates": [[396162.13, 138889.66], [396154.53, 138891.1]]}}, {"type": "Feature", "properties": {"link_id": 302, "link_type": "pseudo", "length_m": 1.59, "avg_width_m": null, "min_width_m": null, "from_node": 294, "to_node": 88}, "geometry": {"type": "LineString", "coordinates": [[396154.53, 138891.1], [396153.01, 138890.62]]}}, {"type": "Feature", "properties": {"link_id": 303, "link_type": "pseudo", "length_m": 0.08, "avg_width_m": null, "min_width_m": null, "from_node": 292, "to_node": 295}, "geometry": {"type": "LineString", "coordinates": [[396163.01, 138889.5], [396163.09, 138889.5]]}}, {"type": "Feature", "properties": {"link_id": 304, "link_type": "pseudo", "length_m": 0.11, "avg_width_m": null, "min_width_m": null, "from_node": 292, "to_node": 296}, "geometry": {"type": "LineString", "coordinates": [[396163.01, 138889.5], [396163.09, 138889.42]]}}, {"type": "Feature", "properties": {"link_id": 305, "link_type": "sidewalk", "length_m": 0.08, "avg_width_m": 0.16, "min_width_m": 0.16, "from_node": 297, "to_node": 298}, "geometry": {"type": "LineString", "coordinates": [[396098.37, 138971.26], [396098.45, 138971.26]]}}, {"type": "Feature", "properties": {"link_id": 306, "link_type": "pseudo", "length_m": 0.86, "avg_width_m": null, "min_width_m": null, "from_node": 298, "to_node": 299}, "geometry": {"type": "LineString", "coordinates": [[396098.45, 138971.26], [396099.25, 138971.58]]}}, {"type": "Feature", "properties": {"link_id": 307, "link_type": "sidewalk", "length_m": 0.11, "avg_width_m": 3.71, "min_width_m": 3.65, "from_node": 164, "to_node": 163}, "geometry": {"type": "LineString", "coordinates": [[396158.93, 138873.34], [396159.01, 138873.42]]}}, {"type": "Feature", "properties": {"link_id": 308, "link_type": "sidewalk", "length_m": 7.76, "avg_width_m": 3.79, "min_width_m": 2.58, "from_node": 164, "to_node": 300}, "geometry": {"type": "LineString", "coordinates": [[396158.93, 138873.34], [396159.16, 138869.128], [396156.37, 138866.94]]}}, {"type": "Feature", "properties": {"link_id": 309, "link_type": "sidewalk", "length_m": 0.08, "avg_width_m": 0.48, "min_width_m": 0.48, "from_node": 296, "to_node": 295}, "geometry": {"type": "LineString", "coordinates": [[396163.09, 138889.42], [396163.09, 138889.5]]}}, {"type": "Feature", "properties": {"link_id": 310, "link_type": "sidewalk", "length_m": 0.43, "avg_width_m": 0.32, "min_width_m": 0.16, "from_node": 296, "to_node": 301}, "geometry": {"type": "LineString", "coordinates": [[396163.09, 138889.42], [396162.93, 138889.02]]}}, {"type": "Feature", "properties": {"link_id": 311, "link_type": "pseudo", "length_m": 0.11, "avg_width_m": null, "min_width_m": null, "from_node": 78, "to_node": 302}, "geometry": {"type": "LineString", "coordinates": [[396138.61, 138977.74], [396138.69, 138977.82]]}}, {"type": "Feature", "properties": {"link_id": 312, "link_type": "sidewalk", "length_m": 1.95, "avg_width_m": 4.45, "min_width_m": 4.31, "from_node": 302, "to_node": 151}, "geometry": {"type": "LineString", "coordinates": [[396138.69, 138977.82], [396139.33, 138979.66]]}}, {"type": "Feature", "properties": {"link_id": 313, "link_type": "pseudo", "length_m": 2.56, "avg_width_m": null, "min_width_m": null, "from_node": 78, "to_node": 303}, "geometry": {"type": "LineString", "coordinates": [[396138.61, 138977.74], [396136.05, 138977.74]]}}, {"type": "Feature", "properties": {"link_id": 314, "link_type": "crosswalk", "length_m": 11.01, "avg_width_m": 3.62, "min_width_m": 2.29, "from_node": 303, "to_node": 304}, "geometry": {"type": "LineString", "coordinates": [[396136.05, 138977.74], [396127.65, 138970.62]]}}, {"type": "Feature", "properties": {"link_id": 315, "link_type": "pseudo", "length_m": 2.38, "avg_width_m": null, "min_width_m": null, "from_node": 304, "to_node": 305}, "geometry": {"type": "LineString", "coordinates": [[396127.65, 138970.62], [396129.41, 138969.02]]}}, {"type": "Feature", "properties": {"link_id": 316, "link_type": "sidewalk", "length_m": 0.08, "avg_width_m": 4.79, "min_width_m": 4.76, "from_node": 109, "to_node": 108}, "geometry": {"type": "LineString", "coordinates": [[396131.73, 138996.22], [396131.73, 138996.3]]}}, {"type": "Feature", "properties": {"link_id": 317, "link_type": "sidewalk", "length_m": 1.8, "avg_width_m": 3.49, "min_width_m": 3.06, "from_node": 109, "to_node": 14}, "geometry": {"type": "LineString", "coordinates": [[396131.73, 138996.22], [396129.97, 138995.82]]}}, {"type": "Feature", "properties": {"link_id": 318, "link_type": "pseudo", "length_m": 1.38, "avg_width_m": null, "min_width_m": null, "from_node": 173, "to_node": 306}, "geometry": {"type": "LineString", "coordinates": [[396125.57, 139012.54], [396124.21, 139012.3]]}}, {"type": "Feature", "properties": {"link_id": 319, "link_type": "crosswalk", "length_m": 13.87, "avg_width_m": 3.6, "min_width_m": 1.52, "from_node": 306, "to_node": 307}, "geometry": {"type": "LineString", "coordinates": [[396124.21, 139012.3], [396117.25, 139000.3]]}}, {"type": "Feature", "properties": {"link_id": 320, "link_type": "pseudo", "length_m": 1.24, "avg_width_m": null, "min_width_m": null, "from_node": 307, "to_node": 308}, "geometry": {"type": "LineString", "coordinates": [[396117.25, 139000.3], [396116.37, 138999.42]]}}, {"type": "Feature", "properties": {"link_id": 321, "link_type": "sidewalk", "length_m": 0.96, "avg_width_m": 3.82, "min_width_m": 3.72, "from_node": 308, "to_node": 206}, "geometry": {"type": "LineString", "coordinates": [[396116.37, 138999.42], [396116.29, 138998.46]]}}, {"type": "Feature", "properties": {"link_id": 322, "link_type": "pseudo", "length_m": 0.08, "avg_width_m": null, "min_width_m": null, "from_node": 173, "to_node": 174}, "geometry": {"type": "LineString", "coordinates": [[396125.57, 139012.54], [396125.65, 139012.54]]}}, {"type": "Feature", "properties": {"link_id": 323, "link_type": "sidewalk", "length_m": 12.61, "avg_width_m": 3.59, "min_width_m": 2.94, "from_node": 122, "to_node": 92}, "geometry": {"type": "LineString", "coordinates": [[395992.29, 139057.26], [395990.592, 139059.824], [395987.33, 139068.78]]}}, {"type": "Feature", "properties": {"link_id": 324, "link_type": "sidewalk", "length_m": 0.08, "avg_width_m": 3.88, "min_width_m": 3.87, "from_node": 122, "to_node": 123}, "geometry": {"type": "LineString", "coordinates": [[395992.29, 139057.26], [395992.29, 139057.18]]}}, {"type": "Feature", "properties": {"link_id": 325, "link_type": "sidewalk", "length_m": 4.54, "avg_width_m": 4.02, "min_width_m": 3.74, "from_node": 291, "to_node": 250}, "geometry": {"type": "LineString", "coordinates": [[396169.33, 138890.94], [396164.93, 138892.06]]}}, {"type": "Feature", "properties": {"link_id": 326, "link_type": "sidewalk", "length_m": 0.11, "avg_width_m": 3.49, "min_width_m": 3.39, "from_node": 291, "to_node": 309}, "geometry": {"type": "LineString", "coordinates": [[396169.33, 138890.94], [396169.25, 138890.86]]}}, {"type": "Feature", "properties": {"link_id": 327, "link_type": "pseudo", "length_m": 1.98, "avg_width_m": null, "min_width_m": null, "from_node": 309, "to_node": 310}, "geometry": {"type": "LineString", "coordinates": [[396169.25, 138890.86], [396167.89, 138889.42]]}}, {"type": "Feature", "properties": {"link_id": 328, "link_type": "crosswalk", "length_m": 10.63, "avg_width_m": 3.85, "min_width_m": 2.24, "from_node": 310, "to_node": 311}, "geometry": {"type": "LineString", "coordinates": [[396167.89, 138889.42], [396171.49, 138879.42]]}}, {"type": "Feature", "properties": {"link_id": 329, "link_type": "pseudo", "length_m": 1.75, "avg_width_m": null, "min_width_m": null, "from_node": 311, "to_node": 269}, "geometry": {"type": "LineString", "coordinates": [[396171.49, 138879.42], [396172.77, 138878.22]]}}, {"type": "Feature", "properties": {"link_id": 330, "link_type": "sidewalk", "length_m": 1.31, "avg_width_m": 0.88, "min_width_m": 0.32, "from_node": 180, "to_node": 312}, "geometry": {"type": "LineString", "coordinates": [[396058.21, 138884.38], [396057.17, 138885.18]]}}, {"type": "Feature", "properties": {"link_id": 331, "link_type": "sidewalk", "length_m": 3.73, "avg_width_m": 5.12, "min_width_m": 3.39, "from_node": 180, "to_node": 225}, "geometry": {"type": "LineString", "coordinates": [[396058.21, 138884.38], [396060.85, 138881.74]]}}, {"type": "Feature", "properties": {"link_id": 332, "link_type": "sidewalk", "length_m": 31.35, "avg_width_m": 3.85, "min_width_m": 2.42, "from_node": 313, "to_node": 45}, "geometry": {"type": "LineString", "coordinates": [[396079.49, 139109.98], [396080.381, 139105.26], [396083.781, 139095.74], [396084.232, 139091.546], [396086.271, 139088.524], [396088.69, 139080.3]]}}, {"type": "Feature", "properties": {"link_id": 333, "link_type": "pseudo", "length_m": 0.08, "avg_width_m": null, "min_width_m": null, "from_node": 145, "to_node": 144}, "geometry": {"type": "LineString", "coordinates": [[396107.73, 139023.66], [396107.65, 139023.66]]}}, {"type": "Feature", "properties": {"link_id": 334, "link_type": "pseudo", "length_m": 1.04, "avg_width_m": null, "min_width_m": null, "from_node": 145, "to_node": 314}, "geometry": {"type": "LineString", "coordinates": [[396107.73, 139023.66], [396108.69, 139023.26]]}}, {"type": "Feature", "properties": {"link_id": 335, "link_type": "crosswalk", "length_m": 25.52, "avg_width_m": 4.09, "min_width_m": 0.51, "from_node": 314, "to_node": 315}, "geometry": {"type": "LineString", "coordinates": [[396108.69, 139023.26], [396114.69, 138998.46]]}}, {"type": "Feature", "properties": {"link_id": 336, "link_type": "pseudo", "length_m": 1.6, "avg_width_m": null, "min_width_m": null, "from_node": 315, "to_node": 206}, "geometry": {"type": "LineString", "coordinates": [[396114.69, 138998.46], [396116.29, 138998.46]]}}, {"type": "Feature", "properties": {"link_id": 337, "link_type": "pseudo", "length_m": 0.11, "avg_width_m": null, "min_width_m": null, "from_node": 88, "to_node": 89}, "geometry": {"type": "LineString", "coordinates": [[396153.01, 138890.62], [396152.93, 138890.54]]}}, {"type": "Feature", "properties": {"link_id": 338, "link_type": "sidewalk", "length_m": 1.64, "avg_width_m": 1.24, "min_width_m": 0.64, "from_node": 74, "to_node": 316}, "geometry": {"type": "LineString", "coordinates": [[396121.49, 138969.5], [396120.37, 138970.7]]}}, {"type": "Feature", "properties": {"link_id": 339, "link_type": "sidewalk", "length_m": 0.11, "avg_width_m": 2.72, "min_width_m": 2.65, "from_node": 74, "to_node": 317}, "geometry": {"type": "LineString", "coordinates": [[396121.49, 138969.5], [396121.57, 138969.58]]}}, {"type": "Feature", "properties": {"link_id": 340, "link_type": "pseudo", "length_m": 3.17, "avg_width_m": null, "min_width_m": null, "from_node": 317, "to_node": 318}, "geometry": {"type": "LineString", "coordinates": [[396121.57, 138969.58], [396123.81, 138971.82]]}}, {"type": "Feature", "properties": {"link_id": 341, "link_type": "crosswalk", "length_m": 11.12, "avg_width_m": 4.12, "min_width_m": 1.79, "from_node": 318, "to_node": 319}, "geometry": {"type": "LineString", "coordinates": [[396123.81, 138971.82], [396120.85, 138982.54]]}}, {"type": "Feature", "properties": {"link_id": 342, "link_type": "pseudo", "length_m": 1.26, "avg_width_m": null, "min_width_m": null, "from_node": 319, "to_node": 19}, "geometry": {"type": "LineString", "coordinates": [[396120.85, 138982.54], [396119.81, 138983.26]]}}, {"type": "Feature", "properties": {"link_id": 343, "link_type": "pseudo", "length_m": 1.36, "avg_width_m": null, "min_width_m": null, "from_node": 37, "to_node": 320}, "geometry": {"type": "LineString", "coordinates": [[396092.45, 139065.98], [396092.37, 139067.34]]}}, {"type": "Feature", "properties": {"link_id": 344, "link_type": "crosswalk", "length_m": 10.25, "avg_width_m": 4.33, "min_width_m": 2.0, "from_node": 320, "to_node": 321}, "geometry": {"type": "LineString", "coordinates": [[396092.37, 139067.34], [396088.37, 139076.78]]}}, {"type": "Feature", "properties": {"link_id": 345, "link_type": "pseudo", "length_m": 1.11, "avg_width_m": null, "min_width_m": null, "from_node": 321, "to_node": 47}, "geometry": {"type": "LineString", "coordinates": [[396088.37, 139076.78], [396087.81, 139077.74]]}}, {"type": "Feature", "properties": {"link_id": 346, "link_type": "pseudo", "length_m": 0.08, "avg_width_m": null, "min_width_m": null, "from_node": 37, "to_node": 38}, "geometry": {"type": "LineString", "coordinates": [[396092.45, 139065.98], [396092.45, 139065.9]]}}, {"type": "Feature", "properties": {"link_id": 347, "link_type": "sidewalk", "length_m": 7.83, "avg_width_m": 6.54, "min_width_m": 2.95, "from_node": 322, "to_node": 25}, "geometry": {"type": "LineString", "coordinates": [[395990.21, 138929.02], [395993.667, 138924.705], [395994.45, 138922.54]]}}, {"type": "Feature", "properties": {"link_id": 348, "link_type": "sidewalk", "length_m": 5.66, "avg_width_m": 3.15, "min_width_m": 2.94, "from_node": 125, "to_node": 323}, "geometry": {"type": "LineString", "coordinates": [[396079.49, 138967.9], [396081.198, 138971.116], [396082.77, 138972.38]]}}, {"type": "Feature", "properties": {"link_id": 349, "link_type": "sidewalk", "length_m": 0.11, "avg_width_m": 3.47, "min_width_m": 3.34, "from_node": 125, "to_node": 126}, "geometry": {"type": "LineString", "coordinates": [[396079.49, 138967.9], [396079.57, 138967.82]]}}, {"type": "Feature", "properties": {"link_id": 350, "link_type": "crosswalk", "length_m": 0.16, "avg_width_m": 1.72, "min_width_m": 1.58, "from_node": 194, "to_node": 324}, "geometry": {"type": "LineString", "coordinates": [[396099.81, 138971.82], [396099.97, 138971.82]]}}, {"type": "Feature", "properties": {"link_id": 351, "link_type": "crosswalk", "length_m": 0.11, "avg_width_m": 1.79, "min_width_m": 1.67, "from_node": 194, "to_node": 325}, "geometry": {"type": "LineString", "coordinates": [[396099.81, 138971.82], [396099.89, 138971.74]]}}, {"type": "Feature", "properties": {"link_id": 352, "link_type": "pseudo", "length_m": 0.11, "avg_width_m": null, "min_width_m": null, "from_node": 325, "to_node": 324}, "geometry": {"type": "LineString", "coordinates": [[396099.89, 138971.74], [396099.97, 138971.82]]}}, {"type": "Feature", "properties": {"link_id": 353, "link_type": "pseudo", "length_m": 0.11, "avg_width_m": null, "min_width_m": null, "from_node": 195, "to_node": 95}, "geometry": {"type": "LineString", "coordinates": [[396099.57, 138971.66], [396099.49, 138971.74]]}}, {"type": "Feature", "properties": {"link_id": 354, "link_type": "pseudo", "length_m": 0.08, "avg_width_m": null, "min_width_m": null, "from_node": 195, "to_node": 96}, "geometry": {"type": "LineString", "coordinates": [[396099.57, 138971.66], [396099.49, 138971.66]]}}, {"type": "Feature", "properties": {"link_id": 355, "link_type": "sidewalk", "length_m": 58.08, "avg_width_m": 4.69, "min_width_m": 2.13, "from_node": 323, "to_node": 144}, "geometry": {"type": "LineString", "coordinates": [[396082.77, 138972.38], [396089.353, 138986.62], [396091.173, 138991.812], [396095.328, 138997.388], [396098.157, 138999.927], [396099.599, 139004.856], [396101.214, 139007.691], [396101.797, 139012.121], [396105.405, 139016.224], [396106.377, 139020.779], [396107.65, 139023.66]]}}, {"type": "Feature", "properties": {"link_id": 356, "link_type": "sidewalk", "length_m": 3.9, "avg_width_m": 2.37, "min_width_m": 1.87, "from_node": 323, "to_node": 326}, "geometry": {"type": "LineString", "coordinates": [[396082.77, 138972.38], [396084.385, 138971.375], [396086.37, 138971.18]]}}, {"type": "Feature", "properties": {"link_id": 357, "link_type": "sidewalk", "length_m": 15.58, "avg_width_m": 3.53, "min_width_m": 2.79, "from_node": 327, "to_node": 123}, "geometry": {"type": "LineString", "coordinates": [[395998.05, 139043.18], [395995.736, 139045.244], [395992.807, 139053.5], [395992.29, 139057.18]]}}, {"type": "Feature", "properties": {"link_id": 358, "link_type": "sidewalk", "length_m": 0.08, "avg_width_m": 3.68, "min_width_m": 3.63, "from_node": 327, "to_node": 328}, "geometry": {"type": "LineString", "coordinates": [[395998.05, 139043.18], [395998.13, 139043.18]]}}, {"type": "Feature", "properties": {"link_id": 359, "link_type": "sidewalk", "length_m": 0.08, "avg_width_m": 3.71, "min_width_m": 3.68, "from_node": 327, "to_node": 255}, "geometry": {"type": "LineString", "coordinates": [[395998.05, 139043.18], [395998.05, 139043.1]]}}, {"type": "Feature", "properties": {"link_id": 360, "link_type": "sidewalk", "length_m": 18.9, "avg_width_m": 3.16, "min_width_m": 0.51, "from_node": 287, "to_node": 207}, "geometry": {"type": "LineString", "coordinates": [[396108.93, 138978.94], [396108.976, 138981.105], [396110.941, 138984.78], [396112.026, 138990.94], [396113.836, 138993.757], [396116.29, 138995.42]]}}, {"type": "Feature", "properties": {"link_id": 361, "link_type": "sidewalk", "length_m": 11.94, "avg_width_m": 3.74, "min_width_m": 2.84, "from_node": 287, "to_node": 19}, "geometry": {"type": "LineString", "coordinates": [[396108.93, 138978.94], [396115.168, 138980.163], [396119.81, 138983.26]]}}, {"type": "Feature", "properties": {"link_id": 362, "link_type": "sidewalk", "length_m": 24.7, "avg_width_m": 3.95, "min_width_m": 1.48, "from_node": 329, "to_node": 330}, "geometry": {"type": "LineString", "coordinates": [[396068.29, 138957.74], [396058.544, 138954.238], [396051.09, 138950.786], [396045.01, 138949.98]]}}, {"type": "Feature", "properties": {"link_id": 363, "link_type": "sidewalk", "length_m": 0.08, "avg_width_m": 2.66, "min_width_m": 2.6, "from_node": 170, "to_node": 169}, "geometry": {"type": "LineString", "coordinates": [[396003.01, 139030.38], [396003.01, 139030.46]]}}, {"type": "Feature", "properties": {"link_id": 364, "link_type": "sidewalk", "length_m": 1.38, "avg_width_m": 2.52, "min_width_m": 2.41, "from_node": 170, "to_node": 212}, "geometry": {"type": "LineString", "coordinates": [[396003.01, 139030.38], [396002.77, 139029.02]]}}, {"type": "Feature", "properties": {"link_id": 365, "link_type": "pseudo", "length_m": 2.12, "avg_width_m": null, "min_width_m": null, "from_node": 126, "to_node": 331}, "geometry": {"type": "LineString", "coordinates": [[396079.57, 138967.82], [396081.65, 138967.42]]}}, {"type": "Feature", "properties": {"link_id": 366, "link_type": "crosswalk", "length_m": 18.03, "avg_width_m": 3.36, "min_width_m": 1.13, "from_node": 331, "to_node": 94}, "geometry": {"type": "LineString", "coordinates": [[396081.65, 138967.42], [396099.17, 138971.66]]}}, {"type": "Feature", "properties": {"link_id": 367, "link_type": "sidewalk", "length_m": 0.08, "avg_width_m": 8.96, "min_width_m": 8.89, "from_node": 113, "to_node": 119}, "geometry": {"type": "LineString", "coordinates": [[396051.01, 138913.74], [396050.93, 138913.74]]}}, {"type": "Feature", "properties": {"link_id": 368, "link_type": "sidewalk", "length_m": 10.2, "avg_width_m": 1.3, "min_width_m": 0.96, "from_node": 154, "to_node": 332}, "geometry": {"type": "LineString", "coordinates": [[396125.33, 139015.26], [396131.49, 139017.146], [396135.25, 139017.26]]}}, {"type": "Feature", "properties": {"link_id": 369, "link_type": "sidewalk", "length_m": 0.08, "avg_width_m": 4.03, "min_width_m": 3.95, "from_node": 154, "to_node": 141}, "geometry": {"type": "LineString", "coordinates": [[396125.33, 139015.26], [396125.25, 139015.26]]}}, {"type": "Feature", "properties": {"link_id": 370, "link_type": "sidewalk", "length_m": 0.08, "avg_width_m": 0.16, "min_width_m": 0.16, "from_node": 333, "to_node": 334}, "geometry": {"type": "LineString", "coordinates": [[395991.65, 139043.5], [395991.65, 139043.42]]}}, {"type": "Feature", "properties": {"link_id": 371, "link_type": "pseudo", "length_m": 0.58, "avg_width_m": null, "min_width_m": null, "from_node": 334, "to_node": 335}, "geometry": {"type": "LineString", "coordinates": [[395991.65, 139043.42], [395991.49, 139042.86]]}}, {"type": "Feature", "properties": {"link_id": 372, "link_type": "crosswalk", "length_m": 1.79, "avg_width_m": 1.29, "min_width_m": 0.91, "from_node": 335, "to_node": 157}, "geometry": {"type": "LineString", "coordinates": [[395991.49, 139042.86], [395993.25, 139043.18]]}}, {"type": "Feature", "properties": {"link_id": 373, "link_type": "sidewalk", "length_m": 2.12, "avg_width_m": 1.21, "min_width_m": 0.45, "from_node": 336, "to_node": 33}, "geometry": {"type": "LineString", "coordinates": [[396113.49, 139045.82], [396115.57, 139045.42]]}}, {"type": "Feature", "properties": {"link_id": 374, "link_type": "pseudo", "length_m": 0.11, "avg_width_m": null, "min_width_m": null, "from_node": 105, "to_node": 337}, "geometry": {"type": "LineString", "coordinates": [[395988.69, 139025.18], [395988.77, 139025.1]]}}, {"type": "Feature", "properties": {"link_id": 375, "link_type": "sidewalk", "length_m": 2.43, "avg_width_m": 2.08, "min_width_m": 1.93, "from_node": 337, "to_node": 181}, "geometry": {"type": "LineString", "coordinates": [[395988.77, 139025.1], [395991.17, 139024.7]]}}, {"type": "Feature", "properties": {"link_id": 376, "link_type": "pseudo", "length_m": 0.51, "avg_width_m": null, "min_width_m": null, "from_node": 324, "to_node": 338}, "geometry": {"type": "LineString", "coordinates": [[396099.97, 138971.82], [396100.45, 138971.98]]}}, {"type": "Feature", "properties": {"link_id": 377, "link_type": "crosswalk", "length_m": 0.08, "avg_width_m": 0.73, "min_width_m": 0.66, "from_node": 338, "to_node": 339}, "geometry": {"type": "LineString", "coordinates": [[396100.45, 138971.98], [396100.53, 138971.98]]}}, {"type": "Feature", "properties": {"link_id": 378, "link_type": "pseudo", "length_m": 0.18, "avg_width_m": null, "min_width_m": null, "from_node": 339, "to_node": 340}, "geometry": {"type": "LineString", "coordinates": [[396100.53, 138971.98], [396100.69, 138972.06]]}}, {"type": "Feature", "properties": {"link_id": 379, "link_type": "crosswalk", "length_m": 0.16, "avg_width_m": 0.31, "min_width_m": 0.16, "from_node": 340, "to_node": 341}, "geometry": {"type": "LineString", "coordinates": [[396100.69, 138972.06], [396100.85, 138972.06]]}}, {"type": "Feature", "properties": {"link_id": 380, "link_type": "pseudo", "length_m": 0.11, "avg_width_m": null, "min_width_m": null, "from_node": 341, "to_node": 342}, "geometry": {"type": "LineString", "coordinates": [[396100.85, 138972.06], [396100.93, 138972.14]]}}, {"type": "Feature", "properties": {"link_id": 381, "link_type": "crosswalk", "length_m": 0.08, "avg_width_m": null, "min_width_m": null, "from_node": 342, "to_node": 343}, "geometry": {"type": "LineString", "coordinates": [[396100.93, 138972.14], [396101.01, 138972.14]]}}, {"type": "Feature", "properties": {"link_id": 382, "link_type": "sidewalk", "length_m": 0.08, "avg_width_m": 13.04, "min_width_m": 12.96, "from_node": 26, "to_node": 25}, "geometry": {"type": "LineString", "coordinates": [[395994.45, 138922.46], [395994.45, 138922.54]]}}, {"type": "Feature", "properties": {"link_id": 383, "link_type": "sidewalk", "length_m": 24.11, "avg_width_m": 7.15, "min_width_m": 3.04, "from_node": 26, "to_node": 344}, "geometry": {"type": "LineString", "coordinates": [[395994.45, 138922.46], [395991.171, 138920.224], [395983.649, 138913.382], [395974.375, 138909.701]]}}, {"type": "Feature", "properties": {"link_id": 384, "link_type": "midblock", "length_m": 6.63, "avg_width_m": null, "min_width_m": null, "from_node": 344, "to_node": 345}, "geometry": {"type": "LineString", "coordinates": [[395974.375, 138909.701], [395968.218, 138907.257]]}}, {"type": "Feature", "properties": {"link_id": 385, "link_type": "sidewalk", "length_m": 7.18, "avg_width_m": 3.34, "min_width_m": 2.94, "from_node": 345, "to_node": 346}, "geometry": {"type": "LineString", "coordinates": [[395968.218, 138907.257], [395961.541, 138904.607]]}}, {"type": "Feature", "properties": {"link_id": 386, "link_type": "midblock", "length_m": 6.15, "avg_width_m": null, "min_width_m": null, "from_node": 346, "to_node": 347}, "geometry": {"type": "LineString", "coordinates": [[395961.541, 138904.607], [395955.828, 138902.339]]}}, {"type": "Feature", "properties": {"link_id": 387, "link_type": "sidewalk", "length_m": 23.71, "avg_width_m": 2.75, "min_width_m": 0.64, "from_node": 347, "to_node": 348}, "geometry": {"type": "LineString", "coordinates": [[395955.828, 138902.339], [395951.97, 138900.808], [395947.865, 138898.48], [395945.675, 138895.45], [395937.571, 138894.917], [395934.93, 138896.3]]}}, {"type": "Feature", "properties": {"link_id": 388, "link_type": "sidewalk", "length_m": 0.11, "avg_width_m": 0.16, "min_width_m": 0.16, "from_node": 349, "to_node": 350}, "geometry": {"type": "LineString", "coordinates": [[396041.01, 139005.02], [396041.09, 139005.1]]}}, {"type": "Feature", "properties": {"link_id": 389, "link_type": "pseudo", "length_m": 3.02, "avg_width_m": null, "min_width_m": null, "from_node": 350, "to_node": 230}, "geometry": {"type": "LineString", "coordinates": [[396041.09, 139005.1], [396042.93, 139007.5]]}}, {"type": "Feature", "properties": {"link_id": 390, "link_type": "sidewalk", "length_m": 15.84, "avg_width_m": 2.53, "min_width_m": 1.29, "from_node": 92, "to_node": 91}, "geometry": {"type": "LineString", "coordinates": [[395987.33, 139068.78], [395991.789, 139071.969], [395992.599, 139073.174], [395992.679, 139074.235], [395992.327, 139074.591], [395991.686, 139074.728], [395987.971, 139074.413], [395986.516, 139074.007], [395985.33, 139073.18]]}}, {"type": "Feature", "properties": {"link_id": 391, "link_type": "sidewalk", "length_m": 92.5, "avg_width_m": 3.77, "min_width_m": 0.16, "from_node": 165, "to_node": 151}, "geometry": {"type": "LineString", "coordinates": [[396135.89, 138993.18], [396137.898, 138993.483], [396144.21, 138993.651], [396153.89, 138992.81], [396161.89, 138993.011], [396173.25, 138992.47], [396176.437, 138991.744], [396177.801, 138991.031], [396178.823, 138989.572], [396179.663, 138986.86], [396179.902, 138984.78], [396179.627, 138982.787], [396178.668, 138981.44], [396177.246, 138980.782], [396173.97, 138980.518], [396170.45, 138980.552], [396167.89, 138979.843], [396166.61, 138979.732], [396164.69, 138979.84], [396162.13, 138980.391], [396155.81, 138980.231], [396150.93, 138980.63], [396142.85, 138980.685], [396140.803, 138980.41], [396139.33, 138979.66]]}}, {"type": "Feature", "properties": {"link_id": 392, "link_type": "sidewalk", "length_m": 0.11, "avg_width_m": 7.11, "min_width_m": 7.05, "from_node": 165, "to_node": 147}, "geometry": {"type": "LineString", "coordinates": [[396135.89, 138993.18], [396135.81, 138993.1]]}}, {"type": "Feature", "properties": {"link_id": 393, "link_type": "sidewalk", "length_m": 0.8, "avg_width_m": 3.17, "min_width_m": 2.94, "from_node": 240, "to_node": 328}, "geometry": {"type": "LineString", "coordinates": [[395998.93, 139043.18], [395998.13, 139043.18]]}}, {"type": "Feature", "properties": {"link_id": 394, "link_type": "sidewalk", "length_m": 0.11, "avg_width_m": 2.91, "min_width_m": 2.84, "from_node": 240, "to_node": 241}, "geometry": {"type": "LineString", "coordinates": [[395998.93, 139043.18], [395999.01, 139043.1]]}}, {"type": "Feature", "properties": {"link_id": 395, "link_type": "pseudo", "length_m": 0.11, "avg_width_m": null, "min_width_m": null, "from_node": 188, "to_node": 245}, "geometry": {"type": "LineString", "coordinates": [[396107.09, 139070.14], [396107.17, 139070.22]]}}, {"type": "Feature", "properties": {"link_id": 396, "link_type": "sidewalk", "length_m": 21.05, "avg_width_m": 4.42, "min_width_m": 3.08, "from_node": 7, "to_node": 351}, "geometry": {"type": "LineString", "coordinates": [[395964.61, 139091.82], [395963.247, 139093.596], [395960.186, 139100.38], [395958.161, 139109.178], [395956.45, 139110.78]]}}, {"type": "Feature", "properties": {"link_id": 397, "link_type": "sidewalk", "length_m": 0.08, "avg_width_m": 3.11, "min_width_m": 3.07, "from_node": 224, "to_node": 161}, "geometry": {"type": "LineString", "coordinates": [[396088.21, 138943.1], [396088.13, 138943.1]]}}, {"type": "Feature", "properties": {"link_id": 398, "link_type": "sidewalk", "length_m": 6.81, "avg_width_m": 2.87, "min_width_m": 2.4, "from_node": 269, "to_node": 352}, "geometry": {"type": "LineString", "coordinates": [[396172.77, 138878.22], [396177.087, 138878.599], [396179.41, 138877.74]]}}, {"type": "Feature", "properties": {"link_id": 399, "link_type": "sidewalk", "length_m": 0.11, "avg_width_m": 4.31, "min_width_m": 4.31, "from_node": 100, "to_node": 259}, "geometry": {"type": "LineString", "coordinates": [[395943.81, 138882.62], [395943.89, 138882.54]]}}, {"type": "Feature", "properties": {"link_id": 400, "link_type": "pseudo", "length_m": 1.61, "avg_width_m": null, "min_width_m": null, "from_node": 43, "to_node": 353}, "geometry": {"type": "LineString", "coordinates": [[396067.73, 138947.02], [396068.45, 138945.58]]}}, {"type": "Feature", "properties": {"link_id": 401, "link_type": "crosswalk", "length_m": 17.21, "avg_width_m": 3.36, "min_width_m": 2.0, "from_node": 353, "to_node": 354}, "geometry": {"type": "LineString", "coordinates": [[396068.45, 138945.58], [396060.37, 138930.38]]}}, {"type": "Feature", "properties": {"link_id": 402, "link_type": "pseudo", "length_m": 1.25, "avg_width_m": null, "min_width_m": null, "from_node": 354, "to_node": 191}, "geometry": {"type": "LineString", "coordinates": [[396060.37, 138930.38], [396059.25, 138929.82]]}}, {"type": "Feature", "properties": {"link_id": 403, "link_type": "pseudo", "length_m": 0.11, "avg_width_m": null, "min_width_m": null, "from_node": 243, "to_node": 244}, "geometry": {"type": "LineString", "coordinates": [[396160.37, 139082.7], [396160.45, 139082.62]]}}, {"type": "Feature", "properties": {"link_id": 404, "link_type": "sidewalk", "length_m": 17.69, "avg_width_m": 2.72, "min_width_m": 1.92, "from_node": 355, "to_node": 244}, "geometry": {"type": "LineString", "coordinates": [[396178.13, 139082.14], [396160.45, 139082.62]]}}, {"type": "Feature", "properties": {"link_id": 405, "link_type": "sidewalk", "length_m": 4.27, "avg_width_m": 4.13, "min_width_m": 4.0, "from_node": 245, "to_node": 204}, "geometry": {"type": "LineString", "coordinates": [[396107.17, 139070.22], [396107.958, 139071.383], [396110.61, 139072.46]]}}, {"type": "Feature", "properties": {"link_id": 406, "link_type": "sidewalk", "length_m": 15.13, "avg_width_m": 1.77, "min_width_m": 1.29, "from_node": 275, "to_node": 356}, "geometry": {"type": "LineString", "coordinates": [[396119.97, 139090.7], [396121.397, 139094.86], [396127.65, 139103.58]]}}, {"type": "Feature", "properties": {"link_id": 407, "link_type": "sidewalk", "length_m": 0.08, "avg_width_m": 3.76, "min_width_m": 3.68, "from_node": 275, "to_node": 130}, "geometry": {"type": "LineString", "coordinates": [[396119.97, 139090.7], [396119.97, 139090.62]]}}, {"type": "Feature", "properties": {"link_id": 408, "link_type": "crosswalk", "length_m": 0.11, "avg_width_m": 2.94, "min_width_m": 2.83, "from_node": 94, "to_node": 299}, "geometry": {"type": "LineString", "coordinates": [[396099.17, 138971.66], [396099.25, 138971.58]]}}, {"type": "Feature", "properties": {"link_id": 409, "link_type": "sidewalk", "length_m": 0.08, "avg_width_m": 4.62, "min_width_m": 4.58, "from_node": 233, "to_node": 167}, "geometry": {"type": "LineString", "coordinates": [[396164.93, 139096.94], [396164.93, 139097.02]]}}, {"type": "Feature", "properties": {"link_id": 410, "link_type": "sidewalk", "length_m": 73.38, "avg_width_m": 5.31, "min_width_m": 2.72, "from_node": 22, "to_node": 87}, "geometry": {"type": "LineString", "coordinates": [[396123.97, 138966.14], [396125.539, 138965.053], [396129.662, 138959.9], [396130.378, 138952.493], [396132.737, 138949.669], [396133.644, 138945.82], [396135.683, 138942.14], [396139.856, 138926.478], [396142.741, 138921.565], [396145.31, 138910.699], [396148.305, 138905.34], [396149.97, 138899.18]]}}, {"type": "Feature", "properties": {"link_id": 411, "link_type": "pseudo", "length_m": 2.08, "avg_width_m": null, "min_width_m": null, "from_node": 241, "to_node": 357}, "geometry": {"type": "LineString", "coordinates": [[395999.01, 139043.1], [395999.09, 139041.02]]}}, {"type": "Feature", "properties": {"link_id": 412, "link_type": "crosswalk", "length_m": 9.52, "avg_width_m": 4.29, "min_width_m": 2.88, "from_node": 357, "to_node": 358}, "geometry": {"type": "LineString", "coordinates": [[395999.09, 139041.02], [396002.53, 139032.14]]}}, {"type": "Feature", "properties": {"link_id": 413, "link_type": "pseudo", "length_m": 1.75, "avg_width_m": null, "min_width_m": null, "from_node": 358, "to_node": 169}, "geometry": {"type": "LineString", "coordinates": [[396002.53, 139032.14], [396003.01, 139030.46]]}}, {"type": "Feature", "properties": {"link_id": 414, "link_type": "sidewalk", "length_m": 31.77, "avg_width_m": 4.09, "min_width_m": 2.83, "from_node": 260, "to_node": 359}, "geometry": {"type": "LineString", "coordinates": [[395948.53, 138885.02], [395950.64, 138887.216], [395963.908, 138892.823], [395967.023, 138895.058], [395973.639, 138896.001], [395976.995, 138897.798]]}}, {"type": "Feature", "properties": {"link_id": 415, "link_type": "midblock", "length_m": 3.03, "avg_width_m": null, "min_width_m": null, "from_node": 359, "to_node": 360}, "geometry": {"type": "LineString", "coordinates": [[395976.995, 138897.798], [395979.828, 138898.87]]}}, {"type": "Feature", "properties": {"link_id": 416, "link_type": "sidewalk", "length_m": 6.22, "avg_width_m": 3.19, "min_width_m": 2.99, "from_node": 360, "to_node": 361}, "geometry": {"type": "LineString", "coordinates": [[395979.828, 138898.87], [395985.642, 138901.07]]}}, {"type": "Feature", "properties": {"link_id": 417, "link_type": "midblock", "length_m": 4.86, "avg_width_m": null, "min_width_m": null, "from_node": 361, "to_node": 362}, "geometry": {"type": "LineString", "coordinates": [[395985.642, 138901.07], [395989.519, 138902.537], [395990.232, 138902.61]]}}, {"type": "Feature", "properties": {"link_id": 418, "link_type": "sidewalk", "length_m": 18.77, "avg_width_m": 4.65, "min_width_m": 2.44, "from_node": 362, "to_node": 266}, "geometry": {"type": "LineString", "coordinates": [[395990.232, 138902.61], [395994.752, 138903.077], [395999.25, 138905.512], [396005.01, 138906.655], [396007.97, 138907.98]]}}, {"type": "Feature", "properties": {"link_id": 419, "link_type": "sidewalk", "length_m": 7.94, "avg_width_m": 1.69, "min_width_m": 1.37, "from_node": 363, "to_node": 87}, "geometry": {"type": "LineString", "coordinates": [[396144.61, 138901.98], [396145.689, 138899.112], [396146.33, 138898.373], [396147.125, 138898.179], [396148.272, 138898.277], [396149.97, 138899.18]]}}, {"type": "Feature", "properties": {"link_id": 420, "link_type": "sidewalk", "length_m": 14.04, "avg_width_m": 5.09, "min_width_m": 3.16, "from_node": 225, "to_node": 364}, "geometry": {"type": "LineString", "coordinates": [[396060.85, 138881.74], [396059.954, 138880.322], [396057.594, 138878.558], [396055.785, 138876.569], [396053.431, 138873.636], [396052.628, 138872.138], [396052.347, 138870.903]]}}, {"type": "Feature", "properties": {"link_id": 421, "link_type": "midblock", "length_m": 4.35, "avg_width_m": null, "min_width_m": null, "from_node": 364, "to_node": 365}, "geometry": {"type": "LineString", "coordinates": [[396052.347, 138870.903], [396052.102, 138869.823], [396052.309, 138868.461], [396053.355, 138867.533], [396053.812, 138867.419]]}}, {"type": "Feature", "properties": {"link_id": 422, "link_type": "sidewalk", "length_m": 1.65, "avg_width_m": 1.38, "min_width_m": 1.28, "from_node": 365, "to_node": 366}, "geometry": {"type": "LineString", "coordinates": [[396053.812, 138867.419], [396055.41, 138867.02]]}}, {"type": "Feature", "properties": {"link_id": 423, "link_type": "crosswalk", "length_m": 0.08, "avg_width_m": 2.43, "min_width_m": 2.42, "from_node": 95, "to_node": 96}, "geometry": {"type": "LineString", "coordinates": [[396099.49, 138971.74], [396099.49, 138971.66]]}}, {"type": "Feature", "properties": {"link_id": 424, "link_type": "sidewalk", "length_m": 3.15, "avg_width_m": 2.6, "min_width_m": 1.58, "from_node": 250, "to_node": 295}, "geometry": {"type": "LineString", "coordinates": [[396164.93, 138892.06], [396163.09, 138889.5]]}}, {"type": "Feature", "properties": {"link_id": 425, "link_type": "sidewalk", "length_m": 5.95, "avg_width_m": 3.15, "min_width_m": 2.79, "from_node": 108, "to_node": 367}, "geometry": {"type": "LineString", "coordinates": [[396131.73, 138996.3], [396129.258, 139001.715]]}}, {"type": "Feature", "properties": {"link_id": 426, "link_type": "midblock", "length_m": 3.27, "avg_width_m": null, "min_width_m": null, "from_node": 367, "to_node": 368}, "geometry": {"type": "LineString", "coordinates": [[396129.258, 139001.715], [396129.028, 139002.22], [396128.183, 139004.8]]}}, {"type": "Feature", "properties": {"link_id": 427, "link_type": "sidewalk", "length_m": 8.14, "avg_width_m": 3.59, "min_width_m": 3.39, "from_node": 368, "to_node": 174}, "geometry": {"type": "LineString", "coordinates": [[396128.183, 139004.8], [396125.65, 139012.54]]}}, {"type": "Feature", "properties": {"link_id": 428, "link_type": "sidewalk", "length_m": 0.08, "avg_width_m": 4.37, "min_width_m": 4.32, "from_node": 131, "to_node": 56}, "geometry": {"type": "LineString", "coordinates": [[396139.49, 139093.98], [396139.49, 139093.9]]}}, {"type": "Feature", "properties": {"link_id": 429, "link_type": "sidewalk", "length_m": 3.7, "avg_width_m": 0.96, "min_width_m": 0.36, "from_node": 204, "to_node": 72}, "geometry": {"type": "LineString", "coordinates": [[396110.61, 139072.46], [396113.49, 139070.14]]}}, {"type": "Feature", "properties": {"link_id": 430, "link_type": "pseudo", "length_m": 0.25, "avg_width_m": null, "min_width_m": null, "from_node": 96, "to_node": 299}, "geometry": {"type": "LineString", "coordinates": [[396099.49, 138971.66], [396099.25, 138971.58]]}}, {"type": "Feature", "properties": {"link_id": 431, "link_type": "sidewalk", "length_m": 0.11, "avg_width_m": 2.67, "min_width_m": 2.56, "from_node": 212, "to_node": 213}, "geometry": {"type": "LineString", "coordinates": [[396002.77, 139029.02], [396002.69, 139028.94]]}}, {"type": "Feature", "properties": {"link_id": 432, "link_type": "crosswalk", "length_m": 7.87, "avg_width_m": 1.2, "min_width_m": 0.16, "from_node": 229, "to_node": 369}, "geometry": {"type": "LineString", "coordinates": [[396042.85, 139007.58], [396035.89, 139003.9]]}}, {"type": "Feature", "properties": {"link_id": 433, "link_type": "pseudo", "length_m": 3.33, "avg_width_m": null, "min_width_m": null, "from_node": 369, "to_node": 370}, "geometry": {"type": "LineString", "coordinates": [[396035.89, 139003.9], [396037.81, 139001.18]]}}, {"type": "Feature", "properties": {"link_id": 434, "link_type": "crosswalk", "length_m": 0.11, "avg_width_m": null, "min_width_m": null, "from_node": 229, "to_node": 230}, "geometry": {"type": "LineString", "coordinates": [[396042.85, 139007.58], [396042.93, 139007.5]]}}, {"type": "Feature", "properties": {"link_id": 435, "link_type": "sidewalk", "length_m": 0.11, "avg_width_m": 2.41, "min_width_m": 2.33, "from_node": 118, "to_node": 191}, "geometry": {"type": "LineString", "coordinates": [[396059.17, 138929.74], [396059.25, 138929.82]]}}, {"type": "Feature", "properties": {"link_id": 436, "link_type": "sidewalk", "length_m": 0.11, "avg_width_m": 3.66, "min_width_m": 3.63, "from_node": 328, "to_node": 255}, "geometry": {"type": "LineString", "coordinates": [[395998.13, 139043.18], [395998.05, 139043.1]]}}], "crs": {"type": "name", "properties": {"name": "EPSG:26985"}}}