{"type": "FeatureCollection", "features": [{"type": "Feature", "properties": {"node_id": 0, "node_type": "junction", "degree": 3, "link_types": "pseudo"}, "geometry": {"type": "Point", "coordinates": [-71.0721199, 42.4233345]}}, {"type": "Feature", "properties": {"node_id": 1, "node_type": "type_change", "degree": 2, "link_types": "crosswalk+pseudo"}, "geometry": {"type": "Point", "coordinates": [-71.0721345, 42.4233372]}}, {"type": "Feature", "properties": {"node_id": 2, "node_type": "type_change", "degree": 3, "link_types": "crosswalk+sidewalk"}, "geometry": {"type": "Point", "coordinates": [-71.0723391, 42.4233198]}}, {"type": "Feature", "properties": {"node_id": 3, "node_type": "type_change", "degree": 3, "link_types": "pseudo+sidewalk"}, "geometry": {"type": "Point", "coordinates": [-71.0721189, 42.4233346]}}, {"type": "Feature", "properties": {"node_id": 4, "node_type": "type_change", "degree": 3, "link_types": "pseudo+sidewalk"}, "geometry": {"type": "Point", "coordinates": [-71.0721189, 42.4233338]}}, {"type": "Feature", "properties": {"node_id": 5, "node_type": "endpoint", "degree": 1, "link_types": "sidewalk"}, "geometry": {"type": "Point", "coordinates": [-71.0675157, 42.4262065]}}, {"type": "Feature", "properties": {"node_id": 6, "node_type": "junction", "degree": 3, "link_types": "sidewalk"}, "geometry": {"type": "Point", "coordinates": [-71.0675621, 42.4262294]}}, {"type": "Feature", "properties": {"node_id": 7, "node_type": "junction", "degree": 3, "link_types": "pseudo"}, "geometry": {"type": "Point", "coordinates": [-71.069406, 42.4253453]}}, {"type": "Feature", "properties": {"node_id": 8, "node_type": "type_change", "degree": 2, "link_types": "crosswalk+pseudo"}, "geometry": {"type": "Point", "coordinates": [-71.0693769, 42.4253495]}}, {"type": "Feature", "properties": {"node_id": 9, "node_type": "type_change", "degree": 2, "link_types": "crosswalk+pseudo"}, "geometry": {"type": "Point", "coordinates": [-71.0694106, 42.4254288]}}, {"type": "Feature", "properties": {"node_id": 10, "node_type": "type_change", "degree": 3, "link_types": "pseudo+sidewalk"}, "geometry": {"type": "Point", "coordinates": [-71.0694165, 42.4254287]}}, {"type": "Feature", "properties": {"node_id": 11, "node_type": "endpoint", "degree": 1, "link_types": "pseudo"}, "geometry": {"type": "Point", "coordinates": [-71.0694099, 42.425346]}}, {"type": "Feature", "properties": {"node_id": 12, "node_type": "type_change", "degree": 2, "link_types": "crosswalk+pseudo"}, "geometry": {"type": "Point", "coordinates": [-71.0693932, 42.4253412]}}, {"type": "Feature", "properties": {"node_id": 13, "node_type": "type_change", "degree": 2, "link_types": "crosswalk+pseudo"}, "geometry": {"type": "Point", "coordinates": [-71.0693939, 42.4252166]}}, {"type": "Feature", "properties": {"node_id": 14, "node_type": "type_change", "degree": 3, "link_types": "pseudo+sidewalk"}, "geometry": {"type": "Point", "coordinates": [-71.0694071, 42.4252027]}}, {"type": "Feature", "properties": {"node_id": 15, "node_type": "junction", "degree": 3, "link_types": "pseudo"}, "geometry": {"type": "Point", "coordinates": [-71.081039, 42.426961]}}, {"type": "Feature", "properties": {"node_id": 16, "node_type": "type_change", "degree": 3, "link_types": "pseudo+sidewalk"}, "geometry": {"type": "Point", "coordinates": [-71.08104, 42.4269617]}}, {"type": "Feature", "properties": {"node_id": 17, "node_type": "type_change", "degree": 3, "link_types": "pseudo+sidewalk"}, "geometry": {"type": "Point", "coordinates": [-71.08104, 42.4269609]}}, {"type": "Feature", "properties": {"node_id": 18, "node_type": "type_change", "degree": 2, "link_types": "crosswalk+pseudo"}, "geometry": {"type": "Point", "coordinates": [-71.0810292, 42.426959]}}, {"type": "Feature", "properties": {"node_id": 19, "node_type": "type_change", "degree": 2, "link_types": "crosswalk+pseudo"}, "geometry": {"type": "Point", "coordinates": [-71.0810163, 42.4269794]}}, {"type": "Feature", "properties": {"node_id": 20, "node_type": "type_change", "degree": 3, "link_types": "pseudo+sidewalk"}, "geometry": {"type": "Point", "coordinates": [-71.0810204, 42.4269851]}}, {"type": "Feature", "properties": {"node_id": 21, "node_type": "junction", "degree": 3, "link_types": "sidewalk"}, "geometry": {"type": "Point", "coordinates": [-71.0807653, 42.4250957]}}, {"type": "Feature", "properties": {"node_id": 22, "node_type": "endpoint", "degree": 1, "link_types": "sidewalk"}, "geometry": {"type": "Point", "coordinates": [-71.080783, 42.4251299]}}, {"type": "Feature", "properties": {"node_id": 23, "node_type": "type_change", "degree": 2, "link_types": "midblock+sidewalk"}, "geometry": {"type": "Point", "coordinates": [-71.0804989, 42.4251447]}}, {"type": "Feature", "properties": {"node_id": 24, "node_type": "type_change", "degree": 2, "link_types": "midblock+sidewalk"}, "geometry": {"type": "Point", "coordinates": [-71.0804532, 42.4251544]}}, {"type": "Feature", "properties": {"node_id": 25, "node_type": "endpoint", "degree": 1, "link_types": "sidewalk"}, "geometry": {"type": "Point", "coordinates": [-71.0798805, 42.4252753]}}, {"type": "Feature", "properties": {"node_id": 26, "node_type": "type_change", "degree": 2, "link_types": "pseudo+sidewalk"}, "geometry": {"type": "Point", "coordinates": [-71.0807663, 42.4250949]}}, {"type": "Feature", "properties": {"node_id": 27, "node_type": "type_change", "degree": 2, "link_types": "crosswalk+pseudo"}, "geometry": {"type": "Point", "coordinates": [-71.0807738, 42.4250869]}}, {"type": "Feature", "properties": {"node_id": 28, "node_type": "type_change", "degree": 2, "link_types": "crosswalk+pseudo"}, "geometry": {"type": "Point", "coordinates": [-71.0807636, 42.4250431]}}, {"type": "Feature", "properties": {"node_id": 29, "node_type": "type_change", "degree": 2, "link_types": "crosswalk+pseudo"}, "geometry": {"type": "Point", "coordinates": [-71.0807873, 42.4250247]}}, {"type": "Feature", "properties": {"node_id": 30, "node_type": "type_change", "degree": 3, "link_types": "crosswalk+pseudo"}, "geometry": {"type": "Point", "coordinates": [-71.0807281, 42.4250286]}}, {"type": "Feature", "properties": {"node_id": 31, "node_type": "junction", "degree": 3, "link_types": "sidewalk"}, "geometry": {"type": "Point", "coordinates": [-71.0764446, 42.4247353]}}, {"type": "Feature", "properties": {"node_id": 32, "node_type": "type_change", "degree": 2, "link_types": "midblock+sidewalk"}, "geometry": {"type": "Point", "coordinates": [-71.076444, 42.4248118]}}, {"type": "Feature", "properties": {"node_id": 33, "node_type": "endpoint", "degree": 1, "link_types": "midblock"}, "geometry": {"type": "Point", "coordinates": [-71.0764439, 42.4248297]}}, {"type": "Feature", "properties": {"node_id": 34, "node_type": "type_change", "degree": 3, "link_types": "pseudo+sidewalk"}, "geometry": {"type": "Point", "coordinates": [-71.0764456, 42.4247353]}}, {"type": "Feature", "properties": {"node_id": 35, "node_type": "type_change", "degree": 3, "link_types": "pseudo+sidewalk"}, "geometry": {"type": "Point", "coordinates": [-71.0764446, 42.4247346]}}, {"type": "Feature", "properties": {"node_id": 36, "node_type": "endpoint", "degree": 1, "link_types": "sidewalk"}, "geometry": {"type": "Point", "coordinates": [-71.0685819, 42.4196255]}}, {"type": "Feature", "properties": {"node_id": 37, "node_type": "type_change", "degree": 2, "link_types": "midblock+sidewalk"}, "geometry": {"type": "Point", "coordinates": [-71.0685488, 42.4193744]}}, {"type": "Feature", "properties": {"node_id": 38, "node_type": "type_change", "degree": 2, "link_types": "midblock+sidewalk"}, "geometry": {"type": "Point", "coordinates": [-71.0685464, 42.4193436]}}, {"type": "Feature", "properties": {"node_id": 39, "node_type": "type_change", "degree": 2, "link_types": "midblock+sidewalk"}, "geometry": {"type": "Point", "coordinates": [-71.0685324, 42.4192096]}}, {"type": "Feature", "properties": {"node_id": 40, "node_type": "type_change", "degree": 2, "link_types": "midblock+sidewalk"}, "geometry": {"type": "Point", "coordinates": [-71.0685303, 42.4191961]}}, {"type": "Feature", "properties": {"node_id": 41, "node_type": "endpoint", "degree": 1, "link_types": "sidewalk"}, "geometry": {"type": "Point", "coordinates": [-71.0685235, 42.4191525]}}, {"type": "Feature", "properties": {"node_id": 42, "node_type": "endpoint", "degree": 1, "link_types": "sidewalk"}, "geometry": {"type": "Point", "coordinates": [-71.0757441, 42.4194787]}}, {"type": "Feature", "properties": {"node_id": 43, "node_type": "type_change", "degree": 2, "link_types": "midblock+sidewalk"}, "geometry": {"type": "Point", "coordinates": [-71.0757502, 42.4196955]}}, {"type": "Feature", "properties": {"node_id": 44, "node_type": "type_change", "degree": 2, "link_types": "midblock+sidewalk"}, "geometry": {"type": "Point", "coordinates": [-71.0757498, 42.4197135]}}, {"type": "Feature", "properties": {"node_id": 45, "node_type": "type_change", "degree": 2, "link_types": "midblock+sidewalk"}, "geometry": {"type": "Point", "coordinates": [-71.0757383, 42.4198289]}}, {"type": "Feature", "properties": {"node_id": 46, "node_type": "type_change", "degree": 2, "link_types": "midblock+sidewalk"}, "geometry": {"type": "Point", "coordinates": [-71.0757368, 42.4198432]}}, {"type": "Feature", "properties": {"node_id": 47, "node_type": "type_change", "degree": 2, "link_types": "midblock+sidewalk"}, "geometry": {"type": "Point", "coordinates": [-71.0757226, 42.4200379]}}, {"type": "Feature", "properties": {"node_id": 48, "node_type": "endpoint", "degree": 1, "link_types": "midblock"}, "geometry": {"type": "Point", "coordinates": [-71.0757285, 42.4200662]}}, {"type": "Feature", "properties": {"node_id": 49, "node_type": "endpoint", "degree": 1, "link_types": "sidewalk"}, "geometry": {"type": "Point", "coordinates": [-71.0721302, 42.4232652]}}, {"type": "Feature", "properties": {"node_id": 50, "node_type": "endpoint", "degree": 1, "link_types": "sidewalk"}, "geometry": {"type": "Point", "coordinates": [-71.0776054, 42.4251689]}}, {"type": "Feature", "properties": {"node_id": 51, "node_type": "endpoint", "degree": 1, "link_types": "sidewalk"}, "geometry": {"type": "Point", "coordinates": [-71.0781262, 42.4251861]}}, {"type": "Feature", "properties": {"node_id": 52, "node_type": "junction", "degree": 3, "link_types": "pseudo"}, "geometry": {"type": "Point", "coordinates": [-71.070591, 42.4187766]}}, {"type": "Feature", "properties": {"node_id": 53, "node_type": "type_change", "degree": 3, "link_types": "pseudo+sidewalk"}, "geometry": {"type": "Point", "coordinates": [-71.070591, 42.4187773]}}, {"type": "Feature", "properties": {"node_id": 54, "node_type": "type_change", "degree": 3, "link_types": "pseudo+sidewalk"}, "geometry": {"type": "Point", "coordinates": [-71.07059, 42.4187773]}}, {"type": "Feature", "properties": {"node_id": 55, "node_type": "type_change", "degree": 2, "link_types": "crosswalk+pseudo"}, "geometry": {"type": "Point", "coordinates": [-71.0705917, 42.4187687]}}, {"type": "Feature", "properties": {"node_id": 56, "node_type": "endpoint", "degree": 1, "link_types": "crosswalk"}, "geometry": {"type": "Point", "coordinates": [-71.070635, 42.4187542]}}, {"type": "Feature", "properties": {"node_id": 57, "node_type": "endpoint", "degree": 1, "link_types": "sidewalk"}, "geometry": {"type": "Point", "coordinates": [-71.0704233, 42.4168438]}}, {"type": "Feature", "properties": {"node_id": 58, "node_type": "type_change", "degree": 3, "link_types": "pseudo+sidewalk"}, "geometry": {"type": "Point", "coordinates": [-71.0704245, 42.41682]}}, {"type": "Feature", "properties": {"node_id": 59, "node_type": "junction", "degree": 3, "link_types": "sidewalk"}, "geometry": {"type": "Point", "coordinates": [-71.0824848, 42.4224305]}}, {"type": "Feature", "properties": {"node_id": 60, "node_type": "junction", "degree": 3, "link_types": "sidewalk"}, "geometry": {"type": "Point", "coordinates": [-71.0824754, 42.4224408]}}, {"type": "Feature", "properties": {"node_id": 61, "node_type": "junction", "degree": 3, "link_types": "sidewalk"}, "geometry": {"type": "Point", "coordinates": [-71.0832101, 42.4224289]}}, {"type": "Feature", "properties": {"node_id": 62, "node_type": "type_change", "degree": 2, "link_types": "pseudo+sidewalk"}, "geometry": {"type": "Point", "coordinates": [-71.0824838, 42.4224298]}}, {"type": "Feature", "properties": {"node_id": 63, "node_type": "type_change", "degree": 2, "link_types": "crosswalk+pseudo"}, "geometry": {"type": "Point", "coordinates": [-71.0824768, 42.4224242]}}, {"type": "Feature", "properties": {"node_id": 64, "node_type": "type_change", "degree": 2, "link_types": "crosswalk+pseudo"}, "geometry": {"type": "Point", "coordinates": [-71.082474, 42.4223399]}}, {"type": "Feature", "properties": {"node_id": 65, "node_type": "type_change", "degree": 3, "link_types": "pseudo+sidewalk"}, "geometry": {"type": "Point", "coordinates": [-71.0824575, 42.422341]}}, {"type": "Feature", "properties": {"node_id": 66, "node_type": "endpoint", "degree": 1, "link_types": "sidewalk"}, "geometry": {"type": "Point", "coordinates": [-71.0721123, 42.4234283]}}, {"type": "Feature", "properties": {"node_id": 67, "node_type": "type_change", "degree": 3, "link_types": "pseudo+sidewalk"}, "geometry": {"type": "Point", "coordinates": [-71.0721159, 42.4234499]}}, {"type": "Feature", "properties": {"node_id": 68, "node_type": "endpoint", "degree": 1, "link_types": "sidewalk"}, "geometry": {"type": "Point", "coordinates": [-71.0698904, 42.4168405]}}, {"type": "Feature", "properties": {"node_id": 69, "node_type": "type_change", "degree": 2, "link_types": "midblock+sidewalk"}, "geometry": {"type": "Point", "coordinates": [-71.070096, 42.4168303]}}, {"type": "Feature", "properties": {"node_id": 70, "node_type": "type_change", "degree": 2, "link_types": "midblock+sidewalk"}, "geometry": {"type": "Point", "coordinates": [-71.0702276, 42.4168211]}}, {"type": "Feature", "properties": {"node_id": 71, "node_type": "endpoint", "degree": 1, "link_types": "sidewalk"}, "geometry": {"type": "Point", "coordinates": [-71.0764006, 42.4262879]}}, {"type": "Feature", "properties": {"node_id": 72, "node_type": "junction", "degree": 3, "link_types": "sidewalk"}, "geometry": {"type": "Point", "coordinates": [-71.0764212, 42.4262047]}}, {"type": "Feature", "properties": {"node_id": 73, "node_type": "junction", "degree": 3, "link_types": "sidewalk"}, "geometry": {"type": "Point", "coordinates": [-71.0826341, 42.4288779]}}, {"type": "Feature", "properties": {"node_id": 74, "node_type": "type_change", "degree": 3, "link_types": "pseudo+sidewalk"}, "geometry": {"type": "Point", "coordinates": [-71.0826341, 42.4288786]}}, {"type": "Feature", "properties": {"node_id": 75, "node_type": "type_change", "degree": 3, "link_types": "pseudo+sidewalk"}, "geometry": {"type": "Point", "coordinates": [-71.0826351, 42.4288778]}}, {"type": "Feature", "properties": {"node_id": 76, "node_type": "type_change", "degree": 2, "link_types": "midblock+sidewalk"}, "geometry": {"type": "Point", "coordinates": [-71.0822417, 42.4286519]}}, {"type": "Feature", "properties": {"node_id": 77, "node_type": "type_change", "degree": 2, "link_types": "midblock+sidewalk"}, "geometry": {"type": "Point", "coordinates": [-71.0821797, 42.4286379]}}, {"type": "Feature", "properties": {"node_id": 78, "node_type": "type_change", "degree": 2, "link_types": "midblock+sidewalk"}, "geometry": {"type": "Point", "coordinates": [-71.0817943, 42.4286324]}}, {"type": "Feature", "properties": {"node_id": 79, "node_type": "type_change", "degree": 2, "link_types": "midblock+sidewalk"}, "geometry": {"type": "Point", "coordinates": [-71.0817346, 42.4286373]}}, {"type": "Feature", "properties": {"node_id": 80, "node_type": "junction", "degree": 3, "link_types": "sidewalk"}, "geometry": {"type": "Point", "coordinates": [-71.0814845, 42.4286668]}}, {"type": "Feature", "properties": {"node_id": 81, "node_type": "endpoint", "degree": 1, "link_types": "sidewalk"}, "geometry": {"type": "Point", "coordinates": [-71.0677774, 42.4237862]}}, {"type": "Feature", "properties": {"node_id": 82, "node_type": "endpoint", "degree": 1, "link_types": "sidewalk"}, "geometry": {"type": "Point", "coordinates": [-71.0680113, 42.4237113]}}, {"type": "Feature", "properties": {"node_id": 83, "node_type": "endpoint", "degree": 1, "link_types": "sidewalk"}, "geometry": {"type": "Point", "coordinates": [-71.0809739, 42.4186742]}}, {"type": "Feature", "properties": {"node_id": 84, "node_type": "type_change", "degree": 3, "link_types": "pseudo+sidewalk"}, "geometry": {"type": "Point", "coordinates": [-71.08095, 42.4186567]}}, {"type": "Feature", "properties": {"node_id": 85, "node_type": "type_change", "degree": 3, "link_types": "midblock+sidewalk"}, "geometry": {"type": "Point", "coordinates": [-71.0736784, 42.4258646]}}, {"type": "Feature", "properties": {"node_id": 86, "node_type": "type_change", "degree": 3, "link_types": "midblock+sidewalk"}, "geometry": {"type": "Point", "coordinates": [-71.0736784, 42.4258653]}}, {"type": "Feature", "properties": {"node_id": 87, "node_type": "junction", "degree": 3, "link_types": "sidewalk"}, "geometry": {"type": "Point", "coordinates": [-71.0736775, 42.4258653]}}, {"type": "Feature", "properties": {"node_id": 88, "node_type": "type_change", "degree": 2, "link_types": "midblock+sidewalk"}, "geometry": {"type": "Point", "coordinates": [-71.0736774, 42.4258148]}}, {"type": "Feature", "properties": {"node_id": 89, "node_type": "junction", "degree": 3, "link_types": "sidewalk"}, "geometry": {"type": "Point", "coordinates": [-71.0736389, 42.425758]}}, {"type": "Feature", "properties": {"node_id": 90, "node_type": "endpoint", "degree": 1, "link_types": "sidewalk"}, "geometry": {"type": "Point", "coordinates": [-71.0718912, 42.4270799]}}, {"type": "Feature", "properties": {"node_id": 91, "node_type": "junction", "degree": 3, "link_types": "sidewalk"}, "geometry": {"type": "Point", "coordinates": [-71.0719198, 42.4270895]}}, {"type": "Feature", "properties": {"node_id": 92, "node_type": "junction", "degree": 3, "link_types": "sidewalk"}, "geometry": {"type": "Point", "coordinates": [-71.06956, 42.4188262]}}, {"type": "Feature", "properties": {"node_id": 93, "node_type": "endpoint", "degree": 1, "link_types": "sidewalk"}, "geometry": {"type": "Point", "coordinates": [-71.0695497, 42.4188674]}}, {"type": "Feature", "properties": {"node_id": 94, "node_type": "type_change", "degree": 3, "link_types": "pseudo+sidewalk"}, "geometry": {"type": "Point", "coordinates": [-71.0695928, 42.4188191]}}, {"type": "Feature", "properties": {"node_id": 95, "node_type": "type_change", "degree": 2, "link_types": "pseudo+sidewalk"}, "geometry": {"type": "Point", "coordinates": [-71.069559, 42.4188255]}}, {"type": "Feature", "properties": {"node_id": 96, "node_type": "junction", "degree": 3, "link_types": "pseudo"}, "geometry": {"type": "Point", "coordinates": [-71.0695342, 42.4188115]}}, {"type": "Feature", "properties": {"node_id": 97, "node_type": "junction", "degree": 3, "link_types": "sidewalk"}, "geometry": {"type": "Point", "coordinates": [-71.0683363, 42.4181588]}}, {"type": "Feature", "properties": {"node_id": 98, "node_type": "junction", "degree": 3, "link_types": "sidewalk"}, "geometry": {"type": "Point", "coordinates": [-71.0683364, 42.4181617]}}, {"type": "Feature", "properties": {"node_id": 99, "node_type": "junction", "degree": 3, "link_types": "sidewalk"}, "geometry": {"type": "Point", "coordinates": [-71.0683372, 42.4181581]}}, {"type": "Feature", "properties": {"node_id": 100, "node_type": "junction", "degree": 3, "link_types": "sidewalk"}, "geometry": {"type": "Point", "coordinates": [-71.0683362, 42.4181581]}}, {"type": "Feature", "properties": {"node_id": 101, "node_type": "endpoint", "degree": 1, "link_types": "sidewalk"}, "geometry": {"type": "Point", "coordinates": [-71.0749172, 42.4227385]}}, {"type": "Feature", "properties": {"node_id": 102, "node_type": "type_change", "degree": 2, "link_types": "midblock+sidewalk"}, "geometry": {"type": "Point", "coordinates": [-71.0749354, 42.4226499]}}, {"type": "Feature", "properties": {"node_id": 103, "node_type": "type_change", "degree": 2, "link_types": "midblock+sidewalk"}, "geometry": {"type": "Point", "coordinates": [-71.0749433, 42.4226293]}}, {"type": "Feature", "properties": {"node_id": 104, "node_type": "type_change", "degree": 2, "link_types": "pseudo+sidewalk"}, "geometry": {"type": "Point", "coordinates": [-71.0749608, 42.4225267]}}, {"type": "Feature", "properties": {"node_id": 105, "node_type": "type_change", "degree": 2, "link_types": "crosswalk+pseudo"}, "geometry": {"type": "Point", "coordinates": [-71.0749519, 42.4225218]}}, {"type": "Feature", "properties": {"node_id": 106, "node_type": "type_change", "degree": 2, "link_types": "crosswalk+pseudo"}, "geometry": {"type": "Point", "coordinates": [-71.0749911, 42.4225023]}}, {"type": "Feature", "properties": {"node_id": 107, "node_type": "type_change", "degree": 3, "link_types": "pseudo+sidewalk"}, "geometry": {"type": "Point", "coordinates": [-71.0749969, 42.4225008]}}, {"type": "Feature", "properties": {"node_id": 108, "node_type": "junction", "degree": 3, "link_types": "sidewalk"}, "geometry": {"type": "Point", "coordinates": [-71.0752234, 42.4271262]}}, {"type": "Feature", "properties": {"node_id": 109, "node_type": "type_change", "degree": 3, "link_types": "pseudo+sidewalk"}, "geometry": {"type": "Point", "coordinates": [-71.0752234, 42.4271269]}}, {"type": "Feature", "properties": {"node_id": 110, "node_type": "type_change", "degree": 3, "link_types": "pseudo+sidewalk"}, "geometry": {"type": "Point", "coordinates": [-71.0752224, 42.4271262]}}, {"type": "Feature", "properties": {"node_id": 111, "node_type": "junction", "degree": 3, "link_types": "sidewalk"}, "geometry": {"type": "Point", "coordinates": [-71.0753098, 42.4271203]}}, {"type": "Feature", "properties": {"node_id": 112, "node_type": "endpoint", "degree": 1, "link_types": "sidewalk"}, "geometry": {"type": "Point", "coordinates": [-71.070748, 42.4187925]}}, {"type": "Feature", "properties": {"node_id": 113, "node_type": "junction", "degree": 3, "link_types": "sidewalk"}, "geometry": {"type": "Point", "coordinates": [-71.0707617, 42.4188225]}}, {"type": "Feature", "properties": {"node_id": 114, "node_type": "junction", "degree": 3, "link_types": "sidewalk"}, "geometry": {"type": "Point", "coordinates": [-71.0668889, 42.4270478]}}, {"type": "Feature", "properties": {"node_id": 115, "node_type": "type_change", "degree": 3, "link_types": "pseudo+sidewalk"}, "geometry": {"type": "Point", "coordinates": [-71.0669255, 42.4270666]}}, {"type": "Feature", "properties": {"node_id": 116, "node_type": "junction", "degree": 3, "link_types": "sidewalk"}, "geometry": {"type": "Point", "coordinates": [-71.0668879, 42.4270478]}}, {"type": "Feature", "properties": {"node_id": 117, "node_type": "type_change", "degree": 3, "link_types": "pseudo+sidewalk"}, "geometry": {"type": "Point", "coordinates": [-71.0668888, 42.427047]}}, {"type": "Feature", "properties": {"node_id": 118, "node_type": "endpoint", "degree": 1, "link_types": "sidewalk"}, "geometry": {"type": "Point", "coordinates": [-71.0833793, 42.4230742]}}, {"type": "Feature", "properties": {"node_id": 119, "node_type": "endpoint", "degree": 1, "link_types": "sidewalk"}, "geometry": {"type": "Point", "coordinates": [-71.0833665, 42.4226587]}}, {"type": "Feature", "properties": {"node_id": 120, "node_type": "endpoint", "degree": 1, "link_types": "sidewalk"}, "geometry": {"type": "Point", "coordinates": [-71.0820635, 42.4214224]}}, {"type": "Feature", "properties": {"node_id": 121, "node_type": "type_change", "degree": 3, "link_types": "pseudo+sidewalk"}, "geometry": {"type": "Point", "coordinates": [-71.0819479, 42.4211327]}}, {"type": "Feature", "properties": {"node_id": 122, "node_type": "junction", "degree": 3, "link_types": "sidewalk"}, "geometry": {"type": "Point", "coordinates": [-71.080038, 42.428683]}}, {"type": "Feature", "properties": {"node_id": 123, "node_type": "type_change", "degree": 2, "link_types": "pseudo+sidewalk"}, "geometry": {"type": "Point", "coordinates": [-71.080039, 42.4286837]}}, {"type": "Feature", "properties": {"node_id": 124, "node_type": "type_change", "degree": 2, "link_types": "crosswalk+pseudo"}, "geometry": {"type": "Point", "coordinates": [-71.0800549, 42.4286949]}}, {"type": "Feature", "properties": {"node_id": 125, "node_type": "type_change", "degree": 2, "link_types": "crosswalk+pseudo"}, "geometry": {"type": "Point", "coordinates": [-71.0800724, 42.4287846]}}, {"type": "Feature", "properties": {"node_id": 126, "node_type": "junction", "degree": 3, "link_types": "pseudo"}, "geometry": {"type": "Point", "coordinates": [-71.0800642, 42.4287999]}}, {"type": "Feature", "properties": {"node_id": 127, "node_type": "type_change", "degree": 2, "link_types": "midblock+sidewalk"}, "geometry": {"type": "Point", "coordinates": [-71.0798076, 42.4287052]}}, {"type": "Feature", "properties": {"node_id": 128, "node_type": "type_change", "degree": 2, "link_types": "midblock+sidewalk"}, "geometry": {"type": "Point", "coordinates": [-71.0796746, 42.428718]}}, {"type": "Feature", "properties": {"node_id": 129, "node_type": "type_change", "degree": 2, "link_types": "midblock+sidewalk"}, "geometry": {"type": "Point", "coordinates": [-71.0795743, 42.4287277]}}, {"type": "Feature", "properties": {"node_id": 130, "node_type": "type_change", "degree": 2, "link_types": "midblock+sidewalk"}, "geometry": {"type": "Point", "coordinates": [-71.079531, 42.4287318]}}, {"type": "Feature", "properties": {"node_id": 131, "node_type": "type_change", "degree": 2, "link_types": "midblock+sidewalk"}, "geometry": {"type": "Point", "coordinates": [-71.0794529, 42.4287394]}}, {"type": "Feature", "properties": {"node_id": 132, "node_type": "type_change", "degree": 2, "link_types": "midblock+sidewalk"}, "geometry": {"type": "Point", "coordinates": [-71.0792803, 42.428756]}}, {"type": "Feature", "properties": {"node_id": 133, "node_type": "junction", "degree": 3, "link_types": "sidewalk"}, "geometry": {"type": "Point", "coordinates": [-71.0791438, 42.428759]}}, {"type": "Feature", "properties": {"node_id": 134, "node_type": "junction", "degree": 3, "link_types": "sidewalk"}, "geometry": {"type": "Point", "coordinates": [-71.0800436, 42.4286764]}}, {"type": "Feature", "properties": {"node_id": 135, "node_type": "endpoint", "degree": 1, "link_types": "sidewalk"}, "geometry": {"type": "Point", "coordinates": [-71.0762903, 42.426599]}}, {"type": "Feature", "properties": {"node_id": 136, "node_type": "junction", "degree": 3, "link_types": "sidewalk"}, "geometry": {"type": "Point", "coordinates": [-71.0763757, 42.4266241]}}, {"type": "Feature", "properties": {"node_id": 137, "node_type": "junction", "degree": 3, "link_types": "sidewalk"}, "geometry": {"type": "Point", "coordinates": [-71.0684525, 42.4182922]}}, {"type": "Feature", "properties": {"node_id": 138, "node_type": "type_change", "degree": 2, "link_types": "midblock+sidewalk"}, "geometry": {"type": "Point", "coordinates": [-71.0684649, 42.4184608]}}, {"type": "Feature", "properties": {"node_id": 139, "node_type": "type_change", "degree": 2, "link_types": "midblock+sidewalk"}, "geometry": {"type": "Point", "coordinates": [-71.0684722, 42.4185606]}}, {"type": "Feature", "properties": {"node_id": 140, "node_type": "type_change", "degree": 2, "link_types": "midblock+sidewalk"}, "geometry": {"type": "Point", "coordinates": [-71.0684846, 42.4186587]}}, {"type": "Feature", "properties": {"node_id": 141, "node_type": "type_change", "degree": 2, "link_types": "midblock+sidewalk"}, "geometry": {"type": "Point", "coordinates": [-71.0684914, 42.4187111]}}, {"type": "Feature", "properties": {"node_id": 142, "node_type": "endpoint", "degree": 1, "link_types": "sidewalk"}, "geometry": {"type": "Point", "coordinates": [-71.068524, 42.4190776]}}, {"type": "Feature", "properties": {"node_id": 143, "node_type": "type_change", "degree": 2, "link_types": "midblock+sidewalk"}, "geometry": {"type": "Point", "coordinates": [-71.0687025, 42.4182743]}}, {"type": "Feature", "properties": {"node_id": 144, "node_type": "type_change", "degree": 2, "link_types": "midblock+sidewalk"}, "geometry": {"type": "Point", "coordinates": [-71.0687384, 42.4182727]}}, {"type": "Feature", "properties": {"node_id": 145, "node_type": "type_change", "degree": 2, "link_types": "midblock+sidewalk"}, "geometry": {"type": "Point", "coordinates": [-71.0688713, 42.4182667]}}, {"type": "Feature", "properties": {"node_id": 146, "node_type": "type_change", "degree": 2, "link_types": "midblock+sidewalk"}, "geometry": {"type": "Point", "coordinates": [-71.0689236, 42.4182644]}}, {"type": "Feature", "properties": {"node_id": 147, "node_type": "type_change", "degree": 3, "link_types": "pseudo+sidewalk"}, "geometry": {"type": "Point", "coordinates": [-71.0693319, 42.418246]}}, {"type": "Feature", "properties": {"node_id": 148, "node_type": "type_change", "degree": 2, "link_types": "midblock+sidewalk"}, "geometry": {"type": "Point", "coordinates": [-71.06842, 42.4182838]}}, {"type": "Feature", "properties": {"node_id": 149, "node_type": "endpoint", "degree": 1, "link_types": "midblock"}, "geometry": {"type": "Point", "coordinates": [-71.0683958, 42.4182853]}}, {"type": "Feature", "properties": {"node_id": 150, "node_type": "junction", "degree": 3, "link_types": "sidewalk"}, "geometry": {"type": "Point", "coordinates": [-71.0677708, 42.4240003]}}, {"type": "Feature", "properties": {"node_id": 151, "node_type": "type_change", "degree": 2, "link_types": "crosswalk+sidewalk"}, "geometry": {"type": "Point", "coordinates": [-71.0677718, 42.424001]}}, {"type": "Feature", "properties": {"node_id": 152, "node_type": "junction", "degree": 3, "link_types": "crosswalk"}, "geometry": {"type": "Point", "coordinates": [-71.0677738, 42.4240009]}}, {"type": "Feature", "properties": {"node_id": 153, "node_type": "type_change", "degree": 2, "link_types": "crosswalk+sidewalk"}, "geometry": {"type": "Point", "coordinates": [-71.0677699, 42.424001]}}, {"type": "Feature", "properties": {"node_id": 154, "node_type": "type_change", "degree": 2, "link_types": "crosswalk+pseudo"}, "geometry": {"type": "Point", "coordinates": [-71.0676408, 42.4240069]}}, {"type": "Feature", "properties": {"node_id": 155, "node_type": "type_change", "degree": 2, "link_types": "pseudo+sidewalk"}, "geometry": {"type": "Point", "coordinates": [-71.067622, 42.4239986]}}, {"type": "Feature", "properties": {"node_id": 156, "node_type": "type_change", "degree": 3, "link_types": "pseudo+sidewalk"}, "geometry": {"type": "Point", "coordinates": [-71.067577, 42.4239014]}}, {"type": "Feature", "properties": {"node_id": 157, "node_type": "endpoint", "degree": 1, "link_types": "sidewalk"}, "geometry": {"type": "Point", "coordinates": [-71.0677598, 42.4239904]}}, {"type": "Feature", "properties": {"node_id": 158, "node_type": "endpoint", "degree": 1, "link_types": "sidewalk"}, "geometry": {"type": "Point", "coordinates": [-71.0722614, 42.4284874]}}, {"type": "Feature", "properties": {"node_id": 159, "node_type": "type_change", "degree": 2, "link_types": "pseudo+sidewalk"}, "geometry": {"type": "Point", "coordinates": [-71.0722088, 42.4284552]}}, {"type": "Feature", "properties": {"node_id": 160, "node_type": "type_change", "degree": 2, "link_types": "crosswalk+pseudo"}, "geometry": {"type": "Point", "coordinates": [-71.0722005, 42.4284662]}}, {"type": "Feature", "properties": {"node_id": 161, "node_type": "type_change", "degree": 2, "link_types": "crosswalk+pseudo"}, "geometry": {"type": "Point", "coordinates": [-71.0722756, 42.428534]}}, {"type": "Feature", "properties": {"node_id": 162, "node_type": "type_change", "degree": 2, "link_types": "pseudo+sidewalk"}, "geometry": {"type": "Point", "coordinates": [-71.0722797, 42.4285397]}}, {"type": "Feature", "properties": {"node_id": 163, "node_type": "junction", "degree": 3, "link_types": "sidewalk"}, "geometry": {"type": "Point", "coordinates": [-71.0722893, 42.4285366]}}, {"type": "Feature", "properties": {"node_id": 164, "node_type": "endpoint", "degree": 1, "link_types": "sidewalk"}, "geometry": {"type": "Point", "coordinates": [-71.0811216, 42.426958]}}, {"type": "Feature", "properties": {"node_id": 165, "node_type": "type_change", "degree": 2, "link_types": "pseudo+sidewalk"}, "geometry": {"type": "Point", "coordinates": [-71.0811206, 42.4269573]}}, {"type": "Feature", "properties": {"node_id": 166, "node_type": "type_change", "degree": 3, "link_types": "crosswalk+pseudo"}, "geometry": {"type": "Point", "coordinates": [-71.0811097, 42.4269517]}}, {"type": "Feature", "properties": {"node_id": 167, "node_type": "endpoint", "degree": 1, "link_types": "sidewalk"}, "geometry": {"type": "Point", "coordinates": [-71.0794961, 42.4244718]}}, {"type": "Feature", "properties": {"node_id": 168, "node_type": "junction", "degree": 3, "link_types": "sidewalk"}, "geometry": {"type": "Point", "coordinates": [-71.0794818, 42.4244497]}}, {"type": "Feature", "properties": {"node_id": 169, "node_type": "endpoint", "degree": 1, "link_types": "sidewalk"}, "geometry": {"type": "Point", "coordinates": [-71.0835311, 42.4202581]}}, {"type": "Feature", "properties": {"node_id": 170, "node_type": "endpoint", "degree": 1, "link_types": "sidewalk"}, "geometry": {"type": "Point", "coordinates": [-71.0839489, 42.4203968]}}, {"type": "Feature", "properties": {"node_id": 171, "node_type": "junction", "degree": 3, "link_types": "sidewalk"}, "geometry": {"type": "Point", "coordinates": [-71.0825292, 42.4233029]}}, {"type": "Feature", "properties": {"node_id": 172, "node_type": "type_change", "degree": 3, "link_types": "pseudo+sidewalk"}, "geometry": {"type": "Point", "coordinates": [-71.0825293, 42.4233036]}}, {"type": "Feature", "properties": {"node_id": 173, "node_type": "type_change", "degree": 3, "link_types": "pseudo+sidewalk"}, "geometry": {"type": "Point", "coordinates": [-71.0825283, 42.4233036]}}, {"type": "Feature", "properties": {"node_id": 174, "node_type": "type_change", "degree": 2, "link_types": "midblock+sidewalk"}, "geometry": {"type": "Point", "coordinates": [-71.0824902, 42.4230467]}}, {"type": "Feature", "properties": {"node_id": 175, "node_type": "type_change", "degree": 2, "link_types": "midblock+sidewalk"}, "geometry": {"type": "Point", "coordinates": [-71.0824902, 42.4230287]}}, {"type": "Feature", "properties": {"node_id": 176, "node_type": "type_change", "degree": 2, "link_types": "midblock+sidewalk"}, "geometry": {"type": "Point", "coordinates": [-71.0824842, 42.4227969]}}, {"type": "Feature", "properties": {"node_id": 177, "node_type": "type_change", "degree": 2, "link_types": "midblock+sidewalk"}, "geometry": {"type": "Point", "coordinates": [-71.0824853, 42.4227797]}}, {"type": "Feature", "properties": {"node_id": 178, "node_type": "junction", "degree": 3, "link_types": "sidewalk"}, "geometry": {"type": "Point", "coordinates": [-71.0824745, 42.4224415]}}, {"type": "Feature", "properties": {"node_id": 179, "node_type": "endpoint", "degree": 1, "link_types": "sidewalk"}, "geometry": {"type": "Point", "coordinates": [-71.0741367, 42.4178523]}}, {"type": "Feature", "properties": {"node_id": 180, "node_type": "type_change", "degree": 2, "link_types": "midblock+sidewalk"}, "geometry": {"type": "Point", "coordinates": [-71.0739076, 42.4178735]}}, {"type": "Feature", "properties": {"node_id": 181, "node_type": "type_change", "degree": 2, "link_types": "midblock+sidewalk"}, "geometry": {"type": "Point", "coordinates": [-71.0738094, 42.4178827]}}, {"type": "Feature", "properties": {"node_id": 182, "node_type": "endpoint", "degree": 1, "link_types": "sidewalk"}, "geometry": {"type": "Point", "coordinates": [-71.0735507, 42.4179191]}}, {"type": "Feature", "properties": {"node_id": 183, "node_type": "endpoint", "degree": 1, "link_types": "sidewalk"}, "geometry": {"type": "Point", "coordinates": [-71.0717112, 42.4181303]}}, {"type": "Feature", "properties": {"node_id": 184, "node_type": "endpoint", "degree": 1, "link_types": "sidewalk"}, "geometry": {"type": "Point", "coordinates": [-71.0710434, 42.418164]}}, {"type": "Feature", "properties": {"node_id": 185, "node_type": "endpoint", "degree": 1, "link_types": "sidewalk"}, "geometry": {"type": "Point", "coordinates": [-71.0677298, 42.4236674]}}, {"type": "Feature", "properties": {"node_id": 186, "node_type": "junction", "degree": 3, "link_types": "sidewalk"}, "geometry": {"type": "Point", "coordinates": [-71.0675947, 42.4236692]}}, {"type": "Feature", "properties": {"node_id": 187, "node_type": "junction", "degree": 3, "link_types": "sidewalk"}, "geometry": {"type": "Point", "coordinates": [-71.0681022, 42.4289019]}}, {"type": "Feature", "properties": {"node_id": 188, "node_type": "type_change", "degree": 2, "link_types": "pseudo+sidewalk"}, "geometry": {"type": "Point", "coordinates": [-71.0681032, 42.4289026]}}, {"type": "Feature", "properties": {"node_id": 189, "node_type": "type_change", "degree": 2, "link_types": "crosswalk+pseudo"}, "geometry": {"type": "Point", "coordinates": [-71.0681221, 42.4289145]}}, {"type": "Feature", "properties": {"node_id": 190, "node_type": "type_change", "degree": 2, "link_types": "crosswalk+pseudo"}, "geometry": {"type": "Point", "coordinates": [-71.0681087, 42.4289522]}}, {"type": "Feature", "properties": {"node_id": 191, "node_type": "type_change", "degree": 2, "link_types": "pseudo+sidewalk"}, "geometry": {"type": "Point", "coordinates": [-71.0680831, 42.4289707]}}, {"type": "Feature", "properties": {"node_id": 192, "node_type": "endpoint", "degree": 1, "link_types": "sidewalk"}, "geometry": {"type": "Point", "coordinates": [-71.0681475, 42.4291554]}}, {"type": "Feature", "properties": {"node_id": 193, "node_type": "endpoint", "degree": 1, "link_types": "sidewalk"}, "geometry": {"type": "Point", "coordinates": [-71.0681012, 42.4289026]}}, {"type": "Feature", "properties": {"node_id": 194, "node_type": "type_change", "degree": 2, "link_types": "midblock+sidewalk"}, "geometry": {"type": "Point", "coordinates": [-71.0681165, 42.428841]}}, {"type": "Feature", "properties": {"node_id": 195, "node_type": "type_change", "degree": 2, "link_types": "midblock+sidewalk"}, "geometry": {"type": "Point", "coordinates": [-71.0681256, 42.428802]}}, {"type": "Feature", "properties": {"node_id": 196, "node_type": "junction", "degree": 3, "link_types": "sidewalk"}, "geometry": {"type": "Point", "coordinates": [-71.0681722, 42.4287537]}}, {"type": "Feature", "properties": {"node_id": 197, "node_type": "endpoint", "degree": 1, "link_types": "sidewalk"}, "geometry": {"type": "Point", "coordinates": [-71.077107, 42.4225022]}}, {"type": "Feature", "properties": {"node_id": 198, "node_type": "junction", "degree": 3, "link_types": "sidewalk"}, "geometry": {"type": "Point", "coordinates": [-71.0768307, 42.422469]}}, {"type": "Feature", "properties": {"node_id": 199, "node_type": "junction", "degree": 3, "link_types": "pseudo"}, "geometry": {"type": "Point", "coordinates": [-71.0768126, 42.4225385]}}, {"type": "Feature", "properties": {"node_id": 200, "node_type": "type_change", "degree": 3, "link_types": "pseudo+sidewalk"}, "geometry": {"type": "Point", "coordinates": [-71.0768136, 42.4225392]}}, {"type": "Feature", "properties": {"node_id": 201, "node_type": "type_change", "degree": 3, "link_types": "pseudo+sidewalk"}, "geometry": {"type": "Point", "coordinates": [-71.0768136, 42.4225385]}}, {"type": "Feature", "properties": {"node_id": 202, "node_type": "type_change", "degree": 2, "link_types": "crosswalk+pseudo"}, "geometry": {"type": "Point", "coordinates": [-71.0767795, 42.4225362]}}, {"type": "Feature", "properties": {"node_id": 203, "node_type": "type_change", "degree": 2, "link_types": "crosswalk+pseudo"}, "geometry": {"type": "Point", "coordinates": [-71.0767479, 42.4224921]}}, {"type": "Feature", "properties": {"node_id": 204, "node_type": "endpoint", "degree": 1, "link_types": "pseudo"}, "geometry": {"type": "Point", "coordinates": [-71.0767391, 42.4224923]}}, {"type": "Feature", "properties": {"node_id": 205, "node_type": "junction", "degree": 3, "link_types": "sidewalk"}, "geometry": {"type": "Point", "coordinates": [-71.0722398, 42.4176186]}}, {"type": "Feature", "properties": {"node_id": 206, "node_type": "endpoint", "degree": 1, "link_types": "sidewalk"}, "geometry": {"type": "Point", "coordinates": [-71.0722476, 42.4176192]}}, {"type": "Feature", "properties": {"node_id": 207, "node_type": "type_change", "degree": 3, "link_types": "pseudo+sidewalk"}, "geometry": {"type": "Point", "coordinates": [-71.0722388, 42.4176186]}}, {"type": "Feature", "properties": {"node_id": 208, "node_type": "type_change", "degree": 3, "link_types": "pseudo+sidewalk"}, "geometry": {"type": "Point", "coordinates": [-71.0722398, 42.4176179]}}, {"type": "Feature", "properties": {"node_id": 209, "node_type": "endpoint", "degree": 1, "link_types": "crosswalk"}, "geometry": {"type": "Point", "coordinates": [-71.083085, 42.4254908]}}, {"type": "Feature", "properties": {"node_id": 210, "node_type": "endpoint", "degree": 1, "link_types": "crosswalk"}, "geometry": {"type": "Point", "coordinates": [-71.083124, 42.425493]}}, {"type": "Feature", "properties": {"node_id": 211, "node_type": "endpoint", "degree": 1, "link_types": "sidewalk"}, "geometry": {"type": "Point", "coordinates": [-71.0695928, 42.4277136]}}, {"type": "Feature", "properties": {"node_id": 212, "node_type": "endpoint", "degree": 1, "link_types": "sidewalk"}, "geometry": {"type": "Point", "coordinates": [-71.0689333, 42.4277392]}}, {"type": "Feature", "properties": {"node_id": 213, "node_type": "junction", "degree": 3, "link_types": "sidewalk"}, "geometry": {"type": "Point", "coordinates": [-71.0797484, 42.4194846]}}, {"type": "Feature", "properties": {"node_id": 214, "node_type": "type_change", "degree": 3, "link_types": "pseudo+sidewalk"}, "geometry": {"type": "Point", "coordinates": [-71.0797484, 42.4194854]}}, {"type": "Feature", "properties": {"node_id": 215, "node_type": "junction", "degree": 3, "link_types": "sidewalk"}, "geometry": {"type": "Point", "coordinates": [-71.0797474, 42.4194847]}}, {"type": "Feature", "properties": {"node_id": 216, "node_type": "endpoint", "degree": 1, "link_types": "sidewalk"}, "geometry": {"type": "Point", "coordinates": [-71.079766, 42.4193114]}}, {"type": "Feature", "properties": {"node_id": 217, "node_type": "junction", "degree": 3, "link_types": "sidewalk"}, "geometry": {"type": "Point", "coordinates": [-71.073844, 42.4272304]}}, {"type": "Feature", "properties": {"node_id": 218, "node_type": "type_change", "degree": 3, "link_types": "pseudo+sidewalk"}, "geometry": {"type": "Point", "coordinates": [-71.0738149, 42.4272324]}}, {"type": "Feature", "properties": {"node_id": 219, "node_type": "junction", "degree": 3, "link_types": "sidewalk"}, "geometry": {"type": "Point", "coordinates": [-71.073845, 42.4272304]}}, {"type": "Feature", "properties": {"node_id": 220, "node_type": "junction", "degree": 3, "link_types": "sidewalk"}, "geometry": {"type": "Point", "coordinates": [-71.073845, 42.4272297]}}, {"type": "Feature", "properties": {"node_id": 221, "node_type": "endpoint", "degree": 1, "link_types": "sidewalk"}, "geometry": {"type": "Point", "coordinates": [-71.0792949, 42.4218559]}}, {"type": "Feature", "properties": {"node_id": 222, "node_type": "type_change", "degree": 3, "link_types": "pseudo+sidewalk"}, "geometry": {"type": "Point", "coordinates": [-71.0792874, 42.4217775]}}, {"type": "Feature", "properties": {"node_id": 223, "node_type": "endpoint", "degree": 1, "link_types": "crosswalk"}, "geometry": {"type": "Point", "coordinates": [-71.0709214, 42.4240593]}}, {"type": "Feature", "properties": {"node_id": 224, "node_type": "type_change", "degree": 2, "link_types": "crosswalk+pseudo"}, "geometry": {"type": "Point", "coordinates": [-71.0710188, 42.4240043]}}, {"type": "Feature", "properties": {"node_id": 225, "node_type": "type_change", "degree": 3, "link_types": "pseudo+sidewalk"}, "geometry": {"type": "Point", "coordinates": [-71.0710382, 42.4240018]}}, {"type": "Feature", "properties": {"node_id": 226, "node_type": "endpoint", "degree": 1, "link_types": "sidewalk"}, "geometry": {"type": "Point", "coordinates": [-71.0799315, 42.4196996]}}, {"type": "Feature", "properties": {"node_id": 227, "node_type": "type_change", "degree": 2, "link_types": "pseudo+sidewalk"}, "geometry": {"type": "Point", "coordinates": [-71.0799608, 42.4199685]}}, {"type": "Feature", "properties": {"node_id": 228, "node_type": "type_change", "degree": 2, "link_types": "crosswalk+pseudo"}, "geometry": {"type": "Point", "coordinates": [-71.079971, 42.4199827]}}, {"type": "Feature", "properties": {"node_id": 229, "node_type": "type_change", "degree": 3, "link_types": "crosswalk+pseudo"}, "geometry": {"type": "Point", "coordinates": [-71.0799494, 42.420035]}}, {"type": "Feature", "properties": {"node_id": 230, "node_type": "junction", "degree": 3, "link_types": "pseudo"}, "geometry": {"type": "Point", "coordinates": [-71.0672708, 42.4183416]}}, {"type": "Feature", "properties": {"node_id": 231, "node_type": "type_change", "degree": 2, "link_types": "pseudo+sidewalk"}, "geometry": {"type": "Point", "coordinates": [-71.0672718, 42.4183423]}}, {"type": "Feature", "properties": {"node_id": 232, "node_type": "junction", "degree": 3, "link_types": "sidewalk"}, "geometry": {"type": "Point", "coordinates": [-71.067305, 42.4183482]}}, {"type": "Feature", "properties": {"node_id": 233, "node_type": "type_change", "degree": 2, "link_types": "pseudo+sidewalk"}, "geometry": {"type": "Point", "coordinates": [-71.0672698, 42.4183423]}}, {"type": "Feature", "properties": {"node_id": 234, "node_type": "endpoint", "degree": 1, "link_types": "sidewalk"}, "geometry": {"type": "Point", "coordinates": [-71.0671223, 42.4183493]}}, {"type": "Feature", "properties": {"node_id": 235, "node_type": "type_change", "degree": 2, "link_types": "crosswalk+pseudo"}, "geometry": {"type": "Point", "coordinates": [-71.0672704, 42.4183286]}}, {"type": "Feature", "properties": {"node_id": 236, "node_type": "type_change", "degree": 2, "link_types": "crosswalk+pseudo"}, "geometry": {"type": "Point", "coordinates": [-71.0672723, 42.4182407]}}, {"type": "Feature", "properties": {"node_id": 237, "node_type": "type_change", "degree": 3, "link_types": "pseudo+sidewalk"}, "geometry": {"type": "Point", "coordinates": [-71.067272, 42.4182292]}}, {"type": "Feature", "properties": {"node_id": 238, "node_type": "type_change", "degree": 2, "link_types": "pseudo+sidewalk"}, "geometry": {"type": "Point", "coordinates": [-71.0719188, 42.4270902]}}, {"type": "Feature", "properties": {"node_id": 239, "node_type": "type_change", "degree": 2, "link_types": "crosswalk+pseudo"}, "geometry": {"type": "Point", "coordinates": [-71.0719103, 42.427099]}}, {"type": "Feature", "properties": {"node_id": 240, "node_type": "type_change", "degree": 2, "link_types": "crosswalk+pseudo"}, "geometry": {"type": "Point", "coordinates": [-71.0718129, 42.4270943]}}, {"type": "Feature", "properties": {"node_id": 241, "node_type": "junction", "degree": 3, "link_types": "pseudo"}, "geometry": {"type": "Point", "coordinates": [-71.071807, 42.4270922]}}, {"type": "Feature", "properties": {"node_id": 242, "node_type": "endpoint", "degree": 1, "link_types": "sidewalk"}, "geometry": {"type": "Point", "coordinates": [-71.0720243, 42.4271034]}}, {"type": "Feature", "properties": {"node_id": 243, "node_type": "junction", "degree": 3, "link_types": "sidewalk"}, "geometry": {"type": "Point", "coordinates": [-71.070465, 42.4270603]}}, {"type": "Feature", "properties": {"node_id": 244, "node_type": "junction", "degree": 3, "link_types": "sidewalk"}, "geometry": {"type": "Point", "coordinates": [-71.070466, 42.427061]}}, {"type": "Feature", "properties": {"node_id": 245, "node_type": "junction", "degree": 3, "link_types": "sidewalk"}, "geometry": {"type": "Point", "coordinates": [-71.070465, 42.427061]}}, {"type": "Feature", "properties": {"node_id": 246, "node_type": "junction", "degree": 3, "link_types": "sidewalk"}, "geometry": {"type": "Point", "coordinates": [-71.070464, 42.4270315]}}, {"type": "Feature", "properties": {"node_id": 247, "node_type": "junction", "degree": 3, "link_types": "sidewalk"}, "geometry": {"type": "Point", "coordinates": [-71.0799802, 42.4185554]}}, {"type": "Feature", "properties": {"node_id": 248, "node_type": "endpoint", "degree": 1, "link_types": "sidewalk"}, "geometry": {"type": "Point", "coordinates": [-71.0802155, 42.4185554]}}, {"type": "Feature", "properties": {"node_id": 249, "node_type": "type_change", "degree": 2, "link_types": "pseudo+sidewalk"}, "geometry": {"type": "Point", "coordinates": [-71.0799792, 42.4185561]}}, {"type": "Feature", "properties": {"node_id": 250, "node_type": "type_change", "degree": 2, "link_types": "crosswalk+pseudo"}, "geometry": {"type": "Point", "coordinates": [-71.0799745, 42.4185598]}}, {"type": "Feature", "properties": {"node_id": 251, "node_type": "type_change", "degree": 2, "link_types": "crosswalk+pseudo"}, "geometry": {"type": "Point", "coordinates": [-71.0799812, 42.4186461]}}, {"type": "Feature", "properties": {"node_id": 252, "node_type": "junction", "degree": 3, "link_types": "pseudo"}, "geometry": {"type": "Point", "coordinates": [-71.0799815, 42.4186533]}}, {"type": "Feature", "properties": {"node_id": 253, "node_type": "type_change", "degree": 3, "link_types": "pseudo+sidewalk"}, "geometry": {"type": "Point", "coordinates": [-71.0799699, 42.4185095]}}, {"type": "Feature", "properties": {"node_id": 254, "node_type": "junction", "degree": 3, "link_types": "pseudo"}, "geometry": {"type": "Point", "coordinates": [-71.0797895, 42.419494]}}, {"type": "Feature", "properties": {"node_id": 255, "node_type": "type_change", "degree": 2, "link_types": "pseudo+sidewalk"}, "geometry": {"type": "Point", "coordinates": [-71.0797657, 42.4195081]}}, {"type": "Feature", "properties": {"node_id": 256, "node_type": "type_change", "degree": 2, "link_types": "pseudo+sidewalk"}, "geometry": {"type": "Point", "coordinates": [-71.0797647, 42.4195088]}}, {"type": "Feature", "properties": {"node_id": 257, "node_type": "type_change", "degree": 2, "link_types": "crosswalk+pseudo"}, "geometry": {"type": "Point", "coordinates": [-71.0797527, 42.4195263]}}, {"type": "Feature", "properties": {"node_id": 258, "node_type": "type_change", "degree": 2, "link_types": "crosswalk+pseudo"}, "geometry": {"type": "Point", "coordinates": [-71.0798504, 42.4195995]}}, {"type": "Feature", "properties": {"node_id": 259, "node_type": "endpoint", "degree": 1, "link_types": "pseudo"}, "geometry": {"type": "Point", "coordinates": [-71.0798564, 42.4196059]}}, {"type": "Feature", "properties": {"node_id": 260, "node_type": "type_change", "degree": 2, "link_types": "crosswalk+pseudo"}, "geometry": {"type": "Point", "coordinates": [-71.0797905, 42.4194932]}}, {"type": "Feature", "properties": {"node_id": 261, "node_type": "endpoint", "degree": 1, "link_types": "crosswalk"}, "geometry": {"type": "Point", "coordinates": [-71.0797914, 42.4194932]}}, {"type": "Feature", "properties": {"node_id": 262, "node_type": "type_change", "degree": 2, "link_types": "crosswalk+pseudo"}, "geometry": {"type": "Point", "coordinates": [-71.0797885, 42.4194933]}}, {"type": "Feature", "properties": {"node_id": 263, "node_type": "type_change", "degree": 2, "link_types": "crosswalk+pseudo"}, "geometry": {"type": "Point", "coordinates": [-71.0797546, 42.4194961]}}, {"type": "Feature", "properties": {"node_id": 264, "node_type": "junction", "degree": 3, "link_types": "sidewalk"}, "geometry": {"type": "Point", "coordinates": [-71.0749483, 42.4231796]}}, {"type": "Feature", "properties": {"node_id": 265, "node_type": "type_change", "degree": 3, "link_types": "pseudo+sidewalk"}, "geometry": {"type": "Point", "coordinates": [-71.0749483, 42.4231803]}}, {"type": "Feature", "properties": {"node_id": 266, "node_type": "type_change", "degree": 3, "link_types": "pseudo+sidewalk"}, "geometry": {"type": "Point", "coordinates": [-71.0749474, 42.4231803]}}, {"type": "Feature", "properties": {"node_id": 267, "node_type": "endpoint", "degree": 1, "link_types": "sidewalk"}, "geometry": {"type": "Point", "coordinates": [-71.074931, 42.4231554]}}, {"type": "Feature", "properties": {"node_id": 268, "node_type": "endpoint", "degree": 1, "link_types": "sidewalk"}, "geometry": {"type": "Point", "coordinates": [-71.078859, 42.4267325]}}, {"type": "Feature", "properties": {"node_id": 269, "node_type": "junction", "degree": 3, "link_types": "sidewalk"}, "geometry": {"type": "Point", "coordinates": [-71.0788687, 42.4267597]}}, {"type": "Feature", "properties": {"node_id": 270, "node_type": "junction", "degree": 3, "link_types": "midblock"}, "geometry": {"type": "Point", "coordinates": [-71.0800275, 42.4277797]}}, {"type": "Feature", "properties": {"node_id": 271, "node_type": "junction", "degree": 3, "link_types": "midblock"}, "geometry": {"type": "Point", "coordinates": [-71.0800266, 42.4277805]}}, {"type": "Feature", "properties": {"node_id": 272, "node_type": "junction", "degree": 3, "link_types": "midblock"}, "geometry": {"type": "Point", "coordinates": [-71.0800266, 42.4277797]}}, {"type": "Feature", "properties": {"node_id": 273, "node_type": "type_change", "degree": 2, "link_types": "midblock+sidewalk"}, "geometry": {"type": "Point", "coordinates": [-71.0800778, 42.4277698]}}, {"type": "Feature", "properties": {"node_id": 274, "node_type": "endpoint", "degree": 1, "link_types": "sidewalk"}, "geometry": {"type": "Point", "coordinates": [-71.0801164, 42.4277623]}}, {"type": "Feature", "properties": {"node_id": 275, "node_type": "type_change", "degree": 3, "link_types": "midblock+sidewalk"}, "geometry": {"type": "Point", "coordinates": [-71.070649, 42.4272443]}}, {"type": "Feature", "properties": {"node_id": 276, "node_type": "endpoint", "degree": 1, "link_types": "sidewalk"}, "geometry": {"type": "Point", "coordinates": [-71.0706843, 42.4274]}}, {"type": "Feature", "properties": {"node_id": 277, "node_type": "type_change", "degree": 2, "link_types": "midblock+sidewalk"}, "geometry": {"type": "Point", "coordinates": [-71.0705408, 42.4272292]}}, {"type": "Feature", "properties": {"node_id": 278, "node_type": "endpoint", "degree": 1, "link_types": "sidewalk"}, "geometry": {"type": "Point", "coordinates": [-71.0705277, 42.427222]}}, {"type": "Feature", "properties": {"node_id": 279, "node_type": "junction", "degree": 3, "link_types": "sidewalk"}, "geometry": {"type": "Point", "coordinates": [-71.0706741, 42.4271797]}}, {"type": "Feature", "properties": {"node_id": 280, "node_type": "junction", "degree": 3, "link_types": "crosswalk"}, "geometry": {"type": "Point", "coordinates": [-71.069513, 42.4202362]}}, {"type": "Feature", "properties": {"node_id": 281, "node_type": "type_change", "degree": 4, "link_types": "crosswalk+sidewalk"}, "geometry": {"type": "Point", "coordinates": [-71.069522, 42.4202411]}}, {"type": "Feature", "properties": {"node_id": 282, "node_type": "type_change", "degree": 3, "link_types": "crosswalk+pseudo"}, "geometry": {"type": "Point", "coordinates": [-71.0695121, 42.420237]}}, {"type": "Feature", "properties": {"node_id": 283, "node_type": "type_change", "degree": 3, "link_types": "crosswalk+pseudo"}, "geometry": {"type": "Point", "coordinates": [-71.069512, 42.4202355]}}, {"type": "Feature", "properties": {"node_id": 284, "node_type": "junction", "degree": 3, "link_types": "pseudo"}, "geometry": {"type": "Point", "coordinates": [-71.0674988, 42.4240354]}}, {"type": "Feature", "properties": {"node_id": 285, "node_type": "type_change", "degree": 2, "link_types": "pseudo+sidewalk"}, "geometry": {"type": "Point", "coordinates": [-71.0674978, 42.4240362]}}, {"type": "Feature", "properties": {"node_id": 286, "node_type": "endpoint", "degree": 1, "link_types": "sidewalk"}, "geometry": {"type": "Point", "coordinates": [-71.0675387, 42.4241557]}}, {"type": "Feature", "properties": {"node_id": 287, "node_type": "type_change", "degree": 2, "link_types": "crosswalk+pseudo"}, "geometry": {"type": "Point", "coordinates": [-71.067525, 42.4240349]}}, {"type": "Feature", "properties": {"node_id": 288, "node_type": "type_change", "degree": 2, "link_types": "crosswalk+pseudo"}, "geometry": {"type": "Point", "coordinates": [-71.0676297, 42.4240251]}}, {"type": "Feature", "properties": {"node_id": 289, "node_type": "endpoint", "degree": 1, "link_types": "pseudo"}, "geometry": {"type": "Point", "coordinates": [-71.0676582, 42.4240347]}}, {"type": "Feature", "properties": {"node_id": 290, "node_type": "type_change", "degree": 2, "link_types": "pseudo+sidewalk"}, "geometry": {"type": "Point", "coordinates": [-71.0674978, 42.4240347]}}, {"type": "Feature", "properties": {"node_id": 291, "node_type": "endpoint", "degree": 1, "link_types": "sidewalk"}, "geometry": {"type": "Point", "coordinates": [-71.0674966, 42.4240283]}}, {"type": "Feature", "properties": {"node_id": 292, "node_type": "endpoint", "degree": 1, "link_types": "sidewalk"}, "geometry": {"type": "Point", "coordinates": [-71.0799875, 42.4233346]}}, {"type": "Feature", "properties": {"node_id": 293, "node_type": "type_change", "degree": 2, "link_types": "midblock+sidewalk"}, "geometry": {"type": "Point", "coordinates": [-71.0799331, 42.4233408]}}, {"type": "Feature", "properties": {"node_id": 294, "node_type": "type_change", "degree": 2, "link_types": "midblock+sidewalk"}, "geometry": {"type": "Point", "coordinates": [-71.0798876, 42.4233417]}}, {"type": "Feature", "properties": {"node_id": 295, "node_type": "junction", "degree": 3, "link_types": "sidewalk"}, "geometry": {"type": "Point", "coordinates": [-71.0794694, 42.4233404]}}, {"type": "Feature", "properties": {"node_id": 296, "node_type": "junction", "degree": 3, "link_types": "pseudo"}, "geometry": {"type": "Point", "coordinates": [-71.0802673, 42.4216502]}}, {"type": "Feature", "properties": {"node_id": 297, "node_type": "type_change", "degree": 2, "link_types": "pseudo+sidewalk"}, "geometry": {"type": "Point", "coordinates": [-71.0802683, 42.4216509]}}, {"type": "Feature", "properties": {"node_id": 298, "node_type": "type_change", "degree": 3, "link_types": "pseudo+sidewalk"}, "geometry": {"type": "Point", "coordinates": [-71.0803049, 42.4216704]}}, {"type": "Feature", "properties": {"node_id": 299, "node_type": "type_change", "degree": 2, "link_types": "crosswalk+pseudo"}, "geometry": {"type": "Point", "coordinates": [-71.0802449, 42.4216506]}}, {"type": "Feature", "properties": {"node_id": 300, "node_type": "type_change", "degree": 2, "link_types": "crosswalk+pseudo"}, "geometry": {"type": "Point", "coordinates": [-71.0800915, 42.4216585]}}, {"type": "Feature", "properties": {"node_id": 301, "node_type": "junction", "degree": 3, "link_types": "pseudo"}, "geometry": {"type": "Point", "coordinates": [-71.0800749, 42.4216566]}}, {"type": "Feature", "properties": {"node_id": 302, "node_type": "type_change", "degree": 2, "link_types": "pseudo+sidewalk"}, "geometry": {"type": "Point", "coordinates": [-71.0802682, 42.4216495]}}, {"type": "Feature", "properties": {"node_id": 303, "node_type": "type_change", "degree": 3, "link_types": "pseudo+sidewalk"}, "geometry": {"type": "Point", "coordinates": [-71.080164, 42.4211154]}}, {"type": "Feature", "properties": {"node_id": 304, "node_type": "junction", "degree": 3, "link_types": "sidewalk"}, "geometry": {"type": "Point", "coordinates": [-71.0824566, 42.422341]}}, {"type": "Feature", "properties": {"node_id": 305, "node_type": "type_change", "degree": 3, "link_types": "pseudo+sidewalk"}, "geometry": {"type": "Point", "coordinates": [-71.0824566, 42.4223417]}}, {"type": "Feature", "properties": {"node_id": 306, "node_type": "type_change", "degree": 3, "link_types": "pseudo+sidewalk"}, "geometry": {"type": "Point", "coordinates": [-71.0824035, 42.4217663]}}, {"type": "Feature", "properties": {"node_id": 307, "node_type": "junction", "degree": 3, "link_types": "sidewalk"}, "geometry": {"type": "Point", "coordinates": [-71.0736989, 42.4256308]}}, {"type": "Feature", "properties": {"node_id": 308, "node_type": "type_change", "degree": 3, "link_types": "pseudo+sidewalk"}, "geometry": {"type": "Point", "coordinates": [-71.0736999, 42.4256308]}}, {"type": "Feature", "properties": {"node_id": 309, "node_type": "junction", "degree": 3, "link_types": "sidewalk"}, "geometry": {"type": "Point", "coordinates": [-71.073696, 42.4256302]}}, {"type": "Feature", "properties": {"node_id": 310, "node_type": "type_change", "degree": 3, "link_types": "pseudo+sidewalk"}, "geometry": {"type": "Point", "coordinates": [-71.0736998, 42.4256301]}}, {"type": "Feature", "properties": {"node_id": 311, "node_type": "junction", "degree": 3, "link_types": "sidewalk"}, "geometry": {"type": "Point", "coordinates": [-71.074659, 42.4271732]}}, {"type": "Feature", "properties": {"node_id": 312, "node_type": "type_change", "degree": 3, "link_types": "pseudo+sidewalk"}, "geometry": {"type": "Point", "coordinates": [-71.074658, 42.4271739]}}, {"type": "Feature", "properties": {"node_id": 313, "node_type": "endpoint", "degree": 1, "link_types": "sidewalk"}, "geometry": {"type": "Point", "coordinates": [-71.0747791, 42.4271602]}}, {"type": "Feature", "properties": {"node_id": 314, "node_type": "type_change", "degree": 3, "link_types": "pseudo+sidewalk"}, "geometry": {"type": "Point", "coordinates": [-71.074658, 42.4271732]}}, {"type": "Feature", "properties": {"node_id": 315, "node_type": "endpoint", "degree": 1, "link_types": "sidewalk"}, "geometry": {"type": "Point", "coordinates": [-71.0794904, 42.4250043]}}, {"type": "Feature", "properties": {"node_id": 316, "node_type": "type_change", "degree": 2, "link_types": "pseudo+sidewalk"}, "geometry": {"type": "Point", "coordinates": [-71.0794913, 42.4250035]}}, {"type": "Feature", "properties": {"node_id": 317, "node_type": "type_change", "degree": 3, "link_types": "crosswalk+pseudo"}, "geometry": {"type": "Point", "coordinates": [-71.0795065, 42.4249924]}}, {"type": "Feature", "properties": {"node_id": 318, "node_type": "junction", "degree": 3, "link_types": "sidewalk"}, "geometry": {"type": "Point", "coordinates": [-71.0819021, 42.4211004]}}, {"type": "Feature", "properties": {"node_id": 319, "node_type": "junction", "degree": 3, "link_types": "sidewalk"}, "geometry": {"type": "Point", "coordinates": [-71.0819031, 42.4211004]}}, {"type": "Feature", "properties": {"node_id": 320, "node_type": "type_change", "degree": 2, "link_types": "midblock+sidewalk"}, "geometry": {"type": "Point", "coordinates": [-71.0816966, 42.4210947]}}, {"type": "Feature", "properties": {"node_id": 321, "node_type": "type_change", "degree": 2, "link_types": "midblock+sidewalk"}, "geometry": {"type": "Point", "coordinates": [-71.0816491, 42.421096]}}, {"type": "Feature", "properties": {"node_id": 322, "node_type": "type_change", "degree": 2, "link_types": "midblock+sidewalk"}, "geometry": {"type": "Point", "coordinates": [-71.0814771, 42.4211007]}}, {"type": "Feature", "properties": {"node_id": 323, "node_type": "type_change", "degree": 2, "link_types": "midblock+sidewalk"}, "geometry": {"type": "Point", "coordinates": [-71.0814296, 42.421102]}}, {"type": "Feature", "properties": {"node_id": 324, "node_type": "type_change", "degree": 2, "link_types": "midblock+sidewalk"}, "geometry": {"type": "Point", "coordinates": [-71.0813261, 42.4210998]}}, {"type": "Feature", "properties": {"node_id": 325, "node_type": "type_change", "degree": 2, "link_types": "midblock+sidewalk"}, "geometry": {"type": "Point", "coordinates": [-71.0812711, 42.421099]}}, {"type": "Feature", "properties": {"node_id": 326, "node_type": "type_change", "degree": 2, "link_types": "midblock+sidewalk"}, "geometry": {"type": "Point", "coordinates": [-71.0810567, 42.4210992]}}, {"type": "Feature", "properties": {"node_id": 327, "node_type": "type_change", "degree": 2, "link_types": "midblock+sidewalk"}, "geometry": {"type": "Point", "coordinates": [-71.0809634, 42.4211012]}}, {"type": "Feature", "properties": {"node_id": 328, "node_type": "type_change", "degree": 2, "link_types": "midblock+sidewalk"}, "geometry": {"type": "Point", "coordinates": [-71.0808821, 42.4211005]}}, {"type": "Feature", "properties": {"node_id": 329, "node_type": "type_change", "degree": 2, "link_types": "midblock+sidewalk"}, "geometry": {"type": "Point", "coordinates": [-71.0807533, 42.4210996]}}, {"type": "Feature", "properties": {"node_id": 330, "node_type": "type_change", "degree": 2, "link_types": "midblock+sidewalk"}, "geometry": {"type": "Point", "coordinates": [-71.0806083, 42.4210989]}}, {"type": "Feature", "properties": {"node_id": 331, "node_type": "type_change", "degree": 2, "link_types": "midblock+sidewalk"}, "geometry": {"type": "Point", "coordinates": [-71.0805131, 42.4210995]}}, {"type": "Feature", "properties": {"node_id": 332, "node_type": "type_change", "degree": 2, "link_types": "midblock+sidewalk"}, "geometry": {"type": "Point", "coordinates": [-71.0804315, 42.4210967]}}, {"type": "Feature", "properties": {"node_id": 333, "node_type": "type_change", "degree": 2, "link_types": "midblock+sidewalk"}, "geometry": {"type": "Point", "coordinates": [-71.0803631, 42.4210984]}}, {"type": "Feature", "properties": {"node_id": 334, "node_type": "type_change", "degree": 3, "link_types": "pseudo+sidewalk"}, "geometry": {"type": "Point", "coordinates": [-71.0801906, 42.4210976]}}, {"type": "Feature", "properties": {"node_id": 335, "node_type": "type_change", "degree": 3, "link_types": "pseudo+sidewalk"}, "geometry": {"type": "Point", "coordinates": [-71.081903, 42.4210996]}}, {"type": "Feature", "properties": {"node_id": 336, "node_type": "endpoint", "degree": 1, "link_types": "sidewalk"}, "geometry": {"type": "Point", "coordinates": [-71.0735324, 42.4257116]}}, {"type": "Feature", "properties": {"node_id": 337, "node_type": "endpoint", "degree": 1, "link_types": "sidewalk"}, "geometry": {"type": "Point", "coordinates": [-71.0729271, 42.4256109]}}, {"type": "Feature", "properties": {"node_id": 338, "node_type": "endpoint", "degree": 1, "link_types": "sidewalk"}, "geometry": {"type": "Point", "coordinates": [-71.0734961, 42.4254659]}}, {"type": "Feature", "properties": {"node_id": 339, "node_type": "endpoint", "degree": 1, "link_types": "sidewalk"}, "geometry": {"type": "Point", "coordinates": [-71.0726339, 42.4253598]}}, {"type": "Feature", "properties": {"node_id": 340, "node_type": "junction", "degree": 3, "link_types": "sidewalk"}, "geometry": {"type": "Point", "coordinates": [-71.0799855, 42.4275377]}}, {"type": "Feature", "properties": {"node_id": 341, "node_type": "type_change", "degree": 2, "link_types": "midblock+sidewalk"}, "geometry": {"type": "Point", "coordinates": [-71.0800202, 42.4277507]}}, {"type": "Feature", "properties": {"node_id": 342, "node_type": "type_change", "degree": 3, "link_types": "pseudo+sidewalk"}, "geometry": {"type": "Point", "coordinates": [-71.0799855, 42.427537]}}, {"type": "Feature", "properties": {"node_id": 343, "node_type": "type_change", "degree": 3, "link_types": "pseudo+sidewalk"}, "geometry": {"type": "Point", "coordinates": [-71.0799845, 42.427537]}}, {"type": "Feature", "properties": {"node_id": 344, "node_type": "junction", "degree": 3, "link_types": "crosswalk"}, "geometry": {"type": "Point", "coordinates": [-71.0665373, 42.4269424]}}, {"type": "Feature", "properties": {"node_id": 345, "node_type": "type_change", "degree": 3, "link_types": "crosswalk+pseudo"}, "geometry": {"type": "Point", "coordinates": [-71.0665353, 42.4269425]}}, {"type": "Feature", "properties": {"node_id": 346, "node_type": "type_change", "degree": 2, "link_types": "crosswalk+pseudo"}, "geometry": {"type": "Point", "coordinates": [-71.0666408, 42.4269254]}}, {"type": "Feature", "properties": {"node_id": 347, "node_type": "junction", "degree": 3, "link_types": "pseudo"}, "geometry": {"type": "Point", "coordinates": [-71.066648, 42.4269087]}}, {"type": "Feature", "properties": {"node_id": 348, "node_type": "type_change", "degree": 3, "link_types": "crosswalk+pseudo"}, "geometry": {"type": "Point", "coordinates": [-71.0665363, 42.4269417]}}, {"type": "Feature", "properties": {"node_id": 349, "node_type": "endpoint", "degree": 1, "link_types": "sidewalk"}, "geometry": {"type": "Point", "coordinates": [-71.0695509, 42.4187255]}}, {"type": "Feature", "properties": {"node_id": 350, "node_type": "type_change", "degree": 2, "link_types": "midblock+sidewalk"}, "geometry": {"type": "Point", "coordinates": [-71.0695412, 42.4186331]}}, {"type": "Feature", "properties": {"node_id": 351, "node_type": "type_change", "degree": 2, "link_types": "midblock+sidewalk"}, "geometry": {"type": "Point", "coordinates": [-71.0695354, 42.4185779]}}, {"type": "Feature", "properties": {"node_id": 352, "node_type": "endpoint", "degree": 1, "link_types": "sidewalk"}, "geometry": {"type": "Point", "coordinates": [-71.0695191, 42.4184977]}}, {"type": "Feature", "properties": {"node_id": 353, "node_type": "junction", "degree": 3, "link_types": "sidewalk"}, "geometry": {"type": "Point", "coordinates": [-71.0693337, 42.4160249]}}, {"type": "Feature", "properties": {"node_id": 354, "node_type": "type_change", "degree": 3, "link_types": "pseudo+sidewalk"}, "geometry": {"type": "Point", "coordinates": [-71.069326, 42.4160279]}}, {"type": "Feature", "properties": {"node_id": 355, "node_type": "junction", "degree": 3, "link_types": "sidewalk"}, "geometry": {"type": "Point", "coordinates": [-71.0693667, 42.4160243]}}, {"type": "Feature", "properties": {"node_id": 356, "node_type": "type_change", "degree": 2, "link_types": "pseudo+sidewalk"}, "geometry": {"type": "Point", "coordinates": [-71.0693327, 42.4160242]}}, {"type": "Feature", "properties": {"node_id": 357, "node_type": "type_change", "degree": 2, "link_types": "crosswalk+pseudo"}, "geometry": {"type": "Point", "coordinates": [-71.0693296, 42.4160185]}}, {"type": "Feature", "properties": {"node_id": 358, "node_type": "type_change", "degree": 2, "link_types": "crosswalk+pseudo"}, "geometry": {"type": "Point", "coordinates": [-71.0693633, 42.4160107]}}, {"type": "Feature", "properties": {"node_id": 359, "node_type": "type_change", "degree": 3, "link_types": "pseudo+sidewalk"}, "geometry": {"type": "Point", "coordinates": [-71.0693702, 42.4160134]}}, {"type": "Feature", "properties": {"node_id": 360, "node_type": "junction", "degree": 3, "link_types": "sidewalk"}, "geometry": {"type": "Point", "coordinates": [-71.0810646, 42.4271745]}}, {"type": "Feature", "properties": {"node_id": 361, "node_type": "endpoint", "degree": 1, "link_types": "sidewalk"}, "geometry": {"type": "Point", "coordinates": [-71.081153, 42.4274675]}}, {"type": "Feature", "properties": {"node_id": 362, "node_type": "type_change", "degree": 3, "link_types": "pseudo+sidewalk"}, "geometry": {"type": "Point", "coordinates": [-71.0810636, 42.4271745]}}, {"type": "Feature", "properties": {"node_id": 363, "node_type": "type_change", "degree": 3, "link_types": "pseudo+sidewalk"}, "geometry": {"type": "Point", "coordinates": [-71.0810645, 42.4271737]}}, {"type": "Feature", "properties": {"node_id": 364, "node_type": "junction", "degree": 3, "link_types": "crosswalk"}, "geometry": {"type": "Point", "coordinates": [-71.0754016, 42.4218876]}}, {"type": "Feature", "properties": {"node_id": 365, "node_type": "type_change", "degree": 3, "link_types": "crosswalk+pseudo"}, "geometry": {"type": "Point", "coordinates": [-71.0754026, 42.4218876]}}, {"type": "Feature", "properties": {"node_id": 366, "node_type": "type_change", "degree": 3, "link_types": "crosswalk+pseudo"}, "geometry": {"type": "Point", "coordinates": [-71.0754025, 42.4218868]}}, {"type": "Feature", "properties": {"node_id": 367, "node_type": "type_change", "degree": 3, "link_types": "crosswalk+pseudo"}, "geometry": {"type": "Point", "coordinates": [-71.0754006, 42.4218869]}}, {"type": "Feature", "properties": {"node_id": 368, "node_type": "junction", "degree": 3, "link_types": "sidewalk"}, "geometry": {"type": "Point", "coordinates": [-71.0799496, 42.4266299]}}, {"type": "Feature", "properties": {"node_id": 369, "node_type": "type_change", "degree": 3, "link_types": "pseudo+sidewalk"}, "geometry": {"type": "Point", "coordinates": [-71.0799506, 42.4266306]}}, {"type": "Feature", "properties": {"node_id": 370, "node_type": "junction", "degree": 3, "link_types": "sidewalk"}, "geometry": {"type": "Point", "coordinates": [-71.0799506, 42.4266299]}}, {"type": "Feature", "properties": {"node_id": 371, "node_type": "type_change", "degree": 3, "link_types": "pseudo+sidewalk"}, "geometry": {"type": "Point", "coordinates": [-71.0798989, 42.4266243]}}, {"type": "Feature", "properties": {"node_id": 372, "node_type": "junction", "degree": 3, "link_types": "sidewalk"}, "geometry": {"type": "Point", "coordinates": [-71.0675024, 42.4210693]}}, {"type": "Feature", "properties": {"node_id": 373, "node_type": "type_change", "degree": 3, "link_types": "pseudo+sidewalk"}, "geometry": {"type": "Point", "coordinates": [-71.0675034, 42.42107]}}, {"type": "Feature", "properties": {"node_id": 374, "node_type": "type_change", "degree": 3, "link_types": "pseudo+sidewalk"}, "geometry": {"type": "Point", "coordinates": [-71.0675034, 42.4210693]}}, {"type": "Feature", "properties": {"node_id": 375, "node_type": "endpoint", "degree": 1, "link_types": "sidewalk"}, "geometry": {"type": "Point", "coordinates": [-71.0673937, 42.4210756]}}, {"type": "Feature", "properties": {"node_id": 376, "node_type": "endpoint", "degree": 1, "link_types": "sidewalk"}, "geometry": {"type": "Point", "coordinates": [-71.0671386, 42.4228395]}}, {"type": "Feature", "properties": {"node_id": 377, "node_type": "type_change", "degree": 3, "link_types": "pseudo+sidewalk"}, "geometry": {"type": "Point", "coordinates": [-71.0671262, 42.4227893]}}, {"type": "Feature", "properties": {"node_id": 378, "node_type": "endpoint", "degree": 1, "link_types": "sidewalk"}, "geometry": {"type": "Point", "coordinates": [-71.0705865, 42.4168084]}}, {"type": "Feature", "properties": {"node_id": 379, "node_type": "type_change", "degree": 3, "link_types": "pseudo+sidewalk"}, "geometry": {"type": "Point", "coordinates": [-71.0705942, 42.4168054]}}, {"type": "Feature", "properties": {"node_id": 380, "node_type": "endpoint", "degree": 1, "link_types": "crosswalk"}, "geometry": {"type": "Point", "coordinates": [-71.0809803, 42.4266249]}}, {"type": "Feature", "properties": {"node_id": 381, "node_type": "endpoint", "degree": 1, "link_types": "crosswalk"}, "geometry": {"type": "Point", "coordinates": [-71.081005, 42.4266374]}}, {"type": "Feature", "properties": {"node_id": 382, "node_type": "endpoint", "degree": 1, "link_types": "sidewalk"}, "geometry": {"type": "Point", "coordinates": [-71.0696256, 42.4269674]}}, {"type": "Feature", "properties": {"node_id": 383, "node_type": "type_change", "degree": 2, "link_types": "midblock+sidewalk"}, "geometry": {"type": "Point", "coordinates": [-71.069646, 42.4269968]}}, {"type": "Feature", "properties": {"node_id": 384, "node_type": "junction", "degree": 3, "link_types": "midblock"}, "geometry": {"type": "Point", "coordinates": [-71.069652, 42.4270598]}}, {"type": "Feature", "properties": {"node_id": 385, "node_type": "junction", "degree": 3, "link_types": "sidewalk"}, "geometry": {"type": "Point", "coordinates": [-71.0675739, 42.4238957]}}, {"type": "Feature", "properties": {"node_id": 386, "node_type": "type_change", "degree": 3, "link_types": "pseudo+sidewalk"}, "geometry": {"type": "Point", "coordinates": [-71.0675739, 42.4238965]}}, {"type": "Feature", "properties": {"node_id": 387, "node_type": "type_change", "degree": 3, "link_types": "pseudo+sidewalk"}, "geometry": {"type": "Point", "coordinates": [-71.0675749, 42.4238957]}}, {"type": "Feature", "properties": {"node_id": 388, "node_type": "endpoint", "degree": 1, "link_types": "sidewalk"}, "geometry": {"type": "Point", "coordinates": [-71.0675703, 42.4238756]}}, {"type": "Feature", "properties": {"node_id": 389, "node_type": "junction", "degree": 3, "link_types": "sidewalk"}, "geometry": {"type": "Point", "coordinates": [-71.0754622, 42.4216329]}}, {"type": "Feature", "properties": {"node_id": 390, "node_type": "junction", "degree": 3, "link_types": "sidewalk"}, "geometry": {"type": "Point", "coordinates": [-71.0754623, 42.4216336]}}, {"type": "Feature", "properties": {"node_id": 391, "node_type": "type_change", "degree": 3, "link_types": "pseudo+sidewalk"}, "geometry": {"type": "Point", "coordinates": [-71.0754613, 42.4216336]}}, {"type": "Feature", "properties": {"node_id": 392, "node_type": "junction", "degree": 3, "link_types": "sidewalk"}, "geometry": {"type": "Point", "coordinates": [-71.0754491, 42.421618]}}, {"type": "Feature", "properties": {"node_id": 393, "node_type": "junction", "degree": 3, "link_types": "pseudo"}, "geometry": {"type": "Point", "coordinates": [-71.0823274, 42.4225825]}}, {"type": "Feature", "properties": {"node_id": 394, "node_type": "type_change", "degree": 2, "link_types": "crosswalk+pseudo"}, "geometry": {"type": "Point", "coordinates": [-71.0823373, 42.4225866]}}, {"type": "Feature", "properties": {"node_id": 395, "node_type": "type_change", "degree": 2, "link_types": "crosswalk+pseudo"}, "geometry": {"type": "Point", "coordinates": [-71.0823161, 42.42268]}}, {"type": "Feature", "properties": {"node_id": 396, "node_type": "type_change", "degree": 3, "link_types": "pseudo+sidewalk"}, "geometry": {"type": "Point", "coordinates": [-71.0823124, 42.4226851]}}, {"type": "Feature", "properties": {"node_id": 397, "node_type": "type_change", "degree": 3, "link_types": "pseudo+sidewalk"}, "geometry": {"type": "Point", "coordinates": [-71.0823265, 42.4225825]}}, {"type": "Feature", "properties": {"node_id": 398, "node_type": "type_change", "degree": 3, "link_types": "pseudo+sidewalk"}, "geometry": {"type": "Point", "coordinates": [-71.0823264, 42.4225818]}}, {"type": "Feature", "properties": {"node_id": 399, "node_type": "junction", "degree": 3, "link_types": "sidewalk"}, "geometry": {"type": "Point", "coordinates": [-71.0796504, 42.4266663]}}, {"type": "Feature", "properties": {"node_id": 400, "node_type": "type_change", "degree": 3, "link_types": "pseudo+sidewalk"}, "geometry": {"type": "Point", "coordinates": [-71.0796513, 42.426667]}}, {"type": "Feature", "properties": {"node_id": 401, "node_type": "type_change", "degree": 3, "link_types": "pseudo+sidewalk"}, "geometry": {"type": "Point", "coordinates": [-71.0796513, 42.4266663]}}, {"type": "Feature", "properties": {"node_id": 402, "node_type": "type_change", "degree": 2, "link_types": "midblock+sidewalk"}, "geometry": {"type": "Point", "coordinates": [-71.0793688, 42.4267015]}}, {"type": "Feature", "properties": {"node_id": 403, "node_type": "type_change", "degree": 2, "link_types": "midblock+sidewalk"}, "geometry": {"type": "Point", "coordinates": [-71.0793142, 42.426708]}}, {"type": "Feature", "properties": {"node_id": 404, "node_type": "type_change", "degree": 2, "link_types": "midblock+sidewalk"}, "geometry": {"type": "Point", "coordinates": [-71.0792002, 42.4267217]}}, {"type": "Feature", "properties": {"node_id": 405, "node_type": "type_change", "degree": 2, "link_types": "midblock+sidewalk"}, "geometry": {"type": "Point", "coordinates": [-71.0790909, 42.4267348]}}, {"type": "Feature", "properties": {"node_id": 406, "node_type": "junction", "degree": 3, "link_types": "sidewalk"}, "geometry": {"type": "Point", "coordinates": [-71.0789491, 42.4267518]}}, {"type": "Feature", "properties": {"node_id": 407, "node_type": "junction", "degree": 3, "link_types": "crosswalk"}, "geometry": {"type": "Point", "coordinates": [-71.0831028, 42.4255294]}}, {"type": "Feature", "properties": {"node_id": 408, "node_type": "type_change", "degree": 2, "link_types": "crosswalk+pseudo"}, "geometry": {"type": "Point", "coordinates": [-71.0831018, 42.4255301]}}, {"type": "Feature", "properties": {"node_id": 409, "node_type": "type_change", "degree": 3, "link_types": "pseudo+sidewalk"}, "geometry": {"type": "Point", "coordinates": [-71.0830788, 42.4255399]}}, {"type": "Feature", "properties": {"node_id": 410, "node_type": "endpoint", "degree": 1, "link_types": "crosswalk"}, "geometry": {"type": "Point", "coordinates": [-71.0831038, 42.4255294]}}, {"type": "Feature", "properties": {"node_id": 411, "node_type": "type_change", "degree": 2, "link_types": "crosswalk+pseudo"}, "geometry": {"type": "Point", "coordinates": [-71.0830428, 42.4255096]}}, {"type": "Feature", "properties": {"node_id": 412, "node_type": "type_change", "degree": 3, "link_types": "pseudo+sidewalk"}, "geometry": {"type": "Point", "coordinates": [-71.0830434, 42.4255283]}}, {"type": "Feature", "properties": {"node_id": 413, "node_type": "junction", "degree": 3, "link_types": "sidewalk"}, "geometry": {"type": "Point", "coordinates": [-71.0675724, 42.4210688]}}, {"type": "Feature", "properties": {"node_id": 414, "node_type": "type_change", "degree": 2, "link_types": "midblock+sidewalk"}, "geometry": {"type": "Point", "coordinates": [-71.0676759, 42.4210639]}}, {"type": "Feature", "properties": {"node_id": 415, "node_type": "type_change", "degree": 2, "link_types": "midblock+sidewalk"}, "geometry": {"type": "Point", "coordinates": [-71.0677204, 42.4210618]}}, {"type": "Feature", "properties": {"node_id": 416, "node_type": "endpoint", "degree": 1, "link_types": "sidewalk"}, "geometry": {"type": "Point", "coordinates": [-71.0680844, 42.4210271]}}, {"type": "Feature", "properties": {"node_id": 417, "node_type": "junction", "degree": 3, "link_types": "sidewalk"}, "geometry": {"type": "Point", "coordinates": [-71.0675714, 42.4210688]}}, {"type": "Feature", "properties": {"node_id": 418, "node_type": "type_change", "degree": 3, "link_types": "pseudo+sidewalk"}, "geometry": {"type": "Point", "coordinates": [-71.0675724, 42.4210681]}}, {"type": "Feature", "properties": {"node_id": 419, "node_type": "endpoint", "degree": 1, "link_types": "crosswalk"}, "geometry": {"type": "Point", "coordinates": [-71.0777166, 42.4159063]}}, {"type": "Feature", "properties": {"node_id": 420, "node_type": "type_change", "degree": 2, "link_types": "crosswalk+pseudo"}, "geometry": {"type": "Point", "coordinates": [-71.0776597, 42.4159773]}}, {"type": "Feature", "properties": {"node_id": 421, "node_type": "endpoint", "degree": 1, "link_types": "pseudo"}, "geometry": {"type": "Point", "coordinates": [-71.0776359, 42.4159633]}}, {"type": "Feature", "properties": {"node_id": 422, "node_type": "endpoint", "degree": 1, "link_types": "sidewalk"}, "geometry": {"type": "Point", "coordinates": [-71.0827002, 42.427175]}}, {"type": "Feature", "properties": {"node_id": 423, "node_type": "type_change", "degree": 2, "link_types": "pseudo+sidewalk"}, "geometry": {"type": "Point", "coordinates": [-71.0828033, 42.4273784]}}, {"type": "Feature", "properties": {"node_id": 424, "node_type": "type_change", "degree": 2, "link_types": "crosswalk+pseudo"}, "geometry": {"type": "Point", "coordinates": [-71.0828036, 42.4273885]}}, {"type": "Feature", "properties": {"node_id": 425, "node_type": "type_change", "degree": 2, "link_types": "crosswalk+pseudo"}, "geometry": {"type": "Point", "coordinates": [-71.0828315, 42.4274399]}}, {"type": "Feature", "properties": {"node_id": 426, "node_type": "type_change", "degree": 3, "link_types": "pseudo+sidewalk"}, "geometry": {"type": "Point", "coordinates": [-71.0828318, 42.4274471]}}, {"type": "Feature", "properties": {"node_id": 427, "node_type": "type_change", "degree": 2, "link_types": "crosswalk+pseudo"}, "geometry": {"type": "Point", "coordinates": [-71.0695352, 42.4188108]}}, {"type": "Feature", "properties": {"node_id": 428, "node_type": "type_change", "degree": 2, "link_types": "crosswalk+pseudo"}, "geometry": {"type": "Point", "coordinates": [-71.0695925, 42.418809]}}, {"type": "Feature", "properties": {"node_id": 429, "node_type": "endpoint", "degree": 1, "link_types": "pseudo"}, "geometry": {"type": "Point", "coordinates": [-71.0695332, 42.4188108]}}, {"type": "Feature", "properties": {"node_id": 430, "node_type": "endpoint", "degree": 1, "link_types": "sidewalk"}, "geometry": {"type": "Point", "coordinates": [-71.0763371, 42.4272228]}}, {"type": "Feature", "properties": {"node_id": 431, "node_type": "junction", "degree": 3, "link_types": "sidewalk"}, "geometry": {"type": "Point", "coordinates": [-71.0763144, 42.4272116]}}, {"type": "Feature", "properties": {"node_id": 432, "node_type": "endpoint", "degree": 1, "link_types": "sidewalk"}, "geometry": {"type": "Point", "coordinates": [-71.0670046, 42.4266033]}}, {"type": "Feature", "properties": {"node_id": 433, "node_type": "type_change", "degree": 2, "link_types": "midblock+sidewalk"}, "geometry": {"type": "Point", "coordinates": [-71.067038, 42.4265113]}}, {"type": "Feature", "properties": {"node_id": 434, "node_type": "junction", "degree": 3, "link_types": "midblock"}, "geometry": {"type": "Point", "coordinates": [-71.0670483, 42.4264829]}}, {"type": "Feature", "properties": {"node_id": 435, "node_type": "endpoint", "degree": 1, "link_types": "sidewalk"}, "geometry": {"type": "Point", "coordinates": [-71.0787091, 42.4233449]}}, {"type": "Feature", "properties": {"node_id": 436, "node_type": "type_change", "degree": 2, "link_types": "midblock+sidewalk"}, "geometry": {"type": "Point", "coordinates": [-71.0787644, 42.4233445]}}, {"type": "Feature", "properties": {"node_id": 437, "node_type": "type_change", "degree": 2, "link_types": "midblock+sidewalk"}, "geometry": {"type": "Point", "coordinates": [-71.0787916, 42.4233443]}}, {"type": "Feature", "properties": {"node_id": 438, "node_type": "type_change", "degree": 2, "link_types": "midblock+sidewalk"}, "geometry": {"type": "Point", "coordinates": [-71.0790585, 42.4233422]}}, {"type": "Feature", "properties": {"node_id": 439, "node_type": "type_change", "degree": 2, "link_types": "midblock+sidewalk"}, "geometry": {"type": "Point", "coordinates": [-71.0791371, 42.4233417]}}, {"type": "Feature", "properties": {"node_id": 440, "node_type": "type_change", "degree": 3, "link_types": "pseudo+sidewalk"}, "geometry": {"type": "Point", "coordinates": [-71.0792506, 42.4233408]}}, {"type": "Feature", "properties": {"node_id": 441, "node_type": "endpoint", "degree": 1, "link_types": "sidewalk"}, "geometry": {"type": "Point", "coordinates": [-71.0689544, 42.4286156]}}, {"type": "Feature", "properties": {"node_id": 442, "node_type": "type_change", "degree": 3, "link_types": "pseudo+sidewalk"}, "geometry": {"type": "Point", "coordinates": [-71.0689092, 42.4286316]}}, {"type": "Feature", "properties": {"node_id": 443, "node_type": "junction", "degree": 3, "link_types": "pseudo"}, "geometry": {"type": "Point", "coordinates": [-71.0809525, 42.4249626]}}, {"type": "Feature", "properties": {"node_id": 444, "node_type": "type_change", "degree": 2, "link_types": "crosswalk+pseudo"}, "geometry": {"type": "Point", "coordinates": [-71.0809527, 42.4249691]}}, {"type": "Feature", "properties": {"node_id": 445, "node_type": "type_change", "degree": 3, "link_types": "crosswalk+sidewalk"}, "geometry": {"type": "Point", "coordinates": [-71.0809597, 42.4250619]}}, {"type": "Feature", "properties": {"node_id": 446, "node_type": "type_change", "degree": 2, "link_types": "pseudo+sidewalk"}, "geometry": {"type": "Point", "coordinates": [-71.0809534, 42.4249619]}}, {"type": "Feature", "properties": {"node_id": 447, "node_type": "junction", "degree": 3, "link_types": "sidewalk"}, "geometry": {"type": "Point", "coordinates": [-71.0810453, 42.4249465]}}, {"type": "Feature", "properties": {"node_id": 448, "node_type": "type_change", "degree": 2, "link_types": "pseudo+sidewalk"}, "geometry": {"type": "Point", "coordinates": [-71.0809515, 42.4249619]}}, {"type": "Feature", "properties": {"node_id": 449, "node_type": "endpoint", "degree": 1, "link_types": "sidewalk"}, "geometry": {"type": "Point", "coordinates": [-71.0809434, 42.4249534]}}, {"type": "Feature", "properties": {"node_id": 450, "node_type": "endpoint", "degree": 1, "link_types": "crosswalk"}, "geometry": {"type": "Point", "coordinates": [-71.0798812, 42.4185903]}}, {"type": "Feature", "properties": {"node_id": 451, "node_type": "endpoint", "degree": 1, "link_types": "crosswalk"}, "geometry": {"type": "Point", "coordinates": [-71.0798489, 42.4186154]}}, {"type": "Feature", "properties": {"node_id": 452, "node_type": "endpoint", "degree": 1, "link_types": "sidewalk"}, "geometry": {"type": "Point", "coordinates": [-71.0847909, 42.4277573]}}, {"type": "Feature", "properties": {"node_id": 453, "node_type": "type_change", "degree": 2, "link_types": "midblock+sidewalk"}, "geometry": {"type": "Point", "coordinates": [-71.0840309, 42.4281586]}}, {"type": "Feature", "properties": {"node_id": 454, "node_type": "type_change", "degree": 2, "link_types": "midblock+sidewalk"}, "geometry": {"type": "Point", "coordinates": [-71.0839648, 42.4281858]}}, {"type": "Feature", "properties": {"node_id": 455, "node_type": "endpoint", "degree": 1, "link_types": "sidewalk"}, "geometry": {"type": "Point", "coordinates": [-71.0829557, 42.4288972]}}, {"type": "Feature", "properties": {"node_id": 456, "node_type": "junction", "degree": 4, "link_types": "pseudo"}, "geometry": {"type": "Point", "coordinates": [-71.0675459, 42.4257053]}}, {"type": "Feature", "properties": {"node_id": 457, "node_type": "junction", "degree": 3, "link_types": "pseudo"}, "geometry": {"type": "Point", "coordinates": [-71.0675459, 42.425706]}}, {"type": "Feature", "properties": {"node_id": 458, "node_type": "junction", "degree": 4, "link_types": "pseudo"}, "geometry": {"type": "Point", "coordinates": [-71.0675468, 42.4257052]}}, {"type": "Feature", "properties": {"node_id": 459, "node_type": "junction", "degree": 3, "link_types": "pseudo"}, "geometry": {"type": "Point", "coordinates": [-71.0675468, 42.4257045]}}, {"type": "Feature", "properties": {"node_id": 460, "node_type": "type_change", "degree": 3, "link_types": "crosswalk+pseudo"}, "geometry": {"type": "Point", "coordinates": [-71.0675316, 42.4256854]}}, {"type": "Feature", "properties": {"node_id": 461, "node_type": "endpoint", "degree": 1, "link_types": "sidewalk"}, "geometry": {"type": "Point", "coordinates": [-71.080588, 42.4177375]}}, {"type": "Feature", "properties": {"node_id": 462, "node_type": "junction", "degree": 3, "link_types": "sidewalk"}, "geometry": {"type": "Point", "coordinates": [-71.0805719, 42.4177183]}}, {"type": "Feature", "properties": {"node_id": 463, "node_type": "junction", "degree": 3, "link_types": "sidewalk"}, "geometry": {"type": "Point", "coordinates": [-71.0706145, 42.416684]}}, {"type": "Feature", "properties": {"node_id": 464, "node_type": "type_change", "degree": 3, "link_types": "pseudo+sidewalk"}, "geometry": {"type": "Point", "coordinates": [-71.0706145, 42.4166847]}}, {"type": "Feature", "properties": {"node_id": 465, "node_type": "type_change", "degree": 3, "link_types": "pseudo+sidewalk"}, "geometry": {"type": "Point", "coordinates": [-71.0706135, 42.4166848]}}, {"type": "Feature", "properties": {"node_id": 466, "node_type": "endpoint", "degree": 1, "link_types": "sidewalk"}, "geometry": {"type": "Point", "coordinates": [-71.07061, 42.416607]}}, {"type": "Feature", "properties": {"node_id": 467, "node_type": "endpoint", "degree": 1, "link_types": "sidewalk"}, "geometry": {"type": "Point", "coordinates": [-71.0705884, 42.4268801]}}, {"type": "Feature", "properties": {"node_id": 468, "node_type": "junction", "degree": 3, "link_types": "sidewalk"}, "geometry": {"type": "Point", "coordinates": [-71.0706134, 42.4265461]}}, {"type": "Feature", "properties": {"node_id": 469, "node_type": "endpoint", "degree": 1, "link_types": "sidewalk"}, "geometry": {"type": "Point", "coordinates": [-71.0701042, 42.428981]}}, {"type": "Feature", "properties": {"node_id": 470, "node_type": "type_change", "degree": 2, "link_types": "midblock+sidewalk"}, "geometry": {"type": "Point", "coordinates": [-71.0700888, 42.4289282]}}, {"type": "Feature", "properties": {"node_id": 471, "node_type": "type_change", "degree": 2, "link_types": "midblock+sidewalk"}, "geometry": {"type": "Point", "coordinates": [-71.0700756, 42.4288832]}}, {"type": "Feature", "properties": {"node_id": 472, "node_type": "junction", "degree": 3, "link_types": "sidewalk"}, "geometry": {"type": "Point", "coordinates": [-71.070024, 42.4287908]}}, {"type": "Feature", "properties": {"node_id": 473, "node_type": "junction", "degree": 3, "link_types": "crosswalk"}, "geometry": {"type": "Point", "coordinates": [-71.0686997, 42.4262233]}}, {"type": "Feature", "properties": {"node_id": 474, "node_type": "type_change", "degree": 3, "link_types": "crosswalk+pseudo"}, "geometry": {"type": "Point", "coordinates": [-71.0687085, 42.426226]}}, {"type": "Feature", "properties": {"node_id": 475, "node_type": "type_change", "degree": 3, "link_types": "crosswalk+sidewalk"}, "geometry": {"type": "Point", "coordinates": [-71.0686977, 42.4262234]}}, {"type": "Feature", "properties": {"node_id": 476, "node_type": "type_change", "degree": 2, "link_types": "crosswalk+sidewalk"}, "geometry": {"type": "Point", "coordinates": [-71.0687006, 42.4262226]}}, {"type": "Feature", "properties": {"node_id": 477, "node_type": "type_change", "degree": 3, "link_types": "pseudo+sidewalk"}, "geometry": {"type": "Point", "coordinates": [-71.0687074, 42.426221]}}, {"type": "Feature", "properties": {"node_id": 478, "node_type": "junction", "degree": 3, "link_types": "sidewalk"}, "geometry": {"type": "Point", "coordinates": [-71.0722335, 42.4174876]}}, {"type": "Feature", "properties": {"node_id": 479, "node_type": "junction", "degree": 3, "link_types": "sidewalk"}, "geometry": {"type": "Point", "coordinates": [-71.0722326, 42.4174883]}}, {"type": "Feature", "properties": {"node_id": 480, "node_type": "junction", "degree": 3, "link_types": "sidewalk"}, "geometry": {"type": "Point", "coordinates": [-71.0722326, 42.4174876]}}, {"type": "Feature", "properties": {"node_id": 481, "node_type": "endpoint", "degree": 1, "link_types": "sidewalk"}, "geometry": {"type": "Point", "coordinates": [-71.0725955, 42.4174659]}}, {"type": "Feature", "properties": {"node_id": 482, "node_type": "endpoint", "degree": 1, "link_types": "sidewalk"}, "geometry": {"type": "Point", "coordinates": [-71.0799822, 42.4178817]}}, {"type": "Feature", "properties": {"node_id": 483, "node_type": "type_change", "degree": 3, "link_types": "pseudo+sidewalk"}, "geometry": {"type": "Point", "coordinates": [-71.0800008, 42.417738]}}, {"type": "Feature", "properties": {"node_id": 484, "node_type": "junction", "degree": 3, "link_types": "pseudo"}, "geometry": {"type": "Point", "coordinates": [-71.0820384, 42.4209589]}}, {"type": "Feature", "properties": {"node_id": 485, "node_type": "type_change", "degree": 3, "link_types": "pseudo+sidewalk"}, "geometry": {"type": "Point", "coordinates": [-71.0820394, 42.4209588]}}, {"type": "Feature", "properties": {"node_id": 486, "node_type": "type_change", "degree": 3, "link_types": "crosswalk+pseudo"}, "geometry": {"type": "Point", "coordinates": [-71.0819988, 42.4209661]}}, {"type": "Feature", "properties": {"node_id": 487, "node_type": "type_change", "degree": 3, "link_types": "pseudo+sidewalk"}, "geometry": {"type": "Point", "coordinates": [-71.0820393, 42.4209581]}}, {"type": "Feature", "properties": {"node_id": 488, "node_type": "junction", "degree": 3, "link_types": "pseudo"}, "geometry": {"type": "Point", "coordinates": [-71.0803049, 42.4216711]}}, {"type": "Feature", "properties": {"node_id": 489, "node_type": "type_change", "degree": 2, "link_types": "crosswalk+pseudo"}, "geometry": {"type": "Point", "coordinates": [-71.0803023, 42.4216806]}}, {"type": "Feature", "properties": {"node_id": 490, "node_type": "type_change", "degree": 2, "link_types": "crosswalk+pseudo"}, "geometry": {"type": "Point", "coordinates": [-71.080327, 42.4217507]}}, {"type": "Feature", "properties": {"node_id": 491, "node_type": "type_change", "degree": 3, "link_types": "pseudo+sidewalk"}, "geometry": {"type": "Point", "coordinates": [-71.0803271, 42.4217558]}}, {"type": "Feature", "properties": {"node_id": 492, "node_type": "type_change", "degree": 3, "link_types": "pseudo+sidewalk"}, "geometry": {"type": "Point", "coordinates": [-71.0803058, 42.4216704]}}, {"type": "Feature", "properties": {"node_id": 493, "node_type": "endpoint", "degree": 1, "link_types": "sidewalk"}, "geometry": {"type": "Point", "coordinates": [-71.0704129, 42.4166459]}}, {"type": "Feature", "properties": {"node_id": 494, "node_type": "type_change", "degree": 3, "link_types": "pseudo+sidewalk"}, "geometry": {"type": "Point", "coordinates": [-71.0704232, 42.4166918]}}, {"type": "Feature", "properties": {"node_id": 495, "node_type": "endpoint", "degree": 1, "link_types": "sidewalk"}, "geometry": {"type": "Point", "coordinates": [-71.07043, 42.4271193]}}, {"type": "Feature", "properties": {"node_id": 496, "node_type": "junction", "degree": 3, "link_types": "sidewalk"}, "geometry": {"type": "Point", "coordinates": [-71.0704336, 42.4271127]}}, {"type": "Feature", "properties": {"node_id": 497, "node_type": "type_change", "degree": 2, "link_types": "crosswalk+pseudo"}, "geometry": {"type": "Point", "coordinates": [-71.079251, 42.4233509]}}, {"type": "Feature", "properties": {"node_id": 498, "node_type": "type_change", "degree": 2, "link_types": "crosswalk+pseudo"}, "geometry": {"type": "Point", "coordinates": [-71.0792523, 42.4234215]}}, {"type": "Feature", "properties": {"node_id": 499, "node_type": "type_change", "degree": 3, "link_types": "pseudo+sidewalk"}, "geometry": {"type": "Point", "coordinates": [-71.0792526, 42.4234301]}}, {"type": "Feature", "properties": {"node_id": 500, "node_type": "type_change", "degree": 2, "link_types": "pseudo+sidewalk"}, "geometry": {"type": "Point", "coordinates": [-71.0792516, 42.4233401]}}, {"type": "Feature", "properties": {"node_id": 501, "node_type": "type_change", "degree": 3, "link_types": "pseudo+sidewalk"}, "geometry": {"type": "Point", "coordinates": [-71.0793175, 42.4233353]}}, {"type": "Feature", "properties": {"node_id": 502, "node_type": "junction", "degree": 3, "link_types": "sidewalk"}, "geometry": {"type": "Point", "coordinates": [-71.0675727, 42.4254274]}}, {"type": "Feature", "properties": {"node_id": 503, "node_type": "type_change", "degree": 3, "link_types": "pseudo+sidewalk"}, "geometry": {"type": "Point", "coordinates": [-71.0675727, 42.4254281]}}, {"type": "Feature", "properties": {"node_id": 504, "node_type": "type_change", "degree": 3, "link_types": "pseudo+sidewalk"}, "geometry": {"type": "Point", "coordinates": [-71.0675737, 42.4254274]}}, {"type": "Feature", "properties": {"node_id": 505, "node_type": "junction", "degree": 3, "link_types": "sidewalk"}, "geometry": {"type": "Point", "coordinates": [-71.0675454, 42.4253962]}}, {"type": "Feature", "properties": {"node_id": 506, "node_type": "endpoint", "degree": 1, "link_types": "sidewalk"}, "geometry": {"type": "Point", "coordinates": [-71.0684206, 42.4180039]}}, {"type": "Feature", "properties": {"node_id": 507, "node_type": "type_change", "degree": 3, "link_types": "pseudo+sidewalk"}, "geometry": {"type": "Point", "coordinates": [-71.0684573, 42.4181732]}}, {"type": "Feature", "properties": {"node_id": 508, "node_type": "endpoint", "degree": 1, "link_types": "sidewalk"}, "geometry": {"type": "Point", "coordinates": [-71.0765472, 42.4237191]}}, {"type": "Feature", "properties": {"node_id": 509, "node_type": "endpoint", "degree": 1, "link_types": "sidewalk"}, "geometry": {"type": "Point", "coordinates": [-71.0763043, 42.4234303]}}, {"type": "Feature", "properties": {"node_id": 510, "node_type": "endpoint", "degree": 1, "link_types": "crosswalk"}, "geometry": {"type": "Point", "coordinates": [-71.0767474, 42.4233322]}}, {"type": "Feature", "properties": {"node_id": 511, "node_type": "type_change", "degree": 2, "link_types": "crosswalk+pseudo"}, "geometry": {"type": "Point", "coordinates": [-71.0767339, 42.4233936]}}, {"type": "Feature", "properties": {"node_id": 512, "node_type": "type_change", "degree": 2, "link_types": "pseudo+sidewalk"}, "geometry": {"type": "Point", "coordinates": [-71.0767025, 42.4234166]}}, {"type": "Feature", "properties": {"node_id": 513, "node_type": "endpoint", "degree": 1, "link_types": "sidewalk"}, "geometry": {"type": "Point", "coordinates": [-71.0766882, 42.4234528]}}, {"type": "Feature", "properties": {"node_id": 514, "node_type": "endpoint", "degree": 1, "link_types": "sidewalk"}, "geometry": {"type": "Point", "coordinates": [-71.0683757, 42.4181747]}}, {"type": "Feature", "properties": {"node_id": 515, "node_type": "type_change", "degree": 3, "link_types": "pseudo+sidewalk"}, "geometry": {"type": "Point", "coordinates": [-71.0683708, 42.4181748]}}, {"type": "Feature", "properties": {"node_id": 516, "node_type": "endpoint", "degree": 1, "link_types": "sidewalk"}, "geometry": {"type": "Point", "coordinates": [-71.0800173, 42.421412]}}, {"type": "Feature", "properties": {"node_id": 517, "node_type": "type_change", "degree": 3, "link_types": "crosswalk+sidewalk"}, "geometry": {"type": "Point", "coordinates": [-71.0799647, 42.4211175]}}, {"type": "Feature", "properties": {"node_id": 518, "node_type": "junction", "degree": 3, "link_types": "sidewalk"}, "geometry": {"type": "Point", "coordinates": [-71.0668706, 42.4206917]}}, {"type": "Feature", "properties": {"node_id": 519, "node_type": "junction", "degree": 3, "link_types": "sidewalk"}, "geometry": {"type": "Point", "coordinates": [-71.0668696, 42.4206924]}}, {"type": "Feature", "properties": {"node_id": 520, "node_type": "endpoint", "degree": 1, "link_types": "sidewalk"}, "geometry": {"type": "Point", "coordinates": [-71.0671073, 42.4205556]}}, {"type": "Feature", "properties": {"node_id": 521, "node_type": "junction", "degree": 3, "link_types": "sidewalk"}, "geometry": {"type": "Point", "coordinates": [-71.0668696, 42.4206917]}}, {"type": "Feature", "properties": {"node_id": 522, "node_type": "junction", "degree": 3, "link_types": "pseudo"}, "geometry": {"type": "Point", "coordinates": [-71.083, 42.417582]}}, {"type": "Feature", "properties": {"node_id": 523, "node_type": "type_change", "degree": 2, "link_types": "crosswalk+pseudo"}, "geometry": {"type": "Point", "coordinates": [-71.0830102, 42.4175962]}}, {"type": "Feature", "properties": {"node_id": 524, "node_type": "type_change", "degree": 2, "link_types": "crosswalk+pseudo"}, "geometry": {"type": "Point", "coordinates": [-71.0832791, 42.4176115]}}, {"type": "Feature", "properties": {"node_id": 525, "node_type": "type_change", "degree": 3, "link_types": "pseudo+sidewalk"}, "geometry": {"type": "Point", "coordinates": [-71.0832925, 42.4176055]}}, {"type": "Feature", "properties": {"node_id": 526, "node_type": "type_change", "degree": 3, "link_types": "pseudo+sidewalk"}, "geometry": {"type": "Point", "coordinates": [-71.083, 42.4175813]}}, {"type": "Feature", "properties": {"node_id": 527, "node_type": "type_change", "degree": 3, "link_types": "pseudo+sidewalk"}, "geometry": {"type": "Point", "coordinates": [-71.0829991, 42.4175813]}}, {"type": "Feature", "properties": {"node_id": 528, "node_type": "junction", "degree": 3, "link_types": "pseudo"}, "geometry": {"type": "Point", "coordinates": [-71.0760381, 42.4264703]}}, {"type": "Feature", "properties": {"node_id": 529, "node_type": "type_change", "degree": 2, "link_types": "crosswalk+pseudo"}, "geometry": {"type": "Point", "coordinates": [-71.0760384, 42.4264796]}}, {"type": "Feature", "properties": {"node_id": 530, "node_type": "type_change", "degree": 2, "link_types": "crosswalk+pseudo"}, "geometry": {"type": "Point", "coordinates": [-71.076086, 42.4265371]}}, {"type": "Feature", "properties": {"node_id": 531, "node_type": "junction", "degree": 3, "link_types": "pseudo"}, "geometry": {"type": "Point", "coordinates": [-71.0760854, 42.4265479]}}, {"type": "Feature", "properties": {"node_id": 532, "node_type": "type_change", "degree": 2, "link_types": "pseudo+sidewalk"}, "geometry": {"type": "Point", "coordinates": [-71.076039, 42.4264695]}}, {"type": "Feature", "properties": {"node_id": 533, "node_type": "endpoint", "degree": 1, "link_types": "sidewalk"}, "geometry": {"type": "Point", "coordinates": [-71.0762379, 42.4263961]}}, {"type": "Feature", "properties": {"node_id": 534, "node_type": "type_change", "degree": 2, "link_types": "pseudo+sidewalk"}, "geometry": {"type": "Point", "coordinates": [-71.0760371, 42.4264696]}}, {"type": "Feature", "properties": {"node_id": 535, "node_type": "endpoint", "degree": 1, "link_types": "sidewalk"}, "geometry": {"type": "Point", "coordinates": [-71.0758448, 42.4264205]}}, {"type": "Feature", "properties": {"node_id": 536, "node_type": "endpoint", "degree": 1, "link_types": "crosswalk"}, "geometry": {"type": "Point", "coordinates": [-71.0752358, 42.4222861]}}, {"type": "Feature", "properties": {"node_id": 537, "node_type": "type_change", "degree": 3, "link_types": "crosswalk+pseudo"}, "geometry": {"type": "Point", "coordinates": [-71.0752352, 42.4222955]}}, {"type": "Feature", "properties": {"node_id": 538, "node_type": "endpoint", "degree": 1, "link_types": "sidewalk"}, "geometry": {"type": "Point", "coordinates": [-71.0791621, 42.4289568]}}, {"type": "Feature", "properties": {"node_id": 539, "node_type": "junction", "degree": 3, "link_types": "sidewalk"}, "geometry": {"type": "Point", "coordinates": [-71.0791607, 42.4288855]}}, {"type": "Feature", "properties": {"node_id": 540, "node_type": "endpoint", "degree": 1, "link_types": "sidewalk"}, "geometry": {"type": "Point", "coordinates": [-71.0740283, 42.4286017]}}, {"type": "Feature", "properties": {"node_id": 541, "node_type": "type_change", "degree": 3, "link_types": "pseudo+sidewalk"}, "geometry": {"type": "Point", "coordinates": [-71.0740476, 42.4285956]}}, {"type": "Feature", "properties": {"node_id": 542, "node_type": "endpoint", "degree": 1, "link_types": "sidewalk"}, "geometry": {"type": "Point", "coordinates": [-71.0797073, 42.4263]}}, {"type": "Feature", "properties": {"node_id": 543, "node_type": "type_change", "degree": 2, "link_types": "midblock+sidewalk"}, "geometry": {"type": "Point", "coordinates": [-71.0796675, 42.4261494]}}, {"type": "Feature", "properties": {"node_id": 544, "node_type": "type_change", "degree": 2, "link_types": "midblock+sidewalk"}, "geometry": {"type": "Point", "coordinates": [-71.0796592, 42.4260952]}}, {"type": "Feature", "properties": {"node_id": 545, "node_type": "type_change", "degree": 2, "link_types": "midblock+sidewalk"}, "geometry": {"type": "Point", "coordinates": [-71.0796401, 42.4260145]}}, {"type": "Feature", "properties": {"node_id": 546, "node_type": "type_change", "degree": 2, "link_types": "midblock+sidewalk"}, "geometry": {"type": "Point", "coordinates": [-71.0796316, 42.4259784]}}, {"type": "Feature", "properties": {"node_id": 547, "node_type": "junction", "degree": 3, "link_types": "sidewalk"}, "geometry": {"type": "Point", "coordinates": [-71.0796157, 42.4259112]}}, {"type": "Feature", "properties": {"node_id": 548, "node_type": "endpoint", "degree": 1, "link_types": "sidewalk"}, "geometry": {"type": "Point", "coordinates": [-71.0705152, 42.4252482]}}, {"type": "Feature", "properties": {"node_id": 549, "node_type": "type_change", "degree": 3, "link_types": "pseudo+sidewalk"}, "geometry": {"type": "Point", "coordinates": [-71.070888, 42.4252602]}}, {"type": "Feature", "properties": {"node_id": 550, "node_type": "junction", "degree": 3, "link_types": "pseudo"}, "geometry": {"type": "Point", "coordinates": [-71.0813852, 42.4249619]}}, {"type": "Feature", "properties": {"node_id": 551, "node_type": "type_change", "degree": 3, "link_types": "pseudo+sidewalk"}, "geometry": {"type": "Point", "coordinates": [-71.0813852, 42.4249627]}}, {"type": "Feature", "properties": {"node_id": 552, "node_type": "type_change", "degree": 3, "link_types": "pseudo+sidewalk"}, "geometry": {"type": "Point", "coordinates": [-71.0813842, 42.4249627]}}, {"type": "Feature", "properties": {"node_id": 553, "node_type": "type_change", "degree": 2, "link_types": "crosswalk+pseudo"}, "geometry": {"type": "Point", "coordinates": [-71.081387, 42.4249583]}}, {"type": "Feature", "properties": {"node_id": 554, "node_type": "type_change", "degree": 2, "link_types": "crosswalk+pseudo"}, "geometry": {"type": "Point", "coordinates": [-71.0814806, 42.4249357]}}, {"type": "Feature", "properties": {"node_id": 555, "node_type": "type_change", "degree": 2, "link_types": "pseudo+sidewalk"}, "geometry": {"type": "Point", "coordinates": [-71.081487, 42.4249536]}}, {"type": "Feature", "properties": {"node_id": 556, "node_type": "type_change", "degree": 2, "link_types": "midblock+sidewalk"}, "geometry": {"type": "Point", "coordinates": [-71.0821173, 42.4248049]}}, {"type": "Feature", "properties": {"node_id": 557, "node_type": "type_change", "degree": 2, "link_types": "midblock+sidewalk"}, "geometry": {"type": "Point", "coordinates": [-71.0822229, 42.4247827]}}, {"type": "Feature", "properties": {"node_id": 558, "node_type": "endpoint", "degree": 1, "link_types": "sidewalk"}, "geometry": {"type": "Point", "coordinates": [-71.0830806, 42.4245954]}}, {"type": "Feature", "properties": {"node_id": 559, "node_type": "junction", "degree": 3, "link_types": "sidewalk"}, "geometry": {"type": "Point", "coordinates": [-71.0797805, 42.4185446]}}, {"type": "Feature", "properties": {"node_id": 560, "node_type": "endpoint", "degree": 1, "link_types": "sidewalk"}, "geometry": {"type": "Point", "coordinates": [-71.079751, 42.4185639]}}, {"type": "Feature", "properties": {"node_id": 561, "node_type": "type_change", "degree": 3, "link_types": "pseudo+sidewalk"}, "geometry": {"type": "Point", "coordinates": [-71.0797815, 42.4185446]}}, {"type": "Feature", "properties": {"node_id": 562, "node_type": "type_change", "degree": 3, "link_types": "pseudo+sidewalk"}, "geometry": {"type": "Point", "coordinates": [-71.0797805, 42.4185439]}}, {"type": "Feature", "properties": {"node_id": 563, "node_type": "junction", "degree": 3, "link_types": "sidewalk"}, "geometry": {"type": "Point", "coordinates": [-71.069826, 42.4270884]}}, {"type": "Feature", "properties": {"node_id": 564, "node_type": "junction", "degree": 3, "link_types": "sidewalk"}, "geometry": {"type": "Point", "coordinates": [-71.0704714, 42.4271668]}}, {"type": "Feature", "properties": {"node_id": 565, "node_type": "junction", "degree": 3, "link_types": "sidewalk"}, "geometry": {"type": "Point", "coordinates": [-71.0698251, 42.4270884]}}, {"type": "Feature", "properties": {"node_id": 566, "node_type": "junction", "degree": 3, "link_types": "sidewalk"}, "geometry": {"type": "Point", "coordinates": [-71.069826, 42.4270877]}}, {"type": "Feature", "properties": {"node_id": 567, "node_type": "endpoint", "degree": 1, "link_types": "sidewalk"}, "geometry": {"type": "Point", "coordinates": [-71.0846258, 42.4246855]}}, {"type": "Feature", "properties": {"node_id": 568, "node_type": "type_change", "degree": 2, "link_types": "midblock+sidewalk"}, "geometry": {"type": "Point", "coordinates": [-71.0846068, 42.4247137]}}, {"type": "Feature", "properties": {"node_id": 569, "node_type": "type_change", "degree": 2, "link_types": "midblock+sidewalk"}, "geometry": {"type": "Point", "coordinates": [-71.0845964, 42.424729]}}, {"type": "Feature", "properties": {"node_id": 570, "node_type": "type_change", "degree": 2, "link_types": "midblock+sidewalk"}, "geometry": {"type": "Point", "coordinates": [-71.0845514, 42.4247957]}}, {"type": "Feature", "properties": {"node_id": 571, "node_type": "type_change", "degree": 2, "link_types": "midblock+sidewalk"}, "geometry": {"type": "Point", "coordinates": [-71.0845349, 42.4248185]}}, {"type": "Feature", "properties": {"node_id": 572, "node_type": "type_change", "degree": 2, "link_types": "midblock+sidewalk"}, "geometry": {"type": "Point", "coordinates": [-71.0845225, 42.424833]}}, {"type": "Feature", "properties": {"node_id": 573, "node_type": "type_change", "degree": 2, "link_types": "midblock+sidewalk"}, "geometry": {"type": "Point", "coordinates": [-71.084511, 42.4248464]}}, {"type": "Feature", "properties": {"node_id": 574, "node_type": "junction", "degree": 3, "link_types": "sidewalk"}, "geometry": {"type": "Point", "coordinates": [-71.0842825, 42.4250368]}}, {"type": "Feature", "properties": {"node_id": 575, "node_type": "junction", "degree": 3, "link_types": "pseudo"}, "geometry": {"type": "Point", "coordinates": [-71.0823041, 42.423433]}}, {"type": "Feature", "properties": {"node_id": 576, "node_type": "type_change", "degree": 3, "link_types": "pseudo+sidewalk"}, "geometry": {"type": "Point", "coordinates": [-71.0823041, 42.4234338]}}, {"type": "Feature", "properties": {"node_id": 577, "node_type": "type_change", "degree": 3, "link_types": "pseudo+sidewalk"}, "geometry": {"type": "Point", "coordinates": [-71.0823031, 42.4234338]}}, {"type": "Feature", "properties": {"node_id": 578, "node_type": "type_change", "degree": 2, "link_types": "crosswalk+pseudo"}, "geometry": {"type": "Point", "coordinates": [-71.0823086, 42.4234243]}}, {"type": "Feature", "properties": {"node_id": 579, "node_type": "type_change", "degree": 3, "link_types": "crosswalk+sidewalk"}, "geometry": {"type": "Point", "coordinates": [-71.0823173, 42.4233341]}}, {"type": "Feature", "properties": {"node_id": 580, "node_type": "type_change", "degree": 3, "link_types": "pseudo+sidewalk"}, "geometry": {"type": "Point", "coordinates": [-71.0829817, 42.4175866]}}, {"type": "Feature", "properties": {"node_id": 581, "node_type": "junction", "degree": 3, "link_types": "pseudo"}, "geometry": {"type": "Point", "coordinates": [-71.0788032, 42.4276917]}}, {"type": "Feature", "properties": {"node_id": 582, "node_type": "type_change", "degree": 3, "link_types": "pseudo+sidewalk"}, "geometry": {"type": "Point", "coordinates": [-71.0788023, 42.4276925]}}, {"type": "Feature", "properties": {"node_id": 583, "node_type": "type_change", "degree": 3, "link_types": "pseudo+sidewalk"}, "geometry": {"type": "Point", "coordinates": [-71.0788022, 42.4276917]}}, {"type": "Feature", "properties": {"node_id": 584, "node_type": "type_change", "degree": 2, "link_types": "crosswalk+pseudo"}, "geometry": {"type": "Point", "coordinates": [-71.0788119, 42.4276887]}}, {"type": "Feature", "properties": {"node_id": 585, "node_type": "type_change", "degree": 2, "link_types": "crosswalk+pseudo"}, "geometry": {"type": "Point", "coordinates": [-71.0789522, 42.4277258]}}, {"type": "Feature", "properties": {"node_id": 586, "node_type": "type_change", "degree": 3, "link_types": "pseudo+sidewalk"}, "geometry": {"type": "Point", "coordinates": [-71.0789668, 42.4277262]}}, {"type": "Feature", "properties": {"node_id": 587, "node_type": "endpoint", "degree": 1, "link_types": "sidewalk"}, "geometry": {"type": "Point", "coordinates": [-71.0673944, 42.4179021]}}, {"type": "Feature", "properties": {"node_id": 588, "node_type": "type_change", "degree": 3, "link_types": "pseudo+sidewalk"}, "geometry": {"type": "Point", "coordinates": [-71.0674308, 42.4182098]}}, {"type": "Feature", "properties": {"node_id": 589, "node_type": "junction", "degree": 3, "link_types": "pseudo"}, "geometry": {"type": "Point", "coordinates": [-71.0669264, 42.4270665]}}, {"type": "Feature", "properties": {"node_id": 590, "node_type": "type_change", "degree": 3, "link_types": "pseudo+sidewalk"}, "geometry": {"type": "Point", "coordinates": [-71.0669255, 42.4270673]}}, {"type": "Feature", "properties": {"node_id": 591, "node_type": "type_change", "degree": 2, "link_types": "crosswalk+pseudo"}, "geometry": {"type": "Point", "coordinates": [-71.0669458, 42.4270633]}}, {"type": "Feature", "properties": {"node_id": 592, "node_type": "type_change", "degree": 2, "link_types": "crosswalk+pseudo"}, "geometry": {"type": "Point", "coordinates": [-71.0670064, 42.4270435]}}, {"type": "Feature", "properties": {"node_id": 593, "node_type": "type_change", "degree": 2, "link_types": "pseudo+sidewalk"}, "geometry": {"type": "Point", "coordinates": [-71.067001, 42.4270277]}}, {"type": "Feature", "properties": {"node_id": 594, "node_type": "junction", "degree": 3, "link_types": "sidewalk"}, "geometry": {"type": "Point", "coordinates": [-71.0670389, 42.4270256]}}, {"type": "Feature", "properties": {"node_id": 595, "node_type": "junction", "degree": 3, "link_types": "sidewalk"}, "geometry": {"type": "Point", "coordinates": [-71.0676873, 42.4259239]}}, {"type": "Feature", "properties": {"node_id": 596, "node_type": "endpoint", "degree": 1, "link_types": "sidewalk"}, "geometry": {"type": "Point", "coordinates": [-71.0676901, 42.4259224]}}, {"type": "Feature", "properties": {"node_id": 597, "node_type": "type_change", "degree": 2, "link_types": "pseudo+sidewalk"}, "geometry": {"type": "Point", "coordinates": [-71.0676863, 42.4259232]}}, {"type": "Feature", "properties": {"node_id": 598, "node_type": "type_change", "degree": 2, "link_types": "crosswalk+pseudo"}, "geometry": {"type": "Point", "coordinates": [-71.0676823, 42.4259197]}}, {"type": "Feature", "properties": {"node_id": 599, "node_type": "junction", "degree": 3, "link_types": "crosswalk"}, "geometry": {"type": "Point", "coordinates": [-71.0676822, 42.4259189]}}, {"type": "Feature", "properties": {"node_id": 600, "node_type": "junction", "degree": 3, "link_types": "sidewalk"}, "geometry": {"type": "Point", "coordinates": [-71.075323, 42.4271395]}}, {"type": "Feature", "properties": {"node_id": 601, "node_type": "type_change", "degree": 2, "link_types": "pseudo+sidewalk"}, "geometry": {"type": "Point", "coordinates": [-71.0753221, 42.4271403]}}, {"type": "Feature", "properties": {"node_id": 602, "node_type": "type_change", "degree": 2, "link_types": "crosswalk+pseudo"}, "geometry": {"type": "Point", "coordinates": [-71.0753202, 42.4271432]}}, {"type": "Feature", "properties": {"node_id": 603, "node_type": "type_change", "degree": 2, "link_types": "crosswalk+pseudo"}, "geometry": {"type": "Point", "coordinates": [-71.075231, 42.4271499]}}, {"type": "Feature", "properties": {"node_id": 604, "node_type": "junction", "degree": 3, "link_types": "sidewalk"}, "geometry": {"type": "Point", "coordinates": [-71.0753607, 42.4271317]}}, {"type": "Feature", "properties": {"node_id": 605, "node_type": "endpoint", "degree": 1, "link_types": "sidewalk"}, "geometry": {"type": "Point", "coordinates": [-71.0753122, 42.4271361]}}, {"type": "Feature", "properties": {"node_id": 606, "node_type": "type_change", "degree": 3, "link_types": "pseudo+sidewalk"}, "geometry": {"type": "Point", "coordinates": [-71.07545, 42.4216173]}}, {"type": "Feature", "properties": {"node_id": 607, "node_type": "junction", "degree": 3, "link_types": "sidewalk"}, "geometry": {"type": "Point", "coordinates": [-71.0754491, 42.4216173]}}, {"type": "Feature", "properties": {"node_id": 608, "node_type": "junction", "degree": 3, "link_types": "sidewalk"}, "geometry": {"type": "Point", "coordinates": [-71.0812384, 42.4264609]}}, {"type": "Feature", "properties": {"node_id": 609, "node_type": "type_change", "degree": 2, "link_types": "pseudo+sidewalk"}, "geometry": {"type": "Point", "coordinates": [-71.0812374, 42.4264617]}}, {"type": "Feature", "properties": {"node_id": 610, "node_type": "type_change", "degree": 2, "link_types": "crosswalk+pseudo"}, "geometry": {"type": "Point", "coordinates": [-71.0812252, 42.4264742]}}, {"type": "Feature", "properties": {"node_id": 611, "node_type": "type_change", "degree": 2, "link_types": "crosswalk+pseudo"}, "geometry": {"type": "Point", "coordinates": [-71.0812403, 42.426636]}}, {"type": "Feature", "properties": {"node_id": 612, "node_type": "type_change", "degree": 3, "link_types": "pseudo+sidewalk"}, "geometry": {"type": "Point", "coordinates": [-71.0812484, 42.4266474]}}, {"type": "Feature", "properties": {"node_id": 613, "node_type": "type_change", "degree": 2, "link_types": "midblock+sidewalk"}, "geometry": {"type": "Point", "coordinates": [-71.0818091, 42.4263994]}}, {"type": "Feature", "properties": {"node_id": 614, "node_type": "type_change", "degree": 2, "link_types": "midblock+sidewalk"}, "geometry": {"type": "Point", "coordinates": [-71.0819101, 42.4263937]}}, {"type": "Feature", "properties": {"node_id": 615, "node_type": "type_change", "degree": 2, "link_types": "midblock+sidewalk"}, "geometry": {"type": "Point", "coordinates": [-71.0820809, 42.4263686]}}, {"type": "Feature", "properties": {"node_id": 616, "node_type": "type_change", "degree": 2, "link_types": "midblock+sidewalk"}, "geometry": {"type": "Point", "coordinates": [-71.0821125, 42.426362]}}, {"type": "Feature", "properties": {"node_id": 617, "node_type": "type_change", "degree": 2, "link_types": "midblock+sidewalk"}, "geometry": {"type": "Point", "coordinates": [-71.082303, 42.4263278]}}, {"type": "Feature", "properties": {"node_id": 618, "node_type": "type_change", "degree": 2, "link_types": "midblock+sidewalk"}, "geometry": {"type": "Point", "coordinates": [-71.0824168, 42.4263066]}}, {"type": "Feature", "properties": {"node_id": 619, "node_type": "endpoint", "degree": 1, "link_types": "sidewalk"}, "geometry": {"type": "Point", "coordinates": [-71.082654, 42.4261312]}}, {"type": "Feature", "properties": {"node_id": 620, "node_type": "junction", "degree": 3, "link_types": "sidewalk"}, "geometry": {"type": "Point", "coordinates": [-71.0811702, 42.4264298]}}, {"type": "Feature", "properties": {"node_id": 621, "node_type": "endpoint", "degree": 1, "link_types": "sidewalk"}, "geometry": {"type": "Point", "coordinates": [-71.0772224, 42.421668]}}, {"type": "Feature", "properties": {"node_id": 622, "node_type": "type_change", "degree": 3, "link_types": "pseudo+sidewalk"}, "geometry": {"type": "Point", "coordinates": [-71.0770821, 42.4216605]}}, {"type": "Feature", "properties": {"node_id": 623, "node_type": "junction", "degree": 3, "link_types": "sidewalk"}, "geometry": {"type": "Point", "coordinates": [-71.0736422, 42.4267132]}}, {"type": "Feature", "properties": {"node_id": 624, "node_type": "junction", "degree": 3, "link_types": "sidewalk"}, "geometry": {"type": "Point", "coordinates": [-71.0736422, 42.4267139]}}, {"type": "Feature", "properties": {"node_id": 625, "node_type": "junction", "degree": 3, "link_types": "sidewalk"}, "geometry": {"type": "Point", "coordinates": [-71.0736432, 42.4267132]}}, {"type": "Feature", "properties": {"node_id": 626, "node_type": "type_change", "degree": 2, "link_types": "pseudo+sidewalk"}, "geometry": {"type": "Point", "coordinates": [-71.0735993, 42.4266794]}}, {"type": "Feature", "properties": {"node_id": 627, "node_type": "type_change", "degree": 2, "link_types": "crosswalk+pseudo"}, "geometry": {"type": "Point", "coordinates": [-71.0736002, 42.4266787]}}, {"type": "Feature", "properties": {"node_id": 628, "node_type": "type_change", "degree": 2, "link_types": "crosswalk+pseudo"}, "geometry": {"type": "Point", "coordinates": [-71.0736683, 42.4266501]}}, {"type": "Feature", "properties": {"node_id": 629, "node_type": "type_change", "degree": 3, "link_types": "pseudo+sidewalk"}, "geometry": {"type": "Point", "coordinates": [-71.07369, 42.4266576]}}, {"type": "Feature", "properties": {"node_id": 630, "node_type": "junction", "degree": 3, "link_types": "sidewalk"}, "geometry": {"type": "Point", "coordinates": [-71.0738691, 42.4269281]}}, {"type": "Feature", "properties": {"node_id": 631, "node_type": "junction", "degree": 3, "link_types": "sidewalk"}, "geometry": {"type": "Point", "coordinates": [-71.0738691, 42.4269288]}}, {"type": "Feature", "properties": {"node_id": 632, "node_type": "junction", "degree": 3, "link_types": "sidewalk"}, "geometry": {"type": "Point", "coordinates": [-71.0738681, 42.4269289]}}, {"type": "Feature", "properties": {"node_id": 633, "node_type": "junction", "degree": 3, "link_types": "sidewalk"}, "geometry": {"type": "Point", "coordinates": [-71.073934, 42.4269522]}}, {"type": "Feature", "properties": {"node_id": 634, "node_type": "junction", "degree": 3, "link_types": "sidewalk"}, "geometry": {"type": "Point", "coordinates": [-71.0743457, 42.4271976]}}, {"type": "Feature", "properties": {"node_id": 635, "node_type": "endpoint", "degree": 1, "link_types": "sidewalk"}, "geometry": {"type": "Point", "coordinates": [-71.0744702, 42.4272292]}}, {"type": "Feature", "properties": {"node_id": 636, "node_type": "type_change", "degree": 3, "link_types": "pseudo+sidewalk"}, "geometry": {"type": "Point", "coordinates": [-71.0742787, 42.4272305]}}, {"type": "Feature", "properties": {"node_id": 637, "node_type": "junction", "degree": 3, "link_types": "sidewalk"}, "geometry": {"type": "Point", "coordinates": [-71.0743465, 42.4271925]}}, {"type": "Feature", "properties": {"node_id": 638, "node_type": "type_change", "degree": 3, "link_types": "pseudo+sidewalk"}, "geometry": {"type": "Point", "coordinates": [-71.080074, 42.4216566]}}, {"type": "Feature", "properties": {"node_id": 639, "node_type": "type_change", "degree": 3, "link_types": "pseudo+sidewalk"}, "geometry": {"type": "Point", "coordinates": [-71.0800739, 42.4216559]}}, {"type": "Feature", "properties": {"node_id": 640, "node_type": "junction", "degree": 3, "link_types": "sidewalk"}, "geometry": {"type": "Point", "coordinates": [-71.0684397, 42.4251769]}}, {"type": "Feature", "properties": {"node_id": 641, "node_type": "type_change", "degree": 3, "link_types": "pseudo+sidewalk"}, "geometry": {"type": "Point", "coordinates": [-71.0684595, 42.4251888]}}, {"type": "Feature", "properties": {"node_id": 642, "node_type": "junction", "degree": 3, "link_types": "sidewalk"}, "geometry": {"type": "Point", "coordinates": [-71.0684396, 42.4251762]}}, {"type": "Feature", "properties": {"node_id": 643, "node_type": "junction", "degree": 3, "link_types": "sidewalk"}, "geometry": {"type": "Point", "coordinates": [-71.0684387, 42.4251762]}}, {"type": "Feature", "properties": {"node_id": 644, "node_type": "endpoint", "degree": 1, "link_types": "sidewalk"}, "geometry": {"type": "Point", "coordinates": [-71.0840213, 42.4155656]}}, {"type": "Feature", "properties": {"node_id": 645, "node_type": "type_change", "degree": 3, "link_types": "midblock+sidewalk"}, "geometry": {"type": "Point", "coordinates": [-71.0841005, 42.4156096]}}, {"type": "Feature", "properties": {"node_id": 646, "node_type": "endpoint", "degree": 1, "link_types": "sidewalk"}, "geometry": {"type": "Point", "coordinates": [-71.0691397, 42.4167777]}}, {"type": "Feature", "properties": {"node_id": 647, "node_type": "type_change", "degree": 2, "link_types": "pseudo+sidewalk"}, "geometry": {"type": "Point", "coordinates": [-71.0691397, 42.4167784]}}, {"type": "Feature", "properties": {"node_id": 648, "node_type": "type_change", "degree": 2, "link_types": "crosswalk+pseudo"}, "geometry": {"type": "Point", "coordinates": [-71.0691476, 42.4168121]}}, {"type": "Feature", "properties": {"node_id": 649, "node_type": "type_change", "degree": 2, "link_types": "crosswalk+pseudo"}, "geometry": {"type": "Point", "coordinates": [-71.0689885, 42.4167624]}}, {"type": "Feature", "properties": {"node_id": 650, "node_type": "junction", "degree": 3, "link_types": "pseudo"}, "geometry": {"type": "Point", "coordinates": [-71.0689592, 42.4167607]}}, {"type": "Feature", "properties": {"node_id": 651, "node_type": "endpoint", "degree": 1, "link_types": "sidewalk"}, "geometry": {"type": "Point", "coordinates": [-71.0795543, 42.4185566]}}, {"type": "Feature", "properties": {"node_id": 652, "node_type": "type_change", "degree": 2, "link_types": "midblock+sidewalk"}, "geometry": {"type": "Point", "coordinates": [-71.0790422, 42.4185534]}}, {"type": "Feature", "properties": {"node_id": 653, "node_type": "type_change", "degree": 2, "link_types": "midblock+sidewalk"}, "geometry": {"type": "Point", "coordinates": [-71.0789108, 42.4185571]}}, {"type": "Feature", "properties": {"node_id": 654, "node_type": "type_change", "degree": 2, "link_types": "midblock+sidewalk"}, "geometry": {"type": "Point", "coordinates": [-71.078834, 42.4185572]}}, {"type": "Feature", "properties": {"node_id": 655, "node_type": "type_change", "degree": 2, "link_types": "midblock+sidewalk"}, "geometry": {"type": "Point", "coordinates": [-71.0787884, 42.4185572]}}, {"type": "Feature", "properties": {"node_id": 656, "node_type": "type_change", "degree": 2, "link_types": "midblock+sidewalk"}, "geometry": {"type": "Point", "coordinates": [-71.0786369, 42.4185574]}}, {"type": "Feature", "properties": {"node_id": 657, "node_type": "type_change", "degree": 2, "link_types": "midblock+sidewalk"}, "geometry": {"type": "Point", "coordinates": [-71.0785971, 42.4185574]}}, {"type": "Feature", "properties": {"node_id": 658, "node_type": "type_change", "degree": 2, "link_types": "midblock+sidewalk"}, "geometry": {"type": "Point", "coordinates": [-71.0784592, 42.4185576]}}, {"type": "Feature", "properties": {"node_id": 659, "node_type": "type_change", "degree": 2, "link_types": "midblock+sidewalk"}, "geometry": {"type": "Point", "coordinates": [-71.0783951, 42.4185576]}}, {"type": "Feature", "properties": {"node_id": 660, "node_type": "endpoint", "degree": 1, "link_types": "sidewalk"}, "geometry": {"type": "Point", "coordinates": [-71.0779645, 42.4185531]}}, {"type": "Feature", "properties": {"node_id": 661, "node_type": "endpoint", "degree": 1, "link_types": "sidewalk"}, "geometry": {"type": "Point", "coordinates": [-71.0668091, 42.4271947]}}, {"type": "Feature", "properties": {"node_id": 662, "node_type": "junction", "degree": 3, "link_types": "sidewalk"}, "geometry": {"type": "Point", "coordinates": [-71.0667663, 42.4271955]}}, {"type": "Feature", "properties": {"node_id": 663, "node_type": "junction", "degree": 3, "link_types": "sidewalk"}, "geometry": {"type": "Point", "coordinates": [-71.0791812, 42.4250942]}}, {"type": "Feature", "properties": {"node_id": 664, "node_type": "type_change", "degree": 3, "link_types": "pseudo+sidewalk"}, "geometry": {"type": "Point", "coordinates": [-71.0791803, 42.4250949]}}, {"type": "Feature", "properties": {"node_id": 665, "node_type": "junction", "degree": 3, "link_types": "sidewalk"}, "geometry": {"type": "Point", "coordinates": [-71.0794335, 42.4250795]}}, {"type": "Feature", "properties": {"node_id": 666, "node_type": "type_change", "degree": 3, "link_types": "pseudo+sidewalk"}, "geometry": {"type": "Point", "coordinates": [-71.0791802, 42.4250942]}}, {"type": "Feature", "properties": {"node_id": 667, "node_type": "endpoint", "degree": 1, "link_types": "sidewalk"}, "geometry": {"type": "Point", "coordinates": [-71.0691909, 42.4254292]}}, {"type": "Feature", "properties": {"node_id": 668, "node_type": "type_change", "degree": 3, "link_types": "pseudo+sidewalk"}, "geometry": {"type": "Point", "coordinates": [-71.0690224, 42.4254207]}}, {"type": "Feature", "properties": {"node_id": 669, "node_type": "endpoint", "degree": 1, "link_types": "crosswalk"}, "geometry": {"type": "Point", "coordinates": [-71.0775019, 42.4270395]}}, {"type": "Feature", "properties": {"node_id": 670, "node_type": "type_change", "degree": 2, "link_types": "crosswalk+pseudo"}, "geometry": {"type": "Point", "coordinates": [-71.0775412, 42.4270208]}}, {"type": "Feature", "properties": {"node_id": 671, "node_type": "type_change", "degree": 2, "link_types": "midblock+pseudo"}, "geometry": {"type": "Point", "coordinates": [-71.0775812, 42.4270251]}}, {"type": "Feature", "properties": {"node_id": 672, "node_type": "type_change", "degree": 2, "link_types": "midblock+sidewalk"}, "geometry": {"type": "Point", "coordinates": [-71.0776095, 42.4270286]}}, {"type": "Feature", "properties": {"node_id": 673, "node_type": "type_change", "degree": 3, "link_types": "pseudo+sidewalk"}, "geometry": {"type": "Point", "coordinates": [-71.0778771, 42.4270061]}}, {"type": "Feature", "properties": {"node_id": 674, "node_type": "endpoint", "degree": 1, "link_types": "sidewalk"}, "geometry": {"type": "Point", "coordinates": [-71.0827799, 42.4236492]}}, {"type": "Feature", "properties": {"node_id": 675, "node_type": "type_change", "degree": 3, "link_types": "pseudo+sidewalk"}, "geometry": {"type": "Point", "coordinates": [-71.0825991, 42.423445]}}, {"type": "Feature", "properties": {"node_id": 676, "node_type": "endpoint", "degree": 1, "link_types": "sidewalk"}, "geometry": {"type": "Point", "coordinates": [-71.0800493, 42.4215576]}}, {"type": "Feature", "properties": {"node_id": 677, "node_type": "endpoint", "degree": 1, "link_types": "sidewalk"}, "geometry": {"type": "Point", "coordinates": [-71.0671115, 42.4290566]}}, {"type": "Feature", "properties": {"node_id": 678, "node_type": "junction", "degree": 3, "link_types": "sidewalk"}, "geometry": {"type": "Point", "coordinates": [-71.0671286, 42.4290448]}}, {"type": "Feature", "properties": {"node_id": 679, "node_type": "junction", "degree": 3, "link_types": "sidewalk"}, "geometry": {"type": "Point", "coordinates": [-71.0716143, 42.4255497]}}, {"type": "Feature", "properties": {"node_id": 680, "node_type": "junction", "degree": 3, "link_types": "sidewalk"}, "geometry": {"type": "Point", "coordinates": [-71.0715848, 42.4255696]}}, {"type": "Feature", "properties": {"node_id": 681, "node_type": "junction", "degree": 3, "link_types": "sidewalk"}, "geometry": {"type": "Point", "coordinates": [-71.0716152, 42.4255496]}}, {"type": "Feature", "properties": {"node_id": 682, "node_type": "type_change", "degree": 3, "link_types": "pseudo+sidewalk"}, "geometry": {"type": "Point", "coordinates": [-71.0716142, 42.4255489]}}, {"type": "Feature", "properties": {"node_id": 683, "node_type": "junction", "degree": 3, "link_types": "sidewalk"}, "geometry": {"type": "Point", "coordinates": [-71.0758456, 42.4177205]}}, {"type": "Feature", "properties": {"node_id": 684, "node_type": "type_change", "degree": 2, "link_types": "crosswalk+sidewalk"}, "geometry": {"type": "Point", "coordinates": [-71.0758465, 42.4177212]}}, {"type": "Feature", "properties": {"node_id": 685, "node_type": "type_change", "degree": 2, "link_types": "crosswalk+pseudo"}, "geometry": {"type": "Point", "coordinates": [-71.0758456, 42.4177226]}}, {"type": "Feature", "properties": {"node_id": 686, "node_type": "type_change", "degree": 3, "link_types": "pseudo+sidewalk"}, "geometry": {"type": "Point", "coordinates": [-71.0758437, 42.4177219]}}, {"type": "Feature", "properties": {"node_id": 687, "node_type": "type_change", "degree": 3, "link_types": "crosswalk+sidewalk"}, "geometry": {"type": "Point", "coordinates": [-71.0758465, 42.4177197]}}, {"type": "Feature", "properties": {"node_id": 688, "node_type": "endpoint", "degree": 1, "link_types": "sidewalk"}, "geometry": {"type": "Point", "coordinates": [-71.0723769, 42.4283326]}}, {"type": "Feature", "properties": {"node_id": 689, "node_type": "type_change", "degree": 3, "link_types": "pseudo+sidewalk"}, "geometry": {"type": "Point", "coordinates": [-71.0723551, 42.4283186]}}, {"type": "Feature", "properties": {"node_id": 690, "node_type": "junction", "degree": 3, "link_types": "sidewalk"}, "geometry": {"type": "Point", "coordinates": [-71.0720748, 42.4236199]}}, {"type": "Feature", "properties": {"node_id": 691, "node_type": "type_change", "degree": 3, "link_types": "pseudo+sidewalk"}, "geometry": {"type": "Point", "coordinates": [-71.0720758, 42.4236199]}}, {"type": "Feature", "properties": {"node_id": 692, "node_type": "type_change", "degree": 3, "link_types": "pseudo+sidewalk"}, "geometry": {"type": "Point", "coordinates": [-71.0720198, 42.4235734]}}, {"type": "Feature", "properties": {"node_id": 693, "node_type": "type_change", "degree": 3, "link_types": "pseudo+sidewalk"}, "geometry": {"type": "Point", "coordinates": [-71.0720758, 42.4236192]}}, {"type": "Feature", "properties": {"node_id": 694, "node_type": "endpoint", "degree": 1, "link_types": "crosswalk"}, "geometry": {"type": "Point", "coordinates": [-71.0706793, 42.4198953]}}, {"type": "Feature", "properties": {"node_id": 695, "node_type": "type_change", "degree": 2, "link_types": "crosswalk+pseudo"}, "geometry": {"type": "Point", "coordinates": [-71.0706823, 42.4198686]}}, {"type": "Feature", "properties": {"node_id": 696, "node_type": "junction", "degree": 3, "link_types": "pseudo"}, "geometry": {"type": "Point", "coordinates": [-71.070682, 42.4198578]}}, {"type": "Feature", "properties": {"node_id": 697, "node_type": "junction", "degree": 3, "link_types": "crosswalk"}, "geometry": {"type": "Point", "coordinates": [-71.0752344, 42.4223027]}}, {"type": "Feature", "properties": {"node_id": 698, "node_type": "type_change", "degree": 2, "link_types": "crosswalk+pseudo"}, "geometry": {"type": "Point", "coordinates": [-71.0752354, 42.4223034]}}, {"type": "Feature", "properties": {"node_id": 699, "node_type": "type_change", "degree": 2, "link_types": "pseudo+sidewalk"}, "geometry": {"type": "Point", "coordinates": [-71.0752357, 42.4223113]}}, {"type": "Feature", "properties": {"node_id": 700, "node_type": "type_change", "degree": 2, "link_types": "pseudo+sidewalk"}, "geometry": {"type": "Point", "coordinates": [-71.0752347, 42.4223121]}}, {"type": "Feature", "properties": {"node_id": 701, "node_type": "type_change", "degree": 2, "link_types": "crosswalk+pseudo"}, "geometry": {"type": "Point", "coordinates": [-71.0752328, 42.4223114]}}, {"type": "Feature", "properties": {"node_id": 702, "node_type": "type_change", "degree": 3, "link_types": "crosswalk+pseudo"}, "geometry": {"type": "Point", "coordinates": [-71.0752353, 42.4222991]}}, {"type": "Feature", "properties": {"node_id": 703, "node_type": "type_change", "degree": 3, "link_types": "crosswalk+sidewalk"}, "geometry": {"type": "Point", "coordinates": [-71.0677748, 42.4240016]}}, {"type": "Feature", "properties": {"node_id": 704, "node_type": "type_change", "degree": 3, "link_types": "crosswalk+sidewalk"}, "geometry": {"type": "Point", "coordinates": [-71.0677748, 42.4240009]}}, {"type": "Feature", "properties": {"node_id": 705, "node_type": "junction", "degree": 3, "link_types": "sidewalk"}, "geometry": {"type": "Point", "coordinates": [-71.0800682, 42.4288034]}}, {"type": "Feature", "properties": {"node_id": 706, "node_type": "endpoint", "degree": 1, "link_types": "sidewalk"}, "geometry": {"type": "Point", "coordinates": [-71.0801002, 42.42889]}}, {"type": "Feature", "properties": {"node_id": 707, "node_type": "type_change", "degree": 2, "link_types": "pseudo+sidewalk"}, "geometry": {"type": "Point", "coordinates": [-71.0800691, 42.4288027]}}, {"type": "Feature", "properties": {"node_id": 708, "node_type": "type_change", "degree": 2, "link_types": "crosswalk+pseudo"}, "geometry": {"type": "Point", "coordinates": [-71.0800844, 42.4287923]}}, {"type": "Feature", "properties": {"node_id": 709, "node_type": "type_change", "degree": 3, "link_types": "crosswalk+sidewalk"}, "geometry": {"type": "Point", "coordinates": [-71.0802037, 42.4287844]}}, {"type": "Feature", "properties": {"node_id": 710, "node_type": "type_change", "degree": 3, "link_types": "pseudo+sidewalk"}, "geometry": {"type": "Point", "coordinates": [-71.0800642, 42.4288006]}}, {"type": "Feature", "properties": {"node_id": 711, "node_type": "endpoint", "degree": 1, "link_types": "sidewalk"}, "geometry": {"type": "Point", "coordinates": [-71.0700121, 42.4237588]}}, {"type": "Feature", "properties": {"node_id": 712, "node_type": "type_change", "degree": 3, "link_types": "pseudo+sidewalk"}, "geometry": {"type": "Point", "coordinates": [-71.0699461, 42.4237326]}}, {"type": "Feature", "properties": {"node_id": 713, "node_type": "endpoint", "degree": 1, "link_types": "midblock"}, "geometry": {"type": "Point", "coordinates": [-71.066324, 42.4204811]}}, {"type": "Feature", "properties": {"node_id": 714, "node_type": "type_change", "degree": 2, "link_types": "midblock+sidewalk"}, "geometry": {"type": "Point", "coordinates": [-71.0663387, 42.4205161]}}, {"type": "Feature", "properties": {"node_id": 715, "node_type": "type_change", "degree": 3, "link_types": "pseudo+sidewalk"}, "geometry": {"type": "Point", "coordinates": [-71.0663531, 42.4205677]}}, {"type": "Feature", "properties": {"node_id": 716, "node_type": "endpoint", "degree": 1, "link_types": "sidewalk"}, "geometry": {"type": "Point", "coordinates": [-71.0836967, 42.4253176]}}, {"type": "Feature", "properties": {"node_id": 717, "node_type": "type_change", "degree": 2, "link_types": "midblock+sidewalk"}, "geometry": {"type": "Point", "coordinates": [-71.0836656, 42.4253233]}}, {"type": "Feature", "properties": {"node_id": 718, "node_type": "type_change", "degree": 2, "link_types": "midblock+sidewalk"}, "geometry": {"type": "Point", "coordinates": [-71.083608, 42.4253338]}}, {"type": "Feature", "properties": {"node_id": 719, "node_type": "type_change", "degree": 2, "link_types": "midblock+sidewalk"}, "geometry": {"type": "Point", "coordinates": [-71.0834901, 42.4253553]}}, {"type": "Feature", "properties": {"node_id": 720, "node_type": "type_change", "degree": 2, "link_types": "midblock+sidewalk"}, "geometry": {"type": "Point", "coordinates": [-71.0834674, 42.4253595]}}, {"type": "Feature", "properties": {"node_id": 721, "node_type": "type_change", "degree": 2, "link_types": "midblock+sidewalk"}, "geometry": {"type": "Point", "coordinates": [-71.0831466, 42.425418]}}, {"type": "Feature", "properties": {"node_id": 722, "node_type": "type_change", "degree": 2, "link_types": "midblock+sidewalk"}, "geometry": {"type": "Point", "coordinates": [-71.0831183, 42.4254232]}}, {"type": "Feature", "properties": {"node_id": 723, "node_type": "endpoint", "degree": 1, "link_types": "sidewalk"}, "geometry": {"type": "Point", "coordinates": [-71.0829428, 42.4254552]}}, {"type": "Feature", "properties": {"node_id": 724, "node_type": "endpoint", "degree": 1, "link_types": "sidewalk"}, "geometry": {"type": "Point", "coordinates": [-71.0697358, 42.427005]}}, {"type": "Feature", "properties": {"node_id": 725, "node_type": "type_change", "degree": 3, "link_types": "pseudo+sidewalk"}, "geometry": {"type": "Point", "coordinates": [-71.0697265, 42.4270491]}}, {"type": "Feature", "properties": {"node_id": 726, "node_type": "junction", "degree": 3, "link_types": "sidewalk"}, "geometry": {"type": "Point", "coordinates": [-71.0777206, 42.4195877]}}, {"type": "Feature", "properties": {"node_id": 727, "node_type": "endpoint", "degree": 1, "link_types": "sidewalk"}, "geometry": {"type": "Point", "coordinates": [-71.0777032, 42.4200621]}}, {"type": "Feature", "properties": {"node_id": 728, "node_type": "type_change", "degree": 2, "link_types": "midblock+sidewalk"}, "geometry": {"type": "Point", "coordinates": [-71.0780785, 42.4195809]}}, {"type": "Feature", "properties": {"node_id": 729, "node_type": "type_change", "degree": 2, "link_types": "midblock+sidewalk"}, "geometry": {"type": "Point", "coordinates": [-71.0781076, 42.4195809]}}, {"type": "Feature", "properties": {"node_id": 730, "node_type": "type_change", "degree": 2, "link_types": "midblock+sidewalk"}, "geometry": {"type": "Point", "coordinates": [-71.0789041, 42.4195841]}}, {"type": "Feature", "properties": {"node_id": 731, "node_type": "type_change", "degree": 2, "link_types": "midblock+sidewalk"}, "geometry": {"type": "Point", "coordinates": [-71.0789438, 42.4195851]}}, {"type": "Feature", "properties": {"node_id": 732, "node_type": "type_change", "degree": 2, "link_types": "midblock+sidewalk"}, "geometry": {"type": "Point", "coordinates": [-71.0792502, 42.4195835]}}, {"type": "Feature", "properties": {"node_id": 733, "node_type": "type_change", "degree": 2, "link_types": "midblock+sidewalk"}, "geometry": {"type": "Point", "coordinates": [-71.0792906, 42.4195843]}}, {"type": "Feature", "properties": {"node_id": 734, "node_type": "type_change", "degree": 2, "link_types": "midblock+sidewalk"}, "geometry": {"type": "Point", "coordinates": [-71.0797736, 42.4198576]}}, {"type": "Feature", "properties": {"node_id": 735, "node_type": "endpoint", "degree": 1, "link_types": "midblock"}, "geometry": {"type": "Point", "coordinates": [-71.079788, 42.4199183]}}, {"type": "Feature", "properties": {"node_id": 736, "node_type": "type_change", "degree": 2, "link_types": "pseudo+sidewalk"}, "geometry": {"type": "Point", "coordinates": [-71.0777196, 42.419587]}}, {"type": "Feature", "properties": {"node_id": 737, "node_type": "type_change", "degree": 2, "link_types": "crosswalk+pseudo"}, "geometry": {"type": "Point", "coordinates": [-71.0777126, 42.4195821]}}, {"type": "Feature", "properties": {"node_id": 738, "node_type": "type_change", "degree": 2, "link_types": "crosswalk+pseudo"}, "geometry": {"type": "Point", "coordinates": [-71.0777303, 42.4194982]}}, {"type": "Feature", "properties": {"node_id": 739, "node_type": "type_change", "degree": 3, "link_types": "pseudo+sidewalk"}, "geometry": {"type": "Point", "coordinates": [-71.0777301, 42.4194932]}}, {"type": "Feature", "properties": {"node_id": 740, "node_type": "junction", "degree": 3, "link_types": "sidewalk"}, "geometry": {"type": "Point", "coordinates": [-71.0672468, 42.4261617]}}, {"type": "Feature", "properties": {"node_id": 741, "node_type": "endpoint", "degree": 1, "link_types": "sidewalk"}, "geometry": {"type": "Point", "coordinates": [-71.0672383, 42.4261705]}}, {"type": "Feature", "properties": {"node_id": 742, "node_type": "type_change", "degree": 3, "link_types": "pseudo+sidewalk"}, "geometry": {"type": "Point", "coordinates": [-71.0672478, 42.4261616]}}, {"type": "Feature", "properties": {"node_id": 743, "node_type": "junction", "degree": 3, "link_types": "sidewalk"}, "geometry": {"type": "Point", "coordinates": [-71.0672468, 42.4261609]}}, {"type": "Feature", "properties": {"node_id": 744, "node_type": "type_change", "degree": 3, "link_types": "pseudo+sidewalk"}, "geometry": {"type": "Point", "coordinates": [-71.0842826, 42.4250375]}}, {"type": "Feature", "properties": {"node_id": 745, "node_type": "type_change", "degree": 3, "link_types": "pseudo+sidewalk"}, "geometry": {"type": "Point", "coordinates": [-71.0842816, 42.4250368]}}, {"type": "Feature", "properties": {"node_id": 746, "node_type": "endpoint", "degree": 1, "link_types": "sidewalk"}, "geometry": {"type": "Point", "coordinates": [-71.0693322, 42.4288076]}}, {"type": "Feature", "properties": {"node_id": 747, "node_type": "endpoint", "degree": 1, "link_types": "sidewalk"}, "geometry": {"type": "Point", "coordinates": [-71.0692164, 42.4288068]}}, {"type": "Feature", "properties": {"node_id": 748, "node_type": "endpoint", "degree": 1, "link_types": "sidewalk"}, "geometry": {"type": "Point", "coordinates": [-71.0837366, 42.4168647]}}, {"type": "Feature", "properties": {"node_id": 749, "node_type": "type_change", "degree": 2, "link_types": "midblock+sidewalk"}, "geometry": {"type": "Point", "coordinates": [-71.0836827, 42.4169187]}}, {"type": "Feature", "properties": {"node_id": 750, "node_type": "type_change", "degree": 2, "link_types": "midblock+sidewalk"}, "geometry": {"type": "Point", "coordinates": [-71.0836704, 42.4169356]}}, {"type": "Feature", "properties": {"node_id": 751, "node_type": "type_change", "degree": 2, "link_types": "midblock+sidewalk"}, "geometry": {"type": "Point", "coordinates": [-71.0835367, 42.4170758]}}, {"type": "Feature", "properties": {"node_id": 752, "node_type": "type_change", "degree": 2, "link_types": "midblock+sidewalk"}, "geometry": {"type": "Point", "coordinates": [-71.0835215, 42.4170919]}}, {"type": "Feature", "properties": {"node_id": 753, "node_type": "endpoint", "degree": 1, "link_types": "sidewalk"}, "geometry": {"type": "Point", "coordinates": [-71.0832738, 42.4173645]}}, {"type": "Feature", "properties": {"node_id": 754, "node_type": "endpoint", "degree": 1, "link_types": "sidewalk"}, "geometry": {"type": "Point", "coordinates": [-71.0717268, 42.4289668]}}, {"type": "Feature", "properties": {"node_id": 755, "node_type": "junction", "degree": 3, "link_types": "sidewalk"}, "geometry": {"type": "Point", "coordinates": [-71.0717259, 42.4289683]}}, {"type": "Feature", "properties": {"node_id": 756, "node_type": "endpoint", "degree": 1, "link_types": "sidewalk"}, "geometry": {"type": "Point", "coordinates": [-71.0689193, 42.4261315]}}, {"type": "Feature", "properties": {"node_id": 757, "node_type": "endpoint", "degree": 1, "link_types": "sidewalk"}, "geometry": {"type": "Point", "coordinates": [-71.0692796, 42.4262626]}}, {"type": "Feature", "properties": {"node_id": 758, "node_type": "junction", "degree": 3, "link_types": "sidewalk"}, "geometry": {"type": "Point", "coordinates": [-71.0720297, 42.4263224]}}, {"type": "Feature", "properties": {"node_id": 759, "node_type": "junction", "degree": 3, "link_types": "sidewalk"}, "geometry": {"type": "Point", "coordinates": [-71.0720287, 42.4263231]}}, {"type": "Feature", "properties": {"node_id": 760, "node_type": "endpoint", "degree": 1, "link_types": "sidewalk"}, "geometry": {"type": "Point", "coordinates": [-71.0723708, 42.4263479]}}, {"type": "Feature", "properties": {"node_id": 761, "node_type": "junction", "degree": 3, "link_types": "sidewalk"}, "geometry": {"type": "Point", "coordinates": [-71.0720287, 42.4263224]}}, {"type": "Feature", "properties": {"node_id": 762, "node_type": "junction", "degree": 3, "link_types": "sidewalk"}, "geometry": {"type": "Point", "coordinates": [-71.0723267, 42.4257162]}}, {"type": "Feature", "properties": {"node_id": 763, "node_type": "type_change", "degree": 2, "link_types": "midblock+sidewalk"}, "geometry": {"type": "Point", "coordinates": [-71.0722784, 42.4256968]}}, {"type": "Feature", "properties": {"node_id": 764, "node_type": "type_change", "degree": 2, "link_types": "midblock+sidewalk"}, "geometry": {"type": "Point", "coordinates": [-71.0722874, 42.425689]}}, {"type": "Feature", "properties": {"node_id": 765, "node_type": "type_change", "degree": 2, "link_types": "pseudo+sidewalk"}, "geometry": {"type": "Point", "coordinates": [-71.0723357, 42.4256641]}}, {"type": "Feature", "properties": {"node_id": 766, "node_type": "type_change", "degree": 2, "link_types": "crosswalk+pseudo"}, "geometry": {"type": "Point", "coordinates": [-71.0723532, 42.425666]}}, {"type": "Feature", "properties": {"node_id": 767, "node_type": "type_change", "degree": 2, "link_types": "crosswalk+pseudo"}, "geometry": {"type": "Point", "coordinates": [-71.0723208, 42.4257141]}}, {"type": "Feature", "properties": {"node_id": 768, "node_type": "type_change", "degree": 3, "link_types": "pseudo+sidewalk"}, "geometry": {"type": "Point", "coordinates": [-71.0723257, 42.4257155]}}, {"type": "Feature", "properties": {"node_id": 769, "node_type": "junction", "degree": 3, "link_types": "sidewalk"}, "geometry": {"type": "Point", "coordinates": [-71.0723267, 42.4257154]}}, {"type": "Feature", "properties": {"node_id": 770, "node_type": "endpoint", "degree": 1, "link_types": "sidewalk"}, "geometry": {"type": "Point", "coordinates": [-71.0668802, 42.4270494]}}, {"type": "Feature", "properties": {"node_id": 771, "node_type": "junction", "degree": 3, "link_types": "sidewalk"}, "geometry": {"type": "Point", "coordinates": [-71.0734441, 42.4267211]}}, {"type": "Feature", "properties": {"node_id": 772, "node_type": "endpoint", "degree": 1, "link_types": "sidewalk"}, "geometry": {"type": "Point", "coordinates": [-71.0735386, 42.4267273]}}, {"type": "Feature", "properties": {"node_id": 773, "node_type": "junction", "degree": 3, "link_types": "sidewalk"}, "geometry": {"type": "Point", "coordinates": [-71.0734431, 42.4267211]}}, {"type": "Feature", "properties": {"node_id": 774, "node_type": "type_change", "degree": 3, "link_types": "pseudo+sidewalk"}, "geometry": {"type": "Point", "coordinates": [-71.0734441, 42.4267204]}}, {"type": "Feature", "properties": {"node_id": 775, "node_type": "junction", "degree": 3, "link_types": "sidewalk"}, "geometry": {"type": "Point", "coordinates": [-71.0812953, 42.4285629]}}, {"type": "Feature", "properties": {"node_id": 776, "node_type": "type_change", "degree": 2, "link_types": "pseudo+sidewalk"}, "geometry": {"type": "Point", "coordinates": [-71.0812963, 42.4285636]}}, {"type": "Feature", "properties": {"node_id": 777, "node_type": "type_change", "degree": 2, "link_types": "crosswalk+pseudo"}, "geometry": {"type": "Point", "coordinates": [-71.0813122, 42.4285755]}}, {"type": "Feature", "properties": {"node_id": 778, "node_type": "type_change", "degree": 2, "link_types": "crosswalk+pseudo"}, "geometry": {"type": "Point", "coordinates": [-71.0813172, 42.4286669]}}, {"type": "Feature", "properties": {"node_id": 779, "node_type": "type_change", "degree": 3, "link_types": "pseudo+sidewalk"}, "geometry": {"type": "Point", "coordinates": [-71.0813138, 42.4286807]}}, {"type": "Feature", "properties": {"node_id": 780, "node_type": "type_change", "degree": 3, "link_types": "pseudo+sidewalk"}, "geometry": {"type": "Point", "coordinates": [-71.0812683, 42.4285698]}}, {"type": "Feature", "properties": {"node_id": 781, "node_type": "type_change", "degree": 3, "link_types": "pseudo+sidewalk"}, "geometry": {"type": "Point", "coordinates": [-71.0813018, 42.4285534]}}, {"type": "Feature", "properties": {"node_id": 782, "node_type": "endpoint", "degree": 1, "link_types": "midblock"}, "geometry": {"type": "Point", "coordinates": [-71.0682543, 42.4238863]}}, {"type": "Feature", "properties": {"node_id": 783, "node_type": "type_change", "degree": 2, "link_types": "midblock+sidewalk"}, "geometry": {"type": "Point", "coordinates": [-71.0682094, 42.4239105]}}, {"type": "Feature", "properties": {"node_id": 784, "node_type": "type_change", "degree": 2, "link_types": "midblock+sidewalk"}, "geometry": {"type": "Point", "coordinates": [-71.0681696, 42.4239199]}}, {"type": "Feature", "properties": {"node_id": 785, "node_type": "type_change", "degree": 2, "link_types": "midblock+sidewalk"}, "geometry": {"type": "Point", "coordinates": [-71.0680761, 42.4239419]}}, {"type": "Feature", "properties": {"node_id": 786, "node_type": "type_change", "degree": 3, "link_types": "pseudo+sidewalk"}, "geometry": {"type": "Point", "coordinates": [-71.067815, 42.424011]}}, {"type": "Feature", "properties": {"node_id": 787, "node_type": "junction", "degree": 3, "link_types": "sidewalk"}, "geometry": {"type": "Point", "coordinates": [-71.081784, 42.4203252]}}, {"type": "Feature", "properties": {"node_id": 788, "node_type": "type_change", "degree": 2, "link_types": "pseudo+sidewalk"}, "geometry": {"type": "Point", "coordinates": [-71.081785, 42.4203259]}}, {"type": "Feature", "properties": {"node_id": 789, "node_type": "type_change", "degree": 2, "link_types": "crosswalk+pseudo"}, "geometry": {"type": "Point", "coordinates": [-71.0817931, 42.4203351]}}, {"type": "Feature", "properties": {"node_id": 790, "node_type": "type_change", "degree": 2, "link_types": "crosswalk+pseudo"}, "geometry": {"type": "Point", "coordinates": [-71.0818148, 42.420401]}}, {"type": "Feature", "properties": {"node_id": 791, "node_type": "type_change", "degree": 3, "link_types": "pseudo+sidewalk"}, "geometry": {"type": "Point", "coordinates": [-71.0818043, 42.4204091]}}, {"type": "Feature", "properties": {"node_id": 792, "node_type": "endpoint", "degree": 1, "link_types": "sidewalk"}, "geometry": {"type": "Point", "coordinates": [-71.0817773, 42.420326]}}, {"type": "Feature", "properties": {"node_id": 793, "node_type": "type_change", "degree": 2, "link_types": "midblock+sidewalk"}, "geometry": {"type": "Point", "coordinates": [-71.08176, 42.4202659]}}, {"type": "Feature", "properties": {"node_id": 794, "node_type": "type_change", "degree": 2, "link_types": "midblock+sidewalk"}, "geometry": {"type": "Point", "coordinates": [-71.0817546, 42.4202528]}}, {"type": "Feature", "properties": {"node_id": 795, "node_type": "type_change", "degree": 2, "link_types": "midblock+sidewalk"}, "geometry": {"type": "Point", "coordinates": [-71.0816801, 42.4200693]}}, {"type": "Feature", "properties": {"node_id": 796, "node_type": "type_change", "degree": 2, "link_types": "midblock+sidewalk"}, "geometry": {"type": "Point", "coordinates": [-71.0816725, 42.4200507]}}, {"type": "Feature", "properties": {"node_id": 797, "node_type": "type_change", "degree": 2, "link_types": "midblock+sidewalk"}, "geometry": {"type": "Point", "coordinates": [-71.0816219, 42.4199392]}}, {"type": "Feature", "properties": {"node_id": 798, "node_type": "endpoint", "degree": 1, "link_types": "midblock"}, "geometry": {"type": "Point", "coordinates": [-71.081598, 42.4199042]}}, {"type": "Feature", "properties": {"node_id": 799, "node_type": "endpoint", "degree": 1, "link_types": "sidewalk"}, "geometry": {"type": "Point", "coordinates": [-71.0718474, 42.4264863]}}, {"type": "Feature", "properties": {"node_id": 800, "node_type": "junction", "degree": 3, "link_types": "sidewalk"}, "geometry": {"type": "Point", "coordinates": [-71.0718142, 42.4264819]}}, {"type": "Feature", "properties": {"node_id": 801, "node_type": "endpoint", "degree": 1, "link_types": "sidewalk"}, "geometry": {"type": "Point", "coordinates": [-71.0707179, 42.4284807]}}, {"type": "Feature", "properties": {"node_id": 802, "node_type": "junction", "degree": 3, "link_types": "sidewalk"}, "geometry": {"type": "Point", "coordinates": [-71.0707516, 42.4284708]}}, {"type": "Feature", "properties": {"node_id": 803, "node_type": "junction", "degree": 3, "link_types": "pseudo"}, "geometry": {"type": "Point", "coordinates": [-71.0800365, 42.4216717]}}, {"type": "Feature", "properties": {"node_id": 804, "node_type": "type_change", "degree": 2, "link_types": "crosswalk+pseudo"}, "geometry": {"type": "Point", "coordinates": [-71.0800369, 42.4216811]}}, {"type": "Feature", "properties": {"node_id": 805, "node_type": "type_change", "degree": 2, "link_types": "crosswalk+pseudo"}, "geometry": {"type": "Point", "coordinates": [-71.0800294, 42.4217504]}}, {"type": "Feature", "properties": {"node_id": 806, "node_type": "junction", "degree": 3, "link_types": "pseudo"}, "geometry": {"type": "Point", "coordinates": [-71.0800297, 42.4217597]}}, {"type": "Feature", "properties": {"node_id": 807, "node_type": "type_change", "degree": 2, "link_types": "pseudo+sidewalk"}, "geometry": {"type": "Point", "coordinates": [-71.0800375, 42.421671]}}, {"type": "Feature", "properties": {"node_id": 808, "node_type": "type_change", "degree": 2, "link_types": "pseudo+sidewalk"}, "geometry": {"type": "Point", "coordinates": [-71.0800355, 42.421671]}}, {"type": "Feature", "properties": {"node_id": 809, "node_type": "type_change", "degree": 2, "link_types": "pseudo+sidewalk"}, "geometry": {"type": "Point", "coordinates": [-71.0787741, 42.4216622]}}, {"type": "Feature", "properties": {"node_id": 810, "node_type": "type_change", "degree": 2, "link_types": "crosswalk+pseudo"}, "geometry": {"type": "Point", "coordinates": [-71.0787693, 42.421663]}}, {"type": "Feature", "properties": {"node_id": 811, "node_type": "junction", "degree": 3, "link_types": "crosswalk"}, "geometry": {"type": "Point", "coordinates": [-71.0787467, 42.4216872]}}, {"type": "Feature", "properties": {"node_id": 812, "node_type": "junction", "degree": 3, "link_types": "sidewalk"}, "geometry": {"type": "Point", "coordinates": [-71.0765673, 42.4247403]}}, {"type": "Feature", "properties": {"node_id": 813, "node_type": "type_change", "degree": 2, "link_types": "midblock+sidewalk"}, "geometry": {"type": "Point", "coordinates": [-71.07654, 42.4249445]}}, {"type": "Feature", "properties": {"node_id": 814, "node_type": "type_change", "degree": 2, "link_types": "midblock+sidewalk"}, "geometry": {"type": "Point", "coordinates": [-71.076539, 42.4249581]}}, {"type": "Feature", "properties": {"node_id": 815, "node_type": "type_change", "degree": 2, "link_types": "midblock+sidewalk"}, "geometry": {"type": "Point", "coordinates": [-71.0765314, 42.4250637]}}, {"type": "Feature", "properties": {"node_id": 816, "node_type": "endpoint", "degree": 1, "link_types": "midblock"}, "geometry": {"type": "Point", "coordinates": [-71.0765307, 42.4250738]}}, {"type": "Feature", "properties": {"node_id": 817, "node_type": "junction", "degree": 3, "link_types": "sidewalk"}, "geometry": {"type": "Point", "coordinates": [-71.0765673, 42.4247396]}}, {"type": "Feature", "properties": {"node_id": 818, "node_type": "type_change", "degree": 3, "link_types": "pseudo+sidewalk"}, "geometry": {"type": "Point", "coordinates": [-71.0765663, 42.4247396]}}, {"type": "Feature", "properties": {"node_id": 819, "node_type": "junction", "degree": 3, "link_types": "pseudo"}, "geometry": {"type": "Point", "coordinates": [-71.0664402, 42.4206735]}}, {"type": "Feature", "properties": {"node_id": 820, "node_type": "type_change", "degree": 2, "link_types": "pseudo+sidewalk"}, "geometry": {"type": "Point", "coordinates": [-71.0664412, 42.4206742]}}, {"type": "Feature", "properties": {"node_id": 821, "node_type": "type_change", "degree": 2, "link_types": "midblock+sidewalk"}, "geometry": {"type": "Point", "coordinates": [-71.066536, 42.420795]}}, {"type": "Feature", "properties": {"node_id": 822, "node_type": "type_change", "degree": 2, "link_types": "midblock+sidewalk"}, "geometry": {"type": "Point", "coordinates": [-71.0665611, 42.4208315]}}, {"type": "Feature", "properties": {"node_id": 823, "node_type": "type_change", "degree": 2, "link_types": "midblock+sidewalk"}, "geometry": {"type": "Point", "coordinates": [-71.0665702, 42.4208434]}}, {"type": "Feature", "properties": {"node_id": 824, "node_type": "type_change", "degree": 2, "link_types": "midblock+sidewalk"}, "geometry": {"type": "Point", "coordinates": [-71.0666431, 42.4209349]}}, {"type": "Feature", "properties": {"node_id": 825, "node_type": "endpoint", "degree": 1, "link_types": "sidewalk"}, "geometry": {"type": "Point", "coordinates": [-71.0667533, 42.421116]}}, {"type": "Feature", "properties": {"node_id": 826, "node_type": "type_change", "degree": 2, "link_types": "pseudo+sidewalk"}, "geometry": {"type": "Point", "coordinates": [-71.0664393, 42.4206742]}}, {"type": "Feature", "properties": {"node_id": 827, "node_type": "endpoint", "degree": 1, "link_types": "sidewalk"}, "geometry": {"type": "Point", "coordinates": [-71.0663341, 42.4206985]}}, {"type": "Feature", "properties": {"node_id": 828, "node_type": "type_change", "degree": 2, "link_types": "crosswalk+pseudo"}, "geometry": {"type": "Point", "coordinates": [-71.06644, 42.420667]}}, {"type": "Feature", "properties": {"node_id": 829, "node_type": "type_change", "degree": 2, "link_types": "crosswalk+pseudo"}, "geometry": {"type": "Point", "coordinates": [-71.0663689, 42.4205732]}}, {"type": "Feature", "properties": {"node_id": 830, "node_type": "junction", "degree": 3, "link_types": "sidewalk"}, "geometry": {"type": "Point", "coordinates": [-71.0797626, 42.4186494]}}, {"type": "Feature", "properties": {"node_id": 831, "node_type": "junction", "degree": 3, "link_types": "sidewalk"}, "geometry": {"type": "Point", "coordinates": [-71.0797635, 42.4186494]}}, {"type": "Feature", "properties": {"node_id": 832, "node_type": "endpoint", "degree": 1, "link_types": "sidewalk"}, "geometry": {"type": "Point", "coordinates": [-71.0797042, 42.418649]}}, {"type": "Feature", "properties": {"node_id": 833, "node_type": "type_change", "degree": 3, "link_types": "pseudo+sidewalk"}, "geometry": {"type": "Point", "coordinates": [-71.0797635, 42.4186487]}}, {"type": "Feature", "properties": {"node_id": 834, "node_type": "endpoint", "degree": 1, "link_types": "sidewalk"}, "geometry": {"type": "Point", "coordinates": [-71.0686587, 42.4217855]}}, {"type": "Feature", "properties": {"node_id": 835, "node_type": "type_change", "degree": 2, "link_types": "midblock+sidewalk"}, "geometry": {"type": "Point", "coordinates": [-71.0686728, 42.4220164]}}, {"type": "Feature", "properties": {"node_id": 836, "node_type": "type_change", "degree": 2, "link_types": "midblock+sidewalk"}, "geometry": {"type": "Point", "coordinates": [-71.0686769, 42.4220456]}}, {"type": "Feature", "properties": {"node_id": 837, "node_type": "type_change", "degree": 2, "link_types": "midblock+sidewalk"}, "geometry": {"type": "Point", "coordinates": [-71.0686852, 42.4220867]}}, {"type": "Feature", "properties": {"node_id": 838, "node_type": "type_change", "degree": 2, "link_types": "midblock+sidewalk"}, "geometry": {"type": "Point", "coordinates": [-71.0687022, 42.4221549]}}, {"type": "Feature", "properties": {"node_id": 839, "node_type": "junction", "degree": 3, "link_types": "sidewalk"}, "geometry": {"type": "Point", "coordinates": [-71.068767, 42.4224456]}}, {"type": "Feature", "properties": {"node_id": 840, "node_type": "endpoint", "degree": 1, "link_types": "sidewalk"}, "geometry": {"type": "Point", "coordinates": [-71.0707395, 42.42066]}}, {"type": "Feature", "properties": {"node_id": 841, "node_type": "junction", "degree": 3, "link_types": "sidewalk"}, "geometry": {"type": "Point", "coordinates": [-71.0707631, 42.4208159]}}, {"type": "Feature", "properties": {"node_id": 842, "node_type": "endpoint", "degree": 1, "link_types": "midblock"}, "geometry": {"type": "Point", "coordinates": [-71.0708489, 42.4181632]}}, {"type": "Feature", "properties": {"node_id": 843, "node_type": "type_change", "degree": 2, "link_types": "midblock+sidewalk"}, "geometry": {"type": "Point", "coordinates": [-71.0708151, 42.4181692]}}, {"type": "Feature", "properties": {"node_id": 844, "node_type": "junction", "degree": 3, "link_types": "sidewalk"}, "geometry": {"type": "Point", "coordinates": [-71.0707551, 42.41818]}}, {"type": "Feature", "properties": {"node_id": 845, "node_type": "endpoint", "degree": 1, "link_types": "sidewalk"}, "geometry": {"type": "Point", "coordinates": [-71.0780505, 42.4177129]}}, {"type": "Feature", "properties": {"node_id": 846, "node_type": "type_change", "degree": 3, "link_types": "crosswalk+pseudo+sidewalk"}, "geometry": {"type": "Point", "coordinates": [-71.0777283, 42.4177324]}}, {"type": "Feature", "properties": {"node_id": 847, "node_type": "type_change", "degree": 2, "link_types": "pseudo+sidewalk"}, "geometry": {"type": "Point", "coordinates": [-71.0800307, 42.4217604]}}, {"type": "Feature", "properties": {"node_id": 848, "node_type": "type_change", "degree": 3, "link_types": "pseudo+sidewalk"}, "geometry": {"type": "Point", "coordinates": [-71.0801133, 42.4218173]}}, {"type": "Feature", "properties": {"node_id": 849, "node_type": "type_change", "degree": 2, "link_types": "pseudo+sidewalk"}, "geometry": {"type": "Point", "coordinates": [-71.0800288, 42.4217605]}}, {"type": "Feature", "properties": {"node_id": 850, "node_type": "type_change", "degree": 2, "link_types": "midblock+sidewalk"}, "geometry": {"type": "Point", "coordinates": [-71.0797726, 42.4217598]}}, {"type": "Feature", "properties": {"node_id": 851, "node_type": "type_change", "degree": 2, "link_types": "midblock+sidewalk"}, "geometry": {"type": "Point", "coordinates": [-71.0796823, 42.4217596]}}, {"type": "Feature", "properties": {"node_id": 852, "node_type": "junction", "degree": 3, "link_types": "sidewalk"}, "geometry": {"type": "Point", "coordinates": [-71.0794074, 42.4217883]}}, {"type": "Feature", "properties": {"node_id": 853, "node_type": "endpoint", "degree": 1, "link_types": "sidewalk"}, "geometry": {"type": "Point", "coordinates": [-71.0808839, 42.4266237]}}, {"type": "Feature", "properties": {"node_id": 854, "node_type": "type_change", "degree": 2, "link_types": "pseudo+sidewalk"}, "geometry": {"type": "Point", "coordinates": [-71.0808849, 42.4266244]}}, {"type": "Feature", "properties": {"node_id": 855, "node_type": "type_change", "degree": 2, "link_types": "crosswalk+pseudo"}, "geometry": {"type": "Point", "coordinates": [-71.0809026, 42.4266291]}}, {"type": "Feature", "properties": {"node_id": 856, "node_type": "type_change", "degree": 3, "link_types": "crosswalk+sidewalk"}, "geometry": {"type": "Point", "coordinates": [-71.0809072, 42.4265051]}}, {"type": "Feature", "properties": {"node_id": 857, "node_type": "junction", "degree": 3, "link_types": "sidewalk"}, "geometry": {"type": "Point", "coordinates": [-71.0787108, 42.4272215]}}, {"type": "Feature", "properties": {"node_id": 858, "node_type": "junction", "degree": 3, "link_types": "sidewalk"}, "geometry": {"type": "Point", "coordinates": [-71.0787109, 42.4272222]}}, {"type": "Feature", "properties": {"node_id": 859, "node_type": "junction", "degree": 3, "link_types": "sidewalk"}, "geometry": {"type": "Point", "coordinates": [-71.0787099, 42.4272215]}}, {"type": "Feature", "properties": {"node_id": 860, "node_type": "endpoint", "degree": 1, "link_types": "sidewalk"}, "geometry": {"type": "Point", "coordinates": [-71.0787212, 42.4271529]}}, {"type": "Feature", "properties": {"node_id": 861, "node_type": "junction", "degree": 3, "link_types": "sidewalk"}, "geometry": {"type": "Point", "coordinates": [-71.0805776, 42.4240941]}}, {"type": "Feature", "properties": {"node_id": 862, "node_type": "endpoint", "degree": 1, "link_types": "sidewalk"}, "geometry": {"type": "Point", "coordinates": [-71.0805894, 42.4241882]}}, {"type": "Feature", "properties": {"node_id": 863, "node_type": "type_change", "degree": 3, "link_types": "pseudo+sidewalk"}, "geometry": {"type": "Point", "coordinates": [-71.0805785, 42.4240933]}}, {"type": "Feature", "properties": {"node_id": 864, "node_type": "junction", "degree": 3, "link_types": "sidewalk"}, "geometry": {"type": "Point", "coordinates": [-71.0805775, 42.4240933]}}, {"type": "Feature", "properties": {"node_id": 865, "node_type": "endpoint", "degree": 1, "link_types": "crosswalk"}, "geometry": {"type": "Point", "coordinates": [-71.0690497, 42.4253345]}}, {"type": "Feature", "properties": {"node_id": 866, "node_type": "type_change", "degree": 2, "link_types": "crosswalk+pseudo"}, "geometry": {"type": "Point", "coordinates": [-71.0690221, 42.4254121]}}, {"type": "Feature", "properties": {"node_id": 867, "node_type": "junction", "degree": 3, "link_types": "sidewalk"}, "geometry": {"type": "Point", "coordinates": [-71.0707527, 42.420824]}}, {"type": "Feature", "properties": {"node_id": 868, "node_type": "type_change", "degree": 2, "link_types": "pseudo+sidewalk"}, "geometry": {"type": "Point", "coordinates": [-71.0707537, 42.4208247]}}, {"type": "Feature", "properties": {"node_id": 869, "node_type": "type_change", "degree": 2, "link_types": "crosswalk+pseudo"}, "geometry": {"type": "Point", "coordinates": [-71.0707597, 42.4208289]}}, {"type": "Feature", "properties": {"node_id": 870, "node_type": "type_change", "degree": 2, "link_types": "crosswalk+pseudo"}, "geometry": {"type": "Point", "coordinates": [-71.0707764, 42.4208661]}}, {"type": "Feature", "properties": {"node_id": 871, "node_type": "type_change", "degree": 2, "link_types": "pseudo+sidewalk"}, "geometry": {"type": "Point", "coordinates": [-71.070787, 42.4208616]}}, {"type": "Feature", "properties": {"node_id": 872, "node_type": "endpoint", "degree": 1, "link_types": "sidewalk"}, "geometry": {"type": "Point", "coordinates": [-71.0707763, 42.4210088]}}, {"type": "Feature", "properties": {"node_id": 873, "node_type": "junction", "degree": 3, "link_types": "crosswalk"}, "geometry": {"type": "Point", "coordinates": [-71.0796122, 42.4252492]}}, {"type": "Feature", "properties": {"node_id": 874, "node_type": "type_change", "degree": 3, "link_types": "crosswalk+sidewalk"}, "geometry": {"type": "Point", "coordinates": [-71.079622, 42.4253383]}}, {"type": "Feature", "properties": {"node_id": 875, "node_type": "type_change", "degree": 2, "link_types": "crosswalk+sidewalk"}, "geometry": {"type": "Point", "coordinates": [-71.0796132, 42.4252484]}}, {"type": "Feature", "properties": {"node_id": 876, "node_type": "endpoint", "degree": 1, "link_types": "sidewalk"}, "geometry": {"type": "Point", "coordinates": [-71.0799262, 42.4251873]}}, {"type": "Feature", "properties": {"node_id": 877, "node_type": "type_change", "degree": 2, "link_types": "crosswalk+sidewalk"}, "geometry": {"type": "Point", "coordinates": [-71.0796112, 42.4252485]}}, {"type": "Feature", "properties": {"node_id": 878, "node_type": "endpoint", "degree": 1, "link_types": "sidewalk"}, "geometry": {"type": "Point", "coordinates": [-71.0795575, 42.4250931]}}, {"type": "Feature", "properties": {"node_id": 879, "node_type": "junction", "degree": 3, "link_types": "crosswalk"}, "geometry": {"type": "Point", "coordinates": [-71.070592, 42.4168004]}}, {"type": "Feature", "properties": {"node_id": 880, "node_type": "type_change", "degree": 2, "link_types": "crosswalk+pseudo"}, "geometry": {"type": "Point", "coordinates": [-71.0705921, 42.4168011]}}, {"type": "Feature", "properties": {"node_id": 881, "node_type": "type_change", "degree": 3, "link_types": "pseudo+sidewalk"}, "geometry": {"type": "Point", "coordinates": [-71.0705941, 42.4168047]}}, {"type": "Feature", "properties": {"node_id": 882, "node_type": "type_change", "degree": 2, "link_types": "crosswalk+pseudo"}, "geometry": {"type": "Point", "coordinates": [-71.0706105, 42.4167986]}}, {"type": "Feature", "properties": {"node_id": 883, "node_type": "type_change", "degree": 3, "link_types": "pseudo+sidewalk"}, "geometry": {"type": "Point", "coordinates": [-71.0706125, 42.4168015]}}, {"type": "Feature", "properties": {"node_id": 884, "node_type": "type_change", "degree": 3, "link_types": "crosswalk+pseudo"}, "geometry": {"type": "Point", "coordinates": [-71.0705911, 42.4167997]}}, {"type": "Feature", "properties": {"node_id": 885, "node_type": "endpoint", "degree": 1, "link_types": "sidewalk"}, "geometry": {"type": "Point", "coordinates": [-71.0710334, 42.4240638]}}, {"type": "Feature", "properties": {"node_id": 886, "node_type": "junction", "degree": 3, "link_types": "sidewalk"}, "geometry": {"type": "Point", "coordinates": [-71.0710391, 42.4240017]}}, {"type": "Feature", "properties": {"node_id": 887, "node_type": "endpoint", "degree": 1, "link_types": "sidewalk"}, "geometry": {"type": "Point", "coordinates": [-71.0842504, 42.4202796]}}, {"type": "Feature", "properties": {"node_id": 888, "node_type": "endpoint", "degree": 1, "link_types": "sidewalk"}, "geometry": {"type": "Point", "coordinates": [-71.0840133, 42.420374]}}, {"type": "Feature", "properties": {"node_id": 889, "node_type": "junction", "degree": 3, "link_types": "pseudo"}, "geometry": {"type": "Point", "coordinates": [-71.0829774, 42.4177193]}}, {"type": "Feature", "properties": {"node_id": 890, "node_type": "type_change", "degree": 2, "link_types": "pseudo+sidewalk"}, "geometry": {"type": "Point", "coordinates": [-71.0829784, 42.41772]}}, {"type": "Feature", "properties": {"node_id": 891, "node_type": "junction", "degree": 3, "link_types": "sidewalk"}, "geometry": {"type": "Point", "coordinates": [-71.0829871, 42.4177198]}}, {"type": "Feature", "properties": {"node_id": 892, "node_type": "type_change", "degree": 2, "link_types": "pseudo+sidewalk"}, "geometry": {"type": "Point", "coordinates": [-71.0829764, 42.41772]}}, {"type": "Feature", "properties": {"node_id": 893, "node_type": "type_change", "degree": 2, "link_types": "midblock+sidewalk"}, "geometry": {"type": "Point", "coordinates": [-71.0826554, 42.4177173]}}, {"type": "Feature", "properties": {"node_id": 894, "node_type": "type_change", "degree": 2, "link_types": "midblock+sidewalk"}, "geometry": {"type": "Point", "coordinates": [-71.082638, 42.4177172]}}, {"type": "Feature", "properties": {"node_id": 895, "node_type": "type_change", "degree": 2, "link_types": "midblock+sidewalk"}, "geometry": {"type": "Point", "coordinates": [-71.0825123, 42.4177188]}}, {"type": "Feature", "properties": {"node_id": 896, "node_type": "type_change", "degree": 2, "link_types": "midblock+sidewalk"}, "geometry": {"type": "Point", "coordinates": [-71.08246, 42.4177164]}}, {"type": "Feature", "properties": {"node_id": 897, "node_type": "type_change", "degree": 2, "link_types": "midblock+sidewalk"}, "geometry": {"type": "Point", "coordinates": [-71.0821047, 42.4177181]}}, {"type": "Feature", "properties": {"node_id": 898, "node_type": "type_change", "degree": 2, "link_types": "midblock+sidewalk"}, "geometry": {"type": "Point", "coordinates": [-71.0820671, 42.4177163]}}, {"type": "Feature", "properties": {"node_id": 899, "node_type": "type_change", "degree": 2, "link_types": "midblock+sidewalk"}, "geometry": {"type": "Point", "coordinates": [-71.0819184, 42.4177156]}}, {"type": "Feature", "properties": {"node_id": 900, "node_type": "type_change", "degree": 2, "link_types": "midblock+sidewalk"}, "geometry": {"type": "Point", "coordinates": [-71.0818961, 42.4177156]}}, {"type": "Feature", "properties": {"node_id": 901, "node_type": "type_change", "degree": 2, "link_types": "midblock+sidewalk"}, "geometry": {"type": "Point", "coordinates": [-71.0815127, 42.4177144]}}, {"type": "Feature", "properties": {"node_id": 902, "node_type": "type_change", "degree": 2, "link_types": "midblock+sidewalk"}, "geometry": {"type": "Point", "coordinates": [-71.0814651, 42.4177143]}}, {"type": "Feature", "properties": {"node_id": 903, "node_type": "junction", "degree": 3, "link_types": "sidewalk"}, "geometry": {"type": "Point", "coordinates": [-71.0813197, 42.4177213]}}, {"type": "Feature", "properties": {"node_id": 904, "node_type": "type_change", "degree": 2, "link_types": "crosswalk+pseudo"}, "geometry": {"type": "Point", "coordinates": [-71.0829769, 42.4177056]}}, {"type": "Feature", "properties": {"node_id": 905, "node_type": "type_change", "degree": 2, "link_types": "crosswalk+pseudo"}, "geometry": {"type": "Point", "coordinates": [-71.082986, 42.4175981]}}, {"type": "Feature", "properties": {"node_id": 906, "node_type": "junction", "degree": 3, "link_types": "pseudo"}, "geometry": {"type": "Point", "coordinates": [-71.0829818, 42.4175874]}}, {"type": "Feature", "properties": {"node_id": 907, "node_type": "junction", "degree": 3, "link_types": "sidewalk"}, "geometry": {"type": "Point", "coordinates": [-71.0707541, 42.41818]}}, {"type": "Feature", "properties": {"node_id": 908, "node_type": "endpoint", "degree": 1, "link_types": "sidewalk"}, "geometry": {"type": "Point", "coordinates": [-71.0707283, 42.4183109]}}, {"type": "Feature", "properties": {"node_id": 909, "node_type": "type_change", "degree": 3, "link_types": "pseudo+sidewalk"}, "geometry": {"type": "Point", "coordinates": [-71.0707541, 42.4181793]}}, {"type": "Feature", "properties": {"node_id": 910, "node_type": "junction", "degree": 3, "link_types": "sidewalk"}, "geometry": {"type": "Point", "coordinates": [-71.0778781, 42.4270061]}}, {"type": "Feature", "properties": {"node_id": 911, "node_type": "type_change", "degree": 2, "link_types": "midblock+sidewalk"}, "geometry": {"type": "Point", "coordinates": [-71.0782282, 42.4269717]}}, {"type": "Feature", "properties": {"node_id": 912, "node_type": "type_change", "degree": 2, "link_types": "midblock+sidewalk"}, "geometry": {"type": "Point", "coordinates": [-71.0782514, 42.4269701]}}, {"type": "Feature", "properties": {"node_id": 913, "node_type": "junction", "degree": 3, "link_types": "sidewalk"}, "geometry": {"type": "Point", "coordinates": [-71.078381, 42.4269523]}}, {"type": "Feature", "properties": {"node_id": 914, "node_type": "type_change", "degree": 3, "link_types": "pseudo+sidewalk"}, "geometry": {"type": "Point", "coordinates": [-71.0778771, 42.4270054]}}, {"type": "Feature", "properties": {"node_id": 915, "node_type": "junction", "degree": 3, "link_types": "sidewalk"}, "geometry": {"type": "Point", "coordinates": [-71.0705951, 42.4168054]}}, {"type": "Feature", "properties": {"node_id": 916, "node_type": "junction", "degree": 3, "link_types": "sidewalk"}, "geometry": {"type": "Point", "coordinates": [-71.0706125, 42.4168022]}}, {"type": "Feature", "properties": {"node_id": 917, "node_type": "endpoint", "degree": 1, "link_types": "sidewalk"}, "geometry": {"type": "Point", "coordinates": [-71.073603, 42.4264085]}}, {"type": "Feature", "properties": {"node_id": 918, "node_type": "type_change", "degree": 2, "link_types": "midblock+sidewalk"}, "geometry": {"type": "Point", "coordinates": [-71.0736594, 42.4263681]}}, {"type": "Feature", "properties": {"node_id": 919, "node_type": "type_change", "degree": 2, "link_types": "midblock+sidewalk"}, "geometry": {"type": "Point", "coordinates": [-71.0736972, 42.4263687]}}, {"type": "Feature", "properties": {"node_id": 920, "node_type": "junction", "degree": 3, "link_types": "sidewalk"}, "geometry": {"type": "Point", "coordinates": [-71.0738075, 42.4263579]}}, {"type": "Feature", "properties": {"node_id": 921, "node_type": "endpoint", "degree": 1, "link_types": "crosswalk"}, "geometry": {"type": "Point", "coordinates": [-71.0809089, 42.4185911]}}, {"type": "Feature", "properties": {"node_id": 922, "node_type": "endpoint", "degree": 1, "link_types": "crosswalk"}, "geometry": {"type": "Point", "coordinates": [-71.0809362, 42.4185935]}}, {"type": "Feature", "properties": {"node_id": 923, "node_type": "junction", "degree": 3, "link_types": "pseudo"}, "geometry": {"type": "Point", "coordinates": [-71.0688037, 42.4163781]}}, {"type": "Feature", "properties": {"node_id": 924, "node_type": "type_change", "degree": 3, "link_types": "pseudo+sidewalk"}, "geometry": {"type": "Point", "coordinates": [-71.0688047, 42.4163788]}}, {"type": "Feature", "properties": {"node_id": 925, "node_type": "type_change", "degree": 3, "link_types": "pseudo+sidewalk"}, "geometry": {"type": "Point", "coordinates": [-71.0688047, 42.4163781]}}, {"type": "Feature", "properties": {"node_id": 926, "node_type": "type_change", "degree": 2, "link_types": "crosswalk+pseudo"}, "geometry": {"type": "Point", "coordinates": [-71.0687871, 42.4163748]}}, {"type": "Feature", "properties": {"node_id": 927, "node_type": "type_change", "degree": 2, "link_types": "crosswalk+pseudo"}, "geometry": {"type": "Point", "coordinates": [-71.0687843, 42.4164383]}}, {"type": "Feature", "properties": {"node_id": 928, "node_type": "type_change", "degree": 3, "link_types": "pseudo+sidewalk"}, "geometry": {"type": "Point", "coordinates": [-71.0688064, 42.4164307]}}, {"type": "Feature", "properties": {"node_id": 929, "node_type": "endpoint", "degree": 1, "link_types": "crosswalk"}, "geometry": {"type": "Point", "coordinates": [-71.0799534, 42.4175984]}}, {"type": "Feature", "properties": {"node_id": 930, "node_type": "type_change", "degree": 3, "link_types": "crosswalk+pseudo"}, "geometry": {"type": "Point", "coordinates": [-71.0798783, 42.417563]}}, {"type": "Feature", "properties": {"node_id": 931, "node_type": "junction", "degree": 3, "link_types": "pseudo"}, "geometry": {"type": "Point", "coordinates": [-71.080638, 42.4234503]}}, {"type": "Feature", "properties": {"node_id": 932, "node_type": "type_change", "degree": 3, "link_types": "pseudo+sidewalk"}, "geometry": {"type": "Point", "coordinates": [-71.080639, 42.423451]}}, {"type": "Feature", "properties": {"node_id": 933, "node_type": "type_change", "degree": 3, "link_types": "pseudo+sidewalk"}, "geometry": {"type": "Point", "coordinates": [-71.0806389, 42.4234503]}}, {"type": "Feature", "properties": {"node_id": 934, "node_type": "type_change", "degree": 2, "link_types": "crosswalk+pseudo"}, "geometry": {"type": "Point", "coordinates": [-71.0806243, 42.4234477]}}, {"type": "Feature", "properties": {"node_id": 935, "node_type": "type_change", "degree": 2, "link_types": "crosswalk+pseudo"}, "geometry": {"type": "Point", "coordinates": [-71.0804159, 42.4234097]}}, {"type": "Feature", "properties": {"node_id": 936, "node_type": "endpoint", "degree": 1, "link_types": "pseudo"}, "geometry": {"type": "Point", "coordinates": [-71.0804127, 42.4234011]}}, {"type": "Feature", "properties": {"node_id": 937, "node_type": "junction", "degree": 3, "link_types": "sidewalk"}, "geometry": {"type": "Point", "coordinates": [-71.0764325, 42.4261051]}}, {"type": "Feature", "properties": {"node_id": 938, "node_type": "type_change", "degree": 3, "link_types": "pseudo+sidewalk"}, "geometry": {"type": "Point", "coordinates": [-71.0764325, 42.4261058]}}, {"type": "Feature", "properties": {"node_id": 939, "node_type": "type_change", "degree": 3, "link_types": "pseudo+sidewalk"}, "geometry": {"type": "Point", "coordinates": [-71.0764335, 42.4261051]}}, {"type": "Feature", "properties": {"node_id": 940, "node_type": "junction", "degree": 3, "link_types": "sidewalk"}, "geometry": {"type": "Point", "coordinates": [-71.0764275, 42.4261001]}}, {"type": "Feature", "properties": {"node_id": 941, "node_type": "endpoint", "degree": 1, "link_types": "sidewalk"}, "geometry": {"type": "Point", "coordinates": [-71.0706282, 42.4280609]}}, {"type": "Feature", "properties": {"node_id": 942, "node_type": "type_change", "degree": 3, "link_types": "pseudo+sidewalk"}, "geometry": {"type": "Point", "coordinates": [-71.0707219, 42.4280102]}}, {"type": "Feature", "properties": {"node_id": 943, "node_type": "junction", "degree": 3, "link_types": "sidewalk"}, "geometry": {"type": "Point", "coordinates": [-71.0827312, 42.423792]}}, {"type": "Feature", "properties": {"node_id": 944, "node_type": "type_change", "degree": 3, "link_types": "pseudo+sidewalk"}, "geometry": {"type": "Point", "coordinates": [-71.0827322, 42.4237927]}}, {"type": "Feature", "properties": {"node_id": 945, "node_type": "type_change", "degree": 3, "link_types": "pseudo+sidewalk"}, "geometry": {"type": "Point", "coordinates": [-71.0827312, 42.4237927]}}, {"type": "Feature", "properties": {"node_id": 946, "node_type": "type_change", "degree": 2, "link_types": "midblock+sidewalk"}, "geometry": {"type": "Point", "coordinates": [-71.0825139, 42.4235829]}}, {"type": "Feature", "properties": {"node_id": 947, "node_type": "type_change", "degree": 2, "link_types": "midblock+sidewalk"}, "geometry": {"type": "Point", "coordinates": [-71.0824694, 42.423542]}}, {"type": "Feature", "properties": {"node_id": 948, "node_type": "junction", "degree": 3, "link_types": "sidewalk"}, "geometry": {"type": "Point", "coordinates": [-71.0823708, 42.4234513]}}, {"type": "Feature", "properties": {"node_id": 949, "node_type": "junction", "degree": 3, "link_types": "sidewalk"}, "geometry": {"type": "Point", "coordinates": [-71.0794409, 42.4251831]}}, {"type": "Feature", "properties": {"node_id": 950, "node_type": "junction", "degree": 3, "link_types": "sidewalk"}, "geometry": {"type": "Point", "coordinates": [-71.0794418, 42.4251831]}}, {"type": "Feature", "properties": {"node_id": 951, "node_type": "type_change", "degree": 2, "link_types": "midblock+sidewalk"}, "geometry": {"type": "Point", "coordinates": [-71.0792288, 42.4251802]}}, {"type": "Feature", "properties": {"node_id": 952, "node_type": "type_change", "degree": 2, "link_types": "midblock+sidewalk"}, "geometry": {"type": "Point", "coordinates": [-71.0791734, 42.4251797]}}, {"type": "Feature", "properties": {"node_id": 953, "node_type": "type_change", "degree": 2, "link_types": "midblock+sidewalk"}, "geometry": {"type": "Point", "coordinates": [-71.0790636, 42.4251788]}}, {"type": "Feature", "properties": {"node_id": 954, "node_type": "type_change", "degree": 2, "link_types": "midblock+sidewalk"}, "geometry": {"type": "Point", "coordinates": [-71.0790287, 42.4251784]}}, {"type": "Feature", "properties": {"node_id": 955, "node_type": "type_change", "degree": 2, "link_types": "midblock+sidewalk"}, "geometry": {"type": "Point", "coordinates": [-71.0787333, 42.4251758]}}, {"type": "Feature", "properties": {"node_id": 956, "node_type": "type_change", "degree": 2, "link_types": "midblock+sidewalk"}, "geometry": {"type": "Point", "coordinates": [-71.0786924, 42.4251754]}}, {"type": "Feature", "properties": {"node_id": 957, "node_type": "type_change", "degree": 2, "link_types": "midblock+sidewalk"}, "geometry": {"type": "Point", "coordinates": [-71.0785914, 42.4251745]}}, {"type": "Feature", "properties": {"node_id": 958, "node_type": "type_change", "degree": 2, "link_types": "midblock+sidewalk"}, "geometry": {"type": "Point", "coordinates": [-71.0784981, 42.4251736]}}, {"type": "Feature", "properties": {"node_id": 959, "node_type": "type_change", "degree": 2, "link_types": "pseudo+sidewalk"}, "geometry": {"type": "Point", "coordinates": [-71.0782138, 42.4251866]}}, {"type": "Feature", "properties": {"node_id": 960, "node_type": "type_change", "degree": 2, "link_types": "crosswalk+pseudo"}, "geometry": {"type": "Point", "coordinates": [-71.078204, 42.4251854]}}, {"type": "Feature", "properties": {"node_id": 961, "node_type": "endpoint", "degree": 1, "link_types": "crosswalk"}, "geometry": {"type": "Point", "coordinates": [-71.0781622, 42.4251559]}}, {"type": "Feature", "properties": {"node_id": 962, "node_type": "type_change", "degree": 3, "link_types": "pseudo+sidewalk"}, "geometry": {"type": "Point", "coordinates": [-71.0794418, 42.4251824]}}, {"type": "Feature", "properties": {"node_id": 963, "node_type": "junction", "degree": 3, "link_types": "pseudo"}, "geometry": {"type": "Point", "coordinates": [-71.069946, 42.4237319]}}, {"type": "Feature", "properties": {"node_id": 964, "node_type": "type_change", "degree": 3, "link_types": "pseudo+sidewalk"}, "geometry": {"type": "Point", "coordinates": [-71.0699451, 42.4237326]}}, {"type": "Feature", "properties": {"node_id": 965, "node_type": "type_change", "degree": 2, "link_types": "crosswalk+pseudo"}, "geometry": {"type": "Point", "coordinates": [-71.0699523, 42.4237166]}}, {"type": "Feature", "properties": {"node_id": 966, "node_type": "type_change", "degree": 2, "link_types": "crosswalk+pseudo"}, "geometry": {"type": "Point", "coordinates": [-71.0700212, 42.4237421]}}, {"type": "Feature", "properties": {"node_id": 967, "node_type": "endpoint", "degree": 1, "link_types": "pseudo"}, "geometry": {"type": "Point", "coordinates": [-71.0700199, 42.4237305]}}, {"type": "Feature", "properties": {"node_id": 968, "node_type": "endpoint", "degree": 1, "link_types": "sidewalk"}, "geometry": {"type": "Point", "coordinates": [-71.0750525, 42.4223593]}}, {"type": "Feature", "properties": {"node_id": 969, "node_type": "junction", "degree": 3, "link_types": "sidewalk"}, "geometry": {"type": "Point", "coordinates": [-71.0749978, 42.4225001]}}, {"type": "Feature", "properties": {"node_id": 970, "node_type": "junction", "degree": 3, "link_types": "sidewalk"}, "geometry": {"type": "Point", "coordinates": [-71.0694174, 42.4254287]}}, {"type": "Feature", "properties": {"node_id": 971, "node_type": "junction", "degree": 3, "link_types": "sidewalk"}, "geometry": {"type": "Point", "coordinates": [-71.0694175, 42.4254294]}}, {"type": "Feature", "properties": {"node_id": 972, "node_type": "endpoint", "degree": 1, "link_types": "sidewalk"}, "geometry": {"type": "Point", "coordinates": [-71.0694184, 42.4254265]}}, {"type": "Feature", "properties": {"node_id": 973, "node_type": "junction", "degree": 3, "link_types": "pseudo"}, "geometry": {"type": "Point", "coordinates": [-71.0667321, 42.4268921]}}, {"type": "Feature", "properties": {"node_id": 974, "node_type": "type_change", "degree": 2, "link_types": "crosswalk+pseudo"}, "geometry": {"type": "Point", "coordinates": [-71.0667478, 42.4268976]}}, {"type": "Feature", "properties": {"node_id": 975, "node_type": "type_change", "degree": 2, "link_types": "crosswalk+pseudo"}, "geometry": {"type": "Point", "coordinates": [-71.0668932, 42.4270311]}}, {"type": "Feature", "properties": {"node_id": 976, "node_type": "type_change", "degree": 3, "link_types": "pseudo+sidewalk"}, "geometry": {"type": "Point", "coordinates": [-71.0667311, 42.4268921]}}, {"type": "Feature", "properties": {"node_id": 977, "node_type": "type_change", "degree": 3, "link_types": "pseudo+sidewalk"}, "geometry": {"type": "Point", "coordinates": [-71.0667311, 42.4268914]}}, {"type": "Feature", "properties": {"node_id": 978, "node_type": "junction", "degree": 3, "link_types": "sidewalk"}, "geometry": {"type": "Point", "coordinates": [-71.0749707, 42.4260999]}}, {"type": "Feature", "properties": {"node_id": 979, "node_type": "endpoint", "degree": 1, "link_types": "sidewalk"}, "geometry": {"type": "Point", "coordinates": [-71.0749997, 42.4260928]}}, {"type": "Feature", "properties": {"node_id": 980, "node_type": "type_change", "degree": 3, "link_types": "pseudo+sidewalk"}, "geometry": {"type": "Point", "coordinates": [-71.0749698, 42.4260999]}}, {"type": "Feature", "properties": {"node_id": 981, "node_type": "type_change", "degree": 3, "link_types": "pseudo+sidewalk"}, "geometry": {"type": "Point", "coordinates": [-71.0749697, 42.4260991]}}, {"type": "Feature", "properties": {"node_id": 982, "node_type": "endpoint", "degree": 1, "link_types": "sidewalk"}, "geometry": {"type": "Point", "coordinates": [-71.0816563, 42.4233411]}}, {"type": "Feature", "properties": {"node_id": 983, "node_type": "type_change", "degree": 2, "link_types": "midblock+sidewalk"}, "geometry": {"type": "Point", "coordinates": [-71.0815637, 42.4233328]}}, {"type": "Feature", "properties": {"node_id": 984, "node_type": "type_change", "degree": 2, "link_types": "midblock+sidewalk"}, "geometry": {"type": "Point", "coordinates": [-71.0815085, 42.4233329]}}, {"type": "Feature", "properties": {"node_id": 985, "node_type": "type_change", "degree": 3, "link_types": "pseudo+sidewalk"}, "geometry": {"type": "Point", "coordinates": [-71.0812895, 42.4233333]}}, {"type": "Feature", "properties": {"node_id": 986, "node_type": "endpoint", "degree": 1, "link_types": "midblock"}, "geometry": {"type": "Point", "coordinates": [-71.0766824, 42.4216569]}}, {"type": "Feature", "properties": {"node_id": 987, "node_type": "type_change", "degree": 2, "link_types": "midblock+sidewalk"}, "geometry": {"type": "Point", "coordinates": [-71.0767095, 42.4216609]}}, {"type": "Feature", "properties": {"node_id": 988, "node_type": "type_change", "degree": 3, "link_types": "pseudo+sidewalk"}, "geometry": {"type": "Point", "coordinates": [-71.0768284, 42.4216629]}}, {"type": "Feature", "properties": {"node_id": 989, "node_type": "endpoint", "degree": 1, "link_types": "sidewalk"}, "geometry": {"type": "Point", "coordinates": [-71.0671102, 42.4276576]}}, {"type": "Feature", "properties": {"node_id": 990, "node_type": "endpoint", "degree": 1, "link_types": "sidewalk"}, "geometry": {"type": "Point", "coordinates": [-71.0670706, 42.4271907]}}, {"type": "Feature", "properties": {"node_id": 991, "node_type": "endpoint", "degree": 1, "link_types": "sidewalk"}, "geometry": {"type": "Point", "coordinates": [-71.0804913, 42.4234559]}}, {"type": "Feature", "properties": {"node_id": 992, "node_type": "junction", "degree": 3, "link_types": "sidewalk"}, "geometry": {"type": "Point", "coordinates": [-71.0804557, 42.4234666]}}, {"type": "Feature", "properties": {"node_id": 993, "node_type": "junction", "degree": 3, "link_types": "sidewalk"}, "geometry": {"type": "Point", "coordinates": [-71.0787648, 42.427678]}}, {"type": "Feature", "properties": {"node_id": 994, "node_type": "type_change", "degree": 3, "link_types": "pseudo+sidewalk"}, "geometry": {"type": "Point", "coordinates": [-71.0787658, 42.427678]}}, {"type": "Feature", "properties": {"node_id": 995, "node_type": "junction", "degree": 3, "link_types": "sidewalk"}, "geometry": {"type": "Point", "coordinates": [-71.0786092, 42.4276477]}}, {"type": "Feature", "properties": {"node_id": 996, "node_type": "type_change", "degree": 3, "link_types": "pseudo+sidewalk"}, "geometry": {"type": "Point", "coordinates": [-71.0787658, 42.4276773]}}, {"type": "Feature", "properties": {"node_id": 997, "node_type": "endpoint", "degree": 1, "link_types": "sidewalk"}, "geometry": {"type": "Point", "coordinates": [-71.0674391, 42.4238477]}}, {"type": "Feature", "properties": {"node_id": 998, "node_type": "type_change", "degree": 2, "link_types": "midblock+sidewalk"}, "geometry": {"type": "Point", "coordinates": [-71.0673943, 42.4237569]}}, {"type": "Feature", "properties": {"node_id": 999, "node_type": "type_change", "degree": 2, "link_types": "midblock+sidewalk"}, "geometry": {"type": "Point", "coordinates": [-71.0673096, 42.4236316]}}, {"type": "Feature", "properties": {"node_id": 1000, "node_type": "type_change", "degree": 3, "link_types": "pseudo+sidewalk"}, "geometry": {"type": "Point", "coordinates": [-71.0671613, 42.4234731]}}, {"type": "Feature", "properties": {"node_id": 1001, "node_type": "junction", "degree": 3, "link_types": "sidewalk"}, "geometry": {"type": "Point", "coordinates": [-71.0720188, 42.4235734]}}, {"type": "Feature", "properties": {"node_id": 1002, "node_type": "junction", "degree": 3, "link_types": "sidewalk"}, "geometry": {"type": "Point", "coordinates": [-71.0710381, 42.4236444]}}, {"type": "Feature", "properties": {"node_id": 1003, "node_type": "type_change", "degree": 3, "link_types": "pseudo+sidewalk"}, "geometry": {"type": "Point", "coordinates": [-71.0720198, 42.4235726]}}, {"type": "Feature", "properties": {"node_id": 1004, "node_type": "endpoint", "degree": 1, "link_types": "sidewalk"}, "geometry": {"type": "Point", "coordinates": [-71.068532, 42.4211833]}}, {"type": "Feature", "properties": {"node_id": 1005, "node_type": "type_change", "degree": 2, "link_types": "midblock+sidewalk"}, "geometry": {"type": "Point", "coordinates": [-71.068523, 42.4212066]}}, {"type": "Feature", "properties": {"node_id": 1006, "node_type": "type_change", "degree": 3, "link_types": "midblock+sidewalk"}, "geometry": {"type": "Point", "coordinates": [-71.0685078, 42.4212464]}}, {"type": "Feature", "properties": {"node_id": 1007, "node_type": "junction", "degree": 3, "link_types": "sidewalk"}, "geometry": {"type": "Point", "coordinates": [-71.0794542, 42.4227031]}}, {"type": "Feature", "properties": {"node_id": 1008, "node_type": "junction", "degree": 3, "link_types": "sidewalk"}, "geometry": {"type": "Point", "coordinates": [-71.0794542, 42.4227038]}}, {"type": "Feature", "properties": {"node_id": 1009, "node_type": "type_change", "degree": 3, "link_types": "pseudo+sidewalk"}, "geometry": {"type": "Point", "coordinates": [-71.0794532, 42.4227031]}}, {"type": "Feature", "properties": {"node_id": 1010, "node_type": "type_change", "degree": 2, "link_types": "midblock+sidewalk"}, "geometry": {"type": "Point", "coordinates": [-71.0798686, 42.4226863]}}, {"type": "Feature", "properties": {"node_id": 1011, "node_type": "type_change", "degree": 2, "link_types": "midblock+sidewalk"}, "geometry": {"type": "Point", "coordinates": [-71.079917, 42.4226864]}}, {"type": "Feature", "properties": {"node_id": 1012, "node_type": "type_change", "degree": 2, "link_types": "midblock+sidewalk"}, "geometry": {"type": "Point", "coordinates": [-71.0800168, 42.4226867]}}, {"type": "Feature", "properties": {"node_id": 1013, "node_type": "endpoint", "degree": 1, "link_types": "midblock"}, "geometry": {"type": "Point", "coordinates": [-71.0800956, 42.4226929]}}, {"type": "Feature", "properties": {"node_id": 1014, "node_type": "endpoint", "degree": 1, "link_types": "sidewalk"}, "geometry": {"type": "Point", "coordinates": [-71.0695166, 42.4182456]}}, {"type": "Feature", "properties": {"node_id": 1015, "node_type": "type_change", "degree": 3, "link_types": "pseudo+sidewalk"}, "geometry": {"type": "Point", "coordinates": [-71.0695148, 42.4182514]}}, {"type": "Feature", "properties": {"node_id": 1016, "node_type": "junction", "degree": 3, "link_types": "sidewalk"}, "geometry": {"type": "Point", "coordinates": [-71.0763018, 42.4260938]}}, {"type": "Feature", "properties": {"node_id": 1017, "node_type": "type_change", "degree": 3, "link_types": "pseudo+sidewalk"}, "geometry": {"type": "Point", "coordinates": [-71.076287, 42.4262359]}}, {"type": "Feature", "properties": {"node_id": 1018, "node_type": "type_change", "degree": 3, "link_types": "pseudo+sidewalk"}, "geometry": {"type": "Point", "coordinates": [-71.0763028, 42.4260937]}}, {"type": "Feature", "properties": {"node_id": 1019, "node_type": "junction", "degree": 3, "link_types": "sidewalk"}, "geometry": {"type": "Point", "coordinates": [-71.0763018, 42.426093]}}, {"type": "Feature", "properties": {"node_id": 1020, "node_type": "endpoint", "degree": 1, "link_types": "sidewalk"}, "geometry": {"type": "Point", "coordinates": [-71.0669218, 42.4267179]}}, {"type": "Feature", "properties": {"node_id": 1021, "node_type": "junction", "degree": 3, "link_types": "sidewalk"}, "geometry": {"type": "Point", "coordinates": [-71.079961, 42.4195932]}}, {"type": "Feature", "properties": {"node_id": 1022, "node_type": "type_change", "degree": 3, "link_types": "pseudo+sidewalk"}, "geometry": {"type": "Point", "coordinates": [-71.0799563, 42.4195976]}}, {"type": "Feature", "properties": {"node_id": 1023, "node_type": "junction", "degree": 3, "link_types": "sidewalk"}, "geometry": {"type": "Point", "coordinates": [-71.079962, 42.4195931]}}, {"type": "Feature", "properties": {"node_id": 1024, "node_type": "type_change", "degree": 3, "link_types": "pseudo+sidewalk"}, "geometry": {"type": "Point", "coordinates": [-71.079961, 42.4195924]}}, {"type": "Feature", "properties": {"node_id": 1025, "node_type": "junction", "degree": 3, "link_types": "crosswalk"}, "geometry": {"type": "Point", "coordinates": [-71.0813485, 42.418653]}}, {"type": "Feature", "properties": {"node_id": 1026, "node_type": "type_change", "degree": 2, "link_types": "crosswalk+sidewalk"}, "geometry": {"type": "Point", "coordinates": [-71.0813495, 42.4186537]}}, {"type": "Feature", "properties": {"node_id": 1027, "node_type": "type_change", "degree": 2, "link_types": "midblock+sidewalk"}, "geometry": {"type": "Point", "coordinates": [-71.0816739, 42.4186541]}}, {"type": "Feature", "properties": {"node_id": 1028, "node_type": "type_change", "degree": 2, "link_types": "midblock+sidewalk"}, "geometry": {"type": "Point", "coordinates": [-71.0817021, 42.4186541]}}, {"type": "Feature", "properties": {"node_id": 1029, "node_type": "type_change", "degree": 2, "link_types": "midblock+sidewalk"}, "geometry": {"type": "Point", "coordinates": [-71.0818905, 42.4186543]}}, {"type": "Feature", "properties": {"node_id": 1030, "node_type": "type_change", "degree": 2, "link_types": "midblock+sidewalk"}, "geometry": {"type": "Point", "coordinates": [-71.081943, 42.4186544]}}, {"type": "Feature", "properties": {"node_id": 1031, "node_type": "type_change", "degree": 2, "link_types": "midblock+sidewalk"}, "geometry": {"type": "Point", "coordinates": [-71.0820634, 42.4186545]}}, {"type": "Feature", "properties": {"node_id": 1032, "node_type": "type_change", "degree": 2, "link_types": "midblock+sidewalk"}, "geometry": {"type": "Point", "coordinates": [-71.082111, 42.4186545]}}, {"type": "Feature", "properties": {"node_id": 1033, "node_type": "type_change", "degree": 2, "link_types": "midblock+sidewalk"}, "geometry": {"type": "Point", "coordinates": [-71.0822499, 42.4186547]}}, {"type": "Feature", "properties": {"node_id": 1034, "node_type": "type_change", "degree": 2, "link_types": "midblock+sidewalk"}, "geometry": {"type": "Point", "coordinates": [-71.0822731, 42.4186558]}}, {"type": "Feature", "properties": {"node_id": 1035, "node_type": "type_change", "degree": 2, "link_types": "midblock+sidewalk"}, "geometry": {"type": "Point", "coordinates": [-71.0826293, 42.4186557]}}, {"type": "Feature", "properties": {"node_id": 1036, "node_type": "type_change", "degree": 2, "link_types": "midblock+sidewalk"}, "geometry": {"type": "Point", "coordinates": [-71.0826834, 42.4186556]}}, {"type": "Feature", "properties": {"node_id": 1037, "node_type": "type_change", "degree": 2, "link_types": "midblock+sidewalk"}, "geometry": {"type": "Point", "coordinates": [-71.0828295, 42.4186559]}}, {"type": "Feature", "properties": {"node_id": 1038, "node_type": "type_change", "degree": 2, "link_types": "midblock+sidewalk"}, "geometry": {"type": "Point", "coordinates": [-71.0828604, 42.4186561]}}, {"type": "Feature", "properties": {"node_id": 1039, "node_type": "type_change", "degree": 2, "link_types": "midblock+sidewalk"}, "geometry": {"type": "Point", "coordinates": [-71.0831107, 42.4186558]}}, {"type": "Feature", "properties": {"node_id": 1040, "node_type": "type_change", "degree": 2, "link_types": "midblock+sidewalk"}, "geometry": {"type": "Point", "coordinates": [-71.0831688, 42.4186566]}}, {"type": "Feature", "properties": {"node_id": 1041, "node_type": "type_change", "degree": 2, "link_types": "midblock+sidewalk"}, "geometry": {"type": "Point", "coordinates": [-71.0834134, 42.4186575]}}, {"type": "Feature", "properties": {"node_id": 1042, "node_type": "type_change", "degree": 2, "link_types": "midblock+sidewalk"}, "geometry": {"type": "Point", "coordinates": [-71.0834477, 42.4186572]}}, {"type": "Feature", "properties": {"node_id": 1043, "node_type": "type_change", "degree": 2, "link_types": "midblock+sidewalk"}, "geometry": {"type": "Point", "coordinates": [-71.0836177, 42.4186646]}}, {"type": "Feature", "properties": {"node_id": 1044, "node_type": "type_change", "degree": 2, "link_types": "midblock+sidewalk"}, "geometry": {"type": "Point", "coordinates": [-71.0836336, 42.4186674]}}, {"type": "Feature", "properties": {"node_id": 1045, "node_type": "type_change", "degree": 2, "link_types": "midblock+sidewalk"}, "geometry": {"type": "Point", "coordinates": [-71.0840392, 42.4186605]}}, {"type": "Feature", "properties": {"node_id": 1046, "node_type": "type_change", "degree": 2, "link_types": "midblock+sidewalk"}, "geometry": {"type": "Point", "coordinates": [-71.0841537, 42.4186596]}}, {"type": "Feature", "properties": {"node_id": 1047, "node_type": "type_change", "degree": 3, "link_types": "pseudo+sidewalk"}, "geometry": {"type": "Point", "coordinates": [-71.084382, 42.4194977]}}, {"type": "Feature", "properties": {"node_id": 1048, "node_type": "type_change", "degree": 3, "link_types": "crosswalk+sidewalk"}, "geometry": {"type": "Point", "coordinates": [-71.0813476, 42.4186538]}}, {"type": "Feature", "properties": {"node_id": 1049, "node_type": "type_change", "degree": 2, "link_types": "crosswalk+pseudo"}, "geometry": {"type": "Point", "coordinates": [-71.0813584, 42.4185685]}}, {"type": "Feature", "properties": {"node_id": 1050, "node_type": "junction", "degree": 3, "link_types": "pseudo"}, "geometry": {"type": "Point", "coordinates": [-71.0813658, 42.4185562]}}, {"type": "Feature", "properties": {"node_id": 1051, "node_type": "junction", "degree": 3, "link_types": "pseudo"}, "geometry": {"type": "Point", "coordinates": [-71.0708991, 42.4281951]}}, {"type": "Feature", "properties": {"node_id": 1052, "node_type": "type_change", "degree": 3, "link_types": "pseudo+sidewalk"}, "geometry": {"type": "Point", "coordinates": [-71.0708982, 42.4281958]}}, {"type": "Feature", "properties": {"node_id": 1053, "node_type": "type_change", "degree": 3, "link_types": "pseudo+sidewalk"}, "geometry": {"type": "Point", "coordinates": [-71.0708981, 42.4281951]}}, {"type": "Feature", "properties": {"node_id": 1054, "node_type": "type_change", "degree": 2, "link_types": "crosswalk+pseudo"}, "geometry": {"type": "Point", "coordinates": [-71.0709203, 42.4281882]}}, {"type": "Feature", "properties": {"node_id": 1055, "node_type": "type_change", "degree": 2, "link_types": "crosswalk+pseudo"}, "geometry": {"type": "Point", "coordinates": [-71.0709093, 42.4281502]}}, {"type": "Feature", "properties": {"node_id": 1056, "node_type": "type_change", "degree": 3, "link_types": "pseudo+sidewalk"}, "geometry": {"type": "Point", "coordinates": [-71.0709092, 42.4281459]}}, {"type": "Feature", "properties": {"node_id": 1057, "node_type": "endpoint", "degree": 1, "link_types": "crosswalk"}, "geometry": {"type": "Point", "coordinates": [-71.0666182, 42.425557]}}, {"type": "Feature", "properties": {"node_id": 1058, "node_type": "type_change", "degree": 2, "link_types": "crosswalk+pseudo"}, "geometry": {"type": "Point", "coordinates": [-71.0665623, 42.4255422]}}, {"type": "Feature", "properties": {"node_id": 1059, "node_type": "endpoint", "degree": 1, "link_types": "pseudo"}, "geometry": {"type": "Point", "coordinates": [-71.0665548, 42.4255531]}}, {"type": "Feature", "properties": {"node_id": 1060, "node_type": "endpoint", "degree": 1, "link_types": "sidewalk"}, "geometry": {"type": "Point", "coordinates": [-71.0695375, 42.4159549]}}, {"type": "Feature", "properties": {"node_id": 1061, "node_type": "type_change", "degree": 3, "link_types": "pseudo+sidewalk"}, "geometry": {"type": "Point", "coordinates": [-71.0697456, 42.4159252]}}, {"type": "Feature", "properties": {"node_id": 1062, "node_type": "junction", "degree": 3, "link_types": "sidewalk"}, "geometry": {"type": "Point", "coordinates": [-71.0722903, 42.4285366]}}, {"type": "Feature", "properties": {"node_id": 1063, "node_type": "type_change", "degree": 3, "link_types": "pseudo+sidewalk"}, "geometry": {"type": "Point", "coordinates": [-71.0722903, 42.4285359]}}, {"type": "Feature", "properties": {"node_id": 1064, "node_type": "endpoint", "degree": 1, "link_types": "sidewalk"}, "geometry": {"type": "Point", "coordinates": [-71.0665504, 42.4268385]}}, {"type": "Feature", "properties": {"node_id": 1065, "node_type": "type_change", "degree": 3, "link_types": "pseudo+sidewalk"}, "geometry": {"type": "Point", "coordinates": [-71.066648, 42.426908]}}, {"type": "Feature", "properties": {"node_id": 1066, "node_type": "junction", "degree": 3, "link_types": "sidewalk"}, "geometry": {"type": "Point", "coordinates": [-71.0809543, 42.4264567]}}, {"type": "Feature", "properties": {"node_id": 1067, "node_type": "type_change", "degree": 3, "link_types": "crosswalk+sidewalk"}, "geometry": {"type": "Point", "coordinates": [-71.0809553, 42.4264574]}}, {"type": "Feature", "properties": {"node_id": 1068, "node_type": "type_change", "degree": 3, "link_types": "crosswalk+sidewalk"}, "geometry": {"type": "Point", "coordinates": [-71.0809543, 42.4264575]}}, {"type": "Feature", "properties": {"node_id": 1069, "node_type": "endpoint", "degree": 1, "link_types": "sidewalk"}, "geometry": {"type": "Point", "coordinates": [-71.0809341, 42.4263173]}}, {"type": "Feature", "properties": {"node_id": 1070, "node_type": "junction", "degree": 3, "link_types": "pseudo"}, "geometry": {"type": "Point", "coordinates": [-71.0685977, 42.4261985]}}, {"type": "Feature", "properties": {"node_id": 1071, "node_type": "type_change", "degree": 2, "link_types": "pseudo+sidewalk"}, "geometry": {"type": "Point", "coordinates": [-71.0685968, 42.4261992]}}, {"type": "Feature", "properties": {"node_id": 1072, "node_type": "endpoint", "degree": 1, "link_types": "sidewalk"}, "geometry": {"type": "Point", "coordinates": [-71.0686467, 42.4262394]}}, {"type": "Feature", "properties": {"node_id": 1073, "node_type": "type_change", "degree": 2, "link_types": "crosswalk+pseudo"}, "geometry": {"type": "Point", "coordinates": [-71.0686133, 42.4261982]}}, {"type": "Feature", "properties": {"node_id": 1074, "node_type": "type_change", "degree": 2, "link_types": "pseudo+sidewalk"}, "geometry": {"type": "Point", "coordinates": [-71.0685967, 42.4261978]}}, {"type": "Feature", "properties": {"node_id": 1075, "node_type": "endpoint", "degree": 1, "link_types": "sidewalk"}, "geometry": {"type": "Point", "coordinates": [-71.0685967, 42.4261964]}}, {"type": "Feature", "properties": {"node_id": 1076, "node_type": "endpoint", "degree": 1, "link_types": "sidewalk"}, "geometry": {"type": "Point", "coordinates": [-71.0701912, 42.4280479]}}, {"type": "Feature", "properties": {"node_id": 1077, "node_type": "endpoint", "degree": 1, "link_types": "sidewalk"}, "geometry": {"type": "Point", "coordinates": [-71.0704372, 42.428078]}}, {"type": "Feature", "properties": {"node_id": 1078, "node_type": "junction", "degree": 3, "link_types": "sidewalk"}, "geometry": {"type": "Point", "coordinates": [-71.0736088, 42.4267924]}}, {"type": "Feature", "properties": {"node_id": 1079, "node_type": "junction", "degree": 3, "link_types": "sidewalk"}, "geometry": {"type": "Point", "coordinates": [-71.0736048, 42.4269048]}}, {"type": "Feature", "properties": {"node_id": 1080, "node_type": "junction", "degree": 3, "link_types": "sidewalk"}, "geometry": {"type": "Point", "coordinates": [-71.0735932, 42.4269086]}}, {"type": "Feature", "properties": {"node_id": 1081, "node_type": "junction", "degree": 3, "link_types": "sidewalk"}, "geometry": {"type": "Point", "coordinates": [-71.0736107, 42.4267606]}}, {"type": "Feature", "properties": {"node_id": 1082, "node_type": "junction", "degree": 3, "link_types": "sidewalk"}, "geometry": {"type": "Point", "coordinates": [-71.0781262, 42.4288646]}}, {"type": "Feature", "properties": {"node_id": 1083, "node_type": "type_change", "degree": 3, "link_types": "pseudo+sidewalk"}, "geometry": {"type": "Point", "coordinates": [-71.0781263, 42.4288653]}}, {"type": "Feature", "properties": {"node_id": 1084, "node_type": "type_change", "degree": 3, "link_types": "pseudo+sidewalk"}, "geometry": {"type": "Point", "coordinates": [-71.0781253, 42.4288646]}}, {"type": "Feature", "properties": {"node_id": 1085, "node_type": "type_change", "degree": 2, "link_types": "midblock+sidewalk"}, "geometry": {"type": "Point", "coordinates": [-71.078216, 42.4288567]}}, {"type": "Feature", "properties": {"node_id": 1086, "node_type": "type_change", "degree": 2, "link_types": "midblock+sidewalk"}, "geometry": {"type": "Point", "coordinates": [-71.0783212, 42.4288474]}}, {"type": "Feature", "properties": {"node_id": 1087, "node_type": "type_change", "degree": 2, "link_types": "midblock+sidewalk"}, "geometry": {"type": "Point", "coordinates": [-71.0784216, 42.4288385]}}, {"type": "Feature", "properties": {"node_id": 1088, "node_type": "type_change", "degree": 2, "link_types": "midblock+sidewalk"}, "geometry": {"type": "Point", "coordinates": [-71.0785461, 42.4288275]}}, {"type": "Feature", "properties": {"node_id": 1089, "node_type": "junction", "degree": 3, "link_types": "sidewalk"}, "geometry": {"type": "Point", "coordinates": [-71.0789811, 42.4287792]}}, {"type": "Feature", "properties": {"node_id": 1090, "node_type": "endpoint", "degree": 1, "link_types": "sidewalk"}, "geometry": {"type": "Point", "coordinates": [-71.0787209, 42.4275261]}}, {"type": "Feature", "properties": {"node_id": 1091, "node_type": "endpoint", "degree": 1, "link_types": "sidewalk"}, "geometry": {"type": "Point", "coordinates": [-71.0786906, 42.4273753]}}, {"type": "Feature", "properties": {"node_id": 1092, "node_type": "endpoint", "degree": 1, "link_types": "sidewalk"}, "geometry": {"type": "Point", "coordinates": [-71.0797839, 42.4252929]}}, {"type": "Feature", "properties": {"node_id": 1093, "node_type": "endpoint", "degree": 1, "link_types": "sidewalk"}, "geometry": {"type": "Point", "coordinates": [-71.0822896, 42.423349]}}, {"type": "Feature", "properties": {"node_id": 1094, "node_type": "endpoint", "degree": 1, "link_types": "sidewalk"}, "geometry": {"type": "Point", "coordinates": [-71.074124, 42.424693]}}, {"type": "Feature", "properties": {"node_id": 1095, "node_type": "type_change", "degree": 2, "link_types": "midblock+sidewalk"}, "geometry": {"type": "Point", "coordinates": [-71.0739581, 42.425167]}}, {"type": "Feature", "properties": {"node_id": 1096, "node_type": "type_change", "degree": 2, "link_types": "midblock+sidewalk"}, "geometry": {"type": "Point", "coordinates": [-71.073941, 42.4251874]}}, {"type": "Feature", "properties": {"node_id": 1097, "node_type": "junction", "degree": 3, "link_types": "sidewalk"}, "geometry": {"type": "Point", "coordinates": [-71.073759, 42.4255065]}}, {"type": "Feature", "properties": {"node_id": 1098, "node_type": "endpoint", "degree": 1, "link_types": "sidewalk"}, "geometry": {"type": "Point", "coordinates": [-71.0737205, 42.4256369]}}, {"type": "Feature", "properties": {"node_id": 1099, "node_type": "endpoint", "degree": 1, "link_types": "sidewalk"}, "geometry": {"type": "Point", "coordinates": [-71.0813114, 42.4269632]}}, {"type": "Feature", "properties": {"node_id": 1100, "node_type": "junction", "degree": 3, "link_types": "sidewalk"}, "geometry": {"type": "Point", "coordinates": [-71.0812488, 42.4269824]}}, {"type": "Feature", "properties": {"node_id": 1101, "node_type": "junction", "degree": 3, "link_types": "sidewalk"}, "geometry": {"type": "Point", "coordinates": [-71.0719571, 42.4265096]}}, {"type": "Feature", "properties": {"node_id": 1102, "node_type": "endpoint", "degree": 1, "link_types": "sidewalk"}, "geometry": {"type": "Point", "coordinates": [-71.0719941, 42.4266314]}}, {"type": "Feature", "properties": {"node_id": 1103, "node_type": "junction", "degree": 3, "link_types": "sidewalk"}, "geometry": {"type": "Point", "coordinates": [-71.0719284, 42.4264971]}}, {"type": "Feature", "properties": {"node_id": 1104, "node_type": "junction", "degree": 3, "link_types": "sidewalk"}, "geometry": {"type": "Point", "coordinates": [-71.0719653, 42.4264662]}}, {"type": "Feature", "properties": {"node_id": 1105, "node_type": "junction", "degree": 3, "link_types": "sidewalk"}, "geometry": {"type": "Point", "coordinates": [-71.0739554, 42.4268026]}}, {"type": "Feature", "properties": {"node_id": 1106, "node_type": "endpoint", "degree": 1, "link_types": "sidewalk"}, "geometry": {"type": "Point", "coordinates": [-71.0739555, 42.4268062]}}, {"type": "Feature", "properties": {"node_id": 1107, "node_type": "junction", "degree": 3, "link_types": "sidewalk"}, "geometry": {"type": "Point", "coordinates": [-71.0739553, 42.4268019]}}, {"type": "Feature", "properties": {"node_id": 1108, "node_type": "type_change", "degree": 3, "link_types": "pseudo+sidewalk"}, "geometry": {"type": "Point", "coordinates": [-71.0739544, 42.4268019]}}, {"type": "Feature", "properties": {"node_id": 1109, "node_type": "endpoint", "degree": 1, "link_types": "sidewalk"}, "geometry": {"type": "Point", "coordinates": [-71.0720248, 42.4263534]}}, {"type": "Feature", "properties": {"node_id": 1110, "node_type": "endpoint", "degree": 1, "link_types": "sidewalk"}, "geometry": {"type": "Point", "coordinates": [-71.0723334, 42.4252406]}}, {"type": "Feature", "properties": {"node_id": 1111, "node_type": "junction", "degree": 3, "link_types": "sidewalk"}, "geometry": {"type": "Point", "coordinates": [-71.0723483, 42.4253397]}}, {"type": "Feature", "properties": {"node_id": 1112, "node_type": "junction", "degree": 3, "link_types": "sidewalk"}, "geometry": {"type": "Point", "coordinates": [-71.0829881, 42.4177198]}}, {"type": "Feature", "properties": {"node_id": 1113, "node_type": "junction", "degree": 3, "link_types": "sidewalk"}, "geometry": {"type": "Point", "coordinates": [-71.0829881, 42.4177205]}}, {"type": "Feature", "properties": {"node_id": 1114, "node_type": "endpoint", "degree": 1, "link_types": "sidewalk"}, "geometry": {"type": "Point", "coordinates": [-71.0830037, 42.4176929]}}, {"type": "Feature", "properties": {"node_id": 1115, "node_type": "endpoint", "degree": 1, "link_types": "sidewalk"}, "geometry": {"type": "Point", "coordinates": [-71.0810007, 42.4250381]}}, {"type": "Feature", "properties": {"node_id": 1116, "node_type": "endpoint", "degree": 1, "link_types": "sidewalk"}, "geometry": {"type": "Point", "coordinates": [-71.072822, 42.426522]}}, {"type": "Feature", "properties": {"node_id": 1117, "node_type": "junction", "degree": 3, "link_types": "sidewalk"}, "geometry": {"type": "Point", "coordinates": [-71.0720022, 42.4264641]}}, {"type": "Feature", "properties": {"node_id": 1118, "node_type": "endpoint", "degree": 1, "link_types": "midblock"}, "geometry": {"type": "Point", "coordinates": [-71.0817363, 42.4159724]}}, {"type": "Feature", "properties": {"node_id": 1119, "node_type": "type_change", "degree": 2, "link_types": "midblock+sidewalk"}, "geometry": {"type": "Point", "coordinates": [-71.0816967, 42.4159631]}}, {"type": "Feature", "properties": {"node_id": 1120, "node_type": "junction", "degree": 3, "link_types": "sidewalk"}, "geometry": {"type": "Point", "coordinates": [-71.0816765, 42.4159584]}}, {"type": "Feature", "properties": {"node_id": 1121, "node_type": "endpoint", "degree": 1, "link_types": "sidewalk"}, "geometry": {"type": "Point", "coordinates": [-71.0685808, 42.4216334]}}, {"type": "Feature", "properties": {"node_id": 1122, "node_type": "type_change", "degree": 2, "link_types": "midblock+sidewalk"}, "geometry": {"type": "Point", "coordinates": [-71.0685516, 42.4214613]}}, {"type": "Feature", "properties": {"node_id": 1123, "node_type": "type_change", "degree": 2, "link_types": "midblock+sidewalk"}, "geometry": {"type": "Point", "coordinates": [-71.068543, 42.421426]}}, {"type": "Feature", "properties": {"node_id": 1124, "node_type": "type_change", "degree": 2, "link_types": "midblock+sidewalk"}, "geometry": {"type": "Point", "coordinates": [-71.0685142, 42.4213065]}}, {"type": "Feature", "properties": {"node_id": 1125, "node_type": "type_change", "degree": 2, "link_types": "midblock+sidewalk"}, "geometry": {"type": "Point", "coordinates": [-71.0685088, 42.4212705]}}, {"type": "Feature", "properties": {"node_id": 1126, "node_type": "endpoint", "degree": 1, "link_types": "sidewalk"}, "geometry": {"type": "Point", "coordinates": [-71.0812021, 42.4193984]}}, {"type": "Feature", "properties": {"node_id": 1127, "node_type": "junction", "degree": 3, "link_types": "sidewalk"}, "geometry": {"type": "Point", "coordinates": [-71.0812447, 42.4193926]}}, {"type": "Feature", "properties": {"node_id": 1128, "node_type": "junction", "degree": 3, "link_types": "sidewalk"}, "geometry": {"type": "Point", "coordinates": [-71.0678169, 42.4256961]}}, {"type": "Feature", "properties": {"node_id": 1129, "node_type": "junction", "degree": 3, "link_types": "sidewalk"}, "geometry": {"type": "Point", "coordinates": [-71.0678078, 42.425774]}}, {"type": "Feature", "properties": {"node_id": 1130, "node_type": "type_change", "degree": 3, "link_types": "pseudo+sidewalk"}, "geometry": {"type": "Point", "coordinates": [-71.0679082, 42.4254271]}}, {"type": "Feature", "properties": {"node_id": 1131, "node_type": "endpoint", "degree": 1, "link_types": "sidewalk"}, "geometry": {"type": "Point", "coordinates": [-71.0677508, 42.4257282]}}, {"type": "Feature", "properties": {"node_id": 1132, "node_type": "junction", "degree": 3, "link_types": "sidewalk"}, "geometry": {"type": "Point", "coordinates": [-71.0750921, 42.426035]}}, {"type": "Feature", "properties": {"node_id": 1133, "node_type": "type_change", "degree": 3, "link_types": "pseudo+sidewalk"}, "geometry": {"type": "Point", "coordinates": [-71.0750921, 42.4260357]}}, {"type": "Feature", "properties": {"node_id": 1134, "node_type": "type_change", "degree": 3, "link_types": "pseudo+sidewalk"}, "geometry": {"type": "Point", "coordinates": [-71.0750931, 42.426035]}}, {"type": "Feature", "properties": {"node_id": 1135, "node_type": "type_change", "degree": 3, "link_types": "crosswalk+sidewalk"}, "geometry": {"type": "Point", "coordinates": [-71.0750901, 42.4260321]}}, {"type": "Feature", "properties": {"node_id": 1136, "node_type": "type_change", "degree": 2, "link_types": "crosswalk+pseudo"}, "geometry": {"type": "Point", "coordinates": [-71.0749193, 42.4231845]}}, {"type": "Feature", "properties": {"node_id": 1137, "node_type": "type_change", "degree": 2, "link_types": "crosswalk+pseudo"}, "geometry": {"type": "Point", "coordinates": [-71.0746901, 42.4233702]}}, {"type": "Feature", "properties": {"node_id": 1138, "node_type": "endpoint", "degree": 1, "link_types": "pseudo"}, "geometry": {"type": "Point", "coordinates": [-71.0746832, 42.4233681]}}, {"type": "Feature", "properties": {"node_id": 1139, "node_type": "endpoint", "degree": 1, "link_types": "sidewalk"}, "geometry": {"type": "Point", "coordinates": [-71.0720348, 42.4264203]}}, {"type": "Feature", "properties": {"node_id": 1140, "node_type": "junction", "degree": 3, "link_types": "pseudo"}, "geometry": {"type": "Point", "coordinates": [-71.0704242, 42.4166925]}}, {"type": "Feature", "properties": {"node_id": 1141, "node_type": "type_change", "degree": 2, "link_types": "crosswalk+pseudo"}, "geometry": {"type": "Point", "coordinates": [-71.070431, 42.4166924]}}, {"type": "Feature", "properties": {"node_id": 1142, "node_type": "type_change", "degree": 2, "link_types": "crosswalk+pseudo"}, "geometry": {"type": "Point", "coordinates": [-71.0706019, 42.4166864]}}, {"type": "Feature", "properties": {"node_id": 1143, "node_type": "type_change", "degree": 3, "link_types": "pseudo+sidewalk"}, "geometry": {"type": "Point", "coordinates": [-71.0704232, 42.4166925]}}, {"type": "Feature", "properties": {"node_id": 1144, "node_type": "endpoint", "degree": 1, "link_types": "sidewalk"}, "geometry": {"type": "Point", "coordinates": [-71.0769737, 42.4217337]}}, {"type": "Feature", "properties": {"node_id": 1145, "node_type": "type_change", "degree": 2, "link_types": "pseudo+sidewalk"}, "geometry": {"type": "Point", "coordinates": [-71.0769727, 42.4217338]}}, {"type": "Feature", "properties": {"node_id": 1146, "node_type": "type_change", "degree": 3, "link_types": "crosswalk+pseudo"}, "geometry": {"type": "Point", "coordinates": [-71.0769385, 42.4217272]}}, {"type": "Feature", "properties": {"node_id": 1147, "node_type": "endpoint", "degree": 1, "link_types": "sidewalk"}, "geometry": {"type": "Point", "coordinates": [-71.0799625, 42.4186674]}}, {"type": "Feature", "properties": {"node_id": 1148, "node_type": "type_change", "degree": 3, "link_types": "pseudo+sidewalk"}, "geometry": {"type": "Point", "coordinates": [-71.0799815, 42.4186541]}}, {"type": "Feature", "properties": {"node_id": 1149, "node_type": "junction", "degree": 3, "link_types": "pseudo"}, "geometry": {"type": "Point", "coordinates": [-71.0708586, 42.428087]}}, {"type": "Feature", "properties": {"node_id": 1150, "node_type": "type_change", "degree": 2, "link_types": "crosswalk+pseudo"}, "geometry": {"type": "Point", "coordinates": [-71.0708365, 42.4280953]}}, {"type": "Feature", "properties": {"node_id": 1151, "node_type": "type_change", "degree": 2, "link_types": "crosswalk+pseudo"}, "geometry": {"type": "Point", "coordinates": [-71.0706921, 42.4281404]}}, {"type": "Feature", "properties": {"node_id": 1152, "node_type": "endpoint", "degree": 1, "link_types": "pseudo"}, "geometry": {"type": "Point", "coordinates": [-71.0706812, 42.4281327]}}, {"type": "Feature", "properties": {"node_id": 1153, "node_type": "type_change", "degree": 3, "link_types": "pseudo+sidewalk"}, "geometry": {"type": "Point", "coordinates": [-71.0708596, 42.428087]}}, {"type": "Feature", "properties": {"node_id": 1154, "node_type": "type_change", "degree": 3, "link_types": "pseudo+sidewalk"}, "geometry": {"type": "Point", "coordinates": [-71.0708595, 42.4280863]}}, {"type": "Feature", "properties": {"node_id": 1155, "node_type": "endpoint", "degree": 1, "link_types": "sidewalk"}, "geometry": {"type": "Point", "coordinates": [-71.0780878, 42.4234347]}}, {"type": "Feature", "properties": {"node_id": 1156, "node_type": "type_change", "degree": 2, "link_types": "midblock+sidewalk"}, "geometry": {"type": "Point", "coordinates": [-71.0776181, 42.4234371]}}, {"type": "Feature", "properties": {"node_id": 1157, "node_type": "type_change", "degree": 2, "link_types": "midblock+sidewalk"}, "geometry": {"type": "Point", "coordinates": [-71.0775938, 42.4234372]}}, {"type": "Feature", "properties": {"node_id": 1158, "node_type": "endpoint", "degree": 1, "link_types": "sidewalk"}, "geometry": {"type": "Point", "coordinates": [-71.0772118, 42.4234376]}}, {"type": "Feature", "properties": {"node_id": 1159, "node_type": "type_change", "degree": 3, "link_types": "pseudo+sidewalk"}, "geometry": {"type": "Point", "coordinates": [-71.0794684, 42.4233412]}}, {"type": "Feature", "properties": {"node_id": 1160, "node_type": "type_change", "degree": 3, "link_types": "pseudo+sidewalk"}, "geometry": {"type": "Point", "coordinates": [-71.0794684, 42.4233405]}}, {"type": "Feature", "properties": {"node_id": 1161, "node_type": "junction", "degree": 3, "link_types": "pseudo"}, "geometry": {"type": "Point", "coordinates": [-71.0674684, 42.4233487]}}, {"type": "Feature", "properties": {"node_id": 1162, "node_type": "type_change", "degree": 3, "link_types": "pseudo+sidewalk"}, "geometry": {"type": "Point", "coordinates": [-71.0674694, 42.4233487]}}, {"type": "Feature", "properties": {"node_id": 1163, "node_type": "type_change", "degree": 2, "link_types": "crosswalk+pseudo"}, "geometry": {"type": "Point", "coordinates": [-71.0674413, 42.4233535]}}, {"type": "Feature", "properties": {"node_id": 1164, "node_type": "type_change", "degree": 2, "link_types": "crosswalk+pseudo"}, "geometry": {"type": "Point", "coordinates": [-71.0671737, 42.4234635]}}, {"type": "Feature", "properties": {"node_id": 1165, "node_type": "type_change", "degree": 3, "link_types": "pseudo+sidewalk"}, "geometry": {"type": "Point", "coordinates": [-71.0674694, 42.4233479]}}, {"type": "Feature", "properties": {"node_id": 1166, "node_type": "type_change", "degree": 2, "link_types": "crosswalk+pseudo"}, "geometry": {"type": "Point", "coordinates": [-71.0826553, 42.4288703]}}, {"type": "Feature", "properties": {"node_id": 1167, "node_type": "endpoint", "degree": 1, "link_types": "crosswalk"}, "geometry": {"type": "Point", "coordinates": [-71.0827377, 42.4288061]}}, {"type": "Feature", "properties": {"node_id": 1168, "node_type": "endpoint", "degree": 1, "link_types": "sidewalk"}, "geometry": {"type": "Point", "coordinates": [-71.0719803, 42.4264184]}}, {"type": "Feature", "properties": {"node_id": 1169, "node_type": "type_change", "degree": 3, "link_types": "pseudo+sidewalk"}, "geometry": {"type": "Point", "coordinates": [-71.0719813, 42.4264205]}}, {"type": "Feature", "properties": {"node_id": 1170, "node_type": "junction", "degree": 3, "link_types": "pseudo"}, "geometry": {"type": "Point", "coordinates": [-71.075306, 42.4223201]}}, {"type": "Feature", "properties": {"node_id": 1171, "node_type": "type_change", "degree": 2, "link_types": "crosswalk+pseudo"}, "geometry": {"type": "Point", "coordinates": [-71.075305, 42.4223209]}}, {"type": "Feature", "properties": {"node_id": 1172, "node_type": "type_change", "degree": 2, "link_types": "crosswalk+pseudo"}, "geometry": {"type": "Point", "coordinates": [-71.0752739, 42.42232]}}, {"type": "Feature", "properties": {"node_id": 1173, "node_type": "junction", "degree": 3, "link_types": "pseudo"}, "geometry": {"type": "Point", "coordinates": [-71.0752642, 42.4223202]}}, {"type": "Feature", "properties": {"node_id": 1174, "node_type": "endpoint", "degree": 1, "link_types": "pseudo"}, "geometry": {"type": "Point", "coordinates": [-71.075307, 42.4223201]}}, {"type": "Feature", "properties": {"node_id": 1175, "node_type": "type_change", "degree": 3, "link_types": "pseudo+sidewalk"}, "geometry": {"type": "Point", "coordinates": [-71.0752686, 42.4223064]}}, {"type": "Feature", "properties": {"node_id": 1176, "node_type": "junction", "degree": 3, "link_types": "pseudo"}, "geometry": {"type": "Point", "coordinates": [-71.0705287, 42.4181848]}}, {"type": "Feature", "properties": {"node_id": 1177, "node_type": "type_change", "degree": 3, "link_types": "pseudo+sidewalk"}, "geometry": {"type": "Point", "coordinates": [-71.0705287, 42.4181855]}}, {"type": "Feature", "properties": {"node_id": 1178, "node_type": "type_change", "degree": 3, "link_types": "pseudo+sidewalk"}, "geometry": {"type": "Point", "coordinates": [-71.0705278, 42.4181855]}}, {"type": "Feature", "properties": {"node_id": 1179, "node_type": "type_change", "degree": 2, "link_types": "crosswalk+pseudo"}, "geometry": {"type": "Point", "coordinates": [-71.0705323, 42.4181768]}}, {"type": "Feature", "properties": {"node_id": 1180, "node_type": "type_change", "degree": 2, "link_types": "crosswalk+pseudo"}, "geometry": {"type": "Point", "coordinates": [-71.0707525, 42.4181599]}}, {"type": "Feature", "properties": {"node_id": 1181, "node_type": "endpoint", "degree": 1, "link_types": "sidewalk"}, "geometry": {"type": "Point", "coordinates": [-71.0675101, 42.4286114]}}, {"type": "Feature", "properties": {"node_id": 1182, "node_type": "junction", "degree": 3, "link_types": "sidewalk"}, "geometry": {"type": "Point", "coordinates": [-71.0679921, 42.4287778]}}, {"type": "Feature", "properties": {"node_id": 1183, "node_type": "junction", "degree": 3, "link_types": "sidewalk"}, "geometry": {"type": "Point", "coordinates": [-71.0764186, 42.4272148]}}, {"type": "Feature", "properties": {"node_id": 1184, "node_type": "type_change", "degree": 3, "link_types": "pseudo+sidewalk"}, "geometry": {"type": "Point", "coordinates": [-71.0764406, 42.4272058]}}, {"type": "Feature", "properties": {"node_id": 1185, "node_type": "junction", "degree": 3, "link_types": "sidewalk"}, "geometry": {"type": "Point", "coordinates": [-71.0764176, 42.4272148]}}, {"type": "Feature", "properties": {"node_id": 1186, "node_type": "type_change", "degree": 3, "link_types": "pseudo+sidewalk"}, "geometry": {"type": "Point", "coordinates": [-71.0764176, 42.4272141]}}, {"type": "Feature", "properties": {"node_id": 1187, "node_type": "junction", "degree": 3, "link_types": "sidewalk"}, "geometry": {"type": "Point", "coordinates": [-71.0795563, 42.4257322]}}, {"type": "Feature", "properties": {"node_id": 1188, "node_type": "type_change", "degree": 3, "link_types": "pseudo+sidewalk"}, "geometry": {"type": "Point", "coordinates": [-71.0795572, 42.4257329]}}, {"type": "Feature", "properties": {"node_id": 1189, "node_type": "type_change", "degree": 3, "link_types": "pseudo+sidewalk"}, "geometry": {"type": "Point", "coordinates": [-71.0795572, 42.4257321]}}, {"type": "Feature", "properties": {"node_id": 1190, "node_type": "endpoint", "degree": 1, "link_types": "sidewalk"}, "geometry": {"type": "Point", "coordinates": [-71.0794642, 42.4257425]}}, {"type": "Feature", "properties": {"node_id": 1191, "node_type": "junction", "degree": 3, "link_types": "sidewalk"}, "geometry": {"type": "Point", "coordinates": [-71.073695, 42.4256302]}}, {"type": "Feature", "properties": {"node_id": 1192, "node_type": "type_change", "degree": 3, "link_types": "pseudo+sidewalk"}, "geometry": {"type": "Point", "coordinates": [-71.073695, 42.4256309]}}, {"type": "Feature", "properties": {"node_id": 1193, "node_type": "endpoint", "degree": 1, "link_types": "sidewalk"}, "geometry": {"type": "Point", "coordinates": [-71.0736803, 42.4256276]}}, {"type": "Feature", "properties": {"node_id": 1194, "node_type": "endpoint", "degree": 1, "link_types": "sidewalk"}, "geometry": {"type": "Point", "coordinates": [-71.0682973, 42.4278573]}}, {"type": "Feature", "properties": {"node_id": 1195, "node_type": "endpoint", "degree": 1, "link_types": "sidewalk"}, "geometry": {"type": "Point", "coordinates": [-71.0682278, 42.4279004]}}, {"type": "Feature", "properties": {"node_id": 1196, "node_type": "type_change", "degree": 2, "link_types": "crosswalk+pseudo"}, "geometry": {"type": "Point", "coordinates": [-71.0752343, 42.4222984]}}, {"type": "Feature", "properties": {"node_id": 1197, "node_type": "junction", "degree": 3, "link_types": "crosswalk"}, "geometry": {"type": "Point", "coordinates": [-71.0667856, 42.4211543]}}, {"type": "Feature", "properties": {"node_id": 1198, "node_type": "type_change", "degree": 2, "link_types": "crosswalk+sidewalk"}, "geometry": {"type": "Point", "coordinates": [-71.0667866, 42.421155]}}, {"type": "Feature", "properties": {"node_id": 1199, "node_type": "junction", "degree": 3, "link_types": "sidewalk"}, "geometry": {"type": "Point", "coordinates": [-71.0670782, 42.421801]}}, {"type": "Feature", "properties": {"node_id": 1200, "node_type": "endpoint", "degree": 1, "link_types": "crosswalk"}, "geometry": {"type": "Point", "coordinates": [-71.0670015, 42.4210964]}}, {"type": "Feature", "properties": {"node_id": 1201, "node_type": "type_change", "degree": 3, "link_types": "crosswalk+sidewalk"}, "geometry": {"type": "Point", "coordinates": [-71.0667846, 42.4211536]}}, {"type": "Feature", "properties": {"node_id": 1202, "node_type": "junction", "degree": 3, "link_types": "sidewalk"}, "geometry": {"type": "Point", "coordinates": [-71.0664134, 42.4201531]}}, {"type": "Feature", "properties": {"node_id": 1203, "node_type": "junction", "degree": 3, "link_types": "sidewalk"}, "geometry": {"type": "Point", "coordinates": [-71.0664778, 42.420219]}}, {"type": "Feature", "properties": {"node_id": 1204, "node_type": "junction", "degree": 3, "link_types": "sidewalk"}, "geometry": {"type": "Point", "coordinates": [-71.0664951, 42.4201545]}}, {"type": "Feature", "properties": {"node_id": 1205, "node_type": "junction", "degree": 3, "link_types": "sidewalk"}, "geometry": {"type": "Point", "coordinates": [-71.0664961, 42.4201538]}}, {"type": "Feature", "properties": {"node_id": 1206, "node_type": "endpoint", "degree": 1, "link_types": "midblock"}, "geometry": {"type": "Point", "coordinates": [-71.0689128, 42.4238637]}}, {"type": "Feature", "properties": {"node_id": 1207, "node_type": "type_change", "degree": 2, "link_types": "midblock+sidewalk"}, "geometry": {"type": "Point", "coordinates": [-71.068956, 42.4238607]}}, {"type": "Feature", "properties": {"node_id": 1208, "node_type": "junction", "degree": 3, "link_types": "sidewalk"}, "geometry": {"type": "Point", "coordinates": [-71.0690363, 42.4238621]}}, {"type": "Feature", "properties": {"node_id": 1209, "node_type": "type_change", "degree": 2, "link_types": "pseudo+sidewalk"}, "geometry": {"type": "Point", "coordinates": [-71.0704346, 42.4271134]}}, {"type": "Feature", "properties": {"node_id": 1210, "node_type": "type_change", "degree": 2, "link_types": "crosswalk+pseudo"}, "geometry": {"type": "Point", "coordinates": [-71.0704356, 42.4271141]}}, {"type": "Feature", "properties": {"node_id": 1211, "node_type": "type_change", "degree": 2, "link_types": "crosswalk+pseudo"}, "geometry": {"type": "Point", "coordinates": [-71.0704335, 42.4271394]}}, {"type": "Feature", "properties": {"node_id": 1212, "node_type": "type_change", "degree": 3, "link_types": "midblock+pseudo+sidewalk"}, "geometry": {"type": "Point", "coordinates": [-71.0704478, 42.4271283]}}, {"type": "Feature", "properties": {"node_id": 1213, "node_type": "endpoint", "degree": 1, "link_types": "sidewalk"}, "geometry": {"type": "Point", "coordinates": [-71.0789595, 42.4286543]}}, {"type": "Feature", "properties": {"node_id": 1214, "node_type": "type_change", "degree": 2, "link_types": "midblock+sidewalk"}, "geometry": {"type": "Point", "coordinates": [-71.0789693, 42.4286835]}}, {"type": "Feature", "properties": {"node_id": 1215, "node_type": "type_change", "degree": 2, "link_types": "midblock+sidewalk"}, "geometry": {"type": "Point", "coordinates": [-71.0789859, 42.4287415]}}, {"type": "Feature", "properties": {"node_id": 1216, "node_type": "junction", "degree": 3, "link_types": "sidewalk"}, "geometry": {"type": "Point", "coordinates": [-71.0789867, 42.4287698]}}, {"type": "Feature", "properties": {"node_id": 1217, "node_type": "endpoint", "degree": 1, "link_types": "sidewalk"}, "geometry": {"type": "Point", "coordinates": [-71.0694566, 42.4287456]}}, {"type": "Feature", "properties": {"node_id": 1218, "node_type": "type_change", "degree": 2, "link_types": "pseudo+sidewalk"}, "geometry": {"type": "Point", "coordinates": [-71.0694576, 42.4287463]}}, {"type": "Feature", "properties": {"node_id": 1219, "node_type": "type_change", "degree": 2, "link_types": "crosswalk+pseudo"}, "geometry": {"type": "Point", "coordinates": [-71.0694824, 42.4287631]}}, {"type": "Feature", "properties": {"node_id": 1220, "node_type": "type_change", "degree": 3, "link_types": "crosswalk+pseudo"}, "geometry": {"type": "Point", "coordinates": [-71.0693351, 42.4287485]}}, {"type": "Feature", "properties": {"node_id": 1221, "node_type": "junction", "degree": 3, "link_types": "sidewalk"}, "geometry": {"type": "Point", "coordinates": [-71.0723241, 42.4194693]}}, {"type": "Feature", "properties": {"node_id": 1222, "node_type": "junction", "degree": 3, "link_types": "sidewalk"}, "geometry": {"type": "Point", "coordinates": [-71.0723241, 42.41947]}}, {"type": "Feature", "properties": {"node_id": 1223, "node_type": "type_change", "degree": 3, "link_types": "pseudo+sidewalk"}, "geometry": {"type": "Point", "coordinates": [-71.0723231, 42.4194693]}}, {"type": "Feature", "properties": {"node_id": 1224, "node_type": "type_change", "degree": 3, "link_types": "pseudo+sidewalk"}, "geometry": {"type": "Point", "coordinates": [-71.0723211, 42.4194088]}}, {"type": "Feature", "properties": {"node_id": 1225, "node_type": "endpoint", "degree": 1, "link_types": "sidewalk"}, "geometry": {"type": "Point", "coordinates": [-71.0681588, 42.4182017]}}, {"type": "Feature", "properties": {"node_id": 1226, "node_type": "type_change", "degree": 3, "link_types": "pseudo+sidewalk"}, "geometry": {"type": "Point", "coordinates": [-71.0683309, 42.4181733]}}, {"type": "Feature", "properties": {"node_id": 1227, "node_type": "type_change", "degree": 2, "link_types": "crosswalk+sidewalk"}, "geometry": {"type": "Point", "coordinates": [-71.0667837, 42.4211543]}}, {"type": "Feature", "properties": {"node_id": 1228, "node_type": "type_change", "degree": 2, "link_types": "crosswalk+pseudo"}, "geometry": {"type": "Point", "coordinates": [-71.0667827, 42.4211543]}}, {"type": "Feature", "properties": {"node_id": 1229, "node_type": "endpoint", "degree": 1, "link_types": "pseudo"}, "geometry": {"type": "Point", "coordinates": [-71.0667818, 42.4211551]}}, {"type": "Feature", "properties": {"node_id": 1230, "node_type": "endpoint", "degree": 1, "link_types": "sidewalk"}, "geometry": {"type": "Point", "coordinates": [-71.0667768, 42.4211508]}}, {"type": "Feature", "properties": {"node_id": 1231, "node_type": "junction", "degree": 3, "link_types": "pseudo"}, "geometry": {"type": "Point", "coordinates": [-71.0750885, 42.426043]}}, {"type": "Feature", "properties": {"node_id": 1232, "node_type": "type_change", "degree": 2, "link_types": "crosswalk+pseudo"}, "geometry": {"type": "Point", "coordinates": [-71.0750875, 42.4260437]}}, {"type": "Feature", "properties": {"node_id": 1233, "node_type": "endpoint", "degree": 1, "link_types": "crosswalk"}, "geometry": {"type": "Point", "coordinates": [-71.0750858, 42.4260495]}}, {"type": "Feature", "properties": {"node_id": 1234, "node_type": "type_change", "degree": 2, "link_types": "crosswalk+pseudo"}, "geometry": {"type": "Point", "coordinates": [-71.0750875, 42.4260423]}}, {"type": "Feature", "properties": {"node_id": 1235, "node_type": "junction", "degree": 3, "link_types": "sidewalk"}, "geometry": {"type": "Point", "coordinates": [-71.0839194, 42.4204744]}}, {"type": "Feature", "properties": {"node_id": 1236, "node_type": "junction", "degree": 3, "link_types": "sidewalk"}, "geometry": {"type": "Point", "coordinates": [-71.0839194, 42.4204751]}}, {"type": "Feature", "properties": {"node_id": 1237, "node_type": "junction", "degree": 3, "link_types": "sidewalk"}, "geometry": {"type": "Point", "coordinates": [-71.0839204, 42.4204744]}}, {"type": "Feature", "properties": {"node_id": 1238, "node_type": "type_change", "degree": 3, "link_types": "midblock+sidewalk"}, "geometry": {"type": "Point", "coordinates": [-71.0835668, 42.4204549]}}, {"type": "Feature", "properties": {"node_id": 1239, "node_type": "junction", "degree": 3, "link_types": "sidewalk"}, "geometry": {"type": "Point", "coordinates": [-71.0736048, 42.4269055]}}, {"type": "Feature", "properties": {"node_id": 1240, "node_type": "junction", "degree": 3, "link_types": "sidewalk"}, "geometry": {"type": "Point", "coordinates": [-71.0736038, 42.4269048]}}, {"type": "Feature", "properties": {"node_id": 1241, "node_type": "junction", "degree": 3, "link_types": "sidewalk"}, "geometry": {"type": "Point", "coordinates": [-71.0808232, 42.4175869]}}, {"type": "Feature", "properties": {"node_id": 1242, "node_type": "type_change", "degree": 3, "link_types": "pseudo+sidewalk"}, "geometry": {"type": "Point", "coordinates": [-71.0808232, 42.4175877]}}, {"type": "Feature", "properties": {"node_id": 1243, "node_type": "junction", "degree": 3, "link_types": "sidewalk"}, "geometry": {"type": "Point", "coordinates": [-71.0808242, 42.4175869]}}, {"type": "Feature", "properties": {"node_id": 1244, "node_type": "type_change", "degree": 2, "link_types": "midblock+sidewalk"}, "geometry": {"type": "Point", "coordinates": [-71.0808504, 42.4174204]}}, {"type": "Feature", "properties": {"node_id": 1245, "node_type": "type_change", "degree": 2, "link_types": "midblock+sidewalk"}, "geometry": {"type": "Point", "coordinates": [-71.0809158, 42.4173255]}}, {"type": "Feature", "properties": {"node_id": 1246, "node_type": "type_change", "degree": 2, "link_types": "midblock+sidewalk"}, "geometry": {"type": "Point", "coordinates": [-71.0810556, 42.4171229]}}, {"type": "Feature", "properties": {"node_id": 1247, "node_type": "type_change", "degree": 2, "link_types": "midblock+sidewalk"}, "geometry": {"type": "Point", "coordinates": [-71.0810963, 42.4170639]}}, {"type": "Feature", "properties": {"node_id": 1248, "node_type": "endpoint", "degree": 1, "link_types": "sidewalk"}, "geometry": {"type": "Point", "coordinates": [-71.0812209, 42.4168831]}}, {"type": "Feature", "properties": {"node_id": 1249, "node_type": "endpoint", "degree": 1, "link_types": "sidewalk"}, "geometry": {"type": "Point", "coordinates": [-71.067733, 42.4230557]}}, {"type": "Feature", "properties": {"node_id": 1250, "node_type": "type_change", "degree": 2, "link_types": "midblock+sidewalk"}, "geometry": {"type": "Point", "coordinates": [-71.0675695, 42.423124]}}, {"type": "Feature", "properties": {"node_id": 1251, "node_type": "type_change", "degree": 2, "link_types": "midblock+sidewalk"}, "geometry": {"type": "Point", "coordinates": [-71.0674923, 42.4230953]}}, {"type": "Feature", "properties": {"node_id": 1252, "node_type": "type_change", "degree": 3, "link_types": "pseudo+sidewalk"}, "geometry": {"type": "Point", "coordinates": [-71.0674308, 42.4230619]}}, {"type": "Feature", "properties": {"node_id": 1253, "node_type": "junction", "degree": 3, "link_types": "midblock"}, "geometry": {"type": "Point", "coordinates": [-71.0685674, 42.4258662]}}, {"type": "Feature", "properties": {"node_id": 1254, "node_type": "type_change", "degree": 2, "link_types": "midblock+sidewalk"}, "geometry": {"type": "Point", "coordinates": [-71.0685682, 42.4259054]}}, {"type": "Feature", "properties": {"node_id": 1255, "node_type": "type_change", "degree": 3, "link_types": "midblock+sidewalk"}, "geometry": {"type": "Point", "coordinates": [-71.0685683, 42.4258655]}}, {"type": "Feature", "properties": {"node_id": 1256, "node_type": "type_change", "degree": 3, "link_types": "midblock+sidewalk"}, "geometry": {"type": "Point", "coordinates": [-71.0685673, 42.4258655]}}, {"type": "Feature", "properties": {"node_id": 1257, "node_type": "endpoint", "degree": 1, "link_types": "crosswalk"}, "geometry": {"type": "Point", "coordinates": [-71.0774471, 42.4260269]}}, {"type": "Feature", "properties": {"node_id": 1258, "node_type": "endpoint", "degree": 1, "link_types": "crosswalk"}, "geometry": {"type": "Point", "coordinates": [-71.0774581, 42.4259791]}}, {"type": "Feature", "properties": {"node_id": 1259, "node_type": "type_change", "degree": 2, "link_types": "midblock+sidewalk"}, "geometry": {"type": "Point", "coordinates": [-71.0831506, 42.4257074]}}, {"type": "Feature", "properties": {"node_id": 1260, "node_type": "type_change", "degree": 2, "link_types": "midblock+sidewalk"}, "geometry": {"type": "Point", "coordinates": [-71.0832368, 42.4258834]}}, {"type": "Feature", "properties": {"node_id": 1261, "node_type": "type_change", "degree": 3, "link_types": "pseudo+sidewalk"}, "geometry": {"type": "Point", "coordinates": [-71.0833144, 42.4260753]}}, {"type": "Feature", "properties": {"node_id": 1262, "node_type": "junction", "degree": 3, "link_types": "sidewalk"}, "geometry": {"type": "Point", "coordinates": [-71.0796233, 42.4166433]}}, {"type": "Feature", "properties": {"node_id": 1263, "node_type": "type_change", "degree": 2, "link_types": "pseudo+sidewalk"}, "geometry": {"type": "Point", "coordinates": [-71.0796243, 42.416644]}}, {"type": "Feature", "properties": {"node_id": 1264, "node_type": "type_change", "degree": 2, "link_types": "crosswalk+pseudo"}, "geometry": {"type": "Point", "coordinates": [-71.0796482, 42.4166602]}}, {"type": "Feature", "properties": {"node_id": 1265, "node_type": "type_change", "degree": 2, "link_types": "crosswalk+pseudo"}, "geometry": {"type": "Point", "coordinates": [-71.0798405, 42.4166538]}}, {"type": "Feature", "properties": {"node_id": 1266, "node_type": "junction", "degree": 3, "link_types": "pseudo"}, "geometry": {"type": "Point", "coordinates": [-71.079858, 42.4166535]}}, {"type": "Feature", "properties": {"node_id": 1267, "node_type": "type_change", "degree": 3, "link_types": "pseudo+sidewalk"}, "geometry": {"type": "Point", "coordinates": [-71.0796205, 42.4166456]}}, {"type": "Feature", "properties": {"node_id": 1268, "node_type": "endpoint", "degree": 1, "link_types": "sidewalk"}, "geometry": {"type": "Point", "coordinates": [-71.0796247, 42.4165677]}}, {"type": "Feature", "properties": {"node_id": 1269, "node_type": "junction", "degree": 3, "link_types": "sidewalk"}, "geometry": {"type": "Point", "coordinates": [-71.0733065, 42.4280046]}}, {"type": "Feature", "properties": {"node_id": 1270, "node_type": "endpoint", "degree": 1, "link_types": "sidewalk"}, "geometry": {"type": "Point", "coordinates": [-71.0731596, 42.4281491]}}, {"type": "Feature", "properties": {"node_id": 1271, "node_type": "junction", "degree": 3, "link_types": "sidewalk"}, "geometry": {"type": "Point", "coordinates": [-71.0733075, 42.4280045]}}, {"type": "Feature", "properties": {"node_id": 1272, "node_type": "junction", "degree": 3, "link_types": "sidewalk"}, "geometry": {"type": "Point", "coordinates": [-71.0733074, 42.4280038]}}, {"type": "Feature", "properties": {"node_id": 1273, "node_type": "junction", "degree": 3, "link_types": "sidewalk"}, "geometry": {"type": "Point", "coordinates": [-71.0714036, 42.4252963]}}, {"type": "Feature", "properties": {"node_id": 1274, "node_type": "type_change", "degree": 2, "link_types": "pseudo+sidewalk"}, "geometry": {"type": "Point", "coordinates": [-71.0714046, 42.425297]}}, {"type": "Feature", "properties": {"node_id": 1275, "node_type": "type_change", "degree": 2, "link_types": "crosswalk+pseudo"}, "geometry": {"type": "Point", "coordinates": [-71.0714067, 42.4252991]}}, {"type": "Feature", "properties": {"node_id": 1276, "node_type": "type_change", "degree": 2, "link_types": "crosswalk+pseudo"}, "geometry": {"type": "Point", "coordinates": [-71.0713734, 42.4255288]}}, {"type": "Feature", "properties": {"node_id": 1277, "node_type": "junction", "degree": 3, "link_types": "pseudo"}, "geometry": {"type": "Point", "coordinates": [-71.0713827, 42.4255474]}}, {"type": "Feature", "properties": {"node_id": 1278, "node_type": "junction", "degree": 3, "link_types": "sidewalk"}, "geometry": {"type": "Point", "coordinates": [-71.0713639, 42.4252991]}}, {"type": "Feature", "properties": {"node_id": 1279, "node_type": "type_change", "degree": 3, "link_types": "pseudo+sidewalk"}, "geometry": {"type": "Point", "coordinates": [-71.071419, 42.4252888]}}, {"type": "Feature", "properties": {"node_id": 1280, "node_type": "junction", "degree": 3, "link_types": "sidewalk"}, "geometry": {"type": "Point", "coordinates": [-71.0752349, 42.4216111]}}, {"type": "Feature", "properties": {"node_id": 1281, "node_type": "type_change", "degree": 3, "link_types": "pseudo+sidewalk"}, "geometry": {"type": "Point", "coordinates": [-71.075235, 42.4216118]}}, {"type": "Feature", "properties": {"node_id": 1282, "node_type": "type_change", "degree": 3, "link_types": "pseudo+sidewalk"}, "geometry": {"type": "Point", "coordinates": [-71.075234, 42.4216111]}}, {"type": "Feature", "properties": {"node_id": 1283, "node_type": "junction", "degree": 3, "link_types": "sidewalk"}, "geometry": {"type": "Point", "coordinates": [-71.0752487, 42.4215553]}}, {"type": "Feature", "properties": {"node_id": 1284, "node_type": "junction", "degree": 3, "link_types": "sidewalk"}, "geometry": {"type": "Point", "coordinates": [-71.0707166, 42.4199933]}}, {"type": "Feature", "properties": {"node_id": 1285, "node_type": "endpoint", "degree": 1, "link_types": "sidewalk"}, "geometry": {"type": "Point", "coordinates": [-71.0707357, 42.4202487]}}, {"type": "Feature", "properties": {"node_id": 1286, "node_type": "type_change", "degree": 3, "link_types": "pseudo+sidewalk"}, "geometry": {"type": "Point", "coordinates": [-71.0707175, 42.4199926]}}, {"type": "Feature", "properties": {"node_id": 1287, "node_type": "junction", "degree": 3, "link_types": "sidewalk"}, "geometry": {"type": "Point", "coordinates": [-71.0707166, 42.4199926]}}, {"type": "Feature", "properties": {"node_id": 1288, "node_type": "junction", "degree": 3, "link_types": "pseudo"}, "geometry": {"type": "Point", "coordinates": [-71.0719971, 42.425542]}}, {"type": "Feature", "properties": {"node_id": 1289, "node_type": "type_change", "degree": 3, "link_types": "pseudo+sidewalk"}, "geometry": {"type": "Point", "coordinates": [-71.0719972, 42.4255427]}}, {"type": "Feature", "properties": {"node_id": 1290, "node_type": "type_change", "degree": 3, "link_types": "pseudo+sidewalk"}, "geometry": {"type": "Point", "coordinates": [-71.0719962, 42.4255427]}}, {"type": "Feature", "properties": {"node_id": 1291, "node_type": "type_change", "degree": 2, "link_types": "crosswalk+pseudo"}, "geometry": {"type": "Point", "coordinates": [-71.071998, 42.4255377]}}, {"type": "Feature", "properties": {"node_id": 1292, "node_type": "endpoint", "degree": 1, "link_types": "crosswalk"}, "geometry": {"type": "Point", "coordinates": [-71.0720365, 42.4254678]}}, {"type": "Feature", "properties": {"node_id": 1293, "node_type": "endpoint", "degree": 1, "link_types": "sidewalk"}, "geometry": {"type": "Point", "coordinates": [-71.0816843, 42.4255955]}}, {"type": "Feature", "properties": {"node_id": 1294, "node_type": "endpoint", "degree": 1, "link_types": "sidewalk"}, "geometry": {"type": "Point", "coordinates": [-71.0818816, 42.4262699]}}, {"type": "Feature", "properties": {"node_id": 1295, "node_type": "junction", "degree": 3, "link_types": "pseudo"}, "geometry": {"type": "Point", "coordinates": [-71.0738025, 42.4267687]}}, {"type": "Feature", "properties": {"node_id": 1296, "node_type": "type_change", "degree": 2, "link_types": "crosswalk+pseudo"}, "geometry": {"type": "Point", "coordinates": [-71.0738231, 42.4267719]}}, {"type": "Feature", "properties": {"node_id": 1297, "node_type": "type_change", "degree": 2, "link_types": "crosswalk+pseudo"}, "geometry": {"type": "Point", "coordinates": [-71.0739446, 42.4268]}}, {"type": "Feature", "properties": {"node_id": 1298, "node_type": "type_change", "degree": 3, "link_types": "pseudo+sidewalk"}, "geometry": {"type": "Point", "coordinates": [-71.0738016, 42.4267687]}}, {"type": "Feature", "properties": {"node_id": 1299, "node_type": "type_change", "degree": 3, "link_types": "pseudo+sidewalk"}, "geometry": {"type": "Point", "coordinates": [-71.0738015, 42.426768]}}, {"type": "Feature", "properties": {"node_id": 1300, "node_type": "endpoint", "degree": 1, "link_types": "sidewalk"}, "geometry": {"type": "Point", "coordinates": [-71.069121, 42.4250472]}}, {"type": "Feature", "properties": {"node_id": 1301, "node_type": "type_change", "degree": 3, "link_types": "pseudo+sidewalk"}, "geometry": {"type": "Point", "coordinates": [-71.0690959, 42.4251434]}}, {"type": "Feature", "properties": {"node_id": 1302, "node_type": "endpoint", "degree": 1, "link_types": "sidewalk"}, "geometry": {"type": "Point", "coordinates": [-71.0671143, 42.4220424]}}, {"type": "Feature", "properties": {"node_id": 1303, "node_type": "type_change", "degree": 3, "link_types": "pseudo+sidewalk"}, "geometry": {"type": "Point", "coordinates": [-71.0670945, 42.4219131]}}, {"type": "Feature", "properties": {"node_id": 1304, "node_type": "endpoint", "degree": 1, "link_types": "sidewalk"}, "geometry": {"type": "Point", "coordinates": [-71.0751045, 42.4227258]}}, {"type": "Feature", "properties": {"node_id": 1305, "node_type": "endpoint", "degree": 1, "link_types": "sidewalk"}, "geometry": {"type": "Point", "coordinates": [-71.0752419, 42.4223818]}}, {"type": "Feature", "properties": {"node_id": 1306, "node_type": "endpoint", "degree": 1, "link_types": "sidewalk"}, "geometry": {"type": "Point", "coordinates": [-71.0806611, 42.4205055]}}, {"type": "Feature", "properties": {"node_id": 1307, "node_type": "type_change", "degree": 2, "link_types": "midblock+sidewalk"}, "geometry": {"type": "Point", "coordinates": [-71.0804371, 42.4204122]}}, {"type": "Feature", "properties": {"node_id": 1308, "node_type": "type_change", "degree": 2, "link_types": "midblock+sidewalk"}, "geometry": {"type": "Point", "coordinates": [-71.0802768, 42.4204115]}}, {"type": "Feature", "properties": {"node_id": 1309, "node_type": "endpoint", "degree": 1, "link_types": "sidewalk"}, "geometry": {"type": "Point", "coordinates": [-71.0801386, 42.4204048]}}, {"type": "Feature", "properties": {"node_id": 1310, "node_type": "endpoint", "degree": 1, "link_types": "crosswalk"}, "geometry": {"type": "Point", "coordinates": [-71.0675421, 42.4256801]}}, {"type": "Feature", "properties": {"node_id": 1311, "node_type": "junction", "degree": 3, "link_types": "crosswalk"}, "geometry": {"type": "Point", "coordinates": [-71.0675431, 42.4256808]}}, {"type": "Feature", "properties": {"node_id": 1312, "node_type": "endpoint", "degree": 1, "link_types": "sidewalk"}, "geometry": {"type": "Point", "coordinates": [-71.0737824, 42.4264816]}}, {"type": "Feature", "properties": {"node_id": 1313, "node_type": "type_change", "degree": 3, "link_types": "pseudo+sidewalk"}, "geometry": {"type": "Point", "coordinates": [-71.0736909, 42.4266576]}}, {"type": "Feature", "properties": {"node_id": 1314, "node_type": "endpoint", "degree": 1, "link_types": "sidewalk"}, "geometry": {"type": "Point", "coordinates": [-71.0721858, 42.4234767]}}, {"type": "Feature", "properties": {"node_id": 1315, "node_type": "type_change", "degree": 2, "link_types": "pseudo+sidewalk"}, "geometry": {"type": "Point", "coordinates": [-71.0721858, 42.4234774]}}, {"type": "Feature", "properties": {"node_id": 1316, "node_type": "type_change", "degree": 2, "link_types": "crosswalk+pseudo"}, "geometry": {"type": "Point", "coordinates": [-71.0721831, 42.423484]}}, {"type": "Feature", "properties": {"node_id": 1317, "node_type": "type_change", "degree": 2, "link_types": "crosswalk+pseudo"}, "geometry": {"type": "Point", "coordinates": [-71.072282, 42.423534]}}, {"type": "Feature", "properties": {"node_id": 1318, "node_type": "junction", "degree": 3, "link_types": "pseudo"}, "geometry": {"type": "Point", "coordinates": [-71.0722862, 42.4235419]}}, {"type": "Feature", "properties": {"node_id": 1319, "node_type": "junction", "degree": 3, "link_types": "sidewalk"}, "geometry": {"type": "Point", "coordinates": [-71.0757981, 42.4177566]}}, {"type": "Feature", "properties": {"node_id": 1320, "node_type": "endpoint", "degree": 1, "link_types": "sidewalk"}, "geometry": {"type": "Point", "coordinates": [-71.0757882, 42.4179578]}}, {"type": "Feature", "properties": {"node_id": 1321, "node_type": "type_change", "degree": 2, "link_types": "pseudo+sidewalk"}, "geometry": {"type": "Point", "coordinates": [-71.0757971, 42.4177559]}}, {"type": "Feature", "properties": {"node_id": 1322, "node_type": "type_change", "degree": 2, "link_types": "crosswalk+pseudo"}, "geometry": {"type": "Point", "coordinates": [-71.0757813, 42.4177476]}}, {"type": "Feature", "properties": {"node_id": 1323, "node_type": "type_change", "degree": 2, "link_types": "crosswalk+pseudo"}, "geometry": {"type": "Point", "coordinates": [-71.0755278, 42.4177846]}}, {"type": "Feature", "properties": {"node_id": 1324, "node_type": "type_change", "degree": 3, "link_types": "pseudo+sidewalk"}, "geometry": {"type": "Point", "coordinates": [-71.075522, 42.4177868]}}, {"type": "Feature", "properties": {"node_id": 1325, "node_type": "endpoint", "degree": 1, "link_types": "sidewalk"}, "geometry": {"type": "Point", "coordinates": [-71.0828087, 42.423872]}}, {"type": "Feature", "properties": {"node_id": 1326, "node_type": "type_change", "degree": 2, "link_types": "pseudo+sidewalk"}, "geometry": {"type": "Point", "coordinates": [-71.0828097, 42.423872]}}, {"type": "Feature", "properties": {"node_id": 1327, "node_type": "type_change", "degree": 2, "link_types": "crosswalk+pseudo"}, "geometry": {"type": "Point", "coordinates": [-71.0828252, 42.4238702]}}, {"type": "Feature", "properties": {"node_id": 1328, "node_type": "type_change", "degree": 2, "link_types": "crosswalk+pseudo"}, "geometry": {"type": "Point", "coordinates": [-71.0827469, 42.4237967]}}, {"type": "Feature", "properties": {"node_id": 1329, "node_type": "endpoint", "degree": 1, "link_types": "sidewalk"}, "geometry": {"type": "Point", "coordinates": [-71.0719004, 42.4285667]}}, {"type": "Feature", "properties": {"node_id": 1330, "node_type": "type_change", "degree": 2, "link_types": "midblock+sidewalk"}, "geometry": {"type": "Point", "coordinates": [-71.0717049, 42.4285914]}}, {"type": "Feature", "properties": {"node_id": 1331, "node_type": "type_change", "degree": 2, "link_types": "midblock+sidewalk"}, "geometry": {"type": "Point", "coordinates": [-71.0716024, 42.4286043]}}, {"type": "Feature", "properties": {"node_id": 1332, "node_type": "type_change", "degree": 2, "link_types": "midblock+sidewalk"}, "geometry": {"type": "Point", "coordinates": [-71.071473, 42.4286206]}}, {"type": "Feature", "properties": {"node_id": 1333, "node_type": "type_change", "degree": 2, "link_types": "midblock+sidewalk"}, "geometry": {"type": "Point", "coordinates": [-71.0714586, 42.4286224]}}, {"type": "Feature", "properties": {"node_id": 1334, "node_type": "type_change", "degree": 3, "link_types": "pseudo+sidewalk"}, "geometry": {"type": "Point", "coordinates": [-71.071199, 42.4286486]}}, {"type": "Feature", "properties": {"node_id": 1335, "node_type": "type_change", "degree": 3, "link_types": "pseudo+sidewalk"}, "geometry": {"type": "Point", "coordinates": [-71.0764222, 42.4262047]}}, {"type": "Feature", "properties": {"node_id": 1336, "node_type": "type_change", "degree": 3, "link_types": "pseudo+sidewalk"}, "geometry": {"type": "Point", "coordinates": [-71.0764212, 42.426204]}}, {"type": "Feature", "properties": {"node_id": 1337, "node_type": "junction", "degree": 3, "link_types": "sidewalk"}, "geometry": {"type": "Point", "coordinates": [-71.0707617, 42.4188232]}}, {"type": "Feature", "properties": {"node_id": 1338, "node_type": "type_change", "degree": 3, "link_types": "pseudo+sidewalk"}, "geometry": {"type": "Point", "coordinates": [-71.0707607, 42.4188232]}}, {"type": "Feature", "properties": {"node_id": 1339, "node_type": "type_change", "degree": 2, "link_types": "pseudo+sidewalk"}, "geometry": {"type": "Point", "coordinates": [-71.0789821, 42.4287799]}}, {"type": "Feature", "properties": {"node_id": 1340, "node_type": "type_change", "degree": 2, "link_types": "crosswalk+pseudo"}, "geometry": {"type": "Point", "coordinates": [-71.0789961, 42.4287919]}}, {"type": "Feature", "properties": {"node_id": 1341, "node_type": "type_change", "degree": 2, "link_types": "crosswalk+pseudo"}, "geometry": {"type": "Point", "coordinates": [-71.0790106, 42.4288774]}}, {"type": "Feature", "properties": {"node_id": 1342, "node_type": "type_change", "degree": 3, "link_types": "pseudo+sidewalk"}, "geometry": {"type": "Point", "coordinates": [-71.0790025, 42.4288963]}}, {"type": "Feature", "properties": {"node_id": 1343, "node_type": "junction", "degree": 3, "link_types": "sidewalk"}, "geometry": {"type": "Point", "coordinates": [-71.0789867, 42.4287705]}}, {"type": "Feature", "properties": {"node_id": 1344, "node_type": "junction", "degree": 3, "link_types": "pseudo"}, "geometry": {"type": "Point", "coordinates": [-71.076006, 42.4272374]}}, {"type": "Feature", "properties": {"node_id": 1345, "node_type": "type_change", "degree": 3, "link_types": "pseudo+sidewalk"}, "geometry": {"type": "Point", "coordinates": [-71.076007, 42.4272381]}}, {"type": "Feature", "properties": {"node_id": 1346, "node_type": "type_change", "degree": 3, "link_types": "pseudo+sidewalk"}, "geometry": {"type": "Point", "coordinates": [-71.076007, 42.4272374]}}, {"type": "Feature", "properties": {"node_id": 1347, "node_type": "type_change", "degree": 2, "link_types": "crosswalk+pseudo"}, "geometry": {"type": "Point", "coordinates": [-71.0759913, 42.4272326]}}, {"type": "Feature", "properties": {"node_id": 1348, "node_type": "type_change", "degree": 2, "link_types": "crosswalk+pseudo"}, "geometry": {"type": "Point", "coordinates": [-71.075834, 42.427242]}}, {"type": "Feature", "properties": {"node_id": 1349, "node_type": "type_change", "degree": 3, "link_types": "pseudo+sidewalk"}, "geometry": {"type": "Point", "coordinates": [-71.0758274, 42.4272478]}}, {"type": "Feature", "properties": {"node_id": 1350, "node_type": "type_change", "degree": 3, "link_types": "pseudo+sidewalk"}, "geometry": {"type": "Point", "coordinates": [-71.0690372, 42.4238621]}}, {"type": "Feature", "properties": {"node_id": 1351, "node_type": "type_change", "degree": 3, "link_types": "pseudo+sidewalk"}, "geometry": {"type": "Point", "coordinates": [-71.0690372, 42.4238614]}}, {"type": "Feature", "properties": {"node_id": 1352, "node_type": "junction", "degree": 3, "link_types": "sidewalk"}, "geometry": {"type": "Point", "coordinates": [-71.0811926, 42.4285763]}}, {"type": "Feature", "properties": {"node_id": 1353, "node_type": "type_change", "degree": 3, "link_types": "pseudo+sidewalk"}, "geometry": {"type": "Point", "coordinates": [-71.0811927, 42.428577]}}, {"type": "Feature", "properties": {"node_id": 1354, "node_type": "junction", "degree": 3, "link_types": "sidewalk"}, "geometry": {"type": "Point", "coordinates": [-71.0811917, 42.4285763]}}, {"type": "Feature", "properties": {"node_id": 1355, "node_type": "junction", "degree": 3, "link_types": "sidewalk"}, "geometry": {"type": "Point", "coordinates": [-71.0723268, 42.4254525]}}, {"type": "Feature", "properties": {"node_id": 1356, "node_type": "endpoint", "degree": 1, "link_types": "sidewalk"}, "geometry": {"type": "Point", "coordinates": [-71.0724073, 42.4254474]}}, {"type": "Feature", "properties": {"node_id": 1357, "node_type": "type_change", "degree": 2, "link_types": "pseudo+sidewalk"}, "geometry": {"type": "Point", "coordinates": [-71.0723258, 42.4254532]}}, {"type": "Feature", "properties": {"node_id": 1358, "node_type": "type_change", "degree": 2, "link_types": "crosswalk+pseudo"}, "geometry": {"type": "Point", "coordinates": [-71.0722983, 42.4254739]}}, {"type": "Feature", "properties": {"node_id": 1359, "node_type": "type_change", "degree": 2, "link_types": "crosswalk+pseudo"}, "geometry": {"type": "Point", "coordinates": [-71.072282, 42.4255707]}}, {"type": "Feature", "properties": {"node_id": 1360, "node_type": "type_change", "degree": 2, "link_types": "pseudo+sidewalk"}, "geometry": {"type": "Point", "coordinates": [-71.0723013, 42.425566]}}, {"type": "Feature", "properties": {"node_id": 1361, "node_type": "type_change", "degree": 2, "link_types": "midblock+sidewalk"}, "geometry": {"type": "Point", "coordinates": [-71.0723294, 42.4255661]}}, {"type": "Feature", "properties": {"node_id": 1362, "node_type": "type_change", "degree": 2, "link_types": "midblock+sidewalk"}, "geometry": {"type": "Point", "coordinates": [-71.0723517, 42.4255661]}}, {"type": "Feature", "properties": {"node_id": 1363, "node_type": "endpoint", "degree": 1, "link_types": "sidewalk"}, "geometry": {"type": "Point", "coordinates": [-71.072559, 42.4255664]}}, {"type": "Feature", "properties": {"node_id": 1364, "node_type": "type_change", "degree": 3, "link_types": "pseudo+sidewalk"}, "geometry": {"type": "Point", "coordinates": [-71.0723312, 42.4254402]}}, {"type": "Feature", "properties": {"node_id": 1365, "node_type": "endpoint", "degree": 1, "link_types": "sidewalk"}, "geometry": {"type": "Point", "coordinates": [-71.0666085, 42.4255003]}}, {"type": "Feature", "properties": {"node_id": 1366, "node_type": "endpoint", "degree": 1, "link_types": "sidewalk"}, "geometry": {"type": "Point", "coordinates": [-71.0668954, 42.4255585]}}, {"type": "Feature", "properties": {"node_id": 1367, "node_type": "endpoint", "degree": 1, "link_types": "sidewalk"}, "geometry": {"type": "Point", "coordinates": [-71.0747405, 42.4231589]}}, {"type": "Feature", "properties": {"node_id": 1368, "node_type": "endpoint", "degree": 1, "link_types": "sidewalk"}, "geometry": {"type": "Point", "coordinates": [-71.0744405, 42.4231737]}}, {"type": "Feature", "properties": {"node_id": 1369, "node_type": "endpoint", "degree": 1, "link_types": "sidewalk"}, "geometry": {"type": "Point", "coordinates": [-71.0813405, 42.4216732]}}, {"type": "Feature", "properties": {"node_id": 1370, "node_type": "type_change", "degree": 2, "link_types": "midblock+sidewalk"}, "geometry": {"type": "Point", "coordinates": [-71.081762, 42.421674]}}, {"type": "Feature", "properties": {"node_id": 1371, "node_type": "type_change", "degree": 2, "link_types": "midblock+sidewalk"}, "geometry": {"type": "Point", "coordinates": [-71.0817999, 42.4216741]}}, {"type": "Feature", "properties": {"node_id": 1372, "node_type": "type_change", "degree": 3, "link_types": "pseudo+sidewalk"}, "geometry": {"type": "Point", "coordinates": [-71.0820961, 42.4216746]}}, {"type": "Feature", "properties": {"node_id": 1373, "node_type": "junction", "degree": 3, "link_types": "pseudo"}, "geometry": {"type": "Point", "coordinates": [-71.0678013, 42.4240098]}}, {"type": "Feature", "properties": {"node_id": 1374, "node_type": "type_change", "degree": 3, "link_types": "pseudo+sidewalk"}, "geometry": {"type": "Point", "coordinates": [-71.0678013, 42.4240105]}}, {"type": "Feature", "properties": {"node_id": 1375, "node_type": "type_change", "degree": 3, "link_types": "pseudo+sidewalk"}, "geometry": {"type": "Point", "coordinates": [-71.0678004, 42.4240105]}}, {"type": "Feature", "properties": {"node_id": 1376, "node_type": "type_change", "degree": 2, "link_types": "crosswalk+pseudo"}, "geometry": {"type": "Point", "coordinates": [-71.0678048, 42.4239989]}}, {"type": "Feature", "properties": {"node_id": 1377, "node_type": "junction", "degree": 3, "link_types": "sidewalk"}, "geometry": {"type": "Point", "coordinates": [-71.0798184, 42.4274255]}}, {"type": "Feature", "properties": {"node_id": 1378, "node_type": "type_change", "degree": 3, "link_types": "pseudo+sidewalk"}, "geometry": {"type": "Point", "coordinates": [-71.0798194, 42.4274262]}}, {"type": "Feature", "properties": {"node_id": 1379, "node_type": "junction", "degree": 3, "link_types": "sidewalk"}, "geometry": {"type": "Point", "coordinates": [-71.0798194, 42.4274254]}}, {"type": "Feature", "properties": {"node_id": 1380, "node_type": "endpoint", "degree": 1, "link_types": "sidewalk"}, "geometry": {"type": "Point", "coordinates": [-71.0797409, 42.4274341]}}, {"type": "Feature", "properties": {"node_id": 1381, "node_type": "endpoint", "degree": 1, "link_types": "sidewalk"}, "geometry": {"type": "Point", "coordinates": [-71.0800413, 42.4204044]}}, {"type": "Feature", "properties": {"node_id": 1382, "node_type": "type_change", "degree": 3, "link_types": "pseudo+sidewalk"}, "geometry": {"type": "Point", "coordinates": [-71.0800317, 42.4204089]}}, {"type": "Feature", "properties": {"node_id": 1383, "node_type": "endpoint", "degree": 1, "link_types": "sidewalk"}, "geometry": {"type": "Point", "coordinates": [-71.0691868, 42.4203091]}}, {"type": "Feature", "properties": {"node_id": 1384, "node_type": "type_change", "degree": 2, "link_types": "midblock+sidewalk"}, "geometry": {"type": "Point", "coordinates": [-71.0692498, 42.4203125]}}, {"type": "Feature", "properties": {"node_id": 1385, "node_type": "type_change", "degree": 2, "link_types": "midblock+sidewalk"}, "geometry": {"type": "Point", "coordinates": [-71.069351, 42.4203054]}}, {"type": "Feature", "properties": {"node_id": 1386, "node_type": "endpoint", "degree": 1, "link_types": "sidewalk"}, "geometry": {"type": "Point", "coordinates": [-71.0695444, 42.4203632]}}, {"type": "Feature", "properties": {"node_id": 1387, "node_type": "endpoint", "degree": 1, "link_types": "sidewalk"}, "geometry": {"type": "Point", "coordinates": [-71.0690367, 42.4252648]}}, {"type": "Feature", "properties": {"node_id": 1388, "node_type": "type_change", "degree": 2, "link_types": "pseudo+sidewalk"}, "geometry": {"type": "Point", "coordinates": [-71.0690367, 42.4252655]}}, {"type": "Feature", "properties": {"node_id": 1389, "node_type": "type_change", "degree": 3, "link_types": "crosswalk+pseudo"}, "geometry": {"type": "Point", "coordinates": [-71.0690346, 42.4252894]}}, {"type": "Feature", "properties": {"node_id": 1390, "node_type": "endpoint", "degree": 1, "link_types": "sidewalk"}, "geometry": {"type": "Point", "coordinates": [-71.0728689, 42.4272964]}}, {"type": "Feature", "properties": {"node_id": 1391, "node_type": "type_change", "degree": 2, "link_types": "midblock+sidewalk"}, "geometry": {"type": "Point", "coordinates": [-71.0721902, 42.42727]}}, {"type": "Feature", "properties": {"node_id": 1392, "node_type": "type_change", "degree": 2, "link_types": "midblock+sidewalk"}, "geometry": {"type": "Point", "coordinates": [-71.0721759, 42.4272857]}}, {"type": "Feature", "properties": {"node_id": 1393, "node_type": "endpoint", "degree": 1, "link_types": "sidewalk"}, "geometry": {"type": "Point", "coordinates": [-71.0721866, 42.4273685]}}, {"type": "Feature", "properties": {"node_id": 1394, "node_type": "junction", "degree": 3, "link_types": "sidewalk"}, "geometry": {"type": "Point", "coordinates": [-71.0684605, 42.4251888]}}, {"type": "Feature", "properties": {"node_id": 1395, "node_type": "endpoint", "degree": 1, "link_types": "sidewalk"}, "geometry": {"type": "Point", "coordinates": [-71.0684907, 42.4251926]}}, {"type": "Feature", "properties": {"node_id": 1396, "node_type": "type_change", "degree": 3, "link_types": "pseudo+sidewalk"}, "geometry": {"type": "Point", "coordinates": [-71.0684604, 42.4251881]}}, {"type": "Feature", "properties": {"node_id": 1397, "node_type": "endpoint", "degree": 1, "link_types": "crosswalk"}, "geometry": {"type": "Point", "coordinates": [-71.0695071, 42.4202327]}}, {"type": "Feature", "properties": {"node_id": 1398, "node_type": "junction", "degree": 3, "link_types": "crosswalk"}, "geometry": {"type": "Point", "coordinates": [-71.0695091, 42.4202341]}}, {"type": "Feature", "properties": {"node_id": 1399, "node_type": "junction", "degree": 3, "link_types": "sidewalk"}, "geometry": {"type": "Point", "coordinates": [-71.0762461, 42.4266171]}}, {"type": "Feature", "properties": {"node_id": 1400, "node_type": "endpoint", "degree": 1, "link_types": "sidewalk"}, "geometry": {"type": "Point", "coordinates": [-71.0762484, 42.4266264]}}, {"type": "Feature", "properties": {"node_id": 1401, "node_type": "type_change", "degree": 3, "link_types": "pseudo+sidewalk"}, "geometry": {"type": "Point", "coordinates": [-71.0762471, 42.4266163]}}, {"type": "Feature", "properties": {"node_id": 1402, "node_type": "type_change", "degree": 3, "link_types": "pseudo+sidewalk"}, "geometry": {"type": "Point", "coordinates": [-71.0762461, 42.4266164]}}, {"type": "Feature", "properties": {"node_id": 1403, "node_type": "endpoint", "degree": 1, "link_types": "sidewalk"}, "geometry": {"type": "Point", "coordinates": [-71.0744429, 42.4199144]}}, {"type": "Feature", "properties": {"node_id": 1404, "node_type": "type_change", "degree": 2, "link_types": "midblock+sidewalk"}, "geometry": {"type": "Point", "coordinates": [-71.0745863, 42.4199086]}}, {"type": "Feature", "properties": {"node_id": 1405, "node_type": "type_change", "degree": 2, "link_types": "midblock+sidewalk"}, "geometry": {"type": "Point", "coordinates": [-71.0746025, 42.4199104]}}, {"type": "Feature", "properties": {"node_id": 1406, "node_type": "type_change", "degree": 2, "link_types": "midblock+sidewalk"}, "geometry": {"type": "Point", "coordinates": [-71.0747481, 42.4199406]}}, {"type": "Feature", "properties": {"node_id": 1407, "node_type": "endpoint", "degree": 1, "link_types": "midblock"}, "geometry": {"type": "Point", "coordinates": [-71.0747847, 42.4199298]}}, {"type": "Feature", "properties": {"node_id": 1408, "node_type": "endpoint", "degree": 1, "link_types": "midblock"}, "geometry": {"type": "Point", "coordinates": [-71.0695096, 42.4184172]}}, {"type": "Feature", "properties": {"node_id": 1409, "node_type": "type_change", "degree": 2, "link_types": "midblock+sidewalk"}, "geometry": {"type": "Point", "coordinates": [-71.0695149, 42.4183962]}}, {"type": "Feature", "properties": {"node_id": 1410, "node_type": "type_change", "degree": 3, "link_types": "pseudo+sidewalk"}, "geometry": {"type": "Point", "coordinates": [-71.0695149, 42.4182521]}}, {"type": "Feature", "properties": {"node_id": 1411, "node_type": "junction", "degree": 3, "link_types": "sidewalk"}, "geometry": {"type": "Point", "coordinates": [-71.0768297, 42.4224683]}}, {"type": "Feature", "properties": {"node_id": 1412, "node_type": "junction", "degree": 3, "link_types": "sidewalk"}, "geometry": {"type": "Point", "coordinates": [-71.0768298, 42.422469]}}, {"type": "Feature", "properties": {"node_id": 1413, "node_type": "type_change", "degree": 2, "link_types": "midblock+sidewalk"}, "geometry": {"type": "Point", "coordinates": [-71.0768308, 42.422459]}}, {"type": "Feature", "properties": {"node_id": 1414, "node_type": "type_change", "degree": 3, "link_types": "midblock+sidewalk"}, "geometry": {"type": "Point", "coordinates": [-71.0768404, 42.4223781]}}, {"type": "Feature", "properties": {"node_id": 1415, "node_type": "type_change", "degree": 3, "link_types": "pseudo+sidewalk"}, "geometry": {"type": "Point", "coordinates": [-71.0799825, 42.418654]}}, {"type": "Feature", "properties": {"node_id": 1416, "node_type": "endpoint", "degree": 1, "link_types": "sidewalk"}, "geometry": {"type": "Point", "coordinates": [-71.0765921, 42.4233105]}}, {"type": "Feature", "properties": {"node_id": 1417, "node_type": "type_change", "degree": 2, "link_types": "midblock+sidewalk"}, "geometry": {"type": "Point", "coordinates": [-71.0766181, 42.4231909]}}, {"type": "Feature", "properties": {"node_id": 1418, "node_type": "type_change", "degree": 2, "link_types": "midblock+sidewalk"}, "geometry": {"type": "Point", "coordinates": [-71.0766191, 42.4231787]}}, {"type": "Feature", "properties": {"node_id": 1419, "node_type": "endpoint", "degree": 1, "link_types": "sidewalk"}, "geometry": {"type": "Point", "coordinates": [-71.0766223, 42.4231378]}}, {"type": "Feature", "properties": {"node_id": 1420, "node_type": "endpoint", "degree": 1, "link_types": "sidewalk"}, "geometry": {"type": "Point", "coordinates": [-71.0711017, 42.4181348]}}, {"type": "Feature", "properties": {"node_id": 1421, "node_type": "type_change", "degree": 2, "link_types": "pseudo+sidewalk"}, "geometry": {"type": "Point", "coordinates": [-71.0711027, 42.4181355]}}, {"type": "Feature", "properties": {"node_id": 1422, "node_type": "type_change", "degree": 2, "link_types": "crosswalk+pseudo"}, "geometry": {"type": "Point", "coordinates": [-71.0711136, 42.4181404]}}, {"type": "Feature", "properties": {"node_id": 1423, "node_type": "type_change", "degree": 2, "link_types": "crosswalk+pseudo"}, "geometry": {"type": "Point", "coordinates": [-71.0711244, 42.4180573]}}, {"type": "Feature", "properties": {"node_id": 1424, "node_type": "type_change", "degree": 3, "link_types": "pseudo+sidewalk"}, "geometry": {"type": "Point", "coordinates": [-71.0711252, 42.4180501]}}, {"type": "Feature", "properties": {"node_id": 1425, "node_type": "junction", "degree": 3, "link_types": "sidewalk"}, "geometry": {"type": "Point", "coordinates": [-71.0693356, 42.4181228]}}, {"type": "Feature", "properties": {"node_id": 1426, "node_type": "junction", "degree": 3, "link_types": "sidewalk"}, "geometry": {"type": "Point", "coordinates": [-71.0693242, 42.4181302]}}, {"type": "Feature", "properties": {"node_id": 1427, "node_type": "type_change", "degree": 3, "link_types": "pseudo+sidewalk"}, "geometry": {"type": "Point", "coordinates": [-71.0693366, 42.4181228]}}, {"type": "Feature", "properties": {"node_id": 1428, "node_type": "junction", "degree": 3, "link_types": "sidewalk"}, "geometry": {"type": "Point", "coordinates": [-71.0693356, 42.4181221]}}, {"type": "Feature", "properties": {"node_id": 1429, "node_type": "junction", "degree": 3, "link_types": "pseudo"}, "geometry": {"type": "Point", "coordinates": [-71.0749536, 42.4261095]}}, {"type": "Feature", "properties": {"node_id": 1430, "node_type": "type_change", "degree": 2, "link_types": "crosswalk+pseudo"}, "geometry": {"type": "Point", "coordinates": [-71.0749538, 42.4261182]}}, {"type": "Feature", "properties": {"node_id": 1431, "node_type": "type_change", "degree": 2, "link_types": "crosswalk+pseudo"}, "geometry": {"type": "Point", "coordinates": [-71.0748092, 42.4261842]}}, {"type": "Feature", "properties": {"node_id": 1432, "node_type": "endpoint", "degree": 1, "link_types": "pseudo"}, "geometry": {"type": "Point", "coordinates": [-71.0748222, 42.4261962]}}, {"type": "Feature", "properties": {"node_id": 1433, "node_type": "type_change", "degree": 2, "link_types": "pseudo+sidewalk"}, "geometry": {"type": "Point", "coordinates": [-71.0749545, 42.4261088]}}, {"type": "Feature", "properties": {"node_id": 1434, "node_type": "endpoint", "degree": 1, "link_types": "pseudo"}, "geometry": {"type": "Point", "coordinates": [-71.0749526, 42.4261088]}}, {"type": "Feature", "properties": {"node_id": 1435, "node_type": "junction", "degree": 3, "link_types": "sidewalk"}, "geometry": {"type": "Point", "coordinates": [-71.0754083, 42.421796]}}, {"type": "Feature", "properties": {"node_id": 1436, "node_type": "type_change", "degree": 3, "link_types": "pseudo+sidewalk"}, "geometry": {"type": "Point", "coordinates": [-71.0754083, 42.4217967]}}, {"type": "Feature", "properties": {"node_id": 1437, "node_type": "type_change", "degree": 3, "link_types": "pseudo+sidewalk"}, "geometry": {"type": "Point", "coordinates": [-71.0754073, 42.421796]}}, {"type": "Feature", "properties": {"node_id": 1438, "node_type": "type_change", "degree": 3, "link_types": "pseudo+sidewalk"}, "geometry": {"type": "Point", "coordinates": [-71.0754336, 42.4217681]}}, {"type": "Feature", "properties": {"node_id": 1439, "node_type": "type_change", "degree": 2, "link_types": "pseudo+sidewalk"}, "geometry": {"type": "Point", "coordinates": [-71.0695938, 42.4188198]}}, {"type": "Feature", "properties": {"node_id": 1440, "node_type": "type_change", "degree": 2, "link_types": "midblock+sidewalk"}, "geometry": {"type": "Point", "coordinates": [-71.0697838, 42.4188129]}}, {"type": "Feature", "properties": {"node_id": 1441, "node_type": "type_change", "degree": 2, "link_types": "midblock+sidewalk"}, "geometry": {"type": "Point", "coordinates": [-71.0698613, 42.4188101]}}, {"type": "Feature", "properties": {"node_id": 1442, "node_type": "endpoint", "degree": 1, "link_types": "sidewalk"}, "geometry": {"type": "Point", "coordinates": [-71.0700687, 42.4188026]}}, {"type": "Feature", "properties": {"node_id": 1443, "node_type": "type_change", "degree": 2, "link_types": "crosswalk+pseudo"}, "geometry": {"type": "Point", "coordinates": [-71.0810682, 42.4271672]}}, {"type": "Feature", "properties": {"node_id": 1444, "node_type": "endpoint", "degree": 1, "link_types": "sidewalk"}, "geometry": {"type": "Point", "coordinates": [-71.0741874, 42.4285887]}}, {"type": "Feature", "properties": {"node_id": 1445, "node_type": "type_change", "degree": 3, "link_types": "pseudo+sidewalk"}, "geometry": {"type": "Point", "coordinates": [-71.0740485, 42.4285956]}}, {"type": "Feature", "properties": {"node_id": 1446, "node_type": "endpoint", "degree": 1, "link_types": "sidewalk"}, "geometry": {"type": "Point", "coordinates": [-71.0846062, 42.4238883]}}, {"type": "Feature", "properties": {"node_id": 1447, "node_type": "type_change", "degree": 2, "link_types": "midblock+sidewalk"}, "geometry": {"type": "Point", "coordinates": [-71.0844215, 42.4239982]}}, {"type": "Feature", "properties": {"node_id": 1448, "node_type": "type_change", "degree": 2, "link_types": "midblock+sidewalk"}, "geometry": {"type": "Point", "coordinates": [-71.0843805, 42.4240183]}}, {"type": "Feature", "properties": {"node_id": 1449, "node_type": "endpoint", "degree": 1, "link_types": "sidewalk"}, "geometry": {"type": "Point", "coordinates": [-71.0840696, 42.424156]}}, {"type": "Feature", "properties": {"node_id": 1450, "node_type": "endpoint", "degree": 1, "link_types": "sidewalk"}, "geometry": {"type": "Point", "coordinates": [-71.0707725, 42.4235224]}}, {"type": "Feature", "properties": {"node_id": 1451, "node_type": "type_change", "degree": 2, "link_types": "midblock+sidewalk"}, "geometry": {"type": "Point", "coordinates": [-71.0698664, 42.4235946]}}, {"type": "Feature", "properties": {"node_id": 1452, "node_type": "endpoint", "degree": 1, "link_types": "midblock"}, "geometry": {"type": "Point", "coordinates": [-71.0698172, 42.4235988]}}, {"type": "Feature", "properties": {"node_id": 1453, "node_type": "junction", "degree": 3, "link_types": "pseudo"}, "geometry": {"type": "Point", "coordinates": [-71.0706222, 42.4168006]}}, {"type": "Feature", "properties": {"node_id": 1454, "node_type": "type_change", "degree": 3, "link_types": "pseudo+sidewalk"}, "geometry": {"type": "Point", "coordinates": [-71.0706232, 42.4168013]}}, {"type": "Feature", "properties": {"node_id": 1455, "node_type": "type_change", "degree": 3, "link_types": "pseudo+sidewalk"}, "geometry": {"type": "Point", "coordinates": [-71.0706222, 42.4168013]}}, {"type": "Feature", "properties": {"node_id": 1456, "node_type": "type_change", "degree": 2, "link_types": "crosswalk+pseudo"}, "geometry": {"type": "Point", "coordinates": [-71.0706201, 42.416766]}}, {"type": "Feature", "properties": {"node_id": 1457, "node_type": "type_change", "degree": 2, "link_types": "crosswalk+pseudo"}, "geometry": {"type": "Point", "coordinates": [-71.0705765, 42.4167726]}}, {"type": "Feature", "properties": {"node_id": 1458, "node_type": "endpoint", "degree": 1, "link_types": "sidewalk"}, "geometry": {"type": "Point", "coordinates": [-71.0813022, 42.4184284]}}, {"type": "Feature", "properties": {"node_id": 1459, "node_type": "type_change", "degree": 3, "link_types": "pseudo+sidewalk"}, "geometry": {"type": "Point", "coordinates": [-71.0813657, 42.4185554]}}, {"type": "Feature", "properties": {"node_id": 1460, "node_type": "type_change", "degree": 2, "link_types": "crosswalk+pseudo"}, "geometry": {"type": "Point", "coordinates": [-71.0675874, 42.4238912]}}, {"type": "Feature", "properties": {"node_id": 1461, "node_type": "endpoint", "degree": 1, "link_types": "crosswalk"}, "geometry": {"type": "Point", "coordinates": [-71.0676681, 42.4238623]}}, {"type": "Feature", "properties": {"node_id": 1462, "node_type": "endpoint", "degree": 1, "link_types": "sidewalk"}, "geometry": {"type": "Point", "coordinates": [-71.0769108, 42.4289875]}}, {"type": "Feature", "properties": {"node_id": 1463, "node_type": "type_change", "degree": 2, "link_types": "midblock+sidewalk"}, "geometry": {"type": "Point", "coordinates": [-71.0772056, 42.4289509]}}, {"type": "Feature", "properties": {"node_id": 1464, "node_type": "junction", "degree": 3, "link_types": "midblock"}, "geometry": {"type": "Point", "coordinates": [-71.0772951, 42.4289337]}}, {"type": "Feature", "properties": {"node_id": 1465, "node_type": "endpoint", "degree": 1, "link_types": "sidewalk"}, "geometry": {"type": "Point", "coordinates": [-71.0687556, 42.4287791]}}, {"type": "Feature", "properties": {"node_id": 1466, "node_type": "junction", "degree": 3, "link_types": "sidewalk"}, "geometry": {"type": "Point", "coordinates": [-71.0681732, 42.4287536]}}, {"type": "Feature", "properties": {"node_id": 1467, "node_type": "junction", "degree": 3, "link_types": "sidewalk"}, "geometry": {"type": "Point", "coordinates": [-71.0679598, 42.4253981]}}, {"type": "Feature", "properties": {"node_id": 1468, "node_type": "type_change", "degree": 3, "link_types": "pseudo+sidewalk"}, "geometry": {"type": "Point", "coordinates": [-71.0679607, 42.4253981]}}, {"type": "Feature", "properties": {"node_id": 1469, "node_type": "type_change", "degree": 3, "link_types": "pseudo+sidewalk"}, "geometry": {"type": "Point", "coordinates": [-71.0679597, 42.4253974]}}, {"type": "Feature", "properties": {"node_id": 1470, "node_type": "endpoint", "degree": 1, "link_types": "crosswalk"}, "geometry": {"type": "Point", "coordinates": [-71.0847043, 42.4257027]}}, {"type": "Feature", "properties": {"node_id": 1471, "node_type": "endpoint", "degree": 1, "link_types": "crosswalk"}, "geometry": {"type": "Point", "coordinates": [-71.0846912, 42.4257476]}}, {"type": "Feature", "properties": {"node_id": 1472, "node_type": "endpoint", "degree": 1, "link_types": "sidewalk"}, "geometry": {"type": "Point", "coordinates": [-71.0829388, 42.4255403]}}, {"type": "Feature", "properties": {"node_id": 1473, "node_type": "junction", "degree": 3, "link_types": "sidewalk"}, "geometry": {"type": "Point", "coordinates": [-71.0698079, 42.4275433]}}, {"type": "Feature", "properties": {"node_id": 1474, "node_type": "type_change", "degree": 3, "link_types": "pseudo+sidewalk"}, "geometry": {"type": "Point", "coordinates": [-71.069808, 42.427544]}}, {"type": "Feature", "properties": {"node_id": 1475, "node_type": "type_change", "degree": 3, "link_types": "pseudo+sidewalk"}, "geometry": {"type": "Point", "coordinates": [-71.0698089, 42.4275433]}}, {"type": "Feature", "properties": {"node_id": 1476, "node_type": "endpoint", "degree": 1, "link_types": "sidewalk"}, "geometry": {"type": "Point", "coordinates": [-71.0697406, 42.4275359]}}, {"type": "Feature", "properties": {"node_id": 1477, "node_type": "endpoint", "degree": 1, "link_types": "sidewalk"}, "geometry": {"type": "Point", "coordinates": [-71.0703251, 42.4180833]}}, {"type": "Feature", "properties": {"node_id": 1478, "node_type": "type_change", "degree": 3, "link_types": "pseudo+sidewalk"}, "geometry": {"type": "Point", "coordinates": [-71.0695057, 42.4181204]}}, {"type": "Feature", "properties": {"node_id": 1479, "node_type": "endpoint", "degree": 1, "link_types": "sidewalk"}, "geometry": {"type": "Point", "coordinates": [-71.067069, 42.421848]}}, {"type": "Feature", "properties": {"node_id": 1480, "node_type": "endpoint", "degree": 1, "link_types": "sidewalk"}, "geometry": {"type": "Point", "coordinates": [-71.0662838, 42.4170655]}}, {"type": "Feature", "properties": {"node_id": 1481, "node_type": "type_change", "degree": 3, "link_types": "pseudo+sidewalk"}, "geometry": {"type": "Point", "coordinates": [-71.0662587, 42.4170134]}}, {"type": "Feature", "properties": {"node_id": 1482, "node_type": "type_change", "degree": 3, "link_types": "pseudo+sidewalk"}, "geometry": {"type": "Point", "coordinates": [-71.0713837, 42.4255481]}}, {"type": "Feature", "properties": {"node_id": 1483, "node_type": "type_change", "degree": 3, "link_types": "pseudo+sidewalk"}, "geometry": {"type": "Point", "coordinates": [-71.0713828, 42.4255481]}}, {"type": "Feature", "properties": {"node_id": 1484, "node_type": "endpoint", "degree": 1, "link_types": "sidewalk"}, "geometry": {"type": "Point", "coordinates": [-71.0844614, 42.4203982]}}, {"type": "Feature", "properties": {"node_id": 1485, "node_type": "junction", "degree": 3, "link_types": "sidewalk"}, "geometry": {"type": "Point", "coordinates": [-71.0843772, 42.4203515]}}, {"type": "Feature", "properties": {"node_id": 1486, "node_type": "junction", "degree": 3, "link_types": "sidewalk"}, "geometry": {"type": "Point", "coordinates": [-71.0786101, 42.4269395]}}, {"type": "Feature", "properties": {"node_id": 1487, "node_type": "junction", "degree": 3, "link_types": "sidewalk"}, "geometry": {"type": "Point", "coordinates": [-71.0786578, 42.4272045]}}, {"type": "Feature", "properties": {"node_id": 1488, "node_type": "type_change", "degree": 2, "link_types": "midblock+sidewalk"}, "geometry": {"type": "Point", "coordinates": [-71.0788028, 42.4269158]}}, {"type": "Feature", "properties": {"node_id": 1489, "node_type": "type_change", "degree": 2, "link_types": "midblock+sidewalk"}, "geometry": {"type": "Point", "coordinates": [-71.0788355, 42.4269118]}}, {"type": "Feature", "properties": {"node_id": 1490, "node_type": "endpoint", "degree": 1, "link_types": "sidewalk"}, "geometry": {"type": "Point", "coordinates": [-71.0795728, 42.4268211]}}, {"type": "Feature", "properties": {"node_id": 1491, "node_type": "type_change", "degree": 2, "link_types": "crosswalk+pseudo"}, "geometry": {"type": "Point", "coordinates": [-71.0791813, 42.4250978]}}, {"type": "Feature", "properties": {"node_id": 1492, "node_type": "type_change", "degree": 2, "link_types": "crosswalk+pseudo"}, "geometry": {"type": "Point", "coordinates": [-71.0792643, 42.4251063]}}, {"type": "Feature", "properties": {"node_id": 1493, "node_type": "endpoint", "degree": 1, "link_types": "pseudo"}, "geometry": {"type": "Point", "coordinates": [-71.0792606, 42.4251143]}}, {"type": "Feature", "properties": {"node_id": 1494, "node_type": "type_change", "degree": 2, "link_types": "pseudo+sidewalk"}, "geometry": {"type": "Point", "coordinates": [-71.0805728, 42.4177176]}}, {"type": "Feature", "properties": {"node_id": 1495, "node_type": "type_change", "degree": 2, "link_types": "crosswalk+pseudo"}, "geometry": {"type": "Point", "coordinates": [-71.0805814, 42.4177117]}}, {"type": "Feature", "properties": {"node_id": 1496, "node_type": "type_change", "degree": 2, "link_types": "crosswalk+pseudo"}, "geometry": {"type": "Point", "coordinates": [-71.0807263, 42.4177141]}}, {"type": "Feature", "properties": {"node_id": 1497, "node_type": "type_change", "degree": 2, "link_types": "pseudo+sidewalk"}, "geometry": {"type": "Point", "coordinates": [-71.0807496, 42.4177122]}}, {"type": "Feature", "properties": {"node_id": 1498, "node_type": "junction", "degree": 3, "link_types": "sidewalk"}, "geometry": {"type": "Point", "coordinates": [-71.0810267, 42.4177129]}}, {"type": "Feature", "properties": {"node_id": 1499, "node_type": "type_change", "degree": 2, "link_types": "midblock+sidewalk"}, "geometry": {"type": "Point", "coordinates": [-71.0803005, 42.4177098]}}, {"type": "Feature", "properties": {"node_id": 1500, "node_type": "type_change", "degree": 2, "link_types": "midblock+sidewalk"}, "geometry": {"type": "Point", "coordinates": [-71.0802075, 42.41771]}}, {"type": "Feature", "properties": {"node_id": 1501, "node_type": "type_change", "degree": 2, "link_types": "midblock+sidewalk"}, "geometry": {"type": "Point", "coordinates": [-71.0800999, 42.4177102]}}, {"type": "Feature", "properties": {"node_id": 1502, "node_type": "type_change", "degree": 2, "link_types": "midblock+sidewalk"}, "geometry": {"type": "Point", "coordinates": [-71.0800589, 42.4177128]}}, {"type": "Feature", "properties": {"node_id": 1503, "node_type": "junction", "degree": 3, "link_types": "sidewalk"}, "geometry": {"type": "Point", "coordinates": [-71.0800093, 42.4177307]}}, {"type": "Feature", "properties": {"node_id": 1504, "node_type": "type_change", "degree": 3, "link_types": "pseudo+sidewalk"}, "geometry": {"type": "Point", "coordinates": [-71.0829808, 42.4175866]}}, {"type": "Feature", "properties": {"node_id": 1505, "node_type": "endpoint", "degree": 1, "link_types": "sidewalk"}, "geometry": {"type": "Point", "coordinates": [-71.067038, 42.4282994]}}, {"type": "Feature", "properties": {"node_id": 1506, "node_type": "endpoint", "degree": 1, "link_types": "sidewalk"}, "geometry": {"type": "Point", "coordinates": [-71.0670671, 42.4284768]}}, {"type": "Feature", "properties": {"node_id": 1507, "node_type": "endpoint", "degree": 1, "link_types": "midblock"}, "geometry": {"type": "Point", "coordinates": [-71.0682107, 42.4266731]}}, {"type": "Feature", "properties": {"node_id": 1508, "node_type": "type_change", "degree": 2, "link_types": "midblock+sidewalk"}, "geometry": {"type": "Point", "coordinates": [-71.0683147, 42.4266672]}}, {"type": "Feature", "properties": {"node_id": 1509, "node_type": "type_change", "degree": 2, "link_types": "pseudo+sidewalk"}, "geometry": {"type": "Point", "coordinates": [-71.0683837, 42.4266699]}}, {"type": "Feature", "properties": {"node_id": 1510, "node_type": "type_change", "degree": 2, "link_types": "crosswalk+pseudo"}, "geometry": {"type": "Point", "coordinates": [-71.0683899, 42.4266785]}}, {"type": "Feature", "properties": {"node_id": 1511, "node_type": "type_change", "degree": 2, "link_types": "crosswalk+pseudo"}, "geometry": {"type": "Point", "coordinates": [-71.0683785, 42.4267464]}}, {"type": "Feature", "properties": {"node_id": 1512, "node_type": "junction", "degree": 3, "link_types": "pseudo"}, "geometry": {"type": "Point", "coordinates": [-71.0683692, 42.426761]}}, {"type": "Feature", "properties": {"node_id": 1513, "node_type": "junction", "degree": 3, "link_types": "sidewalk"}, "geometry": {"type": "Point", "coordinates": [-71.0693174, 42.4249305]}}, {"type": "Feature", "properties": {"node_id": 1514, "node_type": "type_change", "degree": 3, "link_types": "pseudo+sidewalk"}, "geometry": {"type": "Point", "coordinates": [-71.0693932, 42.4251943]}}, {"type": "Feature", "properties": {"node_id": 1515, "node_type": "endpoint", "degree": 1, "link_types": "sidewalk"}, "geometry": {"type": "Point", "coordinates": [-71.069483, 42.4249383]}}, {"type": "Feature", "properties": {"node_id": 1516, "node_type": "type_change", "degree": 2, "link_types": "midblock+sidewalk"}, "geometry": {"type": "Point", "coordinates": [-71.0693039, 42.4246835]}}, {"type": "Feature", "properties": {"node_id": 1517, "node_type": "endpoint", "degree": 1, "link_types": "midblock"}, "geometry": {"type": "Point", "coordinates": [-71.0693004, 42.4246189]}}, {"type": "Feature", "properties": {"node_id": 1518, "node_type": "junction", "degree": 3, "link_types": "pseudo"}, "geometry": {"type": "Point", "coordinates": [-71.0723551, 42.4283193]}}, {"type": "Feature", "properties": {"node_id": 1519, "node_type": "type_change", "degree": 2, "link_types": "crosswalk+pseudo"}, "geometry": {"type": "Point", "coordinates": [-71.0723564, 42.4283279]}}, {"type": "Feature", "properties": {"node_id": 1520, "node_type": "type_change", "degree": 2, "link_types": "crosswalk+pseudo"}, "geometry": {"type": "Point", "coordinates": [-71.0723674, 42.428399]}}, {"type": "Feature", "properties": {"node_id": 1521, "node_type": "endpoint", "degree": 1, "link_types": "pseudo"}, "geometry": {"type": "Point", "coordinates": [-71.0723825, 42.4283822]}}, {"type": "Feature", "properties": {"node_id": 1522, "node_type": "type_change", "degree": 3, "link_types": "pseudo+sidewalk"}, "geometry": {"type": "Point", "coordinates": [-71.0723541, 42.4283186]}}, {"type": "Feature", "properties": {"node_id": 1523, "node_type": "endpoint", "degree": 1, "link_types": "sidewalk"}, "geometry": {"type": "Point", "coordinates": [-71.069221, 42.4254272]}}, {"type": "Feature", "properties": {"node_id": 1524, "node_type": "junction", "degree": 3, "link_types": "sidewalk"}, "geometry": {"type": "Point", "coordinates": [-71.0667654, 42.4271955]}}, {"type": "Feature", "properties": {"node_id": 1525, "node_type": "junction", "degree": 3, "link_types": "sidewalk"}, "geometry": {"type": "Point", "coordinates": [-71.0667664, 42.4271962]}}, {"type": "Feature", "properties": {"node_id": 1526, "node_type": "type_change", "degree": 3, "link_types": "pseudo+sidewalk"}, "geometry": {"type": "Point", "coordinates": [-71.0667506, 42.4271893]}}, {"type": "Feature", "properties": {"node_id": 1527, "node_type": "endpoint", "degree": 1, "link_types": "sidewalk"}, "geometry": {"type": "Point", "coordinates": [-71.0673236, 42.4251272]}}, {"type": "Feature", "properties": {"node_id": 1528, "node_type": "type_change", "degree": 3, "link_types": "pseudo+sidewalk"}, "geometry": {"type": "Point", "coordinates": [-71.0675699, 42.425104]}}, {"type": "Feature", "properties": {"node_id": 1529, "node_type": "endpoint", "degree": 1, "link_types": "sidewalk"}, "geometry": {"type": "Point", "coordinates": [-71.0720094, 42.4179433]}}, {"type": "Feature", "properties": {"node_id": 1530, "node_type": "type_change", "degree": 3, "link_types": "pseudo+sidewalk"}, "geometry": {"type": "Point", "coordinates": [-71.0720064, 42.4179117]}}, {"type": "Feature", "properties": {"node_id": 1531, "node_type": "junction", "degree": 3, "link_types": "crosswalk"}, "geometry": {"type": "Point", "coordinates": [-71.0799657, 42.4211168]}}, {"type": "Feature", "properties": {"node_id": 1532, "node_type": "type_change", "degree": 2, "link_types": "crosswalk+pseudo"}, "geometry": {"type": "Point", "coordinates": [-71.080146, 42.4211006]}}, {"type": "Feature", "properties": {"node_id": 1533, "node_type": "type_change", "degree": 3, "link_types": "crosswalk+sidewalk"}, "geometry": {"type": "Point", "coordinates": [-71.0799647, 42.4211161]}}, {"type": "Feature", "properties": {"node_id": 1534, "node_type": "endpoint", "degree": 1, "link_types": "sidewalk"}, "geometry": {"type": "Point", "coordinates": [-71.0677358, 42.4249166]}}, {"type": "Feature", "properties": {"node_id": 1535, "node_type": "type_change", "degree": 2, "link_types": "pseudo+sidewalk"}, "geometry": {"type": "Point", "coordinates": [-71.0677358, 42.4249173]}}, {"type": "Feature", "properties": {"node_id": 1536, "node_type": "type_change", "degree": 2, "link_types": "crosswalk+pseudo"}, "geometry": {"type": "Point", "coordinates": [-71.0677368, 42.4249454]}}, {"type": "Feature", "properties": {"node_id": 1537, "node_type": "type_change", "degree": 2, "link_types": "crosswalk+pseudo"}, "geometry": {"type": "Point", "coordinates": [-71.067687, 42.4249117]}}, {"type": "Feature", "properties": {"node_id": 1538, "node_type": "junction", "degree": 3, "link_types": "pseudo"}, "geometry": {"type": "Point", "coordinates": [-71.0676578, 42.4249086]}}, {"type": "Feature", "properties": {"node_id": 1539, "node_type": "type_change", "degree": 2, "link_types": "midblock+sidewalk"}, "geometry": {"type": "Point", "coordinates": [-71.0826627, 42.4176048]}}, {"type": "Feature", "properties": {"node_id": 1540, "node_type": "type_change", "degree": 2, "link_types": "midblock+sidewalk"}, "geometry": {"type": "Point", "coordinates": [-71.08262, 42.4176049]}}, {"type": "Feature", "properties": {"node_id": 1541, "node_type": "type_change", "degree": 2, "link_types": "midblock+sidewalk"}, "geometry": {"type": "Point", "coordinates": [-71.0823074, 42.4176061]}}, {"type": "Feature", "properties": {"node_id": 1542, "node_type": "type_change", "degree": 2, "link_types": "midblock+sidewalk"}, "geometry": {"type": "Point", "coordinates": [-71.0822647, 42.4176063]}}, {"type": "Feature", "properties": {"node_id": 1543, "node_type": "type_change", "degree": 2, "link_types": "midblock+sidewalk"}, "geometry": {"type": "Point", "coordinates": [-71.0816818, 42.4175993]}}, {"type": "Feature", "properties": {"node_id": 1544, "node_type": "type_change", "degree": 2, "link_types": "midblock+sidewalk"}, "geometry": {"type": "Point", "coordinates": [-71.0816247, 42.4176008]}}, {"type": "Feature", "properties": {"node_id": 1545, "node_type": "type_change", "degree": 2, "link_types": "midblock+sidewalk"}, "geometry": {"type": "Point", "coordinates": [-71.0814073, 42.4176]}}, {"type": "Feature", "properties": {"node_id": 1546, "node_type": "type_change", "degree": 2, "link_types": "midblock+sidewalk"}, "geometry": {"type": "Point", "coordinates": [-71.081286, 42.417599]}}, {"type": "Feature", "properties": {"node_id": 1547, "node_type": "endpoint", "degree": 1, "link_types": "sidewalk"}, "geometry": {"type": "Point", "coordinates": [-71.0809742, 42.4175965]}}, {"type": "Feature", "properties": {"node_id": 1548, "node_type": "junction", "degree": 3, "link_types": "pseudo"}, "geometry": {"type": "Point", "coordinates": [-71.0762245, 42.4266095]}}, {"type": "Feature", "properties": {"node_id": 1549, "node_type": "type_change", "degree": 2, "link_types": "crosswalk+pseudo"}, "geometry": {"type": "Point", "coordinates": [-71.0762191, 42.4266233]}}, {"type": "Feature", "properties": {"node_id": 1550, "node_type": "type_change", "degree": 2, "link_types": "crosswalk+pseudo"}, "geometry": {"type": "Point", "coordinates": [-71.0761819, 42.426704]}}, {"type": "Feature", "properties": {"node_id": 1551, "node_type": "type_change", "degree": 2, "link_types": "pseudo+sidewalk"}, "geometry": {"type": "Point", "coordinates": [-71.0761414, 42.4267148]}}, {"type": "Feature", "properties": {"node_id": 1552, "node_type": "endpoint", "degree": 1, "link_types": "sidewalk"}, "geometry": {"type": "Point", "coordinates": [-71.0757669, 42.4265335]}}, {"type": "Feature", "properties": {"node_id": 1553, "node_type": "type_change", "degree": 3, "link_types": "pseudo+sidewalk"}, "geometry": {"type": "Point", "coordinates": [-71.0762255, 42.4266088]}}, {"type": "Feature", "properties": {"node_id": 1554, "node_type": "type_change", "degree": 3, "link_types": "pseudo+sidewalk"}, "geometry": {"type": "Point", "coordinates": [-71.0762245, 42.4266088]}}, {"type": "Feature", "properties": {"node_id": 1555, "node_type": "junction", "degree": 3, "link_types": "sidewalk"}, "geometry": {"type": "Point", "coordinates": [-71.0738015, 42.4267665]}}, {"type": "Feature", "properties": {"node_id": 1556, "node_type": "type_change", "degree": 3, "link_types": "pseudo+sidewalk"}, "geometry": {"type": "Point", "coordinates": [-71.0738015, 42.4267658]}}, {"type": "Feature", "properties": {"node_id": 1557, "node_type": "type_change", "degree": 3, "link_types": "pseudo+sidewalk"}, "geometry": {"type": "Point", "coordinates": [-71.0738005, 42.4267658]}}, {"type": "Feature", "properties": {"node_id": 1558, "node_type": "endpoint", "degree": 1, "link_types": "sidewalk"}, "geometry": {"type": "Point", "coordinates": [-71.0693017, 42.4240987]}}, {"type": "Feature", "properties": {"node_id": 1559, "node_type": "junction", "degree": 3, "link_types": "sidewalk"}, "geometry": {"type": "Point", "coordinates": [-71.0693235, 42.4238144]}}, {"type": "Feature", "properties": {"node_id": 1560, "node_type": "junction", "degree": 3, "link_types": "sidewalk"}, "geometry": {"type": "Point", "coordinates": [-71.0798103, 42.4275639]}}, {"type": "Feature", "properties": {"node_id": 1561, "node_type": "endpoint", "degree": 1, "link_types": "sidewalk"}, "geometry": {"type": "Point", "coordinates": [-71.0797928, 42.4275635]}}, {"type": "Feature", "properties": {"node_id": 1562, "node_type": "type_change", "degree": 3, "link_types": "pseudo+sidewalk"}, "geometry": {"type": "Point", "coordinates": [-71.0798113, 42.4275639]}}, {"type": "Feature", "properties": {"node_id": 1563, "node_type": "type_change", "degree": 3, "link_types": "pseudo+sidewalk"}, "geometry": {"type": "Point", "coordinates": [-71.0798103, 42.4275632]}}, {"type": "Feature", "properties": {"node_id": 1564, "node_type": "junction", "degree": 3, "link_types": "sidewalk"}, "geometry": {"type": "Point", "coordinates": [-71.0832111, 42.4224288]}}, {"type": "Feature", "properties": {"node_id": 1565, "node_type": "type_change", "degree": 3, "link_types": "pseudo+sidewalk"}, "geometry": {"type": "Point", "coordinates": [-71.0832444, 42.4224347]}}, {"type": "Feature", "properties": {"node_id": 1566, "node_type": "type_change", "degree": 3, "link_types": "pseudo+sidewalk"}, "geometry": {"type": "Point", "coordinates": [-71.0832111, 42.4224281]}}, {"type": "Feature", "properties": {"node_id": 1567, "node_type": "type_change", "degree": 2, "link_types": "crosswalk+pseudo"}, "geometry": {"type": "Point", "coordinates": [-71.0675901, 42.4254249]}}, {"type": "Feature", "properties": {"node_id": 1568, "node_type": "type_change", "degree": 2, "link_types": "crosswalk+pseudo"}, "geometry": {"type": "Point", "coordinates": [-71.0678962, 42.425418]}}, {"type": "Feature", "properties": {"node_id": 1569, "node_type": "type_change", "degree": 2, "link_types": "crosswalk+pseudo"}, "geometry": {"type": "Point", "coordinates": [-71.0799485, 42.4185099]}}, {"type": "Feature", "properties": {"node_id": 1570, "node_type": "type_change", "degree": 2, "link_types": "crosswalk+pseudo"}, "geometry": {"type": "Point", "coordinates": [-71.0798057, 42.4185117]}}, {"type": "Feature", "properties": {"node_id": 1571, "node_type": "type_change", "degree": 3, "link_types": "pseudo+sidewalk"}, "geometry": {"type": "Point", "coordinates": [-71.0797843, 42.4185121]}}, {"type": "Feature", "properties": {"node_id": 1572, "node_type": "type_change", "degree": 2, "link_types": "pseudo+sidewalk"}, "geometry": {"type": "Point", "coordinates": [-71.0799709, 42.4185087]}}, {"type": "Feature", "properties": {"node_id": 1573, "node_type": "endpoint", "degree": 1, "link_types": "sidewalk"}, "geometry": {"type": "Point", "coordinates": [-71.0799809, 42.4184596]}}, {"type": "Feature", "properties": {"node_id": 1574, "node_type": "type_change", "degree": 2, "link_types": "crosswalk+pseudo"}, "geometry": {"type": "Point", "coordinates": [-71.073779, 42.4267612]}}, {"type": "Feature", "properties": {"node_id": 1575, "node_type": "type_change", "degree": 2, "link_types": "crosswalk+pseudo"}, "geometry": {"type": "Point", "coordinates": [-71.0736889, 42.4267434]}}, {"type": "Feature", "properties": {"node_id": 1576, "node_type": "type_change", "degree": 3, "link_types": "pseudo+sidewalk"}, "geometry": {"type": "Point", "coordinates": [-71.0737088, 42.4267279]}}, {"type": "Feature", "properties": {"node_id": 1577, "node_type": "endpoint", "degree": 1, "link_types": "midblock"}, "geometry": {"type": "Point", "coordinates": [-71.0841937, 42.4165445]}}, {"type": "Feature", "properties": {"node_id": 1578, "node_type": "type_change", "degree": 2, "link_types": "midblock+sidewalk"}, "geometry": {"type": "Point", "coordinates": [-71.0841727, 42.4165513]}}, {"type": "Feature", "properties": {"node_id": 1579, "node_type": "type_change", "degree": 2, "link_types": "midblock+sidewalk"}, "geometry": {"type": "Point", "coordinates": [-71.0838003, 42.4166696]}}, {"type": "Feature", "properties": {"node_id": 1580, "node_type": "type_change", "degree": 2, "link_types": "midblock+sidewalk"}, "geometry": {"type": "Point", "coordinates": [-71.0837196, 42.4166694]}}, {"type": "Feature", "properties": {"node_id": 1581, "node_type": "type_change", "degree": 2, "link_types": "midblock+sidewalk"}, "geometry": {"type": "Point", "coordinates": [-71.0835836, 42.416669]}}, {"type": "Feature", "properties": {"node_id": 1582, "node_type": "type_change", "degree": 2, "link_types": "midblock+sidewalk"}, "geometry": {"type": "Point", "coordinates": [-71.0834583, 42.4166687]}}, {"type": "Feature", "properties": {"node_id": 1583, "node_type": "type_change", "degree": 2, "link_types": "midblock+sidewalk"}, "geometry": {"type": "Point", "coordinates": [-71.0832825, 42.4166683]}}, {"type": "Feature", "properties": {"node_id": 1584, "node_type": "type_change", "degree": 2, "link_types": "midblock+sidewalk"}, "geometry": {"type": "Point", "coordinates": [-71.083196, 42.4166681]}}, {"type": "Feature", "properties": {"node_id": 1585, "node_type": "type_change", "degree": 2, "link_types": "midblock+sidewalk"}, "geometry": {"type": "Point", "coordinates": [-71.0827345, 42.4166635]}}, {"type": "Feature", "properties": {"node_id": 1586, "node_type": "type_change", "degree": 2, "link_types": "midblock+sidewalk"}, "geometry": {"type": "Point", "coordinates": [-71.0826126, 42.4166664]}}, {"type": "Feature", "properties": {"node_id": 1587, "node_type": "type_change", "degree": 2, "link_types": "midblock+sidewalk"}, "geometry": {"type": "Point", "coordinates": [-71.0823554, 42.4166668]}}, {"type": "Feature", "properties": {"node_id": 1588, "node_type": "type_change", "degree": 2, "link_types": "midblock+sidewalk"}, "geometry": {"type": "Point", "coordinates": [-71.0822865, 42.4166662]}}, {"type": "Feature", "properties": {"node_id": 1589, "node_type": "type_change", "degree": 2, "link_types": "midblock+sidewalk"}, "geometry": {"type": "Point", "coordinates": [-71.0821495, 42.4166651]}}, {"type": "Feature", "properties": {"node_id": 1590, "node_type": "type_change", "degree": 2, "link_types": "midblock+sidewalk"}, "geometry": {"type": "Point", "coordinates": [-71.0820737, 42.4166644]}}, {"type": "Feature", "properties": {"node_id": 1591, "node_type": "type_change", "degree": 2, "link_types": "midblock+sidewalk"}, "geometry": {"type": "Point", "coordinates": [-71.0819396, 42.4166633]}}, {"type": "Feature", "properties": {"node_id": 1592, "node_type": "type_change", "degree": 2, "link_types": "midblock+sidewalk"}, "geometry": {"type": "Point", "coordinates": [-71.0818949, 42.4166629]}}, {"type": "Feature", "properties": {"node_id": 1593, "node_type": "type_change", "degree": 2, "link_types": "midblock+sidewalk"}, "geometry": {"type": "Point", "coordinates": [-71.0817346, 42.4166615]}}, {"type": "Feature", "properties": {"node_id": 1594, "node_type": "type_change", "degree": 2, "link_types": "midblock+sidewalk"}, "geometry": {"type": "Point", "coordinates": [-71.0817093, 42.4166613]}}, {"type": "Feature", "properties": {"node_id": 1595, "node_type": "type_change", "degree": 2, "link_types": "midblock+sidewalk"}, "geometry": {"type": "Point", "coordinates": [-71.0805608, 42.416661]}}, {"type": "Feature", "properties": {"node_id": 1596, "node_type": "type_change", "degree": 2, "link_types": "midblock+sidewalk"}, "geometry": {"type": "Point", "coordinates": [-71.080486, 42.416661]}}, {"type": "Feature", "properties": {"node_id": 1597, "node_type": "type_change", "degree": 2, "link_types": "midblock+sidewalk"}, "geometry": {"type": "Point", "coordinates": [-71.0802354, 42.416661]}}, {"type": "Feature", "properties": {"node_id": 1598, "node_type": "type_change", "degree": 2, "link_types": "midblock+sidewalk"}, "geometry": {"type": "Point", "coordinates": [-71.0801898, 42.416661]}}, {"type": "Feature", "properties": {"node_id": 1599, "node_type": "endpoint", "degree": 1, "link_types": "sidewalk"}, "geometry": {"type": "Point", "coordinates": [-71.0801132, 42.416669]}}, {"type": "Feature", "properties": {"node_id": 1600, "node_type": "junction", "degree": 3, "link_types": "sidewalk"}, "geometry": {"type": "Point", "coordinates": [-71.0744351, 42.4273437]}}, {"type": "Feature", "properties": {"node_id": 1601, "node_type": "type_change", "degree": 3, "link_types": "pseudo+sidewalk"}, "geometry": {"type": "Point", "coordinates": [-71.0743585, 42.4273789]}}, {"type": "Feature", "properties": {"node_id": 1602, "node_type": "junction", "degree": 3, "link_types": "sidewalk"}, "geometry": {"type": "Point", "coordinates": [-71.0744361, 42.4273436]}}, {"type": "Feature", "properties": {"node_id": 1603, "node_type": "type_change", "degree": 3, "link_types": "pseudo+sidewalk"}, "geometry": {"type": "Point", "coordinates": [-71.0744351, 42.4273429]}}, {"type": "Feature", "properties": {"node_id": 1604, "node_type": "endpoint", "degree": 1, "link_types": "pseudo"}, "geometry": {"type": "Point", "coordinates": [-71.0807322, 42.425035]}}, {"type": "Feature", "properties": {"node_id": 1605, "node_type": "endpoint", "degree": 1, "link_types": "pseudo"}, "geometry": {"type": "Point", "coordinates": [-71.0807271, 42.4250279]}}, {"type": "Feature", "properties": {"node_id": 1606, "node_type": "junction", "degree": 3, "link_types": "pseudo"}, "geometry": {"type": "Point", "coordinates": [-71.0693599, 42.416881]}}, {"type": "Feature", "properties": {"node_id": 1607, "node_type": "type_change", "degree": 3, "link_types": "pseudo+sidewalk"}, "geometry": {"type": "Point", "coordinates": [-71.0693609, 42.4168817]}}, {"type": "Feature", "properties": {"node_id": 1608, "node_type": "type_change", "degree": 3, "link_types": "pseudo+sidewalk"}, "geometry": {"type": "Point", "coordinates": [-71.0693609, 42.416881]}}, {"type": "Feature", "properties": {"node_id": 1609, "node_type": "type_change", "degree": 2, "link_types": "crosswalk+pseudo"}, "geometry": {"type": "Point", "coordinates": [-71.0693452, 42.4168777]}}, {"type": "Feature", "properties": {"node_id": 1610, "node_type": "endpoint", "degree": 1, "link_types": "crosswalk"}, "geometry": {"type": "Point", "coordinates": [-71.0691757, 42.4168101]}}, {"type": "Feature", "properties": {"node_id": 1611, "node_type": "type_change", "degree": 2, "link_types": "crosswalk+pseudo"}, "geometry": {"type": "Point", "coordinates": [-71.0797903, 42.4185466]}}, {"type": "Feature", "properties": {"node_id": 1612, "node_type": "type_change", "degree": 2, "link_types": "crosswalk+pseudo"}, "geometry": {"type": "Point", "coordinates": [-71.0797642, 42.4186414]}}, {"type": "Feature", "properties": {"node_id": 1613, "node_type": "endpoint", "degree": 1, "link_types": "sidewalk"}, "geometry": {"type": "Point", "coordinates": [-71.0707087, 42.4270782]}}, {"type": "Feature", "properties": {"node_id": 1614, "node_type": "type_change", "degree": 2, "link_types": "pseudo+sidewalk"}, "geometry": {"type": "Point", "coordinates": [-71.0707087, 42.4270775]}}, {"type": "Feature", "properties": {"node_id": 1615, "node_type": "type_change", "degree": 3, "link_types": "crosswalk+pseudo"}, "geometry": {"type": "Point", "coordinates": [-71.0707064, 42.4270682]}}, {"type": "Feature", "properties": {"node_id": 1616, "node_type": "junction", "degree": 3, "link_types": "sidewalk"}, "geometry": {"type": "Point", "coordinates": [-71.0710975, 42.425273]}}, {"type": "Feature", "properties": {"node_id": 1617, "node_type": "type_change", "degree": 3, "link_types": "crosswalk+sidewalk"}, "geometry": {"type": "Point", "coordinates": [-71.0713692, 42.4252832]}}, {"type": "Feature", "properties": {"node_id": 1618, "node_type": "endpoint", "degree": 1, "link_types": "midblock"}, "geometry": {"type": "Point", "coordinates": [-71.0834847, 42.4231746]}}, {"type": "Feature", "properties": {"node_id": 1619, "node_type": "type_change", "degree": 2, "link_types": "midblock+sidewalk"}, "geometry": {"type": "Point", "coordinates": [-71.083574, 42.4231497]}}, {"type": "Feature", "properties": {"node_id": 1620, "node_type": "type_change", "degree": 2, "link_types": "midblock+sidewalk"}, "geometry": {"type": "Point", "coordinates": [-71.0836765, 42.4231317]}}, {"type": "Feature", "properties": {"node_id": 1621, "node_type": "type_change", "degree": 2, "link_types": "midblock+sidewalk"}, "geometry": {"type": "Point", "coordinates": [-71.0837292, 42.4231201]}}, {"type": "Feature", "properties": {"node_id": 1622, "node_type": "type_change", "degree": 2, "link_types": "midblock+sidewalk"}, "geometry": {"type": "Point", "coordinates": [-71.0838391, 42.4231021]}}, {"type": "Feature", "properties": {"node_id": 1623, "node_type": "type_change", "degree": 2, "link_types": "midblock+sidewalk"}, "geometry": {"type": "Point", "coordinates": [-71.0838903, 42.4230937]}}, {"type": "Feature", "properties": {"node_id": 1624, "node_type": "type_change", "degree": 2, "link_types": "midblock+sidewalk"}, "geometry": {"type": "Point", "coordinates": [-71.0839566, 42.4230829]}}, {"type": "Feature", "properties": {"node_id": 1625, "node_type": "type_change", "degree": 2, "link_types": "midblock+sidewalk"}, "geometry": {"type": "Point", "coordinates": [-71.0840107, 42.423074]}}, {"type": "Feature", "properties": {"node_id": 1626, "node_type": "type_change", "degree": 2, "link_types": "midblock+sidewalk"}, "geometry": {"type": "Point", "coordinates": [-71.0842758, 42.4230383]}}, {"type": "Feature", "properties": {"node_id": 1627, "node_type": "type_change", "degree": 2, "link_types": "midblock+sidewalk"}, "geometry": {"type": "Point", "coordinates": [-71.0843123, 42.423032]}}, {"type": "Feature", "properties": {"node_id": 1628, "node_type": "type_change", "degree": 2, "link_types": "midblock+sidewalk"}, "geometry": {"type": "Point", "coordinates": [-71.084466, 42.4229961]}}, {"type": "Feature", "properties": {"node_id": 1629, "node_type": "type_change", "degree": 2, "link_types": "midblock+sidewalk"}, "geometry": {"type": "Point", "coordinates": [-71.0845162, 42.4229881]}}, {"type": "Feature", "properties": {"node_id": 1630, "node_type": "endpoint", "degree": 1, "link_types": "sidewalk"}, "geometry": {"type": "Point", "coordinates": [-71.0846206, 42.4229716]}}, {"type": "Feature", "properties": {"node_id": 1631, "node_type": "endpoint", "degree": 1, "link_types": "sidewalk"}, "geometry": {"type": "Point", "coordinates": [-71.0831032, 42.4175261]}}, {"type": "Feature", "properties": {"node_id": 1632, "node_type": "endpoint", "degree": 1, "link_types": "sidewalk"}, "geometry": {"type": "Point", "coordinates": [-71.0740261, 42.428565]}}, {"type": "Feature", "properties": {"node_id": 1633, "node_type": "type_change", "degree": 2, "link_types": "pseudo+sidewalk"}, "geometry": {"type": "Point", "coordinates": [-71.0740261, 42.4285643]}}, {"type": "Feature", "properties": {"node_id": 1634, "node_type": "junction", "degree": 3, "link_types": "pseudo"}, "geometry": {"type": "Point", "coordinates": [-71.074021, 42.4285557]}}, {"type": "Feature", "properties": {"node_id": 1635, "node_type": "junction", "degree": 3, "link_types": "sidewalk"}, "geometry": {"type": "Point", "coordinates": [-71.0706119, 42.4271506]}}, {"type": "Feature", "properties": {"node_id": 1636, "node_type": "type_change", "degree": 3, "link_types": "pseudo+sidewalk"}, "geometry": {"type": "Point", "coordinates": [-71.0706326, 42.427161]}}, {"type": "Feature", "properties": {"node_id": 1637, "node_type": "junction", "degree": 3, "link_types": "sidewalk"}, "geometry": {"type": "Point", "coordinates": [-71.0706153, 42.4270785]}}, {"type": "Feature", "properties": {"node_id": 1638, "node_type": "type_change", "degree": 2, "link_types": "midblock+sidewalk"}, "geometry": {"type": "Point", "coordinates": [-71.0705047, 42.4271491]}}, {"type": "Feature", "properties": {"node_id": 1639, "node_type": "junction", "degree": 3, "link_types": "midblock"}, "geometry": {"type": "Point", "coordinates": [-71.0704766, 42.4271487]}}, {"type": "Feature", "properties": {"node_id": 1640, "node_type": "junction", "degree": 3, "link_types": "sidewalk"}, "geometry": {"type": "Point", "coordinates": [-71.0833144, 42.426076]}}, {"type": "Feature", "properties": {"node_id": 1641, "node_type": "type_change", "degree": 2, "link_types": "midblock+sidewalk"}, "geometry": {"type": "Point", "coordinates": [-71.0832102, 42.4261083]}}, {"type": "Feature", "properties": {"node_id": 1642, "node_type": "type_change", "degree": 2, "link_types": "midblock+sidewalk"}, "geometry": {"type": "Point", "coordinates": [-71.0831808, 42.4261158]}}, {"type": "Feature", "properties": {"node_id": 1643, "node_type": "endpoint", "degree": 1, "link_types": "sidewalk"}, "geometry": {"type": "Point", "coordinates": [-71.0827, 42.4259942]}}, {"type": "Feature", "properties": {"node_id": 1644, "node_type": "type_change", "degree": 3, "link_types": "pseudo+sidewalk"}, "geometry": {"type": "Point", "coordinates": [-71.0833154, 42.426076]}}, {"type": "Feature", "properties": {"node_id": 1645, "node_type": "junction", "degree": 3, "link_types": "crosswalk"}, "geometry": {"type": "Point", "coordinates": [-71.0814747, 42.4194987]}}, {"type": "Feature", "properties": {"node_id": 1646, "node_type": "type_change", "degree": 2, "link_types": "crosswalk+pseudo"}, "geometry": {"type": "Point", "coordinates": [-71.0815048, 42.4195839]}}, {"type": "Feature", "properties": {"node_id": 1647, "node_type": "type_change", "degree": 3, "link_types": "pseudo+sidewalk"}, "geometry": {"type": "Point", "coordinates": [-71.0815089, 42.419591]}}, {"type": "Feature", "properties": {"node_id": 1648, "node_type": "type_change", "degree": 3, "link_types": "crosswalk+sidewalk"}, "geometry": {"type": "Point", "coordinates": [-71.0814757, 42.4194979]}}, {"type": "Feature", "properties": {"node_id": 1649, "node_type": "type_change", "degree": 3, "link_types": "crosswalk+sidewalk"}, "geometry": {"type": "Point", "coordinates": [-71.0814737, 42.419498]}}, {"type": "Feature", "properties": {"node_id": 1650, "node_type": "junction", "degree": 3, "link_types": "sidewalk"}, "geometry": {"type": "Point", "coordinates": [-71.0799431, 42.4274318]}}, {"type": "Feature", "properties": {"node_id": 1651, "node_type": "junction", "degree": 3, "link_types": "sidewalk"}, "geometry": {"type": "Point", "coordinates": [-71.0799431, 42.4274326]}}, {"type": "Feature", "properties": {"node_id": 1652, "node_type": "junction", "degree": 3, "link_types": "sidewalk"}, "geometry": {"type": "Point", "coordinates": [-71.0799441, 42.4274318]}}, {"type": "Feature", "properties": {"node_id": 1653, "node_type": "endpoint", "degree": 1, "link_types": "sidewalk"}, "geometry": {"type": "Point", "coordinates": [-71.0799046, 42.427269]}}, {"type": "Feature", "properties": {"node_id": 1654, "node_type": "type_change", "degree": 2, "link_types": "pseudo+sidewalk"}, "geometry": {"type": "Point", "coordinates": [-71.0823717, 42.4234505]}}, {"type": "Feature", "properties": {"node_id": 1655, "node_type": "type_change", "degree": 2, "link_types": "crosswalk+pseudo"}, "geometry": {"type": "Point", "coordinates": [-71.0823784, 42.4234454]}}, {"type": "Feature", "properties": {"node_id": 1656, "node_type": "type_change", "degree": 2, "link_types": "crosswalk+pseudo"}, "geometry": {"type": "Point", "coordinates": [-71.0825856, 42.4234488]}}, {"type": "Feature", "properties": {"node_id": 1657, "node_type": "junction", "degree": 3, "link_types": "pseudo"}, "geometry": {"type": "Point", "coordinates": [-71.0825981, 42.423445]}}, {"type": "Feature", "properties": {"node_id": 1658, "node_type": "endpoint", "degree": 1, "link_types": "sidewalk"}, "geometry": {"type": "Point", "coordinates": [-71.0747867, 42.4262696]}}, {"type": "Feature", "properties": {"node_id": 1659, "node_type": "type_change", "degree": 2, "link_types": "midblock+sidewalk"}, "geometry": {"type": "Point", "coordinates": [-71.0747414, 42.4261372]}}, {"type": "Feature", "properties": {"node_id": 1660, "node_type": "type_change", "degree": 2, "link_types": "midblock+sidewalk"}, "geometry": {"type": "Point", "coordinates": [-71.074728, 42.42611]}}, {"type": "Feature", "properties": {"node_id": 1661, "node_type": "endpoint", "degree": 1, "link_types": "sidewalk"}, "geometry": {"type": "Point", "coordinates": [-71.0747525, 42.4260577]}}, {"type": "Feature", "properties": {"node_id": 1662, "node_type": "endpoint", "degree": 1, "link_types": "sidewalk"}, "geometry": {"type": "Point", "coordinates": [-71.0733925, 42.4278402]}}, {"type": "Feature", "properties": {"node_id": 1663, "node_type": "endpoint", "degree": 1, "link_types": "sidewalk"}, "geometry": {"type": "Point", "coordinates": [-71.0809311, 42.4250811]}}, {"type": "Feature", "properties": {"node_id": 1664, "node_type": "type_change", "degree": 2, "link_types": "crosswalk+sidewalk"}, "geometry": {"type": "Point", "coordinates": [-71.0809588, 42.4250648]}}, {"type": "Feature", "properties": {"node_id": 1665, "node_type": "endpoint", "degree": 1, "link_types": "sidewalk"}, "geometry": {"type": "Point", "coordinates": [-71.0798475, 42.4158655]}}, {"type": "Feature", "properties": {"node_id": 1666, "node_type": "endpoint", "degree": 1, "link_types": "sidewalk"}, "geometry": {"type": "Point", "coordinates": [-71.079666, 42.4158472]}}, {"type": "Feature", "properties": {"node_id": 1667, "node_type": "junction", "degree": 3, "link_types": "sidewalk"}, "geometry": {"type": "Point", "coordinates": [-71.0696645, 42.4199042]}}, {"type": "Feature", "properties": {"node_id": 1668, "node_type": "type_change", "degree": 2, "link_types": "pseudo+sidewalk"}, "geometry": {"type": "Point", "coordinates": [-71.0696636, 42.419905]}}, {"type": "Feature", "properties": {"node_id": 1669, "node_type": "type_change", "degree": 2, "link_types": "crosswalk+pseudo"}, "geometry": {"type": "Point", "coordinates": [-71.0696532, 42.4199145]}}, {"type": "Feature", "properties": {"node_id": 1670, "node_type": "type_change", "degree": 2, "link_types": "crosswalk+pseudo"}, "geometry": {"type": "Point", "coordinates": [-71.0696618, 42.4200282]}}, {"type": "Feature", "properties": {"node_id": 1671, "node_type": "type_change", "degree": 3, "link_types": "pseudo+sidewalk"}, "geometry": {"type": "Point", "coordinates": [-71.0696677, 42.4200303]}}, {"type": "Feature", "properties": {"node_id": 1672, "node_type": "endpoint", "degree": 1, "link_types": "sidewalk"}, "geometry": {"type": "Point", "coordinates": [-71.0699294, 42.4198886]}}, {"type": "Feature", "properties": {"node_id": 1673, "node_type": "type_change", "degree": 2, "link_types": "midblock+sidewalk"}, "geometry": {"type": "Point", "coordinates": [-71.0696359, 42.4197619]}}, {"type": "Feature", "properties": {"node_id": 1674, "node_type": "type_change", "degree": 2, "link_types": "midblock+sidewalk"}, "geometry": {"type": "Point", "coordinates": [-71.0696321, 42.4197268]}}, {"type": "Feature", "properties": {"node_id": 1675, "node_type": "type_change", "degree": 2, "link_types": "midblock+sidewalk"}, "geometry": {"type": "Point", "coordinates": [-71.0696187, 42.4195546]}}, {"type": "Feature", "properties": {"node_id": 1676, "node_type": "type_change", "degree": 2, "link_types": "midblock+sidewalk"}, "geometry": {"type": "Point", "coordinates": [-71.0696152, 42.419508]}}, {"type": "Feature", "properties": {"node_id": 1677, "node_type": "type_change", "degree": 3, "link_types": "pseudo+sidewalk"}, "geometry": {"type": "Point", "coordinates": [-71.0696245, 42.4193978]}}, {"type": "Feature", "properties": {"node_id": 1678, "node_type": "type_change", "degree": 3, "link_types": "pseudo+sidewalk"}, "geometry": {"type": "Point", "coordinates": [-71.0814798, 42.4286741]}}, {"type": "Feature", "properties": {"node_id": 1679, "node_type": "type_change", "degree": 2, "link_types": "pseudo+sidewalk"}, "geometry": {"type": "Point", "coordinates": [-71.0814835, 42.4286661]}}, {"type": "Feature", "properties": {"node_id": 1680, "node_type": "type_change", "degree": 2, "link_types": "crosswalk+pseudo"}, "geometry": {"type": "Point", "coordinates": [-71.0814685, 42.4286548]}}, {"type": "Feature", "properties": {"node_id": 1681, "node_type": "type_change", "degree": 2, "link_types": "crosswalk+pseudo"}, "geometry": {"type": "Point", "coordinates": [-71.0814567, 42.4285614]}}, {"type": "Feature", "properties": {"node_id": 1682, "node_type": "junction", "degree": 3, "link_types": "pseudo"}, "geometry": {"type": "Point", "coordinates": [-71.0814659, 42.4285475]}}, {"type": "Feature", "properties": {"node_id": 1683, "node_type": "junction", "degree": 3, "link_types": "pseudo"}, "geometry": {"type": "Point", "coordinates": [-71.0695111, 42.4202363]}}, {"type": "Feature", "properties": {"node_id": 1684, "node_type": "type_change", "degree": 3, "link_types": "crosswalk+pseudo"}, "geometry": {"type": "Point", "coordinates": [-71.0695101, 42.4202355]}}, {"type": "Feature", "properties": {"node_id": 1685, "node_type": "type_change", "degree": 2, "link_types": "crosswalk+pseudo"}, "geometry": {"type": "Point", "coordinates": [-71.0746536, 42.4271877]}}, {"type": "Feature", "properties": {"node_id": 1686, "node_type": "type_change", "degree": 2, "link_types": "crosswalk+pseudo"}, "geometry": {"type": "Point", "coordinates": [-71.0743964, 42.4271715]}}, {"type": "Feature", "properties": {"node_id": 1687, "node_type": "junction", "degree": 3, "link_types": "pseudo"}, "geometry": {"type": "Point", "coordinates": [-71.0743882, 42.4271601]}}, {"type": "Feature", "properties": {"node_id": 1688, "node_type": "endpoint", "degree": 1, "link_types": "sidewalk"}, "geometry": {"type": "Point", "coordinates": [-71.0809007, 42.4209874]}}, {"type": "Feature", "properties": {"node_id": 1689, "node_type": "type_change", "degree": 2, "link_types": "midblock+sidewalk"}, "geometry": {"type": "Point", "coordinates": [-71.0811118, 42.4209881]}}, {"type": "Feature", "properties": {"node_id": 1690, "node_type": "type_change", "degree": 2, "link_types": "midblock+sidewalk"}, "geometry": {"type": "Point", "coordinates": [-71.0811781, 42.4209959]}}, {"type": "Feature", "properties": {"node_id": 1691, "node_type": "type_change", "degree": 2, "link_types": "midblock+sidewalk"}, "geometry": {"type": "Point", "coordinates": [-71.0812296, 42.4209901]}}, {"type": "Feature", "properties": {"node_id": 1692, "node_type": "type_change", "degree": 2, "link_types": "midblock+sidewalk"}, "geometry": {"type": "Point", "coordinates": [-71.0812421, 42.4209886]}}, {"type": "Feature", "properties": {"node_id": 1693, "node_type": "type_change", "degree": 2, "link_types": "midblock+sidewalk"}, "geometry": {"type": "Point", "coordinates": [-71.0812583, 42.4209867]}}, {"type": "Feature", "properties": {"node_id": 1694, "node_type": "type_change", "degree": 2, "link_types": "midblock+sidewalk"}, "geometry": {"type": "Point", "coordinates": [-71.0812764, 42.4209846]}}, {"type": "Feature", "properties": {"node_id": 1695, "node_type": "type_change", "degree": 2, "link_types": "midblock+sidewalk"}, "geometry": {"type": "Point", "coordinates": [-71.0814636, 42.4209898]}}, {"type": "Feature", "properties": {"node_id": 1696, "node_type": "type_change", "degree": 2, "link_types": "midblock+sidewalk"}, "geometry": {"type": "Point", "coordinates": [-71.0815024, 42.42099]}}, {"type": "Feature", "properties": {"node_id": 1697, "node_type": "junction", "degree": 3, "link_types": "sidewalk"}, "geometry": {"type": "Point", "coordinates": [-71.0818711, 42.4209857]}}, {"type": "Feature", "properties": {"node_id": 1698, "node_type": "junction", "degree": 3, "link_types": "sidewalk"}, "geometry": {"type": "Point", "coordinates": [-71.0707218, 42.4280095]}}, {"type": "Feature", "properties": {"node_id": 1699, "node_type": "type_change", "degree": 3, "link_types": "pseudo+sidewalk"}, "geometry": {"type": "Point", "coordinates": [-71.0707228, 42.4280102]}}, {"type": "Feature", "properties": {"node_id": 1700, "node_type": "junction", "degree": 3, "link_types": "sidewalk"}, "geometry": {"type": "Point", "coordinates": [-71.0708149, 42.4279992]}}, {"type": "Feature", "properties": {"node_id": 1701, "node_type": "endpoint", "degree": 1, "link_types": "crosswalk"}, "geometry": {"type": "Point", "coordinates": [-71.0711298, 42.4286145]}}, {"type": "Feature", "properties": {"node_id": 1702, "node_type": "type_change", "degree": 2, "link_types": "crosswalk+pseudo"}, "geometry": {"type": "Point", "coordinates": [-71.0711922, 42.4286191]}}, {"type": "Feature", "properties": {"node_id": 1703, "node_type": "junction", "degree": 3, "link_types": "pseudo"}, "geometry": {"type": "Point", "coordinates": [-71.071198, 42.4286479]}}, {"type": "Feature", "properties": {"node_id": 1704, "node_type": "endpoint", "degree": 1, "link_types": "sidewalk"}, "geometry": {"type": "Point", "coordinates": [-71.0738112, 42.4264429]}}, {"type": "Feature", "properties": {"node_id": 1705, "node_type": "endpoint", "degree": 1, "link_types": "sidewalk"}, "geometry": {"type": "Point", "coordinates": [-71.0738795, 42.4262125]}}, {"type": "Feature", "properties": {"node_id": 1706, "node_type": "junction", "degree": 3, "link_types": "sidewalk"}, "geometry": {"type": "Point", "coordinates": [-71.0671442, 42.422686]}}, {"type": "Feature", "properties": {"node_id": 1707, "node_type": "type_change", "degree": 2, "link_types": "midblock+sidewalk"}, "geometry": {"type": "Point", "coordinates": [-71.0671722, 42.4226924]}}, {"type": "Feature", "properties": {"node_id": 1708, "node_type": "endpoint", "degree": 1, "link_types": "midblock"}, "geometry": {"type": "Point", "coordinates": [-71.0671846, 42.4227306]}}, {"type": "Feature", "properties": {"node_id": 1709, "node_type": "junction", "degree": 3, "link_types": "sidewalk"}, "geometry": {"type": "Point", "coordinates": [-71.0671432, 42.422686]}}, {"type": "Feature", "properties": {"node_id": 1710, "node_type": "junction", "degree": 3, "link_types": "sidewalk"}, "geometry": {"type": "Point", "coordinates": [-71.0671432, 42.4226853]}}, {"type": "Feature", "properties": {"node_id": 1711, "node_type": "junction", "degree": 3, "link_types": "sidewalk"}, "geometry": {"type": "Point", "coordinates": [-71.0686517, 42.4225161]}}, {"type": "Feature", "properties": {"node_id": 1712, "node_type": "type_change", "degree": 2, "link_types": "pseudo+sidewalk"}, "geometry": {"type": "Point", "coordinates": [-71.0686526, 42.4225168]}}, {"type": "Feature", "properties": {"node_id": 1713, "node_type": "type_change", "degree": 2, "link_types": "crosswalk+pseudo"}, "geometry": {"type": "Point", "coordinates": [-71.0686635, 42.4225209]}}, {"type": "Feature", "properties": {"node_id": 1714, "node_type": "type_change", "degree": 2, "link_types": "crosswalk+pseudo"}, "geometry": {"type": "Point", "coordinates": [-71.0686791, 42.4224947]}}, {"type": "Feature", "properties": {"node_id": 1715, "node_type": "type_change", "degree": 3, "link_types": "pseudo+sidewalk"}, "geometry": {"type": "Point", "coordinates": [-71.0686567, 42.4224915]}}, {"type": "Feature", "properties": {"node_id": 1716, "node_type": "type_change", "degree": 2, "link_types": "midblock+sidewalk"}, "geometry": {"type": "Point", "coordinates": [-71.0685205, 42.4225778]}}, {"type": "Feature", "properties": {"node_id": 1717, "node_type": "endpoint", "degree": 1, "link_types": "midblock"}, "geometry": {"type": "Point", "coordinates": [-71.0683966, 42.4225956]}}, {"type": "Feature", "properties": {"node_id": 1718, "node_type": "junction", "degree": 3, "link_types": "sidewalk"}, "geometry": {"type": "Point", "coordinates": [-71.0686557, 42.4224915]}}, {"type": "Feature", "properties": {"node_id": 1719, "node_type": "type_change", "degree": 2, "link_types": "pseudo+sidewalk"}, "geometry": {"type": "Point", "coordinates": [-71.0754476, 42.4216007]}}, {"type": "Feature", "properties": {"node_id": 1720, "node_type": "junction", "degree": 3, "link_types": "pseudo"}, "geometry": {"type": "Point", "coordinates": [-71.0754839, 42.4215813]}}, {"type": "Feature", "properties": {"node_id": 1721, "node_type": "endpoint", "degree": 1, "link_types": "sidewalk"}, "geometry": {"type": "Point", "coordinates": [-71.076731, 42.4261631]}}, {"type": "Feature", "properties": {"node_id": 1722, "node_type": "type_change", "degree": 2, "link_types": "midblock+sidewalk"}, "geometry": {"type": "Point", "coordinates": [-71.0767138, 42.4261654]}}, {"type": "Feature", "properties": {"node_id": 1723, "node_type": "type_change", "degree": 2, "link_types": "midblock+sidewalk"}, "geometry": {"type": "Point", "coordinates": [-71.0766669, 42.4261717]}}, {"type": "Feature", "properties": {"node_id": 1724, "node_type": "type_change", "degree": 2, "link_types": "pseudo+sidewalk"}, "geometry": {"type": "Point", "coordinates": [-71.0752632, 42.4223209]}}, {"type": "Feature", "properties": {"node_id": 1725, "node_type": "endpoint", "degree": 1, "link_types": "sidewalk"}, "geometry": {"type": "Point", "coordinates": [-71.0752606, 42.422331]}}, {"type": "Feature", "properties": {"node_id": 1726, "node_type": "type_change", "degree": 2, "link_types": "pseudo+sidewalk"}, "geometry": {"type": "Point", "coordinates": [-71.0752632, 42.4223195]}}, {"type": "Feature", "properties": {"node_id": 1727, "node_type": "junction", "degree": 3, "link_types": "sidewalk"}, "geometry": {"type": "Point", "coordinates": [-71.0813128, 42.4286814]}}, {"type": "Feature", "properties": {"node_id": 1728, "node_type": "junction", "degree": 3, "link_types": "sidewalk"}, "geometry": {"type": "Point", "coordinates": [-71.0813138, 42.4286814]}}, {"type": "Feature", "properties": {"node_id": 1729, "node_type": "type_change", "degree": 2, "link_types": "midblock+sidewalk"}, "geometry": {"type": "Point", "coordinates": [-71.0811282, 42.4286899]}}, {"type": "Feature", "properties": {"node_id": 1730, "node_type": "type_change", "degree": 2, "link_types": "midblock+sidewalk"}, "geometry": {"type": "Point", "coordinates": [-71.0810742, 42.4286969]}}, {"type": "Feature", "properties": {"node_id": 1731, "node_type": "junction", "degree": 3, "link_types": "sidewalk"}, "geometry": {"type": "Point", "coordinates": [-71.0802191, 42.4287791]}}, {"type": "Feature", "properties": {"node_id": 1732, "node_type": "endpoint", "degree": 1, "link_types": "sidewalk"}, "geometry": {"type": "Point", "coordinates": [-71.0775813, 42.4194642]}}, {"type": "Feature", "properties": {"node_id": 1733, "node_type": "type_change", "degree": 2, "link_types": "midblock+sidewalk"}, "geometry": {"type": "Point", "coordinates": [-71.0775649, 42.4193754]}}, {"type": "Feature", "properties": {"node_id": 1734, "node_type": "type_change", "degree": 2, "link_types": "midblock+sidewalk"}, "geometry": {"type": "Point", "coordinates": [-71.0775704, 42.419295]}}, {"type": "Feature", "properties": {"node_id": 1735, "node_type": "type_change", "degree": 2, "link_types": "midblock+sidewalk"}, "geometry": {"type": "Point", "coordinates": [-71.0775729, 42.4191265]}}, {"type": "Feature", "properties": {"node_id": 1736, "node_type": "type_change", "degree": 2, "link_types": "midblock+sidewalk"}, "geometry": {"type": "Point", "coordinates": [-71.077573, 42.4190763]}}, {"type": "Feature", "properties": {"node_id": 1737, "node_type": "type_change", "degree": 2, "link_types": "midblock+sidewalk"}, "geometry": {"type": "Point", "coordinates": [-71.0775672, 42.4188515]}}, {"type": "Feature", "properties": {"node_id": 1738, "node_type": "type_change", "degree": 2, "link_types": "midblock+sidewalk"}, "geometry": {"type": "Point", "coordinates": [-71.0775701, 42.4188178]}}, {"type": "Feature", "properties": {"node_id": 1739, "node_type": "type_change", "degree": 2, "link_types": "pseudo+sidewalk"}, "geometry": {"type": "Point", "coordinates": [-71.0775503, 42.4186427]}}, {"type": "Feature", "properties": {"node_id": 1740, "node_type": "type_change", "degree": 2, "link_types": "crosswalk+pseudo"}, "geometry": {"type": "Point", "coordinates": [-71.077543, 42.4186284]}}, {"type": "Feature", "properties": {"node_id": 1741, "node_type": "type_change", "degree": 2, "link_types": "crosswalk+pseudo"}, "geometry": {"type": "Point", "coordinates": [-71.0775695, 42.4185761]}}, {"type": "Feature", "properties": {"node_id": 1742, "node_type": "type_change", "degree": 2, "link_types": "pseudo+sidewalk"}, "geometry": {"type": "Point", "coordinates": [-71.0775759, 42.4185644]}}, {"type": "Feature", "properties": {"node_id": 1743, "node_type": "junction", "degree": 3, "link_types": "sidewalk"}, "geometry": {"type": "Point", "coordinates": [-71.0775527, 42.4177147]}}, {"type": "Feature", "properties": {"node_id": 1744, "node_type": "junction", "degree": 3, "link_types": "pseudo"}, "geometry": {"type": "Point", "coordinates": [-71.0813027, 42.4285534]}}, {"type": "Feature", "properties": {"node_id": 1745, "node_type": "type_change", "degree": 2, "link_types": "crosswalk+pseudo"}, "geometry": {"type": "Point", "coordinates": [-71.0813243, 42.4285595]}}, {"type": "Feature", "properties": {"node_id": 1746, "node_type": "type_change", "degree": 2, "link_types": "crosswalk+pseudo"}, "geometry": {"type": "Point", "coordinates": [-71.0814458, 42.4285565]}}, {"type": "Feature", "properties": {"node_id": 1747, "node_type": "type_change", "degree": 3, "link_types": "pseudo+sidewalk"}, "geometry": {"type": "Point", "coordinates": [-71.0814619, 42.428544]}}, {"type": "Feature", "properties": {"node_id": 1748, "node_type": "type_change", "degree": 3, "link_types": "pseudo+sidewalk"}, "geometry": {"type": "Point", "coordinates": [-71.0813018, 42.4285527]}}, {"type": "Feature", "properties": {"node_id": 1749, "node_type": "endpoint", "degree": 1, "link_types": "pseudo"}, "geometry": {"type": "Point", "coordinates": [-71.0665344, 42.4269432]}}, {"type": "Feature", "properties": {"node_id": 1750, "node_type": "endpoint", "degree": 1, "link_types": "sidewalk"}, "geometry": {"type": "Point", "coordinates": [-71.0717421, 42.4255344]}}, {"type": "Feature", "properties": {"node_id": 1751, "node_type": "endpoint", "degree": 1, "link_types": "sidewalk"}, "geometry": {"type": "Point", "coordinates": [-71.0765925, 42.4245597]}}, {"type": "Feature", "properties": {"node_id": 1752, "node_type": "type_change", "degree": 2, "link_types": "pseudo+sidewalk"}, "geometry": {"type": "Point", "coordinates": [-71.0765925, 42.4245604]}}, {"type": "Feature", "properties": {"node_id": 1753, "node_type": "type_change", "degree": 2, "link_types": "crosswalk+pseudo"}, "geometry": {"type": "Point", "coordinates": [-71.076596, 42.4245791]}}, {"type": "Feature", "properties": {"node_id": 1754, "node_type": "type_change", "degree": 2, "link_types": "crosswalk+pseudo"}, "geometry": {"type": "Point", "coordinates": [-71.0765094, 42.4245461]}}, {"type": "Feature", "properties": {"node_id": 1755, "node_type": "type_change", "degree": 2, "link_types": "pseudo+sidewalk"}, "geometry": {"type": "Point", "coordinates": [-71.0764685, 42.4245454]}}, {"type": "Feature", "properties": {"node_id": 1756, "node_type": "type_change", "degree": 2, "link_types": "midblock+sidewalk"}, "geometry": {"type": "Point", "coordinates": [-71.0764607, 42.424607]}}, {"type": "Feature", "properties": {"node_id": 1757, "node_type": "type_change", "degree": 2, "link_types": "midblock+sidewalk"}, "geometry": {"type": "Point", "coordinates": [-71.0764502, 42.4246902]}}, {"type": "Feature", "properties": {"node_id": 1758, "node_type": "junction", "degree": 3, "link_types": "sidewalk"}, "geometry": {"type": "Point", "coordinates": [-71.0715463, 42.4263196]}}, {"type": "Feature", "properties": {"node_id": 1759, "node_type": "type_change", "degree": 3, "link_types": "pseudo+sidewalk"}, "geometry": {"type": "Point", "coordinates": [-71.0715463, 42.4263203]}}, {"type": "Feature", "properties": {"node_id": 1760, "node_type": "type_change", "degree": 3, "link_types": "pseudo+sidewalk"}, "geometry": {"type": "Point", "coordinates": [-71.0715472, 42.4263196]}}, {"type": "Feature", "properties": {"node_id": 1761, "node_type": "endpoint", "degree": 1, "link_types": "sidewalk"}, "geometry": {"type": "Point", "coordinates": [-71.0714955, 42.4263147]}}, {"type": "Feature", "properties": {"node_id": 1762, "node_type": "endpoint", "degree": 1, "link_types": "sidewalk"}, "geometry": {"type": "Point", "coordinates": [-71.0714115, 42.4255353]}}, {"type": "Feature", "properties": {"node_id": 1763, "node_type": "endpoint", "degree": 1, "link_types": "crosswalk"}, "geometry": {"type": "Point", "coordinates": [-71.0759807, 42.4275592]}}, {"type": "Feature", "properties": {"node_id": 1764, "node_type": "endpoint", "degree": 1, "link_types": "crosswalk"}, "geometry": {"type": "Point", "coordinates": [-71.0759883, 42.4275835]}}, {"type": "Feature", "properties": {"node_id": 1765, "node_type": "endpoint", "degree": 1, "link_types": "sidewalk"}, "geometry": {"type": "Point", "coordinates": [-71.0707161, 42.4167283]}}, {"type": "Feature", "properties": {"node_id": 1766, "node_type": "junction", "degree": 3, "link_types": "sidewalk"}, "geometry": {"type": "Point", "coordinates": [-71.070708, 42.416691]}}, {"type": "Feature", "properties": {"node_id": 1767, "node_type": "endpoint", "degree": 1, "link_types": "crosswalk"}, "geometry": {"type": "Point", "coordinates": [-71.0740138, 42.4285443]}}, {"type": "Feature", "properties": {"node_id": 1768, "node_type": "type_change", "degree": 2, "link_types": "crosswalk+pseudo"}, "geometry": {"type": "Point", "coordinates": [-71.0740138, 42.428545]}}, {"type": "Feature", "properties": {"node_id": 1769, "node_type": "type_change", "degree": 2, "link_types": "crosswalk+pseudo"}, "geometry": {"type": "Point", "coordinates": [-71.0740148, 42.4285458]}}, {"type": "Feature", "properties": {"node_id": 1770, "node_type": "type_change", "degree": 2, "link_types": "crosswalk+pseudo"}, "geometry": {"type": "Point", "coordinates": [-71.0740148, 42.4285465]}}, {"type": "Feature", "properties": {"node_id": 1771, "node_type": "type_change", "degree": 2, "link_types": "crosswalk+pseudo"}, "geometry": {"type": "Point", "coordinates": [-71.0740158, 42.4285472]}}, {"type": "Feature", "properties": {"node_id": 1772, "node_type": "type_change", "degree": 2, "link_types": "crosswalk+pseudo"}, "geometry": {"type": "Point", "coordinates": [-71.0740158, 42.4285479]}}, {"type": "Feature", "properties": {"node_id": 1773, "node_type": "type_change", "degree": 2, "link_types": "crosswalk+pseudo"}, "geometry": {"type": "Point", "coordinates": [-71.0740178, 42.42855]}}, {"type": "Feature", "properties": {"node_id": 1774, "node_type": "junction", "degree": 3, "link_types": "crosswalk"}, "geometry": {"type": "Point", "coordinates": [-71.0740188, 42.4285507]}}, {"type": "Feature", "properties": {"node_id": 1775, "node_type": "endpoint", "degree": 1, "link_types": "sidewalk"}, "geometry": {"type": "Point", "coordinates": [-71.072353, 42.423326]}}, {"type": "Feature", "properties": {"node_id": 1776, "node_type": "type_change", "degree": 3, "link_types": "crosswalk+sidewalk"}, "geometry": {"type": "Point", "coordinates": [-71.0723411, 42.4233212]}}, {"type": "Feature", "properties": {"node_id": 1777, "node_type": "type_change", "degree": 2, "link_types": "crosswalk+pseudo"}, "geometry": {"type": "Point", "coordinates": [-71.076428, 42.4261167]}}, {"type": "Feature", "properties": {"node_id": 1778, "node_type": "type_change", "degree": 2, "link_types": "crosswalk+pseudo"}, "geometry": {"type": "Point", "coordinates": [-71.0764181, 42.4261983]}}, {"type": "Feature", "properties": {"node_id": 1779, "node_type": "junction", "degree": 3, "link_types": "pseudo"}, "geometry": {"type": "Point", "coordinates": [-71.067576, 42.4239015]}}, {"type": "Feature", "properties": {"node_id": 1780, "node_type": "type_change", "degree": 2, "link_types": "crosswalk+pseudo"}, "geometry": {"type": "Point", "coordinates": [-71.0675597, 42.4239061]}}, {"type": "Feature", "properties": {"node_id": 1781, "node_type": "endpoint", "degree": 1, "link_types": "crosswalk"}, "geometry": {"type": "Point", "coordinates": [-71.0674761, 42.4239386]}}, {"type": "Feature", "properties": {"node_id": 1782, "node_type": "type_change", "degree": 3, "link_types": "pseudo+sidewalk"}, "geometry": {"type": "Point", "coordinates": [-71.067577, 42.4239007]}}, {"type": "Feature", "properties": {"node_id": 1783, "node_type": "endpoint", "degree": 1, "link_types": "crosswalk"}, "geometry": {"type": "Point", "coordinates": [-71.0707063, 42.4270653]}}, {"type": "Feature", "properties": {"node_id": 1784, "node_type": "endpoint", "degree": 1, "link_types": "midblock"}, "geometry": {"type": "Point", "coordinates": [-71.077316, 42.4211166]}}, {"type": "Feature", "properties": {"node_id": 1785, "node_type": "type_change", "degree": 2, "link_types": "midblock+sidewalk"}, "geometry": {"type": "Point", "coordinates": [-71.0773316, 42.4211024]}}, {"type": "Feature", "properties": {"node_id": 1786, "node_type": "type_change", "degree": 2, "link_types": "midblock+sidewalk"}, "geometry": {"type": "Point", "coordinates": [-71.0776213, 42.4210868]}}, {"type": "Feature", "properties": {"node_id": 1787, "node_type": "type_change", "degree": 2, "link_types": "midblock+sidewalk"}, "geometry": {"type": "Point", "coordinates": [-71.0776504, 42.4210869]}}, {"type": "Feature", "properties": {"node_id": 1788, "node_type": "type_change", "degree": 2, "link_types": "midblock+sidewalk"}, "geometry": {"type": "Point", "coordinates": [-71.0778368, 42.4210876]}}, {"type": "Feature", "properties": {"node_id": 1789, "node_type": "type_change", "degree": 2, "link_types": "midblock+sidewalk"}, "geometry": {"type": "Point", "coordinates": [-71.0779464, 42.421088]}}, {"type": "Feature", "properties": {"node_id": 1790, "node_type": "type_change", "degree": 2, "link_types": "midblock+sidewalk"}, "geometry": {"type": "Point", "coordinates": [-71.0780736, 42.4210885]}}, {"type": "Feature", "properties": {"node_id": 1791, "node_type": "type_change", "degree": 2, "link_types": "midblock+sidewalk"}, "geometry": {"type": "Point", "coordinates": [-71.0781201, 42.4210894]}}, {"type": "Feature", "properties": {"node_id": 1792, "node_type": "type_change", "degree": 2, "link_types": "midblock+sidewalk"}, "geometry": {"type": "Point", "coordinates": [-71.0784352, 42.4210943]}}, {"type": "Feature", "properties": {"node_id": 1793, "node_type": "type_change", "degree": 2, "link_types": "midblock+sidewalk"}, "geometry": {"type": "Point", "coordinates": [-71.0784881, 42.421091]}}, {"type": "Feature", "properties": {"node_id": 1794, "node_type": "type_change", "degree": 2, "link_types": "midblock+sidewalk"}, "geometry": {"type": "Point", "coordinates": [-71.0787442, 42.4210915]}}, {"type": "Feature", "properties": {"node_id": 1795, "node_type": "type_change", "degree": 2, "link_types": "midblock+sidewalk"}, "geometry": {"type": "Point", "coordinates": [-71.0787977, 42.421092]}}, {"type": "Feature", "properties": {"node_id": 1796, "node_type": "type_change", "degree": 2, "link_types": "midblock+sidewalk"}, "geometry": {"type": "Point", "coordinates": [-71.0789793, 42.4210937]}}, {"type": "Feature", "properties": {"node_id": 1797, "node_type": "type_change", "degree": 2, "link_types": "midblock+sidewalk"}, "geometry": {"type": "Point", "coordinates": [-71.0789968, 42.4210939]}}, {"type": "Feature", "properties": {"node_id": 1798, "node_type": "type_change", "degree": 2, "link_types": "midblock+sidewalk"}, "geometry": {"type": "Point", "coordinates": [-71.0791445, 42.4210953]}}, {"type": "Feature", "properties": {"node_id": 1799, "node_type": "type_change", "degree": 2, "link_types": "midblock+sidewalk"}, "geometry": {"type": "Point", "coordinates": [-71.0792018, 42.4210959]}}, {"type": "Feature", "properties": {"node_id": 1800, "node_type": "type_change", "degree": 2, "link_types": "midblock+sidewalk"}, "geometry": {"type": "Point", "coordinates": [-71.0793605, 42.421094]}}, {"type": "Feature", "properties": {"node_id": 1801, "node_type": "type_change", "degree": 2, "link_types": "midblock+sidewalk"}, "geometry": {"type": "Point", "coordinates": [-71.0793971, 42.4210928]}}, {"type": "Feature", "properties": {"node_id": 1802, "node_type": "type_change", "degree": 2, "link_types": "midblock+sidewalk"}, "geometry": {"type": "Point", "coordinates": [-71.0796859, 42.4210981]}}, {"type": "Feature", "properties": {"node_id": 1803, "node_type": "type_change", "degree": 2, "link_types": "midblock+sidewalk"}, "geometry": {"type": "Point", "coordinates": [-71.0797633, 42.4210943]}}, {"type": "Feature", "properties": {"node_id": 1804, "node_type": "junction", "degree": 3, "link_types": "sidewalk"}, "geometry": {"type": "Point", "coordinates": [-71.0799627, 42.4211133]}}, {"type": "Feature", "properties": {"node_id": 1805, "node_type": "endpoint", "degree": 1, "link_types": "sidewalk"}, "geometry": {"type": "Point", "coordinates": [-71.0673944, 42.4259493]}}, {"type": "Feature", "properties": {"node_id": 1806, "node_type": "endpoint", "degree": 1, "link_types": "midblock"}, "geometry": {"type": "Point", "coordinates": [-71.0796334, 42.4275952]}}, {"type": "Feature", "properties": {"node_id": 1807, "node_type": "type_change", "degree": 2, "link_types": "midblock+sidewalk"}, "geometry": {"type": "Point", "coordinates": [-71.0794561, 42.4276177]}}, {"type": "Feature", "properties": {"node_id": 1808, "node_type": "type_change", "degree": 2, "link_types": "midblock+sidewalk"}, "geometry": {"type": "Point", "coordinates": [-71.07911, 42.427675]}}, {"type": "Feature", "properties": {"node_id": 1809, "node_type": "type_change", "degree": 2, "link_types": "midblock+sidewalk"}, "geometry": {"type": "Point", "coordinates": [-71.0790967, 42.4276772]}}, {"type": "Feature", "properties": {"node_id": 1810, "node_type": "junction", "degree": 3, "link_types": "sidewalk"}, "geometry": {"type": "Point", "coordinates": [-71.0789677, 42.4277262]}}, {"type": "Feature", "properties": {"node_id": 1811, "node_type": "junction", "degree": 3, "link_types": "sidewalk"}, "geometry": {"type": "Point", "coordinates": [-71.0826042, 42.4234233]}}, {"type": "Feature", "properties": {"node_id": 1812, "node_type": "type_change", "degree": 3, "link_types": "pseudo+sidewalk"}, "geometry": {"type": "Point", "coordinates": [-71.0825991, 42.4234443]}}, {"type": "Feature", "properties": {"node_id": 1813, "node_type": "junction", "degree": 3, "link_types": "sidewalk"}, "geometry": {"type": "Point", "coordinates": [-71.0826052, 42.4234233]}}, {"type": "Feature", "properties": {"node_id": 1814, "node_type": "type_change", "degree": 3, "link_types": "pseudo+sidewalk"}, "geometry": {"type": "Point", "coordinates": [-71.0826042, 42.4234225]}}, {"type": "Feature", "properties": {"node_id": 1815, "node_type": "endpoint", "degree": 1, "link_types": "sidewalk"}, "geometry": {"type": "Point", "coordinates": [-71.0752295, 42.4232141]}}, {"type": "Feature", "properties": {"node_id": 1816, "node_type": "junction", "degree": 3, "link_types": "sidewalk"}, "geometry": {"type": "Point", "coordinates": [-71.0679921, 42.4287785]}}, {"type": "Feature", "properties": {"node_id": 1817, "node_type": "type_change", "degree": 3, "link_types": "pseudo+sidewalk"}, "geometry": {"type": "Point", "coordinates": [-71.0679912, 42.4287785]}}, {"type": "Feature", "properties": {"node_id": 1818, "node_type": "junction", "degree": 3, "link_types": "sidewalk"}, "geometry": {"type": "Point", "coordinates": [-71.0691148, 42.4248297]}}, {"type": "Feature", "properties": {"node_id": 1819, "node_type": "type_change", "degree": 2, "link_types": "pseudo+sidewalk"}, "geometry": {"type": "Point", "coordinates": [-71.0690487, 42.4248323]}}, {"type": "Feature", "properties": {"node_id": 1820, "node_type": "type_change", "degree": 2, "link_types": "crosswalk+pseudo"}, "geometry": {"type": "Point", "coordinates": [-71.0690381, 42.424834]}}, {"type": "Feature", "properties": {"node_id": 1821, "node_type": "endpoint", "degree": 1, "link_types": "crosswalk"}, "geometry": {"type": "Point", "coordinates": [-71.0689659, 42.4248281]}}, {"type": "Feature", "properties": {"node_id": 1822, "node_type": "junction", "degree": 3, "link_types": "sidewalk"}, "geometry": {"type": "Point", "coordinates": [-71.0691157, 42.4248297]}}, {"type": "Feature", "properties": {"node_id": 1823, "node_type": "junction", "degree": 3, "link_types": "sidewalk"}, "geometry": {"type": "Point", "coordinates": [-71.0691157, 42.424829]}}, {"type": "Feature", "properties": {"node_id": 1824, "node_type": "junction", "degree": 3, "link_types": "sidewalk"}, "geometry": {"type": "Point", "coordinates": [-71.0686293, 42.4258291]}}, {"type": "Feature", "properties": {"node_id": 1825, "node_type": "junction", "degree": 3, "link_types": "sidewalk"}, "geometry": {"type": "Point", "coordinates": [-71.0686294, 42.4258298]}}, {"type": "Feature", "properties": {"node_id": 1826, "node_type": "junction", "degree": 3, "link_types": "sidewalk"}, "geometry": {"type": "Point", "coordinates": [-71.0686284, 42.4258298]}}, {"type": "Feature", "properties": {"node_id": 1827, "node_type": "junction", "degree": 3, "link_types": "sidewalk"}, "geometry": {"type": "Point", "coordinates": [-71.0686799, 42.4256805]}}, {"type": "Feature", "properties": {"node_id": 1828, "node_type": "junction", "degree": 3, "link_types": "sidewalk"}, "geometry": {"type": "Point", "coordinates": [-71.072246, 42.4175414]}}, {"type": "Feature", "properties": {"node_id": 1829, "node_type": "endpoint", "degree": 1, "link_types": "sidewalk"}, "geometry": {"type": "Point", "coordinates": [-71.0723363, 42.4257117]}}, {"type": "Feature", "properties": {"node_id": 1830, "node_type": "endpoint", "degree": 1, "link_types": "sidewalk"}, "geometry": {"type": "Point", "coordinates": [-71.0807817, 42.4185653]}}, {"type": "Feature", "properties": {"node_id": 1831, "node_type": "type_change", "degree": 2, "link_types": "midblock+sidewalk"}, "geometry": {"type": "Point", "coordinates": [-71.080763, 42.4181811]}}, {"type": "Feature", "properties": {"node_id": 1832, "node_type": "type_change", "degree": 2, "link_types": "midblock+sidewalk"}, "geometry": {"type": "Point", "coordinates": [-71.0807477, 42.4181462]}}, {"type": "Feature", "properties": {"node_id": 1833, "node_type": "endpoint", "degree": 1, "link_types": "sidewalk"}, "geometry": {"type": "Point", "coordinates": [-71.0806944, 42.4179848]}}, {"type": "Feature", "properties": {"node_id": 1834, "node_type": "endpoint", "degree": 1, "link_types": "sidewalk"}, "geometry": {"type": "Point", "coordinates": [-71.0677649, 42.4259182]}}, {"type": "Feature", "properties": {"node_id": 1835, "node_type": "endpoint", "degree": 1, "link_types": "sidewalk"}, "geometry": {"type": "Point", "coordinates": [-71.067802, 42.4259247]}}, {"type": "Feature", "properties": {"node_id": 1836, "node_type": "endpoint", "degree": 1, "link_types": "crosswalk"}, "geometry": {"type": "Point", "coordinates": [-71.0689137, 42.4285904]}}, {"type": "Feature", "properties": {"node_id": 1837, "node_type": "type_change", "degree": 3, "link_types": "crosswalk+pseudo"}, "geometry": {"type": "Point", "coordinates": [-71.0689147, 42.4285918]}}, {"type": "Feature", "properties": {"node_id": 1838, "node_type": "endpoint", "degree": 1, "link_types": "sidewalk"}, "geometry": {"type": "Point", "coordinates": [-71.0698694, 42.4287907]}}, {"type": "Feature", "properties": {"node_id": 1839, "node_type": "endpoint", "degree": 1, "link_types": "sidewalk"}, "geometry": {"type": "Point", "coordinates": [-71.0694405, 42.4288467]}}, {"type": "Feature", "properties": {"node_id": 1840, "node_type": "junction", "degree": 3, "link_types": "sidewalk"}, "geometry": {"type": "Point", "coordinates": [-71.0787839, 42.4275473]}}, {"type": "Feature", "properties": {"node_id": 1841, "node_type": "type_change", "degree": 3, "link_types": "pseudo+sidewalk"}, "geometry": {"type": "Point", "coordinates": [-71.0787848, 42.427548]}}, {"type": "Feature", "properties": {"node_id": 1842, "node_type": "type_change", "degree": 3, "link_types": "pseudo+sidewalk"}, "geometry": {"type": "Point", "coordinates": [-71.0787848, 42.4275472]}}, {"type": "Feature", "properties": {"node_id": 1843, "node_type": "endpoint", "degree": 1, "link_types": "sidewalk"}, "geometry": {"type": "Point", "coordinates": [-71.0787242, 42.4275383]}}, {"type": "Feature", "properties": {"node_id": 1844, "node_type": "endpoint", "degree": 1, "link_types": "sidewalk"}, "geometry": {"type": "Point", "coordinates": [-71.0665288, 42.4258857]}}, {"type": "Feature", "properties": {"node_id": 1845, "node_type": "endpoint", "degree": 1, "link_types": "sidewalk"}, "geometry": {"type": "Point", "coordinates": [-71.0666583, 42.426039]}}, {"type": "Feature", "properties": {"node_id": 1846, "node_type": "junction", "degree": 3, "link_types": "sidewalk"}, "geometry": {"type": "Point", "coordinates": [-71.0683537, 42.4169136]}}, {"type": "Feature", "properties": {"node_id": 1847, "node_type": "type_change", "degree": 2, "link_types": "midblock+sidewalk"}, "geometry": {"type": "Point", "coordinates": [-71.0683564, 42.4171712]}}, {"type": "Feature", "properties": {"node_id": 1848, "node_type": "type_change", "degree": 2, "link_types": "midblock+sidewalk"}, "geometry": {"type": "Point", "coordinates": [-71.0683699, 42.4172922]}}, {"type": "Feature", "properties": {"node_id": 1849, "node_type": "type_change", "degree": 2, "link_types": "midblock+sidewalk"}, "geometry": {"type": "Point", "coordinates": [-71.0683773, 42.4173872]}}, {"type": "Feature", "properties": {"node_id": 1850, "node_type": "type_change", "degree": 2, "link_types": "midblock+sidewalk"}, "geometry": {"type": "Point", "coordinates": [-71.068382, 42.4174186]}}, {"type": "Feature", "properties": {"node_id": 1851, "node_type": "type_change", "degree": 2, "link_types": "midblock+sidewalk"}, "geometry": {"type": "Point", "coordinates": [-71.0683908, 42.4174893]}}, {"type": "Feature", "properties": {"node_id": 1852, "node_type": "type_change", "degree": 2, "link_types": "midblock+sidewalk"}, "geometry": {"type": "Point", "coordinates": [-71.068397, 42.4175867]}}, {"type": "Feature", "properties": {"node_id": 1853, "node_type": "endpoint", "degree": 1, "link_types": "sidewalk"}, "geometry": {"type": "Point", "coordinates": [-71.0684166, 42.4177633]}}, {"type": "Feature", "properties": {"node_id": 1854, "node_type": "type_change", "degree": 2, "link_types": "crosswalk+sidewalk"}, "geometry": {"type": "Point", "coordinates": [-71.0683546, 42.4169129]}}, {"type": "Feature", "properties": {"node_id": 1855, "node_type": "type_change", "degree": 2, "link_types": "crosswalk+sidewalk"}, "geometry": {"type": "Point", "coordinates": [-71.0683595, 42.4169121]}}, {"type": "Feature", "properties": {"node_id": 1856, "node_type": "type_change", "degree": 3, "link_types": "crosswalk+sidewalk"}, "geometry": {"type": "Point", "coordinates": [-71.0683643, 42.4169112]}}, {"type": "Feature", "properties": {"node_id": 1857, "node_type": "type_change", "degree": 2, "link_types": "crosswalk+sidewalk"}, "geometry": {"type": "Point", "coordinates": [-71.0683527, 42.4169129]}}, {"type": "Feature", "properties": {"node_id": 1858, "node_type": "type_change", "degree": 3, "link_types": "crosswalk+sidewalk"}, "geometry": {"type": "Point", "coordinates": [-71.0682053, 42.4169256]}}, {"type": "Feature", "properties": {"node_id": 1859, "node_type": "endpoint", "degree": 1, "link_types": "sidewalk"}, "geometry": {"type": "Point", "coordinates": [-71.0797917, 42.418767]}}, {"type": "Feature", "properties": {"node_id": 1860, "node_type": "junction", "degree": 3, "link_types": "sidewalk"}, "geometry": {"type": "Point", "coordinates": [-71.0765675, 42.4247165]}}, {"type": "Feature", "properties": {"node_id": 1861, "node_type": "junction", "degree": 3, "link_types": "sidewalk"}, "geometry": {"type": "Point", "coordinates": [-71.0669169, 42.4207996]}}, {"type": "Feature", "properties": {"node_id": 1862, "node_type": "junction", "degree": 3, "link_types": "pseudo"}, "geometry": {"type": "Point", "coordinates": [-71.0707387, 42.4167942]}}, {"type": "Feature", "properties": {"node_id": 1863, "node_type": "type_change", "degree": 2, "link_types": "pseudo+sidewalk"}, "geometry": {"type": "Point", "coordinates": [-71.0707397, 42.4167949]}}, {"type": "Feature", "properties": {"node_id": 1864, "node_type": "endpoint", "degree": 1, "link_types": "sidewalk"}, "geometry": {"type": "Point", "coordinates": [-71.0708371, 42.4168017]}}, {"type": "Feature", "properties": {"node_id": 1865, "node_type": "type_change", "degree": 2, "link_types": "pseudo+sidewalk"}, "geometry": {"type": "Point", "coordinates": [-71.0707377, 42.4167949]}}, {"type": "Feature", "properties": {"node_id": 1866, "node_type": "type_change", "degree": 2, "link_types": "crosswalk+pseudo"}, "geometry": {"type": "Point", "coordinates": [-71.0707382, 42.4167812]}}, {"type": "Feature", "properties": {"node_id": 1867, "node_type": "type_change", "degree": 2, "link_types": "crosswalk+pseudo"}, "geometry": {"type": "Point", "coordinates": [-71.0707366, 42.4167013]}}, {"type": "Feature", "properties": {"node_id": 1868, "node_type": "type_change", "degree": 3, "link_types": "pseudo+sidewalk"}, "geometry": {"type": "Point", "coordinates": [-71.0707521, 42.416701]}}, {"type": "Feature", "properties": {"node_id": 1869, "node_type": "endpoint", "degree": 1, "link_types": "sidewalk"}, "geometry": {"type": "Point", "coordinates": [-71.0673934, 42.4203256]}}, {"type": "Feature", "properties": {"node_id": 1870, "node_type": "junction", "degree": 3, "link_types": "sidewalk"}, "geometry": {"type": "Point", "coordinates": [-71.0672702, 42.4209287]}}, {"type": "Feature", "properties": {"node_id": 1871, "node_type": "endpoint", "degree": 1, "link_types": "sidewalk"}, "geometry": {"type": "Point", "coordinates": [-71.0718464, 42.4263379]}}, {"type": "Feature", "properties": {"node_id": 1872, "node_type": "type_change", "degree": 3, "link_types": "pseudo+sidewalk"}, "geometry": {"type": "Point", "coordinates": [-71.0720063, 42.4263228]}}, {"type": "Feature", "properties": {"node_id": 1873, "node_type": "endpoint", "degree": 1, "link_types": "sidewalk"}, "geometry": {"type": "Point", "coordinates": [-71.0717094, 42.4180158]}}, {"type": "Feature", "properties": {"node_id": 1874, "node_type": "type_change", "degree": 2, "link_types": "pseudo+sidewalk"}, "geometry": {"type": "Point", "coordinates": [-71.0719712, 42.4179952]}}, {"type": "Feature", "properties": {"node_id": 1875, "node_type": "type_change", "degree": 2, "link_types": "crosswalk+pseudo"}, "geometry": {"type": "Point", "coordinates": [-71.0719967, 42.4180005]}}, {"type": "Feature", "properties": {"node_id": 1876, "node_type": "type_change", "degree": 2, "link_types": "crosswalk+pseudo"}, "geometry": {"type": "Point", "coordinates": [-71.0720347, 42.4179746]}}, {"type": "Feature", "properties": {"node_id": 1877, "node_type": "type_change", "degree": 2, "link_types": "pseudo+sidewalk"}, "geometry": {"type": "Point", "coordinates": [-71.0720481, 42.4179967]}}, {"type": "Feature", "properties": {"node_id": 1878, "node_type": "type_change", "degree": 2, "link_types": "pseudo+sidewalk"}, "geometry": {"type": "Point", "coordinates": [-71.0720481, 42.4179974]}}, {"type": "Feature", "properties": {"node_id": 1879, "node_type": "type_change", "degree": 2, "link_types": "crosswalk+pseudo"}, "geometry": {"type": "Point", "coordinates": [-71.0720465, 42.4180082]}}, {"type": "Feature", "properties": {"node_id": 1880, "node_type": "endpoint", "degree": 1, "link_types": "crosswalk"}, "geometry": {"type": "Point", "coordinates": [-71.0721054, 42.4180533]}}, {"type": "Feature", "properties": {"node_id": 1881, "node_type": "endpoint", "degree": 1, "link_types": "sidewalk"}, "geometry": {"type": "Point", "coordinates": [-71.0674182, 42.4264367]}}, {"type": "Feature", "properties": {"node_id": 1882, "node_type": "type_change", "degree": 2, "link_types": "pseudo+sidewalk"}, "geometry": {"type": "Point", "coordinates": [-71.0674192, 42.4264374]}}, {"type": "Feature", "properties": {"node_id": 1883, "node_type": "type_change", "degree": 2, "link_types": "crosswalk+pseudo"}, "geometry": {"type": "Point", "coordinates": [-71.067442, 42.4264492]}}, {"type": "Feature", "properties": {"node_id": 1884, "node_type": "type_change", "degree": 2, "link_types": "crosswalk+pseudo"}, "geometry": {"type": "Point", "coordinates": [-71.067481, 42.4263649]}}, {"type": "Feature", "properties": {"node_id": 1885, "node_type": "type_change", "degree": 2, "link_types": "pseudo+sidewalk"}, "geometry": {"type": "Point", "coordinates": [-71.0675075, 42.4263716]}}, {"type": "Feature", "properties": {"node_id": 1886, "node_type": "junction", "degree": 3, "link_types": "sidewalk"}, "geometry": {"type": "Point", "coordinates": [-71.0675615, 42.4263296]}}, {"type": "Feature", "properties": {"node_id": 1887, "node_type": "endpoint", "degree": 1, "link_types": "sidewalk"}, "geometry": {"type": "Point", "coordinates": [-71.0807952, 42.4240872]}}, {"type": "Feature", "properties": {"node_id": 1888, "node_type": "junction", "degree": 3, "link_types": "sidewalk"}, "geometry": {"type": "Point", "coordinates": [-71.0807796, 42.4240861]}}, {"type": "Feature", "properties": {"node_id": 1889, "node_type": "type_change", "degree": 2, "link_types": "pseudo+sidewalk"}, "geometry": {"type": "Point", "coordinates": [-71.0719804, 42.4264212]}}, {"type": "Feature", "properties": {"node_id": 1890, "node_type": "junction", "degree": 3, "link_types": "sidewalk"}, "geometry": {"type": "Point", "coordinates": [-71.0719472, 42.4264471]}}, {"type": "Feature", "properties": {"node_id": 1891, "node_type": "type_change", "degree": 2, "link_types": "crosswalk+pseudo"}, "geometry": {"type": "Point", "coordinates": [-71.0720066, 42.4264193]}}, {"type": "Feature", "properties": {"node_id": 1892, "node_type": "type_change", "degree": 2, "link_types": "crosswalk+pseudo"}, "geometry": {"type": "Point", "coordinates": [-71.0720068, 42.4263358]}}, {"type": "Feature", "properties": {"node_id": 1893, "node_type": "endpoint", "degree": 1, "link_types": "crosswalk"}, "geometry": {"type": "Point", "coordinates": [-71.0677395, 42.4257961]}}, {"type": "Feature", "properties": {"node_id": 1894, "node_type": "type_change", "degree": 2, "link_types": "crosswalk+pseudo"}, "geometry": {"type": "Point", "coordinates": [-71.0676812, 42.4259182]}}, {"type": "Feature", "properties": {"node_id": 1895, "node_type": "type_change", "degree": 2, "link_types": "crosswalk+pseudo"}, "geometry": {"type": "Point", "coordinates": [-71.0676712, 42.425909]}}, {"type": "Feature", "properties": {"node_id": 1896, "node_type": "type_change", "degree": 2, "link_types": "crosswalk+pseudo"}, "geometry": {"type": "Point", "coordinates": [-71.0674862, 42.425813]}}, {"type": "Feature", "properties": {"node_id": 1897, "node_type": "type_change", "degree": 3, "link_types": "pseudo+sidewalk"}, "geometry": {"type": "Point", "coordinates": [-71.067471, 42.425824]}}, {"type": "Feature", "properties": {"node_id": 1898, "node_type": "endpoint", "degree": 1, "link_types": "sidewalk"}, "geometry": {"type": "Point", "coordinates": [-71.0771112, 42.4215706]}}, {"type": "Feature", "properties": {"node_id": 1899, "node_type": "type_change", "degree": 3, "link_types": "pseudo+sidewalk"}, "geometry": {"type": "Point", "coordinates": [-71.0770821, 42.4216597]}}, {"type": "Feature", "properties": {"node_id": 1900, "node_type": "endpoint", "degree": 1, "link_types": "sidewalk"}, "geometry": {"type": "Point", "coordinates": [-71.0798823, 42.4175954]}}, {"type": "Feature", "properties": {"node_id": 1901, "node_type": "type_change", "degree": 2, "link_types": "pseudo+sidewalk"}, "geometry": {"type": "Point", "coordinates": [-71.0798823, 42.4175947]}}, {"type": "Feature", "properties": {"node_id": 1902, "node_type": "type_change", "degree": 2, "link_types": "pseudo+sidewalk"}, "geometry": {"type": "Point", "coordinates": [-71.0690454, 42.4162174]}}, {"type": "Feature", "properties": {"node_id": 1903, "node_type": "type_change", "degree": 2, "link_types": "crosswalk+pseudo"}, "geometry": {"type": "Point", "coordinates": [-71.0690787, 42.416224]}}, {"type": "Feature", "properties": {"node_id": 1904, "node_type": "type_change", "degree": 2, "link_types": "crosswalk+pseudo"}, "geometry": {"type": "Point", "coordinates": [-71.0691553, 42.4161585]}}, {"type": "Feature", "properties": {"node_id": 1905, "node_type": "type_change", "degree": 2, "link_types": "pseudo+sidewalk"}, "geometry": {"type": "Point", "coordinates": [-71.0691621, 42.4161577]}}, {"type": "Feature", "properties": {"node_id": 1906, "node_type": "junction", "degree": 3, "link_types": "sidewalk"}, "geometry": {"type": "Point", "coordinates": [-71.0692955, 42.4160465]}}, {"type": "Feature", "properties": {"node_id": 1907, "node_type": "junction", "degree": 3, "link_types": "sidewalk"}, "geometry": {"type": "Point", "coordinates": [-71.077742, 42.4175874]}}, {"type": "Feature", "properties": {"node_id": 1908, "node_type": "type_change", "degree": 2, "link_types": "pseudo+sidewalk"}, "geometry": {"type": "Point", "coordinates": [-71.0777411, 42.4175881]}}, {"type": "Feature", "properties": {"node_id": 1909, "node_type": "type_change", "degree": 2, "link_types": "crosswalk+pseudo"}, "geometry": {"type": "Point", "coordinates": [-71.0777308, 42.417602]}}, {"type": "Feature", "properties": {"node_id": 1910, "node_type": "type_change", "degree": 2, "link_types": "midblock+sidewalk"}, "geometry": {"type": "Point", "coordinates": [-71.0790637, 42.4175922]}}, {"type": "Feature", "properties": {"node_id": 1911, "node_type": "type_change", "degree": 2, "link_types": "midblock+sidewalk"}, "geometry": {"type": "Point", "coordinates": [-71.0791794, 42.4175968]}}, {"type": "Feature", "properties": {"node_id": 1912, "node_type": "junction", "degree": 3, "link_types": "sidewalk"}, "geometry": {"type": "Point", "coordinates": [-71.0796698, 42.41752]}}, {"type": "Feature", "properties": {"node_id": 1913, "node_type": "endpoint", "degree": 1, "link_types": "sidewalk"}, "geometry": {"type": "Point", "coordinates": [-71.0777222, 42.4174869]}}, {"type": "Feature", "properties": {"node_id": 1914, "node_type": "type_change", "degree": 3, "link_types": "pseudo+sidewalk"}, "geometry": {"type": "Point", "coordinates": [-71.0810325, 42.4234425]}}, {"type": "Feature", "properties": {"node_id": 1915, "node_type": "endpoint", "degree": 1, "link_types": "sidewalk"}, "geometry": {"type": "Point", "coordinates": [-71.0789904, 42.4280017]}}, {"type": "Feature", "properties": {"node_id": 1916, "node_type": "type_change", "degree": 3, "link_types": "pseudo+sidewalk"}, "geometry": {"type": "Point", "coordinates": [-71.0789677, 42.4277269]}}, {"type": "Feature", "properties": {"node_id": 1917, "node_type": "type_change", "degree": 3, "link_types": "pseudo+sidewalk"}, "geometry": {"type": "Point", "coordinates": [-71.0683693, 42.4267617]}}, {"type": "Feature", "properties": {"node_id": 1918, "node_type": "type_change", "degree": 3, "link_types": "pseudo+sidewalk"}, "geometry": {"type": "Point", "coordinates": [-71.0683683, 42.4267617]}}, {"type": "Feature", "properties": {"node_id": 1919, "node_type": "junction", "degree": 3, "link_types": "sidewalk"}, "geometry": {"type": "Point", "coordinates": [-71.0710462, 42.4237127]}}, {"type": "Feature", "properties": {"node_id": 1920, "node_type": "type_change", "degree": 2, "link_types": "midblock+sidewalk"}, "geometry": {"type": "Point", "coordinates": [-71.0710245, 42.4236448]}}, {"type": "Feature", "properties": {"node_id": 1921, "node_type": "type_change", "degree": 2, "link_types": "midblock+sidewalk"}, "geometry": {"type": "Point", "coordinates": [-71.0709691, 42.4236364]}}, {"type": "Feature", "properties": {"node_id": 1922, "node_type": "endpoint", "degree": 1, "link_types": "sidewalk"}, "geometry": {"type": "Point", "coordinates": [-71.0709047, 42.4236108]}}, {"type": "Feature", "properties": {"node_id": 1923, "node_type": "endpoint", "degree": 1, "link_types": "crosswalk"}, "geometry": {"type": "Point", "coordinates": [-71.0754193, 42.4218952]}}, {"type": "Feature", "properties": {"node_id": 1924, "node_type": "type_change", "degree": 2, "link_types": "crosswalk+pseudo"}, "geometry": {"type": "Point", "coordinates": [-71.0754144, 42.4218924]}}, {"type": "Feature", "properties": {"node_id": 1925, "node_type": "type_change", "degree": 2, "link_types": "crosswalk+pseudo"}, "geometry": {"type": "Point", "coordinates": [-71.0754134, 42.4218924]}}, {"type": "Feature", "properties": {"node_id": 1926, "node_type": "type_change", "degree": 2, "link_types": "crosswalk+pseudo"}, "geometry": {"type": "Point", "coordinates": [-71.0754124, 42.4218917]}}, {"type": "Feature", "properties": {"node_id": 1927, "node_type": "type_change", "degree": 2, "link_types": "crosswalk+pseudo"}, "geometry": {"type": "Point", "coordinates": [-71.0754105, 42.421891]}}, {"type": "Feature", "properties": {"node_id": 1928, "node_type": "type_change", "degree": 2, "link_types": "crosswalk+pseudo"}, "geometry": {"type": "Point", "coordinates": [-71.0754095, 42.4218903]}}, {"type": "Feature", "properties": {"node_id": 1929, "node_type": "type_change", "degree": 2, "link_types": "crosswalk+pseudo"}, "geometry": {"type": "Point", "coordinates": [-71.0754075, 42.4218896]}}, {"type": "Feature", "properties": {"node_id": 1930, "node_type": "type_change", "degree": 2, "link_types": "crosswalk+pseudo"}, "geometry": {"type": "Point", "coordinates": [-71.0754065, 42.4218889]}}, {"type": "Feature", "properties": {"node_id": 1931, "node_type": "junction", "degree": 3, "link_types": "pseudo"}, "geometry": {"type": "Point", "coordinates": [-71.0754055, 42.4218882]}}, {"type": "Feature", "properties": {"node_id": 1932, "node_type": "junction", "degree": 3, "link_types": "sidewalk"}, "geometry": {"type": "Point", "coordinates": [-71.0788639, 42.4282345]}}, {"type": "Feature", "properties": {"node_id": 1933, "node_type": "junction", "degree": 3, "link_types": "sidewalk"}, "geometry": {"type": "Point", "coordinates": [-71.078863, 42.4282353]}}, {"type": "Feature", "properties": {"node_id": 1934, "node_type": "junction", "degree": 3, "link_types": "sidewalk"}, "geometry": {"type": "Point", "coordinates": [-71.078863, 42.4282346]}}, {"type": "Feature", "properties": {"node_id": 1935, "node_type": "type_change", "degree": 2, "link_types": "midblock+sidewalk"}, "geometry": {"type": "Point", "coordinates": [-71.073839, 42.4269366]}}, {"type": "Feature", "properties": {"node_id": 1936, "node_type": "type_change", "degree": 2, "link_types": "midblock+sidewalk"}, "geometry": {"type": "Point", "coordinates": [-71.0737381, 42.4269637]}}, {"type": "Feature", "properties": {"node_id": 1937, "node_type": "endpoint", "degree": 1, "link_types": "sidewalk"}, "geometry": {"type": "Point", "coordinates": [-71.0736333, 42.4270044]}}, {"type": "Feature", "properties": {"node_id": 1938, "node_type": "endpoint", "degree": 1, "link_types": "sidewalk"}, "geometry": {"type": "Point", "coordinates": [-71.0714791, 42.4263165]}}, {"type": "Feature", "properties": {"node_id": 1939, "node_type": "type_change", "degree": 3, "link_types": "pseudo+sidewalk"}, "geometry": {"type": "Point", "coordinates": [-71.0714125, 42.4263328]}}, {"type": "Feature", "properties": {"node_id": 1940, "node_type": "endpoint", "degree": 1, "link_types": "sidewalk"}, "geometry": {"type": "Point", "coordinates": [-71.0718547, 42.4264149]}}, {"type": "Feature", "properties": {"node_id": 1941, "node_type": "junction", "degree": 3, "link_types": "sidewalk"}, "geometry": {"type": "Point", "coordinates": [-71.0719462, 42.4264471]}}, {"type": "Feature", "properties": {"node_id": 1942, "node_type": "junction", "degree": 3, "link_types": "pseudo"}, "geometry": {"type": "Point", "coordinates": [-71.0697674, 42.4269627]}}, {"type": "Feature", "properties": {"node_id": 1943, "node_type": "type_change", "degree": 2, "link_types": "crosswalk+pseudo"}, "geometry": {"type": "Point", "coordinates": [-71.0697641, 42.42698]}}, {"type": "Feature", "properties": {"node_id": 1944, "node_type": "type_change", "degree": 2, "link_types": "crosswalk+pseudo"}, "geometry": {"type": "Point", "coordinates": [-71.0697559, 42.4270565]}}, {"type": "Feature", "properties": {"node_id": 1945, "node_type": "type_change", "degree": 3, "link_types": "pseudo+sidewalk"}, "geometry": {"type": "Point", "coordinates": [-71.0697275, 42.4270498]}}, {"type": "Feature", "properties": {"node_id": 1946, "node_type": "type_change", "degree": 3, "link_types": "pseudo+sidewalk"}, "geometry": {"type": "Point", "coordinates": [-71.0697684, 42.4269619]}}, {"type": "Feature", "properties": {"node_id": 1947, "node_type": "type_change", "degree": 3, "link_types": "pseudo+sidewalk"}, "geometry": {"type": "Point", "coordinates": [-71.0697674, 42.4269619]}}, {"type": "Feature", "properties": {"node_id": 1948, "node_type": "endpoint", "degree": 1, "link_types": "sidewalk"}, "geometry": {"type": "Point", "coordinates": [-71.0705639, 42.4182202]}}, {"type": "Feature", "properties": {"node_id": 1949, "node_type": "endpoint", "degree": 1, "link_types": "sidewalk"}, "geometry": {"type": "Point", "coordinates": [-71.0739043, 42.4270831]}}, {"type": "Feature", "properties": {"node_id": 1950, "node_type": "endpoint", "degree": 1, "link_types": "sidewalk"}, "geometry": {"type": "Point", "coordinates": [-71.0671703, 42.426792]}}, {"type": "Feature", "properties": {"node_id": 1951, "node_type": "type_change", "degree": 2, "link_types": "midblock+sidewalk"}, "geometry": {"type": "Point", "coordinates": [-71.0723216, 42.4286298]}}, {"type": "Feature", "properties": {"node_id": 1952, "node_type": "type_change", "degree": 2, "link_types": "midblock+sidewalk"}, "geometry": {"type": "Point", "coordinates": [-71.0723385, 42.4287021]}}, {"type": "Feature", "properties": {"node_id": 1953, "node_type": "endpoint", "degree": 1, "link_types": "sidewalk"}, "geometry": {"type": "Point", "coordinates": [-71.0723521, 42.428761]}}, {"type": "Feature", "properties": {"node_id": 1954, "node_type": "endpoint", "degree": 1, "link_types": "sidewalk"}, "geometry": {"type": "Point", "coordinates": [-71.0673496, 42.4253551]}}, {"type": "Feature", "properties": {"node_id": 1955, "node_type": "type_change", "degree": 2, "link_types": "pseudo+sidewalk"}, "geometry": {"type": "Point", "coordinates": [-71.0675464, 42.4253955]}}, {"type": "Feature", "properties": {"node_id": 1956, "node_type": "type_change", "degree": 2, "link_types": "crosswalk+pseudo"}, "geometry": {"type": "Point", "coordinates": [-71.0675567, 42.4253845]}}, {"type": "Feature", "properties": {"node_id": 1957, "node_type": "type_change", "degree": 2, "link_types": "crosswalk+pseudo"}, "geometry": {"type": "Point", "coordinates": [-71.0675957, 42.4251215]}}, {"type": "Feature", "properties": {"node_id": 1958, "node_type": "junction", "degree": 3, "link_types": "sidewalk"}, "geometry": {"type": "Point", "coordinates": [-71.0845135, 42.4195926]}}, {"type": "Feature", "properties": {"node_id": 1959, "node_type": "type_change", "degree": 3, "link_types": "pseudo+sidewalk"}, "geometry": {"type": "Point", "coordinates": [-71.0843736, 42.419598]}}, {"type": "Feature", "properties": {"node_id": 1960, "node_type": "endpoint", "degree": 1, "link_types": "sidewalk"}, "geometry": {"type": "Point", "coordinates": [-71.0845172, 42.4195889]}}, {"type": "Feature", "properties": {"node_id": 1961, "node_type": "type_change", "degree": 2, "link_types": "pseudo+sidewalk"}, "geometry": {"type": "Point", "coordinates": [-71.0845125, 42.4195919]}}, {"type": "Feature", "properties": {"node_id": 1962, "node_type": "type_change", "degree": 2, "link_types": "crosswalk+pseudo"}, "geometry": {"type": "Point", "coordinates": [-71.0845015, 42.4195841]}}, {"type": "Feature", "properties": {"node_id": 1963, "node_type": "endpoint", "degree": 1, "link_types": "crosswalk"}, "geometry": {"type": "Point", "coordinates": [-71.0844991, 42.4195107]}}, {"type": "Feature", "properties": {"node_id": 1964, "node_type": "junction", "degree": 3, "link_types": "sidewalk"}, "geometry": {"type": "Point", "coordinates": [-71.0835558, 42.4245284]}}, {"type": "Feature", "properties": {"node_id": 1965, "node_type": "type_change", "degree": 2, "link_types": "midblock+sidewalk"}, "geometry": {"type": "Point", "coordinates": [-71.0836506, 42.4246076]}}, {"type": "Feature", "properties": {"node_id": 1966, "node_type": "type_change", "degree": 2, "link_types": "midblock+sidewalk"}, "geometry": {"type": "Point", "coordinates": [-71.0836829, 42.4246345]}}, {"type": "Feature", "properties": {"node_id": 1967, "node_type": "type_change", "degree": 2, "link_types": "midblock+sidewalk"}, "geometry": {"type": "Point", "coordinates": [-71.0838653, 42.4247868]}}, {"type": "Feature", "properties": {"node_id": 1968, "node_type": "type_change", "degree": 2, "link_types": "midblock+sidewalk"}, "geometry": {"type": "Point", "coordinates": [-71.0839321, 42.4248485]}}, {"type": "Feature", "properties": {"node_id": 1969, "node_type": "type_change", "degree": 2, "link_types": "midblock+sidewalk"}, "geometry": {"type": "Point", "coordinates": [-71.0841918, 42.4251186]}}, {"type": "Feature", "properties": {"node_id": 1970, "node_type": "type_change", "degree": 2, "link_types": "midblock+sidewalk"}, "geometry": {"type": "Point", "coordinates": [-71.0842074, 42.4251359]}}, {"type": "Feature", "properties": {"node_id": 1971, "node_type": "endpoint", "degree": 1, "link_types": "sidewalk"}, "geometry": {"type": "Point", "coordinates": [-71.0842505, 42.4251836]}}, {"type": "Feature", "properties": {"node_id": 1972, "node_type": "junction", "degree": 3, "link_types": "sidewalk"}, "geometry": {"type": "Point", "coordinates": [-71.0834883, 42.4245159]}}, {"type": "Feature", "properties": {"node_id": 1973, "node_type": "type_change", "degree": 2, "link_types": "pseudo+sidewalk"}, "geometry": {"type": "Point", "coordinates": [-71.0835568, 42.4245277]}}, {"type": "Feature", "properties": {"node_id": 1974, "node_type": "type_change", "degree": 2, "link_types": "crosswalk+pseudo"}, "geometry": {"type": "Point", "coordinates": [-71.0835651, 42.4245146]}}, {"type": "Feature", "properties": {"node_id": 1975, "node_type": "type_change", "degree": 2, "link_types": "crosswalk+pseudo"}, "geometry": {"type": "Point", "coordinates": [-71.083483, 42.4245002]}}, {"type": "Feature", "properties": {"node_id": 1976, "node_type": "type_change", "degree": 3, "link_types": "pseudo+sidewalk"}, "geometry": {"type": "Point", "coordinates": [-71.0834873, 42.4245152]}}, {"type": "Feature", "properties": {"node_id": 1977, "node_type": "junction", "degree": 3, "link_types": "sidewalk"}, "geometry": {"type": "Point", "coordinates": [-71.0683652, 42.4169105]}}, {"type": "Feature", "properties": {"node_id": 1978, "node_type": "type_change", "degree": 3, "link_types": "pseudo+sidewalk"}, "geometry": {"type": "Point", "coordinates": [-71.0683662, 42.4169112]}}, {"type": "Feature", "properties": {"node_id": 1979, "node_type": "type_change", "degree": 3, "link_types": "pseudo+sidewalk"}, "geometry": {"type": "Point", "coordinates": [-71.0683662, 42.4169105]}}, {"type": "Feature", "properties": {"node_id": 1980, "node_type": "endpoint", "degree": 1, "link_types": "sidewalk"}, "geometry": {"type": "Point", "coordinates": [-71.076305, 42.4260714]}}, {"type": "Feature", "properties": {"node_id": 1981, "node_type": "endpoint", "degree": 1, "link_types": "sidewalk"}, "geometry": {"type": "Point", "coordinates": [-71.0737371, 42.4274082]}}, {"type": "Feature", "properties": {"node_id": 1982, "node_type": "junction", "degree": 3, "link_types": "sidewalk"}, "geometry": {"type": "Point", "coordinates": [-71.0735098, 42.4274757]}}, {"type": "Feature", "properties": {"node_id": 1983, "node_type": "endpoint", "degree": 1, "link_types": "midblock"}, "geometry": {"type": "Point", "coordinates": [-71.0742004, 42.4245894]}}, {"type": "Feature", "properties": {"node_id": 1984, "node_type": "type_change", "degree": 2, "link_types": "midblock+sidewalk"}, "geometry": {"type": "Point", "coordinates": [-71.0742054, 42.4245675]}}, {"type": "Feature", "properties": {"node_id": 1985, "node_type": "type_change", "degree": 2, "link_types": "midblock+sidewalk"}, "geometry": {"type": "Point", "coordinates": [-71.0742398, 42.4244775]}}, {"type": "Feature", "properties": {"node_id": 1986, "node_type": "type_change", "degree": 2, "link_types": "midblock+sidewalk"}, "geometry": {"type": "Point", "coordinates": [-71.0742437, 42.4244679]}}, {"type": "Feature", "properties": {"node_id": 1987, "node_type": "type_change", "degree": 2, "link_types": "midblock+sidewalk"}, "geometry": {"type": "Point", "coordinates": [-71.0744091, 42.4240522]}}, {"type": "Feature", "properties": {"node_id": 1988, "node_type": "type_change", "degree": 2, "link_types": "midblock+sidewalk"}, "geometry": {"type": "Point", "coordinates": [-71.0744528, 42.4239433]}}, {"type": "Feature", "properties": {"node_id": 1989, "node_type": "endpoint", "degree": 1, "link_types": "sidewalk"}, "geometry": {"type": "Point", "coordinates": [-71.073928, 42.4232881]}}, {"type": "Feature", "properties": {"node_id": 1990, "node_type": "endpoint", "degree": 1, "link_types": "sidewalk"}, "geometry": {"type": "Point", "coordinates": [-71.0729635, 42.4178346]}}, {"type": "Feature", "properties": {"node_id": 1991, "node_type": "type_change", "degree": 2, "link_types": "midblock+sidewalk"}, "geometry": {"type": "Point", "coordinates": [-71.0728328, 42.4178511]}}, {"type": "Feature", "properties": {"node_id": 1992, "node_type": "type_change", "degree": 2, "link_types": "midblock+sidewalk"}, "geometry": {"type": "Point", "coordinates": [-71.0727882, 42.4178586]}}, {"type": "Feature", "properties": {"node_id": 1993, "node_type": "type_change", "degree": 3, "link_types": "pseudo+sidewalk"}, "geometry": {"type": "Point", "coordinates": [-71.0722555, 42.4179483]}}, {"type": "Feature", "properties": {"node_id": 1994, "node_type": "type_change", "degree": 2, "link_types": "crosswalk+pseudo"}, "geometry": {"type": "Point", "coordinates": [-71.0787713, 42.4276664]}}, {"type": "Feature", "properties": {"node_id": 1995, "node_type": "type_change", "degree": 2, "link_types": "crosswalk+pseudo"}, "geometry": {"type": "Point", "coordinates": [-71.0787901, 42.4275587]}}, {"type": "Feature", "properties": {"node_id": 1996, "node_type": "endpoint", "degree": 1, "link_types": "sidewalk"}, "geometry": {"type": "Point", "coordinates": [-71.0809426, 42.428601]}}, {"type": "Feature", "properties": {"node_id": 1997, "node_type": "type_change", "degree": 2, "link_types": "midblock+sidewalk"}, "geometry": {"type": "Point", "coordinates": [-71.0810227, 42.4285886]}}, {"type": "Feature", "properties": {"node_id": 1998, "node_type": "type_change", "degree": 2, "link_types": "midblock+sidewalk"}, "geometry": {"type": "Point", "coordinates": [-71.0810469, 42.4285868]}}, {"type": "Feature", "properties": {"node_id": 1999, "node_type": "type_change", "degree": 2, "link_types": "crosswalk+pseudo"}, "geometry": {"type": "Point", "coordinates": [-71.0720233, 42.4235618]}}, {"type": "Feature", "properties": {"node_id": 2000, "node_type": "type_change", "degree": 2, "link_types": "crosswalk+pseudo"}, "geometry": {"type": "Point", "coordinates": [-71.0720243, 42.4234162]}}, {"type": "Feature", "properties": {"node_id": 2001, "node_type": "type_change", "degree": 3, "link_types": "pseudo+sidewalk"}, "geometry": {"type": "Point", "coordinates": [-71.0720114, 42.4234078]}}, {"type": "Feature", "properties": {"node_id": 2002, "node_type": "endpoint", "degree": 1, "link_types": "sidewalk"}, "geometry": {"type": "Point", "coordinates": [-71.0739466, 42.4272437]}}, {"type": "Feature", "properties": {"node_id": 2003, "node_type": "type_change", "degree": 3, "link_types": "pseudo+sidewalk"}, "geometry": {"type": "Point", "coordinates": [-71.0706135, 42.4168022]}}, {"type": "Feature", "properties": {"node_id": 2004, "node_type": "endpoint", "degree": 1, "link_types": "sidewalk"}, "geometry": {"type": "Point", "coordinates": [-71.0755373, 42.4216085]}}, {"type": "Feature", "properties": {"node_id": 2005, "node_type": "endpoint", "degree": 1, "link_types": "sidewalk"}, "geometry": {"type": "Point", "coordinates": [-71.075584, 42.4216393]}}, {"type": "Feature", "properties": {"node_id": 2006, "node_type": "endpoint", "degree": 1, "link_types": "sidewalk"}, "geometry": {"type": "Point", "coordinates": [-71.0707563, 42.4167391]}}, {"type": "Feature", "properties": {"node_id": 2007, "node_type": "type_change", "degree": 3, "link_types": "pseudo+sidewalk"}, "geometry": {"type": "Point", "coordinates": [-71.0689583, 42.4167608]}}, {"type": "Feature", "properties": {"node_id": 2008, "node_type": "type_change", "degree": 3, "link_types": "pseudo+sidewalk"}, "geometry": {"type": "Point", "coordinates": [-71.0689582, 42.41676]}}, {"type": "Feature", "properties": {"node_id": 2009, "node_type": "endpoint", "degree": 1, "link_types": "sidewalk"}, "geometry": {"type": "Point", "coordinates": [-71.07838, 42.4225951]}}, {"type": "Feature", "properties": {"node_id": 2010, "node_type": "endpoint", "degree": 1, "link_types": "sidewalk"}, "geometry": {"type": "Point", "coordinates": [-71.077721, 42.4225458]}}, {"type": "Feature", "properties": {"node_id": 2011, "node_type": "endpoint", "degree": 1, "link_types": "sidewalk"}, "geometry": {"type": "Point", "coordinates": [-71.0685239, 42.425166]}}, {"type": "Feature", "properties": {"node_id": 2012, "node_type": "type_change", "degree": 3, "link_types": "pseudo+sidewalk"}, "geometry": {"type": "Point", "coordinates": [-71.0685426, 42.4251729]}}, {"type": "Feature", "properties": {"node_id": 2013, "node_type": "junction", "degree": 3, "link_types": "pseudo"}, "geometry": {"type": "Point", "coordinates": [-71.0720073, 42.417911]}}, {"type": "Feature", "properties": {"node_id": 2014, "node_type": "type_change", "degree": 2, "link_types": "crosswalk+pseudo"}, "geometry": {"type": "Point", "coordinates": [-71.0720209, 42.41791]}}, {"type": "Feature", "properties": {"node_id": 2015, "node_type": "type_change", "degree": 2, "link_types": "crosswalk+pseudo"}, "geometry": {"type": "Point", "coordinates": [-71.0722184, 42.4179432]}}, {"type": "Feature", "properties": {"node_id": 2016, "node_type": "type_change", "degree": 2, "link_types": "pseudo+sidewalk"}, "geometry": {"type": "Point", "coordinates": [-71.0722351, 42.4179486]}}, {"type": "Feature", "properties": {"node_id": 2017, "node_type": "junction", "degree": 3, "link_types": "sidewalk"}, "geometry": {"type": "Point", "coordinates": [-71.0722546, 42.4179483]}}, {"type": "Feature", "properties": {"node_id": 2018, "node_type": "type_change", "degree": 3, "link_types": "pseudo+sidewalk"}, "geometry": {"type": "Point", "coordinates": [-71.0720064, 42.417911]}}, {"type": "Feature", "properties": {"node_id": 2019, "node_type": "type_change", "degree": 2, "link_types": "pseudo+sidewalk"}, "geometry": {"type": "Point", "coordinates": [-71.076288, 42.4262366]}}, {"type": "Feature", "properties": {"node_id": 2020, "node_type": "endpoint", "degree": 1, "link_types": "sidewalk"}, "geometry": {"type": "Point", "coordinates": [-71.076263, 42.4263603]}}, {"type": "Feature", "properties": {"node_id": 2021, "node_type": "type_change", "degree": 2, "link_types": "crosswalk+pseudo"}, "geometry": {"type": "Point", "coordinates": [-71.076255, 42.4262365]}}, {"type": "Feature", "properties": {"node_id": 2022, "node_type": "endpoint", "degree": 1, "link_types": "crosswalk"}, "geometry": {"type": "Point", "coordinates": [-71.0761479, 42.4262341]}}, {"type": "Feature", "properties": {"node_id": 2023, "node_type": "endpoint", "degree": 1, "link_types": "crosswalk"}, "geometry": {"type": "Point", "coordinates": [-71.0795197, 42.4159205]}}, {"type": "Feature", "properties": {"node_id": 2024, "node_type": "endpoint", "degree": 1, "link_types": "crosswalk"}, "geometry": {"type": "Point", "coordinates": [-71.0797641, 42.4159031]}}, {"type": "Feature", "properties": {"node_id": 2025, "node_type": "junction", "degree": 3, "link_types": "sidewalk"}, "geometry": {"type": "Point", "coordinates": [-71.071302, 42.4284392]}}, {"type": "Feature", "properties": {"node_id": 2026, "node_type": "type_change", "degree": 2, "link_types": "pseudo+sidewalk"}, "geometry": {"type": "Point", "coordinates": [-71.071301, 42.4284399]}}, {"type": "Feature", "properties": {"node_id": 2027, "node_type": "type_change", "degree": 2, "link_types": "crosswalk+pseudo"}, "geometry": {"type": "Point", "coordinates": [-71.0712927, 42.4284531]}}, {"type": "Feature", "properties": {"node_id": 2028, "node_type": "type_change", "degree": 2, "link_types": "crosswalk+pseudo"}, "geometry": {"type": "Point", "coordinates": [-71.0711906, 42.4284542]}}, {"type": "Feature", "properties": {"node_id": 2029, "node_type": "type_change", "degree": 3, "link_types": "pseudo+sidewalk"}, "geometry": {"type": "Point", "coordinates": [-71.0711649, 42.4284395]}}, {"type": "Feature", "properties": {"node_id": 2030, "node_type": "endpoint", "degree": 1, "link_types": "sidewalk"}, "geometry": {"type": "Point", "coordinates": [-71.0715057, 42.428424]}}, {"type": "Feature", "properties": {"node_id": 2031, "node_type": "type_change", "degree": 2, "link_types": "crosswalk+pseudo"}, "geometry": {"type": "Point", "coordinates": [-71.0738143, 42.4272439]}}, {"type": "Feature", "properties": {"node_id": 2032, "node_type": "type_change", "degree": 2, "link_types": "crosswalk+pseudo"}, "geometry": {"type": "Point", "coordinates": [-71.0737726, 42.4272483]}}, {"type": "Feature", "properties": {"node_id": 2033, "node_type": "type_change", "degree": 3, "link_types": "pseudo+sidewalk"}, "geometry": {"type": "Point", "coordinates": [-71.0737722, 42.4272339]}}, {"type": "Feature", "properties": {"node_id": 2034, "node_type": "type_change", "degree": 2, "link_types": "pseudo+sidewalk"}, "geometry": {"type": "Point", "coordinates": [-71.0738139, 42.4272317]}}, {"type": "Feature", "properties": {"node_id": 2035, "node_type": "endpoint", "degree": 1, "link_types": "crosswalk"}, "geometry": {"type": "Point", "coordinates": [-71.079908, 42.4185783]}}, {"type": "Feature", "properties": {"node_id": 2036, "node_type": "endpoint", "degree": 1, "link_types": "crosswalk"}, "geometry": {"type": "Point", "coordinates": [-71.0798669, 42.4185697]}}, {"type": "Feature", "properties": {"node_id": 2037, "node_type": "junction", "degree": 3, "link_types": "sidewalk"}, "geometry": {"type": "Point", "coordinates": [-71.070601, 42.426377]}}, {"type": "Feature", "properties": {"node_id": 2038, "node_type": "endpoint", "degree": 1, "link_types": "sidewalk"}, "geometry": {"type": "Point", "coordinates": [-71.0706234, 42.4264076]}}, {"type": "Feature", "properties": {"node_id": 2039, "node_type": "type_change", "degree": 3, "link_types": "midblock+sidewalk"}, "geometry": {"type": "Point", "coordinates": [-71.0704628, 42.4263745]}}, {"type": "Feature", "properties": {"node_id": 2040, "node_type": "junction", "degree": 3, "link_types": "sidewalk"}, "geometry": {"type": "Point", "coordinates": [-71.0706516, 42.4263783]}}, {"type": "Feature", "properties": {"node_id": 2041, "node_type": "junction", "degree": 3, "link_types": "sidewalk"}, "geometry": {"type": "Point", "coordinates": [-71.0706336, 42.427161]}}, {"type": "Feature", "properties": {"node_id": 2042, "node_type": "type_change", "degree": 3, "link_types": "pseudo+sidewalk"}, "geometry": {"type": "Point", "coordinates": [-71.0706327, 42.4271617]}}, {"type": "Feature", "properties": {"node_id": 2043, "node_type": "type_change", "degree": 3, "link_types": "pseudo+sidewalk"}, "geometry": {"type": "Point", "coordinates": [-71.0706552, 42.4271664]}}, {"type": "Feature", "properties": {"node_id": 2044, "node_type": "junction", "degree": 3, "link_types": "sidewalk"}, "geometry": {"type": "Point", "coordinates": [-71.0715597, 42.4255766]}}, {"type": "Feature", "properties": {"node_id": 2045, "node_type": "endpoint", "degree": 1, "link_types": "sidewalk"}, "geometry": {"type": "Point", "coordinates": [-71.0715268, 42.4255801]}}, {"type": "Feature", "properties": {"node_id": 2046, "node_type": "junction", "degree": 3, "link_types": "sidewalk"}, "geometry": {"type": "Point", "coordinates": [-71.0715607, 42.4255766]}}, {"type": "Feature", "properties": {"node_id": 2047, "node_type": "type_change", "degree": 3, "link_types": "pseudo+sidewalk"}, "geometry": {"type": "Point", "coordinates": [-71.0715597, 42.4255759]}}, {"type": "Feature", "properties": {"node_id": 2048, "node_type": "endpoint", "degree": 1, "link_types": "sidewalk"}, "geometry": {"type": "Point", "coordinates": [-71.0812591, 42.4266464]}}, {"type": "Feature", "properties": {"node_id": 2049, "node_type": "junction", "degree": 3, "link_types": "pseudo"}, "geometry": {"type": "Point", "coordinates": [-71.0679932, 42.4288109]}}, {"type": "Feature", "properties": {"node_id": 2050, "node_type": "type_change", "degree": 3, "link_types": "pseudo+sidewalk"}, "geometry": {"type": "Point", "coordinates": [-71.0679942, 42.4288116]}}, {"type": "Feature", "properties": {"node_id": 2051, "node_type": "type_change", "degree": 3, "link_types": "pseudo+sidewalk"}, "geometry": {"type": "Point", "coordinates": [-71.0679942, 42.4288109]}}, {"type": "Feature", "properties": {"node_id": 2052, "node_type": "type_change", "degree": 2, "link_types": "crosswalk+pseudo"}, "geometry": {"type": "Point", "coordinates": [-71.0679766, 42.4288083]}}, {"type": "Feature", "properties": {"node_id": 2053, "node_type": "type_change", "degree": 2, "link_types": "crosswalk+pseudo"}, "geometry": {"type": "Point", "coordinates": [-71.0679747, 42.4287796]}}, {"type": "Feature", "properties": {"node_id": 2054, "node_type": "endpoint", "degree": 1, "link_types": "sidewalk"}, "geometry": {"type": "Point", "coordinates": [-71.0701862, 42.4237909]}}, {"type": "Feature", "properties": {"node_id": 2055, "node_type": "type_change", "degree": 3, "link_types": "pseudo+sidewalk"}, "geometry": {"type": "Point", "coordinates": [-71.0702963, 42.4237083]}}, {"type": "Feature", "properties": {"node_id": 2056, "node_type": "type_change", "degree": 2, "link_types": "pseudo+sidewalk"}, "geometry": {"type": "Point", "coordinates": [-71.0736399, 42.4257572]}}, {"type": "Feature", "properties": {"node_id": 2057, "node_type": "type_change", "degree": 2, "link_types": "crosswalk+pseudo"}, "geometry": {"type": "Point", "coordinates": [-71.0736493, 42.4257491]}}, {"type": "Feature", "properties": {"node_id": 2058, "node_type": "type_change", "degree": 2, "link_types": "crosswalk+pseudo"}, "geometry": {"type": "Point", "coordinates": [-71.0736914, 42.4256382]}}, {"type": "Feature", "properties": {"node_id": 2059, "node_type": "endpoint", "degree": 1, "link_types": "sidewalk"}, "geometry": {"type": "Point", "coordinates": [-71.0736178, 42.425736]}}, {"type": "Feature", "properties": {"node_id": 2060, "node_type": "endpoint", "degree": 1, "link_types": "sidewalk"}, "geometry": {"type": "Point", "coordinates": [-71.074613, 42.4271632]}}, {"type": "Feature", "properties": {"node_id": 2061, "node_type": "junction", "degree": 3, "link_types": "pseudo"}, "geometry": {"type": "Point", "coordinates": [-71.077147, 42.4272182]}}, {"type": "Feature", "properties": {"node_id": 2062, "node_type": "type_change", "degree": 2, "link_types": "crosswalk+pseudo"}, "geometry": {"type": "Point", "coordinates": [-71.0771676, 42.4272228]}}, {"type": "Feature", "properties": {"node_id": 2063, "node_type": "type_change", "degree": 2, "link_types": "crosswalk+pseudo"}, "geometry": {"type": "Point", "coordinates": [-71.0772038, 42.4271415]}}, {"type": "Feature", "properties": {"node_id": 2064, "node_type": "endpoint", "degree": 1, "link_types": "pseudo"}, "geometry": {"type": "Point", "coordinates": [-71.0772198, 42.4271549]}}, {"type": "Feature", "properties": {"node_id": 2065, "node_type": "type_change", "degree": 3, "link_types": "pseudo+sidewalk"}, "geometry": {"type": "Point", "coordinates": [-71.0771461, 42.4272182]}}, {"type": "Feature", "properties": {"node_id": 2066, "node_type": "type_change", "degree": 3, "link_types": "pseudo+sidewalk"}, "geometry": {"type": "Point", "coordinates": [-71.077146, 42.4272175]}}, {"type": "Feature", "properties": {"node_id": 2067, "node_type": "junction", "degree": 3, "link_types": "sidewalk"}, "geometry": {"type": "Point", "coordinates": [-71.0705089, 42.4270653]}}, {"type": "Feature", "properties": {"node_id": 2068, "node_type": "junction", "degree": 3, "link_types": "sidewalk"}, "geometry": {"type": "Point", "coordinates": [-71.070594, 42.4270493]}}, {"type": "Feature", "properties": {"node_id": 2069, "node_type": "endpoint", "degree": 1, "link_types": "sidewalk"}, "geometry": {"type": "Point", "coordinates": [-71.0767973, 42.422693]}}, {"type": "Feature", "properties": {"node_id": 2070, "node_type": "junction", "degree": 3, "link_types": "pseudo"}, "geometry": {"type": "Point", "coordinates": [-71.0794432, 42.4233135]}}, {"type": "Feature", "properties": {"node_id": 2071, "node_type": "type_change", "degree": 2, "link_types": "pseudo+sidewalk"}, "geometry": {"type": "Point", "coordinates": [-71.0794442, 42.4233142]}}, {"type": "Feature", "properties": {"node_id": 2072, "node_type": "type_change", "degree": 2, "link_types": "crosswalk+pseudo"}, "geometry": {"type": "Point", "coordinates": [-71.0794296, 42.4233138]}}, {"type": "Feature", "properties": {"node_id": 2073, "node_type": "type_change", "degree": 2, "link_types": "crosswalk+pseudo"}, "geometry": {"type": "Point", "coordinates": [-71.0793361, 42.423309]}}, {"type": "Feature", "properties": {"node_id": 2074, "node_type": "type_change", "degree": 3, "link_types": "pseudo+sidewalk"}, "geometry": {"type": "Point", "coordinates": [-71.0793235, 42.4233092]}}, {"type": "Feature", "properties": {"node_id": 2075, "node_type": "type_change", "degree": 2, "link_types": "pseudo+sidewalk"}, "geometry": {"type": "Point", "coordinates": [-71.0794442, 42.4233128]}}, {"type": "Feature", "properties": {"node_id": 2076, "node_type": "endpoint", "degree": 1, "link_types": "sidewalk"}, "geometry": {"type": "Point", "coordinates": [-71.0798184, 42.4203083]}}, {"type": "Feature", "properties": {"node_id": 2077, "node_type": "type_change", "degree": 3, "link_types": "pseudo+sidewalk"}, "geometry": {"type": "Point", "coordinates": [-71.0797854, 42.4203117]}}, {"type": "Feature", "properties": {"node_id": 2078, "node_type": "junction", "degree": 3, "link_types": "sidewalk"}, "geometry": {"type": "Point", "coordinates": [-71.0708818, 42.4281428]}}, {"type": "Feature", "properties": {"node_id": 2079, "node_type": "endpoint", "degree": 1, "link_types": "sidewalk"}, "geometry": {"type": "Point", "coordinates": [-71.0761914, 42.4268731]}}, {"type": "Feature", "properties": {"node_id": 2080, "node_type": "type_change", "degree": 3, "link_types": "pseudo+sidewalk"}, "geometry": {"type": "Point", "coordinates": [-71.0761966, 42.4268831]}}, {"type": "Feature", "properties": {"node_id": 2081, "node_type": "junction", "degree": 3, "link_types": "sidewalk"}, "geometry": {"type": "Point", "coordinates": [-71.0693099, 42.4160405]}}, {"type": "Feature", "properties": {"node_id": 2082, "node_type": "type_change", "degree": 2, "link_types": "pseudo+sidewalk"}, "geometry": {"type": "Point", "coordinates": [-71.0692945, 42.4160458]}}, {"type": "Feature", "properties": {"node_id": 2083, "node_type": "type_change", "degree": 2, "link_types": "crosswalk+pseudo"}, "geometry": {"type": "Point", "coordinates": [-71.0692885, 42.4160416]}}, {"type": "Feature", "properties": {"node_id": 2084, "node_type": "junction", "degree": 3, "link_types": "crosswalk"}, "geometry": {"type": "Point", "coordinates": [-71.0693249, 42.4160251]}}, {"type": "Feature", "properties": {"node_id": 2085, "node_type": "junction", "degree": 3, "link_types": "pseudo"}, "geometry": {"type": "Point", "coordinates": [-71.0799392, 42.4192269]}}, {"type": "Feature", "properties": {"node_id": 2086, "node_type": "type_change", "degree": 2, "link_types": "crosswalk+pseudo"}, "geometry": {"type": "Point", "coordinates": [-71.0799372, 42.4192269]}}, {"type": "Feature", "properties": {"node_id": 2087, "node_type": "type_change", "degree": 3, "link_types": "crosswalk+pseudo"}, "geometry": {"type": "Point", "coordinates": [-71.0799382, 42.4192262]}}, {"type": "Feature", "properties": {"node_id": 2088, "node_type": "junction", "degree": 3, "link_types": "pseudo"}, "geometry": {"type": "Point", "coordinates": [-71.0799614, 42.4192221]}}, {"type": "Feature", "properties": {"node_id": 2089, "node_type": "endpoint", "degree": 1, "link_types": "sidewalk"}, "geometry": {"type": "Point", "coordinates": [-71.0807813, 42.42505]}}, {"type": "Feature", "properties": {"node_id": 2090, "node_type": "endpoint", "degree": 1, "link_types": "sidewalk"}, "geometry": {"type": "Point", "coordinates": [-71.0807822, 42.4250781]}}, {"type": "Feature", "properties": {"node_id": 2091, "node_type": "junction", "degree": 3, "link_types": "sidewalk"}, "geometry": {"type": "Point", "coordinates": [-71.0803949, 42.4233337]}}, {"type": "Feature", "properties": {"node_id": 2092, "node_type": "type_change", "degree": 3, "link_types": "pseudo+sidewalk"}, "geometry": {"type": "Point", "coordinates": [-71.0803959, 42.4233344]}}, {"type": "Feature", "properties": {"node_id": 2093, "node_type": "type_change", "degree": 3, "link_types": "pseudo+sidewalk"}, "geometry": {"type": "Point", "coordinates": [-71.0803949, 42.4233344]}}, {"type": "Feature", "properties": {"node_id": 2094, "node_type": "endpoint", "degree": 1, "link_types": "sidewalk"}, "geometry": {"type": "Point", "coordinates": [-71.0803986, 42.4233279]}}, {"type": "Feature", "properties": {"node_id": 2095, "node_type": "endpoint", "degree": 1, "link_types": "sidewalk"}, "geometry": {"type": "Point", "coordinates": [-71.0693763, 42.4286714]}}, {"type": "Feature", "properties": {"node_id": 2096, "node_type": "type_change", "degree": 2, "link_types": "pseudo+sidewalk"}, "geometry": {"type": "Point", "coordinates": [-71.0693773, 42.4286714]}}, {"type": "Feature", "properties": {"node_id": 2097, "node_type": "type_change", "degree": 3, "link_types": "crosswalk+pseudo"}, "geometry": {"type": "Point", "coordinates": [-71.0693956, 42.4286653]}}, {"type": "Feature", "properties": {"node_id": 2098, "node_type": "endpoint", "degree": 1, "link_types": "sidewalk"}, "geometry": {"type": "Point", "coordinates": [-71.0707246, 42.4271176]}}, {"type": "Feature", "properties": {"node_id": 2099, "node_type": "junction", "degree": 3, "link_types": "pseudo"}, "geometry": {"type": "Point", "coordinates": [-71.0790111, 42.4177106]}}, {"type": "Feature", "properties": {"node_id": 2100, "node_type": "type_change", "degree": 2, "link_types": "pseudo+sidewalk"}, "geometry": {"type": "Point", "coordinates": [-71.079012, 42.4177113]}}, {"type": "Feature", "properties": {"node_id": 2101, "node_type": "type_change", "degree": 2, "link_types": "midblock+sidewalk"}, "geometry": {"type": "Point", "coordinates": [-71.0793364, 42.4177106]}}, {"type": "Feature", "properties": {"node_id": 2102, "node_type": "type_change", "degree": 2, "link_types": "midblock+sidewalk"}, "geometry": {"type": "Point", "coordinates": [-71.0793742, 42.4177096]}}, {"type": "Feature", "properties": {"node_id": 2103, "node_type": "junction", "degree": 3, "link_types": "sidewalk"}, "geometry": {"type": "Point", "coordinates": [-71.0797302, 42.4177293]}}, {"type": "Feature", "properties": {"node_id": 2104, "node_type": "type_change", "degree": 2, "link_types": "pseudo+sidewalk"}, "geometry": {"type": "Point", "coordinates": [-71.0790101, 42.4177114]}}, {"type": "Feature", "properties": {"node_id": 2105, "node_type": "endpoint", "degree": 1, "link_types": "sidewalk"}, "geometry": {"type": "Point", "coordinates": [-71.0789994, 42.4177115]}}, {"type": "Feature", "properties": {"node_id": 2106, "node_type": "type_change", "degree": 2, "link_types": "crosswalk+pseudo"}, "geometry": {"type": "Point", "coordinates": [-71.0790097, 42.4176991]}}, {"type": "Feature", "properties": {"node_id": 2107, "node_type": "type_change", "degree": 3, "link_types": "crosswalk+pseudo"}, "geometry": {"type": "Point", "coordinates": [-71.0789686, 42.4176898]}}, {"type": "Feature", "properties": {"node_id": 2108, "node_type": "junction", "degree": 3, "link_types": "sidewalk"}, "geometry": {"type": "Point", "coordinates": [-71.0707657, 42.4188282]}}, {"type": "Feature", "properties": {"node_id": 2109, "node_type": "endpoint", "degree": 1, "link_types": "sidewalk"}, "geometry": {"type": "Point", "coordinates": [-71.0739051, 42.427078]}}, {"type": "Feature", "properties": {"node_id": 2110, "node_type": "endpoint", "degree": 1, "link_types": "sidewalk"}, "geometry": {"type": "Point", "coordinates": [-71.0695273, 42.4193109]}}, {"type": "Feature", "properties": {"node_id": 2111, "node_type": "type_change", "degree": 2, "link_types": "pseudo+sidewalk"}, "geometry": {"type": "Point", "coordinates": [-71.0695283, 42.4193109]}}, {"type": "Feature", "properties": {"node_id": 2112, "node_type": "type_change", "degree": 2, "link_types": "crosswalk+pseudo"}, "geometry": {"type": "Point", "coordinates": [-71.0695448, 42.4193092]}}, {"type": "Feature", "properties": {"node_id": 2113, "node_type": "type_change", "degree": 2, "link_types": "crosswalk+pseudo"}, "geometry": {"type": "Point", "coordinates": [-71.0696242, 42.4193884]}}, {"type": "Feature", "properties": {"node_id": 2114, "node_type": "type_change", "degree": 2, "link_types": "crosswalk+pseudo"}, "geometry": {"type": "Point", "coordinates": [-71.0820277, 42.4209893]}}, {"type": "Feature", "properties": {"node_id": 2115, "node_type": "type_change", "degree": 3, "link_types": "pseudo+sidewalk"}, "geometry": {"type": "Point", "coordinates": [-71.082045, 42.4209825]}}, {"type": "Feature", "properties": {"node_id": 2116, "node_type": "endpoint", "degree": 1, "link_types": "crosswalk"}, "geometry": {"type": "Point", "coordinates": [-71.0819978, 42.4209654]}}, {"type": "Feature", "properties": {"node_id": 2117, "node_type": "junction", "degree": 3, "link_types": "pseudo"}, "geometry": {"type": "Point", "coordinates": [-71.072262, 42.4235769]}}, {"type": "Feature", "properties": {"node_id": 2118, "node_type": "type_change", "degree": 2, "link_types": "pseudo+sidewalk"}, "geometry": {"type": "Point", "coordinates": [-71.072263, 42.4235776]}}, {"type": "Feature", "properties": {"node_id": 2119, "node_type": "endpoint", "degree": 1, "link_types": "sidewalk"}, "geometry": {"type": "Point", "coordinates": [-71.0722928, 42.4236549]}}, {"type": "Feature", "properties": {"node_id": 2120, "node_type": "type_change", "degree": 2, "link_types": "crosswalk+pseudo"}, "geometry": {"type": "Point", "coordinates": [-71.0722514, 42.4235771]}}, {"type": "Feature", "properties": {"node_id": 2121, "node_type": "type_change", "degree": 2, "link_types": "crosswalk+pseudo"}, "geometry": {"type": "Point", "coordinates": [-71.0720821, 42.4236039]}}, {"type": "Feature", "properties": {"node_id": 2122, "node_type": "type_change", "degree": 2, "link_types": "pseudo+sidewalk"}, "geometry": {"type": "Point", "coordinates": [-71.072263, 42.4235762]}}, {"type": "Feature", "properties": {"node_id": 2123, "node_type": "type_change", "degree": 3, "link_types": "pseudo+sidewalk"}, "geometry": {"type": "Point", "coordinates": [-71.0722862, 42.4235426]}}, {"type": "Feature", "properties": {"node_id": 2124, "node_type": "type_change", "degree": 3, "link_types": "pseudo+sidewalk"}, "geometry": {"type": "Point", "coordinates": [-71.0674527, 42.4231962]}}, {"type": "Feature", "properties": {"node_id": 2125, "node_type": "junction", "degree": 3, "link_types": "crosswalk"}, "geometry": {"type": "Point", "coordinates": [-71.0821565, 42.421765]}}, {"type": "Feature", "properties": {"node_id": 2126, "node_type": "type_change", "degree": 3, "link_types": "crosswalk+sidewalk"}, "geometry": {"type": "Point", "coordinates": [-71.0821565, 42.4217658]}}, {"type": "Feature", "properties": {"node_id": 2127, "node_type": "type_change", "degree": 3, "link_types": "crosswalk+sidewalk"}, "geometry": {"type": "Point", "coordinates": [-71.0821555, 42.4217658]}}, {"type": "Feature", "properties": {"node_id": 2128, "node_type": "type_change", "degree": 2, "link_types": "crosswalk+pseudo"}, "geometry": {"type": "Point", "coordinates": [-71.0820964, 42.421684]}}, {"type": "Feature", "properties": {"node_id": 2129, "node_type": "endpoint", "degree": 1, "link_types": "sidewalk"}, "geometry": {"type": "Point", "coordinates": [-71.0802564, 42.4224386]}}, {"type": "Feature", "properties": {"node_id": 2130, "node_type": "type_change", "degree": 2, "link_types": "midblock+sidewalk"}, "geometry": {"type": "Point", "coordinates": [-71.0801922, 42.4222232]}}, {"type": "Feature", "properties": {"node_id": 2131, "node_type": "type_change", "degree": 2, "link_types": "midblock+sidewalk"}, "geometry": {"type": "Point", "coordinates": [-71.0801822, 42.4221928]}}, {"type": "Feature", "properties": {"node_id": 2132, "node_type": "endpoint", "degree": 1, "link_types": "sidewalk"}, "geometry": {"type": "Point", "coordinates": [-71.066394, 42.4197997]}}, {"type": "Feature", "properties": {"node_id": 2133, "node_type": "endpoint", "degree": 1, "link_types": "sidewalk"}, "geometry": {"type": "Point", "coordinates": [-71.0670656, 42.4197307]}}, {"type": "Feature", "properties": {"node_id": 2134, "node_type": "type_change", "degree": 2, "link_types": "crosswalk+pseudo"}, "geometry": {"type": "Point", "coordinates": [-71.071414, 42.4252867]}}, {"type": "Feature", "properties": {"node_id": 2135, "node_type": "type_change", "degree": 2, "link_types": "crosswalk+sidewalk"}, "geometry": {"type": "Point", "coordinates": [-71.0713682, 42.4252825]}}, {"type": "Feature", "properties": {"node_id": 2136, "node_type": "junction", "degree": 3, "link_types": "sidewalk"}, "geometry": {"type": "Point", "coordinates": [-71.0714464, 42.425266]}}, {"type": "Feature", "properties": {"node_id": 2137, "node_type": "junction", "degree": 3, "link_types": "sidewalk"}, "geometry": {"type": "Point", "coordinates": [-71.0669169, 42.4208003]}}, {"type": "Feature", "properties": {"node_id": 2138, "node_type": "endpoint", "degree": 1, "link_types": "sidewalk"}, "geometry": {"type": "Point", "coordinates": [-71.0669893, 42.4210202]}}, {"type": "Feature", "properties": {"node_id": 2139, "node_type": "junction", "degree": 3, "link_types": "sidewalk"}, "geometry": {"type": "Point", "coordinates": [-71.0669179, 42.4207996]}}, {"type": "Feature", "properties": {"node_id": 2140, "node_type": "type_change", "degree": 3, "link_types": "pseudo+sidewalk"}, "geometry": {"type": "Point", "coordinates": [-71.0666489, 42.426908]}}, {"type": "Feature", "properties": {"node_id": 2141, "node_type": "junction", "degree": 3, "link_types": "pseudo"}, "geometry": {"type": "Point", "coordinates": [-71.0693328, 42.4182453]}}, {"type": "Feature", "properties": {"node_id": 2142, "node_type": "type_change", "degree": 3, "link_types": "pseudo+sidewalk"}, "geometry": {"type": "Point", "coordinates": [-71.0693328, 42.418246]}}, {"type": "Feature", "properties": {"node_id": 2143, "node_type": "type_change", "degree": 2, "link_types": "crosswalk+pseudo"}, "geometry": {"type": "Point", "coordinates": [-71.0693372, 42.4182315]}}, {"type": "Feature", "properties": {"node_id": 2144, "node_type": "type_change", "degree": 2, "link_types": "crosswalk+pseudo"}, "geometry": {"type": "Point", "coordinates": [-71.0693295, 42.4181445]}}, {"type": "Feature", "properties": {"node_id": 2145, "node_type": "type_change", "degree": 3, "link_types": "pseudo+sidewalk"}, "geometry": {"type": "Point", "coordinates": [-71.0693242, 42.4181309]}}, {"type": "Feature", "properties": {"node_id": 2146, "node_type": "endpoint", "degree": 1, "link_types": "sidewalk"}, "geometry": {"type": "Point", "coordinates": [-71.0693475, 42.4180419]}}, {"type": "Feature", "properties": {"node_id": 2147, "node_type": "type_change", "degree": 3, "link_types": "pseudo+sidewalk"}, "geometry": {"type": "Point", "coordinates": [-71.0722556, 42.417949]}}, {"type": "Feature", "properties": {"node_id": 2148, "node_type": "type_change", "degree": 3, "link_types": "pseudo+sidewalk"}, "geometry": {"type": "Point", "coordinates": [-71.0823428, 42.4233091]}}, {"type": "Feature", "properties": {"node_id": 2149, "node_type": "type_change", "degree": 2, "link_types": "midblock+sidewalk"}, "geometry": {"type": "Point", "coordinates": [-71.0821096, 42.4226833]}}, {"type": "Feature", "properties": {"node_id": 2150, "node_type": "type_change", "degree": 2, "link_types": "midblock+sidewalk"}, "geometry": {"type": "Point", "coordinates": [-71.0820262, 42.4226826]}}, {"type": "Feature", "properties": {"node_id": 2151, "node_type": "type_change", "degree": 2, "link_types": "midblock+sidewalk"}, "geometry": {"type": "Point", "coordinates": [-71.0820048, 42.4226824]}}, {"type": "Feature", "properties": {"node_id": 2152, "node_type": "type_change", "degree": 2, "link_types": "midblock+sidewalk"}, "geometry": {"type": "Point", "coordinates": [-71.0819893, 42.4226823]}}, {"type": "Feature", "properties": {"node_id": 2153, "node_type": "endpoint", "degree": 1, "link_types": "sidewalk"}, "geometry": {"type": "Point", "coordinates": [-71.081935, 42.4226819]}}, {"type": "Feature", "properties": {"node_id": 2154, "node_type": "endpoint", "degree": 1, "link_types": "sidewalk"}, "geometry": {"type": "Point", "coordinates": [-71.084033, 42.420468]}}, {"type": "Feature", "properties": {"node_id": 2155, "node_type": "endpoint", "degree": 1, "link_types": "sidewalk"}, "geometry": {"type": "Point", "coordinates": [-71.0808379, 42.417591]}}, {"type": "Feature", "properties": {"node_id": 2156, "node_type": "junction", "degree": 3, "link_types": "sidewalk"}, "geometry": {"type": "Point", "coordinates": [-71.0744847, 42.4243962]}}, {"type": "Feature", "properties": {"node_id": 2157, "node_type": "type_change", "degree": 2, "link_types": "pseudo+sidewalk"}, "geometry": {"type": "Point", "coordinates": [-71.0744838, 42.4243984]}}, {"type": "Feature", "properties": {"node_id": 2158, "node_type": "type_change", "degree": 2, "link_types": "crosswalk+pseudo"}, "geometry": {"type": "Point", "coordinates": [-71.0744589, 42.4244103]}}, {"type": "Feature", "properties": {"node_id": 2159, "node_type": "type_change", "degree": 2, "link_types": "crosswalk+pseudo"}, "geometry": {"type": "Point", "coordinates": [-71.0744642, 42.4243922]}}, {"type": "Feature", "properties": {"node_id": 2160, "node_type": "type_change", "degree": 3, "link_types": "pseudo+sidewalk"}, "geometry": {"type": "Point", "coordinates": [-71.0744837, 42.4243955]}}, {"type": "Feature", "properties": {"node_id": 2161, "node_type": "type_change", "degree": 3, "link_types": "pseudo+sidewalk"}, "geometry": {"type": "Point", "coordinates": [-71.0744847, 42.4243955]}}, {"type": "Feature", "properties": {"node_id": 2162, "node_type": "junction", "degree": 3, "link_types": "sidewalk"}, "geometry": {"type": "Point", "coordinates": [-71.0743176, 42.4259914]}}, {"type": "Feature", "properties": {"node_id": 2163, "node_type": "junction", "degree": 3, "link_types": "sidewalk"}, "geometry": {"type": "Point", "coordinates": [-71.0742016, 42.4262182]}}, {"type": "Feature", "properties": {"node_id": 2164, "node_type": "junction", "degree": 3, "link_types": "sidewalk"}, "geometry": {"type": "Point", "coordinates": [-71.0743185, 42.4259906]}}, {"type": "Feature", "properties": {"node_id": 2165, "node_type": "junction", "degree": 3, "link_types": "sidewalk"}, "geometry": {"type": "Point", "coordinates": [-71.0743176, 42.4259906]}}, {"type": "Feature", "properties": {"node_id": 2166, "node_type": "type_change", "degree": 3, "link_types": "pseudo+sidewalk"}, "geometry": {"type": "Point", "coordinates": [-71.073759, 42.4255073]}}, {"type": "Feature", "properties": {"node_id": 2167, "node_type": "junction", "degree": 3, "link_types": "sidewalk"}, "geometry": {"type": "Point", "coordinates": [-71.073758, 42.4255066]}}, {"type": "Feature", "properties": {"node_id": 2168, "node_type": "junction", "degree": 3, "link_types": "pseudo"}, "geometry": {"type": "Point", "coordinates": [-71.0687084, 42.4262217]}}, {"type": "Feature", "properties": {"node_id": 2169, "node_type": "junction", "degree": 3, "link_types": "pseudo"}, "geometry": {"type": "Point", "coordinates": [-71.0687095, 42.4262253]}}, {"type": "Feature", "properties": {"node_id": 2170, "node_type": "type_change", "degree": 3, "link_types": "pseudo+sidewalk"}, "geometry": {"type": "Point", "coordinates": [-71.0687084, 42.426221]}}, {"type": "Feature", "properties": {"node_id": 2171, "node_type": "endpoint", "degree": 1, "link_types": "sidewalk"}, "geometry": {"type": "Point", "coordinates": [-71.0755236, 42.4216649]}}, {"type": "Feature", "properties": {"node_id": 2172, "node_type": "junction", "degree": 3, "link_types": "midblock"}, "geometry": {"type": "Point", "coordinates": [-71.0670482, 42.4264822]}}, {"type": "Feature", "properties": {"node_id": 2173, "node_type": "junction", "degree": 3, "link_types": "midblock"}, "geometry": {"type": "Point", "coordinates": [-71.0670492, 42.4264822]}}, {"type": "Feature", "properties": {"node_id": 2174, "node_type": "endpoint", "degree": 1, "link_types": "midblock"}, "geometry": {"type": "Point", "coordinates": [-71.0670135, 42.4264605]}}, {"type": "Feature", "properties": {"node_id": 2175, "node_type": "junction", "degree": 3, "link_types": "pseudo"}, "geometry": {"type": "Point", "coordinates": [-71.0792769, 42.4239894]}}, {"type": "Feature", "properties": {"node_id": 2176, "node_type": "type_change", "degree": 2, "link_types": "pseudo+sidewalk"}, "geometry": {"type": "Point", "coordinates": [-71.0792779, 42.4239901]}}, {"type": "Feature", "properties": {"node_id": 2177, "node_type": "type_change", "degree": 2, "link_types": "midblock+sidewalk"}, "geometry": {"type": "Point", "coordinates": [-71.0793192, 42.424147]}}, {"type": "Feature", "properties": {"node_id": 2178, "node_type": "type_change", "degree": 2, "link_types": "midblock+sidewalk"}, "geometry": {"type": "Point", "coordinates": [-71.0793236, 42.4241908]}}, {"type": "Feature", "properties": {"node_id": 2179, "node_type": "type_change", "degree": 2, "link_types": "midblock+sidewalk"}, "geometry": {"type": "Point", "coordinates": [-71.0793309, 42.4242626]}}, {"type": "Feature", "properties": {"node_id": 2180, "node_type": "type_change", "degree": 2, "link_types": "midblock+sidewalk"}, "geometry": {"type": "Point", "coordinates": [-71.0793346, 42.4242999]}}, {"type": "Feature", "properties": {"node_id": 2181, "node_type": "type_change", "degree": 2, "link_types": "midblock+sidewalk"}, "geometry": {"type": "Point", "coordinates": [-71.0793394, 42.4243473]}}, {"type": "Feature", "properties": {"node_id": 2182, "node_type": "type_change", "degree": 2, "link_types": "midblock+sidewalk"}, "geometry": {"type": "Point", "coordinates": [-71.0793421, 42.4243739]}}, {"type": "Feature", "properties": {"node_id": 2183, "node_type": "type_change", "degree": 2, "link_types": "midblock+sidewalk"}, "geometry": {"type": "Point", "coordinates": [-71.0793486, 42.4244378]}}, {"type": "Feature", "properties": {"node_id": 2184, "node_type": "type_change", "degree": 2, "link_types": "midblock+sidewalk"}, "geometry": {"type": "Point", "coordinates": [-71.0793502, 42.4244536]}}, {"type": "Feature", "properties": {"node_id": 2185, "node_type": "type_change", "degree": 2, "link_types": "midblock+sidewalk"}, "geometry": {"type": "Point", "coordinates": [-71.0793735, 42.4246414]}}, {"type": "Feature", "properties": {"node_id": 2186, "node_type": "type_change", "degree": 2, "link_types": "midblock+sidewalk"}, "geometry": {"type": "Point", "coordinates": [-71.0793777, 42.4246737]}}, {"type": "Feature", "properties": {"node_id": 2187, "node_type": "type_change", "degree": 2, "link_types": "pseudo+sidewalk"}, "geometry": {"type": "Point", "coordinates": [-71.0794176, 42.4249789]}}, {"type": "Feature", "properties": {"node_id": 2188, "node_type": "type_change", "degree": 2, "link_types": "crosswalk+pseudo"}, "geometry": {"type": "Point", "coordinates": [-71.0794151, 42.4249919]}}, {"type": "Feature", "properties": {"node_id": 2189, "node_type": "type_change", "degree": 2, "link_types": "crosswalk+pseudo"}, "geometry": {"type": "Point", "coordinates": [-71.0794381, 42.4250708]}}, {"type": "Feature", "properties": {"node_id": 2190, "node_type": "type_change", "degree": 3, "link_types": "pseudo+sidewalk"}, "geometry": {"type": "Point", "coordinates": [-71.0794352, 42.4250708]}}, {"type": "Feature", "properties": {"node_id": 2191, "node_type": "type_change", "degree": 2, "link_types": "pseudo+sidewalk"}, "geometry": {"type": "Point", "coordinates": [-71.079276, 42.4239902]}}, {"type": "Feature", "properties": {"node_id": 2192, "node_type": "type_change", "degree": 2, "link_types": "midblock+sidewalk"}, "geometry": {"type": "Point", "coordinates": [-71.0790315, 42.4239915]}}, {"type": "Feature", "properties": {"node_id": 2193, "node_type": "type_change", "degree": 2, "link_types": "midblock+sidewalk"}, "geometry": {"type": "Point", "coordinates": [-71.0789481, 42.423992]}}, {"type": "Feature", "properties": {"node_id": 2194, "node_type": "type_change", "degree": 2, "link_types": "midblock+sidewalk"}, "geometry": {"type": "Point", "coordinates": [-71.0787835, 42.4239891]}}, {"type": "Feature", "properties": {"node_id": 2195, "node_type": "type_change", "degree": 2, "link_types": "midblock+sidewalk"}, "geometry": {"type": "Point", "coordinates": [-71.0787439, 42.4239866]}}, {"type": "Feature", "properties": {"node_id": 2196, "node_type": "type_change", "degree": 2, "link_types": "midblock+sidewalk"}, "geometry": {"type": "Point", "coordinates": [-71.0786949, 42.4239897]}}, {"type": "Feature", "properties": {"node_id": 2197, "node_type": "type_change", "degree": 2, "link_types": "midblock+sidewalk"}, "geometry": {"type": "Point", "coordinates": [-71.0786071, 42.4239931]}}, {"type": "Feature", "properties": {"node_id": 2198, "node_type": "type_change", "degree": 2, "link_types": "midblock+sidewalk"}, "geometry": {"type": "Point", "coordinates": [-71.0784294, 42.4239936]}}, {"type": "Feature", "properties": {"node_id": 2199, "node_type": "type_change", "degree": 2, "link_types": "midblock+sidewalk"}, "geometry": {"type": "Point", "coordinates": [-71.0783672, 42.4239938]}}, {"type": "Feature", "properties": {"node_id": 2200, "node_type": "type_change", "degree": 2, "link_types": "midblock+sidewalk"}, "geometry": {"type": "Point", "coordinates": [-71.0782847, 42.423994]}}, {"type": "Feature", "properties": {"node_id": 2201, "node_type": "type_change", "degree": 2, "link_types": "midblock+sidewalk"}, "geometry": {"type": "Point", "coordinates": [-71.0782488, 42.4239941]}}, {"type": "Feature", "properties": {"node_id": 2202, "node_type": "type_change", "degree": 2, "link_types": "midblock+sidewalk"}, "geometry": {"type": "Point", "coordinates": [-71.0779691, 42.423995]}}, {"type": "Feature", "properties": {"node_id": 2203, "node_type": "type_change", "degree": 2, "link_types": "midblock+sidewalk"}, "geometry": {"type": "Point", "coordinates": [-71.0778953, 42.4239952]}}, {"type": "Feature", "properties": {"node_id": 2204, "node_type": "type_change", "degree": 2, "link_types": "midblock+sidewalk"}, "geometry": {"type": "Point", "coordinates": [-71.0777982, 42.4239952]}}, {"type": "Feature", "properties": {"node_id": 2205, "node_type": "type_change", "degree": 2, "link_types": "midblock+sidewalk"}, "geometry": {"type": "Point", "coordinates": [-71.0775218, 42.4239945]}}, {"type": "Feature", "properties": {"node_id": 2206, "node_type": "type_change", "degree": 2, "link_types": "midblock+sidewalk"}, "geometry": {"type": "Point", "coordinates": [-71.0772637, 42.4239857]}}, {"type": "Feature", "properties": {"node_id": 2207, "node_type": "type_change", "degree": 2, "link_types": "midblock+sidewalk"}, "geometry": {"type": "Point", "coordinates": [-71.0772385, 42.4239846]}}, {"type": "Feature", "properties": {"node_id": 2208, "node_type": "endpoint", "degree": 1, "link_types": "sidewalk"}, "geometry": {"type": "Point", "coordinates": [-71.0771493, 42.4239884]}}, {"type": "Feature", "properties": {"node_id": 2209, "node_type": "type_change", "degree": 2, "link_types": "crosswalk+pseudo"}, "geometry": {"type": "Point", "coordinates": [-71.0792768, 42.4239866]}}, {"type": "Feature", "properties": {"node_id": 2210, "node_type": "type_change", "degree": 2, "link_types": "crosswalk+pseudo"}, "geometry": {"type": "Point", "coordinates": [-71.0792803, 42.4239159]}}, {"type": "Feature", "properties": {"node_id": 2211, "node_type": "type_change", "degree": 3, "link_types": "pseudo+sidewalk"}, "geometry": {"type": "Point", "coordinates": [-71.0792801, 42.423908]}}, {"type": "Feature", "properties": {"node_id": 2212, "node_type": "endpoint", "degree": 1, "link_types": "sidewalk"}, "geometry": {"type": "Point", "coordinates": [-71.0667785, 42.4218828]}}, {"type": "Feature", "properties": {"node_id": 2213, "node_type": "type_change", "degree": 2, "link_types": "midblock+sidewalk"}, "geometry": {"type": "Point", "coordinates": [-71.0668165, 42.4218821]}}, {"type": "Feature", "properties": {"node_id": 2214, "node_type": "type_change", "degree": 2, "link_types": "midblock+sidewalk"}, "geometry": {"type": "Point", "coordinates": [-71.0669056, 42.4218915]}}, {"type": "Feature", "properties": {"node_id": 2215, "node_type": "endpoint", "degree": 1, "link_types": "sidewalk"}, "geometry": {"type": "Point", "coordinates": [-71.068375, 42.4258409]}}, {"type": "Feature", "properties": {"node_id": 2216, "node_type": "endpoint", "degree": 1, "link_types": "sidewalk"}, "geometry": {"type": "Point", "coordinates": [-71.0677631, 42.4241776]}}, {"type": "Feature", "properties": {"node_id": 2217, "node_type": "type_change", "degree": 3, "link_types": "pseudo+sidewalk"}, "geometry": {"type": "Point", "coordinates": [-71.067797, 42.4241748]}}, {"type": "Feature", "properties": {"node_id": 2218, "node_type": "type_change", "degree": 2, "link_types": "pseudo+sidewalk"}, "geometry": {"type": "Point", "coordinates": [-71.0799617, 42.421114]}}, {"type": "Feature", "properties": {"node_id": 2219, "node_type": "junction", "degree": 3, "link_types": "pseudo"}, "geometry": {"type": "Point", "coordinates": [-71.0799559, 42.4211163]}}, {"type": "Feature", "properties": {"node_id": 2220, "node_type": "endpoint", "degree": 1, "link_types": "sidewalk"}, "geometry": {"type": "Point", "coordinates": [-71.069094, 42.4242588]}}, {"type": "Feature", "properties": {"node_id": 2221, "node_type": "endpoint", "degree": 1, "link_types": "sidewalk"}, "geometry": {"type": "Point", "coordinates": [-71.0767851, 42.4261534]}}, {"type": "Feature", "properties": {"node_id": 2222, "node_type": "type_change", "degree": 2, "link_types": "midblock+sidewalk"}, "geometry": {"type": "Point", "coordinates": [-71.0768852, 42.4261466]}}, {"type": "Feature", "properties": {"node_id": 2223, "node_type": "type_change", "degree": 2, "link_types": "midblock+sidewalk"}, "geometry": {"type": "Point", "coordinates": [-71.0769283, 42.4261412]}}, {"type": "Feature", "properties": {"node_id": 2224, "node_type": "type_change", "degree": 2, "link_types": "midblock+sidewalk"}, "geometry": {"type": "Point", "coordinates": [-71.0770573, 42.4261253]}}, {"type": "Feature", "properties": {"node_id": 2225, "node_type": "type_change", "degree": 2, "link_types": "midblock+sidewalk"}, "geometry": {"type": "Point", "coordinates": [-71.0771358, 42.4261167]}}, {"type": "Feature", "properties": {"node_id": 2226, "node_type": "type_change", "degree": 2, "link_types": "midblock+sidewalk"}, "geometry": {"type": "Point", "coordinates": [-71.0773219, 42.4260959]}}, {"type": "Feature", "properties": {"node_id": 2227, "node_type": "type_change", "degree": 2, "link_types": "midblock+sidewalk"}, "geometry": {"type": "Point", "coordinates": [-71.0774571, 42.4260768]}}, {"type": "Feature", "properties": {"node_id": 2228, "node_type": "type_change", "degree": 2, "link_types": "midblock+sidewalk"}, "geometry": {"type": "Point", "coordinates": [-71.0776876, 42.4260477]}}, {"type": "Feature", "properties": {"node_id": 2229, "node_type": "type_change", "degree": 2, "link_types": "midblock+sidewalk"}, "geometry": {"type": "Point", "coordinates": [-71.0777413, 42.4260416]}}, {"type": "Feature", "properties": {"node_id": 2230, "node_type": "endpoint", "degree": 1, "link_types": "sidewalk"}, "geometry": {"type": "Point", "coordinates": [-71.0778459, 42.4260297]}}, {"type": "Feature", "properties": {"node_id": 2231, "node_type": "junction", "degree": 3, "link_types": "sidewalk"}, "geometry": {"type": "Point", "coordinates": [-71.0796156, 42.4259105]}}, {"type": "Feature", "properties": {"node_id": 2232, "node_type": "type_change", "degree": 3, "link_types": "pseudo+sidewalk"}, "geometry": {"type": "Point", "coordinates": [-71.0796166, 42.4259104]}}, {"type": "Feature", "properties": {"node_id": 2233, "node_type": "type_change", "degree": 2, "link_types": "midblock+sidewalk"}, "geometry": {"type": "Point", "coordinates": [-71.0793486, 42.4258481]}}, {"type": "Feature", "properties": {"node_id": 2234, "node_type": "type_change", "degree": 2, "link_types": "midblock+sidewalk"}, "geometry": {"type": "Point", "coordinates": [-71.0792587, 42.4258596]}}, {"type": "Feature", "properties": {"node_id": 2235, "node_type": "type_change", "degree": 2, "link_types": "midblock+sidewalk"}, "geometry": {"type": "Point", "coordinates": [-71.0789673, 42.4258954]}}, {"type": "Feature", "properties": {"node_id": 2236, "node_type": "type_change", "degree": 2, "link_types": "midblock+sidewalk"}, "geometry": {"type": "Point", "coordinates": [-71.0788973, 42.4259029]}}, {"type": "Feature", "properties": {"node_id": 2237, "node_type": "type_change", "degree": 2, "link_types": "midblock+sidewalk"}, "geometry": {"type": "Point", "coordinates": [-71.0788081, 42.4259136]}}, {"type": "Feature", "properties": {"node_id": 2238, "node_type": "type_change", "degree": 2, "link_types": "midblock+sidewalk"}, "geometry": {"type": "Point", "coordinates": [-71.0787784, 42.4259172]}}, {"type": "Feature", "properties": {"node_id": 2239, "node_type": "type_change", "degree": 2, "link_types": "midblock+sidewalk"}, "geometry": {"type": "Point", "coordinates": [-71.0782548, 42.4259811]}}, {"type": "Feature", "properties": {"node_id": 2240, "node_type": "type_change", "degree": 2, "link_types": "midblock+sidewalk"}, "geometry": {"type": "Point", "coordinates": [-71.0781426, 42.4259941]}}, {"type": "Feature", "properties": {"node_id": 2241, "node_type": "type_change", "degree": 2, "link_types": "midblock+sidewalk"}, "geometry": {"type": "Point", "coordinates": [-71.0780227, 42.4260079]}}, {"type": "Feature", "properties": {"node_id": 2242, "node_type": "type_change", "degree": 2, "link_types": "midblock+sidewalk"}, "geometry": {"type": "Point", "coordinates": [-71.0779853, 42.4260123]}}, {"type": "Feature", "properties": {"node_id": 2243, "node_type": "endpoint", "degree": 1, "link_types": "sidewalk"}, "geometry": {"type": "Point", "coordinates": [-71.0778913, 42.4260232]}}, {"type": "Feature", "properties": {"node_id": 2244, "node_type": "junction", "degree": 3, "link_types": "pseudo"}, "geometry": {"type": "Point", "coordinates": [-71.0675469, 42.4257067]}}, {"type": "Feature", "properties": {"node_id": 2245, "node_type": "endpoint", "degree": 1, "link_types": "pseudo"}, "geometry": {"type": "Point", "coordinates": [-71.0675479, 42.4257088]}}, {"type": "Feature", "properties": {"node_id": 2246, "node_type": "endpoint", "degree": 1, "link_types": "sidewalk"}, "geometry": {"type": "Point", "coordinates": [-71.0807657, 42.4249602]}}, {"type": "Feature", "properties": {"node_id": 2247, "node_type": "endpoint", "degree": 1, "link_types": "sidewalk"}, "geometry": {"type": "Point", "coordinates": [-71.0807566, 42.4250087]}}, {"type": "Feature", "properties": {"node_id": 2248, "node_type": "endpoint", "degree": 1, "link_types": "sidewalk"}, "geometry": {"type": "Point", "coordinates": [-71.0700231, 42.4287916]}}, {"type": "Feature", "properties": {"node_id": 2249, "node_type": "endpoint", "degree": 1, "link_types": "sidewalk"}, "geometry": {"type": "Point", "coordinates": [-71.0800753, 42.4281074]}}, {"type": "Feature", "properties": {"node_id": 2250, "node_type": "type_change", "degree": 2, "link_types": "midblock+sidewalk"}, "geometry": {"type": "Point", "coordinates": [-71.0800538, 42.427972]}}, {"type": "Feature", "properties": {"node_id": 2251, "node_type": "type_change", "degree": 2, "link_types": "midblock+sidewalk"}, "geometry": {"type": "Point", "coordinates": [-71.080047, 42.4279241]}}, {"type": "Feature", "properties": {"node_id": 2252, "node_type": "type_change", "degree": 2, "link_types": "midblock+sidewalk"}, "geometry": {"type": "Point", "coordinates": [-71.0800391, 42.4278684]}}, {"type": "Feature", "properties": {"node_id": 2253, "node_type": "endpoint", "degree": 1, "link_types": "sidewalk"}, "geometry": {"type": "Point", "coordinates": [-71.0672944, 42.4291787]}}, {"type": "Feature", "properties": {"node_id": 2254, "node_type": "type_change", "degree": 3, "link_types": "pseudo+sidewalk"}, "geometry": {"type": "Point", "coordinates": [-71.0673283, 42.4291745]}}, {"type": "Feature", "properties": {"node_id": 2255, "node_type": "endpoint", "degree": 1, "link_types": "sidewalk"}, "geometry": {"type": "Point", "coordinates": [-71.0674576, 42.4259489]}}, {"type": "Feature", "properties": {"node_id": 2256, "node_type": "type_change", "degree": 3, "link_types": "pseudo+sidewalk"}, "geometry": {"type": "Point", "coordinates": [-71.0674611, 42.4258177]}}, {"type": "Feature", "properties": {"node_id": 2257, "node_type": "endpoint", "degree": 1, "link_types": "sidewalk"}, "geometry": {"type": "Point", "coordinates": [-71.0804578, 42.4235595]}}, {"type": "Feature", "properties": {"node_id": 2258, "node_type": "endpoint", "degree": 1, "link_types": "sidewalk"}, "geometry": {"type": "Point", "coordinates": [-71.0697897, 42.4270199]}}, {"type": "Feature", "properties": {"node_id": 2259, "node_type": "endpoint", "degree": 1, "link_types": "sidewalk"}, "geometry": {"type": "Point", "coordinates": [-71.0791176, 42.4287897]}}, {"type": "Feature", "properties": {"node_id": 2260, "node_type": "type_change", "degree": 2, "link_types": "pseudo+sidewalk"}, "geometry": {"type": "Point", "coordinates": [-71.0791186, 42.428789]}}, {"type": "Feature", "properties": {"node_id": 2261, "node_type": "type_change", "degree": 3, "link_types": "crosswalk+pseudo"}, "geometry": {"type": "Point", "coordinates": [-71.0791358, 42.42878]}}, {"type": "Feature", "properties": {"node_id": 2262, "node_type": "endpoint", "degree": 1, "link_types": "sidewalk"}, "geometry": {"type": "Point", "coordinates": [-71.0701034, 42.4200051]}}, {"type": "Feature", "properties": {"node_id": 2263, "node_type": "junction", "degree": 3, "link_types": "pseudo"}, "geometry": {"type": "Point", "coordinates": [-71.0695139, 42.4182514]}}, {"type": "Feature", "properties": {"node_id": 2264, "node_type": "type_change", "degree": 2, "link_types": "crosswalk+pseudo"}, "geometry": {"type": "Point", "coordinates": [-71.0695021, 42.418248]}}, {"type": "Feature", "properties": {"node_id": 2265, "node_type": "type_change", "degree": 2, "link_types": "crosswalk+pseudo"}, "geometry": {"type": "Point", "coordinates": [-71.0694974, 42.4181364]}}, {"type": "Feature", "properties": {"node_id": 2266, "node_type": "junction", "degree": 3, "link_types": "pseudo"}, "geometry": {"type": "Point", "coordinates": [-71.0695047, 42.4181212]}}, {"type": "Feature", "properties": {"node_id": 2267, "node_type": "endpoint", "degree": 1, "link_types": "sidewalk"}, "geometry": {"type": "Point", "coordinates": [-71.0794521, 42.4224647]}}, {"type": "Feature", "properties": {"node_id": 2268, "node_type": "type_change", "degree": 2, "link_types": "midblock+sidewalk"}, "geometry": {"type": "Point", "coordinates": [-71.0794534, 42.4225043]}}, {"type": "Feature", "properties": {"node_id": 2269, "node_type": "type_change", "degree": 2, "link_types": "midblock+sidewalk"}, "geometry": {"type": "Point", "coordinates": [-71.0794543, 42.4225309]}}, {"type": "Feature", "properties": {"node_id": 2270, "node_type": "type_change", "degree": 3, "link_types": "crosswalk+sidewalk"}, "geometry": {"type": "Point", "coordinates": [-71.0794559, 42.4225799]}}, {"type": "Feature", "properties": {"node_id": 2271, "node_type": "endpoint", "degree": 1, "link_types": "crosswalk"}, "geometry": {"type": "Point", "coordinates": [-71.0773638, 42.4209457]}}, {"type": "Feature", "properties": {"node_id": 2272, "node_type": "type_change", "degree": 2, "link_types": "crosswalk+pseudo"}, "geometry": {"type": "Point", "coordinates": [-71.0773763, 42.4210002]}}, {"type": "Feature", "properties": {"node_id": 2273, "node_type": "endpoint", "degree": 1, "link_types": "pseudo"}, "geometry": {"type": "Point", "coordinates": [-71.0773566, 42.4209905]}}, {"type": "Feature", "properties": {"node_id": 2274, "node_type": "endpoint", "degree": 1, "link_types": "sidewalk"}, "geometry": {"type": "Point", "coordinates": [-71.0829129, 42.4286034]}}, {"type": "Feature", "properties": {"node_id": 2275, "node_type": "type_change", "degree": 2, "link_types": "midblock+sidewalk"}, "geometry": {"type": "Point", "coordinates": [-71.0829308, 42.4286102]}}, {"type": "Feature", "properties": {"node_id": 2276, "node_type": "type_change", "degree": 2, "link_types": "midblock+sidewalk"}, "geometry": {"type": "Point", "coordinates": [-71.082966, 42.4286225]}}, {"type": "Feature", "properties": {"node_id": 2277, "node_type": "type_change", "degree": 2, "link_types": "midblock+sidewalk"}, "geometry": {"type": "Point", "coordinates": [-71.0832562, 42.4282262]}}, {"type": "Feature", "properties": {"node_id": 2278, "node_type": "type_change", "degree": 2, "link_types": "midblock+sidewalk"}, "geometry": {"type": "Point", "coordinates": [-71.083248, 42.4282108]}}, {"type": "Feature", "properties": {"node_id": 2279, "node_type": "endpoint", "degree": 1, "link_types": "sidewalk"}, "geometry": {"type": "Point", "coordinates": [-71.0832117, 42.4281433]}}, {"type": "Feature", "properties": {"node_id": 2280, "node_type": "endpoint", "degree": 1, "link_types": "crosswalk"}, "geometry": {"type": "Point", "coordinates": [-71.0682279, 42.4266929]}}, {"type": "Feature", "properties": {"node_id": 2281, "node_type": "type_change", "degree": 3, "link_types": "crosswalk+pseudo"}, "geometry": {"type": "Point", "coordinates": [-71.068227, 42.4266937]}}, {"type": "Feature", "properties": {"node_id": 2282, "node_type": "junction", "degree": 3, "link_types": "pseudo"}, "geometry": {"type": "Point", "coordinates": [-71.0710457, 42.4287479]}}, {"type": "Feature", "properties": {"node_id": 2283, "node_type": "type_change", "degree": 2, "link_types": "pseudo+sidewalk"}, "geometry": {"type": "Point", "coordinates": [-71.0710467, 42.4287486]}}, {"type": "Feature", "properties": {"node_id": 2284, "node_type": "endpoint", "degree": 1, "link_types": "sidewalk"}, "geometry": {"type": "Point", "coordinates": [-71.0710759, 42.4288964]}}, {"type": "Feature", "properties": {"node_id": 2285, "node_type": "type_change", "degree": 2, "link_types": "crosswalk+pseudo"}, "geometry": {"type": "Point", "coordinates": [-71.0710408, 42.4287472]}}, {"type": "Feature", "properties": {"node_id": 2286, "node_type": "type_change", "degree": 2, "link_types": "crosswalk+pseudo"}, "geometry": {"type": "Point", "coordinates": [-71.0710019, 42.4284814]}}, {"type": "Feature", "properties": {"node_id": 2287, "node_type": "type_change", "degree": 3, "link_types": "pseudo+sidewalk"}, "geometry": {"type": "Point", "coordinates": [-71.0710073, 42.4284683]}}, {"type": "Feature", "properties": {"node_id": 2288, "node_type": "type_change", "degree": 2, "link_types": "pseudo+sidewalk"}, "geometry": {"type": "Point", "coordinates": [-71.0710466, 42.4287471]}}, {"type": "Feature", "properties": {"node_id": 2289, "node_type": "type_change", "degree": 3, "link_types": "pseudo+sidewalk"}, "geometry": {"type": "Point", "coordinates": [-71.071198, 42.4286486]}}, {"type": "Feature", "properties": {"node_id": 2290, "node_type": "endpoint", "degree": 1, "link_types": "sidewalk"}, "geometry": {"type": "Point", "coordinates": [-71.0745049, 42.4259793]}}, {"type": "Feature", "properties": {"node_id": 2291, "node_type": "junction", "degree": 3, "link_types": "pseudo"}, "geometry": {"type": "Point", "coordinates": [-71.0770812, 42.4216605]}}, {"type": "Feature", "properties": {"node_id": 2292, "node_type": "type_change", "degree": 2, "link_types": "crosswalk+pseudo"}, "geometry": {"type": "Point", "coordinates": [-71.0770706, 42.421665]}}, {"type": "Feature", "properties": {"node_id": 2293, "node_type": "type_change", "degree": 2, "link_types": "crosswalk+pseudo"}, "geometry": {"type": "Point", "coordinates": [-71.0770401, 42.4217426]}}, {"type": "Feature", "properties": {"node_id": 2294, "node_type": "junction", "degree": 3, "link_types": "pseudo"}, "geometry": {"type": "Point", "coordinates": [-71.0770404, 42.4217513]}}, {"type": "Feature", "properties": {"node_id": 2295, "node_type": "endpoint", "degree": 1, "link_types": "crosswalk"}, "geometry": {"type": "Point", "coordinates": [-71.0756143, 42.4204371]}}, {"type": "Feature", "properties": {"node_id": 2296, "node_type": "endpoint", "degree": 1, "link_types": "crosswalk"}, "geometry": {"type": "Point", "coordinates": [-71.0754814, 42.4203581]}}, {"type": "Feature", "properties": {"node_id": 2297, "node_type": "endpoint", "degree": 1, "link_types": "crosswalk"}, "geometry": {"type": "Point", "coordinates": [-71.07047, 42.4158113]}}, {"type": "Feature", "properties": {"node_id": 2298, "node_type": "type_change", "degree": 2, "link_types": "crosswalk+pseudo"}, "geometry": {"type": "Point", "coordinates": [-71.0703714, 42.4159154]}}, {"type": "Feature", "properties": {"node_id": 2299, "node_type": "endpoint", "degree": 1, "link_types": "pseudo"}, "geometry": {"type": "Point", "coordinates": [-71.0703553, 42.4158991]}}, {"type": "Feature", "properties": {"node_id": 2300, "node_type": "junction", "degree": 3, "link_types": "sidewalk"}, "geometry": {"type": "Point", "coordinates": [-71.0693232, 42.4181302]}}, {"type": "Feature", "properties": {"node_id": 2301, "node_type": "endpoint", "degree": 1, "link_types": "sidewalk"}, "geometry": {"type": "Point", "coordinates": [-71.0691665, 42.4181539]}}, {"type": "Feature", "properties": {"node_id": 2302, "node_type": "endpoint", "degree": 1, "link_types": "sidewalk"}, "geometry": {"type": "Point", "coordinates": [-71.0689525, 42.4260761]}}, {"type": "Feature", "properties": {"node_id": 2303, "node_type": "junction", "degree": 3, "link_types": "sidewalk"}, "geometry": {"type": "Point", "coordinates": [-71.0687826, 42.4261138]}}, {"type": "Feature", "properties": {"node_id": 2304, "node_type": "junction", "degree": 3, "link_types": "sidewalk"}, "geometry": {"type": "Point", "coordinates": [-71.0816755, 42.4159584]}}, {"type": "Feature", "properties": {"node_id": 2305, "node_type": "type_change", "degree": 3, "link_types": "pseudo+sidewalk"}, "geometry": {"type": "Point", "coordinates": [-71.0816765, 42.4159577]}}, {"type": "Feature", "properties": {"node_id": 2306, "node_type": "type_change", "degree": 2, "link_types": "crosswalk+pseudo"}, "geometry": {"type": "Point", "coordinates": [-71.0794658, 42.4233499]}}, {"type": "Feature", "properties": {"node_id": 2307, "node_type": "type_change", "degree": 2, "link_types": "crosswalk+pseudo"}, "geometry": {"type": "Point", "coordinates": [-71.0794614, 42.4234234]}}, {"type": "Feature", "properties": {"node_id": 2308, "node_type": "junction", "degree": 3, "link_types": "pseudo"}, "geometry": {"type": "Point", "coordinates": [-71.0794616, 42.4234292]}}, {"type": "Feature", "properties": {"node_id": 2309, "node_type": "type_change", "degree": 2, "link_types": "crosswalk+pseudo"}, "geometry": {"type": "Point", "coordinates": [-71.0684632, 42.425183]}}, {"type": "Feature", "properties": {"node_id": 2310, "node_type": "type_change", "degree": 2, "link_types": "crosswalk+pseudo"}, "geometry": {"type": "Point", "coordinates": [-71.0685369, 42.4251766]}}, {"type": "Feature", "properties": {"node_id": 2311, "node_type": "endpoint", "degree": 1, "link_types": "sidewalk"}, "geometry": {"type": "Point", "coordinates": [-71.0743854, 42.4271925]}}, {"type": "Feature", "properties": {"node_id": 2312, "node_type": "type_change", "degree": 3, "link_types": "pseudo+sidewalk"}, "geometry": {"type": "Point", "coordinates": [-71.0743872, 42.4271594]}}, {"type": "Feature", "properties": {"node_id": 2313, "node_type": "type_change", "degree": 2, "link_types": "midblock+sidewalk"}, "geometry": {"type": "Point", "coordinates": [-71.0700759, 42.4252495]}}, {"type": "Feature", "properties": {"node_id": 2314, "node_type": "type_change", "degree": 2, "link_types": "midblock+sidewalk"}, "geometry": {"type": "Point", "coordinates": [-71.0701253, 42.4252506]}}, {"type": "Feature", "properties": {"node_id": 2315, "node_type": "endpoint", "degree": 1, "link_types": "sidewalk"}, "geometry": {"type": "Point", "coordinates": [-71.0703228, 42.4252517]}}, {"type": "Feature", "properties": {"node_id": 2316, "node_type": "junction", "degree": 3, "link_types": "pseudo"}, "geometry": {"type": "Point", "coordinates": [-71.0793109, 42.4234298]}}, {"type": "Feature", "properties": {"node_id": 2317, "node_type": "junction", "degree": 3, "link_types": "pseudo"}, "geometry": {"type": "Point", "coordinates": [-71.0793119, 42.4234305]}}, {"type": "Feature", "properties": {"node_id": 2318, "node_type": "junction", "degree": 3, "link_types": "pseudo"}, "geometry": {"type": "Point", "coordinates": [-71.079311, 42.4234312]}}, {"type": "Feature", "properties": {"node_id": 2319, "node_type": "type_change", "degree": 3, "link_types": "crosswalk+pseudo"}, "geometry": {"type": "Point", "coordinates": [-71.0793158, 42.4234001]}}, {"type": "Feature", "properties": {"node_id": 2320, "node_type": "junction", "degree": 3, "link_types": "sidewalk"}, "geometry": {"type": "Point", "coordinates": [-71.0678325, 42.4241612]}}, {"type": "Feature", "properties": {"node_id": 2321, "node_type": "endpoint", "degree": 1, "link_types": "sidewalk"}, "geometry": {"type": "Point", "coordinates": [-71.0678569, 42.4242804]}}, {"type": "Feature", "properties": {"node_id": 2322, "node_type": "junction", "degree": 3, "link_types": "sidewalk"}, "geometry": {"type": "Point", "coordinates": [-71.0678316, 42.4241613]}}, {"type": "Feature", "properties": {"node_id": 2323, "node_type": "junction", "degree": 3, "link_types": "sidewalk"}, "geometry": {"type": "Point", "coordinates": [-71.0678325, 42.4241605]}}, {"type": "Feature", "properties": {"node_id": 2324, "node_type": "endpoint", "degree": 1, "link_types": "sidewalk"}, "geometry": {"type": "Point", "coordinates": [-71.075287, 42.4203299]}}, {"type": "Feature", "properties": {"node_id": 2325, "node_type": "type_change", "degree": 2, "link_types": "midblock+sidewalk"}, "geometry": {"type": "Point", "coordinates": [-71.0750339, 42.4203199]}}, {"type": "Feature", "properties": {"node_id": 2326, "node_type": "type_change", "degree": 2, "link_types": "midblock+sidewalk"}, "geometry": {"type": "Point", "coordinates": [-71.0748918, 42.4203213]}}, {"type": "Feature", "properties": {"node_id": 2327, "node_type": "type_change", "degree": 2, "link_types": "midblock+sidewalk"}, "geometry": {"type": "Point", "coordinates": [-71.0741071, 42.4201832]}}, {"type": "Feature", "properties": {"node_id": 2328, "node_type": "endpoint", "degree": 1, "link_types": "midblock"}, "geometry": {"type": "Point", "coordinates": [-71.0740783, 42.4201803]}}, {"type": "Feature", "properties": {"node_id": 2329, "node_type": "endpoint", "degree": 1, "link_types": "sidewalk"}, "geometry": {"type": "Point", "coordinates": [-71.0751891, 42.4260584]}}, {"type": "Feature", "properties": {"node_id": 2330, "node_type": "endpoint", "degree": 1, "link_types": "crosswalk"}, "geometry": {"type": "Point", "coordinates": [-71.0774459, 42.4289663]}}, {"type": "Feature", "properties": {"node_id": 2331, "node_type": "endpoint", "degree": 1, "link_types": "crosswalk"}, "geometry": {"type": "Point", "coordinates": [-71.0774947, 42.428969]}}, {"type": "Feature", "properties": {"node_id": 2332, "node_type": "endpoint", "degree": 1, "link_types": "sidewalk"}, "geometry": {"type": "Point", "coordinates": [-71.0774558, 42.4270562]}}, {"type": "Feature", "properties": {"node_id": 2333, "node_type": "type_change", "degree": 2, "link_types": "midblock+sidewalk"}, "geometry": {"type": "Point", "coordinates": [-71.0772775, 42.4270834]}}, {"type": "Feature", "properties": {"node_id": 2334, "node_type": "type_change", "degree": 2, "link_types": "midblock+sidewalk"}, "geometry": {"type": "Point", "coordinates": [-71.0772604, 42.4270861]}}, {"type": "Feature", "properties": {"node_id": 2335, "node_type": "junction", "degree": 3, "link_types": "sidewalk"}, "geometry": {"type": "Point", "coordinates": [-71.0772105, 42.4271075]}}, {"type": "Feature", "properties": {"node_id": 2336, "node_type": "endpoint", "degree": 1, "link_types": "midblock"}, "geometry": {"type": "Point", "coordinates": [-71.0736614, 42.4269405]}}, {"type": "Feature", "properties": {"node_id": 2337, "node_type": "type_change", "degree": 2, "link_types": "midblock+sidewalk"}, "geometry": {"type": "Point", "coordinates": [-71.0736405, 42.4269276]}}, {"type": "Feature", "properties": {"node_id": 2338, "node_type": "endpoint", "degree": 1, "link_types": "sidewalk"}, "geometry": {"type": "Point", "coordinates": [-71.0788832, 42.4283451]}}, {"type": "Feature", "properties": {"node_id": 2339, "node_type": "type_change", "degree": 2, "link_types": "crosswalk+pseudo"}, "geometry": {"type": "Point", "coordinates": [-71.0698118, 42.4275418]}}, {"type": "Feature", "properties": {"node_id": 2340, "node_type": "type_change", "degree": 3, "link_types": "crosswalk+pseudo"}, "geometry": {"type": "Point", "coordinates": [-71.0698805, 42.4275031]}}, {"type": "Feature", "properties": {"node_id": 2341, "node_type": "junction", "degree": 3, "link_types": "sidewalk"}, "geometry": {"type": "Point", "coordinates": [-71.0664044, 42.4170078]}}, {"type": "Feature", "properties": {"node_id": 2342, "node_type": "type_change", "degree": 2, "link_types": "midblock+sidewalk"}, "geometry": {"type": "Point", "coordinates": [-71.0664109, 42.4172229]}}, {"type": "Feature", "properties": {"node_id": 2343, "node_type": "type_change", "degree": 2, "link_types": "midblock+sidewalk"}, "geometry": {"type": "Point", "coordinates": [-71.0664151, 42.4172602]}}, {"type": "Feature", "properties": {"node_id": 2344, "node_type": "type_change", "degree": 2, "link_types": "midblock+sidewalk"}, "geometry": {"type": "Point", "coordinates": [-71.0664341, 42.4175038]}}, {"type": "Feature", "properties": {"node_id": 2345, "node_type": "type_change", "degree": 2, "link_types": "midblock+sidewalk"}, "geometry": {"type": "Point", "coordinates": [-71.0664346, 42.4175189]}}, {"type": "Feature", "properties": {"node_id": 2346, "node_type": "endpoint", "degree": 1, "link_types": "sidewalk"}, "geometry": {"type": "Point", "coordinates": [-71.0664487, 42.4175884]}}, {"type": "Feature", "properties": {"node_id": 2347, "node_type": "type_change", "degree": 2, "link_types": "midblock+sidewalk"}, "geometry": {"type": "Point", "coordinates": [-71.0666048, 42.4169929]}}, {"type": "Feature", "properties": {"node_id": 2348, "node_type": "type_change", "degree": 2, "link_types": "midblock+sidewalk"}, "geometry": {"type": "Point", "coordinates": [-71.0667244, 42.4169786]}}, {"type": "Feature", "properties": {"node_id": 2349, "node_type": "junction", "degree": 3, "link_types": "sidewalk"}, "geometry": {"type": "Point", "coordinates": [-71.0671859, 42.4169721]}}, {"type": "Feature", "properties": {"node_id": 2350, "node_type": "type_change", "degree": 2, "link_types": "pseudo+sidewalk"}, "geometry": {"type": "Point", "coordinates": [-71.0664034, 42.4170071]}}, {"type": "Feature", "properties": {"node_id": 2351, "node_type": "type_change", "degree": 2, "link_types": "crosswalk+pseudo"}, "geometry": {"type": "Point", "coordinates": [-71.0664024, 42.4170057]}}, {"type": "Feature", "properties": {"node_id": 2352, "node_type": "type_change", "degree": 2, "link_types": "crosswalk+pseudo"}, "geometry": {"type": "Point", "coordinates": [-71.0662743, 42.4170131]}}, {"type": "Feature", "properties": {"node_id": 2353, "node_type": "junction", "degree": 3, "link_types": "crosswalk"}, "geometry": {"type": "Point", "coordinates": [-71.079455, 42.4225806]}}, {"type": "Feature", "properties": {"node_id": 2354, "node_type": "type_change", "degree": 3, "link_types": "crosswalk+sidewalk"}, "geometry": {"type": "Point", "coordinates": [-71.079456, 42.4225813]}}, {"type": "Feature", "properties": {"node_id": 2355, "node_type": "type_change", "degree": 2, "link_types": "crosswalk+pseudo"}, "geometry": {"type": "Point", "coordinates": [-71.0793451, 42.4225805]}}, {"type": "Feature", "properties": {"node_id": 2356, "node_type": "type_change", "degree": 3, "link_types": "pseudo+sidewalk"}, "geometry": {"type": "Point", "coordinates": [-71.0793315, 42.4225807]}}, {"type": "Feature", "properties": {"node_id": 2357, "node_type": "type_change", "degree": 2, "link_types": "crosswalk+pseudo"}, "geometry": {"type": "Point", "coordinates": [-71.0679546, 42.4253903]}}, {"type": "Feature", "properties": {"node_id": 2358, "node_type": "type_change", "degree": 2, "link_types": "crosswalk+pseudo"}, "geometry": {"type": "Point", "coordinates": [-71.0679804, 42.4252882]}}, {"type": "Feature", "properties": {"node_id": 2359, "node_type": "type_change", "degree": 3, "link_types": "pseudo+sidewalk"}, "geometry": {"type": "Point", "coordinates": [-71.0679803, 42.4252846]}}, {"type": "Feature", "properties": {"node_id": 2360, "node_type": "junction", "degree": 3, "link_types": "sidewalk"}, "geometry": {"type": "Point", "coordinates": [-71.0710335, 42.4237994]}}, {"type": "Feature", "properties": {"node_id": 2361, "node_type": "type_change", "degree": 3, "link_types": "pseudo+sidewalk"}, "geometry": {"type": "Point", "coordinates": [-71.0710558, 42.4237997]}}, {"type": "Feature", "properties": {"node_id": 2362, "node_type": "type_change", "degree": 3, "link_types": "pseudo+sidewalk"}, "geometry": {"type": "Point", "coordinates": [-71.0710391, 42.424001]}}, {"type": "Feature", "properties": {"node_id": 2363, "node_type": "junction", "degree": 3, "link_types": "sidewalk"}, "geometry": {"type": "Point", "coordinates": [-71.0764416, 42.4272057]}}, {"type": "Feature", "properties": {"node_id": 2364, "node_type": "type_change", "degree": 2, "link_types": "midblock+sidewalk"}, "geometry": {"type": "Point", "coordinates": [-71.0764774, 42.4272044]}}, {"type": "Feature", "properties": {"node_id": 2365, "node_type": "type_change", "degree": 2, "link_types": "midblock+sidewalk"}, "geometry": {"type": "Point", "coordinates": [-71.0765267, 42.4272025]}}, {"type": "Feature", "properties": {"node_id": 2366, "node_type": "type_change", "degree": 2, "link_types": "midblock+sidewalk"}, "geometry": {"type": "Point", "coordinates": [-71.0766099, 42.4271994]}}, {"type": "Feature", "properties": {"node_id": 2367, "node_type": "type_change", "degree": 2, "link_types": "midblock+sidewalk"}, "geometry": {"type": "Point", "coordinates": [-71.0767216, 42.427187]}}, {"type": "Feature", "properties": {"node_id": 2368, "node_type": "type_change", "degree": 2, "link_types": "midblock+sidewalk"}, "geometry": {"type": "Point", "coordinates": [-71.0769644, 42.4272161]}}, {"type": "Feature", "properties": {"node_id": 2369, "node_type": "junction", "degree": 3, "link_types": "midblock"}, "geometry": {"type": "Point", "coordinates": [-71.0769954, 42.4272216]}}, {"type": "Feature", "properties": {"node_id": 2370, "node_type": "type_change", "degree": 3, "link_types": "pseudo+sidewalk"}, "geometry": {"type": "Point", "coordinates": [-71.0764406, 42.427205]}}, {"type": "Feature", "properties": {"node_id": 2371, "node_type": "endpoint", "degree": 1, "link_types": "sidewalk"}, "geometry": {"type": "Point", "coordinates": [-71.0678681, 42.4244725]}}, {"type": "Feature", "properties": {"node_id": 2372, "node_type": "endpoint", "degree": 1, "link_types": "sidewalk"}, "geometry": {"type": "Point", "coordinates": [-71.067876, 42.4247138]}}, {"type": "Feature", "properties": {"node_id": 2373, "node_type": "junction", "degree": 3, "link_types": "sidewalk"}, "geometry": {"type": "Point", "coordinates": [-71.0706526, 42.4263782]}}, {"type": "Feature", "properties": {"node_id": 2374, "node_type": "type_change", "degree": 3, "link_types": "pseudo+sidewalk"}, "geometry": {"type": "Point", "coordinates": [-71.0706516, 42.426379]}}, {"type": "Feature", "properties": {"node_id": 2375, "node_type": "endpoint", "degree": 1, "link_types": "sidewalk"}, "geometry": {"type": "Point", "coordinates": [-71.0707413, 42.4263839]}}, {"type": "Feature", "properties": {"node_id": 2376, "node_type": "endpoint", "degree": 1, "link_types": "crosswalk"}, "geometry": {"type": "Point", "coordinates": [-71.0687761, 42.4260635]}}, {"type": "Feature", "properties": {"node_id": 2377, "node_type": "type_change", "degree": 3, "link_types": "crosswalk+pseudo"}, "geometry": {"type": "Point", "coordinates": [-71.0687752, 42.4260642]}}, {"type": "Feature", "properties": {"node_id": 2378, "node_type": "endpoint", "degree": 1, "link_types": "sidewalk"}, "geometry": {"type": "Point", "coordinates": [-71.0716327, 42.4271444]}}, {"type": "Feature", "properties": {"node_id": 2379, "node_type": "type_change", "degree": 3, "link_types": "pseudo+sidewalk"}, "geometry": {"type": "Point", "coordinates": [-71.0718061, 42.4270922]}}, {"type": "Feature", "properties": {"node_id": 2380, "node_type": "endpoint", "degree": 1, "link_types": "sidewalk"}, "geometry": {"type": "Point", "coordinates": [-71.069563, 42.4187404]}}, {"type": "Feature", "properties": {"node_id": 2381, "node_type": "type_change", "degree": 3, "link_types": "pseudo+sidewalk"}, "geometry": {"type": "Point", "coordinates": [-71.0695768, 42.4187459]}}, {"type": "Feature", "properties": {"node_id": 2382, "node_type": "junction", "degree": 3, "link_types": "sidewalk"}, "geometry": {"type": "Point", "coordinates": [-71.0668202, 42.4206076]}}, {"type": "Feature", "properties": {"node_id": 2383, "node_type": "junction", "degree": 3, "link_types": "sidewalk"}, "geometry": {"type": "Point", "coordinates": [-71.067091, 42.4202079]}}, {"type": "Feature", "properties": {"node_id": 2384, "node_type": "junction", "degree": 3, "link_types": "sidewalk"}, "geometry": {"type": "Point", "coordinates": [-71.0665125, 42.4202688]}}, {"type": "Feature", "properties": {"node_id": 2385, "node_type": "junction", "degree": 3, "link_types": "sidewalk"}, "geometry": {"type": "Point", "coordinates": [-71.0772076, 42.4271076]}}, {"type": "Feature", "properties": {"node_id": 2386, "node_type": "junction", "degree": 3, "link_types": "sidewalk"}, "geometry": {"type": "Point", "coordinates": [-71.0771725, 42.4271356]}}, {"type": "Feature", "properties": {"node_id": 2387, "node_type": "junction", "degree": 3, "link_types": "sidewalk"}, "geometry": {"type": "Point", "coordinates": [-71.0669289, 42.4270816]}}, {"type": "Feature", "properties": {"node_id": 2388, "node_type": "endpoint", "degree": 1, "link_types": "sidewalk"}, "geometry": {"type": "Point", "coordinates": [-71.0669596, 42.4271293]}}, {"type": "Feature", "properties": {"node_id": 2389, "node_type": "type_change", "degree": 3, "link_types": "pseudo+sidewalk"}, "geometry": {"type": "Point", "coordinates": [-71.0669279, 42.4270816]}}, {"type": "Feature", "properties": {"node_id": 2390, "node_type": "junction", "degree": 3, "link_types": "sidewalk"}, "geometry": {"type": "Point", "coordinates": [-71.0669289, 42.4270809]}}, {"type": "Feature", "properties": {"node_id": 2391, "node_type": "endpoint", "degree": 1, "link_types": "sidewalk"}, "geometry": {"type": "Point", "coordinates": [-71.0759157, 42.4274487]}}, {"type": "Feature", "properties": {"node_id": 2392, "node_type": "junction", "degree": 3, "link_types": "pseudo"}, "geometry": {"type": "Point", "coordinates": [-71.0739552, 42.4258834]}}, {"type": "Feature", "properties": {"node_id": 2393, "node_type": "type_change", "degree": 3, "link_types": "pseudo+sidewalk"}, "geometry": {"type": "Point", "coordinates": [-71.0739562, 42.4258841]}}, {"type": "Feature", "properties": {"node_id": 2394, "node_type": "type_change", "degree": 3, "link_types": "pseudo+sidewalk"}, "geometry": {"type": "Point", "coordinates": [-71.0739552, 42.4258841]}}, {"type": "Feature", "properties": {"node_id": 2395, "node_type": "type_change", "degree": 2, "link_types": "crosswalk+pseudo"}, "geometry": {"type": "Point", "coordinates": [-71.0739499, 42.4258705]}}, {"type": "Feature", "properties": {"node_id": 2396, "node_type": "type_change", "degree": 2, "link_types": "crosswalk+pseudo"}, "geometry": {"type": "Point", "coordinates": [-71.0740731, 42.4256536]}}, {"type": "Feature", "properties": {"node_id": 2397, "node_type": "type_change", "degree": 3, "link_types": "pseudo+sidewalk"}, "geometry": {"type": "Point", "coordinates": [-71.0740844, 42.425644]}}, {"type": "Feature", "properties": {"node_id": 2398, "node_type": "junction", "degree": 3, "link_types": "sidewalk"}, "geometry": {"type": "Point", "coordinates": [-71.0672139, 42.4209319]}}, {"type": "Feature", "properties": {"node_id": 2399, "node_type": "endpoint", "degree": 1, "link_types": "sidewalk"}, "geometry": {"type": "Point", "coordinates": [-71.0670166, 42.4210529]}}, {"type": "Feature", "properties": {"node_id": 2400, "node_type": "endpoint", "degree": 1, "link_types": "sidewalk"}, "geometry": {"type": "Point", "coordinates": [-71.0670404, 42.4208594]}}, {"type": "Feature", "properties": {"node_id": 2401, "node_type": "junction", "degree": 3, "link_types": "sidewalk"}, "geometry": {"type": "Point", "coordinates": [-71.0706378, 42.4265212]}}, {"type": "Feature", "properties": {"node_id": 2402, "node_type": "junction", "degree": 3, "link_types": "sidewalk"}, "geometry": {"type": "Point", "coordinates": [-71.0706388, 42.4265211]}}, {"type": "Feature", "properties": {"node_id": 2403, "node_type": "junction", "degree": 3, "link_types": "sidewalk"}, "geometry": {"type": "Point", "coordinates": [-71.0706133, 42.4265454]}}, {"type": "Feature", "properties": {"node_id": 2404, "node_type": "type_change", "degree": 3, "link_types": "pseudo+sidewalk"}, "geometry": {"type": "Point", "coordinates": [-71.0706388, 42.4265204]}}, {"type": "Feature", "properties": {"node_id": 2405, "node_type": "type_change", "degree": 2, "link_types": "crosswalk+pseudo"}, "geometry": {"type": "Point", "coordinates": [-71.0723085, 42.4194098]}}, {"type": "Feature", "properties": {"node_id": 2406, "node_type": "type_change", "degree": 2, "link_types": "crosswalk+pseudo"}, "geometry": {"type": "Point", "coordinates": [-71.0723153, 42.4194666]}}, {"type": "Feature", "properties": {"node_id": 2407, "node_type": "type_change", "degree": 2, "link_types": "pseudo+sidewalk"}, "geometry": {"type": "Point", "coordinates": [-71.0723221, 42.4194081]}}, {"type": "Feature", "properties": {"node_id": 2408, "node_type": "type_change", "degree": 2, "link_types": "midblock+sidewalk"}, "geometry": {"type": "Point", "coordinates": [-71.0722408, 42.4184943]}}, {"type": "Feature", "properties": {"node_id": 2409, "node_type": "type_change", "degree": 2, "link_types": "midblock+sidewalk"}, "geometry": {"type": "Point", "coordinates": [-71.0722337, 42.4184152]}}, {"type": "Feature", "properties": {"node_id": 2410, "node_type": "type_change", "degree": 3, "link_types": "pseudo+sidewalk"}, "geometry": {"type": "Point", "coordinates": [-71.072236, 42.418123]}}, {"type": "Feature", "properties": {"node_id": 2411, "node_type": "type_change", "degree": 3, "link_types": "pseudo+sidewalk"}, "geometry": {"type": "Point", "coordinates": [-71.0671082, 42.4234532]}}, {"type": "Feature", "properties": {"node_id": 2412, "node_type": "type_change", "degree": 3, "link_types": "pseudo+sidewalk"}, "geometry": {"type": "Point", "coordinates": [-71.0760854, 42.4265487]}}, {"type": "Feature", "properties": {"node_id": 2413, "node_type": "junction", "degree": 3, "link_types": "sidewalk"}, "geometry": {"type": "Point", "coordinates": [-71.0738047, 42.426747]}}, {"type": "Feature", "properties": {"node_id": 2414, "node_type": "junction", "degree": 3, "link_types": "crosswalk"}, "geometry": {"type": "Point", "coordinates": [-71.0797673, 42.4266447]}}, {"type": "Feature", "properties": {"node_id": 2415, "node_type": "type_change", "degree": 2, "link_types": "crosswalk+sidewalk"}, "geometry": {"type": "Point", "coordinates": [-71.0797664, 42.4266455]}}, {"type": "Feature", "properties": {"node_id": 2416, "node_type": "type_change", "degree": 2, "link_types": "crosswalk+pseudo"}, "geometry": {"type": "Point", "coordinates": [-71.0798932, 42.4266287]}}, {"type": "Feature", "properties": {"node_id": 2417, "node_type": "type_change", "degree": 2, "link_types": "crosswalk+sidewalk"}, "geometry": {"type": "Point", "coordinates": [-71.0797663, 42.426644]}}, {"type": "Feature", "properties": {"node_id": 2418, "node_type": "type_change", "degree": 2, "link_types": "midblock+sidewalk"}, "geometry": {"type": "Point", "coordinates": [-71.0797293, 42.4264148]}}, {"type": "Feature", "properties": {"node_id": 2419, "node_type": "endpoint", "degree": 1, "link_types": "midblock"}, "geometry": {"type": "Point", "coordinates": [-71.0797293, 42.4263781]}}, {"type": "Feature", "properties": {"node_id": 2420, "node_type": "type_change", "degree": 2, "link_types": "midblock+sidewalk"}, "geometry": {"type": "Point", "coordinates": [-71.0804446, 42.4216705]}}, {"type": "Feature", "properties": {"node_id": 2421, "node_type": "type_change", "degree": 2, "link_types": "midblock+sidewalk"}, "geometry": {"type": "Point", "coordinates": [-71.080565, 42.4216705]}}, {"type": "Feature", "properties": {"node_id": 2422, "node_type": "endpoint", "degree": 1, "link_types": "sidewalk"}, "geometry": {"type": "Point", "coordinates": [-71.0808086, 42.4216706]}}, {"type": "Feature", "properties": {"node_id": 2423, "node_type": "junction", "degree": 3, "link_types": "sidewalk"}, "geometry": {"type": "Point", "coordinates": [-71.0799745, 42.4191499]}}, {"type": "Feature", "properties": {"node_id": 2424, "node_type": "type_change", "degree": 2, "link_types": "pseudo+sidewalk"}, "geometry": {"type": "Point", "coordinates": [-71.0799736, 42.4191506]}}, {"type": "Feature", "properties": {"node_id": 2425, "node_type": "type_change", "degree": 2, "link_types": "crosswalk+pseudo"}, "geometry": {"type": "Point", "coordinates": [-71.0799669, 42.419155]}}, {"type": "Feature", "properties": {"node_id": 2426, "node_type": "endpoint", "degree": 1, "link_types": "sidewalk"}, "geometry": {"type": "Point", "coordinates": [-71.0799829, 42.4191663]}}, {"type": "Feature", "properties": {"node_id": 2427, "node_type": "endpoint", "degree": 1, "link_types": "sidewalk"}, "geometry": {"type": "Point", "coordinates": [-71.0799526, 42.4190443]}}, {"type": "Feature", "properties": {"node_id": 2428, "node_type": "type_change", "degree": 3, "link_types": "pseudo+sidewalk"}, "geometry": {"type": "Point", "coordinates": [-71.0752496, 42.4215553]}}, {"type": "Feature", "properties": {"node_id": 2429, "node_type": "type_change", "degree": 3, "link_types": "pseudo+sidewalk"}, "geometry": {"type": "Point", "coordinates": [-71.0752486, 42.4215546]}}, {"type": "Feature", "properties": {"node_id": 2430, "node_type": "type_change", "degree": 2, "link_types": "crosswalk+pseudo"}, "geometry": {"type": "Point", "coordinates": [-71.079806, 42.427551]}}, {"type": "Feature", "properties": {"node_id": 2431, "node_type": "type_change", "degree": 2, "link_types": "crosswalk+pseudo"}, "geometry": {"type": "Point", "coordinates": [-71.0798217, 42.4274362]}}, {"type": "Feature", "properties": {"node_id": 2432, "node_type": "type_change", "degree": 2, "link_types": "midblock+sidewalk"}, "geometry": {"type": "Point", "coordinates": [-71.0744969, 42.4273389]}}, {"type": "Feature", "properties": {"node_id": 2433, "node_type": "type_change", "degree": 2, "link_types": "midblock+sidewalk"}, "geometry": {"type": "Point", "coordinates": [-71.0745529, 42.4273346]}}, {"type": "Feature", "properties": {"node_id": 2434, "node_type": "endpoint", "degree": 1, "link_types": "sidewalk"}, "geometry": {"type": "Point", "coordinates": [-71.0748801, 42.427301]}}, {"type": "Feature", "properties": {"node_id": 2435, "node_type": "endpoint", "degree": 1, "link_types": "sidewalk"}, "geometry": {"type": "Point", "coordinates": [-71.0776858, 42.4242179]}}, {"type": "Feature", "properties": {"node_id": 2436, "node_type": "endpoint", "degree": 1, "link_types": "sidewalk"}, "geometry": {"type": "Point", "coordinates": [-71.0777162, 42.4243419]}}, {"type": "Feature", "properties": {"node_id": 2437, "node_type": "endpoint", "degree": 1, "link_types": "sidewalk"}, "geometry": {"type": "Point", "coordinates": [-71.0723892, 42.4233347]}}, {"type": "Feature", "properties": {"node_id": 2438, "node_type": "type_change", "degree": 2, "link_types": "pseudo+sidewalk"}, "geometry": {"type": "Point", "coordinates": [-71.0723892, 42.423334]}}, {"type": "Feature", "properties": {"node_id": 2439, "node_type": "type_change", "degree": 2, "link_types": "crosswalk+pseudo"}, "geometry": {"type": "Point", "coordinates": [-71.0723974, 42.4233158]}}, {"type": "Feature", "properties": {"node_id": 2440, "node_type": "endpoint", "degree": 1, "link_types": "sidewalk"}, "geometry": {"type": "Point", "coordinates": [-71.0732919, 42.4272657]}}, {"type": "Feature", "properties": {"node_id": 2441, "node_type": "type_change", "degree": 3, "link_types": "pseudo+sidewalk"}, "geometry": {"type": "Point", "coordinates": [-71.0732902, 42.4272462]}}, {"type": "Feature", "properties": {"node_id": 2442, "node_type": "endpoint", "degree": 1, "link_types": "sidewalk"}, "geometry": {"type": "Point", "coordinates": [-71.0697933, 42.426388]}}, {"type": "Feature", "properties": {"node_id": 2443, "node_type": "type_change", "degree": 2, "link_types": "midblock+sidewalk"}, "geometry": {"type": "Point", "coordinates": [-71.0704105, 42.4263801]}}, {"type": "Feature", "properties": {"node_id": 2444, "node_type": "junction", "degree": 3, "link_types": "sidewalk"}, "geometry": {"type": "Point", "coordinates": [-71.0810975, 42.4249376]}}, {"type": "Feature", "properties": {"node_id": 2445, "node_type": "type_change", "degree": 2, "link_types": "pseudo+sidewalk"}, "geometry": {"type": "Point", "coordinates": [-71.0810443, 42.4249458]}}, {"type": "Feature", "properties": {"node_id": 2446, "node_type": "type_change", "degree": 2, "link_types": "crosswalk+pseudo"}, "geometry": {"type": "Point", "coordinates": [-71.0810381, 42.4249358]}}, {"type": "Feature", "properties": {"node_id": 2447, "node_type": "type_change", "degree": 2, "link_types": "crosswalk+pseudo"}, "geometry": {"type": "Point", "coordinates": [-71.0810932, 42.4249247]}}, {"type": "Feature", "properties": {"node_id": 2448, "node_type": "type_change", "degree": 3, "link_types": "pseudo+sidewalk"}, "geometry": {"type": "Point", "coordinates": [-71.0810975, 42.4249369]}}, {"type": "Feature", "properties": {"node_id": 2449, "node_type": "endpoint", "degree": 1, "link_types": "sidewalk"}, "geometry": {"type": "Point", "coordinates": [-71.0770129, 42.4260412]}}, {"type": "Feature", "properties": {"node_id": 2450, "node_type": "type_change", "degree": 2, "link_types": "midblock+sidewalk"}, "geometry": {"type": "Point", "coordinates": [-71.0768958, 42.4260553]}}, {"type": "Feature", "properties": {"node_id": 2451, "node_type": "type_change", "degree": 2, "link_types": "midblock+sidewalk"}, "geometry": {"type": "Point", "coordinates": [-71.076796, 42.4260673]}}, {"type": "Feature", "properties": {"node_id": 2452, "node_type": "endpoint", "degree": 1, "link_types": "sidewalk"}, "geometry": {"type": "Point", "coordinates": [-71.079179, 42.4194971]}}, {"type": "Feature", "properties": {"node_id": 2453, "node_type": "type_change", "degree": 2, "link_types": "crosswalk+pseudo"}, "geometry": {"type": "Point", "coordinates": [-71.0744297, 42.4273279]}}, {"type": "Feature", "properties": {"node_id": 2454, "node_type": "type_change", "degree": 2, "link_types": "crosswalk+pseudo"}, "geometry": {"type": "Point", "coordinates": [-71.0743014, 42.4272395]}}, {"type": "Feature", "properties": {"node_id": 2455, "node_type": "endpoint", "degree": 1, "link_types": "sidewalk"}, "geometry": {"type": "Point", "coordinates": [-71.0777497, 42.4194978]}}, {"type": "Feature", "properties": {"node_id": 2456, "node_type": "junction", "degree": 3, "link_types": "sidewalk"}, "geometry": {"type": "Point", "coordinates": [-71.077731, 42.4194924]}}, {"type": "Feature", "properties": {"node_id": 2457, "node_type": "type_change", "degree": 2, "link_types": "crosswalk+pseudo"}, "geometry": {"type": "Point", "coordinates": [-71.0833252, 42.4260787]}}, {"type": "Feature", "properties": {"node_id": 2458, "node_type": "type_change", "degree": 2, "link_types": "crosswalk+pseudo"}, "geometry": {"type": "Point", "coordinates": [-71.0834332, 42.42605]}}, {"type": "Feature", "properties": {"node_id": 2459, "node_type": "type_change", "degree": 3, "link_types": "pseudo+sidewalk"}, "geometry": {"type": "Point", "coordinates": [-71.0834445, 42.426039]}}, {"type": "Feature", "properties": {"node_id": 2460, "node_type": "endpoint", "degree": 1, "link_types": "sidewalk"}, "geometry": {"type": "Point", "coordinates": [-71.0687957, 42.4262439]}}, {"type": "Feature", "properties": {"node_id": 2461, "node_type": "type_change", "degree": 3, "link_types": "pseudo+sidewalk"}, "geometry": {"type": "Point", "coordinates": [-71.0687599, 42.4262222]}}, {"type": "Feature", "properties": {"node_id": 2462, "node_type": "junction", "degree": 3, "link_types": "sidewalk"}, "geometry": {"type": "Point", "coordinates": [-71.0675558, 42.4210662]}}, {"type": "Feature", "properties": {"node_id": 2463, "node_type": "type_change", "degree": 2, "link_types": "pseudo+sidewalk"}, "geometry": {"type": "Point", "coordinates": [-71.0675548, 42.4210669]}}, {"type": "Feature", "properties": {"node_id": 2464, "node_type": "type_change", "degree": 2, "link_types": "crosswalk+pseudo"}, "geometry": {"type": "Point", "coordinates": [-71.0675501, 42.4210721]}}, {"type": "Feature", "properties": {"node_id": 2465, "node_type": "type_change", "degree": 2, "link_types": "crosswalk+pseudo"}, "geometry": {"type": "Point", "coordinates": [-71.0675056, 42.4210772]}}, {"type": "Feature", "properties": {"node_id": 2466, "node_type": "endpoint", "degree": 1, "link_types": "sidewalk"}, "geometry": {"type": "Point", "coordinates": [-71.0675548, 42.4210655]}}, {"type": "Feature", "properties": {"node_id": 2467, "node_type": "type_change", "degree": 2, "link_types": "midblock+sidewalk"}, "geometry": {"type": "Point", "coordinates": [-71.0800798, 42.4274177]}}, {"type": "Feature", "properties": {"node_id": 2468, "node_type": "type_change", "degree": 2, "link_types": "midblock+sidewalk"}, "geometry": {"type": "Point", "coordinates": [-71.0800959, 42.427415]}}, {"type": "Feature", "properties": {"node_id": 2469, "node_type": "type_change", "degree": 2, "link_types": "midblock+sidewalk"}, "geometry": {"type": "Point", "coordinates": [-71.0801082, 42.4274129]}}, {"type": "Feature", "properties": {"node_id": 2470, "node_type": "type_change", "degree": 2, "link_types": "midblock+sidewalk"}, "geometry": {"type": "Point", "coordinates": [-71.0801299, 42.4274092]}}, {"type": "Feature", "properties": {"node_id": 2471, "node_type": "endpoint", "degree": 1, "link_types": "sidewalk"}, "geometry": {"type": "Point", "coordinates": [-71.0701005, 42.416725]}}, {"type": "Feature", "properties": {"node_id": 2472, "node_type": "type_change", "degree": 2, "link_types": "midblock+sidewalk"}, "geometry": {"type": "Point", "coordinates": [-71.0701465, 42.4167163]}}, {"type": "Feature", "properties": {"node_id": 2473, "node_type": "type_change", "degree": 2, "link_types": "midblock+sidewalk"}, "geometry": {"type": "Point", "coordinates": [-71.0701865, 42.4167121]}}, {"type": "Feature", "properties": {"node_id": 2474, "node_type": "junction", "degree": 3, "link_types": "pseudo"}, "geometry": {"type": "Point", "coordinates": [-71.0794639, 42.423909]}}, {"type": "Feature", "properties": {"node_id": 2475, "node_type": "type_change", "degree": 2, "link_types": "crosswalk+pseudo"}, "geometry": {"type": "Point", "coordinates": [-71.0794622, 42.4239184]}}, {"type": "Feature", "properties": {"node_id": 2476, "node_type": "type_change", "degree": 2, "link_types": "crosswalk+pseudo"}, "geometry": {"type": "Point", "coordinates": [-71.0794358, 42.424001]}}, {"type": "Feature", "properties": {"node_id": 2477, "node_type": "type_change", "degree": 3, "link_types": "pseudo+sidewalk"}, "geometry": {"type": "Point", "coordinates": [-71.0794378, 42.4240024]}}, {"type": "Feature", "properties": {"node_id": 2478, "node_type": "type_change", "degree": 3, "link_types": "pseudo+sidewalk"}, "geometry": {"type": "Point", "coordinates": [-71.0794648, 42.4239082]}}, {"type": "Feature", "properties": {"node_id": 2479, "node_type": "type_change", "degree": 3, "link_types": "pseudo+sidewalk"}, "geometry": {"type": "Point", "coordinates": [-71.0794639, 42.4239082]}}, {"type": "Feature", "properties": {"node_id": 2480, "node_type": "endpoint", "degree": 1, "link_types": "sidewalk"}, "geometry": {"type": "Point", "coordinates": [-71.0765568, 42.4177047]}}, {"type": "Feature", "properties": {"node_id": 2481, "node_type": "type_change", "degree": 3, "link_types": "crosswalk+sidewalk"}, "geometry": {"type": "Point", "coordinates": [-71.0758475, 42.4177197]}}, {"type": "Feature", "properties": {"node_id": 2482, "node_type": "endpoint", "degree": 1, "link_types": "sidewalk"}, "geometry": {"type": "Point", "coordinates": [-71.0671864, 42.4263954]}}, {"type": "Feature", "properties": {"node_id": 2483, "node_type": "type_change", "degree": 2, "link_types": "pseudo+sidewalk"}, "geometry": {"type": "Point", "coordinates": [-71.0671854, 42.4263962]}}, {"type": "Feature", "properties": {"node_id": 2484, "node_type": "type_change", "degree": 2, "link_types": "crosswalk+pseudo"}, "geometry": {"type": "Point", "coordinates": [-71.0671596, 42.4264082]}}, {"type": "Feature", "properties": {"node_id": 2485, "node_type": "endpoint", "degree": 1, "link_types": "crosswalk"}, "geometry": {"type": "Point", "coordinates": [-71.0673453, 42.4264661]}}, {"type": "Feature", "properties": {"node_id": 2486, "node_type": "endpoint", "degree": 1, "link_types": "pseudo"}, "geometry": {"type": "Point", "coordinates": [-71.0689338, 42.4286109]}}, {"type": "Feature", "properties": {"node_id": 2487, "node_type": "type_change", "degree": 2, "link_types": "crosswalk+pseudo"}, "geometry": {"type": "Point", "coordinates": [-71.0689138, 42.4285926]}}, {"type": "Feature", "properties": {"node_id": 2488, "node_type": "type_change", "degree": 2, "link_types": "crosswalk+pseudo"}, "geometry": {"type": "Point", "coordinates": [-71.0689111, 42.4286301]}}, {"type": "Feature", "properties": {"node_id": 2489, "node_type": "junction", "degree": 3, "link_types": "sidewalk"}, "geometry": {"type": "Point", "coordinates": [-71.0743585, 42.4273796]}}, {"type": "Feature", "properties": {"node_id": 2490, "node_type": "endpoint", "degree": 1, "link_types": "sidewalk"}, "geometry": {"type": "Point", "coordinates": [-71.0743108, 42.4277025]}}, {"type": "Feature", "properties": {"node_id": 2491, "node_type": "type_change", "degree": 3, "link_types": "pseudo+sidewalk"}, "geometry": {"type": "Point", "coordinates": [-71.0743575, 42.4273789]}}, {"type": "Feature", "properties": {"node_id": 2492, "node_type": "endpoint", "degree": 1, "link_types": "sidewalk"}, "geometry": {"type": "Point", "coordinates": [-71.0794183, 42.4250582]}}, {"type": "Feature", "properties": {"node_id": 2493, "node_type": "junction", "degree": 3, "link_types": "sidewalk"}, "geometry": {"type": "Point", "coordinates": [-71.0675745, 42.4250974]}}, {"type": "Feature", "properties": {"node_id": 2494, "node_type": "type_change", "degree": 3, "link_types": "pseudo+sidewalk"}, "geometry": {"type": "Point", "coordinates": [-71.0675755, 42.4250974]}}, {"type": "Feature", "properties": {"node_id": 2495, "node_type": "type_change", "degree": 3, "link_types": "pseudo+sidewalk"}, "geometry": {"type": "Point", "coordinates": [-71.0675745, 42.4250967]}}, {"type": "Feature", "properties": {"node_id": 2496, "node_type": "junction", "degree": 3, "link_types": "sidewalk"}, "geometry": {"type": "Point", "coordinates": [-71.0665057, 42.4202682]}}, {"type": "Feature", "properties": {"node_id": 2497, "node_type": "junction", "degree": 3, "link_types": "sidewalk"}, "geometry": {"type": "Point", "coordinates": [-71.0664961, 42.4201545]}}, {"type": "Feature", "properties": {"node_id": 2498, "node_type": "endpoint", "degree": 1, "link_types": "sidewalk"}, "geometry": {"type": "Point", "coordinates": [-71.0799641, 42.4202458]}}, {"type": "Feature", "properties": {"node_id": 2499, "node_type": "endpoint", "degree": 1, "link_types": "sidewalk"}, "geometry": {"type": "Point", "coordinates": [-71.0799945, 42.4203123]}}, {"type": "Feature", "properties": {"node_id": 2500, "node_type": "junction", "degree": 3, "link_types": "sidewalk"}, "geometry": {"type": "Point", "coordinates": [-71.0824744, 42.4224408]}}, {"type": "Feature", "properties": {"node_id": 2501, "node_type": "endpoint", "degree": 1, "link_types": "midblock"}, "geometry": {"type": "Point", "coordinates": [-71.0795198, 42.4157166]}}, {"type": "Feature", "properties": {"node_id": 2502, "node_type": "type_change", "degree": 2, "link_types": "midblock+sidewalk"}, "geometry": {"type": "Point", "coordinates": [-71.0795215, 42.4157693]}}, {"type": "Feature", "properties": {"node_id": 2503, "node_type": "endpoint", "degree": 1, "link_types": "sidewalk"}, "geometry": {"type": "Point", "coordinates": [-71.0795223, 42.4158808]}}, {"type": "Feature", "properties": {"node_id": 2504, "node_type": "junction", "degree": 3, "link_types": "pseudo"}, "geometry": {"type": "Point", "coordinates": [-71.079954, 42.421117]}}, {"type": "Feature", "properties": {"node_id": 2505, "node_type": "type_change", "degree": 2, "link_types": "crosswalk+pseudo"}, "geometry": {"type": "Point", "coordinates": [-71.079955, 42.4211177]}}, {"type": "Feature", "properties": {"node_id": 2506, "node_type": "type_change", "degree": 3, "link_types": "crosswalk+pseudo"}, "geometry": {"type": "Point", "coordinates": [-71.0799569, 42.421117]}}, {"type": "Feature", "properties": {"node_id": 2507, "node_type": "endpoint", "degree": 1, "link_types": "pseudo"}, "geometry": {"type": "Point", "coordinates": [-71.0799521, 42.4211178]}}, {"type": "Feature", "properties": {"node_id": 2508, "node_type": "endpoint", "degree": 1, "link_types": "sidewalk"}, "geometry": {"type": "Point", "coordinates": [-71.0732829, 42.4280849]}}, {"type": "Feature", "properties": {"node_id": 2509, "node_type": "type_change", "degree": 2, "link_types": "crosswalk+pseudo"}, "geometry": {"type": "Point", "coordinates": [-71.0743437, 42.4273741]}}, {"type": "Feature", "properties": {"node_id": 2510, "node_type": "endpoint", "degree": 1, "link_types": "crosswalk"}, "geometry": {"type": "Point", "coordinates": [-71.0741617, 42.4273983]}}, {"type": "Feature", "properties": {"node_id": 2511, "node_type": "junction", "degree": 3, "link_types": "sidewalk"}, "geometry": {"type": "Point", "coordinates": [-71.0671869, 42.4169721]}}, {"type": "Feature", "properties": {"node_id": 2512, "node_type": "type_change", "degree": 3, "link_types": "pseudo+sidewalk"}, "geometry": {"type": "Point", "coordinates": [-71.0671869, 42.4169714]}}, {"type": "Feature", "properties": {"node_id": 2513, "node_type": "junction", "degree": 3, "link_types": "sidewalk"}, "geometry": {"type": "Point", "coordinates": [-71.0813207, 42.4286842]}}, {"type": "Feature", "properties": {"node_id": 2514, "node_type": "endpoint", "degree": 1, "link_types": "sidewalk"}, "geometry": {"type": "Point", "coordinates": [-71.0813391, 42.4288575]}}, {"type": "Feature", "properties": {"node_id": 2515, "node_type": "type_change", "degree": 2, "link_types": "pseudo+sidewalk"}, "geometry": {"type": "Point", "coordinates": [-71.0813216, 42.4286834]}}, {"type": "Feature", "properties": {"node_id": 2516, "node_type": "type_change", "degree": 2, "link_types": "crosswalk+pseudo"}, "geometry": {"type": "Point", "coordinates": [-71.0813417, 42.4286737]}}, {"type": "Feature", "properties": {"node_id": 2517, "node_type": "type_change", "degree": 2, "link_types": "crosswalk+pseudo"}, "geometry": {"type": "Point", "coordinates": [-71.0814584, 42.428673]}}, {"type": "Feature", "properties": {"node_id": 2518, "node_type": "type_change", "degree": 3, "link_types": "pseudo+sidewalk"}, "geometry": {"type": "Point", "coordinates": [-71.0814789, 42.4286741]}}, {"type": "Feature", "properties": {"node_id": 2519, "node_type": "junction", "degree": 3, "link_types": "sidewalk"}, "geometry": {"type": "Point", "coordinates": [-71.0706082, 42.427039]}}, {"type": "Feature", "properties": {"node_id": 2520, "node_type": "type_change", "degree": 2, "link_types": "pseudo+sidewalk"}, "geometry": {"type": "Point", "coordinates": [-71.070593, 42.4270486]}}, {"type": "Feature", "properties": {"node_id": 2521, "node_type": "type_change", "degree": 2, "link_types": "crosswalk+pseudo"}, "geometry": {"type": "Point", "coordinates": [-71.0705869, 42.4270408]}}, {"type": "Feature", "properties": {"node_id": 2522, "node_type": "type_change", "degree": 2, "link_types": "crosswalk+pseudo"}, "geometry": {"type": "Point", "coordinates": [-71.0704882, 42.4270275]}}, {"type": "Feature", "properties": {"node_id": 2523, "node_type": "type_change", "degree": 3, "link_types": "pseudo+sidewalk"}, "geometry": {"type": "Point", "coordinates": [-71.070488, 42.4270195]}}, {"type": "Feature", "properties": {"node_id": 2524, "node_type": "junction", "degree": 3, "link_types": "sidewalk"}, "geometry": {"type": "Point", "coordinates": [-71.073691, 42.4266583]}}, {"type": "Feature", "properties": {"node_id": 2525, "node_type": "junction", "degree": 3, "link_types": "sidewalk"}, "geometry": {"type": "Point", "coordinates": [-71.07367, 42.4266997]}}, {"type": "Feature", "properties": {"node_id": 2526, "node_type": "endpoint", "degree": 1, "link_types": "sidewalk"}, "geometry": {"type": "Point", "coordinates": [-71.0673228, 42.4183846]}}, {"type": "Feature", "properties": {"node_id": 2527, "node_type": "type_change", "degree": 2, "link_types": "pseudo+sidewalk"}, "geometry": {"type": "Point", "coordinates": [-71.067306, 42.4183474]}}, {"type": "Feature", "properties": {"node_id": 2528, "node_type": "type_change", "degree": 2, "link_types": "crosswalk+pseudo"}, "geometry": {"type": "Point", "coordinates": [-71.0673107, 42.418343]}}, {"type": "Feature", "properties": {"node_id": 2529, "node_type": "type_change", "degree": 2, "link_types": "crosswalk+pseudo"}, "geometry": {"type": "Point", "coordinates": [-71.0674296, 42.418351]}}, {"type": "Feature", "properties": {"node_id": 2530, "node_type": "type_change", "degree": 3, "link_types": "pseudo+sidewalk"}, "geometry": {"type": "Point", "coordinates": [-71.0674413, 42.4183515]}}, {"type": "Feature", "properties": {"node_id": 2531, "node_type": "endpoint", "degree": 1, "link_types": "sidewalk"}, "geometry": {"type": "Point", "coordinates": [-71.0722586, 42.41757]}}, {"type": "Feature", "properties": {"node_id": 2532, "node_type": "type_change", "degree": 2, "link_types": "pseudo+sidewalk"}, "geometry": {"type": "Point", "coordinates": [-71.0722451, 42.4175421]}}, {"type": "Feature", "properties": {"node_id": 2533, "node_type": "type_change", "degree": 2, "link_types": "crosswalk+pseudo"}, "geometry": {"type": "Point", "coordinates": [-71.0722346, 42.4175502]}}, {"type": "Feature", "properties": {"node_id": 2534, "node_type": "type_change", "degree": 2, "link_types": "crosswalk+pseudo"}, "geometry": {"type": "Point", "coordinates": [-71.0722405, 42.4176099]}}, {"type": "Feature", "properties": {"node_id": 2535, "node_type": "endpoint", "degree": 1, "link_types": "sidewalk"}, "geometry": {"type": "Point", "coordinates": [-71.0812963, 42.4167499]}}, {"type": "Feature", "properties": {"node_id": 2536, "node_type": "type_change", "degree": 2, "link_types": "midblock+sidewalk"}, "geometry": {"type": "Point", "coordinates": [-71.0816792, 42.4167519]}}, {"type": "Feature", "properties": {"node_id": 2537, "node_type": "type_change", "degree": 2, "link_types": "midblock+sidewalk"}, "geometry": {"type": "Point", "coordinates": [-71.0817142, 42.4167521]}}, {"type": "Feature", "properties": {"node_id": 2538, "node_type": "type_change", "degree": 2, "link_types": "midblock+sidewalk"}, "geometry": {"type": "Point", "coordinates": [-71.0822809, 42.4167552]}}, {"type": "Feature", "properties": {"node_id": 2539, "node_type": "type_change", "degree": 2, "link_types": "midblock+sidewalk"}, "geometry": {"type": "Point", "coordinates": [-71.0823042, 42.4167553]}}, {"type": "Feature", "properties": {"node_id": 2540, "node_type": "type_change", "degree": 2, "link_types": "midblock+sidewalk"}, "geometry": {"type": "Point", "coordinates": [-71.0831788, 42.4167589]}}, {"type": "Feature", "properties": {"node_id": 2541, "node_type": "type_change", "degree": 2, "link_types": "midblock+sidewalk"}, "geometry": {"type": "Point", "coordinates": [-71.0831981, 42.4167584]}}, {"type": "Feature", "properties": {"node_id": 2542, "node_type": "endpoint", "degree": 1, "link_types": "sidewalk"}, "geometry": {"type": "Point", "coordinates": [-71.0833606, 42.4167541]}}, {"type": "Feature", "properties": {"node_id": 2543, "node_type": "junction", "degree": 3, "link_types": "sidewalk"}, "geometry": {"type": "Point", "coordinates": [-71.0755211, 42.4177876]}}, {"type": "Feature", "properties": {"node_id": 2544, "node_type": "endpoint", "degree": 1, "link_types": "sidewalk"}, "geometry": {"type": "Point", "coordinates": [-71.0755491, 42.4178116]}}, {"type": "Feature", "properties": {"node_id": 2545, "node_type": "junction", "degree": 3, "link_types": "sidewalk"}, "geometry": {"type": "Point", "coordinates": [-71.075521, 42.4177868]}}, {"type": "Feature", "properties": {"node_id": 2546, "node_type": "endpoint", "degree": 1, "link_types": "sidewalk"}, "geometry": {"type": "Point", "coordinates": [-71.0834034, 42.4242423]}}, {"type": "Feature", "properties": {"node_id": 2547, "node_type": "type_change", "degree": 2, "link_types": "midblock+sidewalk"}, "geometry": {"type": "Point", "coordinates": [-71.0836352, 42.4242549]}}, {"type": "Feature", "properties": {"node_id": 2548, "node_type": "type_change", "degree": 2, "link_types": "midblock+sidewalk"}, "geometry": {"type": "Point", "coordinates": [-71.083751, 42.4242017]}}, {"type": "Feature", "properties": {"node_id": 2549, "node_type": "type_change", "degree": 2, "link_types": "midblock+sidewalk"}, "geometry": {"type": "Point", "coordinates": [-71.0838685, 42.4241541]}}, {"type": "Feature", "properties": {"node_id": 2550, "node_type": "type_change", "degree": 2, "link_types": "midblock+sidewalk"}, "geometry": {"type": "Point", "coordinates": [-71.0838873, 42.4241452]}}, {"type": "Feature", "properties": {"node_id": 2551, "node_type": "type_change", "degree": 2, "link_types": "midblock+sidewalk"}, "geometry": {"type": "Point", "coordinates": [-71.0841199, 42.4240342]}}, {"type": "Feature", "properties": {"node_id": 2552, "node_type": "type_change", "degree": 2, "link_types": "midblock+sidewalk"}, "geometry": {"type": "Point", "coordinates": [-71.0841661, 42.424013]}}, {"type": "Feature", "properties": {"node_id": 2553, "node_type": "endpoint", "degree": 1, "link_types": "sidewalk"}, "geometry": {"type": "Point", "coordinates": [-71.0844256, 42.4238945]}}, {"type": "Feature", "properties": {"node_id": 2554, "node_type": "type_change", "degree": 2, "link_types": "pseudo+sidewalk"}, "geometry": {"type": "Point", "coordinates": [-71.0706829, 42.419857]}}, {"type": "Feature", "properties": {"node_id": 2555, "node_type": "endpoint", "degree": 1, "link_types": "sidewalk"}, "geometry": {"type": "Point", "coordinates": [-71.0707137, 42.4197866]}}, {"type": "Feature", "properties": {"node_id": 2556, "node_type": "type_change", "degree": 2, "link_types": "pseudo+sidewalk"}, "geometry": {"type": "Point", "coordinates": [-71.070681, 42.4198571]}}, {"type": "Feature", "properties": {"node_id": 2557, "node_type": "endpoint", "degree": 1, "link_types": "sidewalk"}, "geometry": {"type": "Point", "coordinates": [-71.0705629, 42.4198722]}}, {"type": "Feature", "properties": {"node_id": 2558, "node_type": "endpoint", "degree": 1, "link_types": "sidewalk"}, "geometry": {"type": "Point", "coordinates": [-71.0708011, 42.4180704]}}, {"type": "Feature", "properties": {"node_id": 2559, "node_type": "endpoint", "degree": 1, "link_types": "sidewalk"}, "geometry": {"type": "Point", "coordinates": [-71.0706844, 42.4180401]}}, {"type": "Feature", "properties": {"node_id": 2560, "node_type": "type_change", "degree": 2, "link_types": "pseudo+sidewalk"}, "geometry": {"type": "Point", "coordinates": [-71.0777293, 42.4177331]}}, {"type": "Feature", "properties": {"node_id": 2561, "node_type": "endpoint", "degree": 1, "link_types": "sidewalk"}, "geometry": {"type": "Point", "coordinates": [-71.0776827, 42.4177354]}}, {"type": "Feature", "properties": {"node_id": 2562, "node_type": "endpoint", "degree": 1, "link_types": "sidewalk"}, "geometry": {"type": "Point", "coordinates": [-71.0749525, 42.425959]}}, {"type": "Feature", "properties": {"node_id": 2563, "node_type": "junction", "degree": 3, "link_types": "sidewalk"}, "geometry": {"type": "Point", "coordinates": [-71.0750456, 42.426012]}}, {"type": "Feature", "properties": {"node_id": 2564, "node_type": "type_change", "degree": 3, "link_types": "pseudo+sidewalk"}, "geometry": {"type": "Point", "coordinates": [-71.0682151, 42.4267753]}}, {"type": "Feature", "properties": {"node_id": 2565, "node_type": "endpoint", "degree": 1, "link_types": "midblock"}, "geometry": {"type": "Point", "coordinates": [-71.0844454, 42.4177725]}}, {"type": "Feature", "properties": {"node_id": 2566, "node_type": "type_change", "degree": 2, "link_types": "midblock+sidewalk"}, "geometry": {"type": "Point", "coordinates": [-71.0843975, 42.4177665]}}, {"type": "Feature", "properties": {"node_id": 2567, "node_type": "type_change", "degree": 2, "link_types": "midblock+sidewalk"}, "geometry": {"type": "Point", "coordinates": [-71.0841638, 42.4177372]}}, {"type": "Feature", "properties": {"node_id": 2568, "node_type": "endpoint", "degree": 1, "link_types": "midblock"}, "geometry": {"type": "Point", "coordinates": [-71.0840441, 42.4177222]}}, {"type": "Feature", "properties": {"node_id": 2569, "node_type": "type_change", "degree": 2, "link_types": "midblock+sidewalk"}, "geometry": {"type": "Point", "coordinates": [-71.0806643, 42.4236468]}}, {"type": "Feature", "properties": {"node_id": 2570, "node_type": "endpoint", "degree": 1, "link_types": "midblock"}, "geometry": {"type": "Point", "coordinates": [-71.0806625, 42.4236624]}}, {"type": "Feature", "properties": {"node_id": 2571, "node_type": "endpoint", "degree": 1, "link_types": "pseudo"}, "geometry": {"type": "Point", "coordinates": [-71.0665533, 42.4269285]}}, {"type": "Feature", "properties": {"node_id": 2572, "node_type": "junction", "degree": 3, "link_types": "sidewalk"}, "geometry": {"type": "Point", "coordinates": [-71.0684733, 42.4267915]}}, {"type": "Feature", "properties": {"node_id": 2573, "node_type": "type_change", "degree": 2, "link_types": "midblock+sidewalk"}, "geometry": {"type": "Point", "coordinates": [-71.0694003, 42.427024]}}, {"type": "Feature", "properties": {"node_id": 2574, "node_type": "junction", "degree": 3, "link_types": "midblock"}, "geometry": {"type": "Point", "coordinates": [-71.0694302, 42.4270264]}}, {"type": "Feature", "properties": {"node_id": 2575, "node_type": "endpoint", "degree": 1, "link_types": "sidewalk"}, "geometry": {"type": "Point", "coordinates": [-71.0686332, 42.4267728]}}, {"type": "Feature", "properties": {"node_id": 2576, "node_type": "endpoint", "degree": 1, "link_types": "crosswalk"}, "geometry": {"type": "Point", "coordinates": [-71.0795075, 42.4249917]}}, {"type": "Feature", "properties": {"node_id": 2577, "node_type": "endpoint", "degree": 1, "link_types": "sidewalk"}, "geometry": {"type": "Point", "coordinates": [-71.0755201, 42.4177861]}}, {"type": "Feature", "properties": {"node_id": 2578, "node_type": "endpoint", "degree": 1, "link_types": "sidewalk"}, "geometry": {"type": "Point", "coordinates": [-71.0807184, 42.4238538]}}, {"type": "Feature", "properties": {"node_id": 2579, "node_type": "junction", "degree": 3, "link_types": "sidewalk"}, "geometry": {"type": "Point", "coordinates": [-71.080753, 42.4240484]}}, {"type": "Feature", "properties": {"node_id": 2580, "node_type": "type_change", "degree": 2, "link_types": "crosswalk+pseudo"}, "geometry": {"type": "Point", "coordinates": [-71.0753996, 42.4218862]}}, {"type": "Feature", "properties": {"node_id": 2581, "node_type": "type_change", "degree": 3, "link_types": "pseudo+sidewalk"}, "geometry": {"type": "Point", "coordinates": [-71.0753927, 42.421882]}}, {"type": "Feature", "properties": {"node_id": 2582, "node_type": "type_change", "degree": 3, "link_types": "pseudo+sidewalk"}, "geometry": {"type": "Point", "coordinates": [-71.0676568, 42.4249086]}}, {"type": "Feature", "properties": {"node_id": 2583, "node_type": "type_change", "degree": 3, "link_types": "pseudo+sidewalk"}, "geometry": {"type": "Point", "coordinates": [-71.0676568, 42.4249079]}}, {"type": "Feature", "properties": {"node_id": 2584, "node_type": "junction", "degree": 3, "link_types": "pseudo"}, "geometry": {"type": "Point", "coordinates": [-71.0684573, 42.4181739]}}, {"type": "Feature", "properties": {"node_id": 2585, "node_type": "type_change", "degree": 2, "link_types": "crosswalk+pseudo"}, "geometry": {"type": "Point", "coordinates": [-71.0684555, 42.4181776]}}, {"type": "Feature", "properties": {"node_id": 2586, "node_type": "type_change", "degree": 2, "link_types": "crosswalk+pseudo"}, "geometry": {"type": "Point", "coordinates": [-71.0683671, 42.4181792]}}, {"type": "Feature", "properties": {"node_id": 2587, "node_type": "junction", "degree": 3, "link_types": "pseudo"}, "geometry": {"type": "Point", "coordinates": [-71.0683699, 42.4181755]}}, {"type": "Feature", "properties": {"node_id": 2588, "node_type": "type_change", "degree": 3, "link_types": "pseudo+sidewalk"}, "geometry": {"type": "Point", "coordinates": [-71.0684583, 42.4181732]}}, {"type": "Feature", "properties": {"node_id": 2589, "node_type": "junction", "degree": 3, "link_types": "pseudo"}, "geometry": {"type": "Point", "coordinates": [-71.0687742, 42.4260642]}}, {"type": "Feature", "properties": {"node_id": 2590, "node_type": "type_change", "degree": 3, "link_types": "crosswalk+pseudo"}, "geometry": {"type": "Point", "coordinates": [-71.0687752, 42.4260649]}}, {"type": "Feature", "properties": {"node_id": 2591, "node_type": "type_change", "degree": 2, "link_types": "pseudo+sidewalk"}, "geometry": {"type": "Point", "coordinates": [-71.0687465, 42.4260798]}}, {"type": "Feature", "properties": {"node_id": 2592, "node_type": "type_change", "degree": 2, "link_types": "pseudo+sidewalk"}, "geometry": {"type": "Point", "coordinates": [-71.0687455, 42.4260791]}}, {"type": "Feature", "properties": {"node_id": 2593, "node_type": "type_change", "degree": 2, "link_types": "crosswalk+pseudo"}, "geometry": {"type": "Point", "coordinates": [-71.0687217, 42.4260652]}}, {"type": "Feature", "properties": {"node_id": 2594, "node_type": "type_change", "degree": 2, "link_types": "crosswalk+pseudo"}, "geometry": {"type": "Point", "coordinates": [-71.068573, 42.4260088]}}, {"type": "Feature", "properties": {"node_id": 2595, "node_type": "endpoint", "degree": 1, "link_types": "pseudo"}, "geometry": {"type": "Point", "coordinates": [-71.0685639, 42.4260284]}}, {"type": "Feature", "properties": {"node_id": 2596, "node_type": "type_change", "degree": 2, "link_types": "midblock+sidewalk"}, "geometry": {"type": "Point", "coordinates": [-71.0828212, 42.4233868]}}, {"type": "Feature", "properties": {"node_id": 2597, "node_type": "type_change", "degree": 2, "link_types": "midblock+sidewalk"}, "geometry": {"type": "Point", "coordinates": [-71.0829377, 42.4233672]}}, {"type": "Feature", "properties": {"node_id": 2598, "node_type": "type_change", "degree": 2, "link_types": "midblock+sidewalk"}, "geometry": {"type": "Point", "coordinates": [-71.0831415, 42.4233328]}}, {"type": "Feature", "properties": {"node_id": 2599, "node_type": "type_change", "degree": 2, "link_types": "midblock+sidewalk"}, "geometry": {"type": "Point", "coordinates": [-71.0832675, 42.4233115]}}, {"type": "Feature", "properties": {"node_id": 2600, "node_type": "type_change", "degree": 2, "link_types": "midblock+sidewalk"}, "geometry": {"type": "Point", "coordinates": [-71.0834086, 42.4232877]}}, {"type": "Feature", "properties": {"node_id": 2601, "node_type": "type_change", "degree": 2, "link_types": "midblock+sidewalk"}, "geometry": {"type": "Point", "coordinates": [-71.0834541, 42.42328]}}, {"type": "Feature", "properties": {"node_id": 2602, "node_type": "type_change", "degree": 2, "link_types": "midblock+sidewalk"}, "geometry": {"type": "Point", "coordinates": [-71.0837841, 42.4232256]}}, {"type": "Feature", "properties": {"node_id": 2603, "node_type": "type_change", "degree": 2, "link_types": "midblock+sidewalk"}, "geometry": {"type": "Point", "coordinates": [-71.0838991, 42.4232077]}}, {"type": "Feature", "properties": {"node_id": 2604, "node_type": "type_change", "degree": 2, "link_types": "midblock+sidewalk"}, "geometry": {"type": "Point", "coordinates": [-71.0839668, 42.4232003]}}, {"type": "Feature", "properties": {"node_id": 2605, "node_type": "type_change", "degree": 2, "link_types": "midblock+sidewalk"}, "geometry": {"type": "Point", "coordinates": [-71.0839958, 42.4231922]}}, {"type": "Feature", "properties": {"node_id": 2606, "node_type": "type_change", "degree": 2, "link_types": "midblock+sidewalk"}, "geometry": {"type": "Point", "coordinates": [-71.0841833, 42.4231598]}}, {"type": "Feature", "properties": {"node_id": 2607, "node_type": "type_change", "degree": 2, "link_types": "midblock+sidewalk"}, "geometry": {"type": "Point", "coordinates": [-71.0842584, 42.423151]}}, {"type": "Feature", "properties": {"node_id": 2608, "node_type": "endpoint", "degree": 1, "link_types": "sidewalk"}, "geometry": {"type": "Point", "coordinates": [-71.0844959, 42.4232578]}}, {"type": "Feature", "properties": {"node_id": 2609, "node_type": "endpoint", "degree": 1, "link_types": "crosswalk"}, "geometry": {"type": "Point", "coordinates": [-71.0813477, 42.4186574]}}, {"type": "Feature", "properties": {"node_id": 2610, "node_type": "junction", "degree": 3, "link_types": "crosswalk"}, "geometry": {"type": "Point", "coordinates": [-71.0813476, 42.4186545]}}, {"type": "Feature", "properties": {"node_id": 2611, "node_type": "type_change", "degree": 3, "link_types": "crosswalk+sidewalk"}, "geometry": {"type": "Point", "coordinates": [-71.0799637, 42.4211168]}}, {"type": "Feature", "properties": {"node_id": 2612, "node_type": "type_change", "degree": 2, "link_types": "crosswalk+pseudo"}, "geometry": {"type": "Point", "coordinates": [-71.0687095, 42.4262268]}}, {"type": "Feature", "properties": {"node_id": 2613, "node_type": "type_change", "degree": 3, "link_types": "pseudo+sidewalk"}, "geometry": {"type": "Point", "coordinates": [-71.0800632, 42.4288007]}}, {"type": "Feature", "properties": {"node_id": 2614, "node_type": "endpoint", "degree": 1, "link_types": "sidewalk"}, "geometry": {"type": "Point", "coordinates": [-71.0721718, 42.4174426]}}, {"type": "Feature", "properties": {"node_id": 2615, "node_type": "endpoint", "degree": 1, "link_types": "crosswalk"}, "geometry": {"type": "Point", "coordinates": [-71.0800206, 42.4209235]}}, {"type": "Feature", "properties": {"node_id": 2616, "node_type": "endpoint", "degree": 1, "link_types": "crosswalk"}, "geometry": {"type": "Point", "coordinates": [-71.0800353, 42.4209001]}}, {"type": "Feature", "properties": {"node_id": 2617, "node_type": "junction", "degree": 3, "link_types": "pseudo"}, "geometry": {"type": "Point", "coordinates": [-71.0673559, 42.4198062]}}, {"type": "Feature", "properties": {"node_id": 2618, "node_type": "type_change", "degree": 3, "link_types": "pseudo+sidewalk"}, "geometry": {"type": "Point", "coordinates": [-71.0673549, 42.4198069]}}, {"type": "Feature", "properties": {"node_id": 2619, "node_type": "type_change", "degree": 3, "link_types": "crosswalk+pseudo"}, "geometry": {"type": "Point", "coordinates": [-71.067379, 42.4198014]}}, {"type": "Feature", "properties": {"node_id": 2620, "node_type": "type_change", "degree": 3, "link_types": "pseudo+sidewalk"}, "geometry": {"type": "Point", "coordinates": [-71.0673549, 42.4198062]}}, {"type": "Feature", "properties": {"node_id": 2621, "node_type": "junction", "degree": 3, "link_types": "sidewalk"}, "geometry": {"type": "Point", "coordinates": [-71.0698009, 42.4270917]}}, {"type": "Feature", "properties": {"node_id": 2622, "node_type": "junction", "degree": 3, "link_types": "sidewalk"}, "geometry": {"type": "Point", "coordinates": [-71.0697999, 42.4270925]}}, {"type": "Feature", "properties": {"node_id": 2623, "node_type": "junction", "degree": 3, "link_types": "sidewalk"}, "geometry": {"type": "Point", "coordinates": [-71.0697999, 42.4270918]}}, {"type": "Feature", "properties": {"node_id": 2624, "node_type": "junction", "degree": 3, "link_types": "pseudo"}, "geometry": {"type": "Point", "coordinates": [-71.0788659, 42.4267627]}}, {"type": "Feature", "properties": {"node_id": 2625, "node_type": "type_change", "degree": 2, "link_types": "crosswalk+pseudo"}, "geometry": {"type": "Point", "coordinates": [-71.0788674, 42.4267785]}}, {"type": "Feature", "properties": {"node_id": 2626, "node_type": "type_change", "degree": 2, "link_types": "crosswalk+pseudo"}, "geometry": {"type": "Point", "coordinates": [-71.0789205, 42.4267674]}}, {"type": "Feature", "properties": {"node_id": 2627, "node_type": "type_change", "degree": 3, "link_types": "pseudo+sidewalk"}, "geometry": {"type": "Point", "coordinates": [-71.0789202, 42.4267588]}}, {"type": "Feature", "properties": {"node_id": 2628, "node_type": "type_change", "degree": 2, "link_types": "pseudo+sidewalk"}, "geometry": {"type": "Point", "coordinates": [-71.0788668, 42.4267619]}}, {"type": "Feature", "properties": {"node_id": 2629, "node_type": "junction", "degree": 3, "link_types": "sidewalk"}, "geometry": {"type": "Point", "coordinates": [-71.0788687, 42.4267604]}}, {"type": "Feature", "properties": {"node_id": 2630, "node_type": "type_change", "degree": 2, "link_types": "pseudo+sidewalk"}, "geometry": {"type": "Point", "coordinates": [-71.0788649, 42.426762]}}, {"type": "Feature", "properties": {"node_id": 2631, "node_type": "type_change", "degree": 2, "link_types": "midblock+sidewalk"}, "geometry": {"type": "Point", "coordinates": [-71.0787699, 42.426773]}}, {"type": "Feature", "properties": {"node_id": 2632, "node_type": "type_change", "degree": 2, "link_types": "midblock+sidewalk"}, "geometry": {"type": "Point", "coordinates": [-71.0786951, 42.4267817]}}, {"type": "Feature", "properties": {"node_id": 2633, "node_type": "type_change", "degree": 2, "link_types": "midblock+sidewalk"}, "geometry": {"type": "Point", "coordinates": [-71.0785809, 42.426795]}}, {"type": "Feature", "properties": {"node_id": 2634, "node_type": "type_change", "degree": 2, "link_types": "midblock+sidewalk"}, "geometry": {"type": "Point", "coordinates": [-71.0785118, 42.4268031]}}, {"type": "Feature", "properties": {"node_id": 2635, "node_type": "type_change", "degree": 3, "link_types": "pseudo+sidewalk"}, "geometry": {"type": "Point", "coordinates": [-71.0783737, 42.4268191]}}, {"type": "Feature", "properties": {"node_id": 2636, "node_type": "junction", "degree": 3, "link_types": "sidewalk"}, "geometry": {"type": "Point", "coordinates": [-71.0761844, 42.427075]}}, {"type": "Feature", "properties": {"node_id": 2637, "node_type": "type_change", "degree": 2, "link_types": "pseudo+sidewalk"}, "geometry": {"type": "Point", "coordinates": [-71.0761854, 42.4270757]}}, {"type": "Feature", "properties": {"node_id": 2638, "node_type": "type_change", "degree": 2, "link_types": "crosswalk+pseudo"}, "geometry": {"type": "Point", "coordinates": [-71.0761944, 42.4270813]}}, {"type": "Feature", "properties": {"node_id": 2639, "node_type": "type_change", "degree": 2, "link_types": "crosswalk+pseudo"}, "geometry": {"type": "Point", "coordinates": [-71.0763347, 42.4270888]}}, {"type": "Feature", "properties": {"node_id": 2640, "node_type": "type_change", "degree": 2, "link_types": "pseudo+sidewalk"}, "geometry": {"type": "Point", "coordinates": [-71.0763558, 42.4270827]}}, {"type": "Feature", "properties": {"node_id": 2641, "node_type": "junction", "degree": 3, "link_types": "sidewalk"}, "geometry": {"type": "Point", "coordinates": [-71.0764068, 42.4270947]}}, {"type": "Feature", "properties": {"node_id": 2642, "node_type": "type_change", "degree": 2, "link_types": "midblock+sidewalk"}, "geometry": {"type": "Point", "coordinates": [-71.0759513, 42.4270948]}}, {"type": "Feature", "properties": {"node_id": 2643, "node_type": "type_change", "degree": 2, "link_types": "midblock+sidewalk"}, "geometry": {"type": "Point", "coordinates": [-71.0759044, 42.4271038]}}, {"type": "Feature", "properties": {"node_id": 2644, "node_type": "type_change", "degree": 3, "link_types": "pseudo+sidewalk"}, "geometry": {"type": "Point", "coordinates": [-71.0761966, 42.4268838]}}, {"type": "Feature", "properties": {"node_id": 2645, "node_type": "endpoint", "degree": 1, "link_types": "midblock"}, "geometry": {"type": "Point", "coordinates": [-71.0704473, 42.4263459]}}, {"type": "Feature", "properties": {"node_id": 2646, "node_type": "junction", "degree": 3, "link_types": "sidewalk"}, "geometry": {"type": "Point", "coordinates": [-71.0793257, 42.4227011]}}, {"type": "Feature", "properties": {"node_id": 2647, "node_type": "type_change", "degree": 3, "link_types": "pseudo+sidewalk"}, "geometry": {"type": "Point", "coordinates": [-71.0793258, 42.4227019]}}, {"type": "Feature", "properties": {"node_id": 2648, "node_type": "type_change", "degree": 3, "link_types": "pseudo+sidewalk"}, "geometry": {"type": "Point", "coordinates": [-71.0793267, 42.4227011]}}, {"type": "Feature", "properties": {"node_id": 2649, "node_type": "type_change", "degree": 3, "link_types": "pseudo+sidewalk"}, "geometry": {"type": "Point", "coordinates": [-71.0793059, 42.42269]}}, {"type": "Feature", "properties": {"node_id": 2650, "node_type": "endpoint", "degree": 1, "link_types": "sidewalk"}, "geometry": {"type": "Point", "coordinates": [-71.0779165, 42.4269016]}}, {"type": "Feature", "properties": {"node_id": 2651, "node_type": "junction", "degree": 3, "link_types": "sidewalk"}, "geometry": {"type": "Point", "coordinates": [-71.0779146, 42.426875]}}, {"type": "Feature", "properties": {"node_id": 2652, "node_type": "endpoint", "degree": 1, "link_types": "sidewalk"}, "geometry": {"type": "Point", "coordinates": [-71.0673488, 42.4173719]}}, {"type": "Feature", "properties": {"node_id": 2653, "node_type": "type_change", "degree": 2, "link_types": "midblock+sidewalk"}, "geometry": {"type": "Point", "coordinates": [-71.0673481, 42.4173425]}}, {"type": "Feature", "properties": {"node_id": 2654, "node_type": "type_change", "degree": 2, "link_types": "midblock+sidewalk"}, "geometry": {"type": "Point", "coordinates": [-71.0673467, 42.4172837]}}, {"type": "Feature", "properties": {"node_id": 2655, "node_type": "type_change", "degree": 2, "link_types": "midblock+sidewalk"}, "geometry": {"type": "Point", "coordinates": [-71.0673417, 42.4171856]}}, {"type": "Feature", "properties": {"node_id": 2656, "node_type": "type_change", "degree": 2, "link_types": "midblock+sidewalk"}, "geometry": {"type": "Point", "coordinates": [-71.0673365, 42.4171448]}}, {"type": "Feature", "properties": {"node_id": 2657, "node_type": "junction", "degree": 3, "link_types": "sidewalk"}, "geometry": {"type": "Point", "coordinates": [-71.0673286, 42.416966]}}, {"type": "Feature", "properties": {"node_id": 2658, "node_type": "type_change", "degree": 2, "link_types": "pseudo+sidewalk"}, "geometry": {"type": "Point", "coordinates": [-71.0717269, 42.428969]}}, {"type": "Feature", "properties": {"node_id": 2659, "node_type": "type_change", "degree": 2, "link_types": "crosswalk+pseudo"}, "geometry": {"type": "Point", "coordinates": [-71.0717319, 42.4289739]}}, {"type": "Feature", "properties": {"node_id": 2660, "node_type": "type_change", "degree": 2, "link_types": "crosswalk+pseudo"}, "geometry": {"type": "Point", "coordinates": [-71.0718127, 42.4289753]}}, {"type": "Feature", "properties": {"node_id": 2661, "node_type": "endpoint", "degree": 1, "link_types": "pseudo"}, "geometry": {"type": "Point", "coordinates": [-71.0718104, 42.4289667]}}, {"type": "Feature", "properties": {"node_id": 2662, "node_type": "type_change", "degree": 2, "link_types": "midblock+sidewalk"}, "geometry": {"type": "Point", "coordinates": [-71.0716762, 42.4289751]}}, {"type": "Feature", "properties": {"node_id": 2663, "node_type": "endpoint", "degree": 1, "link_types": "midblock"}, "geometry": {"type": "Point", "coordinates": [-71.0716533, 42.4289782]}}, {"type": "Feature", "properties": {"node_id": 2664, "node_type": "junction", "degree": 3, "link_types": "pseudo"}, "geometry": {"type": "Point", "coordinates": [-71.0734945, 42.4271892]}}, {"type": "Feature", "properties": {"node_id": 2665, "node_type": "type_change", "degree": 2, "link_types": "crosswalk+pseudo"}, "geometry": {"type": "Point", "coordinates": [-71.0734955, 42.427218]}}, {"type": "Feature", "properties": {"node_id": 2666, "node_type": "type_change", "degree": 2, "link_types": "crosswalk+pseudo"}, "geometry": {"type": "Point", "coordinates": [-71.0735428, 42.4272366]}}, {"type": "Feature", "properties": {"node_id": 2667, "node_type": "type_change", "degree": 3, "link_types": "pseudo+sidewalk"}, "geometry": {"type": "Point", "coordinates": [-71.0735598, 42.4272226]}}, {"type": "Feature", "properties": {"node_id": 2668, "node_type": "type_change", "degree": 2, "link_types": "pseudo+sidewalk"}, "geometry": {"type": "Point", "coordinates": [-71.0734955, 42.4271885]}}, {"type": "Feature", "properties": {"node_id": 2669, "node_type": "type_change", "degree": 2, "link_types": "pseudo+sidewalk"}, "geometry": {"type": "Point", "coordinates": [-71.0734935, 42.4271885]}}, {"type": "Feature", "properties": {"node_id": 2670, "node_type": "junction", "degree": 3, "link_types": "sidewalk"}, "geometry": {"type": "Point", "coordinates": [-71.0733143, 42.4272076]}}, {"type": "Feature", "properties": {"node_id": 2671, "node_type": "junction", "degree": 3, "link_types": "sidewalk"}, "geometry": {"type": "Point", "coordinates": [-71.0723297, 42.4194915]}}, {"type": "Feature", "properties": {"node_id": 2672, "node_type": "junction", "degree": 3, "link_types": "sidewalk"}, "geometry": {"type": "Point", "coordinates": [-71.0723288, 42.4194923]}}, {"type": "Feature", "properties": {"node_id": 2673, "node_type": "junction", "degree": 3, "link_types": "sidewalk"}, "geometry": {"type": "Point", "coordinates": [-71.0723889, 42.419489]}}, {"type": "Feature", "properties": {"node_id": 2674, "node_type": "junction", "degree": 3, "link_types": "sidewalk"}, "geometry": {"type": "Point", "coordinates": [-71.0723287, 42.4194915]}}, {"type": "Feature", "properties": {"node_id": 2675, "node_type": "endpoint", "degree": 1, "link_types": "sidewalk"}, "geometry": {"type": "Point", "coordinates": [-71.0768689, 42.424626]}}, {"type": "Feature", "properties": {"node_id": 2676, "node_type": "endpoint", "degree": 1, "link_types": "sidewalk"}, "geometry": {"type": "Point", "coordinates": [-71.0686529, 42.4259547]}}, {"type": "Feature", "properties": {"node_id": 2677, "node_type": "endpoint", "degree": 1, "link_types": "sidewalk"}, "geometry": {"type": "Point", "coordinates": [-71.0740101, 42.4262512]}}, {"type": "Feature", "properties": {"node_id": 2678, "node_type": "endpoint", "degree": 1, "link_types": "sidewalk"}, "geometry": {"type": "Point", "coordinates": [-71.0844803, 42.4230801]}}, {"type": "Feature", "properties": {"node_id": 2679, "node_type": "type_change", "degree": 2, "link_types": "pseudo+sidewalk"}, "geometry": {"type": "Point", "coordinates": [-71.0844793, 42.4230801]}}, {"type": "Feature", "properties": {"node_id": 2680, "node_type": "type_change", "degree": 3, "link_types": "crosswalk+pseudo"}, "geometry": {"type": "Point", "coordinates": [-71.0844609, 42.4230819]}}, {"type": "Feature", "properties": {"node_id": 2681, "node_type": "endpoint", "degree": 1, "link_types": "sidewalk"}, "geometry": {"type": "Point", "coordinates": [-71.0761506, 42.4175651]}}, {"type": "Feature", "properties": {"node_id": 2682, "node_type": "type_change", "degree": 3, "link_types": "pseudo+sidewalk"}, "geometry": {"type": "Point", "coordinates": [-71.0758585, 42.4175538]}}, {"type": "Feature", "properties": {"node_id": 2683, "node_type": "endpoint", "degree": 1, "link_types": "sidewalk"}, "geometry": {"type": "Point", "coordinates": [-71.0668773, 42.4233817]}}, {"type": "Feature", "properties": {"node_id": 2684, "node_type": "type_change", "degree": 2, "link_types": "midblock+sidewalk"}, "geometry": {"type": "Point", "coordinates": [-71.0668913, 42.4233752]}}, {"type": "Feature", "properties": {"node_id": 2685, "node_type": "type_change", "degree": 2, "link_types": "midblock+sidewalk"}, "geometry": {"type": "Point", "coordinates": [-71.0670122, 42.4233237]}}, {"type": "Feature", "properties": {"node_id": 2686, "node_type": "junction", "degree": 3, "link_types": "sidewalk"}, "geometry": {"type": "Point", "coordinates": [-71.0670548, 42.4233086]}}, {"type": "Feature", "properties": {"node_id": 2687, "node_type": "type_change", "degree": 2, "link_types": "crosswalk+pseudo"}, "geometry": {"type": "Point", "coordinates": [-71.0793316, 42.4234092]}}, {"type": "Feature", "properties": {"node_id": 2688, "node_type": "endpoint", "degree": 1, "link_types": "crosswalk"}, "geometry": {"type": "Point", "coordinates": [-71.0793148, 42.4233994]}}, {"type": "Feature", "properties": {"node_id": 2689, "node_type": "junction", "degree": 3, "link_types": "sidewalk"}, "geometry": {"type": "Point", "coordinates": [-71.0821494, 42.4216686]}}, {"type": "Feature", "properties": {"node_id": 2690, "node_type": "type_change", "degree": 3, "link_types": "pseudo+sidewalk"}, "geometry": {"type": "Point", "coordinates": [-71.0821504, 42.4216686]}}, {"type": "Feature", "properties": {"node_id": 2691, "node_type": "type_change", "degree": 3, "link_types": "pseudo+sidewalk"}, "geometry": {"type": "Point", "coordinates": [-71.0821494, 42.4216679]}}, {"type": "Feature", "properties": {"node_id": 2692, "node_type": "junction", "degree": 3, "link_types": "sidewalk"}, "geometry": {"type": "Point", "coordinates": [-71.0674737, 42.4183336]}}, {"type": "Feature", "properties": {"node_id": 2693, "node_type": "type_change", "degree": 2, "link_types": "midblock+sidewalk"}, "geometry": {"type": "Point", "coordinates": [-71.0676118, 42.4183276]}}, {"type": "Feature", "properties": {"node_id": 2694, "node_type": "type_change", "degree": 2, "link_types": "midblock+sidewalk"}, "geometry": {"type": "Point", "coordinates": [-71.0676493, 42.4183263]}}, {"type": "Feature", "properties": {"node_id": 2695, "node_type": "type_change", "degree": 2, "link_types": "midblock+sidewalk"}, "geometry": {"type": "Point", "coordinates": [-71.0677311, 42.4183284]}}, {"type": "Feature", "properties": {"node_id": 2696, "node_type": "type_change", "degree": 2, "link_types": "midblock+sidewalk"}, "geometry": {"type": "Point", "coordinates": [-71.0677885, 42.4183213]}}, {"type": "Feature", "properties": {"node_id": 2697, "node_type": "type_change", "degree": 2, "link_types": "midblock+sidewalk"}, "geometry": {"type": "Point", "coordinates": [-71.067949, 42.4183142]}}, {"type": "Feature", "properties": {"node_id": 2698, "node_type": "type_change", "degree": 2, "link_types": "midblock+sidewalk"}, "geometry": {"type": "Point", "coordinates": [-71.0679824, 42.4183099]}}, {"type": "Feature", "properties": {"node_id": 2699, "node_type": "type_change", "degree": 3, "link_types": "pseudo+sidewalk"}, "geometry": {"type": "Point", "coordinates": [-71.0682893, 42.4182987]}}, {"type": "Feature", "properties": {"node_id": 2700, "node_type": "junction", "degree": 3, "link_types": "sidewalk"}, "geometry": {"type": "Point", "coordinates": [-71.0674728, 42.4183336]}}, {"type": "Feature", "properties": {"node_id": 2701, "node_type": "type_change", "degree": 3, "link_types": "pseudo+sidewalk"}, "geometry": {"type": "Point", "coordinates": [-71.0674727, 42.4183329]}}, {"type": "Feature", "properties": {"node_id": 2702, "node_type": "type_change", "degree": 2, "link_types": "midblock+sidewalk"}, "geometry": {"type": "Point", "coordinates": [-71.075763, 42.427245]}}, {"type": "Feature", "properties": {"node_id": 2703, "node_type": "type_change", "degree": 2, "link_types": "midblock+sidewalk"}, "geometry": {"type": "Point", "coordinates": [-71.0756438, 42.4272562]}}, {"type": "Feature", "properties": {"node_id": 2704, "node_type": "type_change", "degree": 2, "link_types": "midblock+sidewalk"}, "geometry": {"type": "Point", "coordinates": [-71.0755146, 42.427264]}}, {"type": "Feature", "properties": {"node_id": 2705, "node_type": "type_change", "degree": 2, "link_types": "midblock+sidewalk"}, "geometry": {"type": "Point", "coordinates": [-71.0753786, 42.427273]}}, {"type": "Feature", "properties": {"node_id": 2706, "node_type": "endpoint", "degree": 1, "link_types": "sidewalk"}, "geometry": {"type": "Point", "coordinates": [-71.0750796, 42.4273666]}}, {"type": "Feature", "properties": {"node_id": 2707, "node_type": "type_change", "degree": 3, "link_types": "pseudo+sidewalk"}, "geometry": {"type": "Point", "coordinates": [-71.0686557, 42.4224908]}}, {"type": "Feature", "properties": {"node_id": 2708, "node_type": "endpoint", "degree": 1, "link_types": "sidewalk"}, "geometry": {"type": "Point", "coordinates": [-71.0808364, 42.4233344]}}, {"type": "Feature", "properties": {"node_id": 2709, "node_type": "type_change", "degree": 3, "link_types": "pseudo+sidewalk"}, "geometry": {"type": "Point", "coordinates": [-71.0806244, 42.4233353]}}, {"type": "Feature", "properties": {"node_id": 2710, "node_type": "endpoint", "degree": 1, "link_types": "sidewalk"}, "geometry": {"type": "Point", "coordinates": [-71.0691617, 42.4263454]}}, {"type": "Feature", "properties": {"node_id": 2711, "node_type": "type_change", "degree": 2, "link_types": "midblock+sidewalk"}, "geometry": {"type": "Point", "coordinates": [-71.0691483, 42.4263454]}}, {"type": "Feature", "properties": {"node_id": 2712, "node_type": "type_change", "degree": 2, "link_types": "midblock+sidewalk"}, "geometry": {"type": "Point", "coordinates": [-71.0690084, 42.426304]}}, {"type": "Feature", "properties": {"node_id": 2713, "node_type": "type_change", "degree": 2, "link_types": "pseudo+sidewalk"}, "geometry": {"type": "Point", "coordinates": [-71.0688338, 42.426249]}}, {"type": "Feature", "properties": {"node_id": 2714, "node_type": "type_change", "degree": 2, "link_types": "crosswalk+pseudo"}, "geometry": {"type": "Point", "coordinates": [-71.0688457, 42.4262279]}}, {"type": "Feature", "properties": {"node_id": 2715, "node_type": "type_change", "degree": 2, "link_types": "crosswalk+pseudo"}, "geometry": {"type": "Point", "coordinates": [-71.0687839, 42.4262117]}}, {"type": "Feature", "properties": {"node_id": 2716, "node_type": "endpoint", "degree": 1, "link_types": "sidewalk"}, "geometry": {"type": "Point", "coordinates": [-71.0720028, 42.423413]}}, {"type": "Feature", "properties": {"node_id": 2717, "node_type": "type_change", "degree": 3, "link_types": "pseudo+sidewalk"}, "geometry": {"type": "Point", "coordinates": [-71.0721143, 42.423344]}}, {"type": "Feature", "properties": {"node_id": 2718, "node_type": "type_change", "degree": 2, "link_types": "crosswalk+pseudo"}, "geometry": {"type": "Point", "coordinates": [-71.0764331, 42.427185]}}, {"type": "Feature", "properties": {"node_id": 2719, "node_type": "type_change", "degree": 2, "link_types": "crosswalk+pseudo"}, "geometry": {"type": "Point", "coordinates": [-71.0764116, 42.4271227]}}, {"type": "Feature", "properties": {"node_id": 2720, "node_type": "type_change", "degree": 3, "link_types": "pseudo+sidewalk"}, "geometry": {"type": "Point", "coordinates": [-71.0764078, 42.4270954]}}, {"type": "Feature", "properties": {"node_id": 2721, "node_type": "junction", "degree": 3, "link_types": "sidewalk"}, "geometry": {"type": "Point", "coordinates": [-71.0790025, 42.428897]}}, {"type": "Feature", "properties": {"node_id": 2722, "node_type": "type_change", "degree": 3, "link_types": "pseudo+sidewalk"}, "geometry": {"type": "Point", "coordinates": [-71.0790085, 42.4288998]}}, {"type": "Feature", "properties": {"node_id": 2723, "node_type": "type_change", "degree": 3, "link_types": "pseudo+sidewalk"}, "geometry": {"type": "Point", "coordinates": [-71.0790016, 42.428897]}}, {"type": "Feature", "properties": {"node_id": 2724, "node_type": "endpoint", "degree": 1, "link_types": "sidewalk"}, "geometry": {"type": "Point", "coordinates": [-71.0815246, 42.4225921]}}, {"type": "Feature", "properties": {"node_id": 2725, "node_type": "type_change", "degree": 2, "link_types": "midblock+sidewalk"}, "geometry": {"type": "Point", "coordinates": [-71.081179, 42.4225948]}}, {"type": "Feature", "properties": {"node_id": 2726, "node_type": "type_change", "degree": 2, "link_types": "midblock+sidewalk"}, "geometry": {"type": "Point", "coordinates": [-71.0810731, 42.4225956]}}, {"type": "Feature", "properties": {"node_id": 2727, "node_type": "type_change", "degree": 2, "link_types": "midblock+sidewalk"}, "geometry": {"type": "Point", "coordinates": [-71.0810518, 42.4225958]}}, {"type": "Feature", "properties": {"node_id": 2728, "node_type": "type_change", "degree": 2, "link_types": "midblock+sidewalk"}, "geometry": {"type": "Point", "coordinates": [-71.0810236, 42.422596]}}, {"type": "Feature", "properties": {"node_id": 2729, "node_type": "type_change", "degree": 2, "link_types": "midblock+sidewalk"}, "geometry": {"type": "Point", "coordinates": [-71.0808101, 42.4225977]}}, {"type": "Feature", "properties": {"node_id": 2730, "node_type": "type_change", "degree": 2, "link_types": "midblock+sidewalk"}, "geometry": {"type": "Point", "coordinates": [-71.0806966, 42.4225875]}}, {"type": "Feature", "properties": {"node_id": 2731, "node_type": "endpoint", "degree": 1, "link_types": "sidewalk"}, "geometry": {"type": "Point", "coordinates": [-71.0804529, 42.4225892]}}, {"type": "Feature", "properties": {"node_id": 2732, "node_type": "endpoint", "degree": 1, "link_types": "sidewalk"}, "geometry": {"type": "Point", "coordinates": [-71.0809694, 42.4269723]}}, {"type": "Feature", "properties": {"node_id": 2733, "node_type": "endpoint", "degree": 1, "link_types": "sidewalk"}, "geometry": {"type": "Point", "coordinates": [-71.0806775, 42.4268205]}}, {"type": "Feature", "properties": {"node_id": 2734, "node_type": "type_change", "degree": 2, "link_types": "crosswalk+pseudo"}, "geometry": {"type": "Point", "coordinates": [-71.0795614, 42.4257414]}}, {"type": "Feature", "properties": {"node_id": 2735, "node_type": "type_change", "degree": 2, "link_types": "crosswalk+pseudo"}, "geometry": {"type": "Point", "coordinates": [-71.0796359, 42.4259065]}}, {"type": "Feature", "properties": {"node_id": 2736, "node_type": "type_change", "degree": 2, "link_types": "pseudo+sidewalk"}, "geometry": {"type": "Point", "coordinates": [-71.0720073, 42.4263221]}}, {"type": "Feature", "properties": {"node_id": 2737, "node_type": "junction", "degree": 3, "link_types": "sidewalk"}, "geometry": {"type": "Point", "coordinates": [-71.0708149, 42.4279999]}}, {"type": "Feature", "properties": {"node_id": 2738, "node_type": "type_change", "degree": 3, "link_types": "pseudo+sidewalk"}, "geometry": {"type": "Point", "coordinates": [-71.0708139, 42.4279999]}}, {"type": "Feature", "properties": {"node_id": 2739, "node_type": "junction", "degree": 3, "link_types": "pseudo"}, "geometry": {"type": "Point", "coordinates": [-71.0675031, 42.4262377]}}, {"type": "Feature", "properties": {"node_id": 2740, "node_type": "type_change", "degree": 2, "link_types": "crosswalk+pseudo"}, "geometry": {"type": "Point", "coordinates": [-71.0675031, 42.4262392]}}, {"type": "Feature", "properties": {"node_id": 2741, "node_type": "type_change", "degree": 3, "link_types": "crosswalk+pseudo"}, "geometry": {"type": "Point", "coordinates": [-71.0675021, 42.4262385]}}, {"type": "Feature", "properties": {"node_id": 2742, "node_type": "endpoint", "degree": 1, "link_types": "pseudo"}, "geometry": {"type": "Point", "coordinates": [-71.0674791, 42.426218]}}, {"type": "Feature", "properties": {"node_id": 2743, "node_type": "endpoint", "degree": 1, "link_types": "midblock"}, "geometry": {"type": "Point", "coordinates": [-71.0673088, 42.4211564]}}, {"type": "Feature", "properties": {"node_id": 2744, "node_type": "type_change", "degree": 2, "link_types": "midblock+sidewalk"}, "geometry": {"type": "Point", "coordinates": [-71.0674402, 42.4211587]}}, {"type": "Feature", "properties": {"node_id": 2745, "node_type": "type_change", "degree": 2, "link_types": "midblock+sidewalk"}, "geometry": {"type": "Point", "coordinates": [-71.0678635, 42.4211329]}}, {"type": "Feature", "properties": {"node_id": 2746, "node_type": "type_change", "degree": 2, "link_types": "midblock+sidewalk"}, "geometry": {"type": "Point", "coordinates": [-71.0678848, 42.4211311]}}, {"type": "Feature", "properties": {"node_id": 2747, "node_type": "endpoint", "degree": 1, "link_types": "sidewalk"}, "geometry": {"type": "Point", "coordinates": [-71.0679552, 42.4211195]}}, {"type": "Feature", "properties": {"node_id": 2748, "node_type": "junction", "degree": 3, "link_types": "sidewalk"}, "geometry": {"type": "Point", "coordinates": [-71.0698056, 42.4269685]}}, {"type": "Feature", "properties": {"node_id": 2749, "node_type": "type_change", "degree": 3, "link_types": "pseudo+sidewalk"}, "geometry": {"type": "Point", "coordinates": [-71.0749979, 42.4225008]}}, {"type": "Feature", "properties": {"node_id": 2750, "node_type": "endpoint", "degree": 1, "link_types": "sidewalk"}, "geometry": {"type": "Point", "coordinates": [-71.0666156, 42.4271644]}}, {"type": "Feature", "properties": {"node_id": 2751, "node_type": "endpoint", "degree": 1, "link_types": "sidewalk"}, "geometry": {"type": "Point", "coordinates": [-71.0702914, 42.4287305]}}, {"type": "Feature", "properties": {"node_id": 2752, "node_type": "type_change", "degree": 2, "link_types": "midblock+sidewalk"}, "geometry": {"type": "Point", "coordinates": [-71.0704671, 42.4287358]}}, {"type": "Feature", "properties": {"node_id": 2753, "node_type": "type_change", "degree": 2, "link_types": "midblock+sidewalk"}, "geometry": {"type": "Point", "coordinates": [-71.0704871, 42.4287366]}}, {"type": "Feature", "properties": {"node_id": 2754, "node_type": "type_change", "degree": 3, "link_types": "pseudo+sidewalk"}, "geometry": {"type": "Point", "coordinates": [-71.0708488, 42.4287053]}}, {"type": "Feature", "properties": {"node_id": 2755, "node_type": "junction", "degree": 3, "link_types": "sidewalk"}, "geometry": {"type": "Point", "coordinates": [-71.0683364, 42.4181624]}}, {"type": "Feature", "properties": {"node_id": 2756, "node_type": "junction", "degree": 3, "link_types": "sidewalk"}, "geometry": {"type": "Point", "coordinates": [-71.0683374, 42.4181624]}}, {"type": "Feature", "properties": {"node_id": 2757, "node_type": "endpoint", "degree": 1, "link_types": "sidewalk"}, "geometry": {"type": "Point", "coordinates": [-71.0839134, 42.4205854]}}, {"type": "Feature", "properties": {"node_id": 2758, "node_type": "type_change", "degree": 3, "link_types": "pseudo+sidewalk"}, "geometry": {"type": "Point", "coordinates": [-71.0693427, 42.4182494]}}, {"type": "Feature", "properties": {"node_id": 2759, "node_type": "junction", "degree": 3, "link_types": "crosswalk"}, "geometry": {"type": "Point", "coordinates": [-71.075053, 42.4262929]}}, {"type": "Feature", "properties": {"node_id": 2760, "node_type": "type_change", "degree": 3, "link_types": "crosswalk+pseudo+sidewalk"}, "geometry": {"type": "Point", "coordinates": [-71.0750549, 42.4262928]}}, {"type": "Feature", "properties": {"node_id": 2761, "node_type": "type_change", "degree": 2, "link_types": "crosswalk+sidewalk"}, "geometry": {"type": "Point", "coordinates": [-71.0750539, 42.4262921]}}, {"type": "Feature", "properties": {"node_id": 2762, "node_type": "type_change", "degree": 2, "link_types": "crosswalk+sidewalk"}, "geometry": {"type": "Point", "coordinates": [-71.075052, 42.4262922]}}, {"type": "Feature", "properties": {"node_id": 2763, "node_type": "type_change", "degree": 2, "link_types": "crosswalk+sidewalk"}, "geometry": {"type": "Point", "coordinates": [-71.075051, 42.4262922]}}, {"type": "Feature", "properties": {"node_id": 2764, "node_type": "junction", "degree": 3, "link_types": "crosswalk"}, "geometry": {"type": "Point", "coordinates": [-71.0750461, 42.4262908]}}, {"type": "Feature", "properties": {"node_id": 2765, "node_type": "endpoint", "degree": 1, "link_types": "sidewalk"}, "geometry": {"type": "Point", "coordinates": [-71.0749231, 42.4271907]}}, {"type": "Feature", "properties": {"node_id": 2766, "node_type": "junction", "degree": 3, "link_types": "crosswalk"}, "geometry": {"type": "Point", "coordinates": [-71.0799494, 42.4200357]}}, {"type": "Feature", "properties": {"node_id": 2767, "node_type": "endpoint", "degree": 1, "link_types": "crosswalk"}, "geometry": {"type": "Point", "coordinates": [-71.0799484, 42.4200365]}}, {"type": "Feature", "properties": {"node_id": 2768, "node_type": "type_change", "degree": 3, "link_types": "crosswalk+pseudo"}, "geometry": {"type": "Point", "coordinates": [-71.0799504, 42.4200357]}}, {"type": "Feature", "properties": {"node_id": 2769, "node_type": "junction", "degree": 3, "link_types": "pseudo"}, "geometry": {"type": "Point", "coordinates": [-71.0800307, 42.4204082]}}, {"type": "Feature", "properties": {"node_id": 2770, "node_type": "type_change", "degree": 3, "link_types": "pseudo+sidewalk"}, "geometry": {"type": "Point", "coordinates": [-71.0800308, 42.4204089]}}, {"type": "Feature", "properties": {"node_id": 2771, "node_type": "type_change", "degree": 2, "link_types": "crosswalk+pseudo"}, "geometry": {"type": "Point", "coordinates": [-71.0800246, 42.4203989]}}, {"type": "Feature", "properties": {"node_id": 2772, "node_type": "type_change", "degree": 2, "link_types": "crosswalk+pseudo"}, "geometry": {"type": "Point", "coordinates": [-71.0797865, 42.4203449]}}, {"type": "Feature", "properties": {"node_id": 2773, "node_type": "junction", "degree": 3, "link_types": "pseudo"}, "geometry": {"type": "Point", "coordinates": [-71.0797855, 42.4203125]}}, {"type": "Feature", "properties": {"node_id": 2774, "node_type": "endpoint", "degree": 1, "link_types": "midblock"}, "geometry": {"type": "Point", "coordinates": [-71.0709107, 42.4236438]}}, {"type": "Feature", "properties": {"node_id": 2775, "node_type": "type_change", "degree": 2, "link_types": "midblock+sidewalk"}, "geometry": {"type": "Point", "coordinates": [-71.0708863, 42.4236503]}}, {"type": "Feature", "properties": {"node_id": 2776, "node_type": "junction", "degree": 3, "link_types": "sidewalk"}, "geometry": {"type": "Point", "coordinates": [-71.0702963, 42.4237075]}}, {"type": "Feature", "properties": {"node_id": 2777, "node_type": "endpoint", "degree": 1, "link_types": "sidewalk"}, "geometry": {"type": "Point", "coordinates": [-71.0805058, 42.4228656]}}, {"type": "Feature", "properties": {"node_id": 2778, "node_type": "type_change", "degree": 2, "link_types": "midblock+sidewalk"}, "geometry": {"type": "Point", "coordinates": [-71.0805157, 42.4228948]}}, {"type": "Feature", "properties": {"node_id": 2779, "node_type": "type_change", "degree": 2, "link_types": "midblock+sidewalk"}, "geometry": {"type": "Point", "coordinates": [-71.0805202, 42.4229081]}}, {"type": "Feature", "properties": {"node_id": 2780, "node_type": "junction", "degree": 3, "link_types": "sidewalk"}, "geometry": {"type": "Point", "coordinates": [-71.0736313, 42.4267379]}}, {"type": "Feature", "properties": {"node_id": 2781, "node_type": "junction", "degree": 3, "link_types": "sidewalk"}, "geometry": {"type": "Point", "coordinates": [-71.0735669, 42.4267297]}}, {"type": "Feature", "properties": {"node_id": 2782, "node_type": "junction", "degree": 3, "link_types": "sidewalk"}, "geometry": {"type": "Point", "coordinates": [-71.0793184, 42.4234498]}}, {"type": "Feature", "properties": {"node_id": 2783, "node_type": "type_change", "degree": 3, "link_types": "crosswalk+sidewalk"}, "geometry": {"type": "Point", "coordinates": [-71.0793194, 42.4234505]}}, {"type": "Feature", "properties": {"node_id": 2784, "node_type": "type_change", "degree": 3, "link_types": "crosswalk+sidewalk"}, "geometry": {"type": "Point", "coordinates": [-71.0793175, 42.4234505]}}, {"type": "Feature", "properties": {"node_id": 2785, "node_type": "junction", "degree": 3, "link_types": "sidewalk"}, "geometry": {"type": "Point", "coordinates": [-71.0793101, 42.4234327]}}, {"type": "Feature", "properties": {"node_id": 2786, "node_type": "endpoint", "degree": 1, "link_types": "crosswalk"}, "geometry": {"type": "Point", "coordinates": [-71.0763037, 42.4268891]}}, {"type": "Feature", "properties": {"node_id": 2787, "node_type": "type_change", "degree": 2, "link_types": "crosswalk+pseudo"}, "geometry": {"type": "Point", "coordinates": [-71.0763629, 42.4268837]}}, {"type": "Feature", "properties": {"node_id": 2788, "node_type": "endpoint", "degree": 1, "link_types": "pseudo"}, "geometry": {"type": "Point", "coordinates": [-71.0763449, 42.4268682]}}, {"type": "Feature", "properties": {"node_id": 2789, "node_type": "endpoint", "degree": 1, "link_types": "sidewalk"}, "geometry": {"type": "Point", "coordinates": [-71.074509, 42.4176719]}}, {"type": "Feature", "properties": {"node_id": 2790, "node_type": "type_change", "degree": 2, "link_types": "midblock+sidewalk"}, "geometry": {"type": "Point", "coordinates": [-71.0747644, 42.4176381]}}, {"type": "Feature", "properties": {"node_id": 2791, "node_type": "type_change", "degree": 2, "link_types": "midblock+sidewalk"}, "geometry": {"type": "Point", "coordinates": [-71.0748301, 42.4176331]}}, {"type": "Feature", "properties": {"node_id": 2792, "node_type": "type_change", "degree": 2, "link_types": "pseudo+sidewalk"}, "geometry": {"type": "Point", "coordinates": [-71.0754856, 42.4175656]}}, {"type": "Feature", "properties": {"node_id": 2793, "node_type": "type_change", "degree": 2, "link_types": "crosswalk+pseudo"}, "geometry": {"type": "Point", "coordinates": [-71.0755096, 42.417558]}}, {"type": "Feature", "properties": {"node_id": 2794, "node_type": "type_change", "degree": 2, "link_types": "crosswalk+pseudo"}, "geometry": {"type": "Point", "coordinates": [-71.0755116, 42.4177373]}}, {"type": "Feature", "properties": {"node_id": 2795, "node_type": "type_change", "degree": 3, "link_types": "pseudo+sidewalk"}, "geometry": {"type": "Point", "coordinates": [-71.0755088, 42.4177402]}}, {"type": "Feature", "properties": {"node_id": 2796, "node_type": "type_change", "degree": 3, "link_types": "midblock+sidewalk"}, "geometry": {"type": "Point", "coordinates": [-71.068767, 42.4224463]}}, {"type": "Feature", "properties": {"node_id": 2797, "node_type": "endpoint", "degree": 1, "link_types": "midblock"}, "geometry": {"type": "Point", "coordinates": [-71.0687958, 42.4224645]}}, {"type": "Feature", "properties": {"node_id": 2798, "node_type": "type_change", "degree": 3, "link_types": "midblock+sidewalk"}, "geometry": {"type": "Point", "coordinates": [-71.068768, 42.4224463]}}, {"type": "Feature", "properties": {"node_id": 2799, "node_type": "junction", "degree": 3, "link_types": "midblock"}, "geometry": {"type": "Point", "coordinates": [-71.0798464, 42.4206269]}}, {"type": "Feature", "properties": {"node_id": 2800, "node_type": "endpoint", "degree": 1, "link_types": "midblock"}, "geometry": {"type": "Point", "coordinates": [-71.0798871, 42.4206521]}}, {"type": "Feature", "properties": {"node_id": 2801, "node_type": "endpoint", "degree": 1, "link_types": "midblock"}, "geometry": {"type": "Point", "coordinates": [-71.0798864, 42.4206312]}}, {"type": "Feature", "properties": {"node_id": 2802, "node_type": "type_change", "degree": 2, "link_types": "midblock+sidewalk"}, "geometry": {"type": "Point", "coordinates": [-71.0798499, 42.4206005]}}, {"type": "Feature", "properties": {"node_id": 2803, "node_type": "type_change", "degree": 2, "link_types": "midblock+sidewalk"}, "geometry": {"type": "Point", "coordinates": [-71.0797634, 42.4204103]}}, {"type": "Feature", "properties": {"node_id": 2804, "node_type": "type_change", "degree": 2, "link_types": "midblock+sidewalk"}, "geometry": {"type": "Point", "coordinates": [-71.0796575, 42.4204101]}}, {"type": "Feature", "properties": {"node_id": 2805, "node_type": "type_change", "degree": 2, "link_types": "midblock+sidewalk"}, "geometry": {"type": "Point", "coordinates": [-71.079572, 42.4204098]}}, {"type": "Feature", "properties": {"node_id": 2806, "node_type": "type_change", "degree": 2, "link_types": "midblock+sidewalk"}, "geometry": {"type": "Point", "coordinates": [-71.0795418, 42.4204097]}}, {"type": "Feature", "properties": {"node_id": 2807, "node_type": "type_change", "degree": 2, "link_types": "midblock+sidewalk"}, "geometry": {"type": "Point", "coordinates": [-71.0790347, 42.4204083]}}, {"type": "Feature", "properties": {"node_id": 2808, "node_type": "type_change", "degree": 2, "link_types": "midblock+sidewalk"}, "geometry": {"type": "Point", "coordinates": [-71.0789832, 42.4204082]}}, {"type": "Feature", "properties": {"node_id": 2809, "node_type": "type_change", "degree": 3, "link_types": "pseudo+sidewalk"}, "geometry": {"type": "Point", "coordinates": [-71.0776961, 42.4204073]}}, {"type": "Feature", "properties": {"node_id": 2810, "node_type": "endpoint", "degree": 1, "link_types": "sidewalk"}, "geometry": {"type": "Point", "coordinates": [-71.0734412, 42.4267212]}}, {"type": "Feature", "properties": {"node_id": 2811, "node_type": "type_change", "degree": 2, "link_types": "crosswalk+pseudo"}, "geometry": {"type": "Point", "coordinates": [-71.0715495, 42.4255624]}}, {"type": "Feature", "properties": {"node_id": 2812, "node_type": "type_change", "degree": 2, "link_types": "crosswalk+pseudo"}, "geometry": {"type": "Point", "coordinates": [-71.071402, 42.4255708]}}, {"type": "Feature", "properties": {"node_id": 2813, "node_type": "type_change", "degree": 3, "link_types": "pseudo+sidewalk"}, "geometry": {"type": "Point", "coordinates": [-71.0713962, 42.4255716]}}, {"type": "Feature", "properties": {"node_id": 2814, "node_type": "endpoint", "degree": 1, "link_types": "sidewalk"}, "geometry": {"type": "Point", "coordinates": [-71.0687218, 42.4261552]}}, {"type": "Feature", "properties": {"node_id": 2815, "node_type": "type_change", "degree": 3, "link_types": "pseudo+sidewalk"}, "geometry": {"type": "Point", "coordinates": [-71.0687605, 42.4261206]}}, {"type": "Feature", "properties": {"node_id": 2816, "node_type": "junction", "degree": 3, "link_types": "sidewalk"}, "geometry": {"type": "Point", "coordinates": [-71.0723865, 42.4285053]}}, {"type": "Feature", "properties": {"node_id": 2817, "node_type": "junction", "degree": 3, "link_types": "sidewalk"}, "geometry": {"type": "Point", "coordinates": [-71.0723809, 42.4285112]}}, {"type": "Feature", "properties": {"node_id": 2818, "node_type": "type_change", "degree": 3, "link_types": "pseudo+sidewalk"}, "geometry": {"type": "Point", "coordinates": [-71.0723865, 42.4285046]}}, {"type": "Feature", "properties": {"node_id": 2819, "node_type": "type_change", "degree": 3, "link_types": "pseudo+sidewalk"}, "geometry": {"type": "Point", "coordinates": [-71.0723855, 42.4285046]}}, {"type": "Feature", "properties": {"node_id": 2820, "node_type": "endpoint", "degree": 1, "link_types": "sidewalk"}, "geometry": {"type": "Point", "coordinates": [-71.076499, 42.4253208]}}, {"type": "Feature", "properties": {"node_id": 2821, "node_type": "type_change", "degree": 2, "link_types": "midblock+sidewalk"}, "geometry": {"type": "Point", "coordinates": [-71.07667, 42.4251668]}}, {"type": "Feature", "properties": {"node_id": 2822, "node_type": "type_change", "degree": 2, "link_types": "midblock+sidewalk"}, "geometry": {"type": "Point", "coordinates": [-71.0767429, 42.4251668]}}, {"type": "Feature", "properties": {"node_id": 2823, "node_type": "type_change", "degree": 2, "link_types": "midblock+sidewalk"}, "geometry": {"type": "Point", "coordinates": [-71.0768334, 42.4251669]}}, {"type": "Feature", "properties": {"node_id": 2824, "node_type": "type_change", "degree": 2, "link_types": "midblock+sidewalk"}, "geometry": {"type": "Point", "coordinates": [-71.0770103, 42.4251669]}}, {"type": "Feature", "properties": {"node_id": 2825, "node_type": "type_change", "degree": 2, "link_types": "midblock+sidewalk"}, "geometry": {"type": "Point", "coordinates": [-71.0773938, 42.4251718]}}, {"type": "Feature", "properties": {"node_id": 2826, "node_type": "endpoint", "degree": 1, "link_types": "midblock"}, "geometry": {"type": "Point", "coordinates": [-71.0774812, 42.4251769]}}, {"type": "Feature", "properties": {"node_id": 2827, "node_type": "junction", "degree": 3, "link_types": "pseudo"}, "geometry": {"type": "Point", "coordinates": [-71.0678481, 42.4241321]}}, {"type": "Feature", "properties": {"node_id": 2828, "node_type": "type_change", "degree": 3, "link_types": "pseudo+sidewalk"}, "geometry": {"type": "Point", "coordinates": [-71.0678491, 42.4241328]}}, {"type": "Feature", "properties": {"node_id": 2829, "node_type": "type_change", "degree": 3, "link_types": "pseudo+sidewalk"}, "geometry": {"type": "Point", "coordinates": [-71.0678481, 42.4241329]}}, {"type": "Feature", "properties": {"node_id": 2830, "node_type": "type_change", "degree": 2, "link_types": "crosswalk+pseudo"}, "geometry": {"type": "Point", "coordinates": [-71.0678481, 42.4241314]}}, {"type": "Feature", "properties": {"node_id": 2831, "node_type": "type_change", "degree": 2, "link_types": "crosswalk+pseudo"}, "geometry": {"type": "Point", "coordinates": [-71.0678179, 42.4240131]}}, {"type": "Feature", "properties": {"node_id": 2832, "node_type": "endpoint", "degree": 1, "link_types": "midblock"}, "geometry": {"type": "Point", "coordinates": [-71.069728, 42.4208008]}}, {"type": "Feature", "properties": {"node_id": 2833, "node_type": "type_change", "degree": 2, "link_types": "midblock+sidewalk"}, "geometry": {"type": "Point", "coordinates": [-71.0697398, 42.4208844]}}, {"type": "Feature", "properties": {"node_id": 2834, "node_type": "type_change", "degree": 2, "link_types": "midblock+sidewalk"}, "geometry": {"type": "Point", "coordinates": [-71.0697436, 42.4210237]}}, {"type": "Feature", "properties": {"node_id": 2835, "node_type": "type_change", "degree": 2, "link_types": "midblock+sidewalk"}, "geometry": {"type": "Point", "coordinates": [-71.0697557, 42.4210819]}}, {"type": "Feature", "properties": {"node_id": 2836, "node_type": "endpoint", "degree": 1, "link_types": "sidewalk"}, "geometry": {"type": "Point", "coordinates": [-71.0697682, 42.4212813]}}, {"type": "Feature", "properties": {"node_id": 2837, "node_type": "endpoint", "degree": 1, "link_types": "crosswalk"}, "geometry": {"type": "Point", "coordinates": [-71.083166, 42.4254699]}}, {"type": "Feature", "properties": {"node_id": 2838, "node_type": "endpoint", "degree": 1, "link_types": "crosswalk"}, "geometry": {"type": "Point", "coordinates": [-71.083139, 42.4255064]}}, {"type": "Feature", "properties": {"node_id": 2839, "node_type": "junction", "degree": 3, "link_types": "sidewalk"}, "geometry": {"type": "Point", "coordinates": [-71.0683309, 42.4277537]}}, {"type": "Feature", "properties": {"node_id": 2840, "node_type": "type_change", "degree": 2, "link_types": "pseudo+sidewalk"}, "geometry": {"type": "Point", "coordinates": [-71.0683299, 42.4277544]}}, {"type": "Feature", "properties": {"node_id": 2841, "node_type": "type_change", "degree": 2, "link_types": "crosswalk+pseudo"}, "geometry": {"type": "Point", "coordinates": [-71.0683129, 42.4277699]}}, {"type": "Feature", "properties": {"node_id": 2842, "node_type": "endpoint", "degree": 1, "link_types": "crosswalk"}, "geometry": {"type": "Point", "coordinates": [-71.068314, 42.4278916]}}, {"type": "Feature", "properties": {"node_id": 2843, "node_type": "endpoint", "degree": 1, "link_types": "sidewalk"}, "geometry": {"type": "Point", "coordinates": [-71.0683992, 42.4277618]}}, {"type": "Feature", "properties": {"node_id": 2844, "node_type": "endpoint", "degree": 1, "link_types": "sidewalk"}, "geometry": {"type": "Point", "coordinates": [-71.0683111, 42.4276237]}}, {"type": "Feature", "properties": {"node_id": 2845, "node_type": "junction", "degree": 3, "link_types": "pseudo"}, "geometry": {"type": "Point", "coordinates": [-71.0697455, 42.4159245]}}, {"type": "Feature", "properties": {"node_id": 2846, "node_type": "type_change", "degree": 3, "link_types": "pseudo+sidewalk"}, "geometry": {"type": "Point", "coordinates": [-71.0697465, 42.4159252]}}, {"type": "Feature", "properties": {"node_id": 2847, "node_type": "type_change", "degree": 2, "link_types": "crosswalk+pseudo"}, "geometry": {"type": "Point", "coordinates": [-71.0697424, 42.4159167]}}, {"type": "Feature", "properties": {"node_id": 2848, "node_type": "type_change", "degree": 2, "link_types": "crosswalk+pseudo"}, "geometry": {"type": "Point", "coordinates": [-71.0696735, 42.4159222]}}, {"type": "Feature", "properties": {"node_id": 2849, "node_type": "endpoint", "degree": 1, "link_types": "pseudo"}, "geometry": {"type": "Point", "coordinates": [-71.0696704, 42.4159151]}}, {"type": "Feature", "properties": {"node_id": 2850, "node_type": "type_change", "degree": 2, "link_types": "crosswalk+pseudo"}, "geometry": {"type": "Point", "coordinates": [-71.0723688, 42.4284984]}}, {"type": "Feature", "properties": {"node_id": 2851, "node_type": "type_change", "degree": 3, "link_types": "crosswalk+pseudo"}, "geometry": {"type": "Point", "coordinates": [-71.0723698, 42.4284113]}}, {"type": "Feature", "properties": {"node_id": 2852, "node_type": "junction", "degree": 3, "link_types": "pseudo"}, "geometry": {"type": "Point", "coordinates": [-71.0793059, 42.4226892]}}, {"type": "Feature", "properties": {"node_id": 2853, "node_type": "type_change", "degree": 3, "link_types": "pseudo+sidewalk"}, "geometry": {"type": "Point", "coordinates": [-71.079305, 42.42269]}}, {"type": "Feature", "properties": {"node_id": 2854, "node_type": "type_change", "degree": 2, "link_types": "crosswalk+pseudo"}, "geometry": {"type": "Point", "coordinates": [-71.0793104, 42.4226791]}}, {"type": "Feature", "properties": {"node_id": 2855, "node_type": "type_change", "degree": 2, "link_types": "crosswalk+pseudo"}, "geometry": {"type": "Point", "coordinates": [-71.0793224, 42.4225996]}}, {"type": "Feature", "properties": {"node_id": 2856, "node_type": "type_change", "degree": 3, "link_types": "pseudo+sidewalk"}, "geometry": {"type": "Point", "coordinates": [-71.0793223, 42.422596]}}, {"type": "Feature", "properties": {"node_id": 2857, "node_type": "endpoint", "degree": 1, "link_types": "sidewalk"}, "geometry": {"type": "Point", "coordinates": [-71.0802373, 42.4209808]}}, {"type": "Feature", "properties": {"node_id": 2858, "node_type": "junction", "degree": 3, "link_types": "sidewalk"}, "geometry": {"type": "Point", "coordinates": [-71.080184, 42.4209839]}}, {"type": "Feature", "properties": {"node_id": 2859, "node_type": "endpoint", "degree": 1, "link_types": "crosswalk"}, "geometry": {"type": "Point", "coordinates": [-71.0677235, 42.4257827]}}, {"type": "Feature", "properties": {"node_id": 2860, "node_type": "type_change", "degree": 2, "link_types": "crosswalk+pseudo"}, "geometry": {"type": "Point", "coordinates": [-71.0675422, 42.4256816]}}, {"type": "Feature", "properties": {"node_id": 2861, "node_type": "endpoint", "degree": 1, "link_types": "sidewalk"}, "geometry": {"type": "Point", "coordinates": [-71.0802971, 42.4233456]}}, {"type": "Feature", "properties": {"node_id": 2862, "node_type": "endpoint", "degree": 1, "link_types": "sidewalk"}, "geometry": {"type": "Point", "coordinates": [-71.0766712, 42.4227608]}}, {"type": "Feature", "properties": {"node_id": 2863, "node_type": "type_change", "degree": 2, "link_types": "midblock+sidewalk"}, "geometry": {"type": "Point", "coordinates": [-71.0767025, 42.4224774]}}, {"type": "Feature", "properties": {"node_id": 2864, "node_type": "type_change", "degree": 2, "link_types": "midblock+sidewalk"}, "geometry": {"type": "Point", "coordinates": [-71.0767074, 42.4224329]}}, {"type": "Feature", "properties": {"node_id": 2865, "node_type": "type_change", "degree": 2, "link_types": "midblock+sidewalk"}, "geometry": {"type": "Point", "coordinates": [-71.0767336, 42.4221955]}}, {"type": "Feature", "properties": {"node_id": 2866, "node_type": "type_change", "degree": 2, "link_types": "midblock+sidewalk"}, "geometry": {"type": "Point", "coordinates": [-71.0767375, 42.4221603]}}, {"type": "Feature", "properties": {"node_id": 2867, "node_type": "endpoint", "degree": 1, "link_types": "sidewalk"}, "geometry": {"type": "Point", "coordinates": [-71.0767588, 42.4220287]}}, {"type": "Feature", "properties": {"node_id": 2868, "node_type": "junction", "degree": 3, "link_types": "sidewalk"}, "geometry": {"type": "Point", "coordinates": [-71.0786963, 42.4272218]}}, {"type": "Feature", "properties": {"node_id": 2869, "node_type": "junction", "degree": 3, "link_types": "crosswalk"}, "geometry": {"type": "Point", "coordinates": [-71.069523, 42.4202418]}}, {"type": "Feature", "properties": {"node_id": 2870, "node_type": "type_change", "degree": 2, "link_types": "crosswalk+pseudo"}, "geometry": {"type": "Point", "coordinates": [-71.0696458, 42.4203102]}}, {"type": "Feature", "properties": {"node_id": 2871, "node_type": "type_change", "degree": 2, "link_types": "pseudo+sidewalk"}, "geometry": {"type": "Point", "coordinates": [-71.0696826, 42.4203066]}}, {"type": "Feature", "properties": {"node_id": 2872, "node_type": "junction", "degree": 3, "link_types": "sidewalk"}, "geometry": {"type": "Point", "coordinates": [-71.0696687, 42.420031]}}, {"type": "Feature", "properties": {"node_id": 2873, "node_type": "type_change", "degree": 3, "link_types": "crosswalk+sidewalk"}, "geometry": {"type": "Point", "coordinates": [-71.0695229, 42.4202411]}}, {"type": "Feature", "properties": {"node_id": 2874, "node_type": "endpoint", "degree": 1, "link_types": "midblock"}, "geometry": {"type": "Point", "coordinates": [-71.0692975, 42.4245894]}}, {"type": "Feature", "properties": {"node_id": 2875, "node_type": "type_change", "degree": 2, "link_types": "midblock+sidewalk"}, "geometry": {"type": "Point", "coordinates": [-71.0693047, 42.4245503]}}, {"type": "Feature", "properties": {"node_id": 2876, "node_type": "type_change", "degree": 2, "link_types": "pseudo+sidewalk"}, "geometry": {"type": "Point", "coordinates": [-71.0694067, 42.4243331]}}, {"type": "Feature", "properties": {"node_id": 2877, "node_type": "type_change", "degree": 2, "link_types": "crosswalk+pseudo"}, "geometry": {"type": "Point", "coordinates": [-71.0694182, 42.4243286]}}, {"type": "Feature", "properties": {"node_id": 2878, "node_type": "type_change", "degree": 2, "link_types": "crosswalk+pseudo"}, "geometry": {"type": "Point", "coordinates": [-71.0695468, 42.4243356]}}, {"type": "Feature", "properties": {"node_id": 2879, "node_type": "type_change", "degree": 2, "link_types": "pseudo+sidewalk"}, "geometry": {"type": "Point", "coordinates": [-71.0695603, 42.4243318]}}, {"type": "Feature", "properties": {"node_id": 2880, "node_type": "junction", "degree": 3, "link_types": "sidewalk"}, "geometry": {"type": "Point", "coordinates": [-71.0698112, 42.4243337]}}, {"type": "Feature", "properties": {"node_id": 2881, "node_type": "junction", "degree": 3, "link_types": "sidewalk"}, "geometry": {"type": "Point", "coordinates": [-71.0713952, 42.4255723]}}, {"type": "Feature", "properties": {"node_id": 2882, "node_type": "endpoint", "degree": 1, "link_types": "sidewalk"}, "geometry": {"type": "Point", "coordinates": [-71.0714365, 42.4255838]}}, {"type": "Feature", "properties": {"node_id": 2883, "node_type": "junction", "degree": 3, "link_types": "sidewalk"}, "geometry": {"type": "Point", "coordinates": [-71.0713952, 42.4255716]}}, {"type": "Feature", "properties": {"node_id": 2884, "node_type": "junction", "degree": 3, "link_types": "sidewalk"}, "geometry": {"type": "Point", "coordinates": [-71.0823006, 42.4264705]}}, {"type": "Feature", "properties": {"node_id": 2885, "node_type": "junction", "degree": 3, "link_types": "sidewalk"}, "geometry": {"type": "Point", "coordinates": [-71.0823016, 42.4264705]}}, {"type": "Feature", "properties": {"node_id": 2886, "node_type": "type_change", "degree": 2, "link_types": "midblock+sidewalk"}, "geometry": {"type": "Point", "coordinates": [-71.0821337, 42.4265209]}}, {"type": "Feature", "properties": {"node_id": 2887, "node_type": "type_change", "degree": 2, "link_types": "midblock+sidewalk"}, "geometry": {"type": "Point", "coordinates": [-71.0820308, 42.4265547]}}, {"type": "Feature", "properties": {"node_id": 2888, "node_type": "type_change", "degree": 2, "link_types": "midblock+sidewalk"}, "geometry": {"type": "Point", "coordinates": [-71.0817808, 42.4266545]}}, {"type": "Feature", "properties": {"node_id": 2889, "node_type": "type_change", "degree": 2, "link_types": "midblock+sidewalk"}, "geometry": {"type": "Point", "coordinates": [-71.0817028, 42.426699]}}, {"type": "Feature", "properties": {"node_id": 2890, "node_type": "type_change", "degree": 2, "link_types": "midblock+sidewalk"}, "geometry": {"type": "Point", "coordinates": [-71.0814879, 42.4268204]}}, {"type": "Feature", "properties": {"node_id": 2891, "node_type": "endpoint", "degree": 1, "link_types": "midblock"}, "geometry": {"type": "Point", "coordinates": [-71.081404, 42.4268513]}}, {"type": "Feature", "properties": {"node_id": 2892, "node_type": "type_change", "degree": 3, "link_types": "pseudo+sidewalk"}, "geometry": {"type": "Point", "coordinates": [-71.0823015, 42.4264697]}}, {"type": "Feature", "properties": {"node_id": 2893, "node_type": "endpoint", "degree": 1, "link_types": "sidewalk"}, "geometry": {"type": "Point", "coordinates": [-71.0763662, 42.4270133]}}, {"type": "Feature", "properties": {"node_id": 2894, "node_type": "type_change", "degree": 2, "link_types": "pseudo+sidewalk"}, "geometry": {"type": "Point", "coordinates": [-71.0763467, 42.4269243]}}, {"type": "Feature", "properties": {"node_id": 2895, "node_type": "type_change", "degree": 2, "link_types": "crosswalk+pseudo"}, "geometry": {"type": "Point", "coordinates": [-71.0763223, 42.4269212]}}, {"type": "Feature", "properties": {"node_id": 2896, "node_type": "type_change", "degree": 2, "link_types": "crosswalk+pseudo"}, "geometry": {"type": "Point", "coordinates": [-71.07621, 42.4268778]}}, {"type": "Feature", "properties": {"node_id": 2897, "node_type": "junction", "degree": 3, "link_types": "pseudo"}, "geometry": {"type": "Point", "coordinates": [-71.0761976, 42.4268831]}}, {"type": "Feature", "properties": {"node_id": 2898, "node_type": "endpoint", "degree": 1, "link_types": "sidewalk"}, "geometry": {"type": "Point", "coordinates": [-71.0695708, 42.4189773]}}, {"type": "Feature", "properties": {"node_id": 2899, "node_type": "endpoint", "degree": 1, "link_types": "sidewalk"}, "geometry": {"type": "Point", "coordinates": [-71.0697231, 42.4193218]}}, {"type": "Feature", "properties": {"node_id": 2900, "node_type": "junction", "degree": 3, "link_types": "sidewalk"}, "geometry": {"type": "Point", "coordinates": [-71.0843792, 42.4195014]}}, {"type": "Feature", "properties": {"node_id": 2901, "node_type": "type_change", "degree": 2, "link_types": "pseudo+sidewalk"}, "geometry": {"type": "Point", "coordinates": [-71.0843802, 42.4195021]}}, {"type": "Feature", "properties": {"node_id": 2902, "node_type": "type_change", "degree": 2, "link_types": "crosswalk+pseudo"}, "geometry": {"type": "Point", "coordinates": [-71.0843883, 42.4195127]}}, {"type": "Feature", "properties": {"node_id": 2903, "node_type": "type_change", "degree": 2, "link_types": "crosswalk+pseudo"}, "geometry": {"type": "Point", "coordinates": [-71.0843839, 42.4195848]}}, {"type": "Feature", "properties": {"node_id": 2904, "node_type": "type_change", "degree": 2, "link_types": "midblock+sidewalk"}, "geometry": {"type": "Point", "coordinates": [-71.0841714, 42.419503]}}, {"type": "Feature", "properties": {"node_id": 2905, "node_type": "type_change", "degree": 2, "link_types": "midblock+sidewalk"}, "geometry": {"type": "Point", "coordinates": [-71.0841355, 42.4195033]}}, {"type": "Feature", "properties": {"node_id": 2906, "node_type": "type_change", "degree": 2, "link_types": "midblock+sidewalk"}, "geometry": {"type": "Point", "coordinates": [-71.0838743, 42.4195054]}}, {"type": "Feature", "properties": {"node_id": 2907, "node_type": "type_change", "degree": 2, "link_types": "midblock+sidewalk"}, "geometry": {"type": "Point", "coordinates": [-71.0838063, 42.4195059]}}, {"type": "Feature", "properties": {"node_id": 2908, "node_type": "type_change", "degree": 2, "link_types": "midblock+sidewalk"}, "geometry": {"type": "Point", "coordinates": [-71.0836898, 42.4195068]}}, {"type": "Feature", "properties": {"node_id": 2909, "node_type": "type_change", "degree": 2, "link_types": "midblock+sidewalk"}, "geometry": {"type": "Point", "coordinates": [-71.0836782, 42.4195069]}}, {"type": "Feature", "properties": {"node_id": 2910, "node_type": "type_change", "degree": 2, "link_types": "midblock+sidewalk"}, "geometry": {"type": "Point", "coordinates": [-71.0835767, 42.4195048]}}, {"type": "Feature", "properties": {"node_id": 2911, "node_type": "type_change", "degree": 2, "link_types": "midblock+sidewalk"}, "geometry": {"type": "Point", "coordinates": [-71.0835643, 42.4195032]}}, {"type": "Feature", "properties": {"node_id": 2912, "node_type": "type_change", "degree": 2, "link_types": "midblock+sidewalk"}, "geometry": {"type": "Point", "coordinates": [-71.0834795, 42.4195027]}}, {"type": "Feature", "properties": {"node_id": 2913, "node_type": "type_change", "degree": 2, "link_types": "midblock+sidewalk"}, "geometry": {"type": "Point", "coordinates": [-71.0834187, 42.4195039]}}, {"type": "Feature", "properties": {"node_id": 2914, "node_type": "type_change", "degree": 2, "link_types": "midblock+sidewalk"}, "geometry": {"type": "Point", "coordinates": [-71.0830331, 42.419501]}}, {"type": "Feature", "properties": {"node_id": 2915, "node_type": "type_change", "degree": 2, "link_types": "midblock+sidewalk"}, "geometry": {"type": "Point", "coordinates": [-71.0830117, 42.4195008]}}, {"type": "Feature", "properties": {"node_id": 2916, "node_type": "type_change", "degree": 2, "link_types": "midblock+sidewalk"}, "geometry": {"type": "Point", "coordinates": [-71.0828612, 42.4194997]}}, {"type": "Feature", "properties": {"node_id": 2917, "node_type": "type_change", "degree": 2, "link_types": "midblock+sidewalk"}, "geometry": {"type": "Point", "coordinates": [-71.0828214, 42.4194994]}}, {"type": "Feature", "properties": {"node_id": 2918, "node_type": "type_change", "degree": 2, "link_types": "midblock+sidewalk"}, "geometry": {"type": "Point", "coordinates": [-71.0823062, 42.4194986]}}, {"type": "Feature", "properties": {"node_id": 2919, "node_type": "type_change", "degree": 2, "link_types": "midblock+sidewalk"}, "geometry": {"type": "Point", "coordinates": [-71.0822491, 42.4194994]}}, {"type": "Feature", "properties": {"node_id": 2920, "node_type": "type_change", "degree": 2, "link_types": "midblock+sidewalk"}, "geometry": {"type": "Point", "coordinates": [-71.0819145, 42.4194978]}}, {"type": "Feature", "properties": {"node_id": 2921, "node_type": "type_change", "degree": 2, "link_types": "midblock+sidewalk"}, "geometry": {"type": "Point", "coordinates": [-71.0818149, 42.4194997]}}, {"type": "Feature", "properties": {"node_id": 2922, "node_type": "type_change", "degree": 3, "link_types": "pseudo+sidewalk"}, "geometry": {"type": "Point", "coordinates": [-71.084382, 42.4194984]}}, {"type": "Feature", "properties": {"node_id": 2923, "node_type": "endpoint", "degree": 1, "link_types": "sidewalk"}, "geometry": {"type": "Point", "coordinates": [-71.0711913, 42.4180496]}}, {"type": "Feature", "properties": {"node_id": 2924, "node_type": "junction", "degree": 3, "link_types": "sidewalk"}, "geometry": {"type": "Point", "coordinates": [-71.0711261, 42.4180494]}}, {"type": "Feature", "properties": {"node_id": 2925, "node_type": "endpoint", "degree": 1, "link_types": "sidewalk"}, "geometry": {"type": "Point", "coordinates": [-71.0707764, 42.418944]}}, {"type": "Feature", "properties": {"node_id": 2926, "node_type": "endpoint", "degree": 1, "link_types": "sidewalk"}, "geometry": {"type": "Point", "coordinates": [-71.0708192, 42.418797]}}, {"type": "Feature", "properties": {"node_id": 2927, "node_type": "endpoint", "degree": 1, "link_types": "sidewalk"}, "geometry": {"type": "Point", "coordinates": [-71.0754409, 42.4205742]}}, {"type": "Feature", "properties": {"node_id": 2928, "node_type": "type_change", "degree": 2, "link_types": "midblock+sidewalk"}, "geometry": {"type": "Point", "coordinates": [-71.0754362, 42.4204908]}}, {"type": "Feature", "properties": {"node_id": 2929, "node_type": "type_change", "degree": 2, "link_types": "midblock+sidewalk"}, "geometry": {"type": "Point", "coordinates": [-71.0754075, 42.4204428]}}, {"type": "Feature", "properties": {"node_id": 2930, "node_type": "type_change", "degree": 2, "link_types": "midblock+sidewalk"}, "geometry": {"type": "Point", "coordinates": [-71.0750826, 42.4204386]}}, {"type": "Feature", "properties": {"node_id": 2931, "node_type": "type_change", "degree": 2, "link_types": "midblock+sidewalk"}, "geometry": {"type": "Point", "coordinates": [-71.0749177, 42.4204392]}}, {"type": "Feature", "properties": {"node_id": 2932, "node_type": "type_change", "degree": 2, "link_types": "midblock+sidewalk"}, "geometry": {"type": "Point", "coordinates": [-71.0744441, 42.4204361]}}, {"type": "Feature", "properties": {"node_id": 2933, "node_type": "type_change", "degree": 2, "link_types": "midblock+sidewalk"}, "geometry": {"type": "Point", "coordinates": [-71.0742031, 42.4204354]}}, {"type": "Feature", "properties": {"node_id": 2934, "node_type": "endpoint", "degree": 1, "link_types": "sidewalk"}, "geometry": {"type": "Point", "coordinates": [-71.0739983, 42.420439]}}, {"type": "Feature", "properties": {"node_id": 2935, "node_type": "junction", "degree": 3, "link_types": "sidewalk"}, "geometry": {"type": "Point", "coordinates": [-71.0789482, 42.4267518]}}, {"type": "Feature", "properties": {"node_id": 2936, "node_type": "type_change", "degree": 3, "link_types": "pseudo+sidewalk"}, "geometry": {"type": "Point", "coordinates": [-71.0789481, 42.4267511]}}, {"type": "Feature", "properties": {"node_id": 2937, "node_type": "junction", "degree": 3, "link_types": "pseudo"}, "geometry": {"type": "Point", "coordinates": [-71.0812783, 42.4194691]}}, {"type": "Feature", "properties": {"node_id": 2938, "node_type": "type_change", "degree": 2, "link_types": "pseudo+sidewalk"}, "geometry": {"type": "Point", "coordinates": [-71.0812774, 42.4194698]}}, {"type": "Feature", "properties": {"node_id": 2939, "node_type": "type_change", "degree": 3, "link_types": "pseudo+sidewalk"}, "geometry": {"type": "Point", "coordinates": [-71.0812608, 42.4194982]}}, {"type": "Feature", "properties": {"node_id": 2940, "node_type": "type_change", "degree": 2, "link_types": "crosswalk+pseudo"}, "geometry": {"type": "Point", "coordinates": [-71.0812968, 42.4194688]}}, {"type": "Feature", "properties": {"node_id": 2941, "node_type": "type_change", "degree": 2, "link_types": "crosswalk+pseudo"}, "geometry": {"type": "Point", "coordinates": [-71.0814202, 42.4194658]}}, {"type": "Feature", "properties": {"node_id": 2942, "node_type": "type_change", "degree": 3, "link_types": "pseudo+sidewalk"}, "geometry": {"type": "Point", "coordinates": [-71.0814337, 42.4194641]}}, {"type": "Feature", "properties": {"node_id": 2943, "node_type": "type_change", "degree": 2, "link_types": "pseudo+sidewalk"}, "geometry": {"type": "Point", "coordinates": [-71.0812773, 42.4194684]}}, {"type": "Feature", "properties": {"node_id": 2944, "node_type": "type_change", "degree": 2, "link_types": "pseudo+sidewalk"}, "geometry": {"type": "Point", "coordinates": [-71.0710472, 42.4237134]}}, {"type": "Feature", "properties": {"node_id": 2945, "node_type": "type_change", "degree": 2, "link_types": "crosswalk+pseudo"}, "geometry": {"type": "Point", "coordinates": [-71.0710502, 42.4237177]}}, {"type": "Feature", "properties": {"node_id": 2946, "node_type": "type_change", "degree": 2, "link_types": "crosswalk+pseudo"}, "geometry": {"type": "Point", "coordinates": [-71.0710555, 42.4237911]}}, {"type": "Feature", "properties": {"node_id": 2947, "node_type": "endpoint", "degree": 1, "link_types": "sidewalk"}, "geometry": {"type": "Point", "coordinates": [-71.0796411, 42.425856]}}, {"type": "Feature", "properties": {"node_id": 2948, "node_type": "type_change", "degree": 2, "link_types": "pseudo+sidewalk"}, "geometry": {"type": "Point", "coordinates": [-71.0796421, 42.4258567]}}, {"type": "Feature", "properties": {"node_id": 2949, "node_type": "type_change", "degree": 2, "link_types": "crosswalk+pseudo"}, "geometry": {"type": "Point", "coordinates": [-71.079651, 42.425863]}}, {"type": "Feature", "properties": {"node_id": 2950, "node_type": "type_change", "degree": 3, "link_types": "crosswalk+pseudo"}, "geometry": {"type": "Point", "coordinates": [-71.0796544, 42.4258168]}}, {"type": "Feature", "properties": {"node_id": 2951, "node_type": "endpoint", "degree": 1, "link_types": "sidewalk"}, "geometry": {"type": "Point", "coordinates": [-71.0676876, 42.4248706]}}, {"type": "Feature", "properties": {"node_id": 2952, "node_type": "junction", "degree": 3, "link_types": "pseudo"}, "geometry": {"type": "Point", "coordinates": [-71.0671072, 42.4234524]}}, {"type": "Feature", "properties": {"node_id": 2953, "node_type": "type_change", "degree": 3, "link_types": "pseudo+sidewalk"}, "geometry": {"type": "Point", "coordinates": [-71.0671072, 42.4234532]}}, {"type": "Feature", "properties": {"node_id": 2954, "node_type": "type_change", "degree": 2, "link_types": "crosswalk+pseudo"}, "geometry": {"type": "Point", "coordinates": [-71.0671058, 42.4234402]}}, {"type": "Feature", "properties": {"node_id": 2955, "node_type": "type_change", "degree": 2, "link_types": "crosswalk+pseudo"}, "geometry": {"type": "Point", "coordinates": [-71.0670639, 42.4233207]}}, {"type": "Feature", "properties": {"node_id": 2956, "node_type": "type_change", "degree": 3, "link_types": "pseudo+sidewalk"}, "geometry": {"type": "Point", "coordinates": [-71.0670558, 42.4233093]}}, {"type": "Feature", "properties": {"node_id": 2957, "node_type": "endpoint", "degree": 1, "link_types": "sidewalk"}, "geometry": {"type": "Point", "coordinates": [-71.0708383, 42.4265255]}}, {"type": "Feature", "properties": {"node_id": 2958, "node_type": "type_change", "degree": 2, "link_types": "midblock+sidewalk"}, "geometry": {"type": "Point", "coordinates": [-71.0745417, 42.424248]}}, {"type": "Feature", "properties": {"node_id": 2959, "node_type": "type_change", "degree": 2, "link_types": "midblock+sidewalk"}, "geometry": {"type": "Point", "coordinates": [-71.0745526, 42.4242197]}}, {"type": "Feature", "properties": {"node_id": 2960, "node_type": "type_change", "degree": 2, "link_types": "midblock+sidewalk"}, "geometry": {"type": "Point", "coordinates": [-71.0745561, 42.4242107]}}, {"type": "Feature", "properties": {"node_id": 2961, "node_type": "type_change", "degree": 2, "link_types": "midblock+sidewalk"}, "geometry": {"type": "Point", "coordinates": [-71.0745604, 42.4241996]}}, {"type": "Feature", "properties": {"node_id": 2962, "node_type": "type_change", "degree": 2, "link_types": "midblock+sidewalk"}, "geometry": {"type": "Point", "coordinates": [-71.0746286, 42.4240231]}}, {"type": "Feature", "properties": {"node_id": 2963, "node_type": "type_change", "degree": 2, "link_types": "midblock+sidewalk"}, "geometry": {"type": "Point", "coordinates": [-71.0746545, 42.423956]}}, {"type": "Feature", "properties": {"node_id": 2964, "node_type": "type_change", "degree": 2, "link_types": "midblock+sidewalk"}, "geometry": {"type": "Point", "coordinates": [-71.0746877, 42.4238702]}}, {"type": "Feature", "properties": {"node_id": 2965, "node_type": "type_change", "degree": 2, "link_types": "midblock+sidewalk"}, "geometry": {"type": "Point", "coordinates": [-71.0747248, 42.423774]}}, {"type": "Feature", "properties": {"node_id": 2966, "node_type": "type_change", "degree": 2, "link_types": "midblock+sidewalk"}, "geometry": {"type": "Point", "coordinates": [-71.074762, 42.4236778]}}, {"type": "Feature", "properties": {"node_id": 2967, "node_type": "type_change", "degree": 2, "link_types": "midblock+sidewalk"}, "geometry": {"type": "Point", "coordinates": [-71.074797, 42.4235872]}}, {"type": "Feature", "properties": {"node_id": 2968, "node_type": "type_change", "degree": 3, "link_types": "pseudo+sidewalk"}, "geometry": {"type": "Point", "coordinates": [-71.0749125, 42.4233625]}}, {"type": "Feature", "properties": {"node_id": 2969, "node_type": "type_change", "degree": 2, "link_types": "midblock+sidewalk"}, "geometry": {"type": "Point", "coordinates": [-71.074099, 42.4259048]}}, {"type": "Feature", "properties": {"node_id": 2970, "node_type": "type_change", "degree": 3, "link_types": "midblock+sidewalk"}, "geometry": {"type": "Point", "coordinates": [-71.0740861, 42.4259019]}}, {"type": "Feature", "properties": {"node_id": 2971, "node_type": "endpoint", "degree": 1, "link_types": "sidewalk"}, "geometry": {"type": "Point", "coordinates": [-71.070084, 42.4279828]}}, {"type": "Feature", "properties": {"node_id": 2972, "node_type": "endpoint", "degree": 1, "link_types": "sidewalk"}, "geometry": {"type": "Point", "coordinates": [-71.0699585, 42.427774]}}, {"type": "Feature", "properties": {"node_id": 2973, "node_type": "junction", "degree": 3, "link_types": "sidewalk"}, "geometry": {"type": "Point", "coordinates": [-71.068757, 42.4262209]}}, {"type": "Feature", "properties": {"node_id": 2974, "node_type": "endpoint", "degree": 1, "link_types": "sidewalk"}, "geometry": {"type": "Point", "coordinates": [-71.0818242, 42.4225945]}}, {"type": "Feature", "properties": {"node_id": 2975, "node_type": "endpoint", "degree": 1, "link_types": "sidewalk"}, "geometry": {"type": "Point", "coordinates": [-71.0709289, 42.4281549]}}, {"type": "Feature", "properties": {"node_id": 2976, "node_type": "endpoint", "degree": 1, "link_types": "sidewalk"}, "geometry": {"type": "Point", "coordinates": [-71.0829302, 42.4239591]}}, {"type": "Feature", "properties": {"node_id": 2977, "node_type": "type_change", "degree": 2, "link_types": "midblock+sidewalk"}, "geometry": {"type": "Point", "coordinates": [-71.0828908, 42.4239275]}}, {"type": "Feature", "properties": {"node_id": 2978, "node_type": "type_change", "degree": 2, "link_types": "midblock+sidewalk"}, "geometry": {"type": "Point", "coordinates": [-71.0828771, 42.4239164]}}, {"type": "Feature", "properties": {"node_id": 2979, "node_type": "endpoint", "degree": 1, "link_types": "sidewalk"}, "geometry": {"type": "Point", "coordinates": [-71.0827793, 42.4238934]}}, {"type": "Feature", "properties": {"node_id": 2980, "node_type": "endpoint", "degree": 1, "link_types": "midblock"}, "geometry": {"type": "Point", "coordinates": [-71.0766064, 42.424303]}}, {"type": "Feature", "properties": {"node_id": 2981, "node_type": "type_change", "degree": 2, "link_types": "midblock+sidewalk"}, "geometry": {"type": "Point", "coordinates": [-71.0766101, 42.4242816]}}, {"type": "Feature", "properties": {"node_id": 2982, "node_type": "junction", "degree": 3, "link_types": "sidewalk"}, "geometry": {"type": "Point", "coordinates": [-71.0766591, 42.4239577]}}, {"type": "Feature", "properties": {"node_id": 2983, "node_type": "endpoint", "degree": 1, "link_types": "sidewalk"}, "geometry": {"type": "Point", "coordinates": [-71.073606, 42.4260568]}}, {"type": "Feature", "properties": {"node_id": 2984, "node_type": "junction", "degree": 3, "link_types": "sidewalk"}, "geometry": {"type": "Point", "coordinates": [-71.0798551, 42.4275653]}}, {"type": "Feature", "properties": {"node_id": 2985, "node_type": "type_change", "degree": 2, "link_types": "midblock+sidewalk"}, "geometry": {"type": "Point", "coordinates": [-71.0799128, 42.4278501]}}, {"type": "Feature", "properties": {"node_id": 2986, "node_type": "type_change", "degree": 2, "link_types": "midblock+sidewalk"}, "geometry": {"type": "Point", "coordinates": [-71.0799164, 42.4278708]}}, {"type": "Feature", "properties": {"node_id": 2987, "node_type": "type_change", "degree": 2, "link_types": "midblock+sidewalk"}, "geometry": {"type": "Point", "coordinates": [-71.0799404, 42.4280094]}}, {"type": "Feature", "properties": {"node_id": 2988, "node_type": "type_change", "degree": 2, "link_types": "midblock+sidewalk"}, "geometry": {"type": "Point", "coordinates": [-71.0799443, 42.4280315]}}, {"type": "Feature", "properties": {"node_id": 2989, "node_type": "type_change", "degree": 2, "link_types": "midblock+sidewalk"}, "geometry": {"type": "Point", "coordinates": [-71.0799686, 42.4281715]}}, {"type": "Feature", "properties": {"node_id": 2990, "node_type": "type_change", "degree": 2, "link_types": "midblock+sidewalk"}, "geometry": {"type": "Point", "coordinates": [-71.0799774, 42.4282222]}}, {"type": "Feature", "properties": {"node_id": 2991, "node_type": "type_change", "degree": 2, "link_types": "midblock+sidewalk"}, "geometry": {"type": "Point", "coordinates": [-71.0800221, 42.4284801]}}, {"type": "Feature", "properties": {"node_id": 2992, "node_type": "type_change", "degree": 2, "link_types": "midblock+sidewalk"}, "geometry": {"type": "Point", "coordinates": [-71.0800247, 42.4284951]}}, {"type": "Feature", "properties": {"node_id": 2993, "node_type": "type_change", "degree": 2, "link_types": "pseudo+sidewalk"}, "geometry": {"type": "Point", "coordinates": [-71.0798561, 42.4275645]}}, {"type": "Feature", "properties": {"node_id": 2994, "node_type": "type_change", "degree": 2, "link_types": "crosswalk+pseudo"}, "geometry": {"type": "Point", "coordinates": [-71.0798665, 42.4275564]}}, {"type": "Feature", "properties": {"node_id": 2995, "node_type": "type_change", "degree": 2, "link_types": "crosswalk+pseudo"}, "geometry": {"type": "Point", "coordinates": [-71.0799766, 42.4275343]}}, {"type": "Feature", "properties": {"node_id": 2996, "node_type": "junction", "degree": 3, "link_types": "sidewalk"}, "geometry": {"type": "Point", "coordinates": [-71.0843919, 42.4179183]}}, {"type": "Feature", "properties": {"node_id": 2997, "node_type": "type_change", "degree": 2, "link_types": "midblock+sidewalk"}, "geometry": {"type": "Point", "coordinates": [-71.0843889, 42.4180787]}}, {"type": "Feature", "properties": {"node_id": 2998, "node_type": "type_change", "degree": 2, "link_types": "midblock+sidewalk"}, "geometry": {"type": "Point", "coordinates": [-71.0843907, 42.4181259]}}, {"type": "Feature", "properties": {"node_id": 2999, "node_type": "type_change", "degree": 2, "link_types": "midblock+sidewalk"}, "geometry": {"type": "Point", "coordinates": [-71.0843911, 42.4181589]}}, {"type": "Feature", "properties": {"node_id": 3000, "node_type": "type_change", "degree": 2, "link_types": "midblock+sidewalk"}, "geometry": {"type": "Point", "coordinates": [-71.0843909, 42.4181819]}}, {"type": "Feature", "properties": {"node_id": 3001, "node_type": "type_change", "degree": 2, "link_types": "midblock+sidewalk"}, "geometry": {"type": "Point", "coordinates": [-71.0843901, 42.4182913]}}, {"type": "Feature", "properties": {"node_id": 3002, "node_type": "type_change", "degree": 2, "link_types": "midblock+sidewalk"}, "geometry": {"type": "Point", "coordinates": [-71.0843898, 42.4183279]}}, {"type": "Feature", "properties": {"node_id": 3003, "node_type": "type_change", "degree": 2, "link_types": "midblock+sidewalk"}, "geometry": {"type": "Point", "coordinates": [-71.0841458, 42.4185689]}}, {"type": "Feature", "properties": {"node_id": 3004, "node_type": "type_change", "degree": 2, "link_types": "midblock+sidewalk"}, "geometry": {"type": "Point", "coordinates": [-71.0840321, 42.4185695]}}, {"type": "Feature", "properties": {"node_id": 3005, "node_type": "type_change", "degree": 2, "link_types": "midblock+sidewalk"}, "geometry": {"type": "Point", "coordinates": [-71.0837302, 42.4185702]}}, {"type": "Feature", "properties": {"node_id": 3006, "node_type": "type_change", "degree": 2, "link_types": "midblock+sidewalk"}, "geometry": {"type": "Point", "coordinates": [-71.0837153, 42.4185677]}}, {"type": "Feature", "properties": {"node_id": 3007, "node_type": "type_change", "degree": 2, "link_types": "midblock+sidewalk"}, "geometry": {"type": "Point", "coordinates": [-71.0836027, 42.4185667]}}, {"type": "Feature", "properties": {"node_id": 3008, "node_type": "type_change", "degree": 2, "link_types": "midblock+sidewalk"}, "geometry": {"type": "Point", "coordinates": [-71.0835825, 42.4185653]}}, {"type": "Feature", "properties": {"node_id": 3009, "node_type": "type_change", "degree": 2, "link_types": "midblock+sidewalk"}, "geometry": {"type": "Point", "coordinates": [-71.0834431, 42.4185675]}}, {"type": "Feature", "properties": {"node_id": 3010, "node_type": "type_change", "degree": 2, "link_types": "midblock+sidewalk"}, "geometry": {"type": "Point", "coordinates": [-71.0834179, 42.4185677]}}, {"type": "Feature", "properties": {"node_id": 3011, "node_type": "type_change", "degree": 2, "link_types": "midblock+sidewalk"}, "geometry": {"type": "Point", "coordinates": [-71.083323, 42.4185685]}}, {"type": "Feature", "properties": {"node_id": 3012, "node_type": "type_change", "degree": 2, "link_types": "midblock+sidewalk"}, "geometry": {"type": "Point", "coordinates": [-71.0832484, 42.4185691]}}, {"type": "Feature", "properties": {"node_id": 3013, "node_type": "type_change", "degree": 2, "link_types": "midblock+sidewalk"}, "geometry": {"type": "Point", "coordinates": [-71.0831728, 42.4185693]}}, {"type": "Feature", "properties": {"node_id": 3014, "node_type": "type_change", "degree": 2, "link_types": "midblock+sidewalk"}, "geometry": {"type": "Point", "coordinates": [-71.0830924, 42.4185678]}}, {"type": "Feature", "properties": {"node_id": 3015, "node_type": "type_change", "degree": 2, "link_types": "midblock+sidewalk"}, "geometry": {"type": "Point", "coordinates": [-71.0828467, 42.4185652]}}, {"type": "Feature", "properties": {"node_id": 3016, "node_type": "type_change", "degree": 2, "link_types": "midblock+sidewalk"}, "geometry": {"type": "Point", "coordinates": [-71.0827715, 42.4185666]}}, {"type": "Feature", "properties": {"node_id": 3017, "node_type": "type_change", "degree": 2, "link_types": "midblock+sidewalk"}, "geometry": {"type": "Point", "coordinates": [-71.0824981, 42.4185668]}}, {"type": "Feature", "properties": {"node_id": 3018, "node_type": "type_change", "degree": 2, "link_types": "midblock+sidewalk"}, "geometry": {"type": "Point", "coordinates": [-71.0824446, 42.4185668]}}, {"type": "Feature", "properties": {"node_id": 3019, "node_type": "type_change", "degree": 2, "link_types": "midblock+sidewalk"}, "geometry": {"type": "Point", "coordinates": [-71.0819394, 42.418566]}}, {"type": "Feature", "properties": {"node_id": 3020, "node_type": "type_change", "degree": 2, "link_types": "midblock+sidewalk"}, "geometry": {"type": "Point", "coordinates": [-71.0818734, 42.4185659]}}, {"type": "Feature", "properties": {"node_id": 3021, "node_type": "type_change", "degree": 3, "link_types": "pseudo+sidewalk"}, "geometry": {"type": "Point", "coordinates": [-71.0813667, 42.4185554]}}, {"type": "Feature", "properties": {"node_id": 3022, "node_type": "type_change", "degree": 3, "link_types": "pseudo+sidewalk"}, "geometry": {"type": "Point", "coordinates": [-71.0843928, 42.4179176]}}, {"type": "Feature", "properties": {"node_id": 3023, "node_type": "type_change", "degree": 3, "link_types": "pseudo+sidewalk"}, "geometry": {"type": "Point", "coordinates": [-71.0843918, 42.4179176]}}, {"type": "Feature", "properties": {"node_id": 3024, "node_type": "endpoint", "degree": 1, "link_types": "sidewalk"}, "geometry": {"type": "Point", "coordinates": [-71.080455, 42.4159503]}}, {"type": "Feature", "properties": {"node_id": 3025, "node_type": "type_change", "degree": 2, "link_types": "midblock+sidewalk"}, "geometry": {"type": "Point", "coordinates": [-71.0804919, 42.4159511]}}, {"type": "Feature", "properties": {"node_id": 3026, "node_type": "type_change", "degree": 2, "link_types": "midblock+sidewalk"}, "geometry": {"type": "Point", "coordinates": [-71.0805432, 42.4159522]}}, {"type": "Feature", "properties": {"node_id": 3027, "node_type": "type_change", "degree": 2, "link_types": "midblock+sidewalk"}, "geometry": {"type": "Point", "coordinates": [-71.0813169, 42.4159536]}}, {"type": "Feature", "properties": {"node_id": 3028, "node_type": "type_change", "degree": 2, "link_types": "midblock+sidewalk"}, "geometry": {"type": "Point", "coordinates": [-71.0813587, 42.4159535]}}, {"type": "Feature", "properties": {"node_id": 3029, "node_type": "type_change", "degree": 3, "link_types": "pseudo+sidewalk"}, "geometry": {"type": "Point", "coordinates": [-71.0816306, 42.4159527]}}, {"type": "Feature", "properties": {"node_id": 3030, "node_type": "junction", "degree": 3, "link_types": "pseudo"}, "geometry": {"type": "Point", "coordinates": [-71.0740189, 42.4285529]}}, {"type": "Feature", "properties": {"node_id": 3031, "node_type": "type_change", "degree": 3, "link_types": "crosswalk+pseudo"}, "geometry": {"type": "Point", "coordinates": [-71.0740199, 42.4285543]}}, {"type": "Feature", "properties": {"node_id": 3032, "node_type": "type_change", "degree": 4, "link_types": "crosswalk+pseudo"}, "geometry": {"type": "Point", "coordinates": [-71.0740199, 42.4285521]}}, {"type": "Feature", "properties": {"node_id": 3033, "node_type": "junction", "degree": 4, "link_types": "pseudo"}, "geometry": {"type": "Point", "coordinates": [-71.0740189, 42.4285522]}}, {"type": "Feature", "properties": {"node_id": 3034, "node_type": "endpoint", "degree": 1, "link_types": "sidewalk"}, "geometry": {"type": "Point", "coordinates": [-71.073601, 42.4269676]}}, {"type": "Feature", "properties": {"node_id": 3035, "node_type": "type_change", "degree": 2, "link_types": "crosswalk+pseudo"}, "geometry": {"type": "Point", "coordinates": [-71.0706267, 42.4271878]}}, {"type": "Feature", "properties": {"node_id": 3036, "node_type": "type_change", "degree": 2, "link_types": "crosswalk+pseudo"}, "geometry": {"type": "Point", "coordinates": [-71.0705109, 42.4271841]}}, {"type": "Feature", "properties": {"node_id": 3037, "node_type": "type_change", "degree": 3, "link_types": "pseudo+sidewalk"}, "geometry": {"type": "Point", "coordinates": [-71.0704936, 42.4271909]}}, {"type": "Feature", "properties": {"node_id": 3038, "node_type": "endpoint", "degree": 1, "link_types": "sidewalk"}, "geometry": {"type": "Point", "coordinates": [-71.066929, 42.4276472]}}, {"type": "Feature", "properties": {"node_id": 3039, "node_type": "endpoint", "degree": 1, "link_types": "crosswalk"}, "geometry": {"type": "Point", "coordinates": [-71.0793165, 42.4234506]}}, {"type": "Feature", "properties": {"node_id": 3040, "node_type": "junction", "degree": 3, "link_types": "crosswalk"}, "geometry": {"type": "Point", "coordinates": [-71.0802972, 42.4217902]}}, {"type": "Feature", "properties": {"node_id": 3041, "node_type": "type_change", "degree": 2, "link_types": "crosswalk+sidewalk"}, "geometry": {"type": "Point", "coordinates": [-71.0802982, 42.4217909]}}, {"type": "Feature", "properties": {"node_id": 3042, "node_type": "endpoint", "degree": 1, "link_types": "sidewalk"}, "geometry": {"type": "Point", "coordinates": [-71.0802893, 42.4218155]}}, {"type": "Feature", "properties": {"node_id": 3043, "node_type": "type_change", "degree": 2, "link_types": "crosswalk+pseudo"}, "geometry": {"type": "Point", "coordinates": [-71.0801337, 42.4218169]}}, {"type": "Feature", "properties": {"node_id": 3044, "node_type": "type_change", "degree": 2, "link_types": "crosswalk+sidewalk"}, "geometry": {"type": "Point", "coordinates": [-71.0802981, 42.4217894]}}, {"type": "Feature", "properties": {"node_id": 3045, "node_type": "junction", "degree": 3, "link_types": "sidewalk"}, "geometry": {"type": "Point", "coordinates": [-71.0814347, 42.4194634]}}, {"type": "Feature", "properties": {"node_id": 3046, "node_type": "type_change", "degree": 3, "link_types": "pseudo+sidewalk"}, "geometry": {"type": "Point", "coordinates": [-71.0814347, 42.4194641]}}, {"type": "Feature", "properties": {"node_id": 3047, "node_type": "type_change", "degree": 2, "link_types": "midblock+sidewalk"}, "geometry": {"type": "Point", "coordinates": [-71.081347, 42.419245]}}, {"type": "Feature", "properties": {"node_id": 3048, "node_type": "type_change", "degree": 2, "link_types": "midblock+sidewalk"}, "geometry": {"type": "Point", "coordinates": [-71.081334, 42.4192126]}}, {"type": "Feature", "properties": {"node_id": 3049, "node_type": "type_change", "degree": 3, "link_types": "crosswalk+sidewalk"}, "geometry": {"type": "Point", "coordinates": [-71.0813466, 42.4186538]}}, {"type": "Feature", "properties": {"node_id": 3050, "node_type": "endpoint", "degree": 1, "link_types": "sidewalk"}, "geometry": {"type": "Point", "coordinates": [-71.0764955, 42.4267487]}}, {"type": "Feature", "properties": {"node_id": 3051, "node_type": "junction", "degree": 3, "link_types": "sidewalk"}, "geometry": {"type": "Point", "coordinates": [-71.0765024, 42.42675]}}, {"type": "Feature", "properties": {"node_id": 3052, "node_type": "junction", "degree": 3, "link_types": "sidewalk"}, "geometry": {"type": "Point", "coordinates": [-71.0800242, 42.4266199]}}, {"type": "Feature", "properties": {"node_id": 3053, "node_type": "type_change", "degree": 2, "link_types": "pseudo+sidewalk"}, "geometry": {"type": "Point", "coordinates": [-71.0800252, 42.4266206]}}, {"type": "Feature", "properties": {"node_id": 3054, "node_type": "type_change", "degree": 2, "link_types": "crosswalk+pseudo"}, "geometry": {"type": "Point", "coordinates": [-71.0800403, 42.4266354]}}, {"type": "Feature", "properties": {"node_id": 3055, "node_type": "type_change", "degree": 2, "link_types": "crosswalk+pseudo"}, "geometry": {"type": "Point", "coordinates": [-71.0799559, 42.4266442]}}, {"type": "Feature", "properties": {"node_id": 3056, "node_type": "type_change", "degree": 2, "link_types": "midblock+sidewalk"}, "geometry": {"type": "Point", "coordinates": [-71.080369, 42.4265788]}}, {"type": "Feature", "properties": {"node_id": 3057, "node_type": "type_change", "degree": 2, "link_types": "midblock+sidewalk"}, "geometry": {"type": "Point", "coordinates": [-71.0804282, 42.4265711]}}, {"type": "Feature", "properties": {"node_id": 3058, "node_type": "type_change", "degree": 2, "link_types": "midblock+sidewalk"}, "geometry": {"type": "Point", "coordinates": [-71.0806335, 42.4265473]}}, {"type": "Feature", "properties": {"node_id": 3059, "node_type": "type_change", "degree": 2, "link_types": "midblock+sidewalk"}, "geometry": {"type": "Point", "coordinates": [-71.0806824, 42.4265417]}}, {"type": "Feature", "properties": {"node_id": 3060, "node_type": "type_change", "degree": 2, "link_types": "midblock+sidewalk"}, "geometry": {"type": "Point", "coordinates": [-71.0807178, 42.4265376]}}, {"type": "Feature", "properties": {"node_id": 3061, "node_type": "type_change", "degree": 2, "link_types": "midblock+sidewalk"}, "geometry": {"type": "Point", "coordinates": [-71.0808137, 42.4265267]}}, {"type": "Feature", "properties": {"node_id": 3062, "node_type": "junction", "degree": 3, "link_types": "pseudo"}, "geometry": {"type": "Point", "coordinates": [-71.0825743, 42.4233129]}}, {"type": "Feature", "properties": {"node_id": 3063, "node_type": "type_change", "degree": 2, "link_types": "crosswalk+pseudo"}, "geometry": {"type": "Point", "coordinates": [-71.0825747, 42.4233258]}}, {"type": "Feature", "properties": {"node_id": 3064, "node_type": "type_change", "degree": 2, "link_types": "crosswalk+pseudo"}, "geometry": {"type": "Point", "coordinates": [-71.0826009, 42.4234125]}}, {"type": "Feature", "properties": {"node_id": 3065, "node_type": "type_change", "degree": 2, "link_types": "pseudo+sidewalk"}, "geometry": {"type": "Point", "coordinates": [-71.0825753, 42.4233121]}}, {"type": "Feature", "properties": {"node_id": 3066, "node_type": "type_change", "degree": 2, "link_types": "midblock+sidewalk"}, "geometry": {"type": "Point", "coordinates": [-71.0827043, 42.4232915]}}, {"type": "Feature", "properties": {"node_id": 3067, "node_type": "type_change", "degree": 2, "link_types": "midblock+sidewalk"}, "geometry": {"type": "Point", "coordinates": [-71.0827351, 42.4232852]}}, {"type": "Feature", "properties": {"node_id": 3068, "node_type": "endpoint", "degree": 1, "link_types": "sidewalk"}, "geometry": {"type": "Point", "coordinates": [-71.0831121, 42.423226]}}, {"type": "Feature", "properties": {"node_id": 3069, "node_type": "type_change", "degree": 2, "link_types": "pseudo+sidewalk"}, "geometry": {"type": "Point", "coordinates": [-71.0825733, 42.4233122]}}, {"type": "Feature", "properties": {"node_id": 3070, "node_type": "type_change", "degree": 2, "link_types": "crosswalk+pseudo"}, "geometry": {"type": "Point", "coordinates": [-71.0825216, 42.4233059]}}, {"type": "Feature", "properties": {"node_id": 3071, "node_type": "type_change", "degree": 2, "link_types": "crosswalk+pseudo"}, "geometry": {"type": "Point", "coordinates": [-71.0823573, 42.4233089]}}, {"type": "Feature", "properties": {"node_id": 3072, "node_type": "endpoint", "degree": 1, "link_types": "crosswalk"}, "geometry": {"type": "Point", "coordinates": [-71.0769365, 42.4217265]}}, {"type": "Feature", "properties": {"node_id": 3073, "node_type": "type_change", "degree": 2, "link_types": "crosswalk+pseudo"}, "geometry": {"type": "Point", "coordinates": [-71.0769375, 42.4217265]}}, {"type": "Feature", "properties": {"node_id": 3074, "node_type": "endpoint", "degree": 1, "link_types": "crosswalk"}, "geometry": {"type": "Point", "coordinates": [-71.0807757, 42.4273209]}}, {"type": "Feature", "properties": {"node_id": 3075, "node_type": "type_change", "degree": 3, "link_types": "crosswalk+pseudo"}, "geometry": {"type": "Point", "coordinates": [-71.0807748, 42.4273216]}}, {"type": "Feature", "properties": {"node_id": 3076, "node_type": "type_change", "degree": 2, "link_types": "pseudo+sidewalk"}, "geometry": {"type": "Point", "coordinates": [-71.0803281, 42.4217565]}}, {"type": "Feature", "properties": {"node_id": 3077, "node_type": "type_change", "degree": 2, "link_types": "midblock+sidewalk"}, "geometry": {"type": "Point", "coordinates": [-71.0804792, 42.4217575]}}, {"type": "Feature", "properties": {"node_id": 3078, "node_type": "type_change", "degree": 2, "link_types": "midblock+sidewalk"}, "geometry": {"type": "Point", "coordinates": [-71.0805353, 42.4217603]}}, {"type": "Feature", "properties": {"node_id": 3079, "node_type": "type_change", "degree": 2, "link_types": "midblock+sidewalk"}, "geometry": {"type": "Point", "coordinates": [-71.0810721, 42.4217648]}}, {"type": "Feature", "properties": {"node_id": 3080, "node_type": "type_change", "degree": 2, "link_types": "midblock+sidewalk"}, "geometry": {"type": "Point", "coordinates": [-71.0812019, 42.4217634]}}, {"type": "Feature", "properties": {"node_id": 3081, "node_type": "type_change", "degree": 2, "link_types": "midblock+sidewalk"}, "geometry": {"type": "Point", "coordinates": [-71.0816226, 42.4217681]}}, {"type": "Feature", "properties": {"node_id": 3082, "node_type": "type_change", "degree": 2, "link_types": "midblock+sidewalk"}, "geometry": {"type": "Point", "coordinates": [-71.0816652, 42.4217668]}}, {"type": "Feature", "properties": {"node_id": 3083, "node_type": "junction", "degree": 3, "link_types": "pseudo"}, "geometry": {"type": "Point", "coordinates": [-71.0737416, 42.4255105]}}, {"type": "Feature", "properties": {"node_id": 3084, "node_type": "type_change", "degree": 2, "link_types": "crosswalk+pseudo"}, "geometry": {"type": "Point", "coordinates": [-71.0737421, 42.4255241]}}, {"type": "Feature", "properties": {"node_id": 3085, "node_type": "type_change", "degree": 2, "link_types": "crosswalk+pseudo"}, "geometry": {"type": "Point", "coordinates": [-71.0737016, 42.4256243]}}, {"type": "Feature", "properties": {"node_id": 3086, "node_type": "type_change", "degree": 2, "link_types": "pseudo+sidewalk"}, "geometry": {"type": "Point", "coordinates": [-71.0737425, 42.4255097]}}, {"type": "Feature", "properties": {"node_id": 3087, "node_type": "type_change", "degree": 2, "link_types": "pseudo+sidewalk"}, "geometry": {"type": "Point", "coordinates": [-71.0737406, 42.4255098]}}, {"type": "Feature", "properties": {"node_id": 3088, "node_type": "endpoint", "degree": 1, "link_types": "sidewalk"}, "geometry": {"type": "Point", "coordinates": [-71.073566, 42.425492]}}, {"type": "Feature", "properties": {"node_id": 3089, "node_type": "endpoint", "degree": 1, "link_types": "sidewalk"}, "geometry": {"type": "Point", "coordinates": [-71.0698534, 42.4274769]}}, {"type": "Feature", "properties": {"node_id": 3090, "node_type": "endpoint", "degree": 1, "link_types": "sidewalk"}, "geometry": {"type": "Point", "coordinates": [-71.0777108, 42.4202925]}}, {"type": "Feature", "properties": {"node_id": 3091, "node_type": "type_change", "degree": 3, "link_types": "pseudo+sidewalk"}, "geometry": {"type": "Point", "coordinates": [-71.0777179, 42.4203024]}}, {"type": "Feature", "properties": {"node_id": 3092, "node_type": "endpoint", "degree": 1, "link_types": "sidewalk"}, "geometry": {"type": "Point", "coordinates": [-71.0763832, 42.4272334]}}, {"type": "Feature", "properties": {"node_id": 3093, "node_type": "endpoint", "degree": 1, "link_types": "sidewalk"}, "geometry": {"type": "Point", "coordinates": [-71.0682559, 42.4240535]}}, {"type": "Feature", "properties": {"node_id": 3094, "node_type": "type_change", "degree": 2, "link_types": "midblock+sidewalk"}, "geometry": {"type": "Point", "coordinates": [-71.0681701, 42.4240675]}}, {"type": "Feature", "properties": {"node_id": 3095, "node_type": "type_change", "degree": 2, "link_types": "midblock+sidewalk"}, "geometry": {"type": "Point", "coordinates": [-71.0680913, 42.4240866]}}, {"type": "Feature", "properties": {"node_id": 3096, "node_type": "endpoint", "degree": 1, "link_types": "sidewalk"}, "geometry": {"type": "Point", "coordinates": [-71.066195, 42.4161096]}}, {"type": "Feature", "properties": {"node_id": 3097, "node_type": "type_change", "degree": 2, "link_types": "midblock+sidewalk"}, "geometry": {"type": "Point", "coordinates": [-71.0663437, 42.4160988]}}, {"type": "Feature", "properties": {"node_id": 3098, "node_type": "type_change", "degree": 2, "link_types": "midblock+sidewalk"}, "geometry": {"type": "Point", "coordinates": [-71.0664035, 42.4160946]}}, {"type": "Feature", "properties": {"node_id": 3099, "node_type": "type_change", "degree": 2, "link_types": "midblock+sidewalk"}, "geometry": {"type": "Point", "coordinates": [-71.0666231, 42.4160841]}}, {"type": "Feature", "properties": {"node_id": 3100, "node_type": "type_change", "degree": 2, "link_types": "midblock+sidewalk"}, "geometry": {"type": "Point", "coordinates": [-71.0666638, 42.4160821]}}, {"type": "Feature", "properties": {"node_id": 3101, "node_type": "type_change", "degree": 2, "link_types": "midblock+sidewalk"}, "geometry": {"type": "Point", "coordinates": [-71.0671299, 42.4160625]}}, {"type": "Feature", "properties": {"node_id": 3102, "node_type": "type_change", "degree": 2, "link_types": "midblock+sidewalk"}, "geometry": {"type": "Point", "coordinates": [-71.0672014, 42.4160603]}}, {"type": "Feature", "properties": {"node_id": 3103, "node_type": "junction", "degree": 3, "link_types": "sidewalk"}, "geometry": {"type": "Point", "coordinates": [-71.0674453, 42.4160489]}}, {"type": "Feature", "properties": {"node_id": 3104, "node_type": "type_change", "degree": 2, "link_types": "pseudo+sidewalk"}, "geometry": {"type": "Point", "coordinates": [-71.0662577, 42.4170126]}}, {"type": "Feature", "properties": {"node_id": 3105, "node_type": "endpoint", "degree": 1, "link_types": "sidewalk"}, "geometry": {"type": "Point", "coordinates": [-71.0662124, 42.417025]}}, {"type": "Feature", "properties": {"node_id": 3106, "node_type": "type_change", "degree": 2, "link_types": "crosswalk+pseudo"}, "geometry": {"type": "Point", "coordinates": [-71.0754046, 42.421889]}}, {"type": "Feature", "properties": {"node_id": 3107, "node_type": "type_change", "degree": 3, "link_types": "crosswalk+pseudo"}, "geometry": {"type": "Point", "coordinates": [-71.0754036, 42.4218883]}}, {"type": "Feature", "properties": {"node_id": 3108, "node_type": "endpoint", "degree": 1, "link_types": "sidewalk"}, "geometry": {"type": "Point", "coordinates": [-71.0806896, 42.4240697]}}, {"type": "Feature", "properties": {"node_id": 3109, "node_type": "type_change", "degree": 3, "link_types": "crosswalk+sidewalk"}, "geometry": {"type": "Point", "coordinates": [-71.0794569, 42.4225806]}}, {"type": "Feature", "properties": {"node_id": 3110, "node_type": "type_change", "degree": 3, "link_types": "midblock+sidewalk"}, "geometry": {"type": "Point", "coordinates": [-71.0675937, 42.4236692]}}, {"type": "Feature", "properties": {"node_id": 3111, "node_type": "type_change", "degree": 2, "link_types": "midblock+sidewalk"}, "geometry": {"type": "Point", "coordinates": [-71.0675846, 42.423704]}}, {"type": "Feature", "properties": {"node_id": 3112, "node_type": "endpoint", "degree": 1, "link_types": "sidewalk"}, "geometry": {"type": "Point", "coordinates": [-71.0675846, 42.4237176]}}, {"type": "Feature", "properties": {"node_id": 3113, "node_type": "junction", "degree": 3, "link_types": "sidewalk"}, "geometry": {"type": "Point", "coordinates": [-71.0675937, 42.4236684]}}, {"type": "Feature", "properties": {"node_id": 3114, "node_type": "endpoint", "degree": 1, "link_types": "sidewalk"}, "geometry": {"type": "Point", "coordinates": [-71.0760818, 42.4277353]}}, {"type": "Feature", "properties": {"node_id": 3115, "node_type": "type_change", "degree": 2, "link_types": "midblock+sidewalk"}, "geometry": {"type": "Point", "coordinates": [-71.0760779, 42.4277124]}}, {"type": "Feature", "properties": {"node_id": 3116, "node_type": "type_change", "degree": 2, "link_types": "midblock+sidewalk"}, "geometry": {"type": "Point", "coordinates": [-71.0760728, 42.4276818]}}, {"type": "Feature", "properties": {"node_id": 3117, "node_type": "type_change", "degree": 2, "link_types": "midblock+sidewalk"}, "geometry": {"type": "Point", "coordinates": [-71.0760494, 42.4275419]}}, {"type": "Feature", "properties": {"node_id": 3118, "node_type": "type_change", "degree": 2, "link_types": "midblock+sidewalk"}, "geometry": {"type": "Point", "coordinates": [-71.076043, 42.427504]}}, {"type": "Feature", "properties": {"node_id": 3119, "node_type": "type_change", "degree": 2, "link_types": "midblock+sidewalk"}, "geometry": {"type": "Point", "coordinates": [-71.0760243, 42.427392]}}, {"type": "Feature", "properties": {"node_id": 3120, "node_type": "type_change", "degree": 2, "link_types": "midblock+sidewalk"}, "geometry": {"type": "Point", "coordinates": [-71.0760071, 42.4272892]}}, {"type": "Feature", "properties": {"node_id": 3121, "node_type": "type_change", "degree": 3, "link_types": "pseudo+sidewalk"}, "geometry": {"type": "Point", "coordinates": [-71.080184, 42.4209846]}}, {"type": "Feature", "properties": {"node_id": 3122, "node_type": "junction", "degree": 3, "link_types": "sidewalk"}, "geometry": {"type": "Point", "coordinates": [-71.080183, 42.4209839]}}, {"type": "Feature", "properties": {"node_id": 3123, "node_type": "endpoint", "degree": 1, "link_types": "sidewalk"}, "geometry": {"type": "Point", "coordinates": [-71.0799891, 42.4251775]}}, {"type": "Feature", "properties": {"node_id": 3124, "node_type": "type_change", "degree": 2, "link_types": "midblock+sidewalk"}, "geometry": {"type": "Point", "coordinates": [-71.0806087, 42.4250431]}}, {"type": "Feature", "properties": {"node_id": 3125, "node_type": "type_change", "degree": 2, "link_types": "midblock+sidewalk"}, "geometry": {"type": "Point", "coordinates": [-71.0806583, 42.4250329]}}, {"type": "Feature", "properties": {"node_id": 3126, "node_type": "endpoint", "degree": 1, "link_types": "sidewalk"}, "geometry": {"type": "Point", "coordinates": [-71.0806901, 42.4250264]}}, {"type": "Feature", "properties": {"node_id": 3127, "node_type": "endpoint", "degree": 1, "link_types": "sidewalk"}, "geometry": {"type": "Point", "coordinates": [-71.0814516, 42.4284966]}}, {"type": "Feature", "properties": {"node_id": 3128, "node_type": "endpoint", "degree": 1, "link_types": "sidewalk"}, "geometry": {"type": "Point", "coordinates": [-71.0708533, 42.4271866]}}, {"type": "Feature", "properties": {"node_id": 3129, "node_type": "endpoint", "degree": 1, "link_types": "sidewalk"}, "geometry": {"type": "Point", "coordinates": [-71.0716053, 42.4272256]}}, {"type": "Feature", "properties": {"node_id": 3130, "node_type": "endpoint", "degree": 1, "link_types": "sidewalk"}, "geometry": {"type": "Point", "coordinates": [-71.0787631, 42.4216545]}}, {"type": "Feature", "properties": {"node_id": 3131, "node_type": "type_change", "degree": 2, "link_types": "midblock+sidewalk"}, "geometry": {"type": "Point", "coordinates": [-71.0781534, 42.4216657]}}, {"type": "Feature", "properties": {"node_id": 3132, "node_type": "type_change", "degree": 2, "link_types": "midblock+sidewalk"}, "geometry": {"type": "Point", "coordinates": [-71.0781174, 42.4216655]}}, {"type": "Feature", "properties": {"node_id": 3133, "node_type": "endpoint", "degree": 1, "link_types": "sidewalk"}, "geometry": {"type": "Point", "coordinates": [-71.0774277, 42.4216715]}}, {"type": "Feature", "properties": {"node_id": 3134, "node_type": "endpoint", "degree": 1, "link_types": "sidewalk"}, "geometry": {"type": "Point", "coordinates": [-71.066792, 42.4235669]}}, {"type": "Feature", "properties": {"node_id": 3135, "node_type": "type_change", "degree": 2, "link_types": "midblock+sidewalk"}, "geometry": {"type": "Point", "coordinates": [-71.0668256, 42.423554]}}, {"type": "Feature", "properties": {"node_id": 3136, "node_type": "type_change", "degree": 2, "link_types": "midblock+sidewalk"}, "geometry": {"type": "Point", "coordinates": [-71.0669419, 42.4235093]}}, {"type": "Feature", "properties": {"node_id": 3137, "node_type": "type_change", "degree": 2, "link_types": "midblock+sidewalk"}, "geometry": {"type": "Point", "coordinates": [-71.0669815, 42.423494]}}, {"type": "Feature", "properties": {"node_id": 3138, "node_type": "type_change", "degree": 2, "link_types": "midblock+sidewalk"}, "geometry": {"type": "Point", "coordinates": [-71.0670565, 42.4234691]}}, {"type": "Feature", "properties": {"node_id": 3139, "node_type": "endpoint", "degree": 1, "link_types": "sidewalk"}, "geometry": {"type": "Point", "coordinates": [-71.0701346, 42.4265079]}}, {"type": "Feature", "properties": {"node_id": 3140, "node_type": "endpoint", "degree": 1, "link_types": "sidewalk"}, "geometry": {"type": "Point", "coordinates": [-71.0693153, 42.4264031]}}, {"type": "Feature", "properties": {"node_id": 3141, "node_type": "type_change", "degree": 2, "link_types": "crosswalk+pseudo"}, "geometry": {"type": "Point", "coordinates": [-71.0752653, 42.4215572]}}, {"type": "Feature", "properties": {"node_id": 3142, "node_type": "type_change", "degree": 3, "link_types": "crosswalk+pseudo"}, "geometry": {"type": "Point", "coordinates": [-71.0754838, 42.4215806]}}, {"type": "Feature", "properties": {"node_id": 3143, "node_type": "endpoint", "degree": 1, "link_types": "sidewalk"}, "geometry": {"type": "Point", "coordinates": [-71.0799748, 42.4166564]}}, {"type": "Feature", "properties": {"node_id": 3144, "node_type": "type_change", "degree": 2, "link_types": "pseudo+sidewalk"}, "geometry": {"type": "Point", "coordinates": [-71.0798589, 42.4166528]}}, {"type": "Feature", "properties": {"node_id": 3145, "node_type": "endpoint", "degree": 1, "link_types": "sidewalk"}, "geometry": {"type": "Point", "coordinates": [-71.0723443, 42.4254233]}}, {"type": "Feature", "properties": {"node_id": 3146, "node_type": "junction", "degree": 3, "link_types": "sidewalk"}, "geometry": {"type": "Point", "coordinates": [-71.0670374, 42.4270703]}}, {"type": "Feature", "properties": {"node_id": 3147, "node_type": "type_change", "degree": 3, "link_types": "pseudo+sidewalk"}, "geometry": {"type": "Point", "coordinates": [-71.0789877, 42.4287705]}}, {"type": "Feature", "properties": {"node_id": 3148, "node_type": "type_change", "degree": 2, "link_types": "pseudo+sidewalk"}, "geometry": {"type": "Point", "coordinates": [-71.0750447, 42.4260128]}}, {"type": "Feature", "properties": {"node_id": 3149, "node_type": "type_change", "degree": 2, "link_types": "crosswalk+pseudo"}, "geometry": {"type": "Point", "coordinates": [-71.0750372, 42.4260223]}}, {"type": "Feature", "properties": {"node_id": 3150, "node_type": "type_change", "degree": 2, "link_types": "crosswalk+pseudo"}, "geometry": {"type": "Point", "coordinates": [-71.0749666, 42.4260913]}}, {"type": "Feature", "properties": {"node_id": 3151, "node_type": "type_change", "degree": 2, "link_types": "crosswalk+sidewalk"}, "geometry": {"type": "Point", "coordinates": [-71.07509, 42.4260307]}}, {"type": "Feature", "properties": {"node_id": 3152, "node_type": "type_change", "degree": 2, "link_types": "crosswalk+pseudo"}, "geometry": {"type": "Point", "coordinates": [-71.0768288, 42.421673]}}, {"type": "Feature", "properties": {"node_id": 3153, "node_type": "type_change", "degree": 2, "link_types": "crosswalk+pseudo"}, "geometry": {"type": "Point", "coordinates": [-71.0768127, 42.4217475]}}, {"type": "Feature", "properties": {"node_id": 3154, "node_type": "type_change", "degree": 3, "link_types": "pseudo+sidewalk"}, "geometry": {"type": "Point", "coordinates": [-71.0768062, 42.4217569]}}, {"type": "Feature", "properties": {"node_id": 3155, "node_type": "type_change", "degree": 2, "link_types": "pseudo+sidewalk"}, "geometry": {"type": "Point", "coordinates": [-71.0768294, 42.4216622]}}, {"type": "Feature", "properties": {"node_id": 3156, "node_type": "junction", "degree": 3, "link_types": "sidewalk"}, "geometry": {"type": "Point", "coordinates": [-71.0768927, 42.4216646]}}, {"type": "Feature", "properties": {"node_id": 3157, "node_type": "junction", "degree": 3, "link_types": "pseudo"}, "geometry": {"type": "Point", "coordinates": [-71.0743156, 42.4247811]}}, {"type": "Feature", "properties": {"node_id": 3158, "node_type": "type_change", "degree": 2, "link_types": "crosswalk+pseudo"}, "geometry": {"type": "Point", "coordinates": [-71.0743166, 42.4247818]}}, {"type": "Feature", "properties": {"node_id": 3159, "node_type": "type_change", "degree": 2, "link_types": "crosswalk+pseudo"}, "geometry": {"type": "Point", "coordinates": [-71.0743205, 42.4248112]}}, {"type": "Feature", "properties": {"node_id": 3160, "node_type": "type_change", "degree": 3, "link_types": "pseudo+sidewalk"}, "geometry": {"type": "Point", "coordinates": [-71.0743078, 42.4248115]}}, {"type": "Feature", "properties": {"node_id": 3161, "node_type": "type_change", "degree": 2, "link_types": "pseudo+sidewalk"}, "geometry": {"type": "Point", "coordinates": [-71.0743092, 42.4247949]}}, {"type": "Feature", "properties": {"node_id": 3162, "node_type": "type_change", "degree": 2, "link_types": "crosswalk+pseudo"}, "geometry": {"type": "Point", "coordinates": [-71.0743165, 42.4247789]}}, {"type": "Feature", "properties": {"node_id": 3163, "node_type": "endpoint", "degree": 1, "link_types": "crosswalk"}, "geometry": {"type": "Point", "coordinates": [-71.0743165, 42.4247782]}}, {"type": "Feature", "properties": {"node_id": 3164, "node_type": "junction", "degree": 3, "link_types": "sidewalk"}, "geometry": {"type": "Point", "coordinates": [-71.0821052, 42.4211269]}}, {"type": "Feature", "properties": {"node_id": 3165, "node_type": "type_change", "degree": 2, "link_types": "midblock+sidewalk"}, "geometry": {"type": "Point", "coordinates": [-71.0821619, 42.4212643]}}, {"type": "Feature", "properties": {"node_id": 3166, "node_type": "type_change", "degree": 2, "link_types": "midblock+sidewalk"}, "geometry": {"type": "Point", "coordinates": [-71.0821729, 42.4212978]}}, {"type": "Feature", "properties": {"node_id": 3167, "node_type": "type_change", "degree": 2, "link_types": "midblock+sidewalk"}, "geometry": {"type": "Point", "coordinates": [-71.082187, 42.4213404]}}, {"type": "Feature", "properties": {"node_id": 3168, "node_type": "type_change", "degree": 2, "link_types": "midblock+sidewalk"}, "geometry": {"type": "Point", "coordinates": [-71.0822132, 42.4214049]}}, {"type": "Feature", "properties": {"node_id": 3169, "node_type": "type_change", "degree": 3, "link_types": "pseudo+sidewalk"}, "geometry": {"type": "Point", "coordinates": [-71.0823253, 42.4216647]}}, {"type": "Feature", "properties": {"node_id": 3170, "node_type": "type_change", "degree": 3, "link_types": "pseudo+sidewalk"}, "geometry": {"type": "Point", "coordinates": [-71.0821042, 42.421127]}}, {"type": "Feature", "properties": {"node_id": 3171, "node_type": "junction", "degree": 3, "link_types": "sidewalk"}, "geometry": {"type": "Point", "coordinates": [-71.0821052, 42.4211262]}}, {"type": "Feature", "properties": {"node_id": 3172, "node_type": "type_change", "degree": 2, "link_types": "pseudo+sidewalk"}, "geometry": {"type": "Point", "coordinates": [-71.0707531, 42.4167002]}}, {"type": "Feature", "properties": {"node_id": 3173, "node_type": "type_change", "degree": 3, "link_types": "crosswalk+pseudo"}, "geometry": {"type": "Point", "coordinates": [-71.0740198, 42.4285514]}}, {"type": "Feature", "properties": {"node_id": 3174, "node_type": "type_change", "degree": 2, "link_types": "crosswalk+pseudo"}, "geometry": {"type": "Point", "coordinates": [-71.0740179, 42.4285515]}}, {"type": "Feature", "properties": {"node_id": 3175, "node_type": "endpoint", "degree": 1, "link_types": "sidewalk"}, "geometry": {"type": "Point", "coordinates": [-71.0766949, 42.4238915]}}, {"type": "Feature", "properties": {"node_id": 3176, "node_type": "junction", "degree": 3, "link_types": "sidewalk"}, "geometry": {"type": "Point", "coordinates": [-71.0766786, 42.4238709]}}, {"type": "Feature", "properties": {"node_id": 3177, "node_type": "endpoint", "degree": 1, "link_types": "sidewalk"}, "geometry": {"type": "Point", "coordinates": [-71.0764506, 42.4269779]}}, {"type": "Feature", "properties": {"node_id": 3178, "node_type": "junction", "degree": 3, "link_types": "sidewalk"}, "geometry": {"type": "Point", "coordinates": [-71.0765472, 42.4270158]}}, {"type": "Feature", "properties": {"node_id": 3179, "node_type": "junction", "degree": 3, "link_types": "sidewalk"}, "geometry": {"type": "Point", "coordinates": [-71.0710073, 42.4284676]}}, {"type": "Feature", "properties": {"node_id": 3180, "node_type": "junction", "degree": 3, "link_types": "sidewalk"}, "geometry": {"type": "Point", "coordinates": [-71.0710082, 42.4284676]}}, {"type": "Feature", "properties": {"node_id": 3181, "node_type": "type_change", "degree": 3, "link_types": "pseudo+sidewalk"}, "geometry": {"type": "Point", "coordinates": [-71.0709807, 42.428458]}}, {"type": "Feature", "properties": {"node_id": 3182, "node_type": "type_change", "degree": 2, "link_types": "crosswalk+pseudo"}, "geometry": {"type": "Point", "coordinates": [-71.0752203, 42.4216106]}}, {"type": "Feature", "properties": {"node_id": 3183, "node_type": "type_change", "degree": 3, "link_types": "crosswalk+pseudo"}, "geometry": {"type": "Point", "coordinates": [-71.0752237, 42.421625]}}, {"type": "Feature", "properties": {"node_id": 3184, "node_type": "endpoint", "degree": 1, "link_types": "sidewalk"}, "geometry": {"type": "Point", "coordinates": [-71.0696835, 42.4182368]}}, {"type": "Feature", "properties": {"node_id": 3185, "node_type": "type_change", "degree": 2, "link_types": "midblock+sidewalk"}, "geometry": {"type": "Point", "coordinates": [-71.069921, 42.4182213]}}, {"type": "Feature", "properties": {"node_id": 3186, "node_type": "type_change", "degree": 2, "link_types": "midblock+sidewalk"}, "geometry": {"type": "Point", "coordinates": [-71.0699742, 42.4182182]}}, {"type": "Feature", "properties": {"node_id": 3187, "node_type": "endpoint", "degree": 1, "link_types": "sidewalk"}, "geometry": {"type": "Point", "coordinates": [-71.0816127, 42.4285456]}}, {"type": "Feature", "properties": {"node_id": 3188, "node_type": "type_change", "degree": 3, "link_types": "pseudo+sidewalk"}, "geometry": {"type": "Point", "coordinates": [-71.0814669, 42.4285468]}}, {"type": "Feature", "properties": {"node_id": 3189, "node_type": "endpoint", "degree": 1, "link_types": "sidewalk"}, "geometry": {"type": "Point", "coordinates": [-71.0670265, 42.4253465]}}, {"type": "Feature", "properties": {"node_id": 3190, "node_type": "junction", "degree": 3, "link_types": "sidewalk"}, "geometry": {"type": "Point", "coordinates": [-71.0666332, 42.4253341]}}, {"type": "Feature", "properties": {"node_id": 3191, "node_type": "endpoint", "degree": 1, "link_types": "sidewalk"}, "geometry": {"type": "Point", "coordinates": [-71.0737754, 42.426829]}}, {"type": "Feature", "properties": {"node_id": 3192, "node_type": "endpoint", "degree": 1, "link_types": "sidewalk"}, "geometry": {"type": "Point", "coordinates": [-71.0801716, 42.416758]}}, {"type": "Feature", "properties": {"node_id": 3193, "node_type": "type_change", "degree": 2, "link_types": "midblock+sidewalk"}, "geometry": {"type": "Point", "coordinates": [-71.0802394, 42.4167506]}}, {"type": "Feature", "properties": {"node_id": 3194, "node_type": "type_change", "degree": 2, "link_types": "midblock+sidewalk"}, "geometry": {"type": "Point", "coordinates": [-71.0802586, 42.4167502]}}, {"type": "Feature", "properties": {"node_id": 3195, "node_type": "endpoint", "degree": 1, "link_types": "sidewalk"}, "geometry": {"type": "Point", "coordinates": [-71.0811732, 42.4167629]}}, {"type": "Feature", "properties": {"node_id": 3196, "node_type": "type_change", "degree": 2, "link_types": "crosswalk+pseudo"}, "geometry": {"type": "Point", "coordinates": [-71.0676, 42.4251042]}}, {"type": "Feature", "properties": {"node_id": 3197, "node_type": "type_change", "degree": 2, "link_types": "crosswalk+pseudo"}, "geometry": {"type": "Point", "coordinates": [-71.0678158, 42.4251305]}}, {"type": "Feature", "properties": {"node_id": 3198, "node_type": "type_change", "degree": 2, "link_types": "pseudo+sidewalk"}, "geometry": {"type": "Point", "coordinates": [-71.0678326, 42.4251108]}}, {"type": "Feature", "properties": {"node_id": 3199, "node_type": "type_change", "degree": 2, "link_types": "pseudo+sidewalk"}, "geometry": {"type": "Point", "coordinates": [-71.0678336, 42.4251108]}}, {"type": "Feature", "properties": {"node_id": 3200, "node_type": "type_change", "degree": 2, "link_types": "crosswalk+pseudo"}, "geometry": {"type": "Point", "coordinates": [-71.0678394, 42.4251092]}}, {"type": "Feature", "properties": {"node_id": 3201, "node_type": "type_change", "degree": 2, "link_types": "crosswalk+pseudo"}, "geometry": {"type": "Point", "coordinates": [-71.0679608, 42.4251625]}}, {"type": "Feature", "properties": {"node_id": 3202, "node_type": "type_change", "degree": 3, "link_types": "pseudo+sidewalk"}, "geometry": {"type": "Point", "coordinates": [-71.0679804, 42.4251398]}}, {"type": "Feature", "properties": {"node_id": 3203, "node_type": "endpoint", "degree": 1, "link_types": "sidewalk"}, "geometry": {"type": "Point", "coordinates": [-71.0670992, 42.4283869]}}, {"type": "Feature", "properties": {"node_id": 3204, "node_type": "type_change", "degree": 2, "link_types": "pseudo+sidewalk"}, "geometry": {"type": "Point", "coordinates": [-71.0671001, 42.4283861]}}, {"type": "Feature", "properties": {"node_id": 3205, "node_type": "type_change", "degree": 2, "link_types": "crosswalk+pseudo"}, "geometry": {"type": "Point", "coordinates": [-71.0671315, 42.4283639]}}, {"type": "Feature", "properties": {"node_id": 3206, "node_type": "type_change", "degree": 3, "link_types": "crosswalk+pseudo"}, "geometry": {"type": "Point", "coordinates": [-71.0673169, 42.4285313]}}, {"type": "Feature", "properties": {"node_id": 3207, "node_type": "type_change", "degree": 2, "link_types": "crosswalk+pseudo"}, "geometry": {"type": "Point", "coordinates": [-71.068228, 42.4266944]}}, {"type": "Feature", "properties": {"node_id": 3208, "node_type": "type_change", "degree": 2, "link_types": "crosswalk+pseudo"}, "geometry": {"type": "Point", "coordinates": [-71.0682208, 42.4267709]}}, {"type": "Feature", "properties": {"node_id": 3209, "node_type": "endpoint", "degree": 1, "link_types": "pseudo"}, "geometry": {"type": "Point", "coordinates": [-71.0682203, 42.4266981]}}, {"type": "Feature", "properties": {"node_id": 3210, "node_type": "junction", "degree": 3, "link_types": "pseudo"}, "geometry": {"type": "Point", "coordinates": [-71.0783737, 42.4268199]}}, {"type": "Feature", "properties": {"node_id": 3211, "node_type": "type_change", "degree": 2, "link_types": "crosswalk+pseudo"}, "geometry": {"type": "Point", "coordinates": [-71.0783772, 42.4268356]}}, {"type": "Feature", "properties": {"node_id": 3212, "node_type": "type_change", "degree": 2, "link_types": "crosswalk+pseudo"}, "geometry": {"type": "Point", "coordinates": [-71.0783958, 42.426929]}}, {"type": "Feature", "properties": {"node_id": 3213, "node_type": "type_change", "degree": 2, "link_types": "pseudo+sidewalk"}, "geometry": {"type": "Point", "coordinates": [-71.0783734, 42.4269258]}}, {"type": "Feature", "properties": {"node_id": 3214, "node_type": "type_change", "degree": 3, "link_types": "pseudo+sidewalk"}, "geometry": {"type": "Point", "coordinates": [-71.0783727, 42.4268191]}}, {"type": "Feature", "properties": {"node_id": 3215, "node_type": "endpoint", "degree": 1, "link_types": "sidewalk"}, "geometry": {"type": "Point", "coordinates": [-71.0683848, 42.4181572]}}, {"type": "Feature", "properties": {"node_id": 3216, "node_type": "endpoint", "degree": 1, "link_types": "crosswalk"}, "geometry": {"type": "Point", "coordinates": [-71.0814736, 42.4194944]}}, {"type": "Feature", "properties": {"node_id": 3217, "node_type": "type_change", "degree": 2, "link_types": "crosswalk+pseudo"}, "geometry": {"type": "Point", "coordinates": [-71.0814737, 42.4194965]}}, {"type": "Feature", "properties": {"node_id": 3218, "node_type": "type_change", "degree": 3, "link_types": "pseudo+sidewalk"}, "geometry": {"type": "Point", "coordinates": [-71.0814747, 42.4194972]}}, {"type": "Feature", "properties": {"node_id": 3219, "node_type": "endpoint", "degree": 1, "link_types": "sidewalk"}, "geometry": {"type": "Point", "coordinates": [-71.0674479, 42.4161259]}}, {"type": "Feature", "properties": {"node_id": 3220, "node_type": "type_change", "degree": 2, "link_types": "midblock+sidewalk"}, "geometry": {"type": "Point", "coordinates": [-71.0676504, 42.4160366]}}, {"type": "Feature", "properties": {"node_id": 3221, "node_type": "endpoint", "degree": 1, "link_types": "midblock"}, "geometry": {"type": "Point", "coordinates": [-71.0676752, 42.4160332]}}, {"type": "Feature", "properties": {"node_id": 3222, "node_type": "type_change", "degree": 2, "link_types": "midblock+sidewalk"}, "geometry": {"type": "Point", "coordinates": [-71.0781744, 42.4268433]}}, {"type": "Feature", "properties": {"node_id": 3223, "node_type": "type_change", "degree": 2, "link_types": "midblock+sidewalk"}, "geometry": {"type": "Point", "coordinates": [-71.0780938, 42.4268532]}}, {"type": "Feature", "properties": {"node_id": 3224, "node_type": "endpoint", "degree": 1, "link_types": "sidewalk"}, "geometry": {"type": "Point", "coordinates": [-71.0671724, 42.4263849]}}, {"type": "Feature", "properties": {"node_id": 3225, "node_type": "type_change", "degree": 2, "link_types": "midblock+sidewalk"}, "geometry": {"type": "Point", "coordinates": [-71.067074, 42.4264484]}}, {"type": "Feature", "properties": {"node_id": 3226, "node_type": "endpoint", "degree": 1, "link_types": "sidewalk"}, "geometry": {"type": "Point", "coordinates": [-71.0666123, 42.4253496]}}, {"type": "Feature", "properties": {"node_id": 3227, "node_type": "type_change", "degree": 2, "link_types": "pseudo+sidewalk"}, "geometry": {"type": "Point", "coordinates": [-71.0666322, 42.4253334]}}, {"type": "Feature", "properties": {"node_id": 3228, "node_type": "type_change", "degree": 2, "link_types": "crosswalk+pseudo"}, "geometry": {"type": "Point", "coordinates": [-71.0666174, 42.4253279]}}, {"type": "Feature", "properties": {"node_id": 3229, "node_type": "endpoint", "degree": 1, "link_types": "crosswalk"}, "geometry": {"type": "Point", "coordinates": [-71.066483, 42.4253203]}}, {"type": "Feature", "properties": {"node_id": 3230, "node_type": "type_change", "degree": 2, "link_types": "crosswalk+pseudo"}, "geometry": {"type": "Point", "coordinates": [-71.0690336, 42.4252901]}}, {"type": "Feature", "properties": {"node_id": 3231, "node_type": "type_change", "degree": 2, "link_types": "crosswalk+pseudo"}, "geometry": {"type": "Point", "coordinates": [-71.0690327, 42.4252923]}}, {"type": "Feature", "properties": {"node_id": 3232, "node_type": "endpoint", "degree": 1, "link_types": "crosswalk"}, "geometry": {"type": "Point", "coordinates": [-71.0690328, 42.425293]}}, {"type": "Feature", "properties": {"node_id": 3233, "node_type": "type_change", "degree": 2, "link_types": "crosswalk+pseudo"}, "geometry": {"type": "Point", "coordinates": [-71.0691109, 42.425154]}}, {"type": "Feature", "properties": {"node_id": 3234, "node_type": "endpoint", "degree": 1, "link_types": "sidewalk"}, "geometry": {"type": "Point", "coordinates": [-71.073751, 42.425913]}}, {"type": "Feature", "properties": {"node_id": 3235, "node_type": "type_change", "degree": 2, "link_types": "midblock+sidewalk"}, "geometry": {"type": "Point", "coordinates": [-71.0737123, 42.425882]}}, {"type": "Feature", "properties": {"node_id": 3236, "node_type": "endpoint", "degree": 1, "link_types": "sidewalk"}, "geometry": {"type": "Point", "coordinates": [-71.0672556, 42.4176128]}}, {"type": "Feature", "properties": {"node_id": 3237, "node_type": "endpoint", "degree": 1, "link_types": "crosswalk"}, "geometry": {"type": "Point", "coordinates": [-71.0787458, 42.4216879]}}, {"type": "Feature", "properties": {"node_id": 3238, "node_type": "junction", "degree": 3, "link_types": "sidewalk"}, "geometry": {"type": "Point", "coordinates": [-71.0719463, 42.4264478]}}, {"type": "Feature", "properties": {"node_id": 3239, "node_type": "endpoint", "degree": 1, "link_types": "sidewalk"}, "geometry": {"type": "Point", "coordinates": [-71.0720642, 42.4183674]}}, {"type": "Feature", "properties": {"node_id": 3240, "node_type": "junction", "degree": 3, "link_types": "sidewalk"}, "geometry": {"type": "Point", "coordinates": [-71.0720461, 42.4182611]}}, {"type": "Feature", "properties": {"node_id": 3241, "node_type": "junction", "degree": 3, "link_types": "sidewalk"}, "geometry": {"type": "Point", "coordinates": [-71.0707572, 42.4284642]}}, {"type": "Feature", "properties": {"node_id": 3242, "node_type": "type_change", "degree": 2, "link_types": "pseudo+sidewalk"}, "geometry": {"type": "Point", "coordinates": [-71.0707582, 42.4284649]}}, {"type": "Feature", "properties": {"node_id": 3243, "node_type": "type_change", "degree": 2, "link_types": "crosswalk+pseudo"}, "geometry": {"type": "Point", "coordinates": [-71.0707956, 42.4284786]}}, {"type": "Feature", "properties": {"node_id": 3244, "node_type": "type_change", "degree": 2, "link_types": "crosswalk+pseudo"}, "geometry": {"type": "Point", "coordinates": [-71.0709684, 42.4284669]}}, {"type": "Feature", "properties": {"node_id": 3245, "node_type": "type_change", "degree": 2, "link_types": "midblock+sidewalk"}, "geometry": {"type": "Point", "coordinates": [-71.0707111, 42.4281971]}}, {"type": "Feature", "properties": {"node_id": 3246, "node_type": "type_change", "degree": 2, "link_types": "midblock+sidewalk"}, "geometry": {"type": "Point", "coordinates": [-71.0706862, 42.4281636]}}, {"type": "Feature", "properties": {"node_id": 3247, "node_type": "endpoint", "degree": 1, "link_types": "sidewalk"}, "geometry": {"type": "Point", "coordinates": [-71.0706272, 42.4281481]}}, {"type": "Feature", "properties": {"node_id": 3248, "node_type": "type_change", "degree": 2, "link_types": "crosswalk+pseudo"}, "geometry": {"type": "Point", "coordinates": [-71.0671897, 42.4169677]}}, {"type": "Feature", "properties": {"node_id": 3249, "node_type": "type_change", "degree": 2, "link_types": "crosswalk+pseudo"}, "geometry": {"type": "Point", "coordinates": [-71.0673179, 42.4169654]}}, {"type": "Feature", "properties": {"node_id": 3250, "node_type": "type_change", "degree": 3, "link_types": "pseudo+sidewalk"}, "geometry": {"type": "Point", "coordinates": [-71.0673277, 42.4169653]}}, {"type": "Feature", "properties": {"node_id": 3251, "node_type": "endpoint", "degree": 1, "link_types": "midblock"}, "geometry": {"type": "Point", "coordinates": [-71.0755631, 42.4170289]}}, {"type": "Feature", "properties": {"node_id": 3252, "node_type": "type_change", "degree": 2, "link_types": "midblock+sidewalk"}, "geometry": {"type": "Point", "coordinates": [-71.0755678, 42.4170472]}}, {"type": "Feature", "properties": {"node_id": 3253, "node_type": "endpoint", "degree": 1, "link_types": "sidewalk"}, "geometry": {"type": "Point", "coordinates": [-71.075567, 42.4174712]}}, {"type": "Feature", "properties": {"node_id": 3254, "node_type": "type_change", "degree": 2, "link_types": "crosswalk+pseudo"}, "geometry": {"type": "Point", "coordinates": [-71.0753926, 42.4217934]}}, {"type": "Feature", "properties": {"node_id": 3255, "node_type": "type_change", "degree": 2, "link_types": "crosswalk+pseudo"}, "geometry": {"type": "Point", "coordinates": [-71.0752155, 42.4217598]}}, {"type": "Feature", "properties": {"node_id": 3256, "node_type": "type_change", "degree": 2, "link_types": "pseudo+sidewalk"}, "geometry": {"type": "Point", "coordinates": [-71.075207, 42.4217665]}}, {"type": "Feature", "properties": {"node_id": 3257, "node_type": "type_change", "degree": 3, "link_types": "pseudo+sidewalk"}, "geometry": {"type": "Point", "coordinates": [-71.0751326, 42.422105]}}, {"type": "Feature", "properties": {"node_id": 3258, "node_type": "endpoint", "degree": 1, "link_types": "sidewalk"}, "geometry": {"type": "Point", "coordinates": [-71.0721815, 42.4197464]}}, {"type": "Feature", "properties": {"node_id": 3259, "node_type": "endpoint", "degree": 1, "link_types": "sidewalk"}, "geometry": {"type": "Point", "coordinates": [-71.0722357, 42.4203268]}}, {"type": "Feature", "properties": {"node_id": 3260, "node_type": "junction", "degree": 3, "link_types": "sidewalk"}, "geometry": {"type": "Point", "coordinates": [-71.0810267, 42.4177136]}}, {"type": "Feature", "properties": {"node_id": 3261, "node_type": "junction", "degree": 3, "link_types": "sidewalk"}, "geometry": {"type": "Point", "coordinates": [-71.0810277, 42.4177129]}}, {"type": "Feature", "properties": {"node_id": 3262, "node_type": "type_change", "degree": 2, "link_types": "pseudo+sidewalk"}, "geometry": {"type": "Point", "coordinates": [-71.0794808, 42.4244504]}}, {"type": "Feature", "properties": {"node_id": 3263, "node_type": "type_change", "degree": 2, "link_types": "crosswalk+pseudo"}, "geometry": {"type": "Point", "coordinates": [-71.0794751, 42.4244541]}}, {"type": "Feature", "properties": {"node_id": 3264, "node_type": "type_change", "degree": 2, "link_types": "crosswalk+pseudo"}, "geometry": {"type": "Point", "coordinates": [-71.0794826, 42.4245059]}}, {"type": "Feature", "properties": {"node_id": 3265, "node_type": "type_change", "degree": 2, "link_types": "pseudo+sidewalk"}, "geometry": {"type": "Point", "coordinates": [-71.0794801, 42.4245167]}}, {"type": "Feature", "properties": {"node_id": 3266, "node_type": "type_change", "degree": 2, "link_types": "midblock+sidewalk"}, "geometry": {"type": "Point", "coordinates": [-71.0794817, 42.4245339]}}, {"type": "Feature", "properties": {"node_id": 3267, "node_type": "type_change", "degree": 2, "link_types": "midblock+sidewalk"}, "geometry": {"type": "Point", "coordinates": [-71.0794832, 42.4245497]}}, {"type": "Feature", "properties": {"node_id": 3268, "node_type": "junction", "degree": 3, "link_types": "sidewalk"}, "geometry": {"type": "Point", "coordinates": [-71.0795528, 42.425068]}}, {"type": "Feature", "properties": {"node_id": 3269, "node_type": "endpoint", "degree": 1, "link_types": "sidewalk"}, "geometry": {"type": "Point", "coordinates": [-71.0794466, 42.4242681]}}, {"type": "Feature", "properties": {"node_id": 3270, "node_type": "endpoint", "degree": 1, "link_types": "sidewalk"}, "geometry": {"type": "Point", "coordinates": [-71.0723613, 42.4198894]}}, {"type": "Feature", "properties": {"node_id": 3271, "node_type": "type_change", "degree": 3, "link_types": "midblock+sidewalk"}, "geometry": {"type": "Point", "coordinates": [-71.0835658, 42.4204556]}}, {"type": "Feature", "properties": {"node_id": 3272, "node_type": "endpoint", "degree": 1, "link_types": "sidewalk"}, "geometry": {"type": "Point", "coordinates": [-71.0835441, 42.4205936]}}, {"type": "Feature", "properties": {"node_id": 3273, "node_type": "junction", "degree": 3, "link_types": "midblock"}, "geometry": {"type": "Point", "coordinates": [-71.0835658, 42.4204549]}}, {"type": "Feature", "properties": {"node_id": 3274, "node_type": "junction", "degree": 3, "link_types": "sidewalk"}, "geometry": {"type": "Point", "coordinates": [-71.0723809, 42.4285119]}}, {"type": "Feature", "properties": {"node_id": 3275, "node_type": "type_change", "degree": 2, "link_types": "midblock+sidewalk"}, "geometry": {"type": "Point", "coordinates": [-71.0724028, 42.4286615]}}, {"type": "Feature", "properties": {"node_id": 3276, "node_type": "type_change", "degree": 2, "link_types": "midblock+sidewalk"}, "geometry": {"type": "Point", "coordinates": [-71.0724117, 42.4286998]}}, {"type": "Feature", "properties": {"node_id": 3277, "node_type": "endpoint", "degree": 1, "link_types": "sidewalk"}, "geometry": {"type": "Point", "coordinates": [-71.072434, 42.4287955]}}, {"type": "Feature", "properties": {"node_id": 3278, "node_type": "type_change", "degree": 3, "link_types": "pseudo+sidewalk"}, "geometry": {"type": "Point", "coordinates": [-71.0723799, 42.4285112]}}, {"type": "Feature", "properties": {"node_id": 3279, "node_type": "endpoint", "degree": 1, "link_types": "sidewalk"}, "geometry": {"type": "Point", "coordinates": [-71.0758116, 42.4159257]}}, {"type": "Feature", "properties": {"node_id": 3280, "node_type": "type_change", "degree": 2, "link_types": "midblock+sidewalk"}, "geometry": {"type": "Point", "coordinates": [-71.0758094, 42.4159609]}}, {"type": "Feature", "properties": {"node_id": 3281, "node_type": "type_change", "degree": 2, "link_types": "midblock+sidewalk"}, "geometry": {"type": "Point", "coordinates": [-71.0758095, 42.4160795]}}, {"type": "Feature", "properties": {"node_id": 3282, "node_type": "type_change", "degree": 2, "link_types": "midblock+sidewalk"}, "geometry": {"type": "Point", "coordinates": [-71.075804, 42.4162535]}}, {"type": "Feature", "properties": {"node_id": 3283, "node_type": "type_change", "degree": 2, "link_types": "midblock+sidewalk"}, "geometry": {"type": "Point", "coordinates": [-71.0757986, 42.4163708]}}, {"type": "Feature", "properties": {"node_id": 3284, "node_type": "type_change", "degree": 3, "link_types": "pseudo+sidewalk"}, "geometry": {"type": "Point", "coordinates": [-71.0757957, 42.4175052]}}, {"type": "Feature", "properties": {"node_id": 3285, "node_type": "type_change", "degree": 2, "link_types": "crosswalk+pseudo"}, "geometry": {"type": "Point", "coordinates": [-71.0674704, 42.4258053]}}, {"type": "Feature", "properties": {"node_id": 3286, "node_type": "endpoint", "degree": 1, "link_types": "crosswalk"}, "geometry": {"type": "Point", "coordinates": [-71.0675316, 42.4256846]}}, {"type": "Feature", "properties": {"node_id": 3287, "node_type": "endpoint", "degree": 1, "link_types": "sidewalk"}, "geometry": {"type": "Point", "coordinates": [-71.077028, 42.4274703]}}, {"type": "Feature", "properties": {"node_id": 3288, "node_type": "type_change", "degree": 2, "link_types": "midblock+sidewalk"}, "geometry": {"type": "Point", "coordinates": [-71.0769946, 42.4272615]}}, {"type": "Feature", "properties": {"node_id": 3289, "node_type": "junction", "degree": 3, "link_types": "midblock"}, "geometry": {"type": "Point", "coordinates": [-71.0769964, 42.4272223]}}, {"type": "Feature", "properties": {"node_id": 3290, "node_type": "endpoint", "degree": 1, "link_types": "sidewalk"}, "geometry": {"type": "Point", "coordinates": [-71.0817978, 42.4195944]}}, {"type": "Feature", "properties": {"node_id": 3291, "node_type": "type_change", "degree": 2, "link_types": "midblock+sidewalk"}, "geometry": {"type": "Point", "coordinates": [-71.0822846, 42.4195941]}}, {"type": "Feature", "properties": {"node_id": 3292, "node_type": "type_change", "degree": 2, "link_types": "midblock+sidewalk"}, "geometry": {"type": "Point", "coordinates": [-71.082304, 42.4195941]}}, {"type": "Feature", "properties": {"node_id": 3293, "node_type": "type_change", "degree": 2, "link_types": "midblock+sidewalk"}, "geometry": {"type": "Point", "coordinates": [-71.0826519, 42.4195939]}}, {"type": "Feature", "properties": {"node_id": 3294, "node_type": "type_change", "degree": 2, "link_types": "midblock+sidewalk"}, "geometry": {"type": "Point", "coordinates": [-71.0827121, 42.4195939]}}, {"type": "Feature", "properties": {"node_id": 3295, "node_type": "endpoint", "degree": 1, "link_types": "sidewalk"}, "geometry": {"type": "Point", "coordinates": [-71.083267, 42.4195936]}}, {"type": "Feature", "properties": {"node_id": 3296, "node_type": "endpoint", "degree": 1, "link_types": "crosswalk"}, "geometry": {"type": "Point", "coordinates": [-71.0844283, 42.4185776]}}, {"type": "Feature", "properties": {"node_id": 3297, "node_type": "type_change", "degree": 3, "link_types": "crosswalk+pseudo"}, "geometry": {"type": "Point", "coordinates": [-71.0844293, 42.4185797]}}, {"type": "Feature", "properties": {"node_id": 3298, "node_type": "endpoint", "degree": 1, "link_types": "sidewalk"}, "geometry": {"type": "Point", "coordinates": [-71.0812998, 42.4177375]}}, {"type": "Feature", "properties": {"node_id": 3299, "node_type": "type_change", "degree": 2, "link_types": "pseudo+sidewalk"}, "geometry": {"type": "Point", "coordinates": [-71.0813187, 42.4177206]}}, {"type": "Feature", "properties": {"node_id": 3300, "node_type": "type_change", "degree": 2, "link_types": "crosswalk+pseudo"}, "geometry": {"type": "Point", "coordinates": [-71.0813127, 42.4177157]}}, {"type": "Feature", "properties": {"node_id": 3301, "node_type": "type_change", "degree": 2, "link_types": "crosswalk+pseudo"}, "geometry": {"type": "Point", "coordinates": [-71.0812078, 42.4177212]}}, {"type": "Feature", "properties": {"node_id": 3302, "node_type": "type_change", "degree": 2, "link_types": "pseudo+sidewalk"}, "geometry": {"type": "Point", "coordinates": [-71.0811911, 42.417715]}}, {"type": "Feature", "properties": {"node_id": 3303, "node_type": "endpoint", "degree": 1, "link_types": "sidewalk"}, "geometry": {"type": "Point", "coordinates": [-71.0723511, 42.4284339]}}, {"type": "Feature", "properties": {"node_id": 3304, "node_type": "type_change", "degree": 2, "link_types": "pseudo+sidewalk"}, "geometry": {"type": "Point", "coordinates": [-71.072352, 42.4284332]}}, {"type": "Feature", "properties": {"node_id": 3305, "node_type": "endpoint", "degree": 1, "link_types": "crosswalk"}, "geometry": {"type": "Point", "coordinates": [-71.0796534, 42.4258161]}}, {"type": "Feature", "properties": {"node_id": 3306, "node_type": "type_change", "degree": 2, "link_types": "crosswalk+pseudo"}, "geometry": {"type": "Point", "coordinates": [-71.0675718, 42.4210508]}}, {"type": "Feature", "properties": {"node_id": 3307, "node_type": "type_change", "degree": 2, "link_types": "crosswalk+pseudo"}, "geometry": {"type": "Point", "coordinates": [-71.0675224, 42.421056]}}, {"type": "Feature", "properties": {"node_id": 3308, "node_type": "type_change", "degree": 2, "link_types": "pseudo+sidewalk"}, "geometry": {"type": "Point", "coordinates": [-71.0675139, 42.4210648]}}, {"type": "Feature", "properties": {"node_id": 3309, "node_type": "endpoint", "degree": 1, "link_types": "sidewalk"}, "geometry": {"type": "Point", "coordinates": [-71.0701656, 42.4265319]}}, {"type": "Feature", "properties": {"node_id": 3310, "node_type": "junction", "degree": 3, "link_types": "sidewalk"}, "geometry": {"type": "Point", "coordinates": [-71.0704614, 42.4265388]}}, {"type": "Feature", "properties": {"node_id": 3311, "node_type": "endpoint", "degree": 1, "link_types": "sidewalk"}, "geometry": {"type": "Point", "coordinates": [-71.0723289, 42.4271116]}}, {"type": "Feature", "properties": {"node_id": 3312, "node_type": "endpoint", "degree": 1, "link_types": "sidewalk"}, "geometry": {"type": "Point", "coordinates": [-71.072688, 42.4272074]}}, {"type": "Feature", "properties": {"node_id": 3313, "node_type": "endpoint", "degree": 1, "link_types": "sidewalk"}, "geometry": {"type": "Point", "coordinates": [-71.0844585, 42.4194891]}}, {"type": "Feature", "properties": {"node_id": 3314, "node_type": "type_change", "degree": 2, "link_types": "pseudo+sidewalk"}, "geometry": {"type": "Point", "coordinates": [-71.0844595, 42.4194891]}}, {"type": "Feature", "properties": {"node_id": 3315, "node_type": "type_change", "degree": 3, "link_types": "crosswalk+pseudo"}, "geometry": {"type": "Point", "coordinates": [-71.0844959, 42.4195021]}}, {"type": "Feature", "properties": {"node_id": 3316, "node_type": "type_change", "degree": 2, "link_types": "midblock+sidewalk"}, "geometry": {"type": "Point", "coordinates": [-71.0687011, 42.4181635]}}, {"type": "Feature", "properties": {"node_id": 3317, "node_type": "endpoint", "degree": 1, "link_types": "midblock"}, "geometry": {"type": "Point", "coordinates": [-71.0687655, 42.418172]}}, {"type": "Feature", "properties": {"node_id": 3318, "node_type": "endpoint", "degree": 1, "link_types": "sidewalk"}, "geometry": {"type": "Point", "coordinates": [-71.0672021, 42.4211619]}}, {"type": "Feature", "properties": {"node_id": 3319, "node_type": "type_change", "degree": 2, "link_types": "midblock+sidewalk"}, "geometry": {"type": "Point", "coordinates": [-71.0670863, 42.4212959]}}, {"type": "Feature", "properties": {"node_id": 3320, "node_type": "type_change", "degree": 2, "link_types": "midblock+sidewalk"}, "geometry": {"type": "Point", "coordinates": [-71.0670942, 42.4213122]}}, {"type": "Feature", "properties": {"node_id": 3321, "node_type": "endpoint", "degree": 1, "link_types": "sidewalk"}, "geometry": {"type": "Point", "coordinates": [-71.0672972, 42.421926]}}, {"type": "Feature", "properties": {"node_id": 3322, "node_type": "endpoint", "degree": 1, "link_types": "pseudo"}, "geometry": {"type": "Point", "coordinates": [-71.0693351, 42.4287492]}}, {"type": "Feature", "properties": {"node_id": 3323, "node_type": "endpoint", "degree": 1, "link_types": "pseudo"}, "geometry": {"type": "Point", "coordinates": [-71.0693341, 42.4287478]}}, {"type": "Feature", "properties": {"node_id": 3324, "node_type": "endpoint", "degree": 1, "link_types": "sidewalk"}, "geometry": {"type": "Point", "coordinates": [-71.0796043, 42.4274502]}}, {"type": "Feature", "properties": {"node_id": 3325, "node_type": "endpoint", "degree": 1, "link_types": "sidewalk"}, "geometry": {"type": "Point", "coordinates": [-71.0798609, 42.4175951]}}, {"type": "Feature", "properties": {"node_id": 3326, "node_type": "type_change", "degree": 2, "link_types": "pseudo+sidewalk"}, "geometry": {"type": "Point", "coordinates": [-71.0798609, 42.4175943]}}, {"type": "Feature", "properties": {"node_id": 3327, "node_type": "type_change", "degree": 2, "link_types": "crosswalk+pseudo"}, "geometry": {"type": "Point", "coordinates": [-71.079853, 42.4175628]}}, {"type": "Feature", "properties": {"node_id": 3328, "node_type": "endpoint", "degree": 1, "link_types": "crosswalk"}, "geometry": {"type": "Point", "coordinates": [-71.0797636, 42.4175911]}}, {"type": "Feature", "properties": {"node_id": 3329, "node_type": "endpoint", "degree": 1, "link_types": "crosswalk"}, "geometry": {"type": "Point", "coordinates": [-71.0748534, 42.4177391]}}, {"type": "Feature", "properties": {"node_id": 3330, "node_type": "type_change", "degree": 2, "link_types": "crosswalk+pseudo"}, "geometry": {"type": "Point", "coordinates": [-71.0749163, 42.4177575]}}, {"type": "Feature", "properties": {"node_id": 3331, "node_type": "endpoint", "degree": 1, "link_types": "pseudo"}, "geometry": {"type": "Point", "coordinates": [-71.074915, 42.4177481]}}, {"type": "Feature", "properties": {"node_id": 3332, "node_type": "type_change", "degree": 2, "link_types": "crosswalk+pseudo"}, "geometry": {"type": "Point", "coordinates": [-71.0812611, 42.4195083]}}, {"type": "Feature", "properties": {"node_id": 3333, "node_type": "type_change", "degree": 2, "link_types": "crosswalk+pseudo"}, "geometry": {"type": "Point", "coordinates": [-71.0812819, 42.4195785]}}, {"type": "Feature", "properties": {"node_id": 3334, "node_type": "type_change", "degree": 3, "link_types": "pseudo+sidewalk"}, "geometry": {"type": "Point", "coordinates": [-71.0812822, 42.4195857]}}, {"type": "Feature", "properties": {"node_id": 3335, "node_type": "type_change", "degree": 2, "link_types": "pseudo+sidewalk"}, "geometry": {"type": "Point", "coordinates": [-71.0812598, 42.4194975]}}, {"type": "Feature", "properties": {"node_id": 3336, "node_type": "type_change", "degree": 2, "link_types": "midblock+sidewalk"}, "geometry": {"type": "Point", "coordinates": [-71.0807832, 42.4194978]}}, {"type": "Feature", "properties": {"node_id": 3337, "node_type": "type_change", "degree": 2, "link_types": "midblock+sidewalk"}, "geometry": {"type": "Point", "coordinates": [-71.0807541, 42.4194978]}}, {"type": "Feature", "properties": {"node_id": 3338, "node_type": "type_change", "degree": 2, "link_types": "midblock+sidewalk"}, "geometry": {"type": "Point", "coordinates": [-71.0803112, 42.4194957]}}, {"type": "Feature", "properties": {"node_id": 3339, "node_type": "type_change", "degree": 2, "link_types": "midblock+sidewalk"}, "geometry": {"type": "Point", "coordinates": [-71.0802209, 42.4194943]}}, {"type": "Feature", "properties": {"node_id": 3340, "node_type": "junction", "degree": 3, "link_types": "sidewalk"}, "geometry": {"type": "Point", "coordinates": [-71.0799623, 42.4194844]}}, {"type": "Feature", "properties": {"node_id": 3341, "node_type": "endpoint", "degree": 1, "link_types": "crosswalk"}, "geometry": {"type": "Point", "coordinates": [-71.0693259, 42.4160243]}}, {"type": "Feature", "properties": {"node_id": 3342, "node_type": "type_change", "degree": 2, "link_types": "crosswalk+pseudo"}, "geometry": {"type": "Point", "coordinates": [-71.0793421, 42.4226972]}}, {"type": "Feature", "properties": {"node_id": 3343, "node_type": "type_change", "degree": 2, "link_types": "crosswalk+pseudo"}, "geometry": {"type": "Point", "coordinates": [-71.0794493, 42.4227032]}}, {"type": "Feature", "properties": {"node_id": 3344, "node_type": "endpoint", "degree": 1, "link_types": "sidewalk"}, "geometry": {"type": "Point", "coordinates": [-71.0757932, 42.4180197]}}, {"type": "Feature", "properties": {"node_id": 3345, "node_type": "type_change", "degree": 2, "link_types": "midblock+sidewalk"}, "geometry": {"type": "Point", "coordinates": [-71.07579, 42.4182068]}}, {"type": "Feature", "properties": {"node_id": 3346, "node_type": "type_change", "degree": 2, "link_types": "midblock+sidewalk"}, "geometry": {"type": "Point", "coordinates": [-71.0757897, 42.4182255]}}, {"type": "Feature", "properties": {"node_id": 3347, "node_type": "type_change", "degree": 2, "link_types": "midblock+sidewalk"}, "geometry": {"type": "Point", "coordinates": [-71.0757895, 42.418237]}}, {"type": "Feature", "properties": {"node_id": 3348, "node_type": "type_change", "degree": 2, "link_types": "midblock+sidewalk"}, "geometry": {"type": "Point", "coordinates": [-71.0757893, 42.4182478]}}, {"type": "Feature", "properties": {"node_id": 3349, "node_type": "type_change", "degree": 2, "link_types": "midblock+sidewalk"}, "geometry": {"type": "Point", "coordinates": [-71.0757836, 42.41855]}}, {"type": "Feature", "properties": {"node_id": 3350, "node_type": "type_change", "degree": 2, "link_types": "midblock+sidewalk"}, "geometry": {"type": "Point", "coordinates": [-71.0757809, 42.4185939]}}, {"type": "Feature", "properties": {"node_id": 3351, "node_type": "type_change", "degree": 2, "link_types": "midblock+sidewalk"}, "geometry": {"type": "Point", "coordinates": [-71.0757643, 42.4188572]}}, {"type": "Feature", "properties": {"node_id": 3352, "node_type": "type_change", "degree": 2, "link_types": "midblock+sidewalk"}, "geometry": {"type": "Point", "coordinates": [-71.0757623, 42.4188895]}}, {"type": "Feature", "properties": {"node_id": 3353, "node_type": "type_change", "degree": 2, "link_types": "midblock+sidewalk"}, "geometry": {"type": "Point", "coordinates": [-71.075751, 42.4191305]}}, {"type": "Feature", "properties": {"node_id": 3354, "node_type": "type_change", "degree": 2, "link_types": "midblock+sidewalk"}, "geometry": {"type": "Point", "coordinates": [-71.0757504, 42.4191924]}}, {"type": "Feature", "properties": {"node_id": 3355, "node_type": "type_change", "degree": 2, "link_types": "midblock+sidewalk"}, "geometry": {"type": "Point", "coordinates": [-71.0757492, 42.4193291]}}, {"type": "Feature", "properties": {"node_id": 3356, "node_type": "type_change", "degree": 2, "link_types": "midblock+sidewalk"}, "geometry": {"type": "Point", "coordinates": [-71.0757517, 42.4193515]}}, {"type": "Feature", "properties": {"node_id": 3357, "node_type": "endpoint", "degree": 1, "link_types": "sidewalk"}, "geometry": {"type": "Point", "coordinates": [-71.0757823, 42.4193678]}}, {"type": "Feature", "properties": {"node_id": 3358, "node_type": "endpoint", "degree": 1, "link_types": "sidewalk"}, "geometry": {"type": "Point", "coordinates": [-71.0707236, 42.419911]}}, {"type": "Feature", "properties": {"node_id": 3359, "node_type": "type_change", "degree": 2, "link_types": "pseudo+sidewalk"}, "geometry": {"type": "Point", "coordinates": [-71.0707226, 42.4199111]}}, {"type": "Feature", "properties": {"node_id": 3360, "node_type": "type_change", "degree": 2, "link_types": "crosswalk+pseudo"}, "geometry": {"type": "Point", "coordinates": [-71.0707044, 42.4199172]}}, {"type": "Feature", "properties": {"node_id": 3361, "node_type": "type_change", "degree": 2, "link_types": "crosswalk+pseudo"}, "geometry": {"type": "Point", "coordinates": [-71.0707242, 42.4199896]}}, {"type": "Feature", "properties": {"node_id": 3362, "node_type": "type_change", "degree": 2, "link_types": "pseudo+sidewalk"}, "geometry": {"type": "Point", "coordinates": [-71.0802201, 42.4287798]}}, {"type": "Feature", "properties": {"node_id": 3363, "node_type": "type_change", "degree": 2, "link_types": "crosswalk+pseudo"}, "geometry": {"type": "Point", "coordinates": [-71.0802202, 42.4287827]}}, {"type": "Feature", "properties": {"node_id": 3364, "node_type": "type_change", "degree": 3, "link_types": "crosswalk+sidewalk"}, "geometry": {"type": "Point", "coordinates": [-71.0802105, 42.4287828]}}, {"type": "Feature", "properties": {"node_id": 3365, "node_type": "endpoint", "degree": 1, "link_types": "midblock"}, "geometry": {"type": "Point", "coordinates": [-71.0819868, 42.4158735]}}, {"type": "Feature", "properties": {"node_id": 3366, "node_type": "type_change", "degree": 2, "link_types": "midblock+sidewalk"}, "geometry": {"type": "Point", "coordinates": [-71.0819376, 42.4158752]}}, {"type": "Feature", "properties": {"node_id": 3367, "node_type": "type_change", "degree": 2, "link_types": "midblock+sidewalk"}, "geometry": {"type": "Point", "coordinates": [-71.0819075, 42.4158671]}}, {"type": "Feature", "properties": {"node_id": 3368, "node_type": "type_change", "degree": 2, "link_types": "midblock+sidewalk"}, "geometry": {"type": "Point", "coordinates": [-71.0818134, 42.4158646]}}, {"type": "Feature", "properties": {"node_id": 3369, "node_type": "type_change", "degree": 2, "link_types": "midblock+sidewalk"}, "geometry": {"type": "Point", "coordinates": [-71.0811198, 42.4158654]}}, {"type": "Feature", "properties": {"node_id": 3370, "node_type": "type_change", "degree": 2, "link_types": "midblock+sidewalk"}, "geometry": {"type": "Point", "coordinates": [-71.0809876, 42.4158656]}}, {"type": "Feature", "properties": {"node_id": 3371, "node_type": "type_change", "degree": 2, "link_types": "midblock+sidewalk"}, "geometry": {"type": "Point", "coordinates": [-71.080338, 42.4158632]}}, {"type": "Feature", "properties": {"node_id": 3372, "node_type": "type_change", "degree": 2, "link_types": "midblock+sidewalk"}, "geometry": {"type": "Point", "coordinates": [-71.0802109, 42.4158615]}}, {"type": "Feature", "properties": {"node_id": 3373, "node_type": "endpoint", "degree": 1, "link_types": "sidewalk"}, "geometry": {"type": "Point", "coordinates": [-71.0800595, 42.4158667]}}, {"type": "Feature", "properties": {"node_id": 3374, "node_type": "endpoint", "degree": 1, "link_types": "sidewalk"}, "geometry": {"type": "Point", "coordinates": [-71.0799057, 42.4171252]}}, {"type": "Feature", "properties": {"node_id": 3375, "node_type": "type_change", "degree": 2, "link_types": "midblock+sidewalk"}, "geometry": {"type": "Point", "coordinates": [-71.0799144, 42.4171976]}}, {"type": "Feature", "properties": {"node_id": 3376, "node_type": "type_change", "degree": 2, "link_types": "midblock+sidewalk"}, "geometry": {"type": "Point", "coordinates": [-71.0799222, 42.4172621]}}, {"type": "Feature", "properties": {"node_id": 3377, "node_type": "type_change", "degree": 3, "link_types": "pseudo+sidewalk"}, "geometry": {"type": "Point", "coordinates": [-71.0799909, 42.4175848]}}, {"type": "Feature", "properties": {"node_id": 3378, "node_type": "junction", "degree": 3, "link_types": "sidewalk"}, "geometry": {"type": "Point", "coordinates": [-71.0771271, 42.4272337]}}, {"type": "Feature", "properties": {"node_id": 3379, "node_type": "junction", "degree": 3, "link_types": "sidewalk"}, "geometry": {"type": "Point", "coordinates": [-71.0771271, 42.4272344]}}, {"type": "Feature", "properties": {"node_id": 3380, "node_type": "junction", "degree": 3, "link_types": "sidewalk"}, "geometry": {"type": "Point", "coordinates": [-71.0771262, 42.4272337]}}, {"type": "Feature", "properties": {"node_id": 3381, "node_type": "junction", "degree": 3, "link_types": "sidewalk"}, "geometry": {"type": "Point", "coordinates": [-71.0834874, 42.424516]}}, {"type": "Feature", "properties": {"node_id": 3382, "node_type": "junction", "degree": 3, "link_types": "sidewalk"}, "geometry": {"type": "Point", "coordinates": [-71.0831717, 42.4245851]}}, {"type": "Feature", "properties": {"node_id": 3383, "node_type": "type_change", "degree": 2, "link_types": "pseudo+sidewalk"}, "geometry": {"type": "Point", "coordinates": [-71.0799613, 42.4194851]}}, {"type": "Feature", "properties": {"node_id": 3384, "node_type": "type_change", "degree": 2, "link_types": "crosswalk+pseudo"}, "geometry": {"type": "Point", "coordinates": [-71.079946, 42.4194919]}}, {"type": "Feature", "properties": {"node_id": 3385, "node_type": "type_change", "degree": 2, "link_types": "crosswalk+pseudo"}, "geometry": {"type": "Point", "coordinates": [-71.0798022, 42.4194354]}}, {"type": "Feature", "properties": {"node_id": 3386, "node_type": "endpoint", "degree": 1, "link_types": "pseudo"}, "geometry": {"type": "Point", "coordinates": [-71.0798038, 42.419426]}}, {"type": "Feature", "properties": {"node_id": 3387, "node_type": "type_change", "degree": 3, "link_types": "pseudo+sidewalk"}, "geometry": {"type": "Point", "coordinates": [-71.0799624, 42.4192221]}}, {"type": "Feature", "properties": {"node_id": 3388, "node_type": "type_change", "degree": 3, "link_types": "pseudo+sidewalk"}, "geometry": {"type": "Point", "coordinates": [-71.0665778, 42.4256312]}}, {"type": "Feature", "properties": {"node_id": 3389, "node_type": "type_change", "degree": 2, "link_types": "midblock+sidewalk"}, "geometry": {"type": "Point", "coordinates": [-71.0670397, 42.4256956]}}, {"type": "Feature", "properties": {"node_id": 3390, "node_type": "type_change", "degree": 2, "link_types": "midblock+sidewalk"}, "geometry": {"type": "Point", "coordinates": [-71.067071, 42.4257003]}}, {"type": "Feature", "properties": {"node_id": 3391, "node_type": "type_change", "degree": 2, "link_types": "pseudo+sidewalk"}, "geometry": {"type": "Point", "coordinates": [-71.0665291, 42.4256271]}}, {"type": "Feature", "properties": {"node_id": 3392, "node_type": "type_change", "degree": 2, "link_types": "crosswalk+pseudo"}, "geometry": {"type": "Point", "coordinates": [-71.0665207, 42.4256106]}}, {"type": "Feature", "properties": {"node_id": 3393, "node_type": "type_change", "degree": 2, "link_types": "crosswalk+pseudo"}, "geometry": {"type": "Point", "coordinates": [-71.0665733, 42.4256119]}}, {"type": "Feature", "properties": {"node_id": 3394, "node_type": "type_change", "degree": 2, "link_types": "crosswalk+pseudo"}, "geometry": {"type": "Point", "coordinates": [-71.0821602, 42.421672]}}, {"type": "Feature", "properties": {"node_id": 3395, "node_type": "type_change", "degree": 2, "link_types": "crosswalk+pseudo"}, "geometry": {"type": "Point", "coordinates": [-71.0823137, 42.4216692]}}, {"type": "Feature", "properties": {"node_id": 3396, "node_type": "junction", "degree": 3, "link_types": "sidewalk"}, "geometry": {"type": "Point", "coordinates": [-71.0834494, 42.4260404]}}, {"type": "Feature", "properties": {"node_id": 3397, "node_type": "type_change", "degree": 3, "link_types": "pseudo+sidewalk"}, "geometry": {"type": "Point", "coordinates": [-71.0834494, 42.4260411]}}, {"type": "Feature", "properties": {"node_id": 3398, "node_type": "junction", "degree": 3, "link_types": "sidewalk"}, "geometry": {"type": "Point", "coordinates": [-71.0834503, 42.4260404]}}, {"type": "Feature", "properties": {"node_id": 3399, "node_type": "endpoint", "degree": 1, "link_types": "sidewalk"}, "geometry": {"type": "Point", "coordinates": [-71.0758537, 42.4267171]}}, {"type": "Feature", "properties": {"node_id": 3400, "node_type": "endpoint", "degree": 1, "link_types": "sidewalk"}, "geometry": {"type": "Point", "coordinates": [-71.0760766, 42.4268132]}}, {"type": "Feature", "properties": {"node_id": 3401, "node_type": "endpoint", "degree": 1, "link_types": "sidewalk"}, "geometry": {"type": "Point", "coordinates": [-71.0701647, 42.417731]}}, {"type": "Feature", "properties": {"node_id": 3402, "node_type": "type_change", "degree": 2, "link_types": "midblock+sidewalk"}, "geometry": {"type": "Point", "coordinates": [-71.0700244, 42.4176264]}}, {"type": "Feature", "properties": {"node_id": 3403, "node_type": "type_change", "degree": 2, "link_types": "midblock+sidewalk"}, "geometry": {"type": "Point", "coordinates": [-71.0700035, 42.4176084]}}, {"type": "Feature", "properties": {"node_id": 3404, "node_type": "type_change", "degree": 2, "link_types": "midblock+sidewalk"}, "geometry": {"type": "Point", "coordinates": [-71.0699604, 42.4175715]}}, {"type": "Feature", "properties": {"node_id": 3405, "node_type": "type_change", "degree": 2, "link_types": "midblock+sidewalk"}, "geometry": {"type": "Point", "coordinates": [-71.0698967, 42.4175111]}}, {"type": "Feature", "properties": {"node_id": 3406, "node_type": "endpoint", "degree": 1, "link_types": "sidewalk"}, "geometry": {"type": "Point", "coordinates": [-71.0698697, 42.4174806]}}, {"type": "Feature", "properties": {"node_id": 3407, "node_type": "endpoint", "degree": 1, "link_types": "sidewalk"}, "geometry": {"type": "Point", "coordinates": [-71.0670929, 42.4226941]}}, {"type": "Feature", "properties": {"node_id": 3408, "node_type": "endpoint", "degree": 1, "link_types": "sidewalk"}, "geometry": {"type": "Point", "coordinates": [-71.079978, 42.4200179]}}, {"type": "Feature", "properties": {"node_id": 3409, "node_type": "type_change", "degree": 2, "link_types": "pseudo+sidewalk"}, "geometry": {"type": "Point", "coordinates": [-71.079977, 42.4200187]}}, {"type": "Feature", "properties": {"node_id": 3410, "node_type": "endpoint", "degree": 1, "link_types": "sidewalk"}, "geometry": {"type": "Point", "coordinates": [-71.0809489, 42.4178591]}}, {"type": "Feature", "properties": {"node_id": 3411, "node_type": "endpoint", "degree": 1, "link_types": "sidewalk"}, "geometry": {"type": "Point", "coordinates": [-71.0752751, 42.4261275]}}, {"type": "Feature", "properties": {"node_id": 3412, "node_type": "type_change", "degree": 2, "link_types": "midblock+sidewalk"}, "geometry": {"type": "Point", "coordinates": [-71.0756666, 42.4262457]}}, {"type": "Feature", "properties": {"node_id": 3413, "node_type": "endpoint", "degree": 1, "link_types": "midblock"}, "geometry": {"type": "Point", "coordinates": [-71.075701, 42.4262473]}}, {"type": "Feature", "properties": {"node_id": 3414, "node_type": "endpoint", "degree": 1, "link_types": "sidewalk"}, "geometry": {"type": "Point", "coordinates": [-71.0755682, 42.4162407]}}, {"type": "Feature", "properties": {"node_id": 3415, "node_type": "type_change", "degree": 2, "link_types": "midblock+sidewalk"}, "geometry": {"type": "Point", "coordinates": [-71.07557, 42.4161946]}}, {"type": "Feature", "properties": {"node_id": 3416, "node_type": "type_change", "degree": 2, "link_types": "midblock+sidewalk"}, "geometry": {"type": "Point", "coordinates": [-71.075571, 42.4161659]}}, {"type": "Feature", "properties": {"node_id": 3417, "node_type": "type_change", "degree": 2, "link_types": "midblock+sidewalk"}, "geometry": {"type": "Point", "coordinates": [-71.0756361, 42.4156264]}}, {"type": "Feature", "properties": {"node_id": 3418, "node_type": "type_change", "degree": 2, "link_types": "midblock+sidewalk"}, "geometry": {"type": "Point", "coordinates": [-71.0756444, 42.4156012]}}, {"type": "Feature", "properties": {"node_id": 3419, "node_type": "endpoint", "degree": 1, "link_types": "sidewalk"}, "geometry": {"type": "Point", "coordinates": [-71.0756759, 42.4155269]}}, {"type": "Feature", "properties": {"node_id": 3420, "node_type": "endpoint", "degree": 1, "link_types": "sidewalk"}, "geometry": {"type": "Point", "coordinates": [-71.0684822, 42.4217087]}}, {"type": "Feature", "properties": {"node_id": 3421, "node_type": "endpoint", "degree": 1, "link_types": "sidewalk"}, "geometry": {"type": "Point", "coordinates": [-71.0683419, 42.4210815]}}, {"type": "Feature", "properties": {"node_id": 3422, "node_type": "type_change", "degree": 2, "link_types": "midblock+sidewalk"}, "geometry": {"type": "Point", "coordinates": [-71.0704742, 42.427157]}}, {"type": "Feature", "properties": {"node_id": 3423, "node_type": "endpoint", "degree": 1, "link_types": "sidewalk"}, "geometry": {"type": "Point", "coordinates": [-71.0803552, 42.4234267]}}, {"type": "Feature", "properties": {"node_id": 3424, "node_type": "endpoint", "degree": 1, "link_types": "sidewalk"}, "geometry": {"type": "Point", "coordinates": [-71.0755128, 42.4177438]}}, {"type": "Feature", "properties": {"node_id": 3425, "node_type": "type_change", "degree": 2, "link_types": "midblock+sidewalk"}, "geometry": {"type": "Point", "coordinates": [-71.0748025, 42.4177847]}}, {"type": "Feature", "properties": {"node_id": 3426, "node_type": "type_change", "degree": 2, "link_types": "midblock+sidewalk"}, "geometry": {"type": "Point", "coordinates": [-71.0747111, 42.4177929]}}, {"type": "Feature", "properties": {"node_id": 3427, "node_type": "endpoint", "degree": 1, "link_types": "sidewalk"}, "geometry": {"type": "Point", "coordinates": [-71.0746456, 42.4178056]}}, {"type": "Feature", "properties": {"node_id": 3428, "node_type": "endpoint", "degree": 1, "link_types": "sidewalk"}, "geometry": {"type": "Point", "coordinates": [-71.0686374, 42.4224076]}}, {"type": "Feature", "properties": {"node_id": 3429, "node_type": "junction", "degree": 3, "link_types": "sidewalk"}, "geometry": {"type": "Point", "coordinates": [-71.0687868, 42.4286042]}}, {"type": "Feature", "properties": {"node_id": 3430, "node_type": "endpoint", "degree": 1, "link_types": "sidewalk"}, "geometry": {"type": "Point", "coordinates": [-71.067202, 42.4267511]}}, {"type": "Feature", "properties": {"node_id": 3431, "node_type": "endpoint", "degree": 1, "link_types": "sidewalk"}, "geometry": {"type": "Point", "coordinates": [-71.0673789, 42.4265721]}}, {"type": "Feature", "properties": {"node_id": 3432, "node_type": "endpoint", "degree": 1, "link_types": "sidewalk"}, "geometry": {"type": "Point", "coordinates": [-71.0706315, 42.4253823]}}, {"type": "Feature", "properties": {"node_id": 3433, "node_type": "endpoint", "degree": 1, "link_types": "sidewalk"}, "geometry": {"type": "Point", "coordinates": [-71.0709423, 42.4254004]}}, {"type": "Feature", "properties": {"node_id": 3434, "node_type": "endpoint", "degree": 1, "link_types": "sidewalk"}, "geometry": {"type": "Point", "coordinates": [-71.0684275, 42.4282361]}}, {"type": "Feature", "properties": {"node_id": 3435, "node_type": "endpoint", "degree": 1, "link_types": "sidewalk"}, "geometry": {"type": "Point", "coordinates": [-71.0672557, 42.4264612]}}, {"type": "Feature", "properties": {"node_id": 3436, "node_type": "endpoint", "degree": 1, "link_types": "sidewalk"}, "geometry": {"type": "Point", "coordinates": [-71.0671702, 42.4264339]}}, {"type": "Feature", "properties": {"node_id": 3437, "node_type": "endpoint", "degree": 1, "link_types": "crosswalk"}, "geometry": {"type": "Point", "coordinates": [-71.0701339, 42.4279913]}}, {"type": "Feature", "properties": {"node_id": 3438, "node_type": "junction", "degree": 3, "link_types": "crosswalk"}, "geometry": {"type": "Point", "coordinates": [-71.070084, 42.4279526]}}, {"type": "Feature", "properties": {"node_id": 3439, "node_type": "type_change", "degree": 3, "link_types": "pseudo+sidewalk"}, "geometry": {"type": "Point", "coordinates": [-71.0824278, 42.4216765]}}, {"type": "Feature", "properties": {"node_id": 3440, "node_type": "junction", "degree": 3, "link_types": "sidewalk"}, "geometry": {"type": "Point", "coordinates": [-71.082046, 42.4209825]}}, {"type": "Feature", "properties": {"node_id": 3441, "node_type": "type_change", "degree": 3, "link_types": "pseudo+sidewalk"}, "geometry": {"type": "Point", "coordinates": [-71.0820978, 42.4209909]}}, {"type": "Feature", "properties": {"node_id": 3442, "node_type": "junction", "degree": 3, "link_types": "sidewalk"}, "geometry": {"type": "Point", "coordinates": [-71.082046, 42.4209818]}}, {"type": "Feature", "properties": {"node_id": 3443, "node_type": "type_change", "degree": 3, "link_types": "pseudo+sidewalk"}, "geometry": {"type": "Point", "coordinates": [-71.0683699, 42.4181748]}}, {"type": "Feature", "properties": {"node_id": 3444, "node_type": "type_change", "degree": 2, "link_types": "crosswalk+pseudo"}, "geometry": {"type": "Point", "coordinates": [-71.0795075, 42.4249931]}}, {"type": "Feature", "properties": {"node_id": 3445, "node_type": "type_change", "degree": 2, "link_types": "crosswalk+pseudo"}, "geometry": {"type": "Point", "coordinates": [-71.0795332, 42.4250654]}}, {"type": "Feature", "properties": {"node_id": 3446, "node_type": "type_change", "degree": 3, "link_types": "pseudo+sidewalk"}, "geometry": {"type": "Point", "coordinates": [-71.0795518, 42.425068]}}, {"type": "Feature", "properties": {"node_id": 3447, "node_type": "endpoint", "degree": 1, "link_types": "crosswalk"}, "geometry": {"type": "Point", "coordinates": [-71.0812858, 42.4232505]}}, {"type": "Feature", "properties": {"node_id": 3448, "node_type": "type_change", "degree": 2, "link_types": "crosswalk+pseudo"}, "geometry": {"type": "Point", "coordinates": [-71.0812887, 42.423311]}}, {"type": "Feature", "properties": {"node_id": 3449, "node_type": "endpoint", "degree": 1, "link_types": "sidewalk"}, "geometry": {"type": "Point", "coordinates": [-71.0789663, 42.41771]}}, {"type": "Feature", "properties": {"node_id": 3450, "node_type": "type_change", "degree": 2, "link_types": "midblock+sidewalk"}, "geometry": {"type": "Point", "coordinates": [-71.0785413, 42.4177081]}}, {"type": "Feature", "properties": {"node_id": 3451, "node_type": "type_change", "degree": 2, "link_types": "midblock+sidewalk"}, "geometry": {"type": "Point", "coordinates": [-71.078525, 42.4177084]}}, {"type": "Feature", "properties": {"node_id": 3452, "node_type": "type_change", "degree": 2, "link_types": "midblock+sidewalk"}, "geometry": {"type": "Point", "coordinates": [-71.0783725, 42.4177108]}}, {"type": "Feature", "properties": {"node_id": 3453, "node_type": "type_change", "degree": 2, "link_types": "midblock+sidewalk"}, "geometry": {"type": "Point", "coordinates": [-71.0783308, 42.4177097]}}, {"type": "Feature", "properties": {"node_id": 3454, "node_type": "type_change", "degree": 2, "link_types": "midblock+sidewalk"}, "geometry": {"type": "Point", "coordinates": [-71.0781562, 42.4177055]}}, {"type": "Feature", "properties": {"node_id": 3455, "node_type": "type_change", "degree": 2, "link_types": "midblock+sidewalk"}, "geometry": {"type": "Point", "coordinates": [-71.0781138, 42.4177074]}}, {"type": "Feature", "properties": {"node_id": 3456, "node_type": "endpoint", "degree": 1, "link_types": "sidewalk"}, "geometry": {"type": "Point", "coordinates": [-71.0780612, 42.4177134]}}, {"type": "Feature", "properties": {"node_id": 3457, "node_type": "type_change", "degree": 3, "link_types": "pseudo+sidewalk"}, "geometry": {"type": "Point", "coordinates": [-71.0764265, 42.4261001]}}, {"type": "Feature", "properties": {"node_id": 3458, "node_type": "type_change", "degree": 3, "link_types": "pseudo+sidewalk"}, "geometry": {"type": "Point", "coordinates": [-71.0764274, 42.4260994]}}, {"type": "Feature", "properties": {"node_id": 3459, "node_type": "endpoint", "degree": 1, "link_types": "sidewalk"}, "geometry": {"type": "Point", "coordinates": [-71.0775907, 42.4250762]}}, {"type": "Feature", "properties": {"node_id": 3460, "node_type": "type_change", "degree": 2, "link_types": "midblock+sidewalk"}, "geometry": {"type": "Point", "coordinates": [-71.077833, 42.4250847]}}, {"type": "Feature", "properties": {"node_id": 3461, "node_type": "type_change", "degree": 2, "link_types": "midblock+sidewalk"}, "geometry": {"type": "Point", "coordinates": [-71.0778719, 42.425085]}}, {"type": "Feature", "properties": {"node_id": 3462, "node_type": "type_change", "degree": 2, "link_types": "midblock+sidewalk"}, "geometry": {"type": "Point", "coordinates": [-71.078249, 42.4250877]}}, {"type": "Feature", "properties": {"node_id": 3463, "node_type": "type_change", "degree": 2, "link_types": "midblock+sidewalk"}, "geometry": {"type": "Point", "coordinates": [-71.0783511, 42.4250884]}}, {"type": "Feature", "properties": {"node_id": 3464, "node_type": "type_change", "degree": 2, "link_types": "midblock+sidewalk"}, "geometry": {"type": "Point", "coordinates": [-71.0786728, 42.4250906]}}, {"type": "Feature", "properties": {"node_id": 3465, "node_type": "type_change", "degree": 2, "link_types": "midblock+sidewalk"}, "geometry": {"type": "Point", "coordinates": [-71.0787642, 42.4250913]}}, {"type": "Feature", "properties": {"node_id": 3466, "node_type": "endpoint", "degree": 1, "link_types": "sidewalk"}, "geometry": {"type": "Point", "coordinates": [-71.0694487, 42.4285663]}}, {"type": "Feature", "properties": {"node_id": 3467, "node_type": "type_change", "degree": 2, "link_types": "pseudo+sidewalk"}, "geometry": {"type": "Point", "coordinates": [-71.0694932, 42.428616]}}, {"type": "Feature", "properties": {"node_id": 3468, "node_type": "type_change", "degree": 2, "link_types": "crosswalk+pseudo"}, "geometry": {"type": "Point", "coordinates": [-71.0694886, 42.428624]}}, {"type": "Feature", "properties": {"node_id": 3469, "node_type": "type_change", "degree": 2, "link_types": "crosswalk+pseudo"}, "geometry": {"type": "Point", "coordinates": [-71.0694049, 42.4286219]}}, {"type": "Feature", "properties": {"node_id": 3470, "node_type": "endpoint", "degree": 1, "link_types": "pseudo"}, "geometry": {"type": "Point", "coordinates": [-71.0693808, 42.4286303]}}, {"type": "Feature", "properties": {"node_id": 3471, "node_type": "endpoint", "degree": 1, "link_types": "midblock"}, "geometry": {"type": "Point", "coordinates": [-71.0688108, 42.4224477]}}, {"type": "Feature", "properties": {"node_id": 3472, "node_type": "endpoint", "degree": 1, "link_types": "sidewalk"}, "geometry": {"type": "Point", "coordinates": [-71.0689787, 42.4224958]}}, {"type": "Feature", "properties": {"node_id": 3473, "node_type": "type_change", "degree": 2, "link_types": "midblock+sidewalk"}, "geometry": {"type": "Point", "coordinates": [-71.0689146, 42.4225215]}}, {"type": "Feature", "properties": {"node_id": 3474, "node_type": "type_change", "degree": 2, "link_types": "midblock+sidewalk"}, "geometry": {"type": "Point", "coordinates": [-71.0688785, 42.4225392]}}, {"type": "Feature", "properties": {"node_id": 3475, "node_type": "type_change", "degree": 2, "link_types": "midblock+sidewalk"}, "geometry": {"type": "Point", "coordinates": [-71.0685942, 42.4226658]}}, {"type": "Feature", "properties": {"node_id": 3476, "node_type": "type_change", "degree": 2, "link_types": "midblock+sidewalk"}, "geometry": {"type": "Point", "coordinates": [-71.0685534, 42.4226842]}}, {"type": "Feature", "properties": {"node_id": 3477, "node_type": "type_change", "degree": 2, "link_types": "midblock+sidewalk"}, "geometry": {"type": "Point", "coordinates": [-71.0684754, 42.4227176]}}, {"type": "Feature", "properties": {"node_id": 3478, "node_type": "type_change", "degree": 2, "link_types": "midblock+sidewalk"}, "geometry": {"type": "Point", "coordinates": [-71.0683997, 42.422754]}}, {"type": "Feature", "properties": {"node_id": 3479, "node_type": "type_change", "degree": 2, "link_types": "midblock+sidewalk"}, "geometry": {"type": "Point", "coordinates": [-71.0681787, 42.4228515]}}, {"type": "Feature", "properties": {"node_id": 3480, "node_type": "type_change", "degree": 2, "link_types": "midblock+sidewalk"}, "geometry": {"type": "Point", "coordinates": [-71.0681274, 42.4228824]}}, {"type": "Feature", "properties": {"node_id": 3481, "node_type": "type_change", "degree": 2, "link_types": "midblock+sidewalk"}, "geometry": {"type": "Point", "coordinates": [-71.0679529, 42.422957]}}, {"type": "Feature", "properties": {"node_id": 3482, "node_type": "endpoint", "degree": 1, "link_types": "midblock"}, "geometry": {"type": "Point", "coordinates": [-71.0678528, 42.4230017]}}, {"type": "Feature", "properties": {"node_id": 3483, "node_type": "junction", "degree": 3, "link_types": "pseudo"}, "geometry": {"type": "Point", "coordinates": [-71.0716463, 42.4253128]}}, {"type": "Feature", "properties": {"node_id": 3484, "node_type": "type_change", "degree": 2, "link_types": "crosswalk+pseudo"}, "geometry": {"type": "Point", "coordinates": [-71.0716469, 42.4253293]}}, {"type": "Feature", "properties": {"node_id": 3485, "node_type": "type_change", "degree": 2, "link_types": "crosswalk+pseudo"}, "geometry": {"type": "Point", "coordinates": [-71.0716121, 42.4255439]}}, {"type": "Feature", "properties": {"node_id": 3486, "node_type": "type_change", "degree": 2, "link_types": "pseudo+sidewalk"}, "geometry": {"type": "Point", "coordinates": [-71.0716473, 42.425312]}}, {"type": "Feature", "properties": {"node_id": 3487, "node_type": "type_change", "degree": 3, "link_types": "pseudo+sidewalk"}, "geometry": {"type": "Point", "coordinates": [-71.0721106, 42.425326]}}, {"type": "Feature", "properties": {"node_id": 3488, "node_type": "type_change", "degree": 2, "link_types": "pseudo+sidewalk"}, "geometry": {"type": "Point", "coordinates": [-71.0716453, 42.4253121]}}, {"type": "Feature", "properties": {"node_id": 3489, "node_type": "junction", "degree": 3, "link_types": "sidewalk"}, "geometry": {"type": "Point", "coordinates": [-71.0714474, 42.4252667]}}, {"type": "Feature", "properties": {"node_id": 3490, "node_type": "endpoint", "degree": 1, "link_types": "sidewalk"}, "geometry": {"type": "Point", "coordinates": [-71.0845998, 42.4223438]}}, {"type": "Feature", "properties": {"node_id": 3491, "node_type": "type_change", "degree": 2, "link_types": "midblock+sidewalk"}, "geometry": {"type": "Point", "coordinates": [-71.0845609, 42.4223437]}}, {"type": "Feature", "properties": {"node_id": 3492, "node_type": "type_change", "degree": 2, "link_types": "midblock+sidewalk"}, "geometry": {"type": "Point", "coordinates": [-71.0845473, 42.4223436]}}, {"type": "Feature", "properties": {"node_id": 3493, "node_type": "type_change", "degree": 2, "link_types": "midblock+sidewalk"}, "geometry": {"type": "Point", "coordinates": [-71.0842617, 42.4223428]}}, {"type": "Feature", "properties": {"node_id": 3494, "node_type": "type_change", "degree": 2, "link_types": "midblock+sidewalk"}, "geometry": {"type": "Point", "coordinates": [-71.0842277, 42.4223427]}}, {"type": "Feature", "properties": {"node_id": 3495, "node_type": "type_change", "degree": 2, "link_types": "midblock+sidewalk"}, "geometry": {"type": "Point", "coordinates": [-71.0833008, 42.4223394]}}, {"type": "Feature", "properties": {"node_id": 3496, "node_type": "type_change", "degree": 2, "link_types": "midblock+sidewalk"}, "geometry": {"type": "Point", "coordinates": [-71.0831891, 42.4223392]}}, {"type": "Feature", "properties": {"node_id": 3497, "node_type": "type_change", "degree": 2, "link_types": "midblock+sidewalk"}, "geometry": {"type": "Point", "coordinates": [-71.0828998, 42.4223387]}}, {"type": "Feature", "properties": {"node_id": 3498, "node_type": "type_change", "degree": 2, "link_types": "midblock+sidewalk"}, "geometry": {"type": "Point", "coordinates": [-71.0828522, 42.4223387]}}, {"type": "Feature", "properties": {"node_id": 3499, "node_type": "endpoint", "degree": 1, "link_types": "sidewalk"}, "geometry": {"type": "Point", "coordinates": [-71.0827932, 42.4223457]}}, {"type": "Feature", "properties": {"node_id": 3500, "node_type": "endpoint", "degree": 1, "link_types": "sidewalk"}, "geometry": {"type": "Point", "coordinates": [-71.076987, 42.4215181]}}, {"type": "Feature", "properties": {"node_id": 3501, "node_type": "junction", "degree": 3, "link_types": "sidewalk"}, "geometry": {"type": "Point", "coordinates": [-71.0769146, 42.421652]}}, {"type": "Feature", "properties": {"node_id": 3502, "node_type": "endpoint", "degree": 1, "link_types": "sidewalk"}, "geometry": {"type": "Point", "coordinates": [-71.0777115, 42.4184892]}}, {"type": "Feature", "properties": {"node_id": 3503, "node_type": "type_change", "degree": 2, "link_types": "midblock+sidewalk"}, "geometry": {"type": "Point", "coordinates": [-71.0777295, 42.4180192]}}, {"type": "Feature", "properties": {"node_id": 3504, "node_type": "type_change", "degree": 2, "link_types": "midblock+sidewalk"}, "geometry": {"type": "Point", "coordinates": [-71.077729, 42.418004]}}, {"type": "Feature", "properties": {"node_id": 3505, "node_type": "endpoint", "degree": 1, "link_types": "sidewalk"}, "geometry": {"type": "Point", "coordinates": [-71.0777201, 42.4179257]}}, {"type": "Feature", "properties": {"node_id": 3506, "node_type": "type_change", "degree": 2, "link_types": "crosswalk+pseudo"}, "geometry": {"type": "Point", "coordinates": [-71.0674313, 42.4231959]}}, {"type": "Feature", "properties": {"node_id": 3507, "node_type": "type_change", "degree": 2, "link_types": "crosswalk+pseudo"}, "geometry": {"type": "Point", "coordinates": [-71.0674213, 42.4230686]}}, {"type": "Feature", "properties": {"node_id": 3508, "node_type": "type_change", "degree": 2, "link_types": "pseudo+sidewalk"}, "geometry": {"type": "Point", "coordinates": [-71.0674536, 42.4231955]}}, {"type": "Feature", "properties": {"node_id": 3509, "node_type": "endpoint", "degree": 1, "link_types": "sidewalk"}, "geometry": {"type": "Point", "coordinates": [-71.0674536, 42.4231948]}}, {"type": "Feature", "properties": {"node_id": 3510, "node_type": "type_change", "degree": 3, "link_types": "pseudo+sidewalk"}, "geometry": {"type": "Point", "coordinates": [-71.0794074, 42.421789]}}, {"type": "Feature", "properties": {"node_id": 3511, "node_type": "type_change", "degree": 3, "link_types": "pseudo+sidewalk"}, "geometry": {"type": "Point", "coordinates": [-71.0794064, 42.4217883]}}, {"type": "Feature", "properties": {"node_id": 3512, "node_type": "endpoint", "degree": 1, "link_types": "sidewalk"}, "geometry": {"type": "Point", "coordinates": [-71.0711952, 42.4263771]}}, {"type": "Feature", "properties": {"node_id": 3513, "node_type": "junction", "degree": 3, "link_types": "sidewalk"}, "geometry": {"type": "Point", "coordinates": [-71.0714125, 42.4263335]}}, {"type": "Feature", "properties": {"node_id": 3514, "node_type": "endpoint", "degree": 1, "link_types": "sidewalk"}, "geometry": {"type": "Point", "coordinates": [-71.067355, 42.4198098]}}, {"type": "Feature", "properties": {"node_id": 3515, "node_type": "junction", "degree": 3, "link_types": "pseudo"}, "geometry": {"type": "Point", "coordinates": [-71.0751336, 42.4221057]}}, {"type": "Feature", "properties": {"node_id": 3516, "node_type": "type_change", "degree": 2, "link_types": "crosswalk+pseudo"}, "geometry": {"type": "Point", "coordinates": [-71.075169, 42.4221166]}}, {"type": "Feature", "properties": {"node_id": 3517, "node_type": "type_change", "degree": 2, "link_types": "crosswalk+pseudo"}, "geometry": {"type": "Point", "coordinates": [-71.0751588, 42.4221621]}}, {"type": "Feature", "properties": {"node_id": 3518, "node_type": "type_change", "degree": 3, "link_types": "pseudo+sidewalk"}, "geometry": {"type": "Point", "coordinates": [-71.0751225, 42.4221534]}}, {"type": "Feature", "properties": {"node_id": 3519, "node_type": "type_change", "degree": 3, "link_types": "pseudo+sidewalk"}, "geometry": {"type": "Point", "coordinates": [-71.0751326, 42.4221057]}}, {"type": "Feature", "properties": {"node_id": 3520, "node_type": "junction", "degree": 3, "link_types": "sidewalk"}, "geometry": {"type": "Point", "coordinates": [-71.0766601, 42.4239576]}}, {"type": "Feature", "properties": {"node_id": 3521, "node_type": "type_change", "degree": 3, "link_types": "pseudo+sidewalk"}, "geometry": {"type": "Point", "coordinates": [-71.0766591, 42.4239569]}}, {"type": "Feature", "properties": {"node_id": 3522, "node_type": "type_change", "degree": 2, "link_types": "pseudo+sidewalk"}, "geometry": {"type": "Point", "coordinates": [-71.0670792, 42.4218017]}}, {"type": "Feature", "properties": {"node_id": 3523, "node_type": "type_change", "degree": 2, "link_types": "crosswalk+pseudo"}, "geometry": {"type": "Point", "coordinates": [-71.0670891, 42.4218087]}}, {"type": "Feature", "properties": {"node_id": 3524, "node_type": "type_change", "degree": 2, "link_types": "crosswalk+pseudo"}, "geometry": {"type": "Point", "coordinates": [-71.0670991, 42.4219058]}}, {"type": "Feature", "properties": {"node_id": 3525, "node_type": "endpoint", "degree": 1, "link_types": "sidewalk"}, "geometry": {"type": "Point", "coordinates": [-71.0697929, 42.4269968]}}, {"type": "Feature", "properties": {"node_id": 3526, "node_type": "type_change", "degree": 2, "link_types": "midblock+sidewalk"}, "geometry": {"type": "Point", "coordinates": [-71.0724107, 42.4284975]}}, {"type": "Feature", "properties": {"node_id": 3527, "node_type": "endpoint", "degree": 1, "link_types": "midblock"}, "geometry": {"type": "Point", "coordinates": [-71.0725194, 42.4284655]}}, {"type": "Feature", "properties": {"node_id": 3528, "node_type": "endpoint", "degree": 1, "link_types": "sidewalk"}, "geometry": {"type": "Point", "coordinates": [-71.0694918, 42.4180839]}}, {"type": "Feature", "properties": {"node_id": 3529, "node_type": "junction", "degree": 3, "link_types": "sidewalk"}, "geometry": {"type": "Point", "coordinates": [-71.0694997, 42.4181155]}}, {"type": "Feature", "properties": {"node_id": 3530, "node_type": "type_change", "degree": 2, "link_types": "crosswalk+pseudo"}, "geometry": {"type": "Point", "coordinates": [-71.0765537, 42.4247391]}}, {"type": "Feature", "properties": {"node_id": 3531, "node_type": "type_change", "degree": 2, "link_types": "crosswalk+pseudo"}, "geometry": {"type": "Point", "coordinates": [-71.0764603, 42.4247386]}}, {"type": "Feature", "properties": {"node_id": 3532, "node_type": "endpoint", "degree": 1, "link_types": "sidewalk"}, "geometry": {"type": "Point", "coordinates": [-71.0750043, 42.4225194]}}, {"type": "Feature", "properties": {"node_id": 3533, "node_type": "endpoint", "degree": 1, "link_types": "sidewalk"}, "geometry": {"type": "Point", "coordinates": [-71.0701822, 42.4237564]}}, {"type": "Feature", "properties": {"node_id": 3534, "node_type": "type_change", "degree": 2, "link_types": "pseudo+sidewalk"}, "geometry": {"type": "Point", "coordinates": [-71.0701812, 42.4237557]}}, {"type": "Feature", "properties": {"node_id": 3535, "node_type": "type_change", "degree": 2, "link_types": "crosswalk+pseudo"}, "geometry": {"type": "Point", "coordinates": [-71.0701782, 42.4237529]}}, {"type": "Feature", "properties": {"node_id": 3536, "node_type": "type_change", "degree": 2, "link_types": "crosswalk+pseudo"}, "geometry": {"type": "Point", "coordinates": [-71.0702112, 42.4237242]}}, {"type": "Feature", "properties": {"node_id": 3537, "node_type": "type_change", "degree": 2, "link_types": "crosswalk+pseudo"}, "geometry": {"type": "Point", "coordinates": [-71.0702032, 42.4237157]}}, {"type": "Feature", "properties": {"node_id": 3538, "node_type": "type_change", "degree": 2, "link_types": "crosswalk+pseudo"}, "geometry": {"type": "Point", "coordinates": [-71.0702737, 42.4237015]}}, {"type": "Feature", "properties": {"node_id": 3539, "node_type": "type_change", "degree": 3, "link_types": "pseudo+sidewalk"}, "geometry": {"type": "Point", "coordinates": [-71.0702953, 42.4237076]}}, {"type": "Feature", "properties": {"node_id": 3540, "node_type": "junction", "degree": 3, "link_types": "sidewalk"}, "geometry": {"type": "Point", "coordinates": [-71.0711251, 42.4180494]}}, {"type": "Feature", "properties": {"node_id": 3541, "node_type": "endpoint", "degree": 1, "link_types": "sidewalk"}, "geometry": {"type": "Point", "coordinates": [-71.0718024, 42.4264785]}}, {"type": "Feature", "properties": {"node_id": 3542, "node_type": "type_change", "degree": 3, "link_types": "pseudo+sidewalk"}, "geometry": {"type": "Point", "coordinates": [-71.0718132, 42.4264819]}}, {"type": "Feature", "properties": {"node_id": 3543, "node_type": "junction", "degree": 3, "link_types": "sidewalk"}, "geometry": {"type": "Point", "coordinates": [-71.0670558, 42.4233086]}}, {"type": "Feature", "properties": {"node_id": 3544, "node_type": "type_change", "degree": 2, "link_types": "midblock+sidewalk"}, "geometry": {"type": "Point", "coordinates": [-71.0671246, 42.4232225]}}, {"type": "Feature", "properties": {"node_id": 3545, "node_type": "type_change", "degree": 2, "link_types": "midblock+sidewalk"}, "geometry": {"type": "Point", "coordinates": [-71.0671297, 42.4231604]}}, {"type": "Feature", "properties": {"node_id": 3546, "node_type": "endpoint", "degree": 1, "link_types": "sidewalk"}, "geometry": {"type": "Point", "coordinates": [-71.0671295, 42.4230659]}}, {"type": "Feature", "properties": {"node_id": 3547, "node_type": "endpoint", "degree": 1, "link_types": "sidewalk"}, "geometry": {"type": "Point", "coordinates": [-71.082332, 42.4265095]}}, {"type": "Feature", "properties": {"node_id": 3548, "node_type": "type_change", "degree": 2, "link_types": "midblock+sidewalk"}, "geometry": {"type": "Point", "coordinates": [-71.0695213, 42.4200695]}}, {"type": "Feature", "properties": {"node_id": 3549, "node_type": "type_change", "degree": 2, "link_types": "midblock+sidewalk"}, "geometry": {"type": "Point", "coordinates": [-71.0695129, 42.4200285]}}, {"type": "Feature", "properties": {"node_id": 3550, "node_type": "endpoint", "degree": 1, "link_types": "sidewalk"}, "geometry": {"type": "Point", "coordinates": [-71.0695097, 42.4200173]}}, {"type": "Feature", "properties": {"node_id": 3551, "node_type": "endpoint", "degree": 1, "link_types": "sidewalk"}, "geometry": {"type": "Point", "coordinates": [-71.0723091, 42.4258015]}}, {"type": "Feature", "properties": {"node_id": 3552, "node_type": "endpoint", "degree": 1, "link_types": "sidewalk"}, "geometry": {"type": "Point", "coordinates": [-71.0722737, 42.4260557]}}, {"type": "Feature", "properties": {"node_id": 3553, "node_type": "endpoint", "degree": 1, "link_types": "sidewalk"}, "geometry": {"type": "Point", "coordinates": [-71.0815237, 42.4203321]}}, {"type": "Feature", "properties": {"node_id": 3554, "node_type": "type_change", "degree": 2, "link_types": "midblock+sidewalk"}, "geometry": {"type": "Point", "coordinates": [-71.0815736, 42.420196]}}, {"type": "Feature", "properties": {"node_id": 3555, "node_type": "type_change", "degree": 2, "link_types": "midblock+sidewalk"}, "geometry": {"type": "Point", "coordinates": [-71.0815549, 42.4201524]}}, {"type": "Feature", "properties": {"node_id": 3556, "node_type": "junction", "degree": 3, "link_types": "sidewalk"}, "geometry": {"type": "Point", "coordinates": [-71.0814915, 42.4200337]}}, {"type": "Feature", "properties": {"node_id": 3557, "node_type": "endpoint", "degree": 1, "link_types": "crosswalk"}, "geometry": {"type": "Point", "coordinates": [-71.0709501, 42.4246935]}}, {"type": "Feature", "properties": {"node_id": 3558, "node_type": "type_change", "degree": 2, "link_types": "crosswalk+pseudo"}, "geometry": {"type": "Point", "coordinates": [-71.0710482, 42.4246896]}}, {"type": "Feature", "properties": {"node_id": 3559, "node_type": "type_change", "degree": 3, "link_types": "pseudo+sidewalk"}, "geometry": {"type": "Point", "coordinates": [-71.0710576, 42.4246815]}}, {"type": "Feature", "properties": {"node_id": 3560, "node_type": "endpoint", "degree": 1, "link_types": "sidewalk"}, "geometry": {"type": "Point", "coordinates": [-71.0676556, 42.4250794]}}, {"type": "Feature", "properties": {"node_id": 3561, "node_type": "junction", "degree": 3, "link_types": "sidewalk"}, "geometry": {"type": "Point", "coordinates": [-71.067611, 42.425024]}}, {"type": "Feature", "properties": {"node_id": 3562, "node_type": "junction", "degree": 3, "link_types": "sidewalk"}, "geometry": {"type": "Point", "coordinates": [-71.0714464, 42.4252667]}}, {"type": "Feature", "properties": {"node_id": 3563, "node_type": "endpoint", "degree": 1, "link_types": "sidewalk"}, "geometry": {"type": "Point", "coordinates": [-71.0673733, 42.4286211]}}, {"type": "Feature", "properties": {"node_id": 3564, "node_type": "junction", "degree": 3, "link_types": "sidewalk"}, "geometry": {"type": "Point", "coordinates": [-71.0672942, 42.4287003]}}, {"type": "Feature", "properties": {"node_id": 3565, "node_type": "junction", "degree": 3, "link_types": "sidewalk"}, "geometry": {"type": "Point", "coordinates": [-71.07367, 42.4267005]}}, {"type": "Feature", "properties": {"node_id": 3566, "node_type": "junction", "degree": 3, "link_types": "sidewalk"}, "geometry": {"type": "Point", "coordinates": [-71.073669, 42.4267005]}}, {"type": "Feature", "properties": {"node_id": 3567, "node_type": "type_change", "degree": 2, "link_types": "midblock+sidewalk"}, "geometry": {"type": "Point", "coordinates": [-71.0805108, 42.418652]}}, {"type": "Feature", "properties": {"node_id": 3568, "node_type": "type_change", "degree": 2, "link_types": "midblock+sidewalk"}, "geometry": {"type": "Point", "coordinates": [-71.0805477, 42.4186518]}}, {"type": "Feature", "properties": {"node_id": 3569, "node_type": "type_change", "degree": 2, "link_types": "midblock+sidewalk"}, "geometry": {"type": "Point", "coordinates": [-71.080704, 42.4186512]}}, {"type": "Feature", "properties": {"node_id": 3570, "node_type": "type_change", "degree": 2, "link_types": "midblock+sidewalk"}, "geometry": {"type": "Point", "coordinates": [-71.0808118, 42.4186508]}}, {"type": "Feature", "properties": {"node_id": 3571, "node_type": "junction", "degree": 3, "link_types": "sidewalk"}, "geometry": {"type": "Point", "coordinates": [-71.0808915, 42.4186505]}}, {"type": "Feature", "properties": {"node_id": 3572, "node_type": "endpoint", "degree": 1, "link_types": "sidewalk"}, "geometry": {"type": "Point", "coordinates": [-71.0787672, 42.4282197]}}, {"type": "Feature", "properties": {"node_id": 3573, "node_type": "endpoint", "degree": 1, "link_types": "sidewalk"}, "geometry": {"type": "Point", "coordinates": [-71.0806489, 42.4234271]}}, {"type": "Feature", "properties": {"node_id": 3574, "node_type": "type_change", "degree": 2, "link_types": "pseudo+sidewalk"}, "geometry": {"type": "Point", "coordinates": [-71.0806479, 42.4234271]}}, {"type": "Feature", "properties": {"node_id": 3575, "node_type": "type_change", "degree": 2, "link_types": "crosswalk+pseudo"}, "geometry": {"type": "Point", "coordinates": [-71.0806266, 42.4234311]}}, {"type": "Feature", "properties": {"node_id": 3576, "node_type": "type_change", "degree": 2, "link_types": "crosswalk+pseudo"}, "geometry": {"type": "Point", "coordinates": [-71.0806247, 42.423344]}}, {"type": "Feature", "properties": {"node_id": 3577, "node_type": "junction", "degree": 3, "link_types": "pseudo"}, "geometry": {"type": "Point", "coordinates": [-71.0740475, 42.4285949]}}, {"type": "Feature", "properties": {"node_id": 3578, "node_type": "type_change", "degree": 2, "link_types": "crosswalk+pseudo"}, "geometry": {"type": "Point", "coordinates": [-71.0740462, 42.4285855]}}, {"type": "Feature", "properties": {"node_id": 3579, "node_type": "type_change", "degree": 3, "link_types": "crosswalk+pseudo"}, "geometry": {"type": "Point", "coordinates": [-71.0740219, 42.428555]}}, {"type": "Feature", "properties": {"node_id": 3580, "node_type": "endpoint", "degree": 1, "link_types": "sidewalk"}, "geometry": {"type": "Point", "coordinates": [-71.0687031, 42.4260323]}}, {"type": "Feature", "properties": {"node_id": 3581, "node_type": "endpoint", "degree": 1, "link_types": "sidewalk"}, "geometry": {"type": "Point", "coordinates": [-71.0826855, 42.4289014]}}, {"type": "Feature", "properties": {"node_id": 3582, "node_type": "type_change", "degree": 2, "link_types": "crosswalk+pseudo"}, "geometry": {"type": "Point", "coordinates": [-71.0672753, 42.4261712]}}, {"type": "Feature", "properties": {"node_id": 3583, "node_type": "type_change", "degree": 2, "link_types": "midblock+sidewalk"}, "geometry": {"type": "Point", "coordinates": [-71.079632, 42.4225965]}}, {"type": "Feature", "properties": {"node_id": 3584, "node_type": "type_change", "degree": 2, "link_types": "midblock+sidewalk"}, "geometry": {"type": "Point", "coordinates": [-71.079663, 42.4225959]}}, {"type": "Feature", "properties": {"node_id": 3585, "node_type": "type_change", "degree": 2, "link_types": "midblock+sidewalk"}, "geometry": {"type": "Point", "coordinates": [-71.0798402, 42.4225948]}}, {"type": "Feature", "properties": {"node_id": 3586, "node_type": "type_change", "degree": 2, "link_types": "midblock+sidewalk"}, "geometry": {"type": "Point", "coordinates": [-71.0799274, 42.4225963]}}, {"type": "Feature", "properties": {"node_id": 3587, "node_type": "endpoint", "degree": 1, "link_types": "sidewalk"}, "geometry": {"type": "Point", "coordinates": [-71.0800166, 42.4225978]}}, {"type": "Feature", "properties": {"node_id": 3588, "node_type": "endpoint", "degree": 1, "link_types": "sidewalk"}, "geometry": {"type": "Point", "coordinates": [-71.0727644, 42.4283148]}}, {"type": "Feature", "properties": {"node_id": 3589, "node_type": "type_change", "degree": 2, "link_types": "midblock+sidewalk"}, "geometry": {"type": "Point", "coordinates": [-71.0728274, 42.4283044]}}, {"type": "Feature", "properties": {"node_id": 3590, "node_type": "type_change", "degree": 2, "link_types": "midblock+sidewalk"}, "geometry": {"type": "Point", "coordinates": [-71.0728491, 42.4283057]}}, {"type": "Feature", "properties": {"node_id": 3591, "node_type": "type_change", "degree": 2, "link_types": "midblock+sidewalk"}, "geometry": {"type": "Point", "coordinates": [-71.0731169, 42.4281684]}}, {"type": "Feature", "properties": {"node_id": 3592, "node_type": "type_change", "degree": 2, "link_types": "midblock+sidewalk"}, "geometry": {"type": "Point", "coordinates": [-71.0731124, 42.4281606]}}, {"type": "Feature", "properties": {"node_id": 3593, "node_type": "endpoint", "degree": 1, "link_types": "sidewalk"}, "geometry": {"type": "Point", "coordinates": [-71.0730895, 42.4281468]}}, {"type": "Feature", "properties": {"node_id": 3594, "node_type": "endpoint", "degree": 1, "link_types": "sidewalk"}, "geometry": {"type": "Point", "coordinates": [-71.0775958, 42.4206094]}}, {"type": "Feature", "properties": {"node_id": 3595, "node_type": "type_change", "degree": 3, "link_types": "crosswalk+sidewalk"}, "geometry": {"type": "Point", "coordinates": [-71.0758465, 42.417719]}}, {"type": "Feature", "properties": {"node_id": 3596, "node_type": "endpoint", "degree": 1, "link_types": "crosswalk"}, "geometry": {"type": "Point", "coordinates": [-71.0756265, 42.4163261]}}, {"type": "Feature", "properties": {"node_id": 3597, "node_type": "type_change", "degree": 2, "link_types": "crosswalk+pseudo"}, "geometry": {"type": "Point", "coordinates": [-71.0756005, 42.4163056]}}, {"type": "Feature", "properties": {"node_id": 3598, "node_type": "junction", "degree": 3, "link_types": "pseudo"}, "geometry": {"type": "Point", "coordinates": [-71.0755763, 42.4163097]}}, {"type": "Feature", "properties": {"node_id": 3599, "node_type": "type_change", "degree": 2, "link_types": "midblock+sidewalk"}, "geometry": {"type": "Point", "coordinates": [-71.0841382, 42.41567]}}, {"type": "Feature", "properties": {"node_id": 3600, "node_type": "endpoint", "degree": 1, "link_types": "sidewalk"}, "geometry": {"type": "Point", "coordinates": [-71.0841467, 42.4156837]}}, {"type": "Feature", "properties": {"node_id": 3601, "node_type": "endpoint", "degree": 1, "link_types": "sidewalk"}, "geometry": {"type": "Point", "coordinates": [-71.0840541, 42.4153835]}}, {"type": "Feature", "properties": {"node_id": 3602, "node_type": "type_change", "degree": 3, "link_types": "pseudo+sidewalk"}, "geometry": {"type": "Point", "coordinates": [-71.0799623, 42.4192214]}}, {"type": "Feature", "properties": {"node_id": 3603, "node_type": "endpoint", "degree": 1, "link_types": "sidewalk"}, "geometry": {"type": "Point", "coordinates": [-71.0689523, 42.4254198]}}, {"type": "Feature", "properties": {"node_id": 3604, "node_type": "endpoint", "degree": 1, "link_types": "crosswalk"}, "geometry": {"type": "Point", "coordinates": [-71.0741602, 42.4253768]}}, {"type": "Feature", "properties": {"node_id": 3605, "node_type": "endpoint", "degree": 1, "link_types": "crosswalk"}, "geometry": {"type": "Point", "coordinates": [-71.0741753, 42.4253621]}}, {"type": "Feature", "properties": {"node_id": 3606, "node_type": "endpoint", "degree": 1, "link_types": "sidewalk"}, "geometry": {"type": "Point", "coordinates": [-71.0688362, 42.4167738]}}, {"type": "Feature", "properties": {"node_id": 3607, "node_type": "endpoint", "degree": 1, "link_types": "sidewalk"}, "geometry": {"type": "Point", "coordinates": [-71.0720591, 42.4178877]}}, {"type": "Feature", "properties": {"node_id": 3608, "node_type": "type_change", "degree": 2, "link_types": "pseudo+sidewalk"}, "geometry": {"type": "Point", "coordinates": [-71.0707526, 42.4284715]}}, {"type": "Feature", "properties": {"node_id": 3609, "node_type": "type_change", "degree": 2, "link_types": "crosswalk+pseudo"}, "geometry": {"type": "Point", "coordinates": [-71.0707881, 42.4284852]}}, {"type": "Feature", "properties": {"node_id": 3610, "node_type": "type_change", "degree": 2, "link_types": "crosswalk+pseudo"}, "geometry": {"type": "Point", "coordinates": [-71.0708511, 42.4286873]}}, {"type": "Feature", "properties": {"node_id": 3611, "node_type": "junction", "degree": 3, "link_types": "pseudo"}, "geometry": {"type": "Point", "coordinates": [-71.0708498, 42.4287046]}}, {"type": "Feature", "properties": {"node_id": 3612, "node_type": "type_change", "degree": 3, "link_types": "crosswalk+sidewalk"}, "geometry": {"type": "Point", "coordinates": [-71.0793184, 42.4234512]}}, {"type": "Feature", "properties": {"node_id": 3613, "node_type": "endpoint", "degree": 1, "link_types": "sidewalk"}, "geometry": {"type": "Point", "coordinates": [-71.0751036, 42.4221977]}}, {"type": "Feature", "properties": {"node_id": 3614, "node_type": "type_change", "degree": 3, "link_types": "pseudo+sidewalk"}, "geometry": {"type": "Point", "coordinates": [-71.0751064, 42.4221933]}}, {"type": "Feature", "properties": {"node_id": 3615, "node_type": "junction", "degree": 3, "link_types": "sidewalk"}, "geometry": {"type": "Point", "coordinates": [-71.068218, 42.4285497]}}, {"type": "Feature", "properties": {"node_id": 3616, "node_type": "junction", "degree": 3, "link_types": "sidewalk"}, "geometry": {"type": "Point", "coordinates": [-71.0788697, 42.4267604]}}, {"type": "Feature", "properties": {"node_id": 3617, "node_type": "endpoint", "degree": 1, "link_types": "crosswalk"}, "geometry": {"type": "Point", "coordinates": [-71.0807808, 42.4241531]}}, {"type": "Feature", "properties": {"node_id": 3618, "node_type": "type_change", "degree": 2, "link_types": "crosswalk+pseudo"}, "geometry": {"type": "Point", "coordinates": [-71.080774, 42.4240941]}}, {"type": "Feature", "properties": {"node_id": 3619, "node_type": "type_change", "degree": 3, "link_types": "pseudo+sidewalk"}, "geometry": {"type": "Point", "coordinates": [-71.0807786, 42.4240868]}}, {"type": "Feature", "properties": {"node_id": 3620, "node_type": "type_change", "degree": 2, "link_types": "crosswalk+pseudo"}, "geometry": {"type": "Point", "coordinates": [-71.0844354, 42.4179118]}}, {"type": "Feature", "properties": {"node_id": 3621, "node_type": "endpoint", "degree": 1, "link_types": "crosswalk"}, "geometry": {"type": "Point", "coordinates": [-71.084412, 42.4178517]}}, {"type": "Feature", "properties": {"node_id": 3622, "node_type": "junction", "degree": 3, "link_types": "sidewalk"}, "geometry": {"type": "Point", "coordinates": [-71.0671468, 42.4291266]}}, {"type": "Feature", "properties": {"node_id": 3623, "node_type": "type_change", "degree": 2, "link_types": "pseudo+sidewalk"}, "geometry": {"type": "Point", "coordinates": [-71.0671645, 42.4291616]}}, {"type": "Feature", "properties": {"node_id": 3624, "node_type": "type_change", "degree": 2, "link_types": "crosswalk+pseudo"}, "geometry": {"type": "Point", "coordinates": [-71.0671844, 42.4291756]}}, {"type": "Feature", "properties": {"node_id": 3625, "node_type": "type_change", "degree": 2, "link_types": "crosswalk+pseudo"}, "geometry": {"type": "Point", "coordinates": [-71.0673299, 42.4291629]}}, {"type": "Feature", "properties": {"node_id": 3626, "node_type": "junction", "degree": 3, "link_types": "pseudo"}, "geometry": {"type": "Point", "coordinates": [-71.0673293, 42.4291738]}}, {"type": "Feature", "properties": {"node_id": 3627, "node_type": "endpoint", "degree": 1, "link_types": "sidewalk"}, "geometry": {"type": "Point", "coordinates": [-71.0671254, 42.4291263]}}, {"type": "Feature", "properties": {"node_id": 3628, "node_type": "type_change", "degree": 2, "link_types": "pseudo+sidewalk"}, "geometry": {"type": "Point", "coordinates": [-71.0671478, 42.4291259]}}, {"type": "Feature", "properties": {"node_id": 3629, "node_type": "type_change", "degree": 2, "link_types": "crosswalk+pseudo"}, "geometry": {"type": "Point", "coordinates": [-71.0671524, 42.42912]}}, {"type": "Feature", "properties": {"node_id": 3630, "node_type": "type_change", "degree": 2, "link_types": "crosswalk+pseudo"}, "geometry": {"type": "Point", "coordinates": [-71.0671452, 42.4290481]}}, {"type": "Feature", "properties": {"node_id": 3631, "node_type": "type_change", "degree": 3, "link_types": "pseudo+sidewalk"}, "geometry": {"type": "Point", "coordinates": [-71.0671296, 42.4290448]}}, {"type": "Feature", "properties": {"node_id": 3632, "node_type": "endpoint", "degree": 1, "link_types": "sidewalk"}, "geometry": {"type": "Point", "coordinates": [-71.0748525, 42.4262]}}, {"type": "Feature", "properties": {"node_id": 3633, "node_type": "type_change", "degree": 2, "link_types": "pseudo+sidewalk"}, "geometry": {"type": "Point", "coordinates": [-71.0748515, 42.4262007]}}, {"type": "Feature", "properties": {"node_id": 3634, "node_type": "type_change", "degree": 2, "link_types": "crosswalk+pseudo"}, "geometry": {"type": "Point", "coordinates": [-71.0748376, 42.4262211]}}, {"type": "Feature", "properties": {"node_id": 3635, "node_type": "endpoint", "degree": 1, "link_types": "sidewalk"}, "geometry": {"type": "Point", "coordinates": [-71.0739536, 42.4267782]}}, {"type": "Feature", "properties": {"node_id": 3636, "node_type": "endpoint", "degree": 1, "link_types": "sidewalk"}, "geometry": {"type": "Point", "coordinates": [-71.0761271, 42.4268116]}}, {"type": "Feature", "properties": {"node_id": 3637, "node_type": "type_change", "degree": 2, "link_types": "pseudo+sidewalk"}, "geometry": {"type": "Point", "coordinates": [-71.0761281, 42.4268123]}}, {"type": "Feature", "properties": {"node_id": 3638, "node_type": "type_change", "degree": 2, "link_types": "crosswalk+pseudo"}, "geometry": {"type": "Point", "coordinates": [-71.0761479, 42.4268227]}}, {"type": "Feature", "properties": {"node_id": 3639, "node_type": "type_change", "degree": 3, "link_types": "crosswalk+pseudo"}, "geometry": {"type": "Point", "coordinates": [-71.0761588, 42.4267404]}}, {"type": "Feature", "properties": {"node_id": 3640, "node_type": "endpoint", "degree": 1, "link_types": "sidewalk"}, "geometry": {"type": "Point", "coordinates": [-71.073562, 42.4267298]}}, {"type": "Feature", "properties": {"node_id": 3641, "node_type": "type_change", "degree": 2, "link_types": "pseudo+sidewalk"}, "geometry": {"type": "Point", "coordinates": [-71.0735678, 42.426729]}}, {"type": "Feature", "properties": {"node_id": 3642, "node_type": "type_change", "degree": 2, "link_types": "crosswalk+pseudo"}, "geometry": {"type": "Point", "coordinates": [-71.0735818, 42.4267114]}}, {"type": "Feature", "properties": {"node_id": 3643, "node_type": "type_change", "degree": 2, "link_types": "crosswalk+pseudo"}, "geometry": {"type": "Point", "coordinates": [-71.0734436, 42.4267067]}}, {"type": "Feature", "properties": {"node_id": 3644, "node_type": "endpoint", "degree": 1, "link_types": "sidewalk"}, "geometry": {"type": "Point", "coordinates": [-71.0669527, 42.4210612]}}, {"type": "Feature", "properties": {"node_id": 3645, "node_type": "junction", "degree": 3, "link_types": "sidewalk"}, "geometry": {"type": "Point", "coordinates": [-71.066412, 42.4203181]}}, {"type": "Feature", "properties": {"node_id": 3646, "node_type": "endpoint", "degree": 1, "link_types": "sidewalk"}, "geometry": {"type": "Point", "coordinates": [-71.0710392, 42.4291118]}}, {"type": "Feature", "properties": {"node_id": 3647, "node_type": "type_change", "degree": 2, "link_types": "midblock+sidewalk"}, "geometry": {"type": "Point", "coordinates": [-71.0710091, 42.4290616]}}, {"type": "Feature", "properties": {"node_id": 3648, "node_type": "type_change", "degree": 2, "link_types": "midblock+sidewalk"}, "geometry": {"type": "Point", "coordinates": [-71.0709953, 42.4290138]}}, {"type": "Feature", "properties": {"node_id": 3649, "node_type": "type_change", "degree": 2, "link_types": "midblock+sidewalk"}, "geometry": {"type": "Point", "coordinates": [-71.0709708, 42.4289288]}}, {"type": "Feature", "properties": {"node_id": 3650, "node_type": "type_change", "degree": 2, "link_types": "midblock+sidewalk"}, "geometry": {"type": "Point", "coordinates": [-71.0709571, 42.428881]}}, {"type": "Feature", "properties": {"node_id": 3651, "node_type": "endpoint", "degree": 1, "link_types": "sidewalk"}, "geometry": {"type": "Point", "coordinates": [-71.0709051, 42.4287619]}}, {"type": "Feature", "properties": {"node_id": 3652, "node_type": "endpoint", "degree": 1, "link_types": "sidewalk"}, "geometry": {"type": "Point", "coordinates": [-71.0752689, 42.4271204]}}, {"type": "Feature", "properties": {"node_id": 3653, "node_type": "junction", "degree": 3, "link_types": "sidewalk"}, "geometry": {"type": "Point", "coordinates": [-71.0810985, 42.4249376]}}, {"type": "Feature", "properties": {"node_id": 3654, "node_type": "endpoint", "degree": 1, "link_types": "sidewalk"}, "geometry": {"type": "Point", "coordinates": [-71.0719871, 42.4255335]}}, {"type": "Feature", "properties": {"node_id": 3655, "node_type": "endpoint", "degree": 1, "link_types": "crosswalk"}, "geometry": {"type": "Point", "coordinates": [-71.0803233, 42.4226679]}}, {"type": "Feature", "properties": {"node_id": 3656, "node_type": "type_change", "degree": 2, "link_types": "crosswalk+pseudo"}, "geometry": {"type": "Point", "coordinates": [-71.0802467, 42.4226174]}}, {"type": "Feature", "properties": {"node_id": 3657, "node_type": "endpoint", "degree": 1, "link_types": "pseudo"}, "geometry": {"type": "Point", "coordinates": [-71.080244, 42.4226218]}}, {"type": "Feature", "properties": {"node_id": 3658, "node_type": "type_change", "degree": 2, "link_types": "pseudo+sidewalk"}, "geometry": {"type": "Point", "coordinates": [-71.0812885, 42.4233341]}}, {"type": "Feature", "properties": {"node_id": 3659, "node_type": "type_change", "degree": 3, "link_types": "pseudo+sidewalk"}, "geometry": {"type": "Point", "coordinates": [-71.0809813, 42.4233353]}}, {"type": "Feature", "properties": {"node_id": 3660, "node_type": "junction", "degree": 3, "link_types": "sidewalk"}, "geometry": {"type": "Point", "coordinates": [-71.066413, 42.4203174]}}, {"type": "Feature", "properties": {"node_id": 3661, "node_type": "junction", "degree": 3, "link_types": "sidewalk"}, "geometry": {"type": "Point", "coordinates": [-71.066412, 42.4203174]}}, {"type": "Feature", "properties": {"node_id": 3662, "node_type": "endpoint", "degree": 1, "link_types": "sidewalk"}, "geometry": {"type": "Point", "coordinates": [-71.0672923, 42.4285239]}}, {"type": "Feature", "properties": {"node_id": 3663, "node_type": "type_change", "degree": 2, "link_types": "pseudo+sidewalk"}, "geometry": {"type": "Point", "coordinates": [-71.0672933, 42.4285246]}}, {"type": "Feature", "properties": {"node_id": 3664, "node_type": "type_change", "degree": 3, "link_types": "crosswalk+pseudo"}, "geometry": {"type": "Point", "coordinates": [-71.0673159, 42.4285321]}}, {"type": "Feature", "properties": {"node_id": 3665, "node_type": "type_change", "degree": 3, "link_types": "pseudo+sidewalk"}, "geometry": {"type": "Point", "coordinates": [-71.071806, 42.4270915]}}, {"type": "Feature", "properties": {"node_id": 3666, "node_type": "junction", "degree": 3, "link_types": "pseudo"}, "geometry": {"type": "Point", "coordinates": [-71.0807739, 42.4273231]}}, {"type": "Feature", "properties": {"node_id": 3667, "node_type": "type_change", "degree": 2, "link_types": "pseudo+sidewalk"}, "geometry": {"type": "Point", "coordinates": [-71.0807646, 42.427337]}}, {"type": "Feature", "properties": {"node_id": 3668, "node_type": "junction", "degree": 3, "link_types": "sidewalk"}, "geometry": {"type": "Point", "coordinates": [-71.0807512, 42.4273444]}}, {"type": "Feature", "properties": {"node_id": 3669, "node_type": "junction", "degree": 3, "link_types": "pseudo"}, "geometry": {"type": "Point", "coordinates": [-71.0807748, 42.4273224]}}, {"type": "Feature", "properties": {"node_id": 3670, "node_type": "type_change", "degree": 3, "link_types": "crosswalk+pseudo"}, "geometry": {"type": "Point", "coordinates": [-71.0807729, 42.4273224]}}, {"type": "Feature", "properties": {"node_id": 3671, "node_type": "endpoint", "degree": 1, "link_types": "sidewalk"}, "geometry": {"type": "Point", "coordinates": [-71.0663069, 42.4199303]}}, {"type": "Feature", "properties": {"node_id": 3672, "node_type": "type_change", "degree": 2, "link_types": "midblock+sidewalk"}, "geometry": {"type": "Point", "coordinates": [-71.066739, 42.4198655]}}, {"type": "Feature", "properties": {"node_id": 3673, "node_type": "type_change", "degree": 2, "link_types": "midblock+sidewalk"}, "geometry": {"type": "Point", "coordinates": [-71.0667811, 42.4198603]}}, {"type": "Feature", "properties": {"node_id": 3674, "node_type": "type_change", "degree": 2, "link_types": "midblock+sidewalk"}, "geometry": {"type": "Point", "coordinates": [-71.0668233, 42.4198552]}}, {"type": "Feature", "properties": {"node_id": 3675, "node_type": "type_change", "degree": 2, "link_types": "midblock+sidewalk"}, "geometry": {"type": "Point", "coordinates": [-71.0668971, 42.4198461]}}, {"type": "Feature", "properties": {"node_id": 3676, "node_type": "type_change", "degree": 2, "link_types": "midblock+sidewalk"}, "geometry": {"type": "Point", "coordinates": [-71.0669968, 42.4198339]}}, {"type": "Feature", "properties": {"node_id": 3677, "node_type": "type_change", "degree": 2, "link_types": "midblock+sidewalk"}, "geometry": {"type": "Point", "coordinates": [-71.0670293, 42.4198299]}}, {"type": "Feature", "properties": {"node_id": 3678, "node_type": "type_change", "degree": 3, "link_types": "pseudo+sidewalk"}, "geometry": {"type": "Point", "coordinates": [-71.0673061, 42.419802]}}, {"type": "Feature", "properties": {"node_id": 3679, "node_type": "endpoint", "degree": 1, "link_types": "sidewalk"}, "geometry": {"type": "Point", "coordinates": [-71.0755681, 42.4162961]}}, {"type": "Feature", "properties": {"node_id": 3680, "node_type": "type_change", "degree": 3, "link_types": "pseudo+sidewalk"}, "geometry": {"type": "Point", "coordinates": [-71.0755754, 42.4163097]}}, {"type": "Feature", "properties": {"node_id": 3681, "node_type": "type_change", "degree": 3, "link_types": "crosswalk+sidewalk"}, "geometry": {"type": "Point", "coordinates": [-71.0821575, 42.4217665]}}, {"type": "Feature", "properties": {"node_id": 3682, "node_type": "endpoint", "degree": 1, "link_types": "sidewalk"}, "geometry": {"type": "Point", "coordinates": [-71.0700491, 42.4200075]}}, {"type": "Feature", "properties": {"node_id": 3683, "node_type": "junction", "degree": 3, "link_types": "sidewalk"}, "geometry": {"type": "Point", "coordinates": [-71.0696686, 42.4200302]}}, {"type": "Feature", "properties": {"node_id": 3684, "node_type": "type_change", "degree": 2, "link_types": "crosswalk+pseudo"}, "geometry": {"type": "Point", "coordinates": [-71.0707405, 42.4188279]}}, {"type": "Feature", "properties": {"node_id": 3685, "node_type": "type_change", "degree": 2, "link_types": "crosswalk+pseudo"}, "geometry": {"type": "Point", "coordinates": [-71.0706238, 42.4188293]}}, {"type": "Feature", "properties": {"node_id": 3686, "node_type": "junction", "degree": 3, "link_types": "pseudo"}, "geometry": {"type": "Point", "coordinates": [-71.0706122, 42.4188295]}}, {"type": "Feature", "properties": {"node_id": 3687, "node_type": "endpoint", "degree": 1, "link_types": "sidewalk"}, "geometry": {"type": "Point", "coordinates": [-71.0824021, 42.4226352]}}, {"type": "Feature", "properties": {"node_id": 3688, "node_type": "type_change", "degree": 2, "link_types": "pseudo+sidewalk"}, "geometry": {"type": "Point", "coordinates": [-71.0824011, 42.4226352]}}, {"type": "Feature", "properties": {"node_id": 3689, "node_type": "type_change", "degree": 2, "link_types": "crosswalk+pseudo"}, "geometry": {"type": "Point", "coordinates": [-71.08238, 42.4226413]}}, {"type": "Feature", "properties": {"node_id": 3690, "node_type": "endpoint", "degree": 1, "link_types": "crosswalk"}, "geometry": {"type": "Point", "coordinates": [-71.0823955, 42.4225813]}}, {"type": "Feature", "properties": {"node_id": 3691, "node_type": "endpoint", "degree": 1, "link_types": "sidewalk"}, "geometry": {"type": "Point", "coordinates": [-71.0735259, 42.4273752]}}, {"type": "Feature", "properties": {"node_id": 3692, "node_type": "type_change", "degree": 2, "link_types": "pseudo+sidewalk"}, "geometry": {"type": "Point", "coordinates": [-71.0735259, 42.4273745]}}, {"type": "Feature", "properties": {"node_id": 3693, "node_type": "type_change", "degree": 3, "link_types": "crosswalk+pseudo"}, "geometry": {"type": "Point", "coordinates": [-71.0735213, 42.4273523]}}, {"type": "Feature", "properties": {"node_id": 3694, "node_type": "endpoint", "degree": 1, "link_types": "crosswalk"}, "geometry": {"type": "Point", "coordinates": [-71.0707022, 42.4181075]}}, {"type": "Feature", "properties": {"node_id": 3695, "node_type": "type_change", "degree": 2, "link_types": "crosswalk+pseudo"}, "geometry": {"type": "Point", "coordinates": [-71.0706497, 42.4180493]}}, {"type": "Feature", "properties": {"node_id": 3696, "node_type": "endpoint", "degree": 1, "link_types": "pseudo"}, "geometry": {"type": "Point", "coordinates": [-71.0706708, 42.418041]}}, {"type": "Feature", "properties": {"node_id": 3697, "node_type": "endpoint", "degree": 1, "link_types": "sidewalk"}, "geometry": {"type": "Point", "coordinates": [-71.0794486, 42.4242421]}}, {"type": "Feature", "properties": {"node_id": 3698, "node_type": "endpoint", "degree": 1, "link_types": "sidewalk"}, "geometry": {"type": "Point", "coordinates": [-71.0670299, 42.4271382]}}, {"type": "Feature", "properties": {"node_id": 3699, "node_type": "endpoint", "degree": 1, "link_types": "sidewalk"}, "geometry": {"type": "Point", "coordinates": [-71.0669975, 42.4270696]}}, {"type": "Feature", "properties": {"node_id": 3700, "node_type": "endpoint", "degree": 1, "link_types": "sidewalk"}, "geometry": {"type": "Point", "coordinates": [-71.0745966, 42.4256362]}}, {"type": "Feature", "properties": {"node_id": 3701, "node_type": "junction", "degree": 3, "link_types": "sidewalk"}, "geometry": {"type": "Point", "coordinates": [-71.0740401, 42.425598]}}, {"type": "Feature", "properties": {"node_id": 3702, "node_type": "endpoint", "degree": 1, "link_types": "sidewalk"}, "geometry": {"type": "Point", "coordinates": [-71.0802304, 42.4289453]}}, {"type": "Feature", "properties": {"node_id": 3703, "node_type": "type_change", "degree": 2, "link_types": "crosswalk+sidewalk"}, "geometry": {"type": "Point", "coordinates": [-71.0802047, 42.4287837]}}, {"type": "Feature", "properties": {"node_id": 3704, "node_type": "type_change", "degree": 2, "link_types": "crosswalk+sidewalk"}, "geometry": {"type": "Point", "coordinates": [-71.0802085, 42.4287829]}}, {"type": "Feature", "properties": {"node_id": 3705, "node_type": "endpoint", "degree": 1, "link_types": "sidewalk"}, "geometry": {"type": "Point", "coordinates": [-71.0832626, 42.4231894]}}, {"type": "Feature", "properties": {"node_id": 3706, "node_type": "type_change", "degree": 2, "link_types": "crosswalk+pseudo"}, "geometry": {"type": "Point", "coordinates": [-71.0844284, 42.4185805]}}, {"type": "Feature", "properties": {"node_id": 3707, "node_type": "type_change", "degree": 2, "link_types": "crosswalk+pseudo"}, "geometry": {"type": "Point", "coordinates": [-71.0844379, 42.4186905]}}, {"type": "Feature", "properties": {"node_id": 3708, "node_type": "endpoint", "degree": 1, "link_types": "pseudo"}, "geometry": {"type": "Point", "coordinates": [-71.0844604, 42.4186944]}}, {"type": "Feature", "properties": {"node_id": 3709, "node_type": "type_change", "degree": 2, "link_types": "crosswalk+pseudo"}, "geometry": {"type": "Point", "coordinates": [-71.0844432, 42.4185593]}}, {"type": "Feature", "properties": {"node_id": 3710, "node_type": "endpoint", "degree": 1, "link_types": "crosswalk"}, "geometry": {"type": "Point", "coordinates": [-71.0844853, 42.4185974]}}, {"type": "Feature", "properties": {"node_id": 3711, "node_type": "endpoint", "degree": 1, "link_types": "sidewalk"}, "geometry": {"type": "Point", "coordinates": [-71.0796593, 42.4258203]}}, {"type": "Feature", "properties": {"node_id": 3712, "node_type": "type_change", "degree": 2, "link_types": "pseudo+sidewalk"}, "geometry": {"type": "Point", "coordinates": [-71.0796583, 42.4258196]}}, {"type": "Feature", "properties": {"node_id": 3713, "node_type": "endpoint", "degree": 1, "link_types": "sidewalk"}, "geometry": {"type": "Point", "coordinates": [-71.0722642, 42.4255595]}}, {"type": "Feature", "properties": {"node_id": 3714, "node_type": "type_change", "degree": 2, "link_types": "midblock+sidewalk"}, "geometry": {"type": "Point", "coordinates": [-71.0722303, 42.425559]}}, {"type": "Feature", "properties": {"node_id": 3715, "node_type": "type_change", "degree": 2, "link_types": "midblock+sidewalk"}, "geometry": {"type": "Point", "coordinates": [-71.0722157, 42.4255588]}}, {"type": "Feature", "properties": {"node_id": 3716, "node_type": "junction", "degree": 3, "link_types": "pseudo"}, "geometry": {"type": "Point", "coordinates": [-71.0721153, 42.4233447]}}, {"type": "Feature", "properties": {"node_id": 3717, "node_type": "type_change", "degree": 2, "link_types": "crosswalk+pseudo"}, "geometry": {"type": "Point", "coordinates": [-71.0721166, 42.4233548]}}, {"type": "Feature", "properties": {"node_id": 3718, "node_type": "type_change", "degree": 2, "link_types": "crosswalk+pseudo"}, "geometry": {"type": "Point", "coordinates": [-71.0721033, 42.4234501]}}, {"type": "Feature", "properties": {"node_id": 3719, "node_type": "type_change", "degree": 3, "link_types": "pseudo+sidewalk"}, "geometry": {"type": "Point", "coordinates": [-71.0721153, 42.423344]}}, {"type": "Feature", "properties": {"node_id": 3720, "node_type": "type_change", "degree": 2, "link_types": "crosswalk+pseudo"}, "geometry": {"type": "Point", "coordinates": [-71.0754594, 42.4216344]}}, {"type": "Feature", "properties": {"node_id": 3721, "node_type": "type_change", "degree": 2, "link_types": "crosswalk+pseudo"}, "geometry": {"type": "Point", "coordinates": [-71.0754286, 42.4217617]}}, {"type": "Feature", "properties": {"node_id": 3722, "node_type": "endpoint", "degree": 1, "link_types": "sidewalk"}, "geometry": {"type": "Point", "coordinates": [-71.0777125, 42.4187255]}}, {"type": "Feature", "properties": {"node_id": 3723, "node_type": "type_change", "degree": 2, "link_types": "midblock+sidewalk"}, "geometry": {"type": "Point", "coordinates": [-71.077946, 42.418646]}}, {"type": "Feature", "properties": {"node_id": 3724, "node_type": "type_change", "degree": 2, "link_types": "midblock+sidewalk"}, "geometry": {"type": "Point", "coordinates": [-71.0780267, 42.4186459]}}, {"type": "Feature", "properties": {"node_id": 3725, "node_type": "type_change", "degree": 2, "link_types": "midblock+sidewalk"}, "geometry": {"type": "Point", "coordinates": [-71.0783501, 42.4186456]}}, {"type": "Feature", "properties": {"node_id": 3726, "node_type": "type_change", "degree": 2, "link_types": "midblock+sidewalk"}, "geometry": {"type": "Point", "coordinates": [-71.0784492, 42.4186455]}}, {"type": "Feature", "properties": {"node_id": 3727, "node_type": "type_change", "degree": 2, "link_types": "midblock+sidewalk"}, "geometry": {"type": "Point", "coordinates": [-71.0785862, 42.4186454]}}, {"type": "Feature", "properties": {"node_id": 3728, "node_type": "type_change", "degree": 2, "link_types": "midblock+sidewalk"}, "geometry": {"type": "Point", "coordinates": [-71.0787096, 42.4186453]}}, {"type": "Feature", "properties": {"node_id": 3729, "node_type": "type_change", "degree": 2, "link_types": "midblock+sidewalk"}, "geometry": {"type": "Point", "coordinates": [-71.0788154, 42.4186452]}}, {"type": "Feature", "properties": {"node_id": 3730, "node_type": "type_change", "degree": 2, "link_types": "midblock+sidewalk"}, "geometry": {"type": "Point", "coordinates": [-71.0788514, 42.4186452]}}, {"type": "Feature", "properties": {"node_id": 3731, "node_type": "type_change", "degree": 2, "link_types": "midblock+sidewalk"}, "geometry": {"type": "Point", "coordinates": [-71.0789667, 42.4186485]}}, {"type": "Feature", "properties": {"node_id": 3732, "node_type": "type_change", "degree": 2, "link_types": "midblock+sidewalk"}, "geometry": {"type": "Point", "coordinates": [-71.0790248, 42.4186504]}}, {"type": "Feature", "properties": {"node_id": 3733, "node_type": "type_change", "degree": 2, "link_types": "midblock+sidewalk"}, "geometry": {"type": "Point", "coordinates": [-71.0792679, 42.4186491]}}, {"type": "Feature", "properties": {"node_id": 3734, "node_type": "type_change", "degree": 2, "link_types": "midblock+sidewalk"}, "geometry": {"type": "Point", "coordinates": [-71.079327, 42.4186483]}}, {"type": "Feature", "properties": {"node_id": 3735, "node_type": "type_change", "degree": 2, "link_types": "midblock+sidewalk"}, "geometry": {"type": "Point", "coordinates": [-71.0794145, 42.4186524]}}, {"type": "Feature", "properties": {"node_id": 3736, "node_type": "type_change", "degree": 2, "link_types": "midblock+sidewalk"}, "geometry": {"type": "Point", "coordinates": [-71.0794581, 42.4186513]}}, {"type": "Feature", "properties": {"node_id": 3737, "node_type": "type_change", "degree": 2, "link_types": "midblock+sidewalk"}, "geometry": {"type": "Point", "coordinates": [-71.0795694, 42.4186485]}}, {"type": "Feature", "properties": {"node_id": 3738, "node_type": "type_change", "degree": 2, "link_types": "midblock+sidewalk"}, "geometry": {"type": "Point", "coordinates": [-71.0795839, 42.4186482]}}, {"type": "Feature", "properties": {"node_id": 3739, "node_type": "endpoint", "degree": 1, "link_types": "sidewalk"}, "geometry": {"type": "Point", "coordinates": [-71.0796662, 42.4186461]}}, {"type": "Feature", "properties": {"node_id": 3740, "node_type": "type_change", "degree": 2, "link_types": "crosswalk+pseudo"}, "geometry": {"type": "Point", "coordinates": [-71.0700849, 42.4279519]}}, {"type": "Feature", "properties": {"node_id": 3741, "node_type": "type_change", "degree": 2, "link_types": "pseudo+sidewalk"}, "geometry": {"type": "Point", "coordinates": [-71.0701101, 42.42795]}}, {"type": "Feature", "properties": {"node_id": 3742, "node_type": "type_change", "degree": 2, "link_types": "pseudo+sidewalk"}, "geometry": {"type": "Point", "coordinates": [-71.0701111, 42.4279499]}}, {"type": "Feature", "properties": {"node_id": 3743, "node_type": "type_change", "degree": 2, "link_types": "crosswalk+pseudo"}, "geometry": {"type": "Point", "coordinates": [-71.0701404, 42.4279537]}}, {"type": "Feature", "properties": {"node_id": 3744, "node_type": "endpoint", "degree": 1, "link_types": "crosswalk"}, "geometry": {"type": "Point", "coordinates": [-71.0701443, 42.4279839]}}, {"type": "Feature", "properties": {"node_id": 3745, "node_type": "endpoint", "degree": 1, "link_types": "crosswalk"}, "geometry": {"type": "Point", "coordinates": [-71.070083, 42.4279519]}}, {"type": "Feature", "properties": {"node_id": 3746, "node_type": "endpoint", "degree": 1, "link_types": "crosswalk"}, "geometry": {"type": "Point", "coordinates": [-71.0845237, 42.4230988]}}, {"type": "Feature", "properties": {"node_id": 3747, "node_type": "junction", "degree": 3, "link_types": "sidewalk"}, "geometry": {"type": "Point", "coordinates": [-71.0793213, 42.4225953]}}, {"type": "Feature", "properties": {"node_id": 3748, "node_type": "junction", "degree": 3, "link_types": "sidewalk"}, "geometry": {"type": "Point", "coordinates": [-71.0793222, 42.4225953]}}, {"type": "Feature", "properties": {"node_id": 3749, "node_type": "type_change", "degree": 2, "link_types": "midblock+sidewalk"}, "geometry": {"type": "Point", "coordinates": [-71.0791186, 42.4225788]}}, {"type": "Feature", "properties": {"node_id": 3750, "node_type": "type_change", "degree": 2, "link_types": "midblock+sidewalk"}, "geometry": {"type": "Point", "coordinates": [-71.0790713, 42.4225749]}}, {"type": "Feature", "properties": {"node_id": 3751, "node_type": "endpoint", "degree": 1, "link_types": "sidewalk"}, "geometry": {"type": "Point", "coordinates": [-71.0786573, 42.4225411]}}, {"type": "Feature", "properties": {"node_id": 3752, "node_type": "endpoint", "degree": 1, "link_types": "sidewalk"}, "geometry": {"type": "Point", "coordinates": [-71.0684326, 42.4195511]}}, {"type": "Feature", "properties": {"node_id": 3753, "node_type": "type_change", "degree": 2, "link_types": "midblock+sidewalk"}, "geometry": {"type": "Point", "coordinates": [-71.068412, 42.4191926]}}, {"type": "Feature", "properties": {"node_id": 3754, "node_type": "type_change", "degree": 2, "link_types": "midblock+sidewalk"}, "geometry": {"type": "Point", "coordinates": [-71.0684106, 42.419161]}}, {"type": "Feature", "properties": {"node_id": 3755, "node_type": "endpoint", "degree": 1, "link_types": "sidewalk"}, "geometry": {"type": "Point", "coordinates": [-71.079592, 42.4163125]}}, {"type": "Feature", "properties": {"node_id": 3756, "node_type": "type_change", "degree": 2, "link_types": "midblock+sidewalk"}, "geometry": {"type": "Point", "coordinates": [-71.0795787, 42.4162093]}}, {"type": "Feature", "properties": {"node_id": 3757, "node_type": "type_change", "degree": 2, "link_types": "midblock+sidewalk"}, "geometry": {"type": "Point", "coordinates": [-71.0795731, 42.4161655]}}, {"type": "Feature", "properties": {"node_id": 3758, "node_type": "endpoint", "degree": 1, "link_types": "sidewalk"}, "geometry": {"type": "Point", "coordinates": [-71.0793754, 42.4159677]}}, {"type": "Feature", "properties": {"node_id": 3759, "node_type": "type_change", "degree": 2, "link_types": "pseudo+sidewalk"}, "geometry": {"type": "Point", "coordinates": [-71.0810335, 42.4234432]}}, {"type": "Feature", "properties": {"node_id": 3760, "node_type": "type_change", "degree": 2, "link_types": "midblock+sidewalk"}, "geometry": {"type": "Point", "coordinates": [-71.0812626, 42.4234414]}}, {"type": "Feature", "properties": {"node_id": 3761, "node_type": "type_change", "degree": 2, "link_types": "midblock+sidewalk"}, "geometry": {"type": "Point", "coordinates": [-71.0814111, 42.4234403]}}, {"type": "Feature", "properties": {"node_id": 3762, "node_type": "type_change", "degree": 2, "link_types": "midblock+sidewalk"}, "geometry": {"type": "Point", "coordinates": [-71.0820418, 42.4234375]}}, {"type": "Feature", "properties": {"node_id": 3763, "node_type": "type_change", "degree": 2, "link_types": "midblock+sidewalk"}, "geometry": {"type": "Point", "coordinates": [-71.0820824, 42.4234359]}}, {"type": "Feature", "properties": {"node_id": 3764, "node_type": "type_change", "degree": 2, "link_types": "crosswalk+pseudo"}, "geometry": {"type": "Point", "coordinates": [-71.0810321, 42.4234302]}}, {"type": "Feature", "properties": {"node_id": 3765, "node_type": "type_change", "degree": 2, "link_types": "crosswalk+pseudo"}, "geometry": {"type": "Point", "coordinates": [-71.0809817, 42.4233468]}}, {"type": "Feature", "properties": {"node_id": 3766, "node_type": "endpoint", "degree": 1, "link_types": "sidewalk"}, "geometry": {"type": "Point", "coordinates": [-71.0834406, 42.4224297]}}, {"type": "Feature", "properties": {"node_id": 3767, "node_type": "type_change", "degree": 2, "link_types": "midblock+sidewalk"}, "geometry": {"type": "Point", "coordinates": [-71.0835576, 42.4224286]}}, {"type": "Feature", "properties": {"node_id": 3768, "node_type": "type_change", "degree": 2, "link_types": "midblock+sidewalk"}, "geometry": {"type": "Point", "coordinates": [-71.083604, 42.4224281]}}, {"type": "Feature", "properties": {"node_id": 3769, "node_type": "type_change", "degree": 2, "link_types": "midblock+sidewalk"}, "geometry": {"type": "Point", "coordinates": [-71.0837002, 42.4224341]}}, {"type": "Feature", "properties": {"node_id": 3770, "node_type": "type_change", "degree": 2, "link_types": "midblock+sidewalk"}, "geometry": {"type": "Point", "coordinates": [-71.0837596, 42.4224304]}}, {"type": "Feature", "properties": {"node_id": 3771, "node_type": "type_change", "degree": 2, "link_types": "midblock+sidewalk"}, "geometry": {"type": "Point", "coordinates": [-71.0840267, 42.4224312]}}, {"type": "Feature", "properties": {"node_id": 3772, "node_type": "type_change", "degree": 2, "link_types": "midblock+sidewalk"}, "geometry": {"type": "Point", "coordinates": [-71.0840753, 42.4224314]}}, {"type": "Feature", "properties": {"node_id": 3773, "node_type": "type_change", "degree": 2, "link_types": "midblock+sidewalk"}, "geometry": {"type": "Point", "coordinates": [-71.0842093, 42.4224318]}}, {"type": "Feature", "properties": {"node_id": 3774, "node_type": "type_change", "degree": 2, "link_types": "midblock+sidewalk"}, "geometry": {"type": "Point", "coordinates": [-71.0842656, 42.422432]}}, {"type": "Feature", "properties": {"node_id": 3775, "node_type": "type_change", "degree": 2, "link_types": "midblock+sidewalk"}, "geometry": {"type": "Point", "coordinates": [-71.0845503, 42.4224328]}}, {"type": "Feature", "properties": {"node_id": 3776, "node_type": "endpoint", "degree": 1, "link_types": "midblock"}, "geometry": {"type": "Point", "coordinates": [-71.0846056, 42.422433]}}, {"type": "Feature", "properties": {"node_id": 3777, "node_type": "type_change", "degree": 3, "link_types": "pseudo+sidewalk"}, "geometry": {"type": "Point", "coordinates": [-71.0821218, 42.4210993]}}, {"type": "Feature", "properties": {"node_id": 3778, "node_type": "type_change", "degree": 2, "link_types": "crosswalk+pseudo"}, "geometry": {"type": "Point", "coordinates": [-71.0687503, 42.4261079]}}, {"type": "Feature", "properties": {"node_id": 3779, "node_type": "type_change", "degree": 3, "link_types": "pseudo+sidewalk"}, "geometry": {"type": "Point", "coordinates": [-71.0797845, 42.4203118]}}, {"type": "Feature", "properties": {"node_id": 3780, "node_type": "endpoint", "degree": 1, "link_types": "crosswalk"}, "geometry": {"type": "Point", "coordinates": [-71.0688416, 42.4261912]}}, {"type": "Feature", "properties": {"node_id": 3781, "node_type": "endpoint", "degree": 1, "link_types": "crosswalk"}, "geometry": {"type": "Point", "coordinates": [-71.0688612, 42.4261974]}}, {"type": "Feature", "properties": {"node_id": 3782, "node_type": "endpoint", "degree": 1, "link_types": "sidewalk"}, "geometry": {"type": "Point", "coordinates": [-71.0811195, 42.4266612]}}, {"type": "Feature", "properties": {"node_id": 3783, "node_type": "type_change", "degree": 3, "link_types": "pseudo+sidewalk"}, "geometry": {"type": "Point", "coordinates": [-71.0811623, 42.4266612]}}, {"type": "Feature", "properties": {"node_id": 3784, "node_type": "endpoint", "degree": 1, "link_types": "sidewalk"}, "geometry": {"type": "Point", "coordinates": [-71.0696571, 42.4269481]}}, {"type": "Feature", "properties": {"node_id": 3785, "node_type": "junction", "degree": 3, "link_types": "sidewalk"}, "geometry": {"type": "Point", "coordinates": [-71.0811633, 42.4266612]}}, {"type": "Feature", "properties": {"node_id": 3786, "node_type": "type_change", "degree": 3, "link_types": "pseudo+sidewalk"}, "geometry": {"type": "Point", "coordinates": [-71.0811633, 42.4266619]}}, {"type": "Feature", "properties": {"node_id": 3787, "node_type": "junction", "degree": 3, "link_types": "sidewalk"}, "geometry": {"type": "Point", "coordinates": [-71.0812072, 42.4266668]}}, {"type": "Feature", "properties": {"node_id": 3788, "node_type": "endpoint", "degree": 1, "link_types": "crosswalk"}, "geometry": {"type": "Point", "coordinates": [-71.067381, 42.4198014]}}, {"type": "Feature", "properties": {"node_id": 3789, "node_type": "endpoint", "degree": 1, "link_types": "crosswalk"}, "geometry": {"type": "Point", "coordinates": [-71.0844988, 42.4195028]}}, {"type": "Feature", "properties": {"node_id": 3790, "node_type": "type_change", "degree": 2, "link_types": "crosswalk+pseudo"}, "geometry": {"type": "Point", "coordinates": [-71.0844968, 42.4195021]}}, {"type": "Feature", "properties": {"node_id": 3791, "node_type": "junction", "degree": 3, "link_types": "sidewalk"}, "geometry": {"type": "Point", "coordinates": [-71.0763757, 42.4266248]}}, {"type": "Feature", "properties": {"node_id": 3792, "node_type": "junction", "degree": 3, "link_types": "sidewalk"}, "geometry": {"type": "Point", "coordinates": [-71.0765331, 42.426738]}}, {"type": "Feature", "properties": {"node_id": 3793, "node_type": "type_change", "degree": 3, "link_types": "pseudo+sidewalk"}, "geometry": {"type": "Point", "coordinates": [-71.0763748, 42.4266248]}}, {"type": "Feature", "properties": {"node_id": 3794, "node_type": "endpoint", "degree": 1, "link_types": "sidewalk"}, "geometry": {"type": "Point", "coordinates": [-71.0831942, 42.4281127]}}, {"type": "Feature", "properties": {"node_id": 3795, "node_type": "type_change", "degree": 2, "link_types": "midblock+sidewalk"}, "geometry": {"type": "Point", "coordinates": [-71.0831354, 42.4280062]}}, {"type": "Feature", "properties": {"node_id": 3796, "node_type": "type_change", "degree": 2, "link_types": "midblock+sidewalk"}, "geometry": {"type": "Point", "coordinates": [-71.0831294, 42.4279925]}}, {"type": "Feature", "properties": {"node_id": 3797, "node_type": "type_change", "degree": 2, "link_types": "midblock+sidewalk"}, "geometry": {"type": "Point", "coordinates": [-71.0814728, 42.4252445]}}, {"type": "Feature", "properties": {"node_id": 3798, "node_type": "type_change", "degree": 2, "link_types": "midblock+sidewalk"}, "geometry": {"type": "Point", "coordinates": [-71.0814902, 42.4253073]}}, {"type": "Feature", "properties": {"node_id": 3799, "node_type": "type_change", "degree": 2, "link_types": "midblock+sidewalk"}, "geometry": {"type": "Point", "coordinates": [-71.0815127, 42.4253884]}}, {"type": "Feature", "properties": {"node_id": 3800, "node_type": "type_change", "degree": 2, "link_types": "midblock+sidewalk"}, "geometry": {"type": "Point", "coordinates": [-71.0815178, 42.4254068]}}, {"type": "Feature", "properties": {"node_id": 3801, "node_type": "type_change", "degree": 2, "link_types": "midblock+sidewalk"}, "geometry": {"type": "Point", "coordinates": [-71.0815469, 42.4255119]}}, {"type": "Feature", "properties": {"node_id": 3802, "node_type": "type_change", "degree": 2, "link_types": "midblock+sidewalk"}, "geometry": {"type": "Point", "coordinates": [-71.0815512, 42.4255274]}}, {"type": "Feature", "properties": {"node_id": 3803, "node_type": "type_change", "degree": 2, "link_types": "midblock+sidewalk"}, "geometry": {"type": "Point", "coordinates": [-71.0815979, 42.425696]}}, {"type": "Feature", "properties": {"node_id": 3804, "node_type": "type_change", "degree": 2, "link_types": "midblock+sidewalk"}, "geometry": {"type": "Point", "coordinates": [-71.0816157, 42.4257602]}}, {"type": "Feature", "properties": {"node_id": 3805, "node_type": "type_change", "degree": 2, "link_types": "midblock+sidewalk"}, "geometry": {"type": "Point", "coordinates": [-71.0816417, 42.425854]}}, {"type": "Feature", "properties": {"node_id": 3806, "node_type": "type_change", "degree": 2, "link_types": "midblock+sidewalk"}, "geometry": {"type": "Point", "coordinates": [-71.081654, 42.4258984]}}, {"type": "Feature", "properties": {"node_id": 3807, "node_type": "type_change", "degree": 2, "link_types": "midblock+sidewalk"}, "geometry": {"type": "Point", "coordinates": [-71.0816767, 42.4259803]}}, {"type": "Feature", "properties": {"node_id": 3808, "node_type": "type_change", "degree": 2, "link_types": "midblock+sidewalk"}, "geometry": {"type": "Point", "coordinates": [-71.0816937, 42.4260417]}}, {"type": "Feature", "properties": {"node_id": 3809, "node_type": "endpoint", "degree": 1, "link_types": "sidewalk"}, "geometry": {"type": "Point", "coordinates": [-71.081724, 42.426151]}}, {"type": "Feature", "properties": {"node_id": 3810, "node_type": "endpoint", "degree": 1, "link_types": "sidewalk"}, "geometry": {"type": "Point", "coordinates": [-71.0691433, 42.4251664]}}, {"type": "Feature", "properties": {"node_id": 3811, "node_type": "type_change", "degree": 2, "link_types": "pseudo+sidewalk"}, "geometry": {"type": "Point", "coordinates": [-71.0691434, 42.4251671]}}, {"type": "Feature", "properties": {"node_id": 3812, "node_type": "type_change", "degree": 2, "link_types": "crosswalk+pseudo"}, "geometry": {"type": "Point", "coordinates": [-71.0691439, 42.4251836]}}, {"type": "Feature", "properties": {"node_id": 3813, "node_type": "type_change", "degree": 2, "link_types": "crosswalk+pseudo"}, "geometry": {"type": "Point", "coordinates": [-71.0693761, 42.4252068]}}, {"type": "Feature", "properties": {"node_id": 3814, "node_type": "type_change", "degree": 3, "link_types": "pseudo+sidewalk"}, "geometry": {"type": "Point", "coordinates": [-71.0706124, 42.4265454]}}, {"type": "Feature", "properties": {"node_id": 3815, "node_type": "endpoint", "degree": 1, "link_types": "sidewalk"}, "geometry": {"type": "Point", "coordinates": [-71.0718997, 42.4265099]}}, {"type": "Feature", "properties": {"node_id": 3816, "node_type": "type_change", "degree": 2, "link_types": "pseudo+sidewalk"}, "geometry": {"type": "Point", "coordinates": [-71.0719274, 42.4264964]}}, {"type": "Feature", "properties": {"node_id": 3817, "node_type": "type_change", "degree": 2, "link_types": "crosswalk+pseudo"}, "geometry": {"type": "Point", "coordinates": [-71.0719025, 42.4264781]}}, {"type": "Feature", "properties": {"node_id": 3818, "node_type": "type_change", "degree": 2, "link_types": "crosswalk+pseudo"}, "geometry": {"type": "Point", "coordinates": [-71.0718159, 42.4264768]}}, {"type": "Feature", "properties": {"node_id": 3819, "node_type": "type_change", "degree": 3, "link_types": "pseudo+sidewalk"}, "geometry": {"type": "Point", "coordinates": [-71.0718141, 42.4264812]}}, {"type": "Feature", "properties": {"node_id": 3820, "node_type": "type_change", "degree": 2, "link_types": "pseudo+sidewalk"}, "geometry": {"type": "Point", "coordinates": [-71.0710966, 42.4252737]}}, {"type": "Feature", "properties": {"node_id": 3821, "node_type": "type_change", "degree": 2, "link_types": "crosswalk+pseudo"}, "geometry": {"type": "Point", "coordinates": [-71.0710814, 42.4252841]}}, {"type": "Feature", "properties": {"node_id": 3822, "node_type": "type_change", "degree": 2, "link_types": "crosswalk+pseudo"}, "geometry": {"type": "Point", "coordinates": [-71.070891, 42.4252616]}}, {"type": "Feature", "properties": {"node_id": 3823, "node_type": "type_change", "degree": 2, "link_types": "pseudo+sidewalk"}, "geometry": {"type": "Point", "coordinates": [-71.0710636, 42.4251273]}}, {"type": "Feature", "properties": {"node_id": 3824, "node_type": "type_change", "degree": 2, "link_types": "crosswalk+pseudo"}, "geometry": {"type": "Point", "coordinates": [-71.0710493, 42.4251082]}}, {"type": "Feature", "properties": {"node_id": 3825, "node_type": "endpoint", "degree": 1, "link_types": "crosswalk"}, "geometry": {"type": "Point", "coordinates": [-71.0710879, 42.4250693]}}, {"type": "Feature", "properties": {"node_id": 3826, "node_type": "type_change", "degree": 3, "link_types": "pseudo+sidewalk"}, "geometry": {"type": "Point", "coordinates": [-71.0768936, 42.4216653]}}, {"type": "Feature", "properties": {"node_id": 3827, "node_type": "junction", "degree": 3, "link_types": "sidewalk"}, "geometry": {"type": "Point", "coordinates": [-71.0768936, 42.4216646]}}, {"type": "Feature", "properties": {"node_id": 3828, "node_type": "junction", "degree": 3, "link_types": "sidewalk"}, "geometry": {"type": "Point", "coordinates": [-71.0815099, 42.4195917]}}, {"type": "Feature", "properties": {"node_id": 3829, "node_type": "endpoint", "degree": 1, "link_types": "sidewalk"}, "geometry": {"type": "Point", "coordinates": [-71.0817092, 42.4195917]}}, {"type": "Feature", "properties": {"node_id": 3830, "node_type": "junction", "degree": 3, "link_types": "sidewalk"}, "geometry": {"type": "Point", "coordinates": [-71.0815089, 42.4195917]}}, {"type": "Feature", "properties": {"node_id": 3831, "node_type": "junction", "degree": 3, "link_types": "sidewalk"}, "geometry": {"type": "Point", "coordinates": [-71.067091, 42.4202072]}}, {"type": "Feature", "properties": {"node_id": 3832, "node_type": "junction", "degree": 3, "link_types": "sidewalk"}, "geometry": {"type": "Point", "coordinates": [-71.0670919, 42.4202072]}}, {"type": "Feature", "properties": {"node_id": 3833, "node_type": "type_change", "degree": 2, "link_types": "crosswalk+pseudo"}, "geometry": {"type": "Point", "coordinates": [-71.0787477, 42.4216879]}}, {"type": "Feature", "properties": {"node_id": 3834, "node_type": "endpoint", "degree": 1, "link_types": "pseudo"}, "geometry": {"type": "Point", "coordinates": [-71.0787516, 42.4216871]}}, {"type": "Feature", "properties": {"node_id": 3835, "node_type": "type_change", "degree": 2, "link_types": "pseudo+sidewalk"}, "geometry": {"type": "Point", "coordinates": [-71.0800083, 42.41773]}}, {"type": "Feature", "properties": {"node_id": 3836, "node_type": "type_change", "degree": 2, "link_types": "crosswalk+pseudo"}, "geometry": {"type": "Point", "coordinates": [-71.0799924, 42.417718]}}, {"type": "Feature", "properties": {"node_id": 3837, "node_type": "type_change", "degree": 2, "link_types": "crosswalk+pseudo"}, "geometry": {"type": "Point", "coordinates": [-71.0799785, 42.4175944]}}, {"type": "Feature", "properties": {"node_id": 3838, "node_type": "type_change", "degree": 3, "link_types": "pseudo+sidewalk"}, "geometry": {"type": "Point", "coordinates": [-71.067798, 42.4241748]}}, {"type": "Feature", "properties": {"node_id": 3839, "node_type": "junction", "degree": 3, "link_types": "sidewalk"}, "geometry": {"type": "Point", "coordinates": [-71.0843762, 42.4203515]}}, {"type": "Feature", "properties": {"node_id": 3840, "node_type": "junction", "degree": 3, "link_types": "sidewalk"}, "geometry": {"type": "Point", "coordinates": [-71.0843772, 42.4203508]}}, {"type": "Feature", "properties": {"node_id": 3841, "node_type": "type_change", "degree": 2, "link_types": "pseudo+sidewalk"}, "geometry": {"type": "Point", "coordinates": [-71.0796708, 42.4175207]}}, {"type": "Feature", "properties": {"node_id": 3842, "node_type": "type_change", "degree": 2, "link_types": "crosswalk+pseudo"}, "geometry": {"type": "Point", "coordinates": [-71.0796778, 42.4175271]}}, {"type": "Feature", "properties": {"node_id": 3843, "node_type": "type_change", "degree": 2, "link_types": "crosswalk+pseudo"}, "geometry": {"type": "Point", "coordinates": [-71.0797174, 42.4175775]}}, {"type": "Feature", "properties": {"node_id": 3844, "node_type": "type_change", "degree": 3, "link_types": "pseudo+sidewalk"}, "geometry": {"type": "Point", "coordinates": [-71.0797044, 42.4175964]}}, {"type": "Feature", "properties": {"node_id": 3845, "node_type": "endpoint", "degree": 1, "link_types": "sidewalk"}, "geometry": {"type": "Point", "coordinates": [-71.0796898, 42.4175081]}}, {"type": "Feature", "properties": {"node_id": 3846, "node_type": "endpoint", "degree": 1, "link_types": "sidewalk"}, "geometry": {"type": "Point", "coordinates": [-71.0775721, 42.4274568]}}, {"type": "Feature", "properties": {"node_id": 3847, "node_type": "junction", "degree": 3, "link_types": "sidewalk"}, "geometry": {"type": "Point", "coordinates": [-71.0775539, 42.4273462]}}, {"type": "Feature", "properties": {"node_id": 3848, "node_type": "endpoint", "degree": 1, "link_types": "sidewalk"}, "geometry": {"type": "Point", "coordinates": [-71.0679596, 42.4265169]}}, {"type": "Feature", "properties": {"node_id": 3849, "node_type": "type_change", "degree": 2, "link_types": "pseudo+sidewalk"}, "geometry": {"type": "Point", "coordinates": [-71.0766777, 42.4238716]}}, {"type": "Feature", "properties": {"node_id": 3850, "node_type": "type_change", "degree": 2, "link_types": "crosswalk+pseudo"}, "geometry": {"type": "Point", "coordinates": [-71.0766721, 42.4238789]}}, {"type": "Feature", "properties": {"node_id": 3851, "node_type": "type_change", "degree": 2, "link_types": "crosswalk+pseudo"}, "geometry": {"type": "Point", "coordinates": [-71.0766581, 42.4239541]}}, {"type": "Feature", "properties": {"node_id": 3852, "node_type": "endpoint", "degree": 1, "link_types": "sidewalk"}, "geometry": {"type": "Point", "coordinates": [-71.0766627, 42.4238603]}}, {"type": "Feature", "properties": {"node_id": 3853, "node_type": "junction", "degree": 3, "link_types": "pseudo"}, "geometry": {"type": "Point", "coordinates": [-71.0751073, 42.4221933]}}, {"type": "Feature", "properties": {"node_id": 3854, "node_type": "junction", "degree": 3, "link_types": "pseudo"}, "geometry": {"type": "Point", "coordinates": [-71.0751474, 42.4222005]}}, {"type": "Feature", "properties": {"node_id": 3855, "node_type": "type_change", "degree": 3, "link_types": "pseudo+sidewalk"}, "geometry": {"type": "Point", "coordinates": [-71.0751063, 42.4221926]}}, {"type": "Feature", "properties": {"node_id": 3856, "node_type": "junction", "degree": 3, "link_types": "sidewalk"}, "geometry": {"type": "Point", "coordinates": [-71.0834847, 42.4261665]}}, {"type": "Feature", "properties": {"node_id": 3857, "node_type": "type_change", "degree": 2, "link_types": "midblock+sidewalk"}, "geometry": {"type": "Point", "coordinates": [-71.0830623, 42.4262723]}}, {"type": "Feature", "properties": {"node_id": 3858, "node_type": "type_change", "degree": 2, "link_types": "midblock+sidewalk"}, "geometry": {"type": "Point", "coordinates": [-71.0829888, 42.4262924]}}, {"type": "Feature", "properties": {"node_id": 3859, "node_type": "type_change", "degree": 2, "link_types": "midblock+sidewalk"}, "geometry": {"type": "Point", "coordinates": [-71.0828759, 42.4263236]}}, {"type": "Feature", "properties": {"node_id": 3860, "node_type": "type_change", "degree": 2, "link_types": "midblock+sidewalk"}, "geometry": {"type": "Point", "coordinates": [-71.0827973, 42.4263423]}}, {"type": "Feature", "properties": {"node_id": 3861, "node_type": "junction", "degree": 3, "link_types": "sidewalk"}, "geometry": {"type": "Point", "coordinates": [-71.0824414, 42.4264348]}}, {"type": "Feature", "properties": {"node_id": 3862, "node_type": "junction", "degree": 3, "link_types": "sidewalk"}, "geometry": {"type": "Point", "coordinates": [-71.0844, 42.4259388]}}, {"type": "Feature", "properties": {"node_id": 3863, "node_type": "type_change", "degree": 2, "link_types": "pseudo+sidewalk"}, "geometry": {"type": "Point", "coordinates": [-71.0834837, 42.4261658]}}, {"type": "Feature", "properties": {"node_id": 3864, "node_type": "type_change", "degree": 2, "link_types": "crosswalk+pseudo"}, "geometry": {"type": "Point", "coordinates": [-71.0834755, 42.4261545]}}, {"type": "Feature", "properties": {"node_id": 3865, "node_type": "type_change", "degree": 2, "link_types": "crosswalk+pseudo"}, "geometry": {"type": "Point", "coordinates": [-71.0834441, 42.4260563]}}, {"type": "Feature", "properties": {"node_id": 3866, "node_type": "type_change", "degree": 2, "link_types": "pseudo+sidewalk"}, "geometry": {"type": "Point", "coordinates": [-71.0706112, 42.4188303]}}, {"type": "Feature", "properties": {"node_id": 3867, "node_type": "endpoint", "degree": 1, "link_types": "sidewalk"}, "geometry": {"type": "Point", "coordinates": [-71.0706742, 42.4188536]}}, {"type": "Feature", "properties": {"node_id": 3868, "node_type": "type_change", "degree": 2, "link_types": "pseudo+sidewalk"}, "geometry": {"type": "Point", "coordinates": [-71.0706112, 42.4188288]}}, {"type": "Feature", "properties": {"node_id": 3869, "node_type": "endpoint", "degree": 1, "link_types": "crosswalk"}, "geometry": {"type": "Point", "coordinates": [-71.0693966, 42.4286653]}}, {"type": "Feature", "properties": {"node_id": 3870, "node_type": "type_change", "degree": 2, "link_types": "crosswalk+pseudo"}, "geometry": {"type": "Point", "coordinates": [-71.0692985, 42.4286397]}}, {"type": "Feature", "properties": {"node_id": 3871, "node_type": "endpoint", "degree": 1, "link_types": "pseudo"}, "geometry": {"type": "Point", "coordinates": [-71.069297, 42.4286527]}}, {"type": "Feature", "properties": {"node_id": 3872, "node_type": "type_change", "degree": 2, "link_types": "crosswalk+pseudo"}, "geometry": {"type": "Point", "coordinates": [-71.0669077, 42.4270878]}}, {"type": "Feature", "properties": {"node_id": 3873, "node_type": "type_change", "degree": 2, "link_types": "crosswalk+pseudo"}, "geometry": {"type": "Point", "coordinates": [-71.0667655, 42.427171]}}, {"type": "Feature", "properties": {"node_id": 3874, "node_type": "endpoint", "degree": 1, "link_types": "sidewalk"}, "geometry": {"type": "Point", "coordinates": [-71.0745801, 42.426787]}}, {"type": "Feature", "properties": {"node_id": 3875, "node_type": "junction", "degree": 3, "link_types": "sidewalk"}, "geometry": {"type": "Point", "coordinates": [-71.0745401, 42.4268713]}}, {"type": "Feature", "properties": {"node_id": 3876, "node_type": "endpoint", "degree": 1, "link_types": "sidewalk"}, "geometry": {"type": "Point", "coordinates": [-71.0689172, 42.4166952]}}, {"type": "Feature", "properties": {"node_id": 3877, "node_type": "type_change", "degree": 2, "link_types": "crosswalk+pseudo"}, "geometry": {"type": "Point", "coordinates": [-71.0752228, 42.4216257]}}, {"type": "Feature", "properties": {"node_id": 3878, "node_type": "endpoint", "degree": 1, "link_types": "crosswalk"}, "geometry": {"type": "Point", "coordinates": [-71.0752229, 42.4216279]}}, {"type": "Feature", "properties": {"node_id": 3879, "node_type": "type_change", "degree": 2, "link_types": "pseudo+sidewalk"}, "geometry": {"type": "Point", "coordinates": [-71.0752247, 42.4216235]}}, {"type": "Feature", "properties": {"node_id": 3880, "node_type": "type_change", "degree": 3, "link_types": "pseudo+sidewalk"}, "geometry": {"type": "Point", "coordinates": [-71.0693237, 42.416046]}}, {"type": "Feature", "properties": {"node_id": 3881, "node_type": "endpoint", "degree": 1, "link_types": "sidewalk"}, "geometry": {"type": "Point", "coordinates": [-71.0777125, 42.4194906]}}, {"type": "Feature", "properties": {"node_id": 3882, "node_type": "type_change", "degree": 3, "link_types": "pseudo+sidewalk"}, "geometry": {"type": "Point", "coordinates": [-71.0777301, 42.4194924]}}, {"type": "Feature", "properties": {"node_id": 3883, "node_type": "junction", "degree": 3, "link_types": "sidewalk"}, "geometry": {"type": "Point", "coordinates": [-71.0764078, 42.4270947]}}, {"type": "Feature", "properties": {"node_id": 3884, "node_type": "endpoint", "degree": 1, "link_types": "sidewalk"}, "geometry": {"type": "Point", "coordinates": [-71.0755584, 42.4217486]}}, {"type": "Feature", "properties": {"node_id": 3885, "node_type": "junction", "degree": 3, "link_types": "sidewalk"}, "geometry": {"type": "Point", "coordinates": [-71.0795528, 42.4250687]}}, {"type": "Feature", "properties": {"node_id": 3886, "node_type": "endpoint", "degree": 1, "link_types": "sidewalk"}, "geometry": {"type": "Point", "coordinates": [-71.0795528, 42.4250694]}}, {"type": "Feature", "properties": {"node_id": 3887, "node_type": "type_change", "degree": 2, "link_types": "crosswalk+pseudo"}, "geometry": {"type": "Point", "coordinates": [-71.0832155, 42.4224158]}}, {"type": "Feature", "properties": {"node_id": 3888, "node_type": "type_change", "degree": 2, "link_types": "crosswalk+pseudo"}, "geometry": {"type": "Point", "coordinates": [-71.0832652, 42.4224185]}}, {"type": "Feature", "properties": {"node_id": 3889, "node_type": "type_change", "degree": 2, "link_types": "pseudo+sidewalk"}, "geometry": {"type": "Point", "coordinates": [-71.0693225, 42.4238137]}}, {"type": "Feature", "properties": {"node_id": 3890, "node_type": "type_change", "degree": 2, "link_types": "crosswalk+pseudo"}, "geometry": {"type": "Point", "coordinates": [-71.0693135, 42.4238074]}}, {"type": "Feature", "properties": {"node_id": 3891, "node_type": "type_change", "degree": 2, "link_types": "crosswalk+pseudo"}, "geometry": {"type": "Point", "coordinates": [-71.0690428, 42.4238527]}}, {"type": "Feature", "properties": {"node_id": 3892, "node_type": "junction", "degree": 3, "link_types": "pseudo"}, "geometry": {"type": "Point", "coordinates": [-71.0673005, 42.4182107]}}, {"type": "Feature", "properties": {"node_id": 3893, "node_type": "type_change", "degree": 2, "link_types": "pseudo+sidewalk"}, "geometry": {"type": "Point", "coordinates": [-71.0672996, 42.4182114]}}, {"type": "Feature", "properties": {"node_id": 3894, "node_type": "type_change", "degree": 2, "link_types": "crosswalk+pseudo"}, "geometry": {"type": "Point", "coordinates": [-71.0673141, 42.4182104]}}, {"type": "Feature", "properties": {"node_id": 3895, "node_type": "type_change", "degree": 2, "link_types": "crosswalk+pseudo"}, "geometry": {"type": "Point", "coordinates": [-71.0674162, 42.41821]}}, {"type": "Feature", "properties": {"node_id": 3896, "node_type": "type_change", "degree": 2, "link_types": "pseudo+sidewalk"}, "geometry": {"type": "Point", "coordinates": [-71.0672995, 42.41821]}}, {"type": "Feature", "properties": {"node_id": 3897, "node_type": "type_change", "degree": 2, "link_types": "midblock+sidewalk"}, "geometry": {"type": "Point", "coordinates": [-71.0672882, 42.4180183]}}, {"type": "Feature", "properties": {"node_id": 3898, "node_type": "type_change", "degree": 2, "link_types": "midblock+sidewalk"}, "geometry": {"type": "Point", "coordinates": [-71.0672869, 42.4179975]}}, {"type": "Feature", "properties": {"node_id": 3899, "node_type": "endpoint", "degree": 1, "link_types": "sidewalk"}, "geometry": {"type": "Point", "coordinates": [-71.067282, 42.4179149]}}, {"type": "Feature", "properties": {"node_id": 3900, "node_type": "junction", "degree": 3, "link_types": "sidewalk"}, "geometry": {"type": "Point", "coordinates": [-71.0768403, 42.4223773]}}, {"type": "Feature", "properties": {"node_id": 3901, "node_type": "junction", "degree": 3, "link_types": "sidewalk"}, "geometry": {"type": "Point", "coordinates": [-71.0768413, 42.422378]}}, {"type": "Feature", "properties": {"node_id": 3902, "node_type": "endpoint", "degree": 1, "link_types": "sidewalk"}, "geometry": {"type": "Point", "coordinates": [-71.0768687, 42.4220872]}}, {"type": "Feature", "properties": {"node_id": 3903, "node_type": "junction", "degree": 3, "link_types": "sidewalk"}, "geometry": {"type": "Point", "coordinates": [-71.0665057, 42.4202689]}}, {"type": "Feature", "properties": {"node_id": 3904, "node_type": "junction", "degree": 3, "link_types": "sidewalk"}, "geometry": {"type": "Point", "coordinates": [-71.0665067, 42.4202689]}}, {"type": "Feature", "properties": {"node_id": 3905, "node_type": "junction", "degree": 3, "link_types": "sidewalk"}, "geometry": {"type": "Point", "coordinates": [-71.0688074, 42.4164306]}}, {"type": "Feature", "properties": {"node_id": 3906, "node_type": "type_change", "degree": 2, "link_types": "midblock+sidewalk"}, "geometry": {"type": "Point", "coordinates": [-71.0689328, 42.4165391]}}, {"type": "Feature", "properties": {"node_id": 3907, "node_type": "type_change", "degree": 2, "link_types": "midblock+sidewalk"}, "geometry": {"type": "Point", "coordinates": [-71.068966, 42.4165631]}}, {"type": "Feature", "properties": {"node_id": 3908, "node_type": "endpoint", "degree": 1, "link_types": "sidewalk"}, "geometry": {"type": "Point", "coordinates": [-71.0693996, 42.4167593]}}, {"type": "Feature", "properties": {"node_id": 3909, "node_type": "junction", "degree": 3, "link_types": "sidewalk"}, "geometry": {"type": "Point", "coordinates": [-71.0688074, 42.4164299]}}, {"type": "Feature", "properties": {"node_id": 3910, "node_type": "type_change", "degree": 2, "link_types": "pseudo+sidewalk"}, "geometry": {"type": "Point", "coordinates": [-71.0794343, 42.4250716]}}, {"type": "Feature", "properties": {"node_id": 3911, "node_type": "junction", "degree": 3, "link_types": "midblock"}, "geometry": {"type": "Point", "coordinates": [-71.0769964, 42.4272216]}}, {"type": "Feature", "properties": {"node_id": 3912, "node_type": "type_change", "degree": 2, "link_types": "crosswalk+pseudo"}, "geometry": {"type": "Point", "coordinates": [-71.0804087, 42.4233385]}}, {"type": "Feature", "properties": {"node_id": 3913, "node_type": "type_change", "degree": 2, "link_types": "crosswalk+pseudo"}, "geometry": {"type": "Point", "coordinates": [-71.0805852, 42.4233259]}}, {"type": "Feature", "properties": {"node_id": 3914, "node_type": "endpoint", "degree": 1, "link_types": "pseudo"}, "geometry": {"type": "Point", "coordinates": [-71.0805828, 42.4233418]}}, {"type": "Feature", "properties": {"node_id": 3915, "node_type": "type_change", "degree": 2, "link_types": "midblock+sidewalk"}, "geometry": {"type": "Point", "coordinates": [-71.0838616, 42.4259419]}}, {"type": "Feature", "properties": {"node_id": 3916, "node_type": "type_change", "degree": 2, "link_types": "midblock+sidewalk"}, "geometry": {"type": "Point", "coordinates": [-71.0839588, 42.4259168]}}, {"type": "Feature", "properties": {"node_id": 3917, "node_type": "type_change", "degree": 2, "link_types": "midblock+sidewalk"}, "geometry": {"type": "Point", "coordinates": [-71.0840714, 42.4258872]}}, {"type": "Feature", "properties": {"node_id": 3918, "node_type": "type_change", "degree": 2, "link_types": "midblock+sidewalk"}, "geometry": {"type": "Point", "coordinates": [-71.0842281, 42.4258497]}}, {"type": "Feature", "properties": {"node_id": 3919, "node_type": "type_change", "degree": 2, "link_types": "midblock+sidewalk"}, "geometry": {"type": "Point", "coordinates": [-71.0843949, 42.4258063]}}, {"type": "Feature", "properties": {"node_id": 3920, "node_type": "type_change", "degree": 2, "link_types": "midblock+sidewalk"}, "geometry": {"type": "Point", "coordinates": [-71.0844316, 42.4257972]}}, {"type": "Feature", "properties": {"node_id": 3921, "node_type": "type_change", "degree": 2, "link_types": "midblock+sidewalk"}, "geometry": {"type": "Point", "coordinates": [-71.0845283, 42.4255602]}}, {"type": "Feature", "properties": {"node_id": 3922, "node_type": "type_change", "degree": 2, "link_types": "midblock+sidewalk"}, "geometry": {"type": "Point", "coordinates": [-71.0844839, 42.425497]}}, {"type": "Feature", "properties": {"node_id": 3923, "node_type": "type_change", "degree": 2, "link_types": "midblock+sidewalk"}, "geometry": {"type": "Point", "coordinates": [-71.0844464, 42.425445]}}, {"type": "Feature", "properties": {"node_id": 3924, "node_type": "type_change", "degree": 2, "link_types": "midblock+sidewalk"}, "geometry": {"type": "Point", "coordinates": [-71.0844338, 42.4254314]}}, {"type": "Feature", "properties": {"node_id": 3925, "node_type": "endpoint", "degree": 1, "link_types": "sidewalk"}, "geometry": {"type": "Point", "coordinates": [-71.084268, 42.4253007]}}, {"type": "Feature", "properties": {"node_id": 3926, "node_type": "endpoint", "degree": 1, "link_types": "sidewalk"}, "geometry": {"type": "Point", "coordinates": [-71.0675528, 42.4241994]}}, {"type": "Feature", "properties": {"node_id": 3927, "node_type": "type_change", "degree": 3, "link_types": "pseudo+sidewalk"}, "geometry": {"type": "Point", "coordinates": [-71.0675573, 42.4242181]}}, {"type": "Feature", "properties": {"node_id": 3928, "node_type": "junction", "degree": 3, "link_types": "sidewalk"}, "geometry": {"type": "Point", "coordinates": [-71.073479, 42.4274546]}}, {"type": "Feature", "properties": {"node_id": 3929, "node_type": "junction", "degree": 3, "link_types": "sidewalk"}, "geometry": {"type": "Point", "coordinates": [-71.0734799, 42.4274546]}}, {"type": "Feature", "properties": {"node_id": 3930, "node_type": "type_change", "degree": 2, "link_types": "pseudo+sidewalk"}, "geometry": {"type": "Point", "coordinates": [-71.0734548, 42.4274594]}}, {"type": "Feature", "properties": {"node_id": 3931, "node_type": "type_change", "degree": 2, "link_types": "crosswalk+pseudo"}, "geometry": {"type": "Point", "coordinates": [-71.0734529, 42.4274601]}}, {"type": "Feature", "properties": {"node_id": 3932, "node_type": "endpoint", "degree": 1, "link_types": "crosswalk"}, "geometry": {"type": "Point", "coordinates": [-71.0733743, 42.427494]}}, {"type": "Feature", "properties": {"node_id": 3933, "node_type": "type_change", "degree": 3, "link_types": "pseudo+sidewalk"}, "geometry": {"type": "Point", "coordinates": [-71.0734799, 42.4274539]}}, {"type": "Feature", "properties": {"node_id": 3934, "node_type": "endpoint", "degree": 1, "link_types": "sidewalk"}, "geometry": {"type": "Point", "coordinates": [-71.0703516, 42.4159345]}}, {"type": "Feature", "properties": {"node_id": 3935, "node_type": "endpoint", "degree": 1, "link_types": "sidewalk"}, "geometry": {"type": "Point", "coordinates": [-71.0715456, 42.4290443]}}, {"type": "Feature", "properties": {"node_id": 3936, "node_type": "type_change", "degree": 2, "link_types": "midblock+sidewalk"}, "geometry": {"type": "Point", "coordinates": [-71.0716208, 42.429034]}}, {"type": "Feature", "properties": {"node_id": 3937, "node_type": "type_change", "degree": 2, "link_types": "midblock+sidewalk"}, "geometry": {"type": "Point", "coordinates": [-71.0716437, 42.4290308]}}, {"type": "Feature", "properties": {"node_id": 3938, "node_type": "endpoint", "degree": 1, "link_types": "sidewalk"}, "geometry": {"type": "Point", "coordinates": [-71.0717659, 42.4290302]}}, {"type": "Feature", "properties": {"node_id": 3939, "node_type": "endpoint", "degree": 1, "link_types": "sidewalk"}, "geometry": {"type": "Point", "coordinates": [-71.0671324, 42.4222092]}}, {"type": "Feature", "properties": {"node_id": 3940, "node_type": "type_change", "degree": 2, "link_types": "crosswalk+pseudo"}, "geometry": {"type": "Point", "coordinates": [-71.0762606, 42.4266118]}}, {"type": "Feature", "properties": {"node_id": 3941, "node_type": "type_change", "degree": 2, "link_types": "crosswalk+pseudo"}, "geometry": {"type": "Point", "coordinates": [-71.0763661, 42.4266264]}}, {"type": "Feature", "properties": {"node_id": 3942, "node_type": "endpoint", "degree": 1, "link_types": "sidewalk"}, "geometry": {"type": "Point", "coordinates": [-71.0691204, 42.4249708]}}, {"type": "Feature", "properties": {"node_id": 3943, "node_type": "junction", "degree": 3, "link_types": "sidewalk"}, "geometry": {"type": "Point", "coordinates": [-71.081872, 42.4209856]}}, {"type": "Feature", "properties": {"node_id": 3944, "node_type": "type_change", "degree": 3, "link_types": "pseudo+sidewalk"}, "geometry": {"type": "Point", "coordinates": [-71.0818721, 42.4209864]}}, {"type": "Feature", "properties": {"node_id": 3945, "node_type": "type_change", "degree": 2, "link_types": "midblock+sidewalk"}, "geometry": {"type": "Point", "coordinates": [-71.0818416, 42.4208614]}}, {"type": "Feature", "properties": {"node_id": 3946, "node_type": "type_change", "degree": 2, "link_types": "midblock+sidewalk"}, "geometry": {"type": "Point", "coordinates": [-71.0818304, 42.4208338]}}, {"type": "Feature", "properties": {"node_id": 3947, "node_type": "type_change", "degree": 2, "link_types": "midblock+sidewalk"}, "geometry": {"type": "Point", "coordinates": [-71.0817325, 42.4205925]}}, {"type": "Feature", "properties": {"node_id": 3948, "node_type": "type_change", "degree": 2, "link_types": "midblock+sidewalk"}, "geometry": {"type": "Point", "coordinates": [-71.081723, 42.420569]}}, {"type": "Feature", "properties": {"node_id": 3949, "node_type": "type_change", "degree": 2, "link_types": "midblock+sidewalk"}, "geometry": {"type": "Point", "coordinates": [-71.0817051, 42.4205249]}}, {"type": "Feature", "properties": {"node_id": 3950, "node_type": "type_change", "degree": 2, "link_types": "midblock+sidewalk"}, "geometry": {"type": "Point", "coordinates": [-71.081695, 42.4205001]}}, {"type": "Feature", "properties": {"node_id": 3951, "node_type": "endpoint", "degree": 1, "link_types": "sidewalk"}, "geometry": {"type": "Point", "coordinates": [-71.0815418, 42.4204103]}}, {"type": "Feature", "properties": {"node_id": 3952, "node_type": "junction", "degree": 3, "link_types": "sidewalk"}, "geometry": {"type": "Point", "coordinates": [-71.0720451, 42.4182611]}}, {"type": "Feature", "properties": {"node_id": 3953, "node_type": "endpoint", "degree": 1, "link_types": "sidewalk"}, "geometry": {"type": "Point", "coordinates": [-71.0720165, 42.418248]}}, {"type": "Feature", "properties": {"node_id": 3954, "node_type": "type_change", "degree": 3, "link_types": "pseudo+sidewalk"}, "geometry": {"type": "Point", "coordinates": [-71.0720461, 42.4182604]}}, {"type": "Feature", "properties": {"node_id": 3955, "node_type": "endpoint", "degree": 1, "link_types": "midblock"}, "geometry": {"type": "Point", "coordinates": [-71.0828605, 42.4286958]}}, {"type": "Feature", "properties": {"node_id": 3956, "node_type": "type_change", "degree": 2, "link_types": "midblock+sidewalk"}, "geometry": {"type": "Point", "coordinates": [-71.0828381, 42.4286832]}}, {"type": "Feature", "properties": {"node_id": 3957, "node_type": "endpoint", "degree": 1, "link_types": "sidewalk"}, "geometry": {"type": "Point", "coordinates": [-71.0828258, 42.4286763]}}, {"type": "Feature", "properties": {"node_id": 3958, "node_type": "endpoint", "degree": 1, "link_types": "sidewalk"}, "geometry": {"type": "Point", "coordinates": [-71.0780829, 42.4289655]}}, {"type": "Feature", "properties": {"node_id": 3959, "node_type": "type_change", "degree": 3, "link_types": "pseudo+sidewalk"}, "geometry": {"type": "Point", "coordinates": [-71.0780026, 42.4289771]}}, {"type": "Feature", "properties": {"node_id": 3960, "node_type": "junction", "degree": 3, "link_types": "sidewalk"}, "geometry": {"type": "Point", "coordinates": [-71.0708948, 42.427059]}}, {"type": "Feature", "properties": {"node_id": 3961, "node_type": "endpoint", "degree": 1, "link_types": "sidewalk"}, "geometry": {"type": "Point", "coordinates": [-71.0707509, 42.4270919]}}, {"type": "Feature", "properties": {"node_id": 3962, "node_type": "endpoint", "degree": 1, "link_types": "sidewalk"}, "geometry": {"type": "Point", "coordinates": [-71.0712494, 42.42708]}}, {"type": "Feature", "properties": {"node_id": 3963, "node_type": "junction", "degree": 3, "link_types": "sidewalk"}, "geometry": {"type": "Point", "coordinates": [-71.0706233, 42.4270531]}}, {"type": "Feature", "properties": {"node_id": 3964, "node_type": "endpoint", "degree": 1, "link_types": "sidewalk"}, "geometry": {"type": "Point", "coordinates": [-71.0846621, 42.4248109]}}, {"type": "Feature", "properties": {"node_id": 3965, "node_type": "junction", "degree": 3, "link_types": "sidewalk"}, "geometry": {"type": "Point", "coordinates": [-71.0843533, 42.4251457]}}, {"type": "Feature", "properties": {"node_id": 3966, "node_type": "endpoint", "degree": 1, "link_types": "sidewalk"}, "geometry": {"type": "Point", "coordinates": [-71.0812885, 42.4284744]}}, {"type": "Feature", "properties": {"node_id": 3967, "node_type": "junction", "degree": 3, "link_types": "pseudo"}, "geometry": {"type": "Point", "coordinates": [-71.0796226, 42.425357]}}, {"type": "Feature", "properties": {"node_id": 3968, "node_type": "type_change", "degree": 2, "link_types": "pseudo+sidewalk"}, "geometry": {"type": "Point", "coordinates": [-71.0796236, 42.4253577]}}, {"type": "Feature", "properties": {"node_id": 3969, "node_type": "type_change", "degree": 2, "link_types": "midblock+sidewalk"}, "geometry": {"type": "Point", "coordinates": [-71.0796507, 42.4254872]}}, {"type": "Feature", "properties": {"node_id": 3970, "node_type": "type_change", "degree": 2, "link_types": "midblock+sidewalk"}, "geometry": {"type": "Point", "coordinates": [-71.0796538, 42.4255021]}}, {"type": "Feature", "properties": {"node_id": 3971, "node_type": "type_change", "degree": 2, "link_types": "midblock+sidewalk"}, "geometry": {"type": "Point", "coordinates": [-71.0796787, 42.4256216]}}, {"type": "Feature", "properties": {"node_id": 3972, "node_type": "type_change", "degree": 2, "link_types": "midblock+sidewalk"}, "geometry": {"type": "Point", "coordinates": [-71.0796869, 42.4256607]}}, {"type": "Feature", "properties": {"node_id": 3973, "node_type": "type_change", "degree": 2, "link_types": "midblock+sidewalk"}, "geometry": {"type": "Point", "coordinates": [-71.0797141, 42.4257908]}}, {"type": "Feature", "properties": {"node_id": 3974, "node_type": "type_change", "degree": 2, "link_types": "midblock+sidewalk"}, "geometry": {"type": "Point", "coordinates": [-71.0797185, 42.4258121]}}, {"type": "Feature", "properties": {"node_id": 3975, "node_type": "endpoint", "degree": 1, "link_types": "sidewalk"}, "geometry": {"type": "Point", "coordinates": [-71.0797368, 42.4258996]}}, {"type": "Feature", "properties": {"node_id": 3976, "node_type": "type_change", "degree": 2, "link_types": "crosswalk+pseudo"}, "geometry": {"type": "Point", "coordinates": [-71.07961, 42.4253573]}}, {"type": "Feature", "properties": {"node_id": 3977, "node_type": "type_change", "degree": 2, "link_types": "crosswalk+pseudo"}, "geometry": {"type": "Point", "coordinates": [-71.079517, 42.4253683]}}, {"type": "Feature", "properties": {"node_id": 3978, "node_type": "junction", "degree": 3, "link_types": "pseudo"}, "geometry": {"type": "Point", "coordinates": [-71.0795035, 42.4253722]}}, {"type": "Feature", "properties": {"node_id": 3979, "node_type": "type_change", "degree": 2, "link_types": "pseudo+sidewalk"}, "geometry": {"type": "Point", "coordinates": [-71.0796236, 42.4253563]}}, {"type": "Feature", "properties": {"node_id": 3980, "node_type": "type_change", "degree": 2, "link_types": "crosswalk+sidewalk"}, "geometry": {"type": "Point", "coordinates": [-71.0796211, 42.4253398]}}, {"type": "Feature", "properties": {"node_id": 3981, "node_type": "type_change", "degree": 3, "link_types": "pseudo+sidewalk"}, "geometry": {"type": "Point", "coordinates": [-71.0745411, 42.426872]}}, {"type": "Feature", "properties": {"node_id": 3982, "node_type": "junction", "degree": 3, "link_types": "sidewalk"}, "geometry": {"type": "Point", "coordinates": [-71.0745401, 42.426872]}}, {"type": "Feature", "properties": {"node_id": 3983, "node_type": "endpoint", "degree": 1, "link_types": "sidewalk"}, "geometry": {"type": "Point", "coordinates": [-71.0773765, 42.4239202]}}, {"type": "Feature", "properties": {"node_id": 3984, "node_type": "type_change", "degree": 2, "link_types": "midblock+sidewalk"}, "geometry": {"type": "Point", "coordinates": [-71.0774418, 42.4239157]}}, {"type": "Feature", "properties": {"node_id": 3985, "node_type": "type_change", "degree": 2, "link_types": "midblock+sidewalk"}, "geometry": {"type": "Point", "coordinates": [-71.0775017, 42.4239137]}}, {"type": "Feature", "properties": {"node_id": 3986, "node_type": "type_change", "degree": 2, "link_types": "midblock+sidewalk"}, "geometry": {"type": "Point", "coordinates": [-71.0780751, 42.423914]}}, {"type": "Feature", "properties": {"node_id": 3987, "node_type": "type_change", "degree": 2, "link_types": "midblock+sidewalk"}, "geometry": {"type": "Point", "coordinates": [-71.0780935, 42.4239141]}}, {"type": "Feature", "properties": {"node_id": 3988, "node_type": "type_change", "degree": 2, "link_types": "midblock+sidewalk"}, "geometry": {"type": "Point", "coordinates": [-71.0786202, 42.4239144]}}, {"type": "Feature", "properties": {"node_id": 3989, "node_type": "type_change", "degree": 2, "link_types": "midblock+sidewalk"}, "geometry": {"type": "Point", "coordinates": [-71.0786387, 42.4239144]}}, {"type": "Feature", "properties": {"node_id": 3990, "node_type": "type_change", "degree": 2, "link_types": "crosswalk+pseudo"}, "geometry": {"type": "Point", "coordinates": [-71.0695769, 42.4187783]}}, {"type": "Feature", "properties": {"node_id": 3991, "node_type": "type_change", "degree": 2, "link_types": "crosswalk+pseudo"}, "geometry": {"type": "Point", "coordinates": [-71.0694903, 42.4187482]}}, {"type": "Feature", "properties": {"node_id": 3992, "node_type": "endpoint", "degree": 1, "link_types": "pseudo"}, "geometry": {"type": "Point", "coordinates": [-71.0694893, 42.4187475]}}, {"type": "Feature", "properties": {"node_id": 3993, "node_type": "type_change", "degree": 2, "link_types": "pseudo+sidewalk"}, "geometry": {"type": "Point", "coordinates": [-71.0695778, 42.4187452]}}, {"type": "Feature", "properties": {"node_id": 3994, "node_type": "endpoint", "degree": 1, "link_types": "sidewalk"}, "geometry": {"type": "Point", "coordinates": [-71.0699589, 42.418716]}}, {"type": "Feature", "properties": {"node_id": 3995, "node_type": "endpoint", "degree": 1, "link_types": "sidewalk"}, "geometry": {"type": "Point", "coordinates": [-71.0801031, 42.4281537]}}, {"type": "Feature", "properties": {"node_id": 3996, "node_type": "type_change", "degree": 2, "link_types": "midblock+sidewalk"}, "geometry": {"type": "Point", "coordinates": [-71.0801253, 42.4284062]}}, {"type": "Feature", "properties": {"node_id": 3997, "node_type": "type_change", "degree": 2, "link_types": "midblock+sidewalk"}, "geometry": {"type": "Point", "coordinates": [-71.0801395, 42.4284897]}}, {"type": "Feature", "properties": {"node_id": 3998, "node_type": "type_change", "degree": 3, "link_types": "crosswalk+sidewalk"}, "geometry": {"type": "Point", "coordinates": [-71.080195, 42.4286679]}}, {"type": "Feature", "properties": {"node_id": 3999, "node_type": "endpoint", "degree": 1, "link_types": "sidewalk"}, "geometry": {"type": "Point", "coordinates": [-71.0772989, 42.4177136]}}, {"type": "Feature", "properties": {"node_id": 4000, "node_type": "type_change", "degree": 2, "link_types": "pseudo+sidewalk"}, "geometry": {"type": "Point", "coordinates": [-71.0775537, 42.417714]}}, {"type": "Feature", "properties": {"node_id": 4001, "node_type": "type_change", "degree": 2, "link_types": "crosswalk+pseudo"}, "geometry": {"type": "Point", "coordinates": [-71.0775556, 42.4177118]}}, {"type": "Feature", "properties": {"node_id": 4002, "node_type": "type_change", "degree": 2, "link_types": "crosswalk+pseudo"}, "geometry": {"type": "Point", "coordinates": [-71.0776028, 42.4175517]}}, {"type": "Feature", "properties": {"node_id": 4003, "node_type": "endpoint", "degree": 1, "link_types": "pseudo"}, "geometry": {"type": "Point", "coordinates": [-71.077587, 42.4175462]}}, {"type": "Feature", "properties": {"node_id": 4004, "node_type": "type_change", "degree": 2, "link_types": "pseudo+sidewalk"}, "geometry": {"type": "Point", "coordinates": [-71.0693247, 42.4160467]}}, {"type": "Feature", "properties": {"node_id": 4005, "node_type": "type_change", "degree": 3, "link_types": "pseudo+sidewalk"}, "geometry": {"type": "Point", "coordinates": [-71.0693681, 42.4160365]}}, {"type": "Feature", "properties": {"node_id": 4006, "node_type": "type_change", "degree": 2, "link_types": "crosswalk+pseudo"}, "geometry": {"type": "Point", "coordinates": [-71.0693245, 42.4160424]}}, {"type": "Feature", "properties": {"node_id": 4007, "node_type": "type_change", "degree": 2, "link_types": "crosswalk+pseudo"}, "geometry": {"type": "Point", "coordinates": [-71.0693564, 42.4160367]}}, {"type": "Feature", "properties": {"node_id": 4008, "node_type": "endpoint", "degree": 1, "link_types": "sidewalk"}, "geometry": {"type": "Point", "coordinates": [-71.080913, 42.4265022]}}, {"type": "Feature", "properties": {"node_id": 4009, "node_type": "type_change", "degree": 3, "link_types": "crosswalk+pseudo+sidewalk"}, "geometry": {"type": "Point", "coordinates": [-71.0809091, 42.426503]}}, {"type": "Feature", "properties": {"node_id": 4010, "node_type": "endpoint", "degree": 1, "link_types": "sidewalk"}, "geometry": {"type": "Point", "coordinates": [-71.076843, 42.4218103]}}, {"type": "Feature", "properties": {"node_id": 4011, "node_type": "endpoint", "degree": 1, "link_types": "sidewalk"}, "geometry": {"type": "Point", "coordinates": [-71.0767739, 42.4217482]}}, {"type": "Feature", "properties": {"node_id": 4012, "node_type": "endpoint", "degree": 1, "link_types": "sidewalk"}, "geometry": {"type": "Point", "coordinates": [-71.0755761, 42.4169516]}}, {"type": "Feature", "properties": {"node_id": 4013, "node_type": "type_change", "degree": 2, "link_types": "midblock+sidewalk"}, "geometry": {"type": "Point", "coordinates": [-71.0755668, 42.4164605]}}, {"type": "Feature", "properties": {"node_id": 4014, "node_type": "type_change", "degree": 2, "link_types": "midblock+sidewalk"}, "geometry": {"type": "Point", "coordinates": [-71.0755686, 42.4164289]}}, {"type": "Feature", "properties": {"node_id": 4015, "node_type": "type_change", "degree": 3, "link_types": "pseudo+sidewalk"}, "geometry": {"type": "Point", "coordinates": [-71.0755754, 42.4163104]}}, {"type": "Feature", "properties": {"node_id": 4016, "node_type": "junction", "degree": 3, "link_types": "sidewalk"}, "geometry": {"type": "Point", "coordinates": [-71.067611, 42.4250233]}}, {"type": "Feature", "properties": {"node_id": 4017, "node_type": "endpoint", "degree": 1, "link_types": "sidewalk"}, "geometry": {"type": "Point", "coordinates": [-71.0698973, 42.4269783]}}, {"type": "Feature", "properties": {"node_id": 4018, "node_type": "endpoint", "degree": 1, "link_types": "sidewalk"}, "geometry": {"type": "Point", "coordinates": [-71.0775797, 42.4168223]}}, {"type": "Feature", "properties": {"node_id": 4019, "node_type": "endpoint", "degree": 1, "link_types": "sidewalk"}, "geometry": {"type": "Point", "coordinates": [-71.077586, 42.4161904]}}, {"type": "Feature", "properties": {"node_id": 4020, "node_type": "endpoint", "degree": 1, "link_types": "sidewalk"}, "geometry": {"type": "Point", "coordinates": [-71.0755264, 42.4200129]}}, {"type": "Feature", "properties": {"node_id": 4021, "node_type": "type_change", "degree": 2, "link_types": "midblock+sidewalk"}, "geometry": {"type": "Point", "coordinates": [-71.0755332, 42.4199607]}}, {"type": "Feature", "properties": {"node_id": 4022, "node_type": "type_change", "degree": 2, "link_types": "midblock+sidewalk"}, "geometry": {"type": "Point", "coordinates": [-71.0755365, 42.4199349]}}, {"type": "Feature", "properties": {"node_id": 4023, "node_type": "type_change", "degree": 2, "link_types": "midblock+sidewalk"}, "geometry": {"type": "Point", "coordinates": [-71.0755486, 42.4198088]}}, {"type": "Feature", "properties": {"node_id": 4024, "node_type": "type_change", "degree": 2, "link_types": "midblock+sidewalk"}, "geometry": {"type": "Point", "coordinates": [-71.0755507, 42.4197657]}}, {"type": "Feature", "properties": {"node_id": 4025, "node_type": "type_change", "degree": 2, "link_types": "midblock+sidewalk"}, "geometry": {"type": "Point", "coordinates": [-71.075552, 42.4197391]}}, {"type": "Feature", "properties": {"node_id": 4026, "node_type": "type_change", "degree": 2, "link_types": "midblock+sidewalk"}, "geometry": {"type": "Point", "coordinates": [-71.0755525, 42.4197291]}}, {"type": "Feature", "properties": {"node_id": 4027, "node_type": "type_change", "degree": 2, "link_types": "midblock+sidewalk"}, "geometry": {"type": "Point", "coordinates": [-71.0755549, 42.4191327]}}, {"type": "Feature", "properties": {"node_id": 4028, "node_type": "type_change", "degree": 2, "link_types": "midblock+sidewalk"}, "geometry": {"type": "Point", "coordinates": [-71.0755549, 42.4190873]}}, {"type": "Feature", "properties": {"node_id": 4029, "node_type": "type_change", "degree": 2, "link_types": "midblock+sidewalk"}, "geometry": {"type": "Point", "coordinates": [-71.0755622, 42.4189312]}}, {"type": "Feature", "properties": {"node_id": 4030, "node_type": "type_change", "degree": 2, "link_types": "midblock+sidewalk"}, "geometry": {"type": "Point", "coordinates": [-71.075561, 42.4189011]}}, {"type": "Feature", "properties": {"node_id": 4031, "node_type": "endpoint", "degree": 1, "link_types": "sidewalk"}, "geometry": {"type": "Point", "coordinates": [-71.075559, 42.4188502]}}, {"type": "Feature", "properties": {"node_id": 4032, "node_type": "endpoint", "degree": 1, "link_types": "sidewalk"}, "geometry": {"type": "Point", "coordinates": [-71.0663539, 42.4205901]}}, {"type": "Feature", "properties": {"node_id": 4033, "node_type": "endpoint", "degree": 1, "link_types": "sidewalk"}, "geometry": {"type": "Point", "coordinates": [-71.0705097, 42.4272086]}}, {"type": "Feature", "properties": {"node_id": 4034, "node_type": "type_change", "degree": 2, "link_types": "pseudo+sidewalk"}, "geometry": {"type": "Point", "coordinates": [-71.0808914, 42.4186498]}}, {"type": "Feature", "properties": {"node_id": 4035, "node_type": "type_change", "degree": 2, "link_types": "crosswalk+pseudo"}, "geometry": {"type": "Point", "coordinates": [-71.0808978, 42.418636]}}, {"type": "Feature", "properties": {"node_id": 4036, "node_type": "type_change", "degree": 2, "link_types": "crosswalk+pseudo"}, "geometry": {"type": "Point", "coordinates": [-71.0809631, 42.418642]}}, {"type": "Feature", "properties": {"node_id": 4037, "node_type": "endpoint", "degree": 1, "link_types": "sidewalk"}, "geometry": {"type": "Point", "coordinates": [-71.0677396, 42.4257407]}}, {"type": "Feature", "properties": {"node_id": 4038, "node_type": "endpoint", "degree": 1, "link_types": "sidewalk"}, "geometry": {"type": "Point", "coordinates": [-71.0766949, 42.423952]}}, {"type": "Feature", "properties": {"node_id": 4039, "node_type": "endpoint", "degree": 1, "link_types": "sidewalk"}, "geometry": {"type": "Point", "coordinates": [-71.0686543, 42.4262638]}}, {"type": "Feature", "properties": {"node_id": 4040, "node_type": "junction", "degree": 3, "link_types": "pseudo"}, "geometry": {"type": "Point", "coordinates": [-71.0724401, 42.4233439]}}, {"type": "Feature", "properties": {"node_id": 4041, "node_type": "type_change", "degree": 2, "link_types": "crosswalk+pseudo"}, "geometry": {"type": "Point", "coordinates": [-71.0724406, 42.4233597]}}, {"type": "Feature", "properties": {"node_id": 4042, "node_type": "type_change", "degree": 2, "link_types": "crosswalk+pseudo"}, "geometry": {"type": "Point", "coordinates": [-71.0723802, 42.4235042]}}, {"type": "Feature", "properties": {"node_id": 4043, "node_type": "type_change", "degree": 3, "link_types": "pseudo+sidewalk"}, "geometry": {"type": "Point", "coordinates": [-71.0723874, 42.4235141]}}, {"type": "Feature", "properties": {"node_id": 4044, "node_type": "type_change", "degree": 2, "link_types": "pseudo+sidewalk"}, "geometry": {"type": "Point", "coordinates": [-71.072441, 42.4233431]}}, {"type": "Feature", "properties": {"node_id": 4045, "node_type": "endpoint", "degree": 1, "link_types": "sidewalk"}, "geometry": {"type": "Point", "coordinates": [-71.0724743, 42.4233505]}}, {"type": "Feature", "properties": {"node_id": 4046, "node_type": "type_change", "degree": 2, "link_types": "pseudo+sidewalk"}, "geometry": {"type": "Point", "coordinates": [-71.0724391, 42.4233432]}}, {"type": "Feature", "properties": {"node_id": 4047, "node_type": "endpoint", "degree": 1, "link_types": "sidewalk"}, "geometry": {"type": "Point", "coordinates": [-71.0724244, 42.4233406]}}, {"type": "Feature", "properties": {"node_id": 4048, "node_type": "endpoint", "degree": 1, "link_types": "crosswalk"}, "geometry": {"type": "Point", "coordinates": [-71.0723879, 42.4180129]}}, {"type": "Feature", "properties": {"node_id": 4049, "node_type": "endpoint", "degree": 1, "link_types": "crosswalk"}, "geometry": {"type": "Point", "coordinates": [-71.0724368, 42.4180213]}}, {"type": "Feature", "properties": {"node_id": 4050, "node_type": "endpoint", "degree": 1, "link_types": "sidewalk"}, "geometry": {"type": "Point", "coordinates": [-71.0716133, 42.425992]}}, {"type": "Feature", "properties": {"node_id": 4051, "node_type": "endpoint", "degree": 1, "link_types": "midblock"}, "geometry": {"type": "Point", "coordinates": [-71.0813552, 42.4278766]}}, {"type": "Feature", "properties": {"node_id": 4052, "node_type": "type_change", "degree": 2, "link_types": "midblock+sidewalk"}, "geometry": {"type": "Point", "coordinates": [-71.0813501, 42.4278245]}}, {"type": "Feature", "properties": {"node_id": 4053, "node_type": "type_change", "degree": 2, "link_types": "midblock+sidewalk"}, "geometry": {"type": "Point", "coordinates": [-71.081278, 42.4273133]}}, {"type": "Feature", "properties": {"node_id": 4054, "node_type": "type_change", "degree": 2, "link_types": "midblock+sidewalk"}, "geometry": {"type": "Point", "coordinates": [-71.0812746, 42.4272775]}}, {"type": "Feature", "properties": {"node_id": 4055, "node_type": "type_change", "degree": 3, "link_types": "midblock+sidewalk"}, "geometry": {"type": "Point", "coordinates": [-71.0696953, 42.4270749]}}, {"type": "Feature", "properties": {"node_id": 4056, "node_type": "type_change", "degree": 3, "link_types": "pseudo+sidewalk"}, "geometry": {"type": "Point", "coordinates": [-71.0695047, 42.4181204]}}, {"type": "Feature", "properties": {"node_id": 4057, "node_type": "junction", "degree": 3, "link_types": "pseudo"}, "geometry": {"type": "Point", "coordinates": [-71.0720067, 42.4181293]}}, {"type": "Feature", "properties": {"node_id": 4058, "node_type": "type_change", "degree": 3, "link_types": "pseudo+sidewalk"}, "geometry": {"type": "Point", "coordinates": [-71.0720068, 42.41813]}}, {"type": "Feature", "properties": {"node_id": 4059, "node_type": "type_change", "degree": 3, "link_types": "pseudo+sidewalk"}, "geometry": {"type": "Point", "coordinates": [-71.0720058, 42.41813]}}, {"type": "Feature", "properties": {"node_id": 4060, "node_type": "type_change", "degree": 2, "link_types": "crosswalk+pseudo"}, "geometry": {"type": "Point", "coordinates": [-71.0720095, 42.4181256]}}, {"type": "Feature", "properties": {"node_id": 4061, "node_type": "type_change", "degree": 2, "link_types": "crosswalk+pseudo"}, "geometry": {"type": "Point", "coordinates": [-71.0722251, 42.4181174]}}, {"type": "Feature", "properties": {"node_id": 4062, "node_type": "endpoint", "degree": 1, "link_types": "sidewalk"}, "geometry": {"type": "Point", "coordinates": [-71.0797526, 42.416025]}}, {"type": "Feature", "properties": {"node_id": 4063, "node_type": "type_change", "degree": 2, "link_types": "midblock+sidewalk"}, "geometry": {"type": "Point", "coordinates": [-71.0801266, 42.4159508]}}, {"type": "Feature", "properties": {"node_id": 4064, "node_type": "type_change", "degree": 2, "link_types": "midblock+sidewalk"}, "geometry": {"type": "Point", "coordinates": [-71.0802241, 42.4159533]}}, {"type": "Feature", "properties": {"node_id": 4065, "node_type": "endpoint", "degree": 1, "link_types": "sidewalk"}, "geometry": {"type": "Point", "coordinates": [-71.080347, 42.415948]}}, {"type": "Feature", "properties": {"node_id": 4066, "node_type": "type_change", "degree": 2, "link_types": "midblock+sidewalk"}, "geometry": {"type": "Point", "coordinates": [-71.083304, 42.4177428]}}, {"type": "Feature", "properties": {"node_id": 4067, "node_type": "type_change", "degree": 2, "link_types": "midblock+sidewalk"}, "geometry": {"type": "Point", "coordinates": [-71.0833423, 42.4177473]}}, {"type": "Feature", "properties": {"node_id": 4068, "node_type": "type_change", "degree": 2, "link_types": "midblock+sidewalk"}, "geometry": {"type": "Point", "coordinates": [-71.0834553, 42.4177608]}}, {"type": "Feature", "properties": {"node_id": 4069, "node_type": "type_change", "degree": 2, "link_types": "midblock+sidewalk"}, "geometry": {"type": "Point", "coordinates": [-71.0834889, 42.4177648]}}, {"type": "Feature", "properties": {"node_id": 4070, "node_type": "junction", "degree": 3, "link_types": "crosswalk"}, "geometry": {"type": "Point", "coordinates": [-71.0750182, 42.4233534]}}, {"type": "Feature", "properties": {"node_id": 4071, "node_type": "type_change", "degree": 3, "link_types": "crosswalk+pseudo"}, "geometry": {"type": "Point", "coordinates": [-71.0750173, 42.4233541]}}, {"type": "Feature", "properties": {"node_id": 4072, "node_type": "endpoint", "degree": 1, "link_types": "crosswalk"}, "geometry": {"type": "Point", "coordinates": [-71.0750192, 42.4233534]}}, {"type": "Feature", "properties": {"node_id": 4073, "node_type": "type_change", "degree": 3, "link_types": "crosswalk+pseudo"}, "geometry": {"type": "Point", "coordinates": [-71.0750172, 42.4233534]}}, {"type": "Feature", "properties": {"node_id": 4074, "node_type": "type_change", "degree": 2, "link_types": "pseudo+sidewalk"}, "geometry": {"type": "Point", "coordinates": [-71.0763153, 42.4272109]}}, {"type": "Feature", "properties": {"node_id": 4075, "node_type": "type_change", "degree": 2, "link_types": "crosswalk+pseudo"}, "geometry": {"type": "Point", "coordinates": [-71.0763191, 42.4272065]}}, {"type": "Feature", "properties": {"node_id": 4076, "node_type": "type_change", "degree": 2, "link_types": "crosswalk+pseudo"}, "geometry": {"type": "Point", "coordinates": [-71.0764074, 42.4271999]}}, {"type": "Feature", "properties": {"node_id": 4077, "node_type": "endpoint", "degree": 1, "link_types": "sidewalk"}, "geometry": {"type": "Point", "coordinates": [-71.0689573, 42.4260155]}}, {"type": "Feature", "properties": {"node_id": 4078, "node_type": "endpoint", "degree": 1, "link_types": "sidewalk"}, "geometry": {"type": "Point", "coordinates": [-71.0690116, 42.4258604]}}, {"type": "Feature", "properties": {"node_id": 4079, "node_type": "endpoint", "degree": 1, "link_types": "sidewalk"}, "geometry": {"type": "Point", "coordinates": [-71.0793036, 42.4233564]}}, {"type": "Feature", "properties": {"node_id": 4080, "node_type": "type_change", "degree": 2, "link_types": "pseudo+sidewalk"}, "geometry": {"type": "Point", "coordinates": [-71.0793046, 42.4233571]}}, {"type": "Feature", "properties": {"node_id": 4081, "node_type": "type_change", "degree": 2, "link_types": "crosswalk+pseudo"}, "geometry": {"type": "Point", "coordinates": [-71.0793057, 42.4233585]}}, {"type": "Feature", "properties": {"node_id": 4082, "node_type": "type_change", "degree": 2, "link_types": "crosswalk+pseudo"}, "geometry": {"type": "Point", "coordinates": [-71.0793413, 42.4233471]}}, {"type": "Feature", "properties": {"node_id": 4083, "node_type": "junction", "degree": 3, "link_types": "sidewalk"}, "geometry": {"type": "Point", "coordinates": [-71.0786082, 42.4276477]}}, {"type": "Feature", "properties": {"node_id": 4084, "node_type": "endpoint", "degree": 1, "link_types": "sidewalk"}, "geometry": {"type": "Point", "coordinates": [-71.0674722, 42.4188488]}}, {"type": "Feature", "properties": {"node_id": 4085, "node_type": "type_change", "degree": 2, "link_types": "midblock+sidewalk"}, "geometry": {"type": "Point", "coordinates": [-71.0674788, 42.41888]}}, {"type": "Feature", "properties": {"node_id": 4086, "node_type": "type_change", "degree": 2, "link_types": "midblock+sidewalk"}, "geometry": {"type": "Point", "coordinates": [-71.0674947, 42.4189973]}}, {"type": "Feature", "properties": {"node_id": 4087, "node_type": "type_change", "degree": 2, "link_types": "midblock+sidewalk"}, "geometry": {"type": "Point", "coordinates": [-71.0675041, 42.4190935]}}, {"type": "Feature", "properties": {"node_id": 4088, "node_type": "type_change", "degree": 2, "link_types": "midblock+sidewalk"}, "geometry": {"type": "Point", "coordinates": [-71.0675069, 42.4191222]}}, {"type": "Feature", "properties": {"node_id": 4089, "node_type": "endpoint", "degree": 1, "link_types": "sidewalk"}, "geometry": {"type": "Point", "coordinates": [-71.0675238, 42.4192945]}}, {"type": "Feature", "properties": {"node_id": 4090, "node_type": "type_change", "degree": 2, "link_types": "crosswalk+pseudo"}, "geometry": {"type": "Point", "coordinates": [-71.068289, 42.4182879]}}, {"type": "Feature", "properties": {"node_id": 4091, "node_type": "type_change", "degree": 2, "link_types": "crosswalk+pseudo"}, "geometry": {"type": "Point", "coordinates": [-71.0683511, 42.4182551]}}, {"type": "Feature", "properties": {"node_id": 4092, "node_type": "endpoint", "degree": 1, "link_types": "pseudo"}, "geometry": {"type": "Point", "coordinates": [-71.068347, 42.4182494]}}, {"type": "Feature", "properties": {"node_id": 4093, "node_type": "junction", "degree": 3, "link_types": "sidewalk"}, "geometry": {"type": "Point", "coordinates": [-71.0680041, 42.4251495]}}, {"type": "Feature", "properties": {"node_id": 4094, "node_type": "type_change", "degree": 3, "link_types": "pseudo+sidewalk"}, "geometry": {"type": "Point", "coordinates": [-71.0680041, 42.4251502]}}, {"type": "Feature", "properties": {"node_id": 4095, "node_type": "junction", "degree": 3, "link_types": "sidewalk"}, "geometry": {"type": "Point", "coordinates": [-71.0680051, 42.4251494]}}, {"type": "Feature", "properties": {"node_id": 4096, "node_type": "junction", "degree": 3, "link_types": "sidewalk"}, "geometry": {"type": "Point", "coordinates": [-71.0674422, 42.4183515]}}, {"type": "Feature", "properties": {"node_id": 4097, "node_type": "endpoint", "degree": 1, "link_types": "crosswalk"}, "geometry": {"type": "Point", "coordinates": [-71.0834605, 42.4244401]}}, {"type": "Feature", "properties": {"node_id": 4098, "node_type": "type_change", "degree": 2, "link_types": "crosswalk+pseudo"}, "geometry": {"type": "Point", "coordinates": [-71.0835673, 42.4243452]}}, {"type": "Feature", "properties": {"node_id": 4099, "node_type": "endpoint", "degree": 1, "link_types": "pseudo"}, "geometry": {"type": "Point", "coordinates": [-71.0835633, 42.4243438]}}, {"type": "Feature", "properties": {"node_id": 4100, "node_type": "type_change", "degree": 2, "link_types": "pseudo+sidewalk"}, "geometry": {"type": "Point", "coordinates": [-71.0794626, 42.4234299]}}, {"type": "Feature", "properties": {"node_id": 4101, "node_type": "endpoint", "degree": 1, "link_types": "sidewalk"}, "geometry": {"type": "Point", "coordinates": [-71.0795578, 42.423426]}}, {"type": "Feature", "properties": {"node_id": 4102, "node_type": "type_change", "degree": 2, "link_types": "pseudo+sidewalk"}, "geometry": {"type": "Point", "coordinates": [-71.0794607, 42.4234299]}}, {"type": "Feature", "properties": {"node_id": 4103, "node_type": "type_change", "degree": 3, "link_types": "pseudo+sidewalk"}, "geometry": {"type": "Point", "coordinates": [-71.0794409, 42.4234476]}}, {"type": "Feature", "properties": {"node_id": 4104, "node_type": "type_change", "degree": 2, "link_types": "midblock+sidewalk"}, "geometry": {"type": "Point", "coordinates": [-71.07888, 42.4289027]}}, {"type": "Feature", "properties": {"node_id": 4105, "node_type": "type_change", "degree": 2, "link_types": "midblock+sidewalk"}, "geometry": {"type": "Point", "coordinates": [-71.0787991, 42.4289093]}}, {"type": "Feature", "properties": {"node_id": 4106, "node_type": "type_change", "degree": 3, "link_types": "pseudo+sidewalk"}, "geometry": {"type": "Point", "coordinates": [-71.0781444, 42.4289731]}}, {"type": "Feature", "properties": {"node_id": 4107, "node_type": "endpoint", "degree": 1, "link_types": "sidewalk"}, "geometry": {"type": "Point", "coordinates": [-71.0723158, 42.4253266]}}, {"type": "Feature", "properties": {"node_id": 4108, "node_type": "type_change", "degree": 2, "link_types": "pseudo+sidewalk"}, "geometry": {"type": "Point", "coordinates": [-71.0723158, 42.4253273]}}, {"type": "Feature", "properties": {"node_id": 4109, "node_type": "type_change", "degree": 2, "link_types": "crosswalk+pseudo"}, "geometry": {"type": "Point", "coordinates": [-71.0723183, 42.4253438]}}, {"type": "Feature", "properties": {"node_id": 4110, "node_type": "type_change", "degree": 3, "link_types": "crosswalk+pseudo+sidewalk"}, "geometry": {"type": "Point", "coordinates": [-71.0721116, 42.4253267]}}, {"type": "Feature", "properties": {"node_id": 4111, "node_type": "endpoint", "degree": 1, "link_types": "pseudo"}, "geometry": {"type": "Point", "coordinates": [-71.0723707, 42.4284098]}}, {"type": "Feature", "properties": {"node_id": 4112, "node_type": "type_change", "degree": 3, "link_types": "pseudo+sidewalk"}, "geometry": {"type": "Point", "coordinates": [-71.0722872, 42.4235426]}}, {"type": "Feature", "properties": {"node_id": 4113, "node_type": "type_change", "degree": 2, "link_types": "crosswalk+pseudo"}, "geometry": {"type": "Point", "coordinates": [-71.0707985, 42.4280031]}}, {"type": "Feature", "properties": {"node_id": 4114, "node_type": "type_change", "degree": 2, "link_types": "crosswalk+pseudo"}, "geometry": {"type": "Point", "coordinates": [-71.0707277, 42.4280101]}}, {"type": "Feature", "properties": {"node_id": 4115, "node_type": "type_change", "degree": 2, "link_types": "crosswalk+pseudo"}, "geometry": {"type": "Point", "coordinates": [-71.0820982, 42.4210032]}}, {"type": "Feature", "properties": {"node_id": 4116, "node_type": "type_change", "degree": 2, "link_types": "crosswalk+pseudo"}, "geometry": {"type": "Point", "coordinates": [-71.0821214, 42.4210877]}}, {"type": "Feature", "properties": {"node_id": 4117, "node_type": "type_change", "degree": 2, "link_types": "pseudo+sidewalk"}, "geometry": {"type": "Point", "coordinates": [-71.0820987, 42.4209902]}}, {"type": "Feature", "properties": {"node_id": 4118, "node_type": "type_change", "degree": 2, "link_types": "midblock+sidewalk"}, "geometry": {"type": "Point", "coordinates": [-71.0822944, 42.4209917]}}, {"type": "Feature", "properties": {"node_id": 4119, "node_type": "type_change", "degree": 2, "link_types": "midblock+sidewalk"}, "geometry": {"type": "Point", "coordinates": [-71.0823291, 42.4209921]}}, {"type": "Feature", "properties": {"node_id": 4120, "node_type": "type_change", "degree": 2, "link_types": "midblock+sidewalk"}, "geometry": {"type": "Point", "coordinates": [-71.0826719, 42.4209892]}}, {"type": "Feature", "properties": {"node_id": 4121, "node_type": "type_change", "degree": 2, "link_types": "midblock+sidewalk"}, "geometry": {"type": "Point", "coordinates": [-71.0827412, 42.4209901]}}, {"type": "Feature", "properties": {"node_id": 4122, "node_type": "type_change", "degree": 2, "link_types": "midblock+sidewalk"}, "geometry": {"type": "Point", "coordinates": [-71.0829175, 42.4209901]}}, {"type": "Feature", "properties": {"node_id": 4123, "node_type": "type_change", "degree": 2, "link_types": "midblock+sidewalk"}, "geometry": {"type": "Point", "coordinates": [-71.0830107, 42.4209877]}}, {"type": "Feature", "properties": {"node_id": 4124, "node_type": "type_change", "degree": 2, "link_types": "midblock+sidewalk"}, "geometry": {"type": "Point", "coordinates": [-71.0832072, 42.4209906]}}, {"type": "Feature", "properties": {"node_id": 4125, "node_type": "type_change", "degree": 2, "link_types": "midblock+sidewalk"}, "geometry": {"type": "Point", "coordinates": [-71.0832413, 42.4209897]}}, {"type": "Feature", "properties": {"node_id": 4126, "node_type": "endpoint", "degree": 1, "link_types": "sidewalk"}, "geometry": {"type": "Point", "coordinates": [-71.0833386, 42.4209936]}}, {"type": "Feature", "properties": {"node_id": 4127, "node_type": "type_change", "degree": 3, "link_types": "pseudo+sidewalk"}, "geometry": {"type": "Point", "coordinates": [-71.0673293, 42.4291745]}}, {"type": "Feature", "properties": {"node_id": 4128, "node_type": "endpoint", "degree": 1, "link_types": "crosswalk"}, "geometry": {"type": "Point", "coordinates": [-71.0735222, 42.4273501]}}, {"type": "Feature", "properties": {"node_id": 4129, "node_type": "type_change", "degree": 2, "link_types": "midblock+sidewalk"}, "geometry": {"type": "Point", "coordinates": [-71.0753867, 42.4219038]}}, {"type": "Feature", "properties": {"node_id": 4130, "node_type": "type_change", "degree": 2, "link_types": "midblock+sidewalk"}, "geometry": {"type": "Point", "coordinates": [-71.0753682, 42.4219722]}}, {"type": "Feature", "properties": {"node_id": 4131, "node_type": "type_change", "degree": 2, "link_types": "midblock+sidewalk"}, "geometry": {"type": "Point", "coordinates": [-71.0753346, 42.4220963]}}, {"type": "Feature", "properties": {"node_id": 4132, "node_type": "type_change", "degree": 2, "link_types": "midblock+sidewalk"}, "geometry": {"type": "Point", "coordinates": [-71.0753232, 42.4221386]}}, {"type": "Feature", "properties": {"node_id": 4133, "node_type": "type_change", "degree": 3, "link_types": "pseudo+sidewalk"}, "geometry": {"type": "Point", "coordinates": [-71.0793091, 42.4234327]}}, {"type": "Feature", "properties": {"node_id": 4134, "node_type": "type_change", "degree": 3, "link_types": "pseudo+sidewalk"}, "geometry": {"type": "Point", "coordinates": [-71.07931, 42.4234319]}}, {"type": "Feature", "properties": {"node_id": 4135, "node_type": "type_change", "degree": 2, "link_types": "crosswalk+pseudo"}, "geometry": {"type": "Point", "coordinates": [-71.0758548, 42.4175596]}}, {"type": "Feature", "properties": {"node_id": 4136, "node_type": "junction", "degree": 3, "link_types": "crosswalk"}, "geometry": {"type": "Point", "coordinates": [-71.0740209, 42.4285536]}}, {"type": "Feature", "properties": {"node_id": 4137, "node_type": "type_change", "degree": 2, "link_types": "crosswalk+pseudo"}, "geometry": {"type": "Point", "coordinates": [-71.0808186, 42.4175942]}}, {"type": "Feature", "properties": {"node_id": 4138, "node_type": "type_change", "degree": 2, "link_types": "crosswalk+pseudo"}, "geometry": {"type": "Point", "coordinates": [-71.080598, 42.417599]}}, {"type": "Feature", "properties": {"node_id": 4139, "node_type": "type_change", "degree": 3, "link_types": "pseudo+sidewalk"}, "geometry": {"type": "Point", "coordinates": [-71.080592, 42.4175911]}}, {"type": "Feature", "properties": {"node_id": 4140, "node_type": "endpoint", "degree": 1, "link_types": "sidewalk"}, "geometry": {"type": "Point", "coordinates": [-71.0680017, 42.4252842]}}, {"type": "Feature", "properties": {"node_id": 4141, "node_type": "endpoint", "degree": 1, "link_types": "sidewalk"}, "geometry": {"type": "Point", "coordinates": [-71.0793887, 42.4166642]}}, {"type": "Feature", "properties": {"node_id": 4142, "node_type": "type_change", "degree": 2, "link_types": "midblock+sidewalk"}, "geometry": {"type": "Point", "coordinates": [-71.0794254, 42.416663]}}, {"type": "Feature", "properties": {"node_id": 4143, "node_type": "type_change", "degree": 2, "link_types": "midblock+sidewalk"}, "geometry": {"type": "Point", "coordinates": [-71.0794486, 42.4166622]}}, {"type": "Feature", "properties": {"node_id": 4144, "node_type": "endpoint", "degree": 1, "link_types": "midblock"}, "geometry": {"type": "Point", "coordinates": [-71.0763779, 42.4270729]}}, {"type": "Feature", "properties": {"node_id": 4145, "node_type": "type_change", "degree": 2, "link_types": "midblock+sidewalk"}, "geometry": {"type": "Point", "coordinates": [-71.0763924, 42.4270768]}}, {"type": "Feature", "properties": {"node_id": 4146, "node_type": "endpoint", "degree": 1, "link_types": "sidewalk"}, "geometry": {"type": "Point", "coordinates": [-71.0739947, 42.4262249]}}, {"type": "Feature", "properties": {"node_id": 4147, "node_type": "type_change", "degree": 2, "link_types": "pseudo+sidewalk"}, "geometry": {"type": "Point", "coordinates": [-71.0739956, 42.4262249]}}, {"type": "Feature", "properties": {"node_id": 4148, "node_type": "type_change", "degree": 2, "link_types": "crosswalk+pseudo"}, "geometry": {"type": "Point", "coordinates": [-71.0740172, 42.4262302]}}, {"type": "Feature", "properties": {"node_id": 4149, "node_type": "type_change", "degree": 2, "link_types": "crosswalk+pseudo"}, "geometry": {"type": "Point", "coordinates": [-71.0740408, 42.4260922]}}, {"type": "Feature", "properties": {"node_id": 4150, "node_type": "endpoint", "degree": 1, "link_types": "pseudo"}, "geometry": {"type": "Point", "coordinates": [-71.0740262, 42.4260903]}}, {"type": "Feature", "properties": {"node_id": 4151, "node_type": "junction", "degree": 3, "link_types": "midblock"}, "geometry": {"type": "Point", "coordinates": [-71.069652, 42.4270606]}}, {"type": "Feature", "properties": {"node_id": 4152, "node_type": "junction", "degree": 3, "link_types": "midblock"}, "geometry": {"type": "Point", "coordinates": [-71.0696511, 42.4270606]}}, {"type": "Feature", "properties": {"node_id": 4153, "node_type": "endpoint", "degree": 1, "link_types": "sidewalk"}, "geometry": {"type": "Point", "coordinates": [-71.0691106, 42.4245258]}}, {"type": "Feature", "properties": {"node_id": 4154, "node_type": "junction", "degree": 3, "link_types": "sidewalk"}, "geometry": {"type": "Point", "coordinates": [-71.0786578, 42.4272052]}}, {"type": "Feature", "properties": {"node_id": 4155, "node_type": "junction", "degree": 3, "link_types": "sidewalk"}, "geometry": {"type": "Point", "coordinates": [-71.0786568, 42.4272052]}}, {"type": "Feature", "properties": {"node_id": 4156, "node_type": "endpoint", "degree": 1, "link_types": "sidewalk"}, "geometry": {"type": "Point", "coordinates": [-71.0669538, 42.4255611]}}, {"type": "Feature", "properties": {"node_id": 4157, "node_type": "type_change", "degree": 2, "link_types": "midblock+sidewalk"}, "geometry": {"type": "Point", "coordinates": [-71.0672693, 42.4256258]}}, {"type": "Feature", "properties": {"node_id": 4158, "node_type": "type_change", "degree": 2, "link_types": "midblock+sidewalk"}, "geometry": {"type": "Point", "coordinates": [-71.0673236, 42.4256358]}}, {"type": "Feature", "properties": {"node_id": 4159, "node_type": "type_change", "degree": 2, "link_types": "midblock+sidewalk"}, "geometry": {"type": "Point", "coordinates": [-71.0813669, 42.4248814]}}, {"type": "Feature", "properties": {"node_id": 4160, "node_type": "type_change", "degree": 2, "link_types": "midblock+sidewalk"}, "geometry": {"type": "Point", "coordinates": [-71.0814483, 42.4248644]}}, {"type": "Feature", "properties": {"node_id": 4161, "node_type": "type_change", "degree": 2, "link_types": "midblock+sidewalk"}, "geometry": {"type": "Point", "coordinates": [-71.0816699, 42.424818]}}, {"type": "Feature", "properties": {"node_id": 4162, "node_type": "type_change", "degree": 2, "link_types": "midblock+sidewalk"}, "geometry": {"type": "Point", "coordinates": [-71.0817494, 42.4248014]}}, {"type": "Feature", "properties": {"node_id": 4163, "node_type": "type_change", "degree": 2, "link_types": "midblock+sidewalk"}, "geometry": {"type": "Point", "coordinates": [-71.0819421, 42.424761]}}, {"type": "Feature", "properties": {"node_id": 4164, "node_type": "type_change", "degree": 2, "link_types": "midblock+sidewalk"}, "geometry": {"type": "Point", "coordinates": [-71.0820169, 42.4247454]}}, {"type": "Feature", "properties": {"node_id": 4165, "node_type": "type_change", "degree": 2, "link_types": "midblock+sidewalk"}, "geometry": {"type": "Point", "coordinates": [-71.0822666, 42.4246931]}}, {"type": "Feature", "properties": {"node_id": 4166, "node_type": "type_change", "degree": 2, "link_types": "midblock+sidewalk"}, "geometry": {"type": "Point", "coordinates": [-71.082319, 42.4246822]}}, {"type": "Feature", "properties": {"node_id": 4167, "node_type": "type_change", "degree": 2, "link_types": "midblock+sidewalk"}, "geometry": {"type": "Point", "coordinates": [-71.0824275, 42.4246595]}}, {"type": "Feature", "properties": {"node_id": 4168, "node_type": "type_change", "degree": 2, "link_types": "midblock+sidewalk"}, "geometry": {"type": "Point", "coordinates": [-71.082521, 42.4246399]}}, {"type": "Feature", "properties": {"node_id": 4169, "node_type": "type_change", "degree": 2, "link_types": "midblock+sidewalk"}, "geometry": {"type": "Point", "coordinates": [-71.0826566, 42.4246115]}}, {"type": "Feature", "properties": {"node_id": 4170, "node_type": "type_change", "degree": 2, "link_types": "midblock+sidewalk"}, "geometry": {"type": "Point", "coordinates": [-71.0826987, 42.4246027]}}, {"type": "Feature", "properties": {"node_id": 4171, "node_type": "type_change", "degree": 2, "link_types": "midblock+sidewalk"}, "geometry": {"type": "Point", "coordinates": [-71.0831177, 42.424515]}}, {"type": "Feature", "properties": {"node_id": 4172, "node_type": "type_change", "degree": 2, "link_types": "midblock+sidewalk"}, "geometry": {"type": "Point", "coordinates": [-71.0832636, 42.4244844]}}, {"type": "Feature", "properties": {"node_id": 4173, "node_type": "endpoint", "degree": 1, "link_types": "sidewalk"}, "geometry": {"type": "Point", "coordinates": [-71.083419, 42.4244473]}}, {"type": "Feature", "properties": {"node_id": 4174, "node_type": "endpoint", "degree": 1, "link_types": "sidewalk"}, "geometry": {"type": "Point", "coordinates": [-71.0694752, 42.4182276]}}, {"type": "Feature", "properties": {"node_id": 4175, "node_type": "type_change", "degree": 2, "link_types": "pseudo+sidewalk"}, "geometry": {"type": "Point", "coordinates": [-71.0694742, 42.4182283]}}, {"type": "Feature", "properties": {"node_id": 4176, "node_type": "type_change", "degree": 2, "link_types": "crosswalk+pseudo"}, "geometry": {"type": "Point", "coordinates": [-71.0694564, 42.4182488]}}, {"type": "Feature", "properties": {"node_id": 4177, "node_type": "type_change", "degree": 2, "link_types": "crosswalk+pseudo"}, "geometry": {"type": "Point", "coordinates": [-71.0693597, 42.4182354]}}, {"type": "Feature", "properties": {"node_id": 4178, "node_type": "endpoint", "degree": 1, "link_types": "sidewalk"}, "geometry": {"type": "Point", "coordinates": [-71.0765559, 42.4233047]}}, {"type": "Feature", "properties": {"node_id": 4179, "node_type": "type_change", "degree": 2, "link_types": "pseudo+sidewalk"}, "geometry": {"type": "Point", "coordinates": [-71.0765559, 42.4233054]}}, {"type": "Feature", "properties": {"node_id": 4180, "node_type": "type_change", "degree": 2, "link_types": "crosswalk+pseudo"}, "geometry": {"type": "Point", "coordinates": [-71.0765541, 42.4233076]}}, {"type": "Feature", "properties": {"node_id": 4181, "node_type": "type_change", "degree": 2, "link_types": "crosswalk+pseudo"}, "geometry": {"type": "Point", "coordinates": [-71.0766339, 42.4234884]}}, {"type": "Feature", "properties": {"node_id": 4182, "node_type": "endpoint", "degree": 1, "link_types": "pseudo"}, "geometry": {"type": "Point", "coordinates": [-71.0766476, 42.4234903]}}, {"type": "Feature", "properties": {"node_id": 4183, "node_type": "endpoint", "degree": 1, "link_types": "sidewalk"}, "geometry": {"type": "Point", "coordinates": [-71.0766187, 42.427003]}}, {"type": "Feature", "properties": {"node_id": 4184, "node_type": "type_change", "degree": 3, "link_types": "pseudo+sidewalk"}, "geometry": {"type": "Point", "coordinates": [-71.0740391, 42.425598]}}, {"type": "Feature", "properties": {"node_id": 4185, "node_type": "junction", "degree": 3, "link_types": "sidewalk"}, "geometry": {"type": "Point", "coordinates": [-71.0740401, 42.4255973]}}, {"type": "Feature", "properties": {"node_id": 4186, "node_type": "endpoint", "degree": 1, "link_types": "sidewalk"}, "geometry": {"type": "Point", "coordinates": [-71.0663149, 42.4201729]}}, {"type": "Feature", "properties": {"node_id": 4187, "node_type": "endpoint", "degree": 1, "link_types": "sidewalk"}, "geometry": {"type": "Point", "coordinates": [-71.0841486, 42.4196143]}}, {"type": "Feature", "properties": {"node_id": 4188, "node_type": "endpoint", "degree": 1, "link_types": "sidewalk"}, "geometry": {"type": "Point", "coordinates": [-71.0684018, 42.4182009]}}, {"type": "Feature", "properties": {"node_id": 4189, "node_type": "type_change", "degree": 2, "link_types": "pseudo+sidewalk"}, "geometry": {"type": "Point", "coordinates": [-71.0684009, 42.4182016]}}, {"type": "Feature", "properties": {"node_id": 4190, "node_type": "type_change", "degree": 2, "link_types": "crosswalk+pseudo"}, "geometry": {"type": "Point", "coordinates": [-71.0683855, 42.4182084]}}, {"type": "Feature", "properties": {"node_id": 4191, "node_type": "type_change", "degree": 2, "link_types": "crosswalk+pseudo"}, "geometry": {"type": "Point", "coordinates": [-71.0683388, 42.4181768]}}, {"type": "Feature", "properties": {"node_id": 4192, "node_type": "type_change", "degree": 2, "link_types": "pseudo+sidewalk"}, "geometry": {"type": "Point", "coordinates": [-71.0769156, 42.4216527]}}, {"type": "Feature", "properties": {"node_id": 4193, "node_type": "type_change", "degree": 2, "link_types": "crosswalk+pseudo"}, "geometry": {"type": "Point", "coordinates": [-71.0769363, 42.4216624]}}, {"type": "Feature", "properties": {"node_id": 4194, "node_type": "type_change", "degree": 2, "link_types": "crosswalk+pseudo"}, "geometry": {"type": "Point", "coordinates": [-71.0768941, 42.4216797]}}, {"type": "Feature", "properties": {"node_id": 4195, "node_type": "junction", "degree": 3, "link_types": "sidewalk"}, "geometry": {"type": "Point", "coordinates": [-71.0739226, 42.4258984]}}, {"type": "Feature", "properties": {"node_id": 4196, "node_type": "junction", "degree": 3, "link_types": "sidewalk"}, "geometry": {"type": "Point", "coordinates": [-71.0741147, 42.4260916]}}, {"type": "Feature", "properties": {"node_id": 4197, "node_type": "type_change", "degree": 2, "link_types": "pseudo+sidewalk"}, "geometry": {"type": "Point", "coordinates": [-71.0739216, 42.4258977]}}, {"type": "Feature", "properties": {"node_id": 4198, "node_type": "type_change", "degree": 2, "link_types": "crosswalk+pseudo"}, "geometry": {"type": "Point", "coordinates": [-71.0739097, 42.4258892]}}, {"type": "Feature", "properties": {"node_id": 4199, "node_type": "type_change", "degree": 2, "link_types": "crosswalk+pseudo"}, "geometry": {"type": "Point", "coordinates": [-71.0737305, 42.4258219]}}, {"type": "Feature", "properties": {"node_id": 4200, "node_type": "endpoint", "degree": 1, "link_types": "pseudo"}, "geometry": {"type": "Point", "coordinates": [-71.0737284, 42.4258183]}}, {"type": "Feature", "properties": {"node_id": 4201, "node_type": "type_change", "degree": 2, "link_types": "crosswalk+pseudo"}, "geometry": {"type": "Point", "coordinates": [-71.0811951, 42.4285913]}}, {"type": "Feature", "properties": {"node_id": 4202, "node_type": "type_change", "degree": 2, "link_types": "crosswalk+pseudo"}, "geometry": {"type": "Point", "coordinates": [-71.0812687, 42.4285814]}}, {"type": "Feature", "properties": {"node_id": 4203, "node_type": "type_change", "degree": 3, "link_types": "pseudo+sidewalk"}, "geometry": {"type": "Point", "coordinates": [-71.0681722, 42.4287529]}}, {"type": "Feature", "properties": {"node_id": 4204, "node_type": "type_change", "degree": 2, "link_types": "crosswalk+pseudo"}, "geometry": {"type": "Point", "coordinates": [-71.0776958, 42.4203979]}}, {"type": "Feature", "properties": {"node_id": 4205, "node_type": "type_change", "degree": 2, "link_types": "crosswalk+pseudo"}, "geometry": {"type": "Point", "coordinates": [-71.0777025, 42.4203063]}}, {"type": "Feature", "properties": {"node_id": 4206, "node_type": "junction", "degree": 3, "link_types": "pseudo"}, "geometry": {"type": "Point", "coordinates": [-71.077717, 42.4203032]}}, {"type": "Feature", "properties": {"node_id": 4207, "node_type": "endpoint", "degree": 1, "link_types": "sidewalk"}, "geometry": {"type": "Point", "coordinates": [-71.0671033, 42.4227148]}}, {"type": "Feature", "properties": {"node_id": 4208, "node_type": "type_change", "degree": 2, "link_types": "pseudo+sidewalk"}, "geometry": {"type": "Point", "coordinates": [-71.0671043, 42.4227148]}}, {"type": "Feature", "properties": {"node_id": 4209, "node_type": "type_change", "degree": 2, "link_types": "crosswalk+pseudo"}, "geometry": {"type": "Point", "coordinates": [-71.0671265, 42.42271]}}, {"type": "Feature", "properties": {"node_id": 4210, "node_type": "type_change", "degree": 2, "link_types": "crosswalk+pseudo"}, "geometry": {"type": "Point", "coordinates": [-71.0671377, 42.4227841]}}, {"type": "Feature", "properties": {"node_id": 4211, "node_type": "type_change", "degree": 3, "link_types": "pseudo+sidewalk"}, "geometry": {"type": "Point", "coordinates": [-71.0760844, 42.4265487]}}, {"type": "Feature", "properties": {"node_id": 4212, "node_type": "junction", "degree": 3, "link_types": "sidewalk"}, "geometry": {"type": "Point", "coordinates": [-71.0733133, 42.4272083]}}, {"type": "Feature", "properties": {"node_id": 4213, "node_type": "junction", "degree": 3, "link_types": "sidewalk"}, "geometry": {"type": "Point", "coordinates": [-71.0733133, 42.4272076]}}, {"type": "Feature", "properties": {"node_id": 4214, "node_type": "endpoint", "degree": 1, "link_types": "sidewalk"}, "geometry": {"type": "Point", "coordinates": [-71.0779132, 42.4289809]}}, {"type": "Feature", "properties": {"node_id": 4215, "node_type": "type_change", "degree": 2, "link_types": "midblock+sidewalk"}, "geometry": {"type": "Point", "coordinates": [-71.0779334, 42.42898]}}, {"type": "Feature", "properties": {"node_id": 4216, "node_type": "type_change", "degree": 2, "link_types": "midblock+sidewalk"}, "geometry": {"type": "Point", "coordinates": [-71.0779872, 42.4289777]}}, {"type": "Feature", "properties": {"node_id": 4217, "node_type": "endpoint", "degree": 1, "link_types": "sidewalk"}, "geometry": {"type": "Point", "coordinates": [-71.0842127, 42.4253046]}}, {"type": "Feature", "properties": {"node_id": 4218, "node_type": "type_change", "degree": 2, "link_types": "midblock+sidewalk"}, "geometry": {"type": "Point", "coordinates": [-71.0840969, 42.425335]}}, {"type": "Feature", "properties": {"node_id": 4219, "node_type": "type_change", "degree": 2, "link_types": "midblock+sidewalk"}, "geometry": {"type": "Point", "coordinates": [-71.0840432, 42.4253447]}}, {"type": "Feature", "properties": {"node_id": 4220, "node_type": "type_change", "degree": 2, "link_types": "midblock+sidewalk"}, "geometry": {"type": "Point", "coordinates": [-71.0838737, 42.4253778]}}, {"type": "Feature", "properties": {"node_id": 4221, "node_type": "type_change", "degree": 2, "link_types": "midblock+sidewalk"}, "geometry": {"type": "Point", "coordinates": [-71.0838366, 42.4253831]}}, {"type": "Feature", "properties": {"node_id": 4222, "node_type": "type_change", "degree": 2, "link_types": "midblock+sidewalk"}, "geometry": {"type": "Point", "coordinates": [-71.0835371, 42.4254379]}}, {"type": "Feature", "properties": {"node_id": 4223, "node_type": "type_change", "degree": 2, "link_types": "midblock+sidewalk"}, "geometry": {"type": "Point", "coordinates": [-71.0834571, 42.4254556]}}, {"type": "Feature", "properties": {"node_id": 4224, "node_type": "type_change", "degree": 2, "link_types": "midblock+sidewalk"}, "geometry": {"type": "Point", "coordinates": [-71.0833019, 42.4257466]}}, {"type": "Feature", "properties": {"node_id": 4225, "node_type": "type_change", "degree": 2, "link_types": "midblock+sidewalk"}, "geometry": {"type": "Point", "coordinates": [-71.0833152, 42.425776]}}, {"type": "Feature", "properties": {"node_id": 4226, "node_type": "type_change", "degree": 2, "link_types": "midblock+sidewalk"}, "geometry": {"type": "Point", "coordinates": [-71.0833189, 42.4257841]}}, {"type": "Feature", "properties": {"node_id": 4227, "node_type": "type_change", "degree": 2, "link_types": "midblock+sidewalk"}, "geometry": {"type": "Point", "coordinates": [-71.083336, 42.4258216]}}, {"type": "Feature", "properties": {"node_id": 4228, "node_type": "junction", "degree": 3, "link_types": "sidewalk"}, "geometry": {"type": "Point", "coordinates": [-71.0786953, 42.4272225]}}, {"type": "Feature", "properties": {"node_id": 4229, "node_type": "junction", "degree": 3, "link_types": "sidewalk"}, "geometry": {"type": "Point", "coordinates": [-71.0786953, 42.4272218]}}, {"type": "Feature", "properties": {"node_id": 4230, "node_type": "endpoint", "degree": 1, "link_types": "sidewalk"}, "geometry": {"type": "Point", "coordinates": [-71.0736761, 42.4267666]}}, {"type": "Feature", "properties": {"node_id": 4231, "node_type": "endpoint", "degree": 1, "link_types": "sidewalk"}, "geometry": {"type": "Point", "coordinates": [-71.0687357, 42.4251889]}}, {"type": "Feature", "properties": {"node_id": 4232, "node_type": "endpoint", "degree": 1, "link_types": "sidewalk"}, "geometry": {"type": "Point", "coordinates": [-71.0732391, 42.4272291]}}, {"type": "Feature", "properties": {"node_id": 4233, "node_type": "endpoint", "degree": 1, "link_types": "sidewalk"}, "geometry": {"type": "Point", "coordinates": [-71.0696761, 42.427733]}}, {"type": "Feature", "properties": {"node_id": 4234, "node_type": "type_change", "degree": 2, "link_types": "crosswalk+pseudo"}, "geometry": {"type": "Point", "coordinates": [-71.0706452, 42.4263921]}}, {"type": "Feature", "properties": {"node_id": 4235, "node_type": "type_change", "degree": 2, "link_types": "crosswalk+pseudo"}, "geometry": {"type": "Point", "coordinates": [-71.0706389, 42.4264945]}}, {"type": "Feature", "properties": {"node_id": 4236, "node_type": "endpoint", "degree": 1, "link_types": "sidewalk"}, "geometry": {"type": "Point", "coordinates": [-71.0831621, 42.4245882]}}, {"type": "Feature", "properties": {"node_id": 4237, "node_type": "type_change", "degree": 2, "link_types": "pseudo+sidewalk"}, "geometry": {"type": "Point", "coordinates": [-71.0831707, 42.4245844]}}, {"type": "Feature", "properties": {"node_id": 4238, "node_type": "type_change", "degree": 2, "link_types": "crosswalk+pseudo"}, "geometry": {"type": "Point", "coordinates": [-71.0831656, 42.4245787]}}, {"type": "Feature", "properties": {"node_id": 4239, "node_type": "type_change", "degree": 2, "link_types": "crosswalk+pseudo"}, "geometry": {"type": "Point", "coordinates": [-71.0830945, 42.4245447]}}, {"type": "Feature", "properties": {"node_id": 4240, "node_type": "endpoint", "degree": 1, "link_types": "pseudo"}, "geometry": {"type": "Point", "coordinates": [-71.0830794, 42.424558]}}, {"type": "Feature", "properties": {"node_id": 4241, "node_type": "type_change", "degree": 2, "link_types": "crosswalk+pseudo"}, "geometry": {"type": "Point", "coordinates": [-71.0844599, 42.4230812]}}, {"type": "Feature", "properties": {"node_id": 4242, "node_type": "type_change", "degree": 2, "link_types": "crosswalk+pseudo"}, "geometry": {"type": "Point", "coordinates": [-71.0844589, 42.4230812]}}, {"type": "Feature", "properties": {"node_id": 4243, "node_type": "endpoint", "degree": 1, "link_types": "crosswalk"}, "geometry": {"type": "Point", "coordinates": [-71.0844579, 42.4230812]}}, {"type": "Feature", "properties": {"node_id": 4244, "node_type": "type_change", "degree": 3, "link_types": "pseudo+sidewalk"}, "geometry": {"type": "Point", "coordinates": [-71.0674423, 42.4183522]}}, {"type": "Feature", "properties": {"node_id": 4245, "node_type": "junction", "degree": 3, "link_types": "sidewalk"}, "geometry": {"type": "Point", "coordinates": [-71.0687817, 42.4261138]}}, {"type": "Feature", "properties": {"node_id": 4246, "node_type": "endpoint", "degree": 1, "link_types": "sidewalk"}, "geometry": {"type": "Point", "coordinates": [-71.0721924, 42.4283403]}}, {"type": "Feature", "properties": {"node_id": 4247, "node_type": "type_change", "degree": 2, "link_types": "midblock+sidewalk"}, "geometry": {"type": "Point", "coordinates": [-71.0720396, 42.4283569]}}, {"type": "Feature", "properties": {"node_id": 4248, "node_type": "type_change", "degree": 2, "link_types": "midblock+sidewalk"}, "geometry": {"type": "Point", "coordinates": [-71.0719742, 42.4283641]}}, {"type": "Feature", "properties": {"node_id": 4249, "node_type": "endpoint", "degree": 1, "link_types": "sidewalk"}, "geometry": {"type": "Point", "coordinates": [-71.0715916, 42.4284059]}}, {"type": "Feature", "properties": {"node_id": 4250, "node_type": "type_change", "degree": 2, "link_types": "crosswalk+pseudo"}, "geometry": {"type": "Point", "coordinates": [-71.0707055, 42.4270689]}}, {"type": "Feature", "properties": {"node_id": 4251, "node_type": "type_change", "degree": 2, "link_types": "crosswalk+pseudo"}, "geometry": {"type": "Point", "coordinates": [-71.070677, 42.4271494]}}, {"type": "Feature", "properties": {"node_id": 4252, "node_type": "endpoint", "degree": 1, "link_types": "sidewalk"}, "geometry": {"type": "Point", "coordinates": [-71.0693776, 42.4168288]}}, {"type": "Feature", "properties": {"node_id": 4253, "node_type": "endpoint", "degree": 1, "link_types": "sidewalk"}, "geometry": {"type": "Point", "coordinates": [-71.0711335, 42.4247716]}}, {"type": "Feature", "properties": {"node_id": 4254, "node_type": "junction", "degree": 3, "link_types": "sidewalk"}, "geometry": {"type": "Point", "coordinates": [-71.0765034, 42.42675]}}, {"type": "Feature", "properties": {"node_id": 4255, "node_type": "type_change", "degree": 3, "link_types": "pseudo+sidewalk"}, "geometry": {"type": "Point", "coordinates": [-71.0765033, 42.4267493]}}, {"type": "Feature", "properties": {"node_id": 4256, "node_type": "type_change", "degree": 3, "link_types": "pseudo+sidewalk"}, "geometry": {"type": "Point", "coordinates": [-71.0814659, 42.4285468]}}, {"type": "Feature", "properties": {"node_id": 4257, "node_type": "type_change", "degree": 2, "link_types": "pseudo+sidewalk"}, "geometry": {"type": "Point", "coordinates": [-71.0781435, 42.4289738]}}, {"type": "Feature", "properties": {"node_id": 4258, "node_type": "type_change", "degree": 2, "link_types": "pseudo+sidewalk"}, "geometry": {"type": "Point", "coordinates": [-71.0781144, 42.4289758]}}, {"type": "Feature", "properties": {"node_id": 4259, "node_type": "type_change", "degree": 2, "link_types": "crosswalk+pseudo"}, "geometry": {"type": "Point", "coordinates": [-71.0781085, 42.4289744]}}, {"type": "Feature", "properties": {"node_id": 4260, "node_type": "type_change", "degree": 2, "link_types": "crosswalk+pseudo"}, "geometry": {"type": "Point", "coordinates": [-71.0780028, 42.4289828]}}, {"type": "Feature", "properties": {"node_id": 4261, "node_type": "type_change", "degree": 2, "link_types": "crosswalk+pseudo"}, "geometry": {"type": "Point", "coordinates": [-71.0781439, 42.4289587]}}, {"type": "Feature", "properties": {"node_id": 4262, "node_type": "type_change", "degree": 2, "link_types": "crosswalk+pseudo"}, "geometry": {"type": "Point", "coordinates": [-71.0781325, 42.4288767]}}, {"type": "Feature", "properties": {"node_id": 4263, "node_type": "endpoint", "degree": 1, "link_types": "sidewalk"}, "geometry": {"type": "Point", "coordinates": [-71.0693303, 42.4278344]}}, {"type": "Feature", "properties": {"node_id": 4264, "node_type": "type_change", "degree": 2, "link_types": "midblock+sidewalk"}, "geometry": {"type": "Point", "coordinates": [-71.0684817, 42.427847]}}, {"type": "Feature", "properties": {"node_id": 4265, "node_type": "type_change", "degree": 2, "link_types": "midblock+sidewalk"}, "geometry": {"type": "Point", "coordinates": [-71.0684124, 42.4278602]}}, {"type": "Feature", "properties": {"node_id": 4266, "node_type": "endpoint", "degree": 1, "link_types": "sidewalk"}, "geometry": {"type": "Point", "coordinates": [-71.0683676, 42.427895]}}, {"type": "Feature", "properties": {"node_id": 4267, "node_type": "endpoint", "degree": 1, "link_types": "sidewalk"}, "geometry": {"type": "Point", "coordinates": [-71.0722953, 42.4232276]}}, {"type": "Feature", "properties": {"node_id": 4268, "node_type": "endpoint", "degree": 1, "link_types": "sidewalk"}, "geometry": {"type": "Point", "coordinates": [-71.0724141, 42.4253572]}}, {"type": "Feature", "properties": {"node_id": 4269, "node_type": "type_change", "degree": 2, "link_types": "pseudo+sidewalk"}, "geometry": {"type": "Point", "coordinates": [-71.0723474, 42.4253404]}}, {"type": "Feature", "properties": {"node_id": 4270, "node_type": "type_change", "degree": 2, "link_types": "crosswalk+pseudo"}, "geometry": {"type": "Point", "coordinates": [-71.0723332, 42.4253515]}}, {"type": "Feature", "properties": {"node_id": 4271, "node_type": "type_change", "degree": 2, "link_types": "crosswalk+pseudo"}, "geometry": {"type": "Point", "coordinates": [-71.0723213, 42.4254331]}}, {"type": "Feature", "properties": {"node_id": 4272, "node_type": "endpoint", "degree": 1, "link_types": "sidewalk"}, "geometry": {"type": "Point", "coordinates": [-71.0797853, 42.4184847]}}, {"type": "Feature", "properties": {"node_id": 4273, "node_type": "endpoint", "degree": 1, "link_types": "sidewalk"}, "geometry": {"type": "Point", "coordinates": [-71.0760529, 42.4265377]}}, {"type": "Feature", "properties": {"node_id": 4274, "node_type": "type_change", "degree": 2, "link_types": "crosswalk+pseudo"}, "geometry": {"type": "Point", "coordinates": [-71.0819557, 42.4211325]}}, {"type": "Feature", "properties": {"node_id": 4275, "node_type": "type_change", "degree": 2, "link_types": "crosswalk+pseudo"}, "geometry": {"type": "Point", "coordinates": [-71.0820906, 42.4211272]}}, {"type": "Feature", "properties": {"node_id": 4276, "node_type": "endpoint", "degree": 1, "link_types": "sidewalk"}, "geometry": {"type": "Point", "coordinates": [-71.0673789, 42.4199145]}}, {"type": "Feature", "properties": {"node_id": 4277, "node_type": "junction", "degree": 3, "link_types": "sidewalk"}, "geometry": {"type": "Point", "coordinates": [-71.0741157, 42.4260923]}}, {"type": "Feature", "properties": {"node_id": 4278, "node_type": "junction", "degree": 3, "link_types": "sidewalk"}, "geometry": {"type": "Point", "coordinates": [-71.0741157, 42.4260916]}}, {"type": "Feature", "properties": {"node_id": 4279, "node_type": "endpoint", "degree": 1, "link_types": "crosswalk"}, "geometry": {"type": "Point", "coordinates": [-71.0754858, 42.4215806]}}, {"type": "Feature", "properties": {"node_id": 4280, "node_type": "type_change", "degree": 3, "link_types": "crosswalk+pseudo"}, "geometry": {"type": "Point", "coordinates": [-71.0754848, 42.4215806]}}, {"type": "Feature", "properties": {"node_id": 4281, "node_type": "type_change", "degree": 3, "link_types": "crosswalk+pseudo"}, "geometry": {"type": "Point", "coordinates": [-71.0695091, 42.4202348]}}, {"type": "Feature", "properties": {"node_id": 4282, "node_type": "junction", "degree": 3, "link_types": "crosswalk"}, "geometry": {"type": "Point", "coordinates": [-71.0695101, 42.4202341]}}, {"type": "Feature", "properties": {"node_id": 4283, "node_type": "endpoint", "degree": 1, "link_types": "sidewalk"}, "geometry": {"type": "Point", "coordinates": [-71.0827909, 42.4238629]}}, {"type": "Feature", "properties": {"node_id": 4284, "node_type": "endpoint", "degree": 1, "link_types": "sidewalk"}, "geometry": {"type": "Point", "coordinates": [-71.0844602, 42.4202455]}}, {"type": "Feature", "properties": {"node_id": 4285, "node_type": "type_change", "degree": 3, "link_types": "pseudo+sidewalk"}, "geometry": {"type": "Point", "coordinates": [-71.0682171, 42.4285504]}}, {"type": "Feature", "properties": {"node_id": 4286, "node_type": "type_change", "degree": 3, "link_types": "pseudo+sidewalk"}, "geometry": {"type": "Point", "coordinates": [-71.068217, 42.4285497]}}, {"type": "Feature", "properties": {"node_id": 4287, "node_type": "junction", "degree": 3, "link_types": "sidewalk"}, "geometry": {"type": "Point", "coordinates": [-71.0679764, 42.4252832]}}, {"type": "Feature", "properties": {"node_id": 4288, "node_type": "type_change", "degree": 3, "link_types": "pseudo+sidewalk"}, "geometry": {"type": "Point", "coordinates": [-71.0679754, 42.4252833]}}, {"type": "Feature", "properties": {"node_id": 4289, "node_type": "type_change", "degree": 3, "link_types": "pseudo+sidewalk"}, "geometry": {"type": "Point", "coordinates": [-71.0679764, 42.4252825]}}, {"type": "Feature", "properties": {"node_id": 4290, "node_type": "type_change", "degree": 3, "link_types": "pseudo+sidewalk"}, "geometry": {"type": "Point", "coordinates": [-71.0777179, 42.4203031]}}, {"type": "Feature", "properties": {"node_id": 4291, "node_type": "type_change", "degree": 2, "link_types": "crosswalk+pseudo"}, "geometry": {"type": "Point", "coordinates": [-71.0778718, 42.4269925]}}, {"type": "Feature", "properties": {"node_id": 4292, "node_type": "type_change", "degree": 2, "link_types": "crosswalk+pseudo"}, "geometry": {"type": "Point", "coordinates": [-71.0778928, 42.4268913]}}, {"type": "Feature", "properties": {"node_id": 4293, "node_type": "junction", "degree": 3, "link_types": "pseudo"}, "geometry": {"type": "Point", "coordinates": [-71.0778923, 42.4268776]}}, {"type": "Feature", "properties": {"node_id": 4294, "node_type": "type_change", "degree": 2, "link_types": "midblock+sidewalk"}, "geometry": {"type": "Point", "coordinates": [-71.0687223, 42.4256025]}}, {"type": "Feature", "properties": {"node_id": 4295, "node_type": "type_change", "degree": 2, "link_types": "midblock+sidewalk"}, "geometry": {"type": "Point", "coordinates": [-71.0687618, 42.4255713]}}, {"type": "Feature", "properties": {"node_id": 4296, "node_type": "endpoint", "degree": 1, "link_types": "sidewalk"}, "geometry": {"type": "Point", "coordinates": [-71.0687781, 42.4254431]}}, {"type": "Feature", "properties": {"node_id": 4297, "node_type": "endpoint", "degree": 1, "link_types": "sidewalk"}, "geometry": {"type": "Point", "coordinates": [-71.0801009, 42.4209119]}}, {"type": "Feature", "properties": {"node_id": 4298, "node_type": "junction", "degree": 3, "link_types": "sidewalk"}, "geometry": {"type": "Point", "coordinates": [-71.0724564, 42.4209481]}}, {"type": "Feature", "properties": {"node_id": 4299, "node_type": "junction", "degree": 3, "link_types": "sidewalk"}, "geometry": {"type": "Point", "coordinates": [-71.0724565, 42.4209488]}}, {"type": "Feature", "properties": {"node_id": 4300, "node_type": "junction", "degree": 3, "link_types": "sidewalk"}, "geometry": {"type": "Point", "coordinates": [-71.0724555, 42.4209489]}}, {"type": "Feature", "properties": {"node_id": 4301, "node_type": "endpoint", "degree": 1, "link_types": "sidewalk"}, "geometry": {"type": "Point", "coordinates": [-71.0724282, 42.4208283]}}, {"type": "Feature", "properties": {"node_id": 4302, "node_type": "type_change", "degree": 2, "link_types": "crosswalk+pseudo"}, "geometry": {"type": "Point", "coordinates": [-71.0715416, 42.4263269]}}, {"type": "Feature", "properties": {"node_id": 4303, "node_type": "type_change", "degree": 2, "link_types": "crosswalk+pseudo"}, "geometry": {"type": "Point", "coordinates": [-71.0714233, 42.4263369]}}, {"type": "Feature", "properties": {"node_id": 4304, "node_type": "type_change", "degree": 3, "link_types": "pseudo+sidewalk"}, "geometry": {"type": "Point", "coordinates": [-71.0714135, 42.4263335]}}, {"type": "Feature", "properties": {"node_id": 4305, "node_type": "type_change", "degree": 2, "link_types": "midblock+sidewalk"}, "geometry": {"type": "Point", "coordinates": [-71.0745284, 42.4269082]}}, {"type": "Feature", "properties": {"node_id": 4306, "node_type": "endpoint", "degree": 1, "link_types": "midblock"}, "geometry": {"type": "Point", "coordinates": [-71.0745181, 42.4269402]}}, {"type": "Feature", "properties": {"node_id": 4307, "node_type": "junction", "degree": 3, "link_types": "sidewalk"}, "geometry": {"type": "Point", "coordinates": [-71.0809602, 42.4266663]}}, {"type": "Feature", "properties": {"node_id": 4308, "node_type": "endpoint", "degree": 1, "link_types": "sidewalk"}, "geometry": {"type": "Point", "coordinates": [-71.0809995, 42.4267074]}}, {"type": "Feature", "properties": {"node_id": 4309, "node_type": "type_change", "degree": 2, "link_types": "pseudo+sidewalk"}, "geometry": {"type": "Point", "coordinates": [-71.0809612, 42.4266655]}}, {"type": "Feature", "properties": {"node_id": 4310, "node_type": "type_change", "degree": 2, "link_types": "crosswalk+pseudo"}, "geometry": {"type": "Point", "coordinates": [-71.0809669, 42.4266633]}}, {"type": "Feature", "properties": {"node_id": 4311, "node_type": "type_change", "degree": 2, "link_types": "crosswalk+pseudo"}, "geometry": {"type": "Point", "coordinates": [-71.0811709, 42.4266848]}}, {"type": "Feature", "properties": {"node_id": 4312, "node_type": "type_change", "degree": 2, "link_types": "midblock+sidewalk"}, "geometry": {"type": "Point", "coordinates": [-71.0798276, 42.4267697]}}, {"type": "Feature", "properties": {"node_id": 4313, "node_type": "endpoint", "degree": 1, "link_types": "midblock"}, "geometry": {"type": "Point", "coordinates": [-71.0797704, 42.4267686]}}, {"type": "Feature", "properties": {"node_id": 4314, "node_type": "endpoint", "degree": 1, "link_types": "sidewalk"}, "geometry": {"type": "Point", "coordinates": [-71.0797365, 42.4259176]}}, {"type": "Feature", "properties": {"node_id": 4315, "node_type": "endpoint", "degree": 1, "link_types": "sidewalk"}, "geometry": {"type": "Point", "coordinates": [-71.0788586, 42.4167466]}}, {"type": "Feature", "properties": {"node_id": 4316, "node_type": "type_change", "degree": 2, "link_types": "midblock+sidewalk"}, "geometry": {"type": "Point", "coordinates": [-71.0792689, 42.4167516]}}, {"type": "Feature", "properties": {"node_id": 4317, "node_type": "type_change", "degree": 2, "link_types": "midblock+sidewalk"}, "geometry": {"type": "Point", "coordinates": [-71.0793377, 42.4167508]}}, {"type": "Feature", "properties": {"node_id": 4318, "node_type": "junction", "degree": 3, "link_types": "sidewalk"}, "geometry": {"type": "Point", "coordinates": [-71.0796378, 42.4167569]}}, {"type": "Feature", "properties": {"node_id": 4319, "node_type": "junction", "degree": 3, "link_types": "pseudo"}, "geometry": {"type": "Point", "coordinates": [-71.067798, 42.4241756]}}, {"type": "Feature", "properties": {"node_id": 4320, "node_type": "type_change", "degree": 2, "link_types": "crosswalk+pseudo"}, "geometry": {"type": "Point", "coordinates": [-71.0678015, 42.4241921]}}, {"type": "Feature", "properties": {"node_id": 4321, "node_type": "type_change", "degree": 2, "link_types": "crosswalk+pseudo"}, "geometry": {"type": "Point", "coordinates": [-71.0675738, 42.4242178]}}, {"type": "Feature", "properties": {"node_id": 4322, "node_type": "type_change", "degree": 2, "link_types": "midblock+sidewalk"}, "geometry": {"type": "Point", "coordinates": [-71.0797601, 42.4239895]}}, {"type": "Feature", "properties": {"node_id": 4323, "node_type": "type_change", "degree": 2, "link_types": "midblock+sidewalk"}, "geometry": {"type": "Point", "coordinates": [-71.0798128, 42.4239862]}}, {"type": "Feature", "properties": {"node_id": 4324, "node_type": "endpoint", "degree": 1, "link_types": "sidewalk"}, "geometry": {"type": "Point", "coordinates": [-71.0798301, 42.4239852]}}, {"type": "Feature", "properties": {"node_id": 4325, "node_type": "junction", "degree": 3, "link_types": "sidewalk"}, "geometry": {"type": "Point", "coordinates": [-71.06761, 42.425024]}}, {"type": "Feature", "properties": {"node_id": 4326, "node_type": "endpoint", "degree": 1, "link_types": "crosswalk"}, "geometry": {"type": "Point", "coordinates": [-71.0764383, 42.4267231]}}, {"type": "Feature", "properties": {"node_id": 4327, "node_type": "type_change", "degree": 2, "link_types": "crosswalk+pseudo"}, "geometry": {"type": "Point", "coordinates": [-71.0764383, 42.4267238]}}, {"type": "Feature", "properties": {"node_id": 4328, "node_type": "junction", "degree": 3, "link_types": "pseudo"}, "geometry": {"type": "Point", "coordinates": [-71.0764393, 42.4267245]}}, {"type": "Feature", "properties": {"node_id": 4329, "node_type": "type_change", "degree": 2, "link_types": "pseudo+sidewalk"}, "geometry": {"type": "Point", "coordinates": [-71.070024, 42.4287901]}}, {"type": "Feature", "properties": {"node_id": 4330, "node_type": "type_change", "degree": 2, "link_types": "crosswalk+pseudo"}, "geometry": {"type": "Point", "coordinates": [-71.0700267, 42.4287821]}}, {"type": "Feature", "properties": {"node_id": 4331, "node_type": "type_change", "degree": 2, "link_types": "crosswalk+pseudo"}, "geometry": {"type": "Point", "coordinates": [-71.0701855, 42.4287605]}}, {"type": "Feature", "properties": {"node_id": 4332, "node_type": "type_change", "degree": 3, "link_types": "pseudo+sidewalk"}, "geometry": {"type": "Point", "coordinates": [-71.0701998, 42.4287545]}}, {"type": "Feature", "properties": {"node_id": 4333, "node_type": "endpoint", "degree": 1, "link_types": "sidewalk"}, "geometry": {"type": "Point", "coordinates": [-71.0802539, 42.4224523]}}, {"type": "Feature", "properties": {"node_id": 4334, "node_type": "endpoint", "degree": 1, "link_types": "sidewalk"}, "geometry": {"type": "Point", "coordinates": [-71.0802791, 42.4225952]}}, {"type": "Feature", "properties": {"node_id": 4335, "node_type": "endpoint", "degree": 1, "link_types": "sidewalk"}, "geometry": {"type": "Point", "coordinates": [-71.0764455, 42.4267338]}}, {"type": "Feature", "properties": {"node_id": 4336, "node_type": "type_change", "degree": 2, "link_types": "pseudo+sidewalk"}, "geometry": {"type": "Point", "coordinates": [-71.0764454, 42.4267331]}}, {"type": "Feature", "properties": {"node_id": 4337, "node_type": "endpoint", "degree": 1, "link_types": "midblock"}, "geometry": {"type": "Point", "coordinates": [-71.0827642, 42.4217655]}}, {"type": "Feature", "properties": {"node_id": 4338, "node_type": "type_change", "degree": 2, "link_types": "midblock+sidewalk"}, "geometry": {"type": "Point", "coordinates": [-71.0828915, 42.4217659]}}, {"type": "Feature", "properties": {"node_id": 4339, "node_type": "type_change", "degree": 2, "link_types": "midblock+sidewalk"}, "geometry": {"type": "Point", "coordinates": [-71.0830499, 42.4217665]}}, {"type": "Feature", "properties": {"node_id": 4340, "node_type": "type_change", "degree": 2, "link_types": "midblock+sidewalk"}, "geometry": {"type": "Point", "coordinates": [-71.083114, 42.4217667]}}, {"type": "Feature", "properties": {"node_id": 4341, "node_type": "type_change", "degree": 2, "link_types": "midblock+sidewalk"}, "geometry": {"type": "Point", "coordinates": [-71.0836115, 42.4217683]}}, {"type": "Feature", "properties": {"node_id": 4342, "node_type": "type_change", "degree": 2, "link_types": "midblock+sidewalk"}, "geometry": {"type": "Point", "coordinates": [-71.0837243, 42.4217687]}}, {"type": "Feature", "properties": {"node_id": 4343, "node_type": "type_change", "degree": 2, "link_types": "midblock+sidewalk"}, "geometry": {"type": "Point", "coordinates": [-71.0841293, 42.4217693]}}, {"type": "Feature", "properties": {"node_id": 4344, "node_type": "type_change", "degree": 2, "link_types": "midblock+sidewalk"}, "geometry": {"type": "Point", "coordinates": [-71.0841885, 42.4217695]}}, {"type": "Feature", "properties": {"node_id": 4345, "node_type": "type_change", "degree": 2, "link_types": "midblock+sidewalk"}, "geometry": {"type": "Point", "coordinates": [-71.084266, 42.4217699]}}, {"type": "Feature", "properties": {"node_id": 4346, "node_type": "type_change", "degree": 2, "link_types": "midblock+sidewalk"}, "geometry": {"type": "Point", "coordinates": [-71.084296, 42.4217701]}}, {"type": "Feature", "properties": {"node_id": 4347, "node_type": "endpoint", "degree": 1, "link_types": "sidewalk"}, "geometry": {"type": "Point", "coordinates": [-71.084594, 42.421787]}}, {"type": "Feature", "properties": {"node_id": 4348, "node_type": "endpoint", "degree": 1, "link_types": "sidewalk"}, "geometry": {"type": "Point", "coordinates": [-71.0693666, 42.4185638]}}, {"type": "Feature", "properties": {"node_id": 4349, "node_type": "type_change", "degree": 2, "link_types": "crosswalk+pseudo"}, "geometry": {"type": "Point", "coordinates": [-71.0673126, 42.4197925]}}, {"type": "Feature", "properties": {"node_id": 4350, "node_type": "endpoint", "degree": 1, "link_types": "crosswalk"}, "geometry": {"type": "Point", "coordinates": [-71.0794735, 42.422581]}}, {"type": "Feature", "properties": {"node_id": 4351, "node_type": "endpoint", "degree": 1, "link_types": "sidewalk"}, "geometry": {"type": "Point", "coordinates": [-71.0787319, 42.4272708]}}, {"type": "Feature", "properties": {"node_id": 4352, "node_type": "endpoint", "degree": 1, "link_types": "sidewalk"}, "geometry": {"type": "Point", "coordinates": [-71.0682338, 42.4156636]}}, {"type": "Feature", "properties": {"node_id": 4353, "node_type": "type_change", "degree": 2, "link_types": "midblock+sidewalk"}, "geometry": {"type": "Point", "coordinates": [-71.0689852, 42.4161151]}}, {"type": "Feature", "properties": {"node_id": 4354, "node_type": "type_change", "degree": 2, "link_types": "midblock+sidewalk"}, "geometry": {"type": "Point", "coordinates": [-71.0690337, 42.4160785]}}, {"type": "Feature", "properties": {"node_id": 4355, "node_type": "endpoint", "degree": 1, "link_types": "sidewalk"}, "geometry": {"type": "Point", "coordinates": [-71.070335, 42.4157561]}}, {"type": "Feature", "properties": {"node_id": 4356, "node_type": "type_change", "degree": 2, "link_types": "crosswalk+pseudo"}, "geometry": {"type": "Point", "coordinates": [-71.073479, 42.4274251]}}, {"type": "Feature", "properties": {"node_id": 4357, "node_type": "type_change", "degree": 2, "link_types": "pseudo+sidewalk"}, "geometry": {"type": "Point", "coordinates": [-71.0794345, 42.4250802]}}, {"type": "Feature", "properties": {"node_id": 4358, "node_type": "type_change", "degree": 2, "link_types": "crosswalk+pseudo"}, "geometry": {"type": "Point", "coordinates": [-71.0794386, 42.4250852]}}, {"type": "Feature", "properties": {"node_id": 4359, "node_type": "type_change", "degree": 2, "link_types": "crosswalk+pseudo"}, "geometry": {"type": "Point", "coordinates": [-71.0794454, 42.4251744]}}, {"type": "Feature", "properties": {"node_id": 4360, "node_type": "endpoint", "degree": 1, "link_types": "sidewalk"}, "geometry": {"type": "Point", "coordinates": [-71.078985, 42.4176873]}}, {"type": "Feature", "properties": {"node_id": 4361, "node_type": "type_change", "degree": 2, "link_types": "pseudo+sidewalk"}, "geometry": {"type": "Point", "coordinates": [-71.078984, 42.4176873]}}, {"type": "Feature", "properties": {"node_id": 4362, "node_type": "junction", "degree": 3, "link_types": "sidewalk"}, "geometry": {"type": "Point", "coordinates": [-71.0798655, 42.4167643]}}, {"type": "Feature", "properties": {"node_id": 4363, "node_type": "endpoint", "degree": 1, "link_types": "sidewalk"}, "geometry": {"type": "Point", "coordinates": [-71.0798605, 42.4168191]}}, {"type": "Feature", "properties": {"node_id": 4364, "node_type": "endpoint", "degree": 1, "link_types": "sidewalk"}, "geometry": {"type": "Point", "coordinates": [-71.0798807, 42.4167532]}}, {"type": "Feature", "properties": {"node_id": 4365, "node_type": "type_change", "degree": 2, "link_types": "pseudo+sidewalk"}, "geometry": {"type": "Point", "coordinates": [-71.0798645, 42.4167636]}}, {"type": "Feature", "properties": {"node_id": 4366, "node_type": "type_change", "degree": 2, "link_types": "crosswalk+pseudo"}, "geometry": {"type": "Point", "coordinates": [-71.0798576, 42.4167601]}}, {"type": "Feature", "properties": {"node_id": 4367, "node_type": "type_change", "degree": 2, "link_types": "crosswalk+pseudo"}, "geometry": {"type": "Point", "coordinates": [-71.0798417, 42.416661]}}, {"type": "Feature", "properties": {"node_id": 4368, "node_type": "type_change", "degree": 2, "link_types": "pseudo+sidewalk"}, "geometry": {"type": "Point", "coordinates": [-71.0821228, 42.4211]}}, {"type": "Feature", "properties": {"node_id": 4369, "node_type": "type_change", "degree": 2, "link_types": "midblock+sidewalk"}, "geometry": {"type": "Point", "coordinates": [-71.0822838, 42.4210995]}}, {"type": "Feature", "properties": {"node_id": 4370, "node_type": "type_change", "degree": 2, "link_types": "midblock+sidewalk"}, "geometry": {"type": "Point", "coordinates": [-71.0824118, 42.4210992]}}, {"type": "Feature", "properties": {"node_id": 4371, "node_type": "type_change", "degree": 2, "link_types": "midblock+sidewalk"}, "geometry": {"type": "Point", "coordinates": [-71.0829554, 42.421101]}}, {"type": "Feature", "properties": {"node_id": 4372, "node_type": "type_change", "degree": 2, "link_types": "midblock+sidewalk"}, "geometry": {"type": "Point", "coordinates": [-71.0830523, 42.4211023]}}, {"type": "Feature", "properties": {"node_id": 4373, "node_type": "type_change", "degree": 2, "link_types": "midblock+sidewalk"}, "geometry": {"type": "Point", "coordinates": [-71.0831563, 42.421106]}}, {"type": "Feature", "properties": {"node_id": 4374, "node_type": "type_change", "degree": 2, "link_types": "midblock+sidewalk"}, "geometry": {"type": "Point", "coordinates": [-71.0832204, 42.4211048]}}, {"type": "Feature", "properties": {"node_id": 4375, "node_type": "type_change", "degree": 2, "link_types": "midblock+sidewalk"}, "geometry": {"type": "Point", "coordinates": [-71.0833266, 42.4211031]}}, {"type": "Feature", "properties": {"node_id": 4376, "node_type": "type_change", "degree": 2, "link_types": "midblock+sidewalk"}, "geometry": {"type": "Point", "coordinates": [-71.0833746, 42.4211036]}}, {"type": "Feature", "properties": {"node_id": 4377, "node_type": "type_change", "degree": 2, "link_types": "midblock+sidewalk"}, "geometry": {"type": "Point", "coordinates": [-71.0833977, 42.4211038]}}, {"type": "Feature", "properties": {"node_id": 4378, "node_type": "type_change", "degree": 2, "link_types": "midblock+sidewalk"}, "geometry": {"type": "Point", "coordinates": [-71.0834568, 42.4210958]}}, {"type": "Feature", "properties": {"node_id": 4379, "node_type": "type_change", "degree": 2, "link_types": "midblock+sidewalk"}, "geometry": {"type": "Point", "coordinates": [-71.0836059, 42.4211041]}}, {"type": "Feature", "properties": {"node_id": 4380, "node_type": "type_change", "degree": 2, "link_types": "midblock+sidewalk"}, "geometry": {"type": "Point", "coordinates": [-71.0837162, 42.4211073]}}, {"type": "Feature", "properties": {"node_id": 4381, "node_type": "type_change", "degree": 2, "link_types": "midblock+sidewalk"}, "geometry": {"type": "Point", "coordinates": [-71.0841268, 42.4211043]}}, {"type": "Feature", "properties": {"node_id": 4382, "node_type": "type_change", "degree": 2, "link_types": "midblock+sidewalk"}, "geometry": {"type": "Point", "coordinates": [-71.084148, 42.4211046]}}, {"type": "Feature", "properties": {"node_id": 4383, "node_type": "type_change", "degree": 2, "link_types": "midblock+sidewalk"}, "geometry": {"type": "Point", "coordinates": [-71.0843218, 42.4211077]}}, {"type": "Feature", "properties": {"node_id": 4384, "node_type": "type_change", "degree": 2, "link_types": "midblock+sidewalk"}, "geometry": {"type": "Point", "coordinates": [-71.084369, 42.4211059]}}, {"type": "Feature", "properties": {"node_id": 4385, "node_type": "endpoint", "degree": 1, "link_types": "sidewalk"}, "geometry": {"type": "Point", "coordinates": [-71.084569, 42.421121]}}, {"type": "Feature", "properties": {"node_id": 4386, "node_type": "endpoint", "degree": 1, "link_types": "sidewalk"}, "geometry": {"type": "Point", "coordinates": [-71.082987, 42.427494]}}, {"type": "Feature", "properties": {"node_id": 4387, "node_type": "type_change", "degree": 2, "link_types": "midblock+sidewalk"}, "geometry": {"type": "Point", "coordinates": [-71.0829814, 42.4274803]}}, {"type": "Feature", "properties": {"node_id": 4388, "node_type": "type_change", "degree": 2, "link_types": "midblock+sidewalk"}, "geometry": {"type": "Point", "coordinates": [-71.08297, 42.4274521]}}, {"type": "Feature", "properties": {"node_id": 4389, "node_type": "type_change", "degree": 2, "link_types": "midblock+sidewalk"}, "geometry": {"type": "Point", "coordinates": [-71.0828053, 42.4271466]}}, {"type": "Feature", "properties": {"node_id": 4390, "node_type": "endpoint", "degree": 1, "link_types": "midblock"}, "geometry": {"type": "Point", "coordinates": [-71.0827775, 42.4271008]}}, {"type": "Feature", "properties": {"node_id": 4391, "node_type": "endpoint", "degree": 1, "link_types": "sidewalk"}, "geometry": {"type": "Point", "coordinates": [-71.0843839, 42.4260709]}}, {"type": "Feature", "properties": {"node_id": 4392, "node_type": "type_change", "degree": 2, "link_types": "midblock+sidewalk"}, "geometry": {"type": "Point", "coordinates": [-71.0846013, 42.4258825]}}, {"type": "Feature", "properties": {"node_id": 4393, "node_type": "type_change", "degree": 2, "link_types": "midblock+sidewalk"}, "geometry": {"type": "Point", "coordinates": [-71.0846542, 42.4258711]}}, {"type": "Feature", "properties": {"node_id": 4394, "node_type": "endpoint", "degree": 1, "link_types": "sidewalk"}, "geometry": {"type": "Point", "coordinates": [-71.0847208, 42.4258487]}}, {"type": "Feature", "properties": {"node_id": 4395, "node_type": "junction", "degree": 3, "link_types": "sidewalk"}, "geometry": {"type": "Point", "coordinates": [-71.0722885, 42.4180946]}}, {"type": "Feature", "properties": {"node_id": 4396, "node_type": "junction", "degree": 3, "link_types": "sidewalk"}, "geometry": {"type": "Point", "coordinates": [-71.0722895, 42.4180946]}}, {"type": "Feature", "properties": {"node_id": 4397, "node_type": "type_change", "degree": 3, "link_types": "pseudo+sidewalk"}, "geometry": {"type": "Point", "coordinates": [-71.0722885, 42.4180939]}}, {"type": "Feature", "properties": {"node_id": 4398, "node_type": "endpoint", "degree": 1, "link_types": "crosswalk"}, "geometry": {"type": "Point", "coordinates": [-71.0722413, 42.4275505]}}, {"type": "Feature", "properties": {"node_id": 4399, "node_type": "type_change", "degree": 2, "link_types": "crosswalk+pseudo"}, "geometry": {"type": "Point", "coordinates": [-71.0722081, 42.4275461]}}, {"type": "Feature", "properties": {"node_id": 4400, "node_type": "type_change", "degree": 2, "link_types": "pseudo+sidewalk"}, "geometry": {"type": "Point", "coordinates": [-71.072181, 42.427522]}}, {"type": "Feature", "properties": {"node_id": 4401, "node_type": "endpoint", "degree": 1, "link_types": "sidewalk"}, "geometry": {"type": "Point", "coordinates": [-71.0718145, 42.427497]}}, {"type": "Feature", "properties": {"node_id": 4402, "node_type": "junction", "degree": 3, "link_types": "pseudo"}, "geometry": {"type": "Point", "coordinates": [-71.0806818, 42.4286266]}}, {"type": "Feature", "properties": {"node_id": 4403, "node_type": "type_change", "degree": 2, "link_types": "crosswalk+pseudo"}, "geometry": {"type": "Point", "coordinates": [-71.0806832, 42.4286381]}}, {"type": "Feature", "properties": {"node_id": 4404, "node_type": "type_change", "degree": 2, "link_types": "crosswalk+pseudo"}, "geometry": {"type": "Point", "coordinates": [-71.0807081, 42.4286276]}}, {"type": "Feature", "properties": {"node_id": 4405, "node_type": "type_change", "degree": 3, "link_types": "pseudo+sidewalk"}, "geometry": {"type": "Point", "coordinates": [-71.0807079, 42.4286225]}}, {"type": "Feature", "properties": {"node_id": 4406, "node_type": "type_change", "degree": 2, "link_types": "pseudo+sidewalk"}, "geometry": {"type": "Point", "coordinates": [-71.0806828, 42.4286259]}}, {"type": "Feature", "properties": {"node_id": 4407, "node_type": "type_change", "degree": 2, "link_types": "pseudo+sidewalk"}, "geometry": {"type": "Point", "coordinates": [-71.0806808, 42.4286259]}}, {"type": "Feature", "properties": {"node_id": 4408, "node_type": "type_change", "degree": 2, "link_types": "midblock+sidewalk"}, "geometry": {"type": "Point", "coordinates": [-71.0806539, 42.4286285]}}, {"type": "Feature", "properties": {"node_id": 4409, "node_type": "type_change", "degree": 2, "link_types": "midblock+sidewalk"}, "geometry": {"type": "Point", "coordinates": [-71.0805258, 42.4286394]}}, {"type": "Feature", "properties": {"node_id": 4410, "node_type": "type_change", "degree": 2, "link_types": "crosswalk+sidewalk"}, "geometry": {"type": "Point", "coordinates": [-71.0802105, 42.4286669]}}, {"type": "Feature", "properties": {"node_id": 4411, "node_type": "type_change", "degree": 2, "link_types": "crosswalk+sidewalk"}, "geometry": {"type": "Point", "coordinates": [-71.0801979, 42.4286678]}}, {"type": "Feature", "properties": {"node_id": 4412, "node_type": "junction", "degree": 3, "link_types": "sidewalk"}, "geometry": {"type": "Point", "coordinates": [-71.0706223, 42.4270538]}}, {"type": "Feature", "properties": {"node_id": 4413, "node_type": "junction", "degree": 3, "link_types": "sidewalk"}, "geometry": {"type": "Point", "coordinates": [-71.0706223, 42.4270531]}}, {"type": "Feature", "properties": {"node_id": 4414, "node_type": "endpoint", "degree": 1, "link_types": "sidewalk"}, "geometry": {"type": "Point", "coordinates": [-71.0841914, 42.4166504]}}, {"type": "Feature", "properties": {"node_id": 4415, "node_type": "type_change", "degree": 2, "link_types": "midblock+sidewalk"}, "geometry": {"type": "Point", "coordinates": [-71.0840246, 42.416751]}}, {"type": "Feature", "properties": {"node_id": 4416, "node_type": "type_change", "degree": 2, "link_types": "midblock+sidewalk"}, "geometry": {"type": "Point", "coordinates": [-71.0840125, 42.4167632]}}, {"type": "Feature", "properties": {"node_id": 4417, "node_type": "type_change", "degree": 2, "link_types": "midblock+sidewalk"}, "geometry": {"type": "Point", "coordinates": [-71.0839628, 42.416813]}}, {"type": "Feature", "properties": {"node_id": 4418, "node_type": "type_change", "degree": 2, "link_types": "midblock+sidewalk"}, "geometry": {"type": "Point", "coordinates": [-71.0839172, 42.4168587]}}, {"type": "Feature", "properties": {"node_id": 4419, "node_type": "type_change", "degree": 2, "link_types": "midblock+sidewalk"}, "geometry": {"type": "Point", "coordinates": [-71.083728, 42.4170674]}}, {"type": "Feature", "properties": {"node_id": 4420, "node_type": "type_change", "degree": 2, "link_types": "midblock+sidewalk"}, "geometry": {"type": "Point", "coordinates": [-71.0836972, 42.4171006]}}, {"type": "Feature", "properties": {"node_id": 4421, "node_type": "type_change", "degree": 2, "link_types": "midblock+sidewalk"}, "geometry": {"type": "Point", "coordinates": [-71.0836392, 42.4171645]}}, {"type": "Feature", "properties": {"node_id": 4422, "node_type": "type_change", "degree": 2, "link_types": "midblock+sidewalk"}, "geometry": {"type": "Point", "coordinates": [-71.0835469, 42.4172676]}}, {"type": "Feature", "properties": {"node_id": 4423, "node_type": "type_change", "degree": 2, "link_types": "midblock+sidewalk"}, "geometry": {"type": "Point", "coordinates": [-71.0834182, 42.4174116]}}, {"type": "Feature", "properties": {"node_id": 4424, "node_type": "type_change", "degree": 2, "link_types": "midblock+sidewalk"}, "geometry": {"type": "Point", "coordinates": [-71.0833667, 42.4174691]}}, {"type": "Feature", "properties": {"node_id": 4425, "node_type": "type_change", "degree": 2, "link_types": "crosswalk+sidewalk"}, "geometry": {"type": "Point", "coordinates": [-71.0809082, 42.4265044]}}, {"type": "Feature", "properties": {"node_id": 4426, "node_type": "endpoint", "degree": 1, "link_types": "sidewalk"}, "geometry": {"type": "Point", "coordinates": [-71.0790438, 42.4289676]}}, {"type": "Feature", "properties": {"node_id": 4427, "node_type": "type_change", "degree": 3, "link_types": "pseudo+sidewalk"}, "geometry": {"type": "Point", "coordinates": [-71.0672772, 42.4287424]}}, {"type": "Feature", "properties": {"node_id": 4428, "node_type": "type_change", "degree": 2, "link_types": "midblock+sidewalk"}, "geometry": {"type": "Point", "coordinates": [-71.0702243, 42.4289885]}}, {"type": "Feature", "properties": {"node_id": 4429, "node_type": "endpoint", "degree": 1, "link_types": "midblock"}, "geometry": {"type": "Point", "coordinates": [-71.0702408, 42.4290542]}}, {"type": "Feature", "properties": {"node_id": 4430, "node_type": "endpoint", "degree": 1, "link_types": "sidewalk"}, "geometry": {"type": "Point", "coordinates": [-71.0701752, 42.4287434]}}, {"type": "Feature", "properties": {"node_id": 4431, "node_type": "type_change", "degree": 2, "link_types": "midblock+sidewalk"}, "geometry": {"type": "Point", "coordinates": [-71.080104, 42.4175967]}}, {"type": "Feature", "properties": {"node_id": 4432, "node_type": "type_change", "degree": 2, "link_types": "midblock+sidewalk"}, "geometry": {"type": "Point", "coordinates": [-71.0801594, 42.4175927]}}, {"type": "Feature", "properties": {"node_id": 4433, "node_type": "type_change", "degree": 3, "link_types": "pseudo+sidewalk"}, "geometry": {"type": "Point", "coordinates": [-71.0793117, 42.4238937]}}, {"type": "Feature", "properties": {"node_id": 4434, "node_type": "endpoint", "degree": 1, "link_types": "sidewalk"}, "geometry": {"type": "Point", "coordinates": [-71.0798025, 42.4239165]}}, {"type": "Feature", "properties": {"node_id": 4435, "node_type": "endpoint", "degree": 1, "link_types": "sidewalk"}, "geometry": {"type": "Point", "coordinates": [-71.0681689, 42.4253698]}}, {"type": "Feature", "properties": {"node_id": 4436, "node_type": "endpoint", "degree": 1, "link_types": "sidewalk"}, "geometry": {"type": "Point", "coordinates": [-71.070482, 42.4265744]}}, {"type": "Feature", "properties": {"node_id": 4437, "node_type": "type_change", "degree": 2, "link_types": "pseudo+sidewalk"}, "geometry": {"type": "Point", "coordinates": [-71.0704624, 42.426538]}}, {"type": "Feature", "properties": {"node_id": 4438, "node_type": "type_change", "degree": 2, "link_types": "crosswalk+pseudo"}, "geometry": {"type": "Point", "coordinates": [-71.0704671, 42.4265351]}}, {"type": "Feature", "properties": {"node_id": 4439, "node_type": "type_change", "degree": 2, "link_types": "crosswalk+pseudo"}, "geometry": {"type": "Point", "coordinates": [-71.0705868, 42.4265379]}}, {"type": "Feature", "properties": {"node_id": 4440, "node_type": "endpoint", "degree": 1, "link_types": "sidewalk"}, "geometry": {"type": "Point", "coordinates": [-71.0805643, 42.4240453]}}, {"type": "Feature", "properties": {"node_id": 4441, "node_type": "endpoint", "degree": 1, "link_types": "sidewalk"}, "geometry": {"type": "Point", "coordinates": [-71.0739396, 42.428921]}}, {"type": "Feature", "properties": {"node_id": 4442, "node_type": "type_change", "degree": 2, "link_types": "midblock+sidewalk"}, "geometry": {"type": "Point", "coordinates": [-71.0738927, 42.4287163]}}, {"type": "Feature", "properties": {"node_id": 4443, "node_type": "type_change", "degree": 2, "link_types": "midblock+sidewalk"}, "geometry": {"type": "Point", "coordinates": [-71.0738902, 42.4286998]}}, {"type": "Feature", "properties": {"node_id": 4444, "node_type": "endpoint", "degree": 1, "link_types": "sidewalk"}, "geometry": {"type": "Point", "coordinates": [-71.0738484, 42.428512]}}, {"type": "Feature", "properties": {"node_id": 4445, "node_type": "type_change", "degree": 2, "link_types": "midblock+sidewalk"}, "geometry": {"type": "Point", "coordinates": [-71.0770829, 42.4272296]}}, {"type": "Feature", "properties": {"node_id": 4446, "node_type": "type_change", "degree": 2, "link_types": "pseudo+sidewalk"}, "geometry": {"type": "Point", "coordinates": [-71.0791429, 42.4287597]}}, {"type": "Feature", "properties": {"node_id": 4447, "node_type": "type_change", "degree": 2, "link_types": "crosswalk+pseudo"}, "geometry": {"type": "Point", "coordinates": [-71.0791228, 42.428768]}}, {"type": "Feature", "properties": {"node_id": 4448, "node_type": "type_change", "degree": 2, "link_types": "crosswalk+pseudo"}, "geometry": {"type": "Point", "coordinates": [-71.0790082, 42.4287751]}}, {"type": "Feature", "properties": {"node_id": 4449, "node_type": "type_change", "degree": 2, "link_types": "midblock+sidewalk"}, "geometry": {"type": "Point", "coordinates": [-71.0791017, 42.428528]}}, {"type": "Feature", "properties": {"node_id": 4450, "node_type": "type_change", "degree": 2, "link_types": "midblock+sidewalk"}, "geometry": {"type": "Point", "coordinates": [-71.0790952, 42.4285091]}}, {"type": "Feature", "properties": {"node_id": 4451, "node_type": "type_change", "degree": 2, "link_types": "midblock+sidewalk"}, "geometry": {"type": "Point", "coordinates": [-71.079077, 42.4284086]}}, {"type": "Feature", "properties": {"node_id": 4452, "node_type": "type_change", "degree": 2, "link_types": "midblock+sidewalk"}, "geometry": {"type": "Point", "coordinates": [-71.0790724, 42.428383]}}, {"type": "Feature", "properties": {"node_id": 4453, "node_type": "type_change", "degree": 2, "link_types": "midblock+sidewalk"}, "geometry": {"type": "Point", "coordinates": [-71.0790664, 42.4283495]}}, {"type": "Feature", "properties": {"node_id": 4454, "node_type": "type_change", "degree": 2, "link_types": "midblock+sidewalk"}, "geometry": {"type": "Point", "coordinates": [-71.0790589, 42.4283074]}}, {"type": "Feature", "properties": {"node_id": 4455, "node_type": "type_change", "degree": 2, "link_types": "midblock+sidewalk"}, "geometry": {"type": "Point", "coordinates": [-71.0790453, 42.4282319]}}, {"type": "Feature", "properties": {"node_id": 4456, "node_type": "type_change", "degree": 2, "link_types": "midblock+sidewalk"}, "geometry": {"type": "Point", "coordinates": [-71.0790263, 42.4281164]}}, {"type": "Feature", "properties": {"node_id": 4457, "node_type": "endpoint", "degree": 1, "link_types": "sidewalk"}, "geometry": {"type": "Point", "coordinates": [-71.0790265, 42.428032]}}, {"type": "Feature", "properties": {"node_id": 4458, "node_type": "endpoint", "degree": 1, "link_types": "sidewalk"}, "geometry": {"type": "Point", "coordinates": [-71.0781714, 42.4234339]}}, {"type": "Feature", "properties": {"node_id": 4459, "node_type": "type_change", "degree": 2, "link_types": "midblock+sidewalk"}, "geometry": {"type": "Point", "coordinates": [-71.0788209, 42.4234338]}}, {"type": "Feature", "properties": {"node_id": 4460, "node_type": "type_change", "degree": 2, "link_types": "midblock+sidewalk"}, "geometry": {"type": "Point", "coordinates": [-71.0788663, 42.4234315]}}, {"type": "Feature", "properties": {"node_id": 4461, "node_type": "endpoint", "degree": 1, "link_types": "sidewalk"}, "geometry": {"type": "Point", "coordinates": [-71.0789637, 42.4234267]}}, {"type": "Feature", "properties": {"node_id": 4462, "node_type": "endpoint", "degree": 1, "link_types": "sidewalk"}, "geometry": {"type": "Point", "coordinates": [-71.078882, 42.4266932]}}, {"type": "Feature", "properties": {"node_id": 4463, "node_type": "type_change", "degree": 2, "link_types": "pseudo+sidewalk"}, "geometry": {"type": "Point", "coordinates": [-71.0788811, 42.4266939]}}, {"type": "Feature", "properties": {"node_id": 4464, "node_type": "type_change", "degree": 2, "link_types": "crosswalk+pseudo"}, "geometry": {"type": "Point", "coordinates": [-71.0788719, 42.4267092]}}, {"type": "Feature", "properties": {"node_id": 4465, "node_type": "type_change", "degree": 2, "link_types": "crosswalk+pseudo"}, "geometry": {"type": "Point", "coordinates": [-71.0789407, 42.4267332]}}, {"type": "Feature", "properties": {"node_id": 4466, "node_type": "endpoint", "degree": 1, "link_types": "sidewalk"}, "geometry": {"type": "Point", "coordinates": [-71.0808881, 42.4171679]}}, {"type": "Feature", "properties": {"node_id": 4467, "node_type": "type_change", "degree": 2, "link_types": "midblock+sidewalk"}, "geometry": {"type": "Point", "coordinates": [-71.0808014, 42.4172967]}}, {"type": "Feature", "properties": {"node_id": 4468, "node_type": "type_change", "degree": 2, "link_types": "midblock+sidewalk"}, "geometry": {"type": "Point", "coordinates": [-71.0807524, 42.4173695]}}, {"type": "Feature", "properties": {"node_id": 4469, "node_type": "junction", "degree": 3, "link_types": "sidewalk"}, "geometry": {"type": "Point", "coordinates": [-71.0693712, 42.4160141]}}, {"type": "Feature", "properties": {"node_id": 4470, "node_type": "junction", "degree": 3, "link_types": "sidewalk"}, "geometry": {"type": "Point", "coordinates": [-71.0693677, 42.4160243]}}, {"type": "Feature", "properties": {"node_id": 4471, "node_type": "junction", "degree": 3, "link_types": "sidewalk"}, "geometry": {"type": "Point", "coordinates": [-71.0693712, 42.4160134]}}, {"type": "Feature", "properties": {"node_id": 4472, "node_type": "endpoint", "degree": 1, "link_types": "sidewalk"}, "geometry": {"type": "Point", "coordinates": [-71.0793082, 42.4219342]}}, {"type": "Feature", "properties": {"node_id": 4473, "node_type": "type_change", "degree": 2, "link_types": "midblock+sidewalk"}, "geometry": {"type": "Point", "coordinates": [-71.0793152, 42.4220916]}}, {"type": "Feature", "properties": {"node_id": 4474, "node_type": "type_change", "degree": 2, "link_types": "midblock+sidewalk"}, "geometry": {"type": "Point", "coordinates": [-71.0793182, 42.4221246]}}, {"type": "Feature", "properties": {"node_id": 4475, "node_type": "type_change", "degree": 2, "link_types": "midblock+sidewalk"}, "geometry": {"type": "Point", "coordinates": [-71.0793315, 42.4222717]}}, {"type": "Feature", "properties": {"node_id": 4476, "node_type": "type_change", "degree": 2, "link_types": "midblock+sidewalk"}, "geometry": {"type": "Point", "coordinates": [-71.0793332, 42.4222911]}}, {"type": "Feature", "properties": {"node_id": 4477, "node_type": "type_change", "degree": 2, "link_types": "midblock+sidewalk"}, "geometry": {"type": "Point", "coordinates": [-71.0793362, 42.4223508]}}, {"type": "Feature", "properties": {"node_id": 4478, "node_type": "type_change", "degree": 2, "link_types": "midblock+sidewalk"}, "geometry": {"type": "Point", "coordinates": [-71.079336, 42.4224219]}}, {"type": "Feature", "properties": {"node_id": 4479, "node_type": "type_change", "degree": 2, "link_types": "midblock+sidewalk"}, "geometry": {"type": "Point", "coordinates": [-71.0788864, 42.422645]}}, {"type": "Feature", "properties": {"node_id": 4480, "node_type": "type_change", "degree": 2, "link_types": "midblock+sidewalk"}, "geometry": {"type": "Point", "coordinates": [-71.0788131, 42.4226404]}}, {"type": "Feature", "properties": {"node_id": 4481, "node_type": "endpoint", "degree": 1, "link_types": "sidewalk"}, "geometry": {"type": "Point", "coordinates": [-71.0787177, 42.4226344]}}, {"type": "Feature", "properties": {"node_id": 4482, "node_type": "type_change", "degree": 2, "link_types": "crosswalk+pseudo"}, "geometry": {"type": "Point", "coordinates": [-71.0674713, 42.4183192]}}, {"type": "Feature", "properties": {"node_id": 4483, "node_type": "type_change", "degree": 2, "link_types": "crosswalk+pseudo"}, "geometry": {"type": "Point", "coordinates": [-71.0674647, 42.4182351]}}, {"type": "Feature", "properties": {"node_id": 4484, "node_type": "type_change", "degree": 3, "link_types": "pseudo+sidewalk"}, "geometry": {"type": "Point", "coordinates": [-71.0674643, 42.4182236]}}, {"type": "Feature", "properties": {"node_id": 4485, "node_type": "endpoint", "degree": 1, "link_types": "sidewalk"}, "geometry": {"type": "Point", "coordinates": [-71.0785348, 42.4276606]}}, {"type": "Feature", "properties": {"node_id": 4486, "node_type": "junction", "degree": 3, "link_types": "sidewalk"}, "geometry": {"type": "Point", "coordinates": [-71.0786083, 42.4276484]}}, {"type": "Feature", "properties": {"node_id": 4487, "node_type": "type_change", "degree": 2, "link_types": "midblock+sidewalk"}, "geometry": {"type": "Point", "coordinates": [-71.0804567, 42.42745]}}, {"type": "Feature", "properties": {"node_id": 4488, "node_type": "type_change", "degree": 2, "link_types": "midblock+sidewalk"}, "geometry": {"type": "Point", "coordinates": [-71.0805932, 42.427409]}}, {"type": "Feature", "properties": {"node_id": 4489, "node_type": "type_change", "degree": 2, "link_types": "pseudo+sidewalk"}, "geometry": {"type": "Point", "coordinates": [-71.0800446, 42.4286771]}}, {"type": "Feature", "properties": {"node_id": 4490, "node_type": "type_change", "degree": 2, "link_types": "crosswalk+pseudo"}, "geometry": {"type": "Point", "coordinates": [-71.0800613, 42.428684]}}, {"type": "Feature", "properties": {"node_id": 4491, "node_type": "type_change", "degree": 2, "link_types": "crosswalk+pseudo"}, "geometry": {"type": "Point", "coordinates": [-71.0821696, 42.4217799]}}, {"type": "Feature", "properties": {"node_id": 4492, "node_type": "type_change", "degree": 3, "link_types": "pseudo+sidewalk"}, "geometry": {"type": "Point", "coordinates": [-71.082177, 42.4217683]}}, {"type": "Feature", "properties": {"node_id": 4493, "node_type": "type_change", "degree": 2, "link_types": "crosswalk+sidewalk"}, "geometry": {"type": "Point", "coordinates": [-71.0821584, 42.4217657]}}, {"type": "Feature", "properties": {"node_id": 4494, "node_type": "junction", "degree": 3, "link_types": "pseudo"}, "geometry": {"type": "Point", "coordinates": [-71.0814991, 42.4196171]}}, {"type": "Feature", "properties": {"node_id": 4495, "node_type": "type_change", "degree": 3, "link_types": "pseudo+sidewalk"}, "geometry": {"type": "Point", "coordinates": [-71.0815, 42.4196171]}}, {"type": "Feature", "properties": {"node_id": 4496, "node_type": "type_change", "degree": 2, "link_types": "crosswalk+pseudo"}, "geometry": {"type": "Point", "coordinates": [-71.0814835, 42.4196181]}}, {"type": "Feature", "properties": {"node_id": 4497, "node_type": "type_change", "degree": 2, "link_types": "crosswalk+pseudo"}, "geometry": {"type": "Point", "coordinates": [-71.0813542, 42.4196169]}}, {"type": "Feature", "properties": {"node_id": 4498, "node_type": "type_change", "degree": 3, "link_types": "pseudo+sidewalk"}, "geometry": {"type": "Point", "coordinates": [-71.0813417, 42.4196207]}}, {"type": "Feature", "properties": {"node_id": 4499, "node_type": "type_change", "degree": 3, "link_types": "pseudo+sidewalk"}, "geometry": {"type": "Point", "coordinates": [-71.0815, 42.4196164]}}, {"type": "Feature", "properties": {"node_id": 4500, "node_type": "type_change", "degree": 2, "link_types": "midblock+sidewalk"}, "geometry": {"type": "Point", "coordinates": [-71.0821308, 42.4215835]}}, {"type": "Feature", "properties": {"node_id": 4501, "node_type": "type_change", "degree": 2, "link_types": "midblock+sidewalk"}, "geometry": {"type": "Point", "coordinates": [-71.0821248, 42.4215647]}}, {"type": "Feature", "properties": {"node_id": 4502, "node_type": "endpoint", "degree": 1, "link_types": "sidewalk"}, "geometry": {"type": "Point", "coordinates": [-71.082118, 42.4215438]}}, {"type": "Feature", "properties": {"node_id": 4503, "node_type": "junction", "degree": 3, "link_types": "sidewalk"}, "geometry": {"type": "Point", "coordinates": [-71.0791673, 42.4288789]}}, {"type": "Feature", "properties": {"node_id": 4504, "node_type": "type_change", "degree": 2, "link_types": "midblock+sidewalk"}, "geometry": {"type": "Point", "coordinates": [-71.0795581, 42.4288455]}}, {"type": "Feature", "properties": {"node_id": 4505, "node_type": "type_change", "degree": 2, "link_types": "midblock+sidewalk"}, "geometry": {"type": "Point", "coordinates": [-71.0795963, 42.428841]}}, {"type": "Feature", "properties": {"node_id": 4506, "node_type": "type_change", "degree": 2, "link_types": "midblock+sidewalk"}, "geometry": {"type": "Point", "coordinates": [-71.0797827, 42.4288192]}}, {"type": "Feature", "properties": {"node_id": 4507, "node_type": "type_change", "degree": 2, "link_types": "midblock+sidewalk"}, "geometry": {"type": "Point", "coordinates": [-71.0798059, 42.4288177]}}, {"type": "Feature", "properties": {"node_id": 4508, "node_type": "type_change", "degree": 2, "link_types": "pseudo+sidewalk"}, "geometry": {"type": "Point", "coordinates": [-71.0791663, 42.4288782]}}, {"type": "Feature", "properties": {"node_id": 4509, "node_type": "type_change", "degree": 2, "link_types": "crosswalk+pseudo"}, "geometry": {"type": "Point", "coordinates": [-71.0791561, 42.4288661]}}, {"type": "Feature", "properties": {"node_id": 4510, "node_type": "endpoint", "degree": 1, "link_types": "sidewalk"}, "geometry": {"type": "Point", "coordinates": [-71.0799856, 42.41919]}}, {"type": "Feature", "properties": {"node_id": 4511, "node_type": "endpoint", "degree": 1, "link_types": "sidewalk"}, "geometry": {"type": "Point", "coordinates": [-71.0775842, 42.4174606]}}, {"type": "Feature", "properties": {"node_id": 4512, "node_type": "endpoint", "degree": 1, "link_types": "sidewalk"}, "geometry": {"type": "Point", "coordinates": [-71.0775223, 42.4175582]}}, {"type": "Feature", "properties": {"node_id": 4513, "node_type": "type_change", "degree": 2, "link_types": "crosswalk+pseudo"}, "geometry": {"type": "Point", "coordinates": [-71.076412, 42.4261026]}}, {"type": "Feature", "properties": {"node_id": 4514, "node_type": "type_change", "degree": 2, "link_types": "crosswalk+pseudo"}, "geometry": {"type": "Point", "coordinates": [-71.0763155, 42.4260971]}}, {"type": "Feature", "properties": {"node_id": 4515, "node_type": "type_change", "degree": 2, "link_types": "crosswalk+pseudo"}, "geometry": {"type": "Point", "coordinates": [-71.0737702, 42.4255222]}}, {"type": "Feature", "properties": {"node_id": 4516, "node_type": "type_change", "degree": 2, "link_types": "crosswalk+pseudo"}, "geometry": {"type": "Point", "coordinates": [-71.0740247, 42.4256019]}}, {"type": "Feature", "properties": {"node_id": 4517, "node_type": "junction", "degree": 3, "link_types": "sidewalk"}, "geometry": {"type": "Point", "coordinates": [-71.0671286, 42.4290441]}}, {"type": "Feature", "properties": {"node_id": 4518, "node_type": "type_change", "degree": 2, "link_types": "midblock+sidewalk"}, "geometry": {"type": "Point", "coordinates": [-71.0671164, 42.4288938]}}, {"type": "Feature", "properties": {"node_id": 4519, "node_type": "type_change", "degree": 2, "link_types": "midblock+sidewalk"}, "geometry": {"type": "Point", "coordinates": [-71.0670892, 42.4287292]}}, {"type": "Feature", "properties": {"node_id": 4520, "node_type": "type_change", "degree": 3, "link_types": "pseudo+sidewalk"}, "geometry": {"type": "Point", "coordinates": [-71.0670881, 42.4286702]}}, {"type": "Feature", "properties": {"node_id": 4521, "node_type": "endpoint", "degree": 1, "link_types": "sidewalk"}, "geometry": {"type": "Point", "coordinates": [-71.077214, 42.4285094]}}, {"type": "Feature", "properties": {"node_id": 4522, "node_type": "type_change", "degree": 2, "link_types": "midblock+sidewalk"}, "geometry": {"type": "Point", "coordinates": [-71.0772826, 42.4289115]}}, {"type": "Feature", "properties": {"node_id": 4523, "node_type": "junction", "degree": 3, "link_types": "midblock"}, "geometry": {"type": "Point", "coordinates": [-71.0772951, 42.428933]}}, {"type": "Feature", "properties": {"node_id": 4524, "node_type": "junction", "degree": 3, "link_types": "sidewalk"}, "geometry": {"type": "Point", "coordinates": [-71.0797471, 42.4177419]}}, {"type": "Feature", "properties": {"node_id": 4525, "node_type": "endpoint", "degree": 1, "link_types": "sidewalk"}, "geometry": {"type": "Point", "coordinates": [-71.0797858, 42.4178241]}}, {"type": "Feature", "properties": {"node_id": 4526, "node_type": "type_change", "degree": 2, "link_types": "pseudo+sidewalk"}, "geometry": {"type": "Point", "coordinates": [-71.0797481, 42.4177412]}}, {"type": "Feature", "properties": {"node_id": 4527, "node_type": "type_change", "degree": 2, "link_types": "crosswalk+pseudo"}, "geometry": {"type": "Point", "coordinates": [-71.0797643, 42.4177301]}}, {"type": "Feature", "properties": {"node_id": 4528, "node_type": "type_change", "degree": 2, "link_types": "crosswalk+pseudo"}, "geometry": {"type": "Point", "coordinates": [-71.0799849, 42.4177268]}}, {"type": "Feature", "properties": {"node_id": 4529, "node_type": "junction", "degree": 3, "link_types": "sidewalk"}, "geometry": {"type": "Point", "coordinates": [-71.0814799, 42.4286748]}}, {"type": "Feature", "properties": {"node_id": 4530, "node_type": "endpoint", "degree": 1, "link_types": "sidewalk"}, "geometry": {"type": "Point", "coordinates": [-71.081526, 42.4289218]}}, {"type": "Feature", "properties": {"node_id": 4531, "node_type": "type_change", "degree": 2, "link_types": "crosswalk+pseudo"}, "geometry": {"type": "Point", "coordinates": [-71.0751465, 42.4222013]}}, {"type": "Feature", "properties": {"node_id": 4532, "node_type": "type_change", "degree": 2, "link_types": "crosswalk+pseudo"}, "geometry": {"type": "Point", "coordinates": [-71.0750853, 42.4222341]}}, {"type": "Feature", "properties": {"node_id": 4533, "node_type": "endpoint", "degree": 1, "link_types": "pseudo"}, "geometry": {"type": "Point", "coordinates": [-71.0750942, 42.4222382]}}, {"type": "Feature", "properties": {"node_id": 4534, "node_type": "endpoint", "degree": 1, "link_types": "pseudo"}, "geometry": {"type": "Point", "coordinates": [-71.0751484, 42.4222005]}}, {"type": "Feature", "properties": {"node_id": 4535, "node_type": "type_change", "degree": 2, "link_types": "crosswalk+pseudo"}, "geometry": {"type": "Point", "coordinates": [-71.0793877, 42.4217815]}}, {"type": "Feature", "properties": {"node_id": 4536, "node_type": "type_change", "degree": 2, "link_types": "crosswalk+pseudo"}, "geometry": {"type": "Point", "coordinates": [-71.079301, 42.4217773]}}, {"type": "Feature", "properties": {"node_id": 4537, "node_type": "endpoint", "degree": 1, "link_types": "crosswalk"}, "geometry": {"type": "Point", "coordinates": [-71.0722644, 42.4194581]}}, {"type": "Feature", "properties": {"node_id": 4538, "node_type": "endpoint", "degree": 1, "link_types": "crosswalk"}, "geometry": {"type": "Point", "coordinates": [-71.0722444, 42.4194398]}}, {"type": "Feature", "properties": {"node_id": 4539, "node_type": "type_change", "degree": 2, "link_types": "pseudo+sidewalk"}, "geometry": {"type": "Point", "coordinates": [-71.0778933, 42.4268768]}}, {"type": "Feature", "properties": {"node_id": 4540, "node_type": "type_change", "degree": 2, "link_types": "pseudo+sidewalk"}, "geometry": {"type": "Point", "coordinates": [-71.0778914, 42.4268769]}}, {"type": "Feature", "properties": {"node_id": 4541, "node_type": "type_change", "degree": 2, "link_types": "midblock+sidewalk"}, "geometry": {"type": "Point", "coordinates": [-71.0778431, 42.4268809]}}, {"type": "Feature", "properties": {"node_id": 4542, "node_type": "type_change", "degree": 2, "link_types": "midblock+sidewalk"}, "geometry": {"type": "Point", "coordinates": [-71.0776914, 42.4268934]}}, {"type": "Feature", "properties": {"node_id": 4543, "node_type": "endpoint", "degree": 1, "link_types": "sidewalk"}, "geometry": {"type": "Point", "coordinates": [-71.0774506, 42.4268993]}}, {"type": "Feature", "properties": {"node_id": 4544, "node_type": "endpoint", "degree": 1, "link_types": "crosswalk"}, "geometry": {"type": "Point", "coordinates": [-71.0791367, 42.4287793]}}, {"type": "Feature", "properties": {"node_id": 4545, "node_type": "junction", "degree": 3, "link_types": "crosswalk"}, "geometry": {"type": "Point", "coordinates": [-71.0673169, 42.4285321]}}, {"type": "Feature", "properties": {"node_id": 4546, "node_type": "endpoint", "degree": 1, "link_types": "crosswalk"}, "geometry": {"type": "Point", "coordinates": [-71.0673189, 42.4285335]}}, {"type": "Feature", "properties": {"node_id": 4547, "node_type": "junction", "degree": 3, "link_types": "sidewalk"}, "geometry": {"type": "Point", "coordinates": [-71.0751215, 42.4221527]}}, {"type": "Feature", "properties": {"node_id": 4548, "node_type": "type_change", "degree": 2, "link_types": "pseudo+sidewalk"}, "geometry": {"type": "Point", "coordinates": [-71.079281, 42.4239072]}}, {"type": "Feature", "properties": {"node_id": 4549, "node_type": "type_change", "degree": 2, "link_types": "midblock+sidewalk"}, "geometry": {"type": "Point", "coordinates": [-71.0822692, 42.4219321]}}, {"type": "Feature", "properties": {"node_id": 4550, "node_type": "type_change", "degree": 2, "link_types": "midblock+sidewalk"}, "geometry": {"type": "Point", "coordinates": [-71.0822856, 42.4219749]}}, {"type": "Feature", "properties": {"node_id": 4551, "node_type": "type_change", "degree": 2, "link_types": "midblock+sidewalk"}, "geometry": {"type": "Point", "coordinates": [-71.0823023, 42.4220184]}}, {"type": "Feature", "properties": {"node_id": 4552, "node_type": "type_change", "degree": 2, "link_types": "midblock+sidewalk"}, "geometry": {"type": "Point", "coordinates": [-71.0823116, 42.4220426]}}, {"type": "Feature", "properties": {"node_id": 4553, "node_type": "type_change", "degree": 2, "link_types": "midblock+sidewalk"}, "geometry": {"type": "Point", "coordinates": [-71.0823135, 42.4220619]}}, {"type": "Feature", "properties": {"node_id": 4554, "node_type": "type_change", "degree": 2, "link_types": "midblock+sidewalk"}, "geometry": {"type": "Point", "coordinates": [-71.0823146, 42.4221043]}}, {"type": "Feature", "properties": {"node_id": 4555, "node_type": "type_change", "degree": 2, "link_types": "midblock+sidewalk"}, "geometry": {"type": "Point", "coordinates": [-71.0823168, 42.422192]}}, {"type": "Feature", "properties": {"node_id": 4556, "node_type": "type_change", "degree": 2, "link_types": "midblock+sidewalk"}, "geometry": {"type": "Point", "coordinates": [-71.0823178, 42.4222337]}}, {"type": "Feature", "properties": {"node_id": 4557, "node_type": "type_change", "degree": 2, "link_types": "midblock+sidewalk"}, "geometry": {"type": "Point", "coordinates": [-71.0823191, 42.4222855]}}, {"type": "Feature", "properties": {"node_id": 4558, "node_type": "type_change", "degree": 2, "link_types": "midblock+sidewalk"}, "geometry": {"type": "Point", "coordinates": [-71.08232, 42.4223208]}}, {"type": "Feature", "properties": {"node_id": 4559, "node_type": "type_change", "degree": 2, "link_types": "midblock+sidewalk"}, "geometry": {"type": "Point", "coordinates": [-71.0823224, 42.4224193]}}, {"type": "Feature", "properties": {"node_id": 4560, "node_type": "type_change", "degree": 2, "link_types": "midblock+sidewalk"}, "geometry": {"type": "Point", "coordinates": [-71.0823246, 42.4225085]}}, {"type": "Feature", "properties": {"node_id": 4561, "node_type": "endpoint", "degree": 1, "link_types": "sidewalk"}, "geometry": {"type": "Point", "coordinates": [-71.0717911, 42.4181346]}}, {"type": "Feature", "properties": {"node_id": 4562, "node_type": "endpoint", "degree": 1, "link_types": "sidewalk"}, "geometry": {"type": "Point", "coordinates": [-71.0710195, 42.4180297]}}, {"type": "Feature", "properties": {"node_id": 4563, "node_type": "endpoint", "degree": 1, "link_types": "pseudo"}, "geometry": {"type": "Point", "coordinates": [-71.0750019, 42.4233602]}}, {"type": "Feature", "properties": {"node_id": 4564, "node_type": "type_change", "degree": 3, "link_types": "crosswalk+pseudo"}, "geometry": {"type": "Point", "coordinates": [-71.0807738, 42.4273217]}}, {"type": "Feature", "properties": {"node_id": 4565, "node_type": "type_change", "degree": 2, "link_types": "pseudo+sidewalk"}, "geometry": {"type": "Point", "coordinates": [-71.0770414, 42.421752]}}, {"type": "Feature", "properties": {"node_id": 4566, "node_type": "type_change", "degree": 2, "link_types": "midblock+sidewalk"}, "geometry": {"type": "Point", "coordinates": [-71.0771907, 42.421755]}}, {"type": "Feature", "properties": {"node_id": 4567, "node_type": "type_change", "degree": 2, "link_types": "midblock+sidewalk"}, "geometry": {"type": "Point", "coordinates": [-71.0772595, 42.4217565]}}, {"type": "Feature", "properties": {"node_id": 4568, "node_type": "type_change", "degree": 2, "link_types": "midblock+sidewalk"}, "geometry": {"type": "Point", "coordinates": [-71.0773503, 42.4217552]}}, {"type": "Feature", "properties": {"node_id": 4569, "node_type": "type_change", "degree": 2, "link_types": "midblock+sidewalk"}, "geometry": {"type": "Point", "coordinates": [-71.0773801, 42.4217539]}}, {"type": "Feature", "properties": {"node_id": 4570, "node_type": "type_change", "degree": 2, "link_types": "midblock+sidewalk"}, "geometry": {"type": "Point", "coordinates": [-71.0774789, 42.4217527]}}, {"type": "Feature", "properties": {"node_id": 4571, "node_type": "type_change", "degree": 2, "link_types": "midblock+sidewalk"}, "geometry": {"type": "Point", "coordinates": [-71.0775352, 42.4217529]}}, {"type": "Feature", "properties": {"node_id": 4572, "node_type": "type_change", "degree": 2, "link_types": "midblock+sidewalk"}, "geometry": {"type": "Point", "coordinates": [-71.0780567, 42.4217569]}}, {"type": "Feature", "properties": {"node_id": 4573, "node_type": "type_change", "degree": 2, "link_types": "midblock+sidewalk"}, "geometry": {"type": "Point", "coordinates": [-71.0781373, 42.4217546]}}, {"type": "Feature", "properties": {"node_id": 4574, "node_type": "type_change", "degree": 2, "link_types": "midblock+sidewalk"}, "geometry": {"type": "Point", "coordinates": [-71.0788224, 42.4217567]}}, {"type": "Feature", "properties": {"node_id": 4575, "node_type": "type_change", "degree": 2, "link_types": "midblock+sidewalk"}, "geometry": {"type": "Point", "coordinates": [-71.0789118, 42.421757]}}, {"type": "Feature", "properties": {"node_id": 4576, "node_type": "type_change", "degree": 2, "link_types": "pseudo+sidewalk"}, "geometry": {"type": "Point", "coordinates": [-71.0770394, 42.421752]}}, {"type": "Feature", "properties": {"node_id": 4577, "node_type": "type_change", "degree": 2, "link_types": "pseudo+sidewalk"}, "geometry": {"type": "Point", "coordinates": [-71.0769932, 42.4217644]}}, {"type": "Feature", "properties": {"node_id": 4578, "node_type": "type_change", "degree": 2, "link_types": "crosswalk+pseudo"}, "geometry": {"type": "Point", "coordinates": [-71.0769738, 42.4217669]}}, {"type": "Feature", "properties": {"node_id": 4579, "node_type": "type_change", "degree": 2, "link_types": "pseudo+sidewalk"}, "geometry": {"type": "Point", "coordinates": [-71.0721169, 42.4234506]}}, {"type": "Feature", "properties": {"node_id": 4580, "node_type": "endpoint", "degree": 1, "link_types": "sidewalk"}, "geometry": {"type": "Point", "coordinates": [-71.0721251, 42.4235218]}}, {"type": "Feature", "properties": {"node_id": 4581, "node_type": "endpoint", "degree": 1, "link_types": "sidewalk"}, "geometry": {"type": "Point", "coordinates": [-71.0682361, 42.4170922]}}, {"type": "Feature", "properties": {"node_id": 4582, "node_type": "endpoint", "degree": 1, "link_types": "sidewalk"}, "geometry": {"type": "Point", "coordinates": [-71.0734424, 42.4274963]}}, {"type": "Feature", "properties": {"node_id": 4583, "node_type": "junction", "degree": 3, "link_types": "pseudo"}, "geometry": {"type": "Point", "coordinates": [-71.079436, 42.4238886]}}, {"type": "Feature", "properties": {"node_id": 4584, "node_type": "type_change", "degree": 2, "link_types": "pseudo+sidewalk"}, "geometry": {"type": "Point", "coordinates": [-71.079437, 42.4238893]}}, {"type": "Feature", "properties": {"node_id": 4585, "node_type": "type_change", "degree": 2, "link_types": "crosswalk+pseudo"}, "geometry": {"type": "Point", "coordinates": [-71.0794224, 42.4238888]}}, {"type": "Feature", "properties": {"node_id": 4586, "node_type": "type_change", "degree": 2, "link_types": "crosswalk+pseudo"}, "geometry": {"type": "Point", "coordinates": [-71.0793233, 42.4238935]}}, {"type": "Feature", "properties": {"node_id": 4587, "node_type": "type_change", "degree": 2, "link_types": "pseudo+sidewalk"}, "geometry": {"type": "Point", "coordinates": [-71.0794369, 42.4238878]}}, {"type": "Feature", "properties": {"node_id": 4588, "node_type": "endpoint", "degree": 1, "link_types": "sidewalk"}, "geometry": {"type": "Point", "coordinates": [-71.0740466, 42.4254718]}}, {"type": "Feature", "properties": {"node_id": 4589, "node_type": "type_change", "degree": 2, "link_types": "crosswalk+sidewalk"}, "geometry": {"type": "Point", "coordinates": [-71.069521, 42.4202418]}}, {"type": "Feature", "properties": {"node_id": 4590, "node_type": "type_change", "degree": 2, "link_types": "pseudo+sidewalk"}, "geometry": {"type": "Point", "coordinates": [-71.0695161, 42.4202412]}}, {"type": "Feature", "properties": {"node_id": 4591, "node_type": "endpoint", "degree": 1, "link_types": "sidewalk"}, "geometry": {"type": "Point", "coordinates": [-71.0809202, 42.4233393]}}, {"type": "Feature", "properties": {"node_id": 4592, "node_type": "endpoint", "degree": 1, "link_types": "sidewalk"}, "geometry": {"type": "Point", "coordinates": [-71.0842224, 42.4205229]}}, {"type": "Feature", "properties": {"node_id": 4593, "node_type": "type_change", "degree": 2, "link_types": "crosswalk+pseudo"}, "geometry": {"type": "Point", "coordinates": [-71.0681681, 42.428748]}}, {"type": "Feature", "properties": {"node_id": 4594, "node_type": "type_change", "degree": 2, "link_types": "crosswalk+pseudo"}, "geometry": {"type": "Point", "coordinates": [-71.0682148, 42.4285699]}}, {"type": "Feature", "properties": {"node_id": 4595, "node_type": "junction", "degree": 3, "link_types": "sidewalk"}, "geometry": {"type": "Point", "coordinates": [-71.0687579, 42.4262208]}}, {"type": "Feature", "properties": {"node_id": 4596, "node_type": "type_change", "degree": 3, "link_types": "pseudo+sidewalk"}, "geometry": {"type": "Point", "coordinates": [-71.0687579, 42.4262201]}}, {"type": "Feature", "properties": {"node_id": 4597, "node_type": "endpoint", "degree": 1, "link_types": "sidewalk"}, "geometry": {"type": "Point", "coordinates": [-71.0800446, 42.4206204]}}, {"type": "Feature", "properties": {"node_id": 4598, "node_type": "endpoint", "degree": 1, "link_types": "sidewalk"}, "geometry": {"type": "Point", "coordinates": [-71.0814666, 42.4200161]}}, {"type": "Feature", "properties": {"node_id": 4599, "node_type": "type_change", "degree": 3, "link_types": "pseudo+sidewalk"}, "geometry": {"type": "Point", "coordinates": [-71.0814905, 42.4200337]}}, {"type": "Feature", "properties": {"node_id": 4600, "node_type": "endpoint", "degree": 1, "link_types": "sidewalk"}, "geometry": {"type": "Point", "coordinates": [-71.0684947, 42.4251644]}}, {"type": "Feature", "properties": {"node_id": 4601, "node_type": "endpoint", "degree": 1, "link_types": "sidewalk"}, "geometry": {"type": "Point", "coordinates": [-71.0679674, 42.4259844]}}, {"type": "Feature", "properties": {"node_id": 4602, "node_type": "type_change", "degree": 2, "link_types": "midblock+sidewalk"}, "geometry": {"type": "Point", "coordinates": [-71.0683725, 42.4261145]}}, {"type": "Feature", "properties": {"node_id": 4603, "node_type": "type_change", "degree": 2, "link_types": "midblock+sidewalk"}, "geometry": {"type": "Point", "coordinates": [-71.0683866, 42.4261191]}}, {"type": "Feature", "properties": {"node_id": 4604, "node_type": "endpoint", "degree": 1, "link_types": "sidewalk"}, "geometry": {"type": "Point", "coordinates": [-71.0685382, 42.4261636]}}, {"type": "Feature", "properties": {"node_id": 4605, "node_type": "endpoint", "degree": 1, "link_types": "sidewalk"}, "geometry": {"type": "Point", "coordinates": [-71.0836875, 42.4176711]}}, {"type": "Feature", "properties": {"node_id": 4606, "node_type": "type_change", "degree": 2, "link_types": "midblock+sidewalk"}, "geometry": {"type": "Point", "coordinates": [-71.0836501, 42.4176698]}}, {"type": "Feature", "properties": {"node_id": 4607, "node_type": "type_change", "degree": 2, "link_types": "midblock+sidewalk"}, "geometry": {"type": "Point", "coordinates": [-71.0835572, 42.4176604]}}, {"type": "Feature", "properties": {"node_id": 4608, "node_type": "type_change", "degree": 2, "link_types": "midblock+sidewalk"}, "geometry": {"type": "Point", "coordinates": [-71.0812401, 42.4193809]}}, {"type": "Feature", "properties": {"node_id": 4609, "node_type": "type_change", "degree": 2, "link_types": "midblock+sidewalk"}, "geometry": {"type": "Point", "coordinates": [-71.0812361, 42.4193705]}}, {"type": "Feature", "properties": {"node_id": 4610, "node_type": "type_change", "degree": 2, "link_types": "midblock+sidewalk"}, "geometry": {"type": "Point", "coordinates": [-71.081196, 42.4192674]}}, {"type": "Feature", "properties": {"node_id": 4611, "node_type": "type_change", "degree": 2, "link_types": "midblock+sidewalk"}, "geometry": {"type": "Point", "coordinates": [-71.081161, 42.4191774]}}, {"type": "Feature", "properties": {"node_id": 4612, "node_type": "type_change", "degree": 2, "link_types": "midblock+sidewalk"}, "geometry": {"type": "Point", "coordinates": [-71.0811454, 42.4191373]}}, {"type": "Feature", "properties": {"node_id": 4613, "node_type": "type_change", "degree": 2, "link_types": "midblock+sidewalk"}, "geometry": {"type": "Point", "coordinates": [-71.0811163, 42.4190626]}}, {"type": "Feature", "properties": {"node_id": 4614, "node_type": "type_change", "degree": 2, "link_types": "midblock+sidewalk"}, "geometry": {"type": "Point", "coordinates": [-71.0811045, 42.4190321]}}, {"type": "Feature", "properties": {"node_id": 4615, "node_type": "type_change", "degree": 2, "link_types": "midblock+sidewalk"}, "geometry": {"type": "Point", "coordinates": [-71.0810933, 42.419007]}}, {"type": "Feature", "properties": {"node_id": 4616, "node_type": "endpoint", "degree": 1, "link_types": "sidewalk"}, "geometry": {"type": "Point", "coordinates": [-71.0810105, 42.4187809]}}, {"type": "Feature", "properties": {"node_id": 4617, "node_type": "endpoint", "degree": 1, "link_types": "sidewalk"}, "geometry": {"type": "Point", "coordinates": [-71.0781138, 42.416657]}}, {"type": "Feature", "properties": {"node_id": 4618, "node_type": "type_change", "degree": 2, "link_types": "midblock+sidewalk"}, "geometry": {"type": "Point", "coordinates": [-71.0777376, 42.4165835]}}, {"type": "Feature", "properties": {"node_id": 4619, "node_type": "type_change", "degree": 2, "link_types": "midblock+sidewalk"}, "geometry": {"type": "Point", "coordinates": [-71.0777375, 42.4165692]}}, {"type": "Feature", "properties": {"node_id": 4620, "node_type": "endpoint", "degree": 1, "link_types": "sidewalk"}, "geometry": {"type": "Point", "coordinates": [-71.0781382, 42.415952]}}, {"type": "Feature", "properties": {"node_id": 4621, "node_type": "endpoint", "degree": 1, "link_types": "sidewalk"}, "geometry": {"type": "Point", "coordinates": [-71.0724756, 42.4210558]}}, {"type": "Feature", "properties": {"node_id": 4622, "node_type": "endpoint", "degree": 1, "link_types": "sidewalk"}, "geometry": {"type": "Point", "coordinates": [-71.0755804, 42.421648]}}, {"type": "Feature", "properties": {"node_id": 4623, "node_type": "type_change", "degree": 2, "link_types": "pseudo+sidewalk"}, "geometry": {"type": "Point", "coordinates": [-71.0755794, 42.4216488]}}, {"type": "Feature", "properties": {"node_id": 4624, "node_type": "type_change", "degree": 2, "link_types": "crosswalk+pseudo"}, "geometry": {"type": "Point", "coordinates": [-71.0755719, 42.4216547]}}, {"type": "Feature", "properties": {"node_id": 4625, "node_type": "type_change", "degree": 2, "link_types": "crosswalk+pseudo"}, "geometry": {"type": "Point", "coordinates": [-71.0754597, 42.4216149]}}, {"type": "Feature", "properties": {"node_id": 4626, "node_type": "junction", "degree": 3, "link_types": "sidewalk"}, "geometry": {"type": "Point", "coordinates": [-71.0813407, 42.4196214]}}, {"type": "Feature", "properties": {"node_id": 4627, "node_type": "type_change", "degree": 2, "link_types": "pseudo+sidewalk"}, "geometry": {"type": "Point", "coordinates": [-71.0814765, 42.419964]}}, {"type": "Feature", "properties": {"node_id": 4628, "node_type": "type_change", "degree": 2, "link_types": "crosswalk+pseudo"}, "geometry": {"type": "Point", "coordinates": [-71.0814808, 42.4199777]}}, {"type": "Feature", "properties": {"node_id": 4629, "node_type": "type_change", "degree": 2, "link_types": "crosswalk+pseudo"}, "geometry": {"type": "Point", "coordinates": [-71.0814951, 42.4200278]}}, {"type": "Feature", "properties": {"node_id": 4630, "node_type": "type_change", "degree": 3, "link_types": "pseudo+sidewalk"}, "geometry": {"type": "Point", "coordinates": [-71.0814914, 42.4200329]}}, {"type": "Feature", "properties": {"node_id": 4631, "node_type": "junction", "degree": 3, "link_types": "sidewalk"}, "geometry": {"type": "Point", "coordinates": [-71.0813407, 42.4196207]}}, {"type": "Feature", "properties": {"node_id": 4632, "node_type": "endpoint", "degree": 1, "link_types": "midblock"}, "geometry": {"type": "Point", "coordinates": [-71.0694917, 42.4169853]}}, {"type": "Feature", "properties": {"node_id": 4633, "node_type": "type_change", "degree": 2, "link_types": "midblock+sidewalk"}, "geometry": {"type": "Point", "coordinates": [-71.06946, 42.4169899]}}, {"type": "Feature", "properties": {"node_id": 4634, "node_type": "endpoint", "degree": 1, "link_types": "sidewalk"}, "geometry": {"type": "Point", "coordinates": [-71.0710263, 42.4246756]}}, {"type": "Feature", "properties": {"node_id": 4635, "node_type": "type_change", "degree": 3, "link_types": "pseudo+sidewalk"}, "geometry": {"type": "Point", "coordinates": [-71.0708498, 42.4287053]}}, {"type": "Feature", "properties": {"node_id": 4636, "node_type": "type_change", "degree": 2, "link_types": "pseudo+sidewalk"}, "geometry": {"type": "Point", "coordinates": [-71.0757967, 42.4175059]}}, {"type": "Feature", "properties": {"node_id": 4637, "node_type": "type_change", "degree": 2, "link_types": "crosswalk+pseudo"}, "geometry": {"type": "Point", "coordinates": [-71.0757791, 42.4175055]}}, {"type": "Feature", "properties": {"node_id": 4638, "node_type": "endpoint", "degree": 1, "link_types": "crosswalk"}, "geometry": {"type": "Point", "coordinates": [-71.0755219, 42.4175167]}}, {"type": "Feature", "properties": {"node_id": 4639, "node_type": "junction", "degree": 3, "link_types": "pseudo"}, "geometry": {"type": "Point", "coordinates": [-71.084383, 42.4194984]}}, {"type": "Feature", "properties": {"node_id": 4640, "node_type": "type_change", "degree": 2, "link_types": "crosswalk+pseudo"}, "geometry": {"type": "Point", "coordinates": [-71.0843987, 42.4195032]}}, {"type": "Feature", "properties": {"node_id": 4641, "node_type": "endpoint", "degree": 1, "link_types": "sidewalk"}, "geometry": {"type": "Point", "coordinates": [-71.0695888, 42.4254659]}}, {"type": "Feature", "properties": {"node_id": 4642, "node_type": "type_change", "degree": 2, "link_types": "midblock+sidewalk"}, "geometry": {"type": "Point", "coordinates": [-71.0696936, 42.4254606]}}, {"type": "Feature", "properties": {"node_id": 4643, "node_type": "type_change", "degree": 2, "link_types": "midblock+sidewalk"}, "geometry": {"type": "Point", "coordinates": [-71.069721, 42.4254572]}}, {"type": "Feature", "properties": {"node_id": 4644, "node_type": "type_change", "degree": 2, "link_types": "midblock+sidewalk"}, "geometry": {"type": "Point", "coordinates": [-71.0699051, 42.4254644]}}, {"type": "Feature", "properties": {"node_id": 4645, "node_type": "type_change", "degree": 2, "link_types": "midblock+sidewalk"}, "geometry": {"type": "Point", "coordinates": [-71.0700017, 42.4254739]}}, {"type": "Feature", "properties": {"node_id": 4646, "node_type": "type_change", "degree": 2, "link_types": "midblock+sidewalk"}, "geometry": {"type": "Point", "coordinates": [-71.0703247, 42.4254873]}}, {"type": "Feature", "properties": {"node_id": 4647, "node_type": "type_change", "degree": 2, "link_types": "midblock+sidewalk"}, "geometry": {"type": "Point", "coordinates": [-71.0703943, 42.4254849]}}, {"type": "Feature", "properties": {"node_id": 4648, "node_type": "type_change", "degree": 2, "link_types": "midblock+sidewalk"}, "geometry": {"type": "Point", "coordinates": [-71.0704378, 42.4254875]}}, {"type": "Feature", "properties": {"node_id": 4649, "node_type": "type_change", "degree": 2, "link_types": "midblock+sidewalk"}, "geometry": {"type": "Point", "coordinates": [-71.0704532, 42.4254885]}}, {"type": "Feature", "properties": {"node_id": 4650, "node_type": "endpoint", "degree": 1, "link_types": "sidewalk"}, "geometry": {"type": "Point", "coordinates": [-71.0707392, 42.4254956]}}, {"type": "Feature", "properties": {"node_id": 4651, "node_type": "type_change", "degree": 3, "link_types": "pseudo+sidewalk"}, "geometry": {"type": "Point", "coordinates": [-71.0743882, 42.4271594]}}, {"type": "Feature", "properties": {"node_id": 4652, "node_type": "junction", "degree": 3, "link_types": "sidewalk"}, "geometry": {"type": "Point", "coordinates": [-71.0697265, 42.4270499]}}, {"type": "Feature", "properties": {"node_id": 4653, "node_type": "junction", "degree": 3, "link_types": "pseudo"}, "geometry": {"type": "Point", "coordinates": [-71.0799553, 42.4195976]}}, {"type": "Feature", "properties": {"node_id": 4654, "node_type": "type_change", "degree": 3, "link_types": "pseudo+sidewalk"}, "geometry": {"type": "Point", "coordinates": [-71.0799563, 42.4195983]}}, {"type": "Feature", "properties": {"node_id": 4655, "node_type": "type_change", "degree": 2, "link_types": "crosswalk+pseudo"}, "geometry": {"type": "Point", "coordinates": [-71.0799416, 42.4195942]}}, {"type": "Feature", "properties": {"node_id": 4656, "node_type": "type_change", "degree": 2, "link_types": "crosswalk+pseudo"}, "geometry": {"type": "Point", "coordinates": [-71.0798631, 42.4195719]}}, {"type": "Feature", "properties": {"node_id": 4657, "node_type": "endpoint", "degree": 1, "link_types": "pseudo"}, "geometry": {"type": "Point", "coordinates": [-71.0798583, 42.4195749]}}, {"type": "Feature", "properties": {"node_id": 4658, "node_type": "junction", "degree": 3, "link_types": "crosswalk"}, "geometry": {"type": "Point", "coordinates": [-71.0695111, 42.4202348]}}, {"type": "Feature", "properties": {"node_id": 4659, "node_type": "type_change", "degree": 2, "link_types": "midblock+sidewalk"}, "geometry": {"type": "Point", "coordinates": [-71.0770301, 42.422394]}}, {"type": "Feature", "properties": {"node_id": 4660, "node_type": "type_change", "degree": 2, "link_types": "midblock+sidewalk"}, "geometry": {"type": "Point", "coordinates": [-71.0770513, 42.4223957]}}, {"type": "Feature", "properties": {"node_id": 4661, "node_type": "type_change", "degree": 2, "link_types": "midblock+sidewalk"}, "geometry": {"type": "Point", "coordinates": [-71.0774276, 42.4224286]}}, {"type": "Feature", "properties": {"node_id": 4662, "node_type": "type_change", "degree": 2, "link_types": "midblock+sidewalk"}, "geometry": {"type": "Point", "coordinates": [-71.0775749, 42.4224431]}}, {"type": "Feature", "properties": {"node_id": 4663, "node_type": "endpoint", "degree": 1, "link_types": "sidewalk"}, "geometry": {"type": "Point", "coordinates": [-71.0776567, 42.4224512]}}, {"type": "Feature", "properties": {"node_id": 4664, "node_type": "type_change", "degree": 2, "link_types": "pseudo+sidewalk"}, "geometry": {"type": "Point", "coordinates": [-71.0793225, 42.4233085]}}, {"type": "Feature", "properties": {"node_id": 4665, "node_type": "type_change", "degree": 2, "link_types": "midblock+sidewalk"}, "geometry": {"type": "Point", "coordinates": [-71.0793248, 42.4231898]}}, {"type": "Feature", "properties": {"node_id": 4666, "node_type": "type_change", "degree": 2, "link_types": "midblock+sidewalk"}, "geometry": {"type": "Point", "coordinates": [-71.0793261, 42.4231186]}}, {"type": "Feature", "properties": {"node_id": 4667, "node_type": "type_change", "degree": 2, "link_types": "midblock+sidewalk"}, "geometry": {"type": "Point", "coordinates": [-71.0793295, 42.4229445]}}, {"type": "Feature", "properties": {"node_id": 4668, "node_type": "type_change", "degree": 2, "link_types": "midblock+sidewalk"}, "geometry": {"type": "Point", "coordinates": [-71.07933, 42.4229164]}}, {"type": "Feature", "properties": {"node_id": 4669, "node_type": "type_change", "degree": 2, "link_types": "pseudo+sidewalk"}, "geometry": {"type": "Point", "coordinates": [-71.0672933, 42.4286996]}}, {"type": "Feature", "properties": {"node_id": 4670, "node_type": "type_change", "degree": 2, "link_types": "crosswalk+pseudo"}, "geometry": {"type": "Point", "coordinates": [-71.0672754, 42.4286899]}}, {"type": "Feature", "properties": {"node_id": 4671, "node_type": "type_change", "degree": 2, "link_types": "crosswalk+pseudo"}, "geometry": {"type": "Point", "coordinates": [-71.0672558, 42.4287421]}}, {"type": "Feature", "properties": {"node_id": 4672, "node_type": "endpoint", "degree": 1, "link_types": "sidewalk"}, "geometry": {"type": "Point", "coordinates": [-71.0825102, 42.4266035]}}, {"type": "Feature", "properties": {"node_id": 4673, "node_type": "type_change", "degree": 2, "link_types": "pseudo+sidewalk"}, "geometry": {"type": "Point", "coordinates": [-71.0824404, 42.4264341]}}, {"type": "Feature", "properties": {"node_id": 4674, "node_type": "type_change", "degree": 2, "link_types": "crosswalk+pseudo"}, "geometry": {"type": "Point", "coordinates": [-71.0824315, 42.4264306]}}, {"type": "Feature", "properties": {"node_id": 4675, "node_type": "type_change", "degree": 2, "link_types": "crosswalk+pseudo"}, "geometry": {"type": "Point", "coordinates": [-71.0823014, 42.4264647]}}, {"type": "Feature", "properties": {"node_id": 4676, "node_type": "type_change", "degree": 2, "link_types": "midblock+sidewalk"}, "geometry": {"type": "Point", "coordinates": [-71.0784034, 42.4203183]}}, {"type": "Feature", "properties": {"node_id": 4677, "node_type": "type_change", "degree": 2, "link_types": "midblock+sidewalk"}, "geometry": {"type": "Point", "coordinates": [-71.0785482, 42.420319]}}, {"type": "Feature", "properties": {"node_id": 4678, "node_type": "type_change", "degree": 2, "link_types": "midblock+sidewalk"}, "geometry": {"type": "Point", "coordinates": [-71.078657, 42.4203195]}}, {"type": "Feature", "properties": {"node_id": 4679, "node_type": "type_change", "degree": 2, "link_types": "midblock+sidewalk"}, "geometry": {"type": "Point", "coordinates": [-71.0786687, 42.4203196]}}, {"type": "Feature", "properties": {"node_id": 4680, "node_type": "type_change", "degree": 2, "link_types": "midblock+sidewalk"}, "geometry": {"type": "Point", "coordinates": [-71.0787376, 42.4203199]}}, {"type": "Feature", "properties": {"node_id": 4681, "node_type": "type_change", "degree": 2, "link_types": "midblock+sidewalk"}, "geometry": {"type": "Point", "coordinates": [-71.0788416, 42.4203204]}}, {"type": "Feature", "properties": {"node_id": 4682, "node_type": "type_change", "degree": 2, "link_types": "midblock+sidewalk"}, "geometry": {"type": "Point", "coordinates": [-71.0790153, 42.4203193]}}, {"type": "Feature", "properties": {"node_id": 4683, "node_type": "type_change", "degree": 2, "link_types": "midblock+sidewalk"}, "geometry": {"type": "Point", "coordinates": [-71.0790619, 42.4203189]}}, {"type": "Feature", "properties": {"node_id": 4684, "node_type": "type_change", "degree": 2, "link_types": "midblock+sidewalk"}, "geometry": {"type": "Point", "coordinates": [-71.0790958, 42.4203185]}}, {"type": "Feature", "properties": {"node_id": 4685, "node_type": "type_change", "degree": 2, "link_types": "midblock+sidewalk"}, "geometry": {"type": "Point", "coordinates": [-71.0791802, 42.4203176]}}, {"type": "Feature", "properties": {"node_id": 4686, "node_type": "junction", "degree": 3, "link_types": "pseudo"}, "geometry": {"type": "Point", "coordinates": [-71.0733811, 42.4264327]}}, {"type": "Feature", "properties": {"node_id": 4687, "node_type": "type_change", "degree": 2, "link_types": "crosswalk+pseudo"}, "geometry": {"type": "Point", "coordinates": [-71.0733815, 42.4264442]}}, {"type": "Feature", "properties": {"node_id": 4688, "node_type": "type_change", "degree": 2, "link_types": "crosswalk+pseudo"}, "geometry": {"type": "Point", "coordinates": [-71.0733724, 42.4265236]}}, {"type": "Feature", "properties": {"node_id": 4689, "node_type": "type_change", "degree": 3, "link_types": "pseudo+sidewalk"}, "geometry": {"type": "Point", "coordinates": [-71.0733544, 42.4265383]}}, {"type": "Feature", "properties": {"node_id": 4690, "node_type": "type_change", "degree": 2, "link_types": "pseudo+sidewalk"}, "geometry": {"type": "Point", "coordinates": [-71.073382, 42.4264319]}}, {"type": "Feature", "properties": {"node_id": 4691, "node_type": "endpoint", "degree": 1, "link_types": "sidewalk"}, "geometry": {"type": "Point", "coordinates": [-71.0734039, 42.4264452]}}, {"type": "Feature", "properties": {"node_id": 4692, "node_type": "type_change", "degree": 2, "link_types": "pseudo+sidewalk"}, "geometry": {"type": "Point", "coordinates": [-71.0733801, 42.4264319]}}, {"type": "Feature", "properties": {"node_id": 4693, "node_type": "endpoint", "degree": 1, "link_types": "sidewalk"}, "geometry": {"type": "Point", "coordinates": [-71.0733577, 42.4264324]}}, {"type": "Feature", "properties": {"node_id": 4694, "node_type": "type_change", "degree": 2, "link_types": "crosswalk+pseudo"}, "geometry": {"type": "Point", "coordinates": [-71.0679801, 42.4252767]}}, {"type": "Feature", "properties": {"node_id": 4695, "node_type": "type_change", "degree": 2, "link_types": "crosswalk+pseudo"}, "geometry": {"type": "Point", "coordinates": [-71.0679997, 42.4251632]}}, {"type": "Feature", "properties": {"node_id": 4696, "node_type": "endpoint", "degree": 1, "link_types": "sidewalk"}, "geometry": {"type": "Point", "coordinates": [-71.0734909, 42.4265481]}}, {"type": "Feature", "properties": {"node_id": 4697, "node_type": "endpoint", "degree": 1, "link_types": "sidewalk"}, "geometry": {"type": "Point", "coordinates": [-71.0732101, 42.4265272]}}, {"type": "Feature", "properties": {"node_id": 4698, "node_type": "endpoint", "degree": 1, "link_types": "sidewalk"}, "geometry": {"type": "Point", "coordinates": [-71.0799489, 42.4196669]}}, {"type": "Feature", "properties": {"node_id": 4699, "node_type": "endpoint", "degree": 1, "link_types": "sidewalk"}, "geometry": {"type": "Point", "coordinates": [-71.0787422, 42.4272591]}}, {"type": "Feature", "properties": {"node_id": 4700, "node_type": "type_change", "degree": 2, "link_types": "midblock+sidewalk"}, "geometry": {"type": "Point", "coordinates": [-71.0787404, 42.4272486]}}, {"type": "Feature", "properties": {"node_id": 4701, "node_type": "type_change", "degree": 2, "link_types": "midblock+sidewalk"}, "geometry": {"type": "Point", "coordinates": [-71.0787312, 42.4272343]}}, {"type": "Feature", "properties": {"node_id": 4702, "node_type": "type_change", "degree": 2, "link_types": "crosswalk+pseudo"}, "geometry": {"type": "Point", "coordinates": [-71.0745578, 42.426876]}}, {"type": "Feature", "properties": {"node_id": 4703, "node_type": "type_change", "degree": 2, "link_types": "crosswalk+pseudo"}, "geometry": {"type": "Point", "coordinates": [-71.0747434, 42.4269029]}}, {"type": "Feature", "properties": {"node_id": 4704, "node_type": "endpoint", "degree": 1, "link_types": "pseudo"}, "geometry": {"type": "Point", "coordinates": [-71.0747527, 42.4268905]}}, {"type": "Feature", "properties": {"node_id": 4705, "node_type": "type_change", "degree": 2, "link_types": "pseudo+sidewalk"}, "geometry": {"type": "Point", "coordinates": [-71.0824045, 42.421767]}}, {"type": "Feature", "properties": {"node_id": 4706, "node_type": "endpoint", "degree": 1, "link_types": "sidewalk"}, "geometry": {"type": "Point", "coordinates": [-71.0826144, 42.4217625]}}, {"type": "Feature", "properties": {"node_id": 4707, "node_type": "type_change", "degree": 2, "link_types": "crosswalk+pseudo"}, "geometry": {"type": "Point", "coordinates": [-71.0824032, 42.4217562]}}, {"type": "Feature", "properties": {"node_id": 4708, "node_type": "type_change", "degree": 2, "link_types": "crosswalk+pseudo"}, "geometry": {"type": "Point", "coordinates": [-71.0824281, 42.4216859]}}, {"type": "Feature", "properties": {"node_id": 4709, "node_type": "endpoint", "degree": 1, "link_types": "sidewalk"}, "geometry": {"type": "Point", "coordinates": [-71.0766665, 42.4267716]}}, {"type": "Feature", "properties": {"node_id": 4710, "node_type": "endpoint", "degree": 1, "link_types": "sidewalk"}, "geometry": {"type": "Point", "coordinates": [-71.076521, 42.4247224]}}, {"type": "Feature", "properties": {"node_id": 4711, "node_type": "type_change", "degree": 2, "link_types": "crosswalk+pseudo"}, "geometry": {"type": "Point", "coordinates": [-71.0789666, 42.4176898]}}, {"type": "Feature", "properties": {"node_id": 4712, "node_type": "endpoint", "degree": 1, "link_types": "crosswalk"}, "geometry": {"type": "Point", "coordinates": [-71.0789656, 42.4176898]}}, {"type": "Feature", "properties": {"node_id": 4713, "node_type": "type_change", "degree": 2, "link_types": "crosswalk+sidewalk"}, "geometry": {"type": "Point", "coordinates": [-71.0723401, 42.4233205]}}, {"type": "Feature", "properties": {"node_id": 4714, "node_type": "endpoint", "degree": 1, "link_types": "pseudo"}, "geometry": {"type": "Point", "coordinates": [-71.0811087, 42.426951]}}, {"type": "Feature", "properties": {"node_id": 4715, "node_type": "endpoint", "degree": 1, "link_types": "sidewalk"}, "geometry": {"type": "Point", "coordinates": [-71.0732578, 42.4273253]}}, {"type": "Feature", "properties": {"node_id": 4716, "node_type": "type_change", "degree": 3, "link_types": "pseudo+sidewalk"}, "geometry": {"type": "Point", "coordinates": [-71.0732588, 42.4273253]}}, {"type": "Feature", "properties": {"node_id": 4717, "node_type": "endpoint", "degree": 1, "link_types": "sidewalk"}, "geometry": {"type": "Point", "coordinates": [-71.0708963, 42.4252464]}}, {"type": "Feature", "properties": {"node_id": 4718, "node_type": "endpoint", "degree": 1, "link_types": "sidewalk"}, "geometry": {"type": "Point", "coordinates": [-71.068178, 42.4267421]}}, {"type": "Feature", "properties": {"node_id": 4719, "node_type": "endpoint", "degree": 1, "link_types": "sidewalk"}, "geometry": {"type": "Point", "coordinates": [-71.0739965, 42.4170789]}}, {"type": "Feature", "properties": {"node_id": 4720, "node_type": "endpoint", "degree": 1, "link_types": "sidewalk"}, "geometry": {"type": "Point", "coordinates": [-71.07402, 42.4165533]}}, {"type": "Feature", "properties": {"node_id": 4721, "node_type": "type_change", "degree": 2, "link_types": "midblock+sidewalk"}, "geometry": {"type": "Point", "coordinates": [-71.0812025, 42.4249982]}}, {"type": "Feature", "properties": {"node_id": 4722, "node_type": "type_change", "degree": 2, "link_types": "midblock+sidewalk"}, "geometry": {"type": "Point", "coordinates": [-71.0811781, 42.4250029]}}, {"type": "Feature", "properties": {"node_id": 4723, "node_type": "type_change", "degree": 2, "link_types": "pseudo+sidewalk"}, "geometry": {"type": "Point", "coordinates": [-71.0811359, 42.4250111]}}, {"type": "Feature", "properties": {"node_id": 4724, "node_type": "type_change", "degree": 2, "link_types": "crosswalk+pseudo"}, "geometry": {"type": "Point", "coordinates": [-71.0811262, 42.425012]}}, {"type": "Feature", "properties": {"node_id": 4725, "node_type": "endpoint", "degree": 1, "link_types": "crosswalk"}, "geometry": {"type": "Point", "coordinates": [-71.0810867, 42.4250214]}}, {"type": "Feature", "properties": {"node_id": 4726, "node_type": "endpoint", "degree": 1, "link_types": "sidewalk"}, "geometry": {"type": "Point", "coordinates": [-71.0800876, 42.4217457]}}, {"type": "Feature", "properties": {"node_id": 4727, "node_type": "type_change", "degree": 2, "link_types": "pseudo+sidewalk"}, "geometry": {"type": "Point", "coordinates": [-71.0800886, 42.421745]}}, {"type": "Feature", "properties": {"node_id": 4728, "node_type": "type_change", "degree": 2, "link_types": "crosswalk+pseudo"}, "geometry": {"type": "Point", "coordinates": [-71.0801066, 42.4217317]}}, {"type": "Feature", "properties": {"node_id": 4729, "node_type": "type_change", "degree": 2, "link_types": "crosswalk+pseudo"}, "geometry": {"type": "Point", "coordinates": [-71.0802251, 42.4217569]}}, {"type": "Feature", "properties": {"node_id": 4730, "node_type": "endpoint", "degree": 1, "link_types": "pseudo"}, "geometry": {"type": "Point", "coordinates": [-71.0802384, 42.4217494]}}, {"type": "Feature", "properties": {"node_id": 4731, "node_type": "type_change", "degree": 2, "link_types": "crosswalk+pseudo"}, "geometry": {"type": "Point", "coordinates": [-71.0720558, 42.4182307]}}, {"type": "Feature", "properties": {"node_id": 4732, "node_type": "type_change", "degree": 2, "link_types": "crosswalk+pseudo"}, "geometry": {"type": "Point", "coordinates": [-71.0720681, 42.4181915]}}, {"type": "Feature", "properties": {"node_id": 4733, "node_type": "type_change", "degree": 2, "link_types": "pseudo+sidewalk"}, "geometry": {"type": "Point", "coordinates": [-71.0720417, 42.4181855]}}, {"type": "Feature", "properties": {"node_id": 4734, "node_type": "endpoint", "degree": 1, "link_types": "sidewalk"}, "geometry": {"type": "Point", "coordinates": [-71.0775474, 42.4195836]}}, {"type": "Feature", "properties": {"node_id": 4735, "node_type": "type_change", "degree": 2, "link_types": "midblock+sidewalk"}, "geometry": {"type": "Point", "coordinates": [-71.0775658, 42.4196905]}}, {"type": "Feature", "properties": {"node_id": 4736, "node_type": "type_change", "degree": 2, "link_types": "midblock+sidewalk"}, "geometry": {"type": "Point", "coordinates": [-71.0775639, 42.4197429]}}, {"type": "Feature", "properties": {"node_id": 4737, "node_type": "type_change", "degree": 2, "link_types": "midblock+sidewalk"}, "geometry": {"type": "Point", "coordinates": [-71.0775654, 42.4199329]}}, {"type": "Feature", "properties": {"node_id": 4738, "node_type": "type_change", "degree": 2, "link_types": "midblock+sidewalk"}, "geometry": {"type": "Point", "coordinates": [-71.0775613, 42.4199803]}}, {"type": "Feature", "properties": {"node_id": 4739, "node_type": "type_change", "degree": 2, "link_types": "midblock+sidewalk"}, "geometry": {"type": "Point", "coordinates": [-71.0775522, 42.4203452]}}, {"type": "Feature", "properties": {"node_id": 4740, "node_type": "type_change", "degree": 2, "link_types": "midblock+sidewalk"}, "geometry": {"type": "Point", "coordinates": [-71.0775424, 42.4203663]}}, {"type": "Feature", "properties": {"node_id": 4741, "node_type": "type_change", "degree": 2, "link_types": "midblock+sidewalk"}, "geometry": {"type": "Point", "coordinates": [-71.0775081, 42.4204405]}}, {"type": "Feature", "properties": {"node_id": 4742, "node_type": "type_change", "degree": 2, "link_types": "midblock+sidewalk"}, "geometry": {"type": "Point", "coordinates": [-71.0774841, 42.4204923]}}, {"type": "Feature", "properties": {"node_id": 4743, "node_type": "type_change", "degree": 2, "link_types": "midblock+sidewalk"}, "geometry": {"type": "Point", "coordinates": [-71.0774393, 42.4205858]}}, {"type": "Feature", "properties": {"node_id": 4744, "node_type": "type_change", "degree": 2, "link_types": "midblock+sidewalk"}, "geometry": {"type": "Point", "coordinates": [-71.0773988, 42.4206621]}}, {"type": "Feature", "properties": {"node_id": 4745, "node_type": "endpoint", "degree": 1, "link_types": "sidewalk"}, "geometry": {"type": "Point", "coordinates": [-71.0773845, 42.4206889]}}, {"type": "Feature", "properties": {"node_id": 4746, "node_type": "type_change", "degree": 2, "link_types": "midblock+sidewalk"}, "geometry": {"type": "Point", "coordinates": [-71.072745, 42.4180134]}}, {"type": "Feature", "properties": {"node_id": 4747, "node_type": "type_change", "degree": 2, "link_types": "midblock+sidewalk"}, "geometry": {"type": "Point", "coordinates": [-71.0727573, 42.4180113]}}, {"type": "Feature", "properties": {"node_id": 4748, "node_type": "type_change", "degree": 2, "link_types": "midblock+sidewalk"}, "geometry": {"type": "Point", "coordinates": [-71.0727753, 42.4180083]}}, {"type": "Feature", "properties": {"node_id": 4749, "node_type": "type_change", "degree": 2, "link_types": "midblock+sidewalk"}, "geometry": {"type": "Point", "coordinates": [-71.0729799, 42.4179741]}}, {"type": "Feature", "properties": {"node_id": 4750, "node_type": "endpoint", "degree": 1, "link_types": "sidewalk"}, "geometry": {"type": "Point", "coordinates": [-71.0733053, 42.4179372]}}, {"type": "Feature", "properties": {"node_id": 4751, "node_type": "type_change", "degree": 2, "link_types": "crosswalk+pseudo"}, "geometry": {"type": "Point", "coordinates": [-71.0723661, 42.4285071]}}, {"type": "Feature", "properties": {"node_id": 4752, "node_type": "type_change", "degree": 2, "link_types": "crosswalk+pseudo"}, "geometry": {"type": "Point", "coordinates": [-71.0722908, 42.4285236]}}, {"type": "Feature", "properties": {"node_id": 4753, "node_type": "endpoint", "degree": 1, "link_types": "crosswalk"}, "geometry": {"type": "Point", "coordinates": [-71.0809359, 42.42646]}}, {"type": "Feature", "properties": {"node_id": 4754, "node_type": "type_change", "degree": 2, "link_types": "crosswalk+pseudo"}, "geometry": {"type": "Point", "coordinates": [-71.0722824, 42.4180839]}}, {"type": "Feature", "properties": {"node_id": 4755, "node_type": "type_change", "degree": 2, "link_types": "crosswalk+pseudo"}, "geometry": {"type": "Point", "coordinates": [-71.0722577, 42.4179561]}}, {"type": "Feature", "properties": {"node_id": 4756, "node_type": "endpoint", "degree": 1, "link_types": "sidewalk"}, "geometry": {"type": "Point", "coordinates": [-71.0724424, 42.4210226]}}, {"type": "Feature", "properties": {"node_id": 4757, "node_type": "endpoint", "degree": 1, "link_types": "sidewalk"}, "geometry": {"type": "Point", "coordinates": [-71.0678901, 42.4159134]}}, {"type": "Feature", "properties": {"node_id": 4758, "node_type": "type_change", "degree": 2, "link_types": "midblock+sidewalk"}, "geometry": {"type": "Point", "coordinates": [-71.066633, 42.4159762]}}, {"type": "Feature", "properties": {"node_id": 4759, "node_type": "type_change", "degree": 2, "link_types": "midblock+sidewalk"}, "geometry": {"type": "Point", "coordinates": [-71.0666118, 42.4159759]}}, {"type": "Feature", "properties": {"node_id": 4760, "node_type": "type_change", "degree": 2, "link_types": "midblock+sidewalk"}, "geometry": {"type": "Point", "coordinates": [-71.0662626, 42.4159913]}}, {"type": "Feature", "properties": {"node_id": 4761, "node_type": "type_change", "degree": 2, "link_types": "midblock+sidewalk"}, "geometry": {"type": "Point", "coordinates": [-71.0662486, 42.4159937]}}, {"type": "Feature", "properties": {"node_id": 4762, "node_type": "endpoint", "degree": 1, "link_types": "sidewalk"}, "geometry": {"type": "Point", "coordinates": [-71.0661769, 42.4160012]}}, {"type": "Feature", "properties": {"node_id": 4763, "node_type": "junction", "degree": 3, "link_types": "sidewalk"}, "geometry": {"type": "Point", "coordinates": [-71.0751216, 42.4221534]}}, {"type": "Feature", "properties": {"node_id": 4764, "node_type": "endpoint", "degree": 1, "link_types": "sidewalk"}, "geometry": {"type": "Point", "coordinates": [-71.0817908, 42.4203834]}}, {"type": "Feature", "properties": {"node_id": 4765, "node_type": "endpoint", "degree": 1, "link_types": "sidewalk"}, "geometry": {"type": "Point", "coordinates": [-71.0847083, 42.4255895]}}, {"type": "Feature", "properties": {"node_id": 4766, "node_type": "type_change", "degree": 2, "link_types": "midblock+sidewalk"}, "geometry": {"type": "Point", "coordinates": [-71.0845751, 42.4254229]}}, {"type": "Feature", "properties": {"node_id": 4767, "node_type": "type_change", "degree": 2, "link_types": "midblock+sidewalk"}, "geometry": {"type": "Point", "coordinates": [-71.0845397, 42.4253824]}}, {"type": "Feature", "properties": {"node_id": 4768, "node_type": "type_change", "degree": 2, "link_types": "crosswalk+pseudo"}, "geometry": {"type": "Point", "coordinates": [-71.0796557, 42.4266806]}}, {"type": "Feature", "properties": {"node_id": 4769, "node_type": "endpoint", "degree": 1, "link_types": "crosswalk"}, "geometry": {"type": "Point", "coordinates": [-71.0796589, 42.4267792]}}, {"type": "Feature", "properties": {"node_id": 4770, "node_type": "endpoint", "degree": 1, "link_types": "sidewalk"}, "geometry": {"type": "Point", "coordinates": [-71.072482, 42.4194809]}}, {"type": "Feature", "properties": {"node_id": 4771, "node_type": "endpoint", "degree": 1, "link_types": "sidewalk"}, "geometry": {"type": "Point", "coordinates": [-71.0721001, 42.4236195]}}, {"type": "Feature", "properties": {"node_id": 4772, "node_type": "endpoint", "degree": 1, "link_types": "midblock"}, "geometry": {"type": "Point", "coordinates": [-71.0740868, 42.4253623]}}, {"type": "Feature", "properties": {"node_id": 4773, "node_type": "type_change", "degree": 2, "link_types": "midblock+sidewalk"}, "geometry": {"type": "Point", "coordinates": [-71.0741128, 42.4252974]}}, {"type": "Feature", "properties": {"node_id": 4774, "node_type": "type_change", "degree": 2, "link_types": "midblock+sidewalk"}, "geometry": {"type": "Point", "coordinates": [-71.0741427, 42.4252229]}}, {"type": "Feature", "properties": {"node_id": 4775, "node_type": "type_change", "degree": 2, "link_types": "midblock+sidewalk"}, "geometry": {"type": "Point", "coordinates": [-71.0741693, 42.4251566]}}, {"type": "Feature", "properties": {"node_id": 4776, "node_type": "type_change", "degree": 2, "link_types": "midblock+sidewalk"}, "geometry": {"type": "Point", "coordinates": [-71.0741959, 42.4250903]}}, {"type": "Feature", "properties": {"node_id": 4777, "node_type": "type_change", "degree": 2, "link_types": "midblock+sidewalk"}, "geometry": {"type": "Point", "coordinates": [-71.074217, 42.4250379]}}, {"type": "Feature", "properties": {"node_id": 4778, "node_type": "type_change", "degree": 3, "link_types": "pseudo+sidewalk"}, "geometry": {"type": "Point", "coordinates": [-71.0807619, 42.4240799]}}, {"type": "Feature", "properties": {"node_id": 4779, "node_type": "type_change", "degree": 2, "link_types": "crosswalk+pseudo"}, "geometry": {"type": "Point", "coordinates": [-71.0819084, 42.4210866]}}, {"type": "Feature", "properties": {"node_id": 4780, "node_type": "type_change", "degree": 2, "link_types": "crosswalk+pseudo"}, "geometry": {"type": "Point", "coordinates": [-71.0818763, 42.4209985]}}, {"type": "Feature", "properties": {"node_id": 4781, "node_type": "endpoint", "degree": 1, "link_types": "sidewalk"}, "geometry": {"type": "Point", "coordinates": [-71.0695103, 42.4159569]}}, {"type": "Feature", "properties": {"node_id": 4782, "node_type": "junction", "degree": 3, "link_types": "sidewalk"}, "geometry": {"type": "Point", "coordinates": [-71.0796387, 42.4167569]}}, {"type": "Feature", "properties": {"node_id": 4783, "node_type": "type_change", "degree": 3, "link_types": "pseudo+sidewalk"}, "geometry": {"type": "Point", "coordinates": [-71.0796387, 42.4167562]}}, {"type": "Feature", "properties": {"node_id": 4784, "node_type": "type_change", "degree": 2, "link_types": "midblock+sidewalk"}, "geometry": {"type": "Point", "coordinates": [-71.0815379, 42.4197232]}}, {"type": "Feature", "properties": {"node_id": 4785, "node_type": "type_change", "degree": 2, "link_types": "midblock+sidewalk"}, "geometry": {"type": "Point", "coordinates": [-71.0815572, 42.4197774]}}, {"type": "Feature", "properties": {"node_id": 4786, "node_type": "endpoint", "degree": 1, "link_types": "sidewalk"}, "geometry": {"type": "Point", "coordinates": [-71.0815643, 42.4197975]}}, {"type": "Feature", "properties": {"node_id": 4787, "node_type": "endpoint", "degree": 1, "link_types": "midblock"}, "geometry": {"type": "Point", "coordinates": [-71.0683019, 42.4179707]}}, {"type": "Feature", "properties": {"node_id": 4788, "node_type": "type_change", "degree": 2, "link_types": "midblock+sidewalk"}, "geometry": {"type": "Point", "coordinates": [-71.068308, 42.4180315]}}, {"type": "Feature", "properties": {"node_id": 4789, "node_type": "endpoint", "degree": 1, "link_types": "sidewalk"}, "geometry": {"type": "Point", "coordinates": [-71.0811233, 42.4263348]}}, {"type": "Feature", "properties": {"node_id": 4790, "node_type": "endpoint", "degree": 1, "link_types": "midblock"}, "geometry": {"type": "Point", "coordinates": [-71.0694359, 42.4269931]}}, {"type": "Feature", "properties": {"node_id": 4791, "node_type": "endpoint", "degree": 1, "link_types": "sidewalk"}, "geometry": {"type": "Point", "coordinates": [-71.072409, 42.4195672]}}, {"type": "Feature", "properties": {"node_id": 4792, "node_type": "endpoint", "degree": 1, "link_types": "sidewalk"}, "geometry": {"type": "Point", "coordinates": [-71.0809181, 42.4272448]}}, {"type": "Feature", "properties": {"node_id": 4793, "node_type": "endpoint", "degree": 1, "link_types": "sidewalk"}, "geometry": {"type": "Point", "coordinates": [-71.0742186, 42.4277676]}}, {"type": "Feature", "properties": {"node_id": 4794, "node_type": "type_change", "degree": 2, "link_types": "midblock+sidewalk"}, "geometry": {"type": "Point", "coordinates": [-71.0741813, 42.4278335]}}, {"type": "Feature", "properties": {"node_id": 4795, "node_type": "type_change", "degree": 2, "link_types": "midblock+sidewalk"}, "geometry": {"type": "Point", "coordinates": [-71.0741644, 42.4278569]}}, {"type": "Feature", "properties": {"node_id": 4796, "node_type": "endpoint", "degree": 1, "link_types": "sidewalk"}, "geometry": {"type": "Point", "coordinates": [-71.0740431, 42.4281656]}}, {"type": "Feature", "properties": {"node_id": 4797, "node_type": "type_change", "degree": 2, "link_types": "pseudo+sidewalk"}, "geometry": {"type": "Point", "coordinates": [-71.0807089, 42.4286218]}}, {"type": "Feature", "properties": {"node_id": 4798, "node_type": "endpoint", "degree": 1, "link_types": "sidewalk"}, "geometry": {"type": "Point", "coordinates": [-71.0807273, 42.42862]}}, {"type": "Feature", "properties": {"node_id": 4799, "node_type": "endpoint", "degree": 1, "link_types": "midblock"}, "geometry": {"type": "Point", "coordinates": [-71.0789938, 42.4234254]}}, {"type": "Feature", "properties": {"node_id": 4800, "node_type": "type_change", "degree": 2, "link_types": "midblock+sidewalk"}, "geometry": {"type": "Point", "coordinates": [-71.0790305, 42.4234278]}}, {"type": "Feature", "properties": {"node_id": 4801, "node_type": "type_change", "degree": 2, "link_types": "pseudo+sidewalk"}, "geometry": {"type": "Point", "coordinates": [-71.0709082, 42.4281452]}}, {"type": "Feature", "properties": {"node_id": 4802, "node_type": "endpoint", "degree": 1, "link_types": "sidewalk"}, "geometry": {"type": "Point", "coordinates": [-71.0722912, 42.4283291]}}, {"type": "Feature", "properties": {"node_id": 4803, "node_type": "type_change", "degree": 2, "link_types": "pseudo+sidewalk"}, "geometry": {"type": "Point", "coordinates": [-71.0694987, 42.4181162]}}, {"type": "Feature", "properties": {"node_id": 4804, "node_type": "type_change", "degree": 2, "link_types": "crosswalk+pseudo"}, "geometry": {"type": "Point", "coordinates": [-71.0694786, 42.4181245]}}, {"type": "Feature", "properties": {"node_id": 4805, "node_type": "type_change", "degree": 2, "link_types": "crosswalk+pseudo"}, "geometry": {"type": "Point", "coordinates": [-71.0693523, 42.4181282]}}, {"type": "Feature", "properties": {"node_id": 4806, "node_type": "type_change", "degree": 2, "link_types": "crosswalk+pseudo"}, "geometry": {"type": "Point", "coordinates": [-71.0749304, 42.4233449]}}, {"type": "Feature", "properties": {"node_id": 4807, "node_type": "endpoint", "degree": 1, "link_types": "midblock"}, "geometry": {"type": "Point", "coordinates": [-71.0673142, 42.4221469]}}, {"type": "Feature", "properties": {"node_id": 4808, "node_type": "type_change", "degree": 2, "link_types": "midblock+sidewalk"}, "geometry": {"type": "Point", "coordinates": [-71.0673286, 42.4222287]}}, {"type": "Feature", "properties": {"node_id": 4809, "node_type": "type_change", "degree": 2, "link_types": "midblock+sidewalk"}, "geometry": {"type": "Point", "coordinates": [-71.0673617, 42.422525]}}, {"type": "Feature", "properties": {"node_id": 4810, "node_type": "type_change", "degree": 2, "link_types": "midblock+sidewalk"}, "geometry": {"type": "Point", "coordinates": [-71.0673593, 42.4225771]}}, {"type": "Feature", "properties": {"node_id": 4811, "node_type": "type_change", "degree": 2, "link_types": "midblock+sidewalk"}, "geometry": {"type": "Point", "coordinates": [-71.0673858, 42.4227684]}}, {"type": "Feature", "properties": {"node_id": 4812, "node_type": "type_change", "degree": 2, "link_types": "midblock+sidewalk"}, "geometry": {"type": "Point", "coordinates": [-71.0673927, 42.4228621]}}, {"type": "Feature", "properties": {"node_id": 4813, "node_type": "endpoint", "degree": 1, "link_types": "sidewalk"}, "geometry": {"type": "Point", "coordinates": [-71.078187, 42.4194914]}}, {"type": "Feature", "properties": {"node_id": 4814, "node_type": "type_change", "degree": 2, "link_types": "midblock+sidewalk"}, "geometry": {"type": "Point", "coordinates": [-71.078564, 42.4194927]}}, {"type": "Feature", "properties": {"node_id": 4815, "node_type": "type_change", "degree": 2, "link_types": "midblock+sidewalk"}, "geometry": {"type": "Point", "coordinates": [-71.0785941, 42.4194929]}}, {"type": "Feature", "properties": {"node_id": 4816, "node_type": "type_change", "degree": 2, "link_types": "midblock+sidewalk"}, "geometry": {"type": "Point", "coordinates": [-71.0787706, 42.4194937]}}, {"type": "Feature", "properties": {"node_id": 4817, "node_type": "type_change", "degree": 2, "link_types": "midblock+sidewalk"}, "geometry": {"type": "Point", "coordinates": [-71.078793, 42.4194938]}}, {"type": "Feature", "properties": {"node_id": 4818, "node_type": "endpoint", "degree": 1, "link_types": "sidewalk"}, "geometry": {"type": "Point", "coordinates": [-71.078902, 42.4195007]}}, {"type": "Feature", "properties": {"node_id": 4819, "node_type": "type_change", "degree": 3, "link_types": "pseudo+sidewalk"}, "geometry": {"type": "Point", "coordinates": [-71.0795026, 42.4253729]}}, {"type": "Feature", "properties": {"node_id": 4820, "node_type": "type_change", "degree": 3, "link_types": "pseudo+sidewalk"}, "geometry": {"type": "Point", "coordinates": [-71.0795025, 42.4253722]}}, {"type": "Feature", "properties": {"node_id": 4821, "node_type": "type_change", "degree": 2, "link_types": "pseudo+sidewalk"}, "geometry": {"type": "Point", "coordinates": [-71.0811693, 42.4264305]}}, {"type": "Feature", "properties": {"node_id": 4822, "node_type": "type_change", "degree": 2, "link_types": "crosswalk+pseudo"}, "geometry": {"type": "Point", "coordinates": [-71.0811674, 42.4264334]}}, {"type": "Feature", "properties": {"node_id": 4823, "node_type": "endpoint", "degree": 1, "link_types": "sidewalk"}, "geometry": {"type": "Point", "coordinates": [-71.0774301, 42.4209784]}}, {"type": "Feature", "properties": {"node_id": 4824, "node_type": "type_change", "degree": 2, "link_types": "midblock+sidewalk"}, "geometry": {"type": "Point", "coordinates": [-71.0777213, 42.420982]}}, {"type": "Feature", "properties": {"node_id": 4825, "node_type": "type_change", "degree": 2, "link_types": "midblock+sidewalk"}, "geometry": {"type": "Point", "coordinates": [-71.0777737, 42.4209826]}}, {"type": "Feature", "properties": {"node_id": 4826, "node_type": "type_change", "degree": 2, "link_types": "midblock+sidewalk"}, "geometry": {"type": "Point", "coordinates": [-71.0782503, 42.4209775]}}, {"type": "Feature", "properties": {"node_id": 4827, "node_type": "type_change", "degree": 2, "link_types": "midblock+sidewalk"}, "geometry": {"type": "Point", "coordinates": [-71.0782676, 42.4209787]}}, {"type": "Feature", "properties": {"node_id": 4828, "node_type": "type_change", "degree": 2, "link_types": "midblock+sidewalk"}, "geometry": {"type": "Point", "coordinates": [-71.0786271, 42.420982]}}, {"type": "Feature", "properties": {"node_id": 4829, "node_type": "type_change", "degree": 2, "link_types": "midblock+sidewalk"}, "geometry": {"type": "Point", "coordinates": [-71.0786707, 42.4209823]}}, {"type": "Feature", "properties": {"node_id": 4830, "node_type": "type_change", "degree": 2, "link_types": "midblock+sidewalk"}, "geometry": {"type": "Point", "coordinates": [-71.0790088, 42.420979]}}, {"type": "Feature", "properties": {"node_id": 4831, "node_type": "type_change", "degree": 2, "link_types": "midblock+sidewalk"}, "geometry": {"type": "Point", "coordinates": [-71.0790599, 42.4209824]}}, {"type": "Feature", "properties": {"node_id": 4832, "node_type": "type_change", "degree": 2, "link_types": "midblock+sidewalk"}, "geometry": {"type": "Point", "coordinates": [-71.0792961, 42.4209843]}}, {"type": "Feature", "properties": {"node_id": 4833, "node_type": "type_change", "degree": 2, "link_types": "midblock+sidewalk"}, "geometry": {"type": "Point", "coordinates": [-71.0793543, 42.4209847]}}, {"type": "Feature", "properties": {"node_id": 4834, "node_type": "type_change", "degree": 2, "link_types": "midblock+sidewalk"}, "geometry": {"type": "Point", "coordinates": [-71.0798976, 42.420767]}}, {"type": "Feature", "properties": {"node_id": 4835, "node_type": "endpoint", "degree": 1, "link_types": "midblock"}, "geometry": {"type": "Point", "coordinates": [-71.0798966, 42.4206743]}}, {"type": "Feature", "properties": {"node_id": 4836, "node_type": "endpoint", "degree": 1, "link_types": "sidewalk"}, "geometry": {"type": "Point", "coordinates": [-71.0785993, 42.4272581]}}, {"type": "Feature", "properties": {"node_id": 4837, "node_type": "endpoint", "degree": 1, "link_types": "sidewalk"}, "geometry": {"type": "Point", "coordinates": [-71.0690697, 42.4251727]}}, {"type": "Feature", "properties": {"node_id": 4838, "node_type": "endpoint", "degree": 1, "link_types": "sidewalk"}, "geometry": {"type": "Point", "coordinates": [-71.0686167, 42.4212459]}}, {"type": "Feature", "properties": {"node_id": 4839, "node_type": "type_change", "degree": 2, "link_types": "pseudo+sidewalk"}, "geometry": {"type": "Point", "coordinates": [-71.0807502, 42.4273437]}}, {"type": "Feature", "properties": {"node_id": 4840, "node_type": "type_change", "degree": 2, "link_types": "crosswalk+pseudo"}, "geometry": {"type": "Point", "coordinates": [-71.0807451, 42.4273366]}}, {"type": "Feature", "properties": {"node_id": 4841, "node_type": "endpoint", "degree": 1, "link_types": "sidewalk"}, "geometry": {"type": "Point", "coordinates": [-71.0794052, 42.42181]}}, {"type": "Feature", "properties": {"node_id": 4842, "node_type": "type_change", "degree": 2, "link_types": "crosswalk+pseudo"}, "geometry": {"type": "Point", "coordinates": [-71.0801874, 42.4209982]}}, {"type": "Feature", "properties": {"node_id": 4843, "node_type": "type_change", "degree": 2, "link_types": "crosswalk+pseudo"}, "geometry": {"type": "Point", "coordinates": [-71.0801902, 42.4210832]}}, {"type": "Feature", "properties": {"node_id": 4844, "node_type": "type_change", "degree": 3, "link_types": "pseudo+sidewalk"}, "geometry": {"type": "Point", "coordinates": [-71.0807786, 42.4240861]}}, {"type": "Feature", "properties": {"node_id": 4845, "node_type": "type_change", "degree": 2, "link_types": "crosswalk+pseudo"}, "geometry": {"type": "Point", "coordinates": [-71.0764403, 42.4267238]}}, {"type": "Feature", "properties": {"node_id": 4846, "node_type": "type_change", "degree": 2, "link_types": "crosswalk+pseudo"}, "geometry": {"type": "Point", "coordinates": [-71.0765043, 42.4267478]}}, {"type": "Feature", "properties": {"node_id": 4847, "node_type": "endpoint", "degree": 1, "link_types": "sidewalk"}, "geometry": {"type": "Point", "coordinates": [-71.0789191, 42.4272862]}}, {"type": "Feature", "properties": {"node_id": 4848, "node_type": "endpoint", "degree": 1, "link_types": "sidewalk"}, "geometry": {"type": "Point", "coordinates": [-71.0790451, 42.4273617]}}, {"type": "Feature", "properties": {"node_id": 4849, "node_type": "endpoint", "degree": 1, "link_types": "sidewalk"}, "geometry": {"type": "Point", "coordinates": [-71.0784541, 42.4274848]}}, {"type": "Feature", "properties": {"node_id": 4850, "node_type": "type_change", "degree": 2, "link_types": "midblock+sidewalk"}, "geometry": {"type": "Point", "coordinates": [-71.0784177, 42.4274747]}}, {"type": "Feature", "properties": {"node_id": 4851, "node_type": "type_change", "degree": 2, "link_types": "midblock+sidewalk"}, "geometry": {"type": "Point", "coordinates": [-71.0780601, 42.4273751]}}, {"type": "Feature", "properties": {"node_id": 4852, "node_type": "type_change", "degree": 2, "link_types": "midblock+sidewalk"}, "geometry": {"type": "Point", "coordinates": [-71.077991, 42.4273558]}}, {"type": "Feature", "properties": {"node_id": 4853, "node_type": "type_change", "degree": 2, "link_types": "midblock+sidewalk"}, "geometry": {"type": "Point", "coordinates": [-71.0778082, 42.4273049]}}, {"type": "Feature", "properties": {"node_id": 4854, "node_type": "endpoint", "degree": 1, "link_types": "sidewalk"}, "geometry": {"type": "Point", "coordinates": [-71.0845583, 42.4210031]}}, {"type": "Feature", "properties": {"node_id": 4855, "node_type": "type_change", "degree": 2, "link_types": "midblock+sidewalk"}, "geometry": {"type": "Point", "coordinates": [-71.0841992, 42.4209954]}}, {"type": "Feature", "properties": {"node_id": 4856, "node_type": "type_change", "degree": 2, "link_types": "midblock+sidewalk"}, "geometry": {"type": "Point", "coordinates": [-71.0841657, 42.4209934]}}, {"type": "Feature", "properties": {"node_id": 4857, "node_type": "endpoint", "degree": 1, "link_types": "sidewalk"}, "geometry": {"type": "Point", "coordinates": [-71.0835488, 42.4209991]}}, {"type": "Feature", "properties": {"node_id": 4858, "node_type": "endpoint", "degree": 1, "link_types": "crosswalk"}, "geometry": {"type": "Point", "coordinates": [-71.0717215, 42.4255888]}}, {"type": "Feature", "properties": {"node_id": 4859, "node_type": "endpoint", "degree": 1, "link_types": "crosswalk"}, "geometry": {"type": "Point", "coordinates": [-71.0716601, 42.4255848]}}, {"type": "Feature", "properties": {"node_id": 4860, "node_type": "junction", "degree": 3, "link_types": "sidewalk"}, "geometry": {"type": "Point", "coordinates": [-71.0721116, 42.425326]}}, {"type": "Feature", "properties": {"node_id": 4861, "node_type": "endpoint", "degree": 1, "link_types": "sidewalk"}, "geometry": {"type": "Point", "coordinates": [-71.0721609, 42.4251118]}}, {"type": "Feature", "properties": {"node_id": 4862, "node_type": "endpoint", "degree": 1, "link_types": "sidewalk"}, "geometry": {"type": "Point", "coordinates": [-71.0793751, 42.4257534]}}, {"type": "Feature", "properties": {"node_id": 4863, "node_type": "type_change", "degree": 2, "link_types": "midblock+sidewalk"}, "geometry": {"type": "Point", "coordinates": [-71.0790521, 42.4257972]}}, {"type": "Feature", "properties": {"node_id": 4864, "node_type": "type_change", "degree": 2, "link_types": "midblock+sidewalk"}, "geometry": {"type": "Point", "coordinates": [-71.0790012, 42.4258032]}}, {"type": "Feature", "properties": {"node_id": 4865, "node_type": "type_change", "degree": 2, "link_types": "midblock+sidewalk"}, "geometry": {"type": "Point", "coordinates": [-71.078865, 42.4258193]}}, {"type": "Feature", "properties": {"node_id": 4866, "node_type": "type_change", "degree": 2, "link_types": "midblock+sidewalk"}, "geometry": {"type": "Point", "coordinates": [-71.0788401, 42.4258223]}}, {"type": "Feature", "properties": {"node_id": 4867, "node_type": "type_change", "degree": 2, "link_types": "midblock+sidewalk"}, "geometry": {"type": "Point", "coordinates": [-71.0785217, 42.4258601]}}, {"type": "Feature", "properties": {"node_id": 4868, "node_type": "type_change", "degree": 2, "link_types": "midblock+sidewalk"}, "geometry": {"type": "Point", "coordinates": [-71.0784929, 42.4258635]}}, {"type": "Feature", "properties": {"node_id": 4869, "node_type": "endpoint", "degree": 1, "link_types": "sidewalk"}, "geometry": {"type": "Point", "coordinates": [-71.0783057, 42.4258802]}}, {"type": "Feature", "properties": {"node_id": 4870, "node_type": "endpoint", "degree": 1, "link_types": "sidewalk"}, "geometry": {"type": "Point", "coordinates": [-71.0744718, 42.4271578]}}, {"type": "Feature", "properties": {"node_id": 4871, "node_type": "endpoint", "degree": 1, "link_types": "sidewalk"}, "geometry": {"type": "Point", "coordinates": [-71.0718077, 42.4270836]}}, {"type": "Feature", "properties": {"node_id": 4872, "node_type": "type_change", "degree": 2, "link_types": "pseudo+sidewalk"}, "geometry": {"type": "Point", "coordinates": [-71.0824287, 42.4216758]}}, {"type": "Feature", "properties": {"node_id": 4873, "node_type": "type_change", "degree": 2, "link_types": "midblock+sidewalk"}, "geometry": {"type": "Point", "coordinates": [-71.0825818, 42.4216766]}}, {"type": "Feature", "properties": {"node_id": 4874, "node_type": "type_change", "degree": 2, "link_types": "midblock+sidewalk"}, "geometry": {"type": "Point", "coordinates": [-71.0826593, 42.4216771]}}, {"type": "Feature", "properties": {"node_id": 4875, "node_type": "type_change", "degree": 2, "link_types": "midblock+sidewalk"}, "geometry": {"type": "Point", "coordinates": [-71.0827975, 42.4216761]}}, {"type": "Feature", "properties": {"node_id": 4876, "node_type": "type_change", "degree": 2, "link_types": "midblock+sidewalk"}, "geometry": {"type": "Point", "coordinates": [-71.0828427, 42.4216767]}}, {"type": "Feature", "properties": {"node_id": 4877, "node_type": "type_change", "degree": 2, "link_types": "midblock+sidewalk"}, "geometry": {"type": "Point", "coordinates": [-71.083165, 42.4216777]}}, {"type": "Feature", "properties": {"node_id": 4878, "node_type": "type_change", "degree": 2, "link_types": "midblock+sidewalk"}, "geometry": {"type": "Point", "coordinates": [-71.0832221, 42.4216781]}}, {"type": "Feature", "properties": {"node_id": 4879, "node_type": "type_change", "degree": 2, "link_types": "midblock+sidewalk"}, "geometry": {"type": "Point", "coordinates": [-71.0833375, 42.4216754]}}, {"type": "Feature", "properties": {"node_id": 4880, "node_type": "type_change", "degree": 2, "link_types": "midblock+sidewalk"}, "geometry": {"type": "Point", "coordinates": [-71.0834052, 42.4216784]}}, {"type": "Feature", "properties": {"node_id": 4881, "node_type": "type_change", "degree": 2, "link_types": "midblock+sidewalk"}, "geometry": {"type": "Point", "coordinates": [-71.083735, 42.4216771]}}, {"type": "Feature", "properties": {"node_id": 4882, "node_type": "type_change", "degree": 2, "link_types": "midblock+sidewalk"}, "geometry": {"type": "Point", "coordinates": [-71.0838194, 42.4216765]}}, {"type": "Feature", "properties": {"node_id": 4883, "node_type": "endpoint", "degree": 1, "link_types": "sidewalk"}, "geometry": {"type": "Point", "coordinates": [-71.0845901, 42.4216718]}}, {"type": "Feature", "properties": {"node_id": 4884, "node_type": "endpoint", "degree": 1, "link_types": "sidewalk"}, "geometry": {"type": "Point", "coordinates": [-71.0810268, 42.426856]}}, {"type": "Feature", "properties": {"node_id": 4885, "node_type": "endpoint", "degree": 1, "link_types": "midblock"}, "geometry": {"type": "Point", "coordinates": [-71.0741986, 42.4262464]}}, {"type": "Feature", "properties": {"node_id": 4886, "node_type": "type_change", "degree": 2, "link_types": "midblock+sidewalk"}, "geometry": {"type": "Point", "coordinates": [-71.0741999, 42.4262344]}}, {"type": "Feature", "properties": {"node_id": 4887, "node_type": "type_change", "degree": 2, "link_types": "crosswalk+pseudo"}, "geometry": {"type": "Point", "coordinates": [-71.0816311, 42.415939]}}, {"type": "Feature", "properties": {"node_id": 4888, "node_type": "type_change", "degree": 2, "link_types": "crosswalk+pseudo"}, "geometry": {"type": "Point", "coordinates": [-71.081677, 42.415944]}}, {"type": "Feature", "properties": {"node_id": 4889, "node_type": "type_change", "degree": 2, "link_types": "pseudo+sidewalk"}, "geometry": {"type": "Point", "coordinates": [-71.0674318, 42.4182105]}}, {"type": "Feature", "properties": {"node_id": 4890, "node_type": "endpoint", "degree": 1, "link_types": "crosswalk"}, "geometry": {"type": "Point", "coordinates": [-71.0679498, 42.4288528]}}, {"type": "Feature", "properties": {"node_id": 4891, "node_type": "type_change", "degree": 2, "link_types": "crosswalk+pseudo"}, "geometry": {"type": "Point", "coordinates": [-71.0679825, 42.4288399]}}, {"type": "Feature", "properties": {"node_id": 4892, "node_type": "type_change", "degree": 2, "link_types": "pseudo+sidewalk"}, "geometry": {"type": "Point", "coordinates": [-71.0679909, 42.428829]}}, {"type": "Feature", "properties": {"node_id": 4893, "node_type": "junction", "degree": 3, "link_types": "pseudo"}, "geometry": {"type": "Point", "coordinates": [-71.0732705, 42.4272372]}}, {"type": "Feature", "properties": {"node_id": 4894, "node_type": "type_change", "degree": 2, "link_types": "crosswalk+pseudo"}, "geometry": {"type": "Point", "coordinates": [-71.0732695, 42.427238]}}, {"type": "Feature", "properties": {"node_id": 4895, "node_type": "type_change", "degree": 2, "link_types": "crosswalk+pseudo"}, "geometry": {"type": "Point", "coordinates": [-71.0732655, 42.4273202]}}, {"type": "Feature", "properties": {"node_id": 4896, "node_type": "endpoint", "degree": 1, "link_types": "pseudo"}, "geometry": {"type": "Point", "coordinates": [-71.0732695, 42.4272365]}}, {"type": "Feature", "properties": {"node_id": 4897, "node_type": "endpoint", "degree": 1, "link_types": "sidewalk"}, "geometry": {"type": "Point", "coordinates": [-71.0679303, 42.4250953]}}, {"type": "Feature", "properties": {"node_id": 4898, "node_type": "type_change", "degree": 2, "link_types": "crosswalk+pseudo"}, "geometry": {"type": "Point", "coordinates": [-71.0693259, 42.4160258]}}, {"type": "Feature", "properties": {"node_id": 4899, "node_type": "endpoint", "degree": 1, "link_types": "sidewalk"}, "geometry": {"type": "Point", "coordinates": [-71.0733984, 42.4273422]}}, {"type": "Feature", "properties": {"node_id": 4900, "node_type": "endpoint", "degree": 1, "link_types": "sidewalk"}, "geometry": {"type": "Point", "coordinates": [-71.0777141, 42.4190972]}}, {"type": "Feature", "properties": {"node_id": 4901, "node_type": "endpoint", "degree": 1, "link_types": "sidewalk"}, "geometry": {"type": "Point", "coordinates": [-71.0777039, 42.4194663]}}, {"type": "Feature", "properties": {"node_id": 4902, "node_type": "endpoint", "degree": 1, "link_types": "sidewalk"}, "geometry": {"type": "Point", "coordinates": [-71.0723761, 42.4213141]}}, {"type": "Feature", "properties": {"node_id": 4903, "node_type": "type_change", "degree": 2, "link_types": "midblock+sidewalk"}, "geometry": {"type": "Point", "coordinates": [-71.0723646, 42.421617]}}, {"type": "Feature", "properties": {"node_id": 4904, "node_type": "type_change", "degree": 2, "link_types": "midblock+sidewalk"}, "geometry": {"type": "Point", "coordinates": [-71.0723637, 42.4216393]}}, {"type": "Feature", "properties": {"node_id": 4905, "node_type": "endpoint", "degree": 1, "link_types": "sidewalk"}, "geometry": {"type": "Point", "coordinates": [-71.072348, 42.4220531]}}, {"type": "Feature", "properties": {"node_id": 4906, "node_type": "endpoint", "degree": 1, "link_types": "sidewalk"}, "geometry": {"type": "Point", "coordinates": [-71.0698397, 42.4243411]}}, {"type": "Feature", "properties": {"node_id": 4907, "node_type": "type_change", "degree": 2, "link_types": "pseudo+sidewalk"}, "geometry": {"type": "Point", "coordinates": [-71.0698122, 42.424333]}}, {"type": "Feature", "properties": {"node_id": 4908, "node_type": "type_change", "degree": 2, "link_types": "crosswalk+pseudo"}, "geometry": {"type": "Point", "coordinates": [-71.0698197, 42.4243264]}}, {"type": "Feature", "properties": {"node_id": 4909, "node_type": "type_change", "degree": 2, "link_types": "crosswalk+pseudo"}, "geometry": {"type": "Point", "coordinates": [-71.069918, 42.4243289]}}, {"type": "Feature", "properties": {"node_id": 4910, "node_type": "type_change", "degree": 2, "link_types": "pseudo+sidewalk"}, "geometry": {"type": "Point", "coordinates": [-71.0699335, 42.424325]}}, {"type": "Feature", "properties": {"node_id": 4911, "node_type": "endpoint", "degree": 1, "link_types": "sidewalk"}, "geometry": {"type": "Point", "coordinates": [-71.0699977, 42.4243253]}}, {"type": "Feature", "properties": {"node_id": 4912, "node_type": "endpoint", "degree": 1, "link_types": "sidewalk"}, "geometry": {"type": "Point", "coordinates": [-71.0797035, 42.4175972]}}, {"type": "Feature", "properties": {"node_id": 4913, "node_type": "type_change", "degree": 2, "link_types": "pseudo+sidewalk"}, "geometry": {"type": "Point", "coordinates": [-71.0737712, 42.4272332]}}, {"type": "Feature", "properties": {"node_id": 4914, "node_type": "type_change", "degree": 3, "link_types": "pseudo+sidewalk"}, "geometry": {"type": "Point", "coordinates": [-71.0687826, 42.4261145]}}, {"type": "Feature", "properties": {"node_id": 4915, "node_type": "endpoint", "degree": 1, "link_types": "sidewalk"}, "geometry": {"type": "Point", "coordinates": [-71.0743114, 42.4272789]}}, {"type": "Feature", "properties": {"node_id": 4916, "node_type": "type_change", "degree": 2, "link_types": "crosswalk+sidewalk"}, "geometry": {"type": "Point", "coordinates": [-71.0679231, 42.4285125]}}, {"type": "Feature", "properties": {"node_id": 4917, "node_type": "type_change", "degree": 2, "link_types": "crosswalk+pseudo"}, "geometry": {"type": "Point", "coordinates": [-71.0678479, 42.4285023]}}, {"type": "Feature", "properties": {"node_id": 4918, "node_type": "type_change", "degree": 2, "link_types": "pseudo+sidewalk"}, "geometry": {"type": "Point", "coordinates": [-71.06785, 42.4285066]}}, {"type": "Feature", "properties": {"node_id": 4919, "node_type": "type_change", "degree": 2, "link_types": "pseudo+sidewalk"}, "geometry": {"type": "Point", "coordinates": [-71.06785, 42.4285073]}}, {"type": "Feature", "properties": {"node_id": 4920, "node_type": "type_change", "degree": 2, "link_types": "crosswalk+pseudo"}, "geometry": {"type": "Point", "coordinates": [-71.0678501, 42.4285109]}}, {"type": "Feature", "properties": {"node_id": 4921, "node_type": "type_change", "degree": 2, "link_types": "crosswalk+pseudo"}, "geometry": {"type": "Point", "coordinates": [-71.06777, 42.4285008]}}, {"type": "Feature", "properties": {"node_id": 4922, "node_type": "type_change", "degree": 2, "link_types": "pseudo+sidewalk"}, "geometry": {"type": "Point", "coordinates": [-71.0677677, 42.4284879]}}, {"type": "Feature", "properties": {"node_id": 4923, "node_type": "endpoint", "degree": 1, "link_types": "sidewalk"}, "geometry": {"type": "Point", "coordinates": [-71.0672329, 42.4283427]}}, {"type": "Feature", "properties": {"node_id": 4924, "node_type": "endpoint", "degree": 1, "link_types": "crosswalk"}, "geometry": {"type": "Point", "coordinates": [-71.0698815, 42.4275024]}}, {"type": "Feature", "properties": {"node_id": 4925, "node_type": "endpoint", "degree": 1, "link_types": "sidewalk"}, "geometry": {"type": "Point", "coordinates": [-71.0679529, 42.4252793]}}, {"type": "Feature", "properties": {"node_id": 4926, "node_type": "type_change", "degree": 2, "link_types": "midblock+sidewalk"}, "geometry": {"type": "Point", "coordinates": [-71.0704546, 42.4187829]}}, {"type": "Feature", "properties": {"node_id": 4927, "node_type": "endpoint", "degree": 1, "link_types": "midblock"}, "geometry": {"type": "Point", "coordinates": [-71.0703414, 42.4187876]}}, {"type": "Feature", "properties": {"node_id": 4928, "node_type": "type_change", "degree": 2, "link_types": "pseudo+sidewalk"}, "geometry": {"type": "Point", "coordinates": [-71.067271, 42.4182285]}}, {"type": "Feature", "properties": {"node_id": 4929, "node_type": "endpoint", "degree": 1, "link_types": "sidewalk"}, "geometry": {"type": "Point", "coordinates": [-71.0670261, 42.4182343]}}, {"type": "Feature", "properties": {"node_id": 4930, "node_type": "endpoint", "degree": 1, "link_types": "sidewalk"}, "geometry": {"type": "Point", "coordinates": [-71.0769926, 42.4270459]}}, {"type": "Feature", "properties": {"node_id": 4931, "node_type": "type_change", "degree": 2, "link_types": "midblock+sidewalk"}, "geometry": {"type": "Point", "coordinates": [-71.0766582, 42.4270313]}}, {"type": "Feature", "properties": {"node_id": 4932, "node_type": "type_change", "degree": 2, "link_types": "midblock+sidewalk"}, "geometry": {"type": "Point", "coordinates": [-71.0766281, 42.42703]}}, {"type": "Feature", "properties": {"node_id": 4933, "node_type": "type_change", "degree": 2, "link_types": "crosswalk+pseudo"}, "geometry": {"type": "Point", "coordinates": [-71.0794272, 42.4234478]}}, {"type": "Feature", "properties": {"node_id": 4934, "node_type": "endpoint", "degree": 1, "link_types": "sidewalk"}, "geometry": {"type": "Point", "coordinates": [-71.0693594, 42.4196727]}}, {"type": "Feature", "properties": {"node_id": 4935, "node_type": "type_change", "degree": 2, "link_types": "midblock+sidewalk"}, "geometry": {"type": "Point", "coordinates": [-71.0693256, 42.4196756]}}, {"type": "Feature", "properties": {"node_id": 4936, "node_type": "type_change", "degree": 2, "link_types": "midblock+sidewalk"}, "geometry": {"type": "Point", "coordinates": [-71.0692667, 42.4196807]}}, {"type": "Feature", "properties": {"node_id": 4937, "node_type": "type_change", "degree": 2, "link_types": "midblock+sidewalk"}, "geometry": {"type": "Point", "coordinates": [-71.0690996, 42.4196918]}}, {"type": "Feature", "properties": {"node_id": 4938, "node_type": "type_change", "degree": 2, "link_types": "midblock+sidewalk"}, "geometry": {"type": "Point", "coordinates": [-71.0690096, 42.4196938]}}, {"type": "Feature", "properties": {"node_id": 4939, "node_type": "type_change", "degree": 2, "link_types": "midblock+sidewalk"}, "geometry": {"type": "Point", "coordinates": [-71.0686667, 42.4197095]}}, {"type": "Feature", "properties": {"node_id": 4940, "node_type": "type_change", "degree": 2, "link_types": "midblock+sidewalk"}, "geometry": {"type": "Point", "coordinates": [-71.0686493, 42.4197105]}}, {"type": "Feature", "properties": {"node_id": 4941, "node_type": "type_change", "degree": 2, "link_types": "midblock+sidewalk"}, "geometry": {"type": "Point", "coordinates": [-71.0685301, 42.4197172]}}, {"type": "Feature", "properties": {"node_id": 4942, "node_type": "type_change", "degree": 2, "link_types": "midblock+sidewalk"}, "geometry": {"type": "Point", "coordinates": [-71.0685117, 42.4197182]}}, {"type": "Feature", "properties": {"node_id": 4943, "node_type": "endpoint", "degree": 1, "link_types": "sidewalk"}, "geometry": {"type": "Point", "coordinates": [-71.0683014, 42.41973]}}, {"type": "Feature", "properties": {"node_id": 4944, "node_type": "endpoint", "degree": 1, "link_types": "sidewalk"}, "geometry": {"type": "Point", "coordinates": [-71.0698862, 42.4275275]}}, {"type": "Feature", "properties": {"node_id": 4945, "node_type": "type_change", "degree": 2, "link_types": "pseudo+sidewalk"}, "geometry": {"type": "Point", "coordinates": [-71.0698862, 42.4275268]}}, {"type": "Feature", "properties": {"node_id": 4946, "node_type": "endpoint", "degree": 1, "link_types": "midblock"}, "geometry": {"type": "Point", "coordinates": [-71.0674736, 42.4187147]}}, {"type": "Feature", "properties": {"node_id": 4947, "node_type": "type_change", "degree": 2, "link_types": "midblock+sidewalk"}, "geometry": {"type": "Point", "coordinates": [-71.067468, 42.418685]}}, {"type": "Feature", "properties": {"node_id": 4948, "node_type": "type_change", "degree": 2, "link_types": "midblock+sidewalk"}, "geometry": {"type": "Point", "coordinates": [-71.0674621, 42.4185901]}}, {"type": "Feature", "properties": {"node_id": 4949, "node_type": "type_change", "degree": 2, "link_types": "midblock+sidewalk"}, "geometry": {"type": "Point", "coordinates": [-71.0674523, 42.4185457]}}, {"type": "Feature", "properties": {"node_id": 4950, "node_type": "type_change", "degree": 2, "link_types": "pseudo+sidewalk"}, "geometry": {"type": "Point", "coordinates": [-71.0710568, 42.4238004]}}, {"type": "Feature", "properties": {"node_id": 4951, "node_type": "endpoint", "degree": 1, "link_types": "sidewalk"}, "geometry": {"type": "Point", "coordinates": [-71.0711442, 42.4237967]}}, {"type": "Feature", "properties": {"node_id": 4952, "node_type": "type_change", "degree": 2, "link_types": "midblock+sidewalk"}, "geometry": {"type": "Point", "coordinates": [-71.0796693, 42.4168727]}}, {"type": "Feature", "properties": {"node_id": 4953, "node_type": "type_change", "degree": 2, "link_types": "midblock+sidewalk"}, "geometry": {"type": "Point", "coordinates": [-71.0796785, 42.4169421]}}, {"type": "Feature", "properties": {"node_id": 4954, "node_type": "endpoint", "degree": 1, "link_types": "sidewalk"}, "geometry": {"type": "Point", "coordinates": [-71.0797011, 42.4171124]}}, {"type": "Feature", "properties": {"node_id": 4955, "node_type": "endpoint", "degree": 1, "link_types": "sidewalk"}, "geometry": {"type": "Point", "coordinates": [-71.0741256, 42.4290444]}}, {"type": "Feature", "properties": {"node_id": 4956, "node_type": "endpoint", "degree": 1, "link_types": "sidewalk"}, "geometry": {"type": "Point", "coordinates": [-71.0740314, 42.4286377]}}, {"type": "Feature", "properties": {"node_id": 4957, "node_type": "endpoint", "degree": 1, "link_types": "sidewalk"}, "geometry": {"type": "Point", "coordinates": [-71.0692503, 42.4170069]}}, {"type": "Feature", "properties": {"node_id": 4958, "node_type": "type_change", "degree": 2, "link_types": "midblock+sidewalk"}, "geometry": {"type": "Point", "coordinates": [-71.0687926, 42.4168885]}}, {"type": "Feature", "properties": {"node_id": 4959, "node_type": "type_change", "degree": 2, "link_types": "midblock+sidewalk"}, "geometry": {"type": "Point", "coordinates": [-71.0687509, 42.4168906]}}, {"type": "Feature", "properties": {"node_id": 4960, "node_type": "type_change", "degree": 2, "link_types": "midblock+sidewalk"}, "geometry": {"type": "Point", "coordinates": [-71.068654, 42.4168956]}}, {"type": "Feature", "properties": {"node_id": 4961, "node_type": "type_change", "degree": 2, "link_types": "midblock+sidewalk"}, "geometry": {"type": "Point", "coordinates": [-71.0686065, 42.4168981]}}, {"type": "Feature", "properties": {"node_id": 4962, "node_type": "endpoint", "degree": 1, "link_types": "midblock"}, "geometry": {"type": "Point", "coordinates": [-71.0834935, 42.4204432]}}, {"type": "Feature", "properties": {"node_id": 4963, "node_type": "type_change", "degree": 2, "link_types": "midblock+sidewalk"}, "geometry": {"type": "Point", "coordinates": [-71.0835129, 42.4204437]}}, {"type": "Feature", "properties": {"node_id": 4964, "node_type": "type_change", "degree": 2, "link_types": "midblock+sidewalk"}, "geometry": {"type": "Point", "coordinates": [-71.0835567, 42.420451]}}, {"type": "Feature", "properties": {"node_id": 4965, "node_type": "endpoint", "degree": 1, "link_types": "sidewalk"}, "geometry": {"type": "Point", "coordinates": [-71.0673185, 42.4286379]}}, {"type": "Feature", "properties": {"node_id": 4966, "node_type": "type_change", "degree": 2, "link_types": "pseudo+sidewalk"}, "geometry": {"type": "Point", "coordinates": [-71.0673185, 42.4286387]}}, {"type": "Feature", "properties": {"node_id": 4967, "node_type": "type_change", "degree": 2, "link_types": "crosswalk+pseudo"}, "geometry": {"type": "Point", "coordinates": [-71.067315, 42.428651]}}, {"type": "Feature", "properties": {"node_id": 4968, "node_type": "type_change", "degree": 2, "link_types": "crosswalk+pseudo"}, "geometry": {"type": "Point", "coordinates": [-71.0671114, 42.4286698]}}, {"type": "Feature", "properties": {"node_id": 4969, "node_type": "endpoint", "degree": 1, "link_types": "sidewalk"}, "geometry": {"type": "Point", "coordinates": [-71.0676172, 42.424413]}}, {"type": "Feature", "properties": {"node_id": 4970, "node_type": "endpoint", "degree": 1, "link_types": "sidewalk"}, "geometry": {"type": "Point", "coordinates": [-71.0749588, 42.42341]}}, {"type": "Feature", "properties": {"node_id": 4971, "node_type": "junction", "degree": 3, "link_types": "sidewalk"}, "geometry": {"type": "Point", "coordinates": [-71.0693677, 42.416025]}}, {"type": "Feature", "properties": {"node_id": 4972, "node_type": "endpoint", "degree": 1, "link_types": "pseudo"}, "geometry": {"type": "Point", "coordinates": [-71.0761806, 42.426753]}}, {"type": "Feature", "properties": {"node_id": 4973, "node_type": "endpoint", "degree": 1, "link_types": "pseudo"}, "geometry": {"type": "Point", "coordinates": [-71.0761578, 42.4267397]}}, {"type": "Feature", "properties": {"node_id": 4974, "node_type": "endpoint", "degree": 1, "link_types": "sidewalk"}, "geometry": {"type": "Point", "coordinates": [-71.0752166, 42.4213801]}}, {"type": "Feature", "properties": {"node_id": 4975, "node_type": "type_change", "degree": 2, "link_types": "pseudo+sidewalk"}, "geometry": {"type": "Point", "coordinates": [-71.0750559, 42.4262921]}}, {"type": "Feature", "properties": {"node_id": 4976, "node_type": "endpoint", "degree": 1, "link_types": "sidewalk"}, "geometry": {"type": "Point", "coordinates": [-71.0751931, 42.4263552]}}, {"type": "Feature", "properties": {"node_id": 4977, "node_type": "endpoint", "degree": 1, "link_types": "sidewalk"}, "geometry": {"type": "Point", "coordinates": [-71.0799358, 42.4195086]}}, {"type": "Feature", "properties": {"node_id": 4978, "node_type": "type_change", "degree": 2, "link_types": "pseudo+sidewalk"}, "geometry": {"type": "Point", "coordinates": [-71.0799368, 42.4195086]}}, {"type": "Feature", "properties": {"node_id": 4979, "node_type": "type_change", "degree": 2, "link_types": "crosswalk+pseudo"}, "geometry": {"type": "Point", "coordinates": [-71.0799561, 42.4195039]}}, {"type": "Feature", "properties": {"node_id": 4980, "node_type": "type_change", "degree": 2, "link_types": "crosswalk+pseudo"}, "geometry": {"type": "Point", "coordinates": [-71.0799557, 42.4195796]}}, {"type": "Feature", "properties": {"node_id": 4981, "node_type": "endpoint", "degree": 1, "link_types": "sidewalk"}, "geometry": {"type": "Point", "coordinates": [-71.0682973, 42.4209649]}}, {"type": "Feature", "properties": {"node_id": 4982, "node_type": "type_change", "degree": 2, "link_types": "midblock+sidewalk"}, "geometry": {"type": "Point", "coordinates": [-71.0680742, 42.4204311]}}, {"type": "Feature", "properties": {"node_id": 4983, "node_type": "type_change", "degree": 2, "link_types": "midblock+sidewalk"}, "geometry": {"type": "Point", "coordinates": [-71.0680649, 42.4204106]}}, {"type": "Feature", "properties": {"node_id": 4984, "node_type": "type_change", "degree": 2, "link_types": "midblock+sidewalk"}, "geometry": {"type": "Point", "coordinates": [-71.0679811, 42.4202156]}}, {"type": "Feature", "properties": {"node_id": 4985, "node_type": "endpoint", "degree": 1, "link_types": "midblock"}, "geometry": {"type": "Point", "coordinates": [-71.0679573, 42.4201469]}}, {"type": "Feature", "properties": {"node_id": 4986, "node_type": "type_change", "degree": 2, "link_types": "pseudo+sidewalk"}, "geometry": {"type": "Point", "coordinates": [-71.0823418, 42.4233099]}}, {"type": "Feature", "properties": {"node_id": 4987, "node_type": "type_change", "degree": 2, "link_types": "crosswalk+pseudo"}, "geometry": {"type": "Point", "coordinates": [-71.068767, 42.4261991]}}, {"type": "Feature", "properties": {"node_id": 4988, "node_type": "type_change", "degree": 2, "link_types": "crosswalk+pseudo"}, "geometry": {"type": "Point", "coordinates": [-71.0687928, 42.426128]}}, {"type": "Feature", "properties": {"node_id": 4989, "node_type": "endpoint", "degree": 1, "link_types": "sidewalk"}, "geometry": {"type": "Point", "coordinates": [-71.0674178, 42.4209808]}}, {"type": "Feature", "properties": {"node_id": 4990, "node_type": "type_change", "degree": 2, "link_types": "pseudo+sidewalk"}, "geometry": {"type": "Point", "coordinates": [-71.0812478, 42.4269817]}}, {"type": "Feature", "properties": {"node_id": 4991, "node_type": "type_change", "degree": 2, "link_types": "crosswalk+pseudo"}, "geometry": {"type": "Point", "coordinates": [-71.0812255, 42.4269547]}}, {"type": "Feature", "properties": {"node_id": 4992, "node_type": "type_change", "degree": 2, "link_types": "crosswalk+pseudo"}, "geometry": {"type": "Point", "coordinates": [-71.0812268, 42.4268452]}}, {"type": "Feature", "properties": {"node_id": 4993, "node_type": "type_change", "degree": 2, "link_types": "pseudo+sidewalk"}, "geometry": {"type": "Point", "coordinates": [-71.081235, 42.4268306]}}, {"type": "Feature", "properties": {"node_id": 4994, "node_type": "type_change", "degree": 3, "link_types": "pseudo+sidewalk"}, "geometry": {"type": "Point", "coordinates": [-71.0673286, 42.4169652]}}, {"type": "Feature", "properties": {"node_id": 4995, "node_type": "endpoint", "degree": 1, "link_types": "sidewalk"}, "geometry": {"type": "Point", "coordinates": [-71.0668212, 42.4227091]}}, {"type": "Feature", "properties": {"node_id": 4996, "node_type": "type_change", "degree": 2, "link_types": "midblock+sidewalk"}, "geometry": {"type": "Point", "coordinates": [-71.0668645, 42.4227195]}}, {"type": "Feature", "properties": {"node_id": 4997, "node_type": "type_change", "degree": 2, "link_types": "midblock+sidewalk"}, "geometry": {"type": "Point", "coordinates": [-71.0669308, 42.4227356]}}, {"type": "Feature", "properties": {"node_id": 4998, "node_type": "type_change", "degree": 2, "link_types": "midblock+sidewalk"}, "geometry": {"type": "Point", "coordinates": [-71.0694694, 42.4270415]}}, {"type": "Feature", "properties": {"node_id": 4999, "node_type": "type_change", "degree": 2, "link_types": "midblock+sidewalk"}, "geometry": {"type": "Point", "coordinates": [-71.0696259, 42.4270594]}}, {"type": "Feature", "properties": {"node_id": 5000, "node_type": "type_change", "degree": 2, "link_types": "crosswalk+pseudo"}, "geometry": {"type": "Point", "coordinates": [-71.0683653, 42.4169119]}}, {"type": "Feature", "properties": {"node_id": 5001, "node_type": "type_change", "degree": 2, "link_types": "pseudo+sidewalk"}, "geometry": {"type": "Point", "coordinates": [-71.0696255, 42.4193985]}}, {"type": "Feature", "properties": {"node_id": 5002, "node_type": "endpoint", "degree": 1, "link_types": "sidewalk"}, "geometry": {"type": "Point", "coordinates": [-71.0697108, 42.4193905]}}, {"type": "Feature", "properties": {"node_id": 5003, "node_type": "type_change", "degree": 2, "link_types": "midblock+sidewalk"}, "geometry": {"type": "Point", "coordinates": [-71.0805414, 42.4195858]}}, {"type": "Feature", "properties": {"node_id": 5004, "node_type": "type_change", "degree": 2, "link_types": "midblock+sidewalk"}, "geometry": {"type": "Point", "coordinates": [-71.0806065, 42.4195859]}}, {"type": "Feature", "properties": {"node_id": 5005, "node_type": "type_change", "degree": 2, "link_types": "midblock+sidewalk"}, "geometry": {"type": "Point", "coordinates": [-71.0809918, 42.419589]}}, {"type": "Feature", "properties": {"node_id": 5006, "node_type": "type_change", "degree": 2, "link_types": "midblock+sidewalk"}, "geometry": {"type": "Point", "coordinates": [-71.0810558, 42.4195904]}}, {"type": "Feature", "properties": {"node_id": 5007, "node_type": "endpoint", "degree": 1, "link_types": "sidewalk"}, "geometry": {"type": "Point", "coordinates": [-71.0764293, 42.4260374]}}, {"type": "Feature", "properties": {"node_id": 5008, "node_type": "junction", "degree": 3, "link_types": "midblock"}, "geometry": {"type": "Point", "coordinates": [-71.0772961, 42.4289337]}}, {"type": "Feature", "properties": {"node_id": 5009, "node_type": "type_change", "degree": 2, "link_types": "pseudo+sidewalk"}, "geometry": {"type": "Point", "coordinates": [-71.0797311, 42.4177285]}}, {"type": "Feature", "properties": {"node_id": 5010, "node_type": "type_change", "degree": 2, "link_types": "crosswalk+pseudo"}, "geometry": {"type": "Point", "coordinates": [-71.0797434, 42.4177182]}}, {"type": "Feature", "properties": {"node_id": 5011, "node_type": "type_change", "degree": 2, "link_types": "crosswalk+pseudo"}, "geometry": {"type": "Point", "coordinates": [-71.0797327, 42.4175995]}}, {"type": "Feature", "properties": {"node_id": 5012, "node_type": "endpoint", "degree": 1, "link_types": "sidewalk"}, "geometry": {"type": "Point", "coordinates": [-71.0708793, 42.4287163]}}, {"type": "Feature", "properties": {"node_id": 5013, "node_type": "endpoint", "degree": 1, "link_types": "sidewalk"}, "geometry": {"type": "Point", "coordinates": [-71.0671651, 42.4207483]}}, {"type": "Feature", "properties": {"node_id": 5014, "node_type": "endpoint", "degree": 1, "link_types": "sidewalk"}, "geometry": {"type": "Point", "coordinates": [-71.0728149, 42.4234444]}}, {"type": "Feature", "properties": {"node_id": 5015, "node_type": "type_change", "degree": 2, "link_types": "crosswalk+pseudo"}, "geometry": {"type": "Point", "coordinates": [-71.0705901, 42.4168004]}}, {"type": "Feature", "properties": {"node_id": 5016, "node_type": "type_change", "degree": 2, "link_types": "crosswalk+pseudo"}, "geometry": {"type": "Point", "coordinates": [-71.0704361, 42.4168198]}}, {"type": "Feature", "properties": {"node_id": 5017, "node_type": "type_change", "degree": 2, "link_types": "pseudo+sidewalk"}, "geometry": {"type": "Point", "coordinates": [-71.0670871, 42.4286695]}}, {"type": "Feature", "properties": {"node_id": 5018, "node_type": "endpoint", "degree": 1, "link_types": "sidewalk"}, "geometry": {"type": "Point", "coordinates": [-71.0670779, 42.4285983]}}, {"type": "Feature", "properties": {"node_id": 5019, "node_type": "endpoint", "degree": 1, "link_types": "sidewalk"}, "geometry": {"type": "Point", "coordinates": [-71.0722536, 42.428543]}}, {"type": "Feature", "properties": {"node_id": 5020, "node_type": "endpoint", "degree": 1, "link_types": "sidewalk"}, "geometry": {"type": "Point", "coordinates": [-71.0722027, 42.4285353]}}, {"type": "Feature", "properties": {"node_id": 5021, "node_type": "type_change", "degree": 2, "link_types": "pseudo+sidewalk"}, "geometry": {"type": "Point", "coordinates": [-71.0807629, 42.4240806]}}, {"type": "Feature", "properties": {"node_id": 5022, "node_type": "type_change", "degree": 2, "link_types": "crosswalk+pseudo"}, "geometry": {"type": "Point", "coordinates": [-71.0807405, 42.4240803]}}, {"type": "Feature", "properties": {"node_id": 5023, "node_type": "type_change", "degree": 2, "link_types": "crosswalk+pseudo"}, "geometry": {"type": "Point", "coordinates": [-71.0805989, 42.4240915]}}, {"type": "Feature", "properties": {"node_id": 5024, "node_type": "type_change", "degree": 2, "link_types": "pseudo+sidewalk"}, "geometry": {"type": "Point", "coordinates": [-71.0791597, 42.4288848]}}, {"type": "Feature", "properties": {"node_id": 5025, "node_type": "type_change", "degree": 2, "link_types": "crosswalk+pseudo"}, "geometry": {"type": "Point", "coordinates": [-71.0791449, 42.4288778]}}, {"type": "Feature", "properties": {"node_id": 5026, "node_type": "type_change", "degree": 2, "link_types": "crosswalk+pseudo"}, "geometry": {"type": "Point", "coordinates": [-71.0790246, 42.4288872]}}, {"type": "Feature", "properties": {"node_id": 5027, "node_type": "type_change", "degree": 2, "link_types": "pseudo+sidewalk"}, "geometry": {"type": "Point", "coordinates": [-71.0828308, 42.4274478]}}, {"type": "Feature", "properties": {"node_id": 5028, "node_type": "endpoint", "degree": 1, "link_types": "sidewalk"}, "geometry": {"type": "Point", "coordinates": [-71.0828065, 42.4274483]}}, {"type": "Feature", "properties": {"node_id": 5029, "node_type": "type_change", "degree": 2, "link_types": "crosswalk+pseudo"}, "geometry": {"type": "Point", "coordinates": [-71.0796395, 42.4167511]}}, {"type": "Feature", "properties": {"node_id": 5030, "node_type": "type_change", "degree": 2, "link_types": "crosswalk+pseudo"}, "geometry": {"type": "Point", "coordinates": [-71.0796354, 42.4166561]}}, {"type": "Feature", "properties": {"node_id": 5031, "node_type": "endpoint", "degree": 1, "link_types": "sidewalk"}, "geometry": {"type": "Point", "coordinates": [-71.0721976, 42.4179313]}}, {"type": "Feature", "properties": {"node_id": 5032, "node_type": "endpoint", "degree": 1, "link_types": "crosswalk"}, "geometry": {"type": "Point", "coordinates": [-71.0798773, 42.4175623]}}, {"type": "Feature", "properties": {"node_id": 5033, "node_type": "endpoint", "degree": 1, "link_types": "sidewalk"}, "geometry": {"type": "Point", "coordinates": [-71.08381, 42.4242745]}}, {"type": "Feature", "properties": {"node_id": 5034, "node_type": "type_change", "degree": 2, "link_types": "midblock+sidewalk"}, "geometry": {"type": "Point", "coordinates": [-71.0836461, 42.4244545]}}, {"type": "Feature", "properties": {"node_id": 5035, "node_type": "type_change", "degree": 2, "link_types": "midblock+sidewalk"}, "geometry": {"type": "Point", "coordinates": [-71.0836796, 42.4244851]}}, {"type": "Feature", "properties": {"node_id": 5036, "node_type": "endpoint", "degree": 1, "link_types": "sidewalk"}, "geometry": {"type": "Point", "coordinates": [-71.0715531, 42.4263216]}}, {"type": "Feature", "properties": {"node_id": 5037, "node_type": "type_change", "degree": 2, "link_types": "crosswalk+sidewalk"}, "geometry": {"type": "Point", "coordinates": [-71.0750451, 42.4262916]}}, {"type": "Feature", "properties": {"node_id": 5038, "node_type": "endpoint", "degree": 1, "link_types": "sidewalk"}, "geometry": {"type": "Point", "coordinates": [-71.0749662, 42.4263737]}}, {"type": "Feature", "properties": {"node_id": 5039, "node_type": "endpoint", "degree": 1, "link_types": "sidewalk"}, "geometry": {"type": "Point", "coordinates": [-71.0662533, 42.4182677]}}, {"type": "Feature", "properties": {"node_id": 5040, "node_type": "type_change", "degree": 2, "link_types": "midblock+sidewalk"}, "geometry": {"type": "Point", "coordinates": [-71.0664686, 42.4183005]}}, {"type": "Feature", "properties": {"node_id": 5041, "node_type": "type_change", "degree": 2, "link_types": "midblock+sidewalk"}, "geometry": {"type": "Point", "coordinates": [-71.0664802, 42.4183014]}}, {"type": "Feature", "properties": {"node_id": 5042, "node_type": "type_change", "degree": 2, "link_types": "midblock+sidewalk"}, "geometry": {"type": "Point", "coordinates": [-71.0665005, 42.418303]}}, {"type": "Feature", "properties": {"node_id": 5043, "node_type": "type_change", "degree": 2, "link_types": "midblock+sidewalk"}, "geometry": {"type": "Point", "coordinates": [-71.0665275, 42.4183051]}}, {"type": "Feature", "properties": {"node_id": 5044, "node_type": "type_change", "degree": 2, "link_types": "midblock+sidewalk"}, "geometry": {"type": "Point", "coordinates": [-71.0667989, 42.4183259]}}, {"type": "Feature", "properties": {"node_id": 5045, "node_type": "type_change", "degree": 2, "link_types": "midblock+sidewalk"}, "geometry": {"type": "Point", "coordinates": [-71.066857, 42.4183384]}}, {"type": "Feature", "properties": {"node_id": 5046, "node_type": "endpoint", "degree": 1, "link_types": "sidewalk"}, "geometry": {"type": "Point", "coordinates": [-71.0668977, 42.4183498]}}, {"type": "Feature", "properties": {"node_id": 5047, "node_type": "type_change", "degree": 2, "link_types": "midblock+sidewalk"}, "geometry": {"type": "Point", "coordinates": [-71.0675939, 42.4169451]}}, {"type": "Feature", "properties": {"node_id": 5048, "node_type": "type_change", "degree": 2, "link_types": "midblock+sidewalk"}, "geometry": {"type": "Point", "coordinates": [-71.0676142, 42.4169446]}}, {"type": "Feature", "properties": {"node_id": 5049, "node_type": "type_change", "degree": 2, "link_types": "midblock+sidewalk"}, "geometry": {"type": "Point", "coordinates": [-71.0679202, 42.4169285]}}, {"type": "Feature", "properties": {"node_id": 5050, "node_type": "type_change", "degree": 2, "link_types": "midblock+sidewalk"}, "geometry": {"type": "Point", "coordinates": [-71.0680331, 42.4169234]}}, {"type": "Feature", "properties": {"node_id": 5051, "node_type": "type_change", "degree": 2, "link_types": "crosswalk+sidewalk"}, "geometry": {"type": "Point", "coordinates": [-71.0682043, 42.4169249]}}, {"type": "Feature", "properties": {"node_id": 5052, "node_type": "endpoint", "degree": 1, "link_types": "sidewalk"}, "geometry": {"type": "Point", "coordinates": [-71.0681087, 42.418186]}}, {"type": "Feature", "properties": {"node_id": 5053, "node_type": "type_change", "degree": 2, "link_types": "midblock+sidewalk"}, "geometry": {"type": "Point", "coordinates": [-71.0680651, 42.4181958]}}, {"type": "Feature", "properties": {"node_id": 5054, "node_type": "type_change", "degree": 2, "link_types": "midblock+sidewalk"}, "geometry": {"type": "Point", "coordinates": [-71.0680081, 42.4182]}}, {"type": "Feature", "properties": {"node_id": 5055, "node_type": "type_change", "degree": 2, "link_types": "midblock+sidewalk"}, "geometry": {"type": "Point", "coordinates": [-71.0679955, 42.4182008]}}, {"type": "Feature", "properties": {"node_id": 5056, "node_type": "type_change", "degree": 2, "link_types": "midblock+sidewalk"}, "geometry": {"type": "Point", "coordinates": [-71.0679491, 42.4182038]}}, {"type": "Feature", "properties": {"node_id": 5057, "node_type": "type_change", "degree": 2, "link_types": "midblock+sidewalk"}, "geometry": {"type": "Point", "coordinates": [-71.0677089, 42.418219]}}, {"type": "Feature", "properties": {"node_id": 5058, "node_type": "type_change", "degree": 2, "link_types": "midblock+sidewalk"}, "geometry": {"type": "Point", "coordinates": [-71.0676129, 42.418222]}}, {"type": "Feature", "properties": {"node_id": 5059, "node_type": "type_change", "degree": 2, "link_types": "pseudo+sidewalk"}, "geometry": {"type": "Point", "coordinates": [-71.0843523, 42.4251457]}}, {"type": "Feature", "properties": {"node_id": 5060, "node_type": "type_change", "degree": 2, "link_types": "crosswalk+pseudo"}, "geometry": {"type": "Point", "coordinates": [-71.0843387, 42.4251467]}}, {"type": "Feature", "properties": {"node_id": 5061, "node_type": "type_change", "degree": 2, "link_types": "crosswalk+pseudo"}, "geometry": {"type": "Point", "coordinates": [-71.0842838, 42.4250461]}}, {"type": "Feature", "properties": {"node_id": 5062, "node_type": "type_change", "degree": 2, "link_types": "midblock+sidewalk"}, "geometry": {"type": "Point", "coordinates": [-71.0773164, 42.4289326]}}, {"type": "Feature", "properties": {"node_id": 5063, "node_type": "type_change", "degree": 2, "link_types": "midblock+sidewalk"}, "geometry": {"type": "Point", "coordinates": [-71.0778349, 42.4288895]}}, {"type": "Feature", "properties": {"node_id": 5064, "node_type": "type_change", "degree": 2, "link_types": "midblock+sidewalk"}, "geometry": {"type": "Point", "coordinates": [-71.0779391, 42.4288806]}}, {"type": "Feature", "properties": {"node_id": 5065, "node_type": "type_change", "degree": 2, "link_types": "midblock+sidewalk"}, "geometry": {"type": "Point", "coordinates": [-71.0779873, 42.4288764]}}, {"type": "Feature", "properties": {"node_id": 5066, "node_type": "type_change", "degree": 2, "link_types": "midblock+sidewalk"}, "geometry": {"type": "Point", "coordinates": [-71.0780857, 42.428868]}}, {"type": "Feature", "properties": {"node_id": 5067, "node_type": "endpoint", "degree": 1, "link_types": "pseudo"}, "geometry": {"type": "Point", "coordinates": [-71.0809081, 42.4265022]}}]}