{"type": "FeatureCollection", "features": [{"type": "Feature", "properties": {"node_id": 0, "node_type": "junction", "degree": 3, "link_types": "pseudo"}, "geometry": {"type": "Point", "coordinates": [329530.68, 4698860.28]}}, {"type": "Feature", "properties": {"node_id": 1, "node_type": "type_change", "degree": 2, "link_types": "crosswalk+pseudo"}, "geometry": {"type": "Point", "coordinates": [329529.48, 4698860.6]}}, {"type": "Feature", "properties": {"node_id": 2, "node_type": "type_change", "degree": 3, "link_types": "crosswalk+sidewalk"}, "geometry": {"type": "Point", "coordinates": [329512.6, 4698859.08]}}, {"type": "Feature", "properties": {"node_id": 3, "node_type": "type_change", "degree": 3, "link_types": "pseudo+sidewalk"}, "geometry": {"type": "Point", "coordinates": [329530.76, 4698860.28]}}, {"type": "Feature", "properties": {"node_id": 4, "node_type": "type_change", "degree": 3, "link_types": "pseudo+sidewalk"}, "geometry": {"type": "Point", "coordinates": [329530.76, 4698860.2]}}, {"type": "Feature", "properties": {"node_id": 5, "node_type": "endpoint", "degree": 1, "link_types": "sidewalk"}, "geometry": {"type": "Point", "coordinates": [329917.24, 4699169.96]}}, {"type": "Feature", "properties": {"node_id": 6, "node_type": "junction", "degree": 3, "link_types": "sidewalk"}, "geometry": {"type": "Point", "coordinates": [329913.48, 4699172.6]}}, {"type": "Feature", "properties": {"node_id": 7, "node_type": "junction", "degree": 3, "link_types": "pseudo"}, "geometry": {"type": "Point", "coordinates": [329759.4, 4699078.12]}}, {"type": "Feature", "properties": {"node_id": 8, "node_type": "type_change", "degree": 2, "link_types": "crosswalk+pseudo"}, "geometry": {"type": "Point", "coordinates": [329761.8, 4699078.52]}}, {"type": "Feature", "properties": {"node_id": 9, "node_type": "type_change", "degree": 2, "link_types": "crosswalk+pseudo"}, "geometry": {"type": "Point", "coordinates": [329759.24, 4699087.4]}}, {"type": "Feature", "properties": {"node_id": 10, "node_type": "type_change", "degree": 3, "link_types": "pseudo+sidewalk"}, "geometry": {"type": "Point", "coordinates": [329758.76, 4699087.4]}}, {"type": "Feature", "properties": {"node_id": 11, "node_type": "endpoint", "degree": 1, "link_types": "pseudo"}, "geometry": {"type": "Point", "coordinates": [329759.08, 4699078.2]}}, {"type": "Feature", "properties": {"node_id": 12, "node_type": "type_change", "degree": 2, "link_types": "crosswalk+pseudo"}, "geometry": {"type": "Point", "coordinates": [329760.44, 4699077.64]}}, {"type": "Feature", "properties": {"node_id": 13, "node_type": "type_change", "degree": 2, "link_types": "crosswalk+pseudo"}, "geometry": {"type": "Point", "coordinates": [329760.04, 4699063.8]}}, {"type": "Feature", "properties": {"node_id": 14, "node_type": "type_change", "degree": 3, "link_types": "pseudo+sidewalk"}, "geometry": {"type": "Point", "coordinates": [329758.92, 4699062.28]}}, {"type": "Feature", "properties": {"node_id": 15, "node_type": "junction", "degree": 3, "link_types": "pseudo"}, "geometry": {"type": "Point", "coordinates": [328806.76, 4699280.92]}}, {"type": "Feature", "properties": {"node_id": 16, "node_type": "type_change", "degree": 3, "link_types": "pseudo+sidewalk"}, "geometry": {"type": "Point", "coordinates": [328806.68, 4699281.0]}}, {"type": "Feature", "properties": {"node_id": 17, "node_type": "type_change", "degree": 3, "link_types": "pseudo+sidewalk"}, "geometry": {"type": "Point", "coordinates": [328806.68, 4699280.92]}}, {"type": "Feature", "properties": {"node_id": 18, "node_type": "type_change", "degree": 2, "link_types": "crosswalk+pseudo"}, "geometry": {"type": "Point", "coordinates": [328807.56, 4699280.68]}}, {"type": "Feature", "properties": {"node_id": 19, "node_type": "type_change", "degree": 2, "link_types": "crosswalk+pseudo"}, "geometry": {"type": "Point", "coordinates": [328808.68, 4699282.92]}}, {"type": "Feature", "properties": {"node_id": 20, "node_type": "type_change", "degree": 3, "link_types": "pseudo+sidewalk"}, "geometry": {"type": "Point", "coordinates": [328808.36, 4699283.56]}}, {"type": "Feature", "properties": {"node_id": 21, "node_type": "junction", "degree": 3, "link_types": "sidewalk"}, "geometry": {"type": "Point", "coordinates": [328824.2, 4699073.24]}}, {"type": "Feature", "properties": {"node_id": 22, "node_type": "endpoint", "degree": 1, "link_types": "sidewalk"}, "geometry": {"type": "Point", "coordinates": [328822.84, 4699077.08]}}, {"type": "Feature", "properties": {"node_id": 23, "node_type": "type_change", "degree": 2, "link_types": "midblock+sidewalk"}, "geometry": {"type": "Point", "coordinates": [328846.248, 4699078.146]}}, {"type": "Feature", "properties": {"node_id": 24, "node_type": "type_change", "degree": 2, "link_types": "midblock+sidewalk"}, "geometry": {"type": "Point", "coordinates": [328850.04, 4699079.127]}}, {"type": "Feature", "properties": {"node_id": 25, "node_type": "endpoint", "degree": 1, "link_types": "sidewalk"}, "geometry": {"type": "Point", "coordinates": [328897.48, 4699091.4]}}, {"type": "Feature", "properties": {"node_id": 26, "node_type": "type_change", "degree": 2, "link_types": "pseudo+sidewalk"}, "geometry": {"type": "Point", "coordinates": [328824.12, 4699073.16]}}, {"type": "Feature", "properties": {"node_id": 27, "node_type": "type_change", "degree": 2, "link_types": "crosswalk+pseudo"}, "geometry": {"type": "Point", "coordinates": [328823.48, 4699072.28]}}, {"type": "Feature", "properties": {"node_id": 28, "node_type": "type_change", "degree": 2, "link_types": "crosswalk+pseudo"}, "geometry": {"type": "Point", "coordinates": [328824.2, 4699067.4]}}, {"type": "Feature", "properties": {"node_id": 29, "node_type": "type_change", "degree": 2, "link_types": "crosswalk+pseudo"}, "geometry": {"type": "Point", "coordinates": [328822.2, 4699065.4]}}, {"type": "Feature", "properties": {"node_id": 30, "node_type": "type_change", "degree": 3, "link_types": "crosswalk+pseudo"}, "geometry": {"type": "Point", "coordinates": [328827.08, 4699065.72]}}, {"type": "Feature", "properties": {"node_id": 31, "node_type": "junction", "degree": 3, "link_types": "sidewalk"}, "geometry": {"type": "Point", "coordinates": [329178.68, 4699024.52]}}, {"type": "Feature", "properties": {"node_id": 32, "node_type": "type_change", "degree": 2, "link_types": "midblock+sidewalk"}, "geometry": {"type": "Point", "coordinates": [329178.939, 4699033.015]}}, {"type": "Feature", "properties": {"node_id": 33, "node_type": "endpoint", "degree": 1, "link_types": "midblock"}, "geometry": {"type": "Point", "coordinates": [329179.0, 4699035.0]}}, {"type": "Feature", "properties": {"node_id": 34, "node_type": "type_change", "degree": 3, "link_types": "pseudo+sidewalk"}, "geometry": {"type": "Point", "coordinates": [329178.6, 4699024.52]}}, {"type": "Feature", "properties": {"node_id": 35, "node_type": "type_change", "degree": 3, "link_types": "pseudo+sidewalk"}, "geometry": {"type": "Point", "coordinates": [329178.68, 4699024.44]}}, {"type": "Feature", "properties": {"node_id": 36, "node_type": "endpoint", "degree": 1, "link_types": "sidewalk"}, "geometry": {"type": "Point", "coordinates": [329811.72, 4698441.32]}}, {"type": "Feature", "properties": {"node_id": 37, "node_type": "type_change", "degree": 2, "link_types": "midblock+sidewalk"}, "geometry": {"type": "Point", "coordinates": [329813.766, 4698413.372]}}, {"type": "Feature", "properties": {"node_id": 38, "node_type": "type_change", "degree": 2, "link_types": "midblock+sidewalk"}, "geometry": {"type": "Point", "coordinates": [329813.88, 4698409.939]}}, {"type": "Feature", "properties": {"node_id": 39, "node_type": "type_change", "degree": 2, "link_types": "midblock+sidewalk"}, "geometry": {"type": "Point", "coordinates": [329814.662, 4698395.035]}}, {"type": "Feature", "properties": {"node_id": 40, "node_type": "type_change", "degree": 2, "link_types": "midblock+sidewalk"}, "geometry": {"type": "Point", "coordinates": [329814.799, 4698393.526]}}, {"type": "Feature", "properties": {"node_id": 41, "node_type": "endpoint", "degree": 1, "link_types": "sidewalk"}, "geometry": {"type": "Point", "coordinates": [329815.24, 4698388.68]}}, {"type": "Feature", "properties": {"node_id": 42, "node_type": "endpoint", "degree": 1, "link_types": "sidewalk"}, "geometry": {"type": "Point", "coordinates": [329222.04, 4698439.4]}}, {"type": "Feature", "properties": {"node_id": 43, "node_type": "type_change", "degree": 2, "link_types": "midblock+sidewalk"}, "geometry": {"type": "Point", "coordinates": [329222.128, 4698463.486]}}, {"type": "Feature", "properties": {"node_id": 44, "node_type": "type_change", "degree": 2, "link_types": "midblock+sidewalk"}, "geometry": {"type": "Point", "coordinates": [329222.207, 4698465.478]}}, {"type": "Feature", "properties": {"node_id": 45, "node_type": "type_change", "degree": 2, "link_types": "midblock+sidewalk"}, "geometry": {"type": "Point", "coordinates": [329223.472, 4698478.269]}}, {"type": "Feature", "properties": {"node_id": 46, "node_type": "type_change", "degree": 2, "link_types": "midblock+sidewalk"}, "geometry": {"type": "Point", "coordinates": [329223.629, 4698479.858]}}, {"type": "Feature", "properties": {"node_id": 47, "node_type": "type_change", "degree": 2, "link_types": "midblock+sidewalk"}, "geometry": {"type": "Point", "coordinates": [329225.33, 4698501.45]}}, {"type": "Feature", "properties": {"node_id": 48, "node_type": "endpoint", "degree": 1, "link_types": "midblock"}, "geometry": {"type": "Point", "coordinates": [329224.92, 4698504.6]}}, {"type": "Feature", "properties": {"node_id": 49, "node_type": "endpoint", "degree": 1, "link_types": "sidewalk"}, "geometry": {"type": "Point", "coordinates": [329529.64, 4698852.6]}}, {"type": "Feature", "properties": {"node_id": 50, "node_type": "endpoint", "degree": 1, "link_types": "sidewalk"}, "geometry": {"type": "Point", "coordinates": [329084.36, 4699075.0]}}, {"type": "Feature", "properties": {"node_id": 51, "node_type": "endpoint", "degree": 1, "link_types": "sidewalk"}, "geometry": {"type": "Point", "coordinates": [329041.56, 4699077.96]}}, {"type": "Feature", "properties": {"node_id": 52, "node_type": "junction", "degree": 3, "link_types": "pseudo"}, "geometry": {"type": "Point", "coordinates": [329644.12, 4698351.08]}}, {"type": "Feature", "properties": {"node_id": 53, "node_type": "type_change", "degree": 3, "link_types": "pseudo+sidewalk"}, "geometry": {"type": "Point", "coordinates": [329644.12, 4698351.16]}}, {"type": "Feature", "properties": {"node_id": 54, "node_type": "type_change", "degree": 3, "link_types": "pseudo+sidewalk"}, "geometry": {"type": "Point", "coordinates": [329644.2, 4698351.16]}}, {"type": "Feature", "properties": {"node_id": 55, "node_type": "type_change", "degree": 2, "link_types": "crosswalk+pseudo"}, "geometry": {"type": "Point", "coordinates": [329644.04, 4698350.2]}}, {"type": "Feature", "properties": {"node_id": 56, "node_type": "endpoint", "degree": 1, "link_types": "crosswalk"}, "geometry": {"type": "Point", "coordinates": [329640.44, 4698348.68]}}, {"type": "Feature", "properties": {"node_id": 57, "node_type": "endpoint", "degree": 1, "link_types": "sidewalk"}, "geometry": {"type": "Point", "coordinates": [329652.68, 4698136.12]}}, {"type": "Feature", "properties": {"node_id": 58, "node_type": "type_change", "degree": 3, "link_types": "pseudo+sidewalk"}, "geometry": {"type": "Point", "coordinates": [329652.52, 4698133.48]}}, {"type": "Feature", "properties": {"node_id": 59, "node_type": "junction", "degree": 3, "link_types": "sidewalk"}, "geometry": {"type": "Point", "coordinates": [328675.48, 4698780.76]}}, {"type": "Feature", "properties": {"node_id": 60, "node_type": "junction", "degree": 3, "link_types": "sidewalk"}, "geometry": {"type": "Point", "coordinates": [328676.28, 4698781.88]}}, {"type": "Feature", "properties": {"node_id": 61, "node_type": "junction", "degree": 3, "link_types": "sidewalk"}, "geometry": {"type": "Point", "coordinates": [328615.8, 4698782.04]}}, {"type": "Feature", "properties": {"node_id": 62, "node_type": "type_change", "degree": 2, "link_types": "pseudo+sidewalk"}, "geometry": {"type": "Point", "coordinates": [328675.56, 4698780.68]}}, {"type": "Feature", "properties": {"node_id": 63, "node_type": "type_change", "degree": 2, "link_types": "crosswalk+pseudo"}, "geometry": {"type": "Point", "coordinates": [328676.12, 4698780.04]}}, {"type": "Feature", "properties": {"node_id": 64, "node_type": "type_change", "degree": 2, "link_types": "crosswalk+pseudo"}, "geometry": {"type": "Point", "coordinates": [328676.12, 4698770.68]}}, {"type": "Feature", "properties": {"node_id": 65, "node_type": "type_change", "degree": 3, "link_types": "pseudo+sidewalk"}, "geometry": {"type": "Point", "coordinates": [328677.48, 4698770.76]}}, {"type": "Feature", "properties": {"node_id": 66, "node_type": "endpoint", "degree": 1, "link_types": "sidewalk"}, "geometry": {"type": "Point", "coordinates": [329531.56, 4698870.68]}}, {"type": "Feature", "properties": {"node_id": 67, "node_type": "type_change", "degree": 3, "link_types": "pseudo+sidewalk"}, "geometry": {"type": "Point", "coordinates": [329531.32, 4698873.08]}}, {"type": "Feature", "properties": {"node_id": 68, "node_type": "endpoint", "degree": 1, "link_types": "sidewalk"}, "geometry": {"type": "Point", "coordinates": [329696.52, 4698134.68]}}, {"type": "Feature", "properties": {"node_id": 69, "node_type": "type_change", "degree": 2, "link_types": "midblock+sidewalk"}, "geometry": {"type": "Point", "coordinates": [329679.577, 4698133.968]}}, {"type": "Feature", "properties": {"node_id": 70, "node_type": "type_change", "degree": 2, "link_types": "midblock+sidewalk"}, "geometry": {"type": "Point", "coordinates": [329668.726, 4698133.21]}}, {"type": "Feature", "properties": {"node_id": 71, "node_type": "endpoint", "degree": 1, "link_types": "sidewalk"}, "geometry": {"type": "Point", "coordinates": [329186.52, 4699196.84]}}, {"type": "Feature", "properties": {"node_id": 72, "node_type": "junction", "degree": 3, "link_types": "sidewalk"}, "geometry": {"type": "Point", "coordinates": [329184.6, 4699187.64]}}, {"type": "Feature", "properties": {"node_id": 73, "node_type": "junction", "degree": 3, "link_types": "sidewalk"}, "geometry": {"type": "Point", "coordinates": [328680.76, 4699497.0]}}, {"type": "Feature", "properties": {"node_id": 74, "node_type": "type_change", "degree": 3, "link_types": "pseudo+sidewalk"}, "geometry": {"type": "Point", "coordinates": [328680.76, 4699497.08]}}, {"type": "Feature", "properties": {"node_id": 75, "node_type": "type_change", "degree": 3, "link_types": "pseudo+sidewalk"}, "geometry": {"type": "Point", "coordinates": [328680.68, 4699497.0]}}, {"type": "Feature", "properties": {"node_id": 76, "node_type": "type_change", "degree": 2, "link_types": "midblock+sidewalk"}, "geometry": {"type": "Point", "coordinates": [328712.425, 4699471.112]}}, {"type": "Feature", "properties": {"node_id": 77, "node_type": "type_change", "degree": 2, "link_types": "midblock+sidewalk"}, "geometry": {"type": "Point", "coordinates": [328717.484, 4699469.434]}}, {"type": "Feature", "properties": {"node_id": 78, "node_type": "type_change", "degree": 2, "link_types": "midblock+sidewalk"}, "geometry": {"type": "Point", "coordinates": [328749.174, 4699468.047]}}, {"type": "Feature", "properties": {"node_id": 79, "node_type": "type_change", "degree": 2, "link_types": "midblock+sidewalk"}, "geometry": {"type": "Point", "coordinates": [328754.102, 4699468.475]}}, {"type": "Feature", "properties": {"node_id": 80, "node_type": "junction", "degree": 3, "link_types": "sidewalk"}, "geometry": {"type": "Point", "coordinates": [328774.76, 4699471.24]}}, {"type": "Feature", "properties": {"node_id": 81, "node_type": "endpoint", "degree": 1, "link_types": "sidewalk"}, "geometry": {"type": "Point", "coordinates": [329889.16, 4698901.72]}}, {"type": "Feature", "properties": {"node_id": 82, "node_type": "endpoint", "degree": 1, "link_types": "sidewalk"}, "geometry": {"type": "Point", "coordinates": [329869.72, 4698893.88]}}, {"type": "Feature", "properties": {"node_id": 83, "node_type": "endpoint", "degree": 1, "link_types": "sidewalk"}, "geometry": {"type": "Point", "coordinates": [328789.56, 4698360.6]}}, {"type": "Feature", "properties": {"node_id": 84, "node_type": "type_change", "degree": 3, "link_types": "pseudo+sidewalk"}, "geometry": {"type": "Point", "coordinates": [328791.48, 4698358.6]}}, {"type": "Feature", "properties": {"node_id": 85, "node_type": "type_change", "degree": 3, "link_types": "midblock+sidewalk"}, "geometry": {"type": "Point", "coordinates": [329409.32, 4699144.36]}}, {"type": "Feature", "properties": {"node_id": 86, "node_type": "type_change", "degree": 3, "link_types": "midblock+sidewalk"}, "geometry": {"type": "Point", "coordinates": [329409.32, 4699144.44]}}, {"type": "Feature", "properties": {"node_id": 87, "node_type": "junction", "degree": 3, "link_types": "sidewalk"}, "geometry": {"type": "Point", "coordinates": [329409.4, 4699144.44]}}, {"type": "Feature", "properties": {"node_id": 88, "node_type": "type_change", "degree": 2, "link_types": "midblock+sidewalk"}, "geometry": {"type": "Point", "coordinates": [329409.268, 4699138.825]}}, {"type": "Feature", "properties": {"node_id": 89, "node_type": "junction", "degree": 3, "link_types": "sidewalk"}, "geometry": {"type": "Point", "coordinates": [329412.28, 4699132.44]}}, {"type": "Feature", "properties": {"node_id": 90, "node_type": "endpoint", "degree": 1, "link_types": "sidewalk"}, "geometry": {"type": "Point", "coordinates": [329559.64, 4699275.72]}}, {"type": "Feature", "properties": {"node_id": 91, "node_type": "junction", "degree": 3, "link_types": "sidewalk"}, "geometry": {"type": "Point", "coordinates": [329557.32, 4699276.84]}}, {"type": "Feature", "properties": {"node_id": 92, "node_type": "junction", "degree": 3, "link_types": "sidewalk"}, "geometry": {"type": "Point", "coordinates": [329729.08, 4698354.52]}}, {"type": "Feature", "properties": {"node_id": 93, "node_type": "endpoint", "degree": 1, "link_types": "sidewalk"}, "geometry": {"type": "Point", "coordinates": [329730.04, 4698359.08]}}, {"type": "Feature", "properties": {"node_id": 94, "node_type": "type_change", "degree": 3, "link_types": "pseudo+sidewalk"}, "geometry": {"type": "Point", "coordinates": [329726.36, 4698353.8]}}, {"type": "Feature", "properties": {"node_id": 95, "node_type": "type_change", "degree": 2, "link_types": "pseudo+sidewalk"}, "geometry": {"type": "Point", "coordinates": [329729.16, 4698354.44]}}, {"type": "Feature", "properties": {"node_id": 96, "node_type": "junction", "degree": 3, "link_types": "pseudo"}, "geometry": {"type": "Point", "coordinates": [329731.16, 4698352.84]}}, {"type": "Feature", "properties": {"node_id": 97, "node_type": "junction", "degree": 3, "link_types": "sidewalk"}, "geometry": {"type": "Point", "coordinates": [329827.96, 4698277.96]}}, {"type": "Feature", "properties": {"node_id": 98, "node_type": "junction", "degree": 3, "link_types": "sidewalk"}, "geometry": {"type": "Point", "coordinates": [329827.96, 4698278.28]}}, {"type": "Feature", "properties": {"node_id": 99, "node_type": "junction", "degree": 3, "link_types": "sidewalk"}, "geometry": {"type": "Point", "coordinates": [329827.88, 4698277.88]}}, {"type": "Feature", "properties": {"node_id": 100, "node_type": "junction", "degree": 3, "link_types": "sidewalk"}, "geometry": {"type": "Point", "coordinates": [329827.96, 4698277.88]}}, {"type": "Feature", "properties": {"node_id": 101, "node_type": "endpoint", "degree": 1, "link_types": "sidewalk"}, "geometry": {"type": "Point", "coordinates": [329298.92, 4698799.72]}}, {"type": "Feature", "properties": {"node_id": 102, "node_type": "type_change", "degree": 2, "link_types": "midblock+sidewalk"}, "geometry": {"type": "Point", "coordinates": [329297.186, 4698789.917]}}, {"type": "Feature", "properties": {"node_id": 103, "node_type": "type_change", "degree": 2, "link_types": "midblock+sidewalk"}, "geometry": {"type": "Point", "coordinates": [329296.474, 4698787.638]}}, {"type": "Feature", "properties": {"node_id": 104, "node_type": "type_change", "degree": 2, "link_types": "pseudo+sidewalk"}, "geometry": {"type": "Point", "coordinates": [329294.76, 4698776.28]}}, {"type": "Feature", "properties": {"node_id": 105, "node_type": "type_change", "degree": 2, "link_types": "crosswalk+pseudo"}, "geometry": {"type": "Point", "coordinates": [329295.48, 4698775.72]}}, {"type": "Feature", "properties": {"node_id": 106, "node_type": "type_change", "degree": 2, "link_types": "crosswalk+pseudo"}, "geometry": {"type": "Point", "coordinates": [329292.2, 4698773.64]}}, {"type": "Feature", "properties": {"node_id": 107, "node_type": "type_change", "degree": 3, "link_types": "pseudo+sidewalk"}, "geometry": {"type": "Point", "coordinates": [329291.72, 4698773.48]}}, {"type": "Feature", "properties": {"node_id": 108, "node_type": "junction", "degree": 3, "link_types": "sidewalk"}, "geometry": {"type": "Point", "coordinates": [329285.64, 4699287.56]}}, {"type": "Feature", "properties": {"node_id": 109, "node_type": "type_change", "degree": 3, "link_types": "pseudo+sidewalk"}, "geometry": {"type": "Point", "coordinates": [329285.64, 4699287.64]}}, {"type": "Feature", "properties": {"node_id": 110, "node_type": "type_change", "degree": 3, "link_types": "pseudo+sidewalk"}, "geometry": {"type": "Point", "coordinates": [329285.72, 4699287.56]}}, {"type": "Feature", "properties": {"node_id": 111, "node_type": "junction", "degree": 3, "link_types": "sidewalk"}, "geometry": {"type": "Point", "coordinates": [329278.52, 4699287.08]}}, {"type": "Feature", "properties": {"node_id": 112, "node_type": "endpoint", "degree": 1, "link_types": "sidewalk"}, "geometry": {"type": "Point", "coordinates": [329631.24, 4698353.16]}}, {"type": "Feature", "properties": {"node_id": 113, "node_type": "junction", "degree": 3, "link_types": "sidewalk"}, "geometry": {"type": "Point", "coordinates": [329630.2, 4698356.52]}}, {"type": "Feature", "properties": {"node_id": 114, "node_type": "junction", "degree": 3, "link_types": "sidewalk"}, "geometry": {"type": "Point", "coordinates": [329971.08, 4699262.12]}}, {"type": "Feature", "properties": {"node_id": 115, "node_type": "type_change", "degree": 3, "link_types": "pseudo+sidewalk"}, "geometry": {"type": "Point", "coordinates": [329968.12, 4699264.28]}}, {"type": "Feature", "properties": {"node_id": 116, "node_type": "junction", "degree": 3, "link_types": "sidewalk"}, "geometry": {"type": "Point", "coordinates": [329971.16, 4699262.12]}}, {"type": "Feature", "properties": {"node_id": 117, "node_type": "type_change", "degree": 3, "link_types": "pseudo+sidewalk"}, "geometry": {"type": "Point", "coordinates": [329971.08, 4699262.04]}}, {"type": "Feature", "properties": {"node_id": 118, "node_type": "endpoint", "degree": 1, "link_types": "sidewalk"}, "geometry": {"type": "Point", "coordinates": [328603.64, 4698854.04]}}, {"type": "Feature", "properties": {"node_id": 119, "node_type": "endpoint", "degree": 1, "link_types": "sidewalk"}, "geometry": {"type": "Point", "coordinates": [328603.56, 4698807.88]}}, {"type": "Feature", "properties": {"node_id": 120, "node_type": "endpoint", "degree": 1, "link_types": "sidewalk"}, "geometry": {"type": "Point", "coordinates": [328707.4, 4698667.96]}}, {"type": "Feature", "properties": {"node_id": 121, "node_type": "type_change", "degree": 3, "link_types": "pseudo+sidewalk"}, "geometry": {"type": "Point", "coordinates": [328716.12, 4698635.56]}}, {"type": "Feature", "properties": {"node_id": 122, "node_type": "junction", "degree": 3, "link_types": "sidewalk"}, "geometry": {"type": "Point", "coordinates": [328893.8, 4699470.12]}}, {"type": "Feature", "properties": {"node_id": 123, "node_type": "type_change", "degree": 2, "link_types": "pseudo+sidewalk"}, "geometry": {"type": "Point", "coordinates": [328893.72, 4699470.2]}}, {"type": "Feature", "properties": {"node_id": 124, "node_type": "type_change", "degree": 2, "link_types": "crosswalk+pseudo"}, "geometry": {"type": "Point", "coordinates": [328892.44, 4699471.48]}}, {"type": "Feature", "properties": {"node_id": 125, "node_type": "type_change", "degree": 2, "link_types": "crosswalk+pseudo"}, "geometry": {"type": "Point", "coordinates": [328891.24, 4699481.48]}}, {"type": "Feature", "properties": {"node_id": 126, "node_type": "junction", "degree": 3, "link_types": "pseudo"}, "geometry": {"type": "Point", "coordinates": [328891.96, 4699483.16]}}, {"type": "Feature", "properties": {"node_id": 127, "node_type": "type_change", "degree": 2, "link_types": "midblock+sidewalk"}, "geometry": {"type": "Point", "coordinates": [328912.811, 4699472.122]}}, {"type": "Feature", "properties": {"node_id": 128, "node_type": "type_change", "degree": 2, "link_types": "midblock+sidewalk"}, "geometry": {"type": "Point", "coordinates": [328923.789, 4699473.279]}}, {"type": "Feature", "properties": {"node_id": 129, "node_type": "type_change", "degree": 2, "link_types": "midblock+sidewalk"}, "geometry": {"type": "Point", "coordinates": [328932.062, 4699474.15]}}, {"type": "Feature", "properties": {"node_id": 130, "node_type": "type_change", "degree": 2, "link_types": "midblock+sidewalk"}, "geometry": {"type": "Point", "coordinates": [328935.641, 4699474.527]}}, {"type": "Feature", "properties": {"node_id": 131, "node_type": "type_change", "degree": 2, "link_types": "midblock+sidewalk"}, "geometry": {"type": "Point", "coordinates": [328942.084, 4699475.206]}}, {"type": "Feature", "properties": {"node_id": 132, "node_type": "type_change", "degree": 2, "link_types": "midblock+sidewalk"}, "geometry": {"type": "Point", "coordinates": [328956.323, 4699476.706]}}, {"type": "Feature", "properties": {"node_id": 133, "node_type": "junction", "degree": 3, "link_types": "sidewalk"}, "geometry": {"type": "Point", "coordinates": [328967.56, 4699476.76]}}, {"type": "Feature", "properties": {"node_id": 134, "node_type": "junction", "degree": 3, "link_types": "sidewalk"}, "geometry": {"type": "Point", "coordinates": [328893.32, 4699469.4]}}, {"type": "Feature", "properties": {"node_id": 135, "node_type": "endpoint", "degree": 1, "link_types": "sidewalk"}, "geometry": {"type": "Point", "coordinates": [329196.44, 4699231.16]}}, {"type": "Feature", "properties": {"node_id": 136, "node_type": "junction", "degree": 3, "link_types": "sidewalk"}, "geometry": {"type": "Point", "coordinates": [329189.48, 4699234.12]}}, {"type": "Feature", "properties": {"node_id": 137, "node_type": "junction", "degree": 3, "link_types": "sidewalk"}, "geometry": {"type": "Point", "coordinates": [329818.76, 4698293.0]}}, {"type": "Feature", "properties": {"node_id": 138, "node_type": "type_change", "degree": 2, "link_types": "midblock+sidewalk"}, "geometry": {"type": "Point", "coordinates": [329818.196, 4698311.75]}}, {"type": "Feature", "properties": {"node_id": 139, "node_type": "type_change", "degree": 2, "link_types": "midblock+sidewalk"}, "geometry": {"type": "Point", "coordinates": [329817.862, 4698322.842]}}, {"type": "Feature", "properties": {"node_id": 140, "node_type": "type_change", "degree": 2, "link_types": "midblock+sidewalk"}, "geometry": {"type": "Point", "coordinates": [329817.106, 4698333.769]}}, {"type": "Feature", "properties": {"node_id": 141, "node_type": "type_change", "degree": 2, "link_types": "midblock+sidewalk"}, "geometry": {"type": "Point", "coordinates": [329816.694, 4698339.592]}}, {"type": "Feature", "properties": {"node_id": 142, "node_type": "endpoint", "degree": 1, "link_types": "sidewalk"}, "geometry": {"type": "Point", "coordinates": [329815.0, 4698380.36]}}, {"type": "Feature", "properties": {"node_id": 143, "node_type": "type_change", "degree": 2, "link_types": "midblock+sidewalk"}, "geometry": {"type": "Point", "coordinates": [329798.136, 4698291.516]}}, {"type": "Feature", "properties": {"node_id": 144, "node_type": "type_change", "degree": 2, "link_types": "midblock+sidewalk"}, "geometry": {"type": "Point", "coordinates": [329795.18, 4698291.409]}}, {"type": "Feature", "properties": {"node_id": 145, "node_type": "type_change", "degree": 2, "link_types": "midblock+sidewalk"}, "geometry": {"type": "Point", "coordinates": [329784.233, 4698291.013]}}, {"type": "Feature", "properties": {"node_id": 146, "node_type": "type_change", "degree": 2, "link_types": "midblock+sidewalk"}, "geometry": {"type": "Point", "coordinates": [329779.918, 4698290.857]}}, {"type": "Feature", "properties": {"node_id": 147, "node_type": "type_change", "degree": 3, "link_types": "pseudo+sidewalk"}, "geometry": {"type": "Point", "coordinates": [329746.28, 4698289.64]}}, {"type": "Feature", "properties": {"node_id": 148, "node_type": "type_change", "degree": 2, "link_types": "midblock+sidewalk"}, "geometry": {"type": "Point", "coordinates": [329821.409, 4698292.009]}}, {"type": "Feature", "properties": {"node_id": 149, "node_type": "endpoint", "degree": 1, "link_types": "midblock"}, "geometry": {"type": "Point", "coordinates": [329823.4, 4698292.12]}}, {"type": "Feature", "properties": {"node_id": 150, "node_type": "junction", "degree": 3, "link_types": "sidewalk"}, "geometry": {"type": "Point", "coordinates": [329890.28, 4698925.48]}}, {"type": "Feature", "properties": {"node_id": 151, "node_type": "type_change", "degree": 2, "link_types": "crosswalk+sidewalk"}, "geometry": {"type": "Point", "coordinates": [329890.2, 4698925.56]}}, {"type": "Feature", "properties": {"node_id": 152, "node_type": "junction", "degree": 3, "link_types": "crosswalk"}, "geometry": {"type": "Point", "coordinates": [329890.04, 4698925.56]}}, {"type": "Feature", "properties": {"node_id": 153, "node_type": "type_change", "degree": 2, "link_types": "crosswalk+sidewalk"}, "geometry": {"type": "Point", "coordinates": [329890.36, 4698925.56]}}, {"type": "Feature", "properties": {"node_id": 154, "node_type": "type_change", "degree": 2, "link_types": "crosswalk+pseudo"}, "geometry": {"type": "Point", "coordinates": [329901.0, 4698925.96]}}, {"type": "Feature", "properties": {"node_id": 155, "node_type": "type_change", "degree": 2, "link_types": "pseudo+sidewalk"}, "geometry": {"type": "Point", "coordinates": [329902.52, 4698925.0]}}, {"type": "Feature", "properties": {"node_id": 156, "node_type": "type_change", "degree": 3, "link_types": "pseudo+sidewalk"}, "geometry": {"type": "Point", "coordinates": [329905.96, 4698914.12]}}, {"type": "Feature", "properties": {"node_id": 157, "node_type": "endpoint", "degree": 1, "link_types": "sidewalk"}, "geometry": {"type": "Point", "coordinates": [329891.16, 4698924.36]}}, {"type": "Feature", "properties": {"node_id": 158, "node_type": "endpoint", "degree": 1, "link_types": "sidewalk"}, "geometry": {"type": "Point", "coordinates": [329533.0, 4699432.76]}}, {"type": "Feature", "properties": {"node_id": 159, "node_type": "type_change", "degree": 2, "link_types": "pseudo+sidewalk"}, "geometry": {"type": "Point", "coordinates": [329537.24, 4699429.08]}}, {"type": "Feature", "properties": {"node_id": 160, "node_type": "type_change", "degree": 2, "link_types": "crosswalk+pseudo"}, "geometry": {"type": "Point", "coordinates": [329537.96, 4699430.28]}}, {"type": "Feature", "properties": {"node_id": 161, "node_type": "type_change", "degree": 2, "link_types": "crosswalk+pseudo"}, "geometry": {"type": "Point", "coordinates": [329531.96, 4699437.96]}}, {"type": "Feature", "properties": {"node_id": 162, "node_type": "type_change", "degree": 2, "link_types": "pseudo+sidewalk"}, "geometry": {"type": "Point", "coordinates": [329531.64, 4699438.6]}}, {"type": "Feature", "properties": {"node_id": 163, "node_type": "junction", "degree": 3, "link_types": "sidewalk"}, "geometry": {"type": "Point", "coordinates": [329530.84, 4699438.28]}}, {"type": "Feature", "properties": {"node_id": 164, "node_type": "endpoint", "degree": 1, "link_types": "sidewalk"}, "geometry": {"type": "Point", "coordinates": [328799.96, 4699280.76]}}, {"type": "Feature", "properties": {"node_id": 165, "node_type": "type_change", "degree": 2, "link_types": "pseudo+sidewalk"}, "geometry": {"type": "Point", "coordinates": [328800.04, 4699280.68]}}, {"type": "Feature", "properties": {"node_id": 166, "node_type": "type_change", "degree": 3, "link_types": "crosswalk+pseudo"}, "geometry": {"type": "Point", "coordinates": [328800.92, 4699280.04]}}, {"type": "Feature", "properties": {"node_id": 167, "node_type": "endpoint", "degree": 1, "link_types": "sidewalk"}, "geometry": {"type": "Point", "coordinates": [328926.92, 4699001.4]}}, {"type": "Feature", "properties": {"node_id": 168, "node_type": "junction", "degree": 3, "link_types": "sidewalk"}, "geometry": {"type": "Point", "coordinates": [328928.04, 4698998.92]}}, {"type": "Feature", "properties": {"node_id": 169, "node_type": "endpoint", "degree": 1, "link_types": "sidewalk"}, "geometry": {"type": "Point", "coordinates": [328583.48, 4698541.64]}}, {"type": "Feature", "properties": {"node_id": 170, "node_type": "endpoint", "degree": 1, "link_types": "sidewalk"}, "geometry": {"type": "Point", "coordinates": [328549.48, 4698557.88]}}, {"type": "Feature", "properties": {"node_id": 171, "node_type": "junction", "degree": 3, "link_types": "sidewalk"}, "geometry": {"type": "Point", "coordinates": [328674.2, 4698877.72]}}, {"type": "Feature", "properties": {"node_id": 172, "node_type": "type_change", "degree": 3, "link_types": "pseudo+sidewalk"}, "geometry": {"type": "Point", "coordinates": [328674.2, 4698877.8]}}, {"type": "Feature", "properties": {"node_id": 173, "node_type": "type_change", "degree": 3, "link_types": "pseudo+sidewalk"}, "geometry": {"type": "Point", "coordinates": [328674.28, 4698877.8]}}, {"type": "Feature", "properties": {"node_id": 174, "node_type": "type_change", "degree": 2, "link_types": "midblock+sidewalk"}, "geometry": {"type": "Point", "coordinates": [328676.714, 4698849.194]}}, {"type": "Feature", "properties": {"node_id": 175, "node_type": "type_change", "degree": 2, "link_types": "midblock+sidewalk"}, "geometry": {"type": "Point", "coordinates": [328676.669, 4698847.199]}}, {"type": "Feature", "properties": {"node_id": 176, "node_type": "type_change", "degree": 2, "link_types": "midblock+sidewalk"}, "geometry": {"type": "Point", "coordinates": [328676.528, 4698821.441]}}, {"type": "Feature", "properties": {"node_id": 177, "node_type": "type_change", "degree": 2, "link_types": "midblock+sidewalk"}, "geometry": {"type": "Point", "coordinates": [328676.394, 4698819.533]}}, {"type": "Feature", "properties": {"node_id": 178, "node_type": "junction", "degree": 3, "link_types": "sidewalk"}, "geometry": {"type": "Point", "coordinates": [328676.36, 4698781.96]}}, {"type": "Feature", "properties": {"node_id": 179, "node_type": "endpoint", "degree": 1, "link_types": "sidewalk"}, "geometry": {"type": "Point", "coordinates": [329349.88, 4698255.56]}}, {"type": "Feature", "properties": {"node_id": 180, "node_type": "type_change", "degree": 2, "link_types": "midblock+sidewalk"}, "geometry": {"type": "Point", "coordinates": [329368.79, 4698257.462]}}, {"type": "Feature", "properties": {"node_id": 181, "node_type": "type_change", "degree": 2, "link_types": "midblock+sidewalk"}, "geometry": {"type": "Point", "coordinates": [329376.894, 4698258.278]}}, {"type": "Feature", "properties": {"node_id": 182, "node_type": "endpoint", "degree": 1, "link_types": "sidewalk"}, "geometry": {"type": "Point", "coordinates": [329398.28, 4698261.8]}}, {"type": "Feature", "properties": {"node_id": 183, "node_type": "endpoint", "degree": 1, "link_types": "sidewalk"}, "geometry": {"type": "Point", "coordinates": [329550.2, 4698281.56]}}, {"type": "Feature", "properties": {"node_id": 184, "node_type": "endpoint", "degree": 1, "link_types": "sidewalk"}, "geometry": {"type": "Point", "coordinates": [329605.24, 4698283.96]}}, {"type": "Feature", "properties": {"node_id": 185, "node_type": "endpoint", "degree": 1, "link_types": "sidewalk"}, "geometry": {"type": "Point", "coordinates": [329892.76, 4698888.44]}}, {"type": "Feature", "properties": {"node_id": 186, "node_type": "junction", "degree": 3, "link_types": "sidewalk"}, "geometry": {"type": "Point", "coordinates": [329903.88, 4698888.36]}}, {"type": "Feature", "properties": {"node_id": 187, "node_type": "junction", "degree": 3, "link_types": "sidewalk"}, "geometry": {"type": "Point", "coordinates": [329876.28, 4699470.44]}}, {"type": "Feature", "properties": {"node_id": 188, "node_type": "type_change", "degree": 2, "link_types": "pseudo+sidewalk"}, "geometry": {"type": "Point", "coordinates": [329876.2, 4699470.52]}}, {"type": "Feature", "properties": {"node_id": 189, "node_type": "type_change", "degree": 2, "link_types": "crosswalk+pseudo"}, "geometry": {"type": "Point", "coordinates": [329874.68, 4699471.88]}}, {"type": "Feature", "properties": {"node_id": 190, "node_type": "type_change", "degree": 2, "link_types": "crosswalk+pseudo"}, "geometry": {"type": "Point", "coordinates": [329875.88, 4699476.04]}}, {"type": "Feature", "properties": {"node_id": 191, "node_type": "type_change", "degree": 2, "link_types": "pseudo+sidewalk"}, "geometry": {"type": "Point", "coordinates": [329878.04, 4699478.04]}}, {"type": "Feature", "properties": {"node_id": 192, "node_type": "endpoint", "degree": 1, "link_types": "sidewalk"}, "geometry": {"type": "Point", "coordinates": [329873.24, 4699498.68]}}, {"type": "Feature", "properties": {"node_id": 193, "node_type": "endpoint", "degree": 1, "link_types": "sidewalk"}, "geometry": {"type": "Point", "coordinates": [329876.36, 4699470.52]}}, {"type": "Feature", "properties": {"node_id": 194, "node_type": "type_change", "degree": 2, "link_types": "midblock+sidewalk"}, "geometry": {"type": "Point", "coordinates": [329874.938, 4699463.702]}}, {"type": "Feature", "properties": {"node_id": 195, "node_type": "type_change", "degree": 2, "link_types": "midblock+sidewalk"}, "geometry": {"type": "Point", "coordinates": [329874.081, 4699459.392]}}, {"type": "Feature", "properties": {"node_id": 196, "node_type": "junction", "degree": 3, "link_types": "sidewalk"}, "geometry": {"type": "Point", "coordinates": [329870.12, 4699454.12]}}, {"type": "Feature", "properties": {"node_id": 197, "node_type": "endpoint", "degree": 1, "link_types": "sidewalk"}, "geometry": {"type": "Point", "coordinates": [329118.12, 4698777.88]}}, {"type": "Feature", "properties": {"node_id": 198, "node_type": "junction", "degree": 3, "link_types": "sidewalk"}, "geometry": {"type": "Point", "coordinates": [329140.76, 4698773.64]}}, {"type": "Feature", "properties": {"node_id": 199, "node_type": "junction", "degree": 3, "link_types": "pseudo"}, "geometry": {"type": "Point", "coordinates": [329142.44, 4698781.32]}}, {"type": "Feature", "properties": {"node_id": 200, "node_type": "type_change", "degree": 3, "link_types": "pseudo+sidewalk"}, "geometry": {"type": "Point", "coordinates": [329142.36, 4698781.4]}}, {"type": "Feature", "properties": {"node_id": 201, "node_type": "type_change", "degree": 3, "link_types": "pseudo+sidewalk"}, "geometry": {"type": "Point", "coordinates": [329142.36, 4698781.32]}}, {"type": "Feature", "properties": {"node_id": 202, "node_type": "type_change", "degree": 2, "link_types": "crosswalk+pseudo"}, "geometry": {"type": "Point", "coordinates": [329145.16, 4698781.0]}}, {"type": "Feature", "properties": {"node_id": 203, "node_type": "type_change", "degree": 2, "link_types": "crosswalk+pseudo"}, "geometry": {"type": "Point", "coordinates": [329147.64, 4698776.04]}}, {"type": "Feature", "properties": {"node_id": 204, "node_type": "endpoint", "degree": 1, "link_types": "pseudo"}, "geometry": {"type": "Point", "coordinates": [329148.36, 4698776.04]}}, {"type": "Feature", "properties": {"node_id": 205, "node_type": "junction", "degree": 3, "link_types": "sidewalk"}, "geometry": {"type": "Point", "coordinates": [329505.32, 4698225.8]}}, {"type": "Feature", "properties": {"node_id": 206, "node_type": "endpoint", "degree": 1, "link_types": "sidewalk"}, "geometry": {"type": "Point", "coordinates": [329504.68, 4698225.88]}}, {"type": "Feature", "properties": {"node_id": 207, "node_type": "type_change", "degree": 3, "link_types": "pseudo+sidewalk"}, "geometry": {"type": "Point", "coordinates": [329505.4, 4698225.8]}}, {"type": "Feature", "properties": {"node_id": 208, "node_type": "type_change", "degree": 3, "link_types": "pseudo+sidewalk"}, "geometry": {"type": "Point", "coordinates": [329505.32, 4698225.72]}}, {"type": "Feature", "properties": {"node_id": 209, "node_type": "endpoint", "degree": 1, "link_types": "crosswalk"}, "geometry": {"type": "Point", "coordinates": [328634.44, 4699121.8]}}, {"type": "Feature", "properties": {"node_id": 210, "node_type": "endpoint", "degree": 1, "link_types": "crosswalk"}, "geometry": {"type": "Point", "coordinates": [328631.24, 4699122.12]}}, {"type": "Feature", "properties": {"node_id": 211, "node_type": "endpoint", "degree": 1, "link_types": "sidewalk"}, "geometry": {"type": "Point", "coordinates": [329750.44, 4699341.48]}}, {"type": "Feature", "properties": {"node_id": 212, "node_type": "endpoint", "degree": 1, "link_types": "sidewalk"}, "geometry": {"type": "Point", "coordinates": [329804.76, 4699343.0]}}, {"type": "Feature", "properties": {"node_id": 213, "node_type": "junction", "degree": 3, "link_types": "sidewalk"}, "geometry": {"type": "Point", "coordinates": [328892.6, 4698448.12]}}, {"type": "Feature", "properties": {"node_id": 214, "node_type": "type_change", "degree": 3, "link_types": "pseudo+sidewalk"}, "geometry": {"type": "Point", "coordinates": [328892.6, 4698448.2]}}, {"type": "Feature", "properties": {"node_id": 215, "node_type": "junction", "degree": 3, "link_types": "sidewalk"}, "geometry": {"type": "Point", "coordinates": [328892.68, 4698448.12]}}, {"type": "Feature", "properties": {"node_id": 216, "node_type": "endpoint", "degree": 1, "link_types": "sidewalk"}, "geometry": {"type": "Point", "coordinates": [328890.68, 4698428.92]}}, {"type": "Feature", "properties": {"node_id": 217, "node_type": "junction", "degree": 3, "link_types": "sidewalk"}, "geometry": {"type": "Point", "coordinates": [329399.4, 4699296.36]}}, {"type": "Feature", "properties": {"node_id": 218, "node_type": "type_change", "degree": 3, "link_types": "pseudo+sidewalk"}, "geometry": {"type": "Point", "coordinates": [329401.8, 4699296.52]}}, {"type": "Feature", "properties": {"node_id": 219, "node_type": "junction", "degree": 3, "link_types": "sidewalk"}, "geometry": {"type": "Point", "coordinates": [329399.32, 4699296.36]}}, {"type": "Feature", "properties": {"node_id": 220, "node_type": "junction", "degree": 3, "link_types": "sidewalk"}, "geometry": {"type": "Point", "coordinates": [329399.32, 4699296.28]}}, {"type": "Feature", "properties": {"node_id": 221, "node_type": "endpoint", "degree": 1, "link_types": "sidewalk"}, "geometry": {"type": "Point", "coordinates": [328936.36, 4698710.52]}}, {"type": "Feature", "properties": {"node_id": 222, "node_type": "type_change", "degree": 3, "link_types": "pseudo+sidewalk"}, "geometry": {"type": "Point", "coordinates": [328936.76, 4698701.8]}}, {"type": "Feature", "properties": {"node_id": 223, "node_type": "endpoint", "degree": 1, "link_types": "crosswalk"}, "geometry": {"type": "Point", "coordinates": [329631.24, 4698938.36]}}, {"type": "Feature", "properties": {"node_id": 224, "node_type": "type_change", "degree": 2, "link_types": "crosswalk+pseudo"}, "geometry": {"type": "Point", "coordinates": [329623.08, 4698932.44]}}, {"type": "Feature", "properties": {"node_id": 225, "node_type": "type_change", "degree": 3, "link_types": "pseudo+sidewalk"}, "geometry": {"type": "Point", "coordinates": [329621.48, 4698932.2]}}, {"type": "Feature", "properties": {"node_id": 226, "node_type": "endpoint", "degree": 1, "link_types": "sidewalk"}, "geometry": {"type": "Point", "coordinates": [328878.12, 4698472.36]}}, {"type": "Feature", "properties": {"node_id": 227, "node_type": "type_change", "degree": 2, "link_types": "pseudo+sidewalk"}, "geometry": {"type": "Point", "coordinates": [328876.44, 4698502.28]}}, {"type": "Feature", "properties": {"node_id": 228, "node_type": "type_change", "degree": 2, "link_types": "crosswalk+pseudo"}, "geometry": {"type": "Point", "coordinates": [328875.64, 4698503.88]}}, {"type": "Feature", "properties": {"node_id": 229, "node_type": "type_change", "degree": 3, "link_types": "crosswalk+pseudo"}, "geometry": {"type": "Point", "coordinates": [328877.56, 4698509.64]}}, {"type": "Feature", "properties": {"node_id": 230, "node_type": "junction", "degree": 3, "link_types": "pseudo"}, "geometry": {"type": "Point", "coordinates": [329916.12, 4698296.12]}}, {"type": "Feature", "properties": {"node_id": 231, "node_type": "type_change", "degree": 2, "link_types": "pseudo+sidewalk"}, "geometry": {"type": "Point", "coordinates": [329916.04, 4698296.2]}}, {"type": "Feature", "properties": {"node_id": 232, "node_type": "junction", "degree": 3, "link_types": "sidewalk"}, "geometry": {"type": "Point", "coordinates": [329913.32, 4698296.92]}}, {"type": "Feature", "properties": {"node_id": 233, "node_type": "type_change", "degree": 2, "link_types": "pseudo+sidewalk"}, "geometry": {"type": "Point", "coordinates": [329916.2, 4698296.2]}}, {"type": "Feature", "properties": {"node_id": 234, "node_type": "endpoint", "degree": 1, "link_types": "sidewalk"}, "geometry": {"type": "Point", "coordinates": [329928.36, 4698296.68]}}, {"type": "Feature", "properties": {"node_id": 235, "node_type": "type_change", "degree": 2, "link_types": "crosswalk+pseudo"}, "geometry": {"type": "Point", "coordinates": [329916.12, 4698294.68]}}, {"type": "Feature", "properties": {"node_id": 236, "node_type": "type_change", "degree": 2, "link_types": "crosswalk+pseudo"}, "geometry": {"type": "Point", "coordinates": [329915.72, 4698284.92]}}, {"type": "Feature", "properties": {"node_id": 237, "node_type": "type_change", "degree": 3, "link_types": "pseudo+sidewalk"}, "geometry": {"type": "Point", "coordinates": [329915.72, 4698283.64]}}, {"type": "Feature", "properties": {"node_id": 238, "node_type": "type_change", "degree": 2, "link_types": "pseudo+sidewalk"}, "geometry": {"type": "Point", "coordinates": [329557.4, 4699276.92]}}, {"type": "Feature", "properties": {"node_id": 239, "node_type": "type_change", "degree": 2, "link_types": "crosswalk+pseudo"}, "geometry": {"type": "Point", "coordinates": [329558.12, 4699277.88]}}, {"type": "Feature", "properties": {"node_id": 240, "node_type": "type_change", "degree": 2, "link_types": "crosswalk+pseudo"}, "geometry": {"type": "Point", "coordinates": [329566.12, 4699277.16]}}, {"type": "Feature", "properties": {"node_id": 241, "node_type": "junction", "degree": 3, "link_types": "pseudo"}, "geometry": {"type": "Point", "coordinates": [329566.6, 4699276.92]}}, {"type": "Feature", "properties": {"node_id": 242, "node_type": "endpoint", "degree": 1, "link_types": "sidewalk"}, "geometry": {"type": "Point", "coordinates": [329548.76, 4699278.6]}}, {"type": "Feature", "properties": {"node_id": 243, "node_type": "junction", "degree": 3, "link_types": "sidewalk"}, "geometry": {"type": "Point", "coordinates": [329676.92, 4699270.68]}}, {"type": "Feature", "properties": {"node_id": 244, "node_type": "junction", "degree": 3, "link_types": "sidewalk"}, "geometry": {"type": "Point", "coordinates": [329676.84, 4699270.76]}}, {"type": "Feature", "properties": {"node_id": 245, "node_type": "junction", "degree": 3, "link_types": "sidewalk"}, "geometry": {"type": "Point", "coordinates": [329676.92, 4699270.76]}}, {"type": "Feature", "properties": {"node_id": 246, "node_type": "junction", "degree": 3, "link_types": "sidewalk"}, "geometry": {"type": "Point", "coordinates": [329676.92, 4699267.48]}}, {"type": "Feature", "properties": {"node_id": 247, "node_type": "junction", "degree": 3, "link_types": "sidewalk"}, "geometry": {"type": "Point", "coordinates": [328871.0, 4698345.4]}}, {"type": "Feature", "properties": {"node_id": 248, "node_type": "endpoint", "degree": 1, "link_types": "sidewalk"}, "geometry": {"type": "Point", "coordinates": [328851.64, 4698345.88]}}, {"type": "Feature", "properties": {"node_id": 249, "node_type": "type_change", "degree": 2, "link_types": "pseudo+sidewalk"}, "geometry": {"type": "Point", "coordinates": [328871.08, 4698345.48]}}, {"type": "Feature", "properties": {"node_id": 250, "node_type": "type_change", "degree": 2, "link_types": "crosswalk+pseudo"}, "geometry": {"type": "Point", "coordinates": [328871.48, 4698345.88]}}, {"type": "Feature", "properties": {"node_id": 251, "node_type": "type_change", "degree": 2, "link_types": "crosswalk+pseudo"}, "geometry": {"type": "Point", "coordinates": [328871.16, 4698355.48]}}, {"type": "Feature", "properties": {"node_id": 252, "node_type": "junction", "degree": 3, "link_types": "pseudo"}, "geometry": {"type": "Point", "coordinates": [328871.16, 4698356.28]}}, {"type": "Feature", "properties": {"node_id": 253, "node_type": "type_change", "degree": 3, "link_types": "pseudo+sidewalk"}, "geometry": {"type": "Point", "coordinates": [328871.72, 4698340.28]}}, {"type": "Feature", "properties": {"node_id": 254, "node_type": "junction", "degree": 3, "link_types": "pseudo"}, "geometry": {"type": "Point", "coordinates": [328889.24, 4698449.24]}}, {"type": "Feature", "properties": {"node_id": 255, "node_type": "type_change", "degree": 2, "link_types": "pseudo+sidewalk"}, "geometry": {"type": "Point", "coordinates": [328891.24, 4698450.76]}}, {"type": "Feature", "properties": {"node_id": 256, "node_type": "type_change", "degree": 2, "link_types": "pseudo+sidewalk"}, "geometry": {"type": "Point", "coordinates": [328891.32, 4698450.84]}}, {"type": "Feature", "properties": {"node_id": 257, "node_type": "type_change", "degree": 2, "link_types": "crosswalk+pseudo"}, "geometry": {"type": "Point", "coordinates": [328892.36, 4698452.76]}}, {"type": "Feature", "properties": {"node_id": 258, "node_type": "type_change", "degree": 2, "link_types": "crosswalk+pseudo"}, "geometry": {"type": "Point", "coordinates": [328884.52, 4698461.08]}}, {"type": "Feature", "properties": {"node_id": 259, "node_type": "endpoint", "degree": 1, "link_types": "pseudo"}, "geometry": {"type": "Point", "coordinates": [328884.04, 4698461.8]}}, {"type": "Feature", "properties": {"node_id": 260, "node_type": "type_change", "degree": 2, "link_types": "crosswalk+pseudo"}, "geometry": {"type": "Point", "coordinates": [328889.16, 4698449.16]}}, {"type": "Feature", "properties": {"node_id": 261, "node_type": "endpoint", "degree": 1, "link_types": "crosswalk"}, "geometry": {"type": "Point", "coordinates": [328889.08, 4698449.16]}}, {"type": "Feature", "properties": {"node_id": 262, "node_type": "type_change", "degree": 2, "link_types": "crosswalk+pseudo"}, "geometry": {"type": "Point", "coordinates": [328889.32, 4698449.16]}}, {"type": "Feature", "properties": {"node_id": 263, "node_type": "type_change", "degree": 2, "link_types": "crosswalk+pseudo"}, "geometry": {"type": "Point", "coordinates": [328892.12, 4698449.4]}}, {"type": "Feature", "properties": {"node_id": 264, "node_type": "junction", "degree": 3, "link_types": "sidewalk"}, "geometry": {"type": "Point", "coordinates": [329297.56, 4698848.76]}}, {"type": "Feature", "properties": {"node_id": 265, "node_type": "type_change", "degree": 3, "link_types": "pseudo+sidewalk"}, "geometry": {"type": "Point", "coordinates": [329297.56, 4698848.84]}}, {"type": "Feature", "properties": {"node_id": 266, "node_type": "type_change", "degree": 3, "link_types": "pseudo+sidewalk"}, "geometry": {"type": "Point", "coordinates": [329297.64, 4698848.84]}}, {"type": "Feature", "properties": {"node_id": 267, "node_type": "endpoint", "degree": 1, "link_types": "sidewalk"}, "geometry": {"type": "Point", "coordinates": [329298.92, 4698846.04]}}, {"type": "Feature", "properties": {"node_id": 268, "node_type": "endpoint", "degree": 1, "link_types": "sidewalk"}, "geometry": {"type": "Point", "coordinates": [328985.48, 4699251.16]}}, {"type": "Feature", "properties": {"node_id": 269, "node_type": "junction", "degree": 3, "link_types": "sidewalk"}, "geometry": {"type": "Point", "coordinates": [328984.76, 4699254.2]}}, {"type": "Feature", "properties": {"node_id": 270, "node_type": "junction", "degree": 3, "link_types": "midblock"}, "geometry": {"type": "Point", "coordinates": [328892.2, 4699369.8]}}, {"type": "Feature", "properties": {"node_id": 271, "node_type": "junction", "degree": 3, "link_types": "midblock"}, "geometry": {"type": "Point", "coordinates": [328892.28, 4699369.88]}}, {"type": "Feature", "properties": {"node_id": 272, "node_type": "junction", "degree": 3, "link_types": "midblock"}, "geometry": {"type": "Point", "coordinates": [328892.28, 4699369.8]}}, {"type": "Feature", "properties": {"node_id": 273, "node_type": "type_change", "degree": 2, "link_types": "midblock+sidewalk"}, "geometry": {"type": "Point", "coordinates": [328888.041, 4699368.8]}}, {"type": "Feature", "properties": {"node_id": 274, "node_type": "endpoint", "degree": 1, "link_types": "sidewalk"}, "geometry": {"type": "Point", "coordinates": [328884.84, 4699368.04]}}, {"type": "Feature", "properties": {"node_id": 275, "node_type": "type_change", "degree": 3, "link_types": "midblock+sidewalk"}, "geometry": {"type": "Point", "coordinates": [329662.28, 4699291.48]}}, {"type": "Feature", "properties": {"node_id": 276, "node_type": "endpoint", "degree": 1, "link_types": "sidewalk"}, "geometry": {"type": "Point", "coordinates": [329659.8, 4699308.84]}}, {"type": "Feature", "properties": {"node_id": 277, "node_type": "type_change", "degree": 2, "link_types": "midblock+sidewalk"}, "geometry": {"type": "Point", "coordinates": [329671.142, 4699289.592]}}, {"type": "Feature", "properties": {"node_id": 278, "node_type": "endpoint", "degree": 1, "link_types": "sidewalk"}, "geometry": {"type": "Point", "coordinates": [329672.2, 4699288.76]}}, {"type": "Feature", "properties": {"node_id": 279, "node_type": "junction", "degree": 3, "link_types": "sidewalk"}, "geometry": {"type": "Point", "coordinates": [329660.04, 4699284.36]}}, {"type": "Feature", "properties": {"node_id": 280, "node_type": "junction", "degree": 3, "link_types": "crosswalk"}, "geometry": {"type": "Point", "coordinates": [329736.76, 4698511.0]}}, {"type": "Feature", "properties": {"node_id": 281, "node_type": "type_change", "degree": 4, "link_types": "crosswalk+sidewalk"}, "geometry": {"type": "Point", "coordinates": [329736.04, 4698511.56]}}, {"type": "Feature", "properties": {"node_id": 282, "node_type": "type_change", "degree": 3, "link_types": "crosswalk+pseudo"}, "geometry": {"type": "Point", "coordinates": [329736.84, 4698511.08]}}, {"type": "Feature", "properties": {"node_id": 283, "node_type": "type_change", "degree": 3, "link_types": "crosswalk+pseudo"}, "geometry": {"type": "Point", "coordinates": [329736.84, 4698510.92]}}, {"type": "Feature", "properties": {"node_id": 284, "node_type": "junction", "degree": 3, "link_types": "pseudo"}, "geometry": {"type": "Point", "coordinates": [329912.76, 4698928.84]}}, {"type": "Feature", "properties": {"node_id": 285, "node_type": "type_change", "degree": 2, "link_types": "pseudo+sidewalk"}, "geometry": {"type": "Point", "coordinates": [329912.84, 4698928.92]}}, {"type": "Feature", "properties": {"node_id": 286, "node_type": "endpoint", "degree": 1, "link_types": "sidewalk"}, "geometry": {"type": "Point", "coordinates": [329909.8, 4698942.28]}}, {"type": "Feature", "properties": {"node_id": 287, "node_type": "type_change", "degree": 2, "link_types": "crosswalk+pseudo"}, "geometry": {"type": "Point", "coordinates": [329910.6, 4698928.84]}}, {"type": "Feature", "properties": {"node_id": 288, "node_type": "type_change", "degree": 2, "link_types": "crosswalk+pseudo"}, "geometry": {"type": "Point", "coordinates": [329901.96, 4698927.96]}}, {"type": "Feature", "properties": {"node_id": 289, "node_type": "endpoint", "degree": 1, "link_types": "pseudo"}, "geometry": {"type": "Point", "coordinates": [329899.64, 4698929.08]}}, {"type": "Feature", "properties": {"node_id": 290, "node_type": "type_change", "degree": 2, "link_types": "pseudo+sidewalk"}, "geometry": {"type": "Point", "coordinates": [329912.84, 4698928.76]}}, {"type": "Feature", "properties": {"node_id": 291, "node_type": "endpoint", "degree": 1, "link_types": "sidewalk"}, "geometry": {"type": "Point", "coordinates": [329912.92, 4698928.04]}}, {"type": "Feature", "properties": {"node_id": 292, "node_type": "endpoint", "degree": 1, "link_types": "sidewalk"}, "geometry": {"type": "Point", "coordinates": [328883.4, 4698876.12]}}, {"type": "Feature", "properties": {"node_id": 293, "node_type": "type_change", "degree": 2, "link_types": "midblock+sidewalk"}, "geometry": {"type": "Point", "coordinates": [328887.891, 4698876.697]}}, {"type": "Feature", "properties": {"node_id": 294, "node_type": "type_change", "degree": 2, "link_types": "midblock+sidewalk"}, "geometry": {"type": "Point", "coordinates": [328891.634, 4698876.702]}}, {"type": "Feature", "properties": {"node_id": 295, "node_type": "junction", "degree": 3, "link_types": "sidewalk"}, "geometry": {"type": "Point", "coordinates": [328926.04, 4698875.72]}}, {"type": "Feature", "properties": {"node_id": 296, "node_type": "junction", "degree": 3, "link_types": "pseudo"}, "geometry": {"type": "Point", "coordinates": [328855.8, 4698689.64]}}, {"type": "Feature", "properties": {"node_id": 297, "node_type": "type_change", "degree": 2, "link_types": "pseudo+sidewalk"}, "geometry": {"type": "Point", "coordinates": [328855.72, 4698689.72]}}, {"type": "Feature", "properties": {"node_id": 298, "node_type": "type_change", "degree": 3, "link_types": "pseudo+sidewalk"}, "geometry": {"type": "Point", "coordinates": [328852.76, 4698691.96]}}, {"type": "Feature", "properties": {"node_id": 299, "node_type": "type_change", "degree": 2, "link_types": "crosswalk+pseudo"}, "geometry": {"type": "Point", "coordinates": [328857.64, 4698689.64]}}, {"type": "Feature", "properties": {"node_id": 300, "node_type": "type_change", "degree": 2, "link_types": "crosswalk+pseudo"}, "geometry": {"type": "Point", "coordinates": [328870.28, 4698690.2]}}, {"type": "Feature", "properties": {"node_id": 301, "node_type": "junction", "degree": 3, "link_types": "pseudo"}, "geometry": {"type": "Point", "coordinates": [328871.64, 4698689.96]}}, {"type": "Feature", "properties": {"node_id": 302, "node_type": "type_change", "degree": 2, "link_types": "pseudo+sidewalk"}, "geometry": {"type": "Point", "coordinates": [328855.72, 4698689.56]}}, {"type": "Feature", "properties": {"node_id": 303, "node_type": "type_change", "degree": 3, "link_types": "pseudo+sidewalk"}, "geometry": {"type": "Point", "coordinates": [328862.84, 4698630.04]}}, {"type": "Feature", "properties": {"node_id": 304, "node_type": "junction", "degree": 3, "link_types": "sidewalk"}, "geometry": {"type": "Point", "coordinates": [328677.56, 4698770.76]}}, {"type": "Feature", "properties": {"node_id": 305, "node_type": "type_change", "degree": 3, "link_types": "pseudo+sidewalk"}, "geometry": {"type": "Point", "coordinates": [328677.56, 4698770.84]}}, {"type": "Feature", "properties": {"node_id": 306, "node_type": "type_change", "degree": 3, "link_types": "pseudo+sidewalk"}, "geometry": {"type": "Point", "coordinates": [328680.36, 4698706.84]}}, {"type": "Feature", "properties": {"node_id": 307, "node_type": "junction", "degree": 3, "link_types": "sidewalk"}, "geometry": {"type": "Point", "coordinates": [329407.0, 4699118.44]}}, {"type": "Feature", "properties": {"node_id": 308, "node_type": "type_change", "degree": 3, "link_types": "pseudo+sidewalk"}, "geometry": {"type": "Point", "coordinates": [329406.92, 4699118.44]}}, {"type": "Feature", "properties": {"node_id": 309, "node_type": "junction", "degree": 3, "link_types": "sidewalk"}, "geometry": {"type": "Point", "coordinates": [329407.24, 4699118.36]}}, {"type": "Feature", "properties": {"node_id": 310, "node_type": "type_change", "degree": 3, "link_types": "pseudo+sidewalk"}, "geometry": {"type": "Point", "coordinates": [329406.92, 4699118.36]}}, {"type": "Feature", "properties": {"node_id": 311, "node_type": "junction", "degree": 3, "link_types": "sidewalk"}, "geometry": {"type": "Point", "coordinates": [329332.2, 4699291.64]}}, {"type": "Feature", "properties": {"node_id": 312, "node_type": "type_change", "degree": 3, "link_types": "pseudo+sidewalk"}, "geometry": {"type": "Point", "coordinates": [329332.28, 4699291.72]}}, {"type": "Feature", "properties": {"node_id": 313, "node_type": "endpoint", "degree": 1, "link_types": "sidewalk"}, "geometry": {"type": "Point", "coordinates": [329322.28, 4699290.44]}}, {"type": "Feature", "properties": {"node_id": 314, "node_type": "type_change", "degree": 3, "link_types": "pseudo+sidewalk"}, "geometry": {"type": "Point", "coordinates": [329332.28, 4699291.64]}}, {"type": "Feature", "properties": {"node_id": 315, "node_type": "endpoint", "degree": 1, "link_types": "sidewalk"}, "geometry": {"type": "Point", "coordinates": [328928.84, 4699060.52]}}, {"type": "Feature", "properties": {"node_id": 316, "node_type": "type_change", "degree": 2, "link_types": "pseudo+sidewalk"}, "geometry": {"type": "Point", "coordinates": [328928.76, 4699060.44]}}, {"type": "Feature", "properties": {"node_id": 317, "node_type": "type_change", "degree": 3, "link_types": "crosswalk+pseudo"}, "geometry": {"type": "Point", "coordinates": [328927.48, 4699059.24]}}, {"type": "Feature", "properties": {"node_id": 318, "node_type": "junction", "degree": 3, "link_types": "sidewalk"}, "geometry": {"type": "Point", "coordinates": [328719.8, 4698631.88]}}, {"type": "Feature", "properties": {"node_id": 319, "node_type": "junction", "degree": 3, "link_types": "sidewalk"}, "geometry": {"type": "Point", "coordinates": [328719.72, 4698631.88]}}, {"type": "Feature", "properties": {"node_id": 320, "node_type": "type_change", "degree": 2, "link_types": "midblock+sidewalk"}, "geometry": {"type": "Point", "coordinates": [328736.686, 4698630.831]}}, {"type": "Feature", "properties": {"node_id": 321, "node_type": "type_change", "degree": 2, "link_types": "midblock+sidewalk"}, "geometry": {"type": "Point", "coordinates": [328740.605, 4698630.879]}}, {"type": "Feature", "properties": {"node_id": 322, "node_type": "type_change", "degree": 2, "link_types": "midblock+sidewalk"}, "geometry": {"type": "Point", "coordinates": [328754.762, 4698631.055]}}, {"type": "Feature", "properties": {"node_id": 323, "node_type": "type_change", "degree": 2, "link_types": "midblock+sidewalk"}, "geometry": {"type": "Point", "coordinates": [328758.681, 4698631.104]}}, {"type": "Feature", "properties": {"node_id": 324, "node_type": "type_change", "degree": 2, "link_types": "midblock+sidewalk"}, "geometry": {"type": "Point", "coordinates": [328767.19, 4698630.658]}}, {"type": "Feature", "properties": {"node_id": 325, "node_type": "type_change", "degree": 2, "link_types": "midblock+sidewalk"}, "geometry": {"type": "Point", "coordinates": [328771.706, 4698630.454]}}, {"type": "Feature", "properties": {"node_id": 326, "node_type": "type_change", "degree": 2, "link_types": "midblock+sidewalk"}, "geometry": {"type": "Point", "coordinates": [328789.346, 4698630.046]}}, {"type": "Feature", "properties": {"node_id": 327, "node_type": "type_change", "degree": 2, "link_types": "midblock+sidewalk"}, "geometry": {"type": "Point", "coordinates": [328797.033, 4698630.073]}}, {"type": "Feature", "properties": {"node_id": 328, "node_type": "type_change", "degree": 2, "link_types": "midblock+sidewalk"}, "geometry": {"type": "Point", "coordinates": [328803.72, 4698629.834]}}, {"type": "Feature", "properties": {"node_id": 329, "node_type": "type_change", "degree": 2, "link_types": "midblock+sidewalk"}, "geometry": {"type": "Point", "coordinates": [328814.316, 4698629.481]}}, {"type": "Feature", "properties": {"node_id": 330, "node_type": "type_change", "degree": 2, "link_types": "midblock+sidewalk"}, "geometry": {"type": "Point", "coordinates": [328826.237, 4698629.104]}}, {"type": "Feature", "properties": {"node_id": 331, "node_type": "type_change", "degree": 2, "link_types": "midblock+sidewalk"}, "geometry": {"type": "Point", "coordinates": [328834.078, 4698628.977]}}, {"type": "Feature", "properties": {"node_id": 332, "node_type": "type_change", "degree": 2, "link_types": "midblock+sidewalk"}, "geometry": {"type": "Point", "coordinates": [328840.784, 4698628.508]}}, {"type": "Feature", "properties": {"node_id": 333, "node_type": "type_change", "degree": 2, "link_types": "midblock+sidewalk"}, "geometry": {"type": "Point", "coordinates": [328846.41, 4698628.553]}}, {"type": "Feature", "properties": {"node_id": 334, "node_type": "type_change", "degree": 3, "link_types": "pseudo+sidewalk"}, "geometry": {"type": "Point", "coordinates": [328860.6, 4698628.12]}}, {"type": "Feature", "properties": {"node_id": 335, "node_type": "type_change", "degree": 3, "link_types": "pseudo+sidewalk"}, "geometry": {"type": "Point", "coordinates": [328719.72, 4698631.8]}}, {"type": "Feature", "properties": {"node_id": 336, "node_type": "endpoint", "degree": 1, "link_types": "sidewalk"}, "geometry": {"type": "Point", "coordinates": [329420.92, 4699127.08]}}, {"type": "Feature", "properties": {"node_id": 337, "node_type": "endpoint", "degree": 1, "link_types": "sidewalk"}, "geometry": {"type": "Point", "coordinates": [329470.44, 4699114.68]}}, {"type": "Feature", "properties": {"node_id": 338, "node_type": "endpoint", "degree": 1, "link_types": "sidewalk"}, "geometry": {"type": "Point", "coordinates": [329423.24, 4699099.72]}}, {"type": "Feature", "properties": {"node_id": 339, "node_type": "endpoint", "degree": 1, "link_types": "sidewalk"}, "geometry": {"type": "Point", "coordinates": [329493.88, 4699086.2]}}, {"type": "Feature", "properties": {"node_id": 340, "node_type": "junction", "degree": 3, "link_types": "sidewalk"}, "geometry": {"type": "Point", "coordinates": [328895.0, 4699342.84]}}, {"type": "Feature", "properties": {"node_id": 341, "node_type": "type_change", "degree": 2, "link_types": "midblock+sidewalk"}, "geometry": {"type": "Point", "coordinates": [328892.723, 4699366.558]}}, {"type": "Feature", "properties": {"node_id": 342, "node_type": "type_change", "degree": 3, "link_types": "pseudo+sidewalk"}, "geometry": {"type": "Point", "coordinates": [328895.0, 4699342.76]}}, {"type": "Feature", "properties": {"node_id": 343, "node_type": "type_change", "degree": 3, "link_types": "pseudo+sidewalk"}, "geometry": {"type": "Point", "coordinates": [328895.08, 4699342.76]}}, {"type": "Feature", "properties": {"node_id": 344, "node_type": "junction", "degree": 3, "link_types": "crosswalk"}, "geometry": {"type": "Point", "coordinates": [329999.72, 4699249.72]}}, {"type": "Feature", "properties": {"node_id": 345, "node_type": "type_change", "degree": 3, "link_types": "crosswalk+pseudo"}, "geometry": {"type": "Point", "coordinates": [329999.88, 4699249.72]}}, {"type": "Feature", "properties": {"node_id": 346, "node_type": "type_change", "degree": 2, "link_types": "crosswalk+pseudo"}, "geometry": {"type": "Point", "coordinates": [329991.16, 4699248.04]}}, {"type": "Feature", "properties": {"node_id": 347, "node_type": "junction", "degree": 3, "link_types": "pseudo"}, "geometry": {"type": "Point", "coordinates": [329990.52, 4699246.2]}}, {"type": "Feature", "properties": {"node_id": 348, "node_type": "type_change", "degree": 3, "link_types": "crosswalk+pseudo"}, "geometry": {"type": "Point", "coordinates": [329999.8, 4699249.64]}}, {"type": "Feature", "properties": {"node_id": 349, "node_type": "endpoint", "degree": 1, "link_types": "sidewalk"}, "geometry": {"type": "Point", "coordinates": [329729.56, 4698343.32]}}, {"type": "Feature", "properties": {"node_id": 350, "node_type": "type_change", "degree": 2, "link_types": "midblock+sidewalk"}, "geometry": {"type": "Point", "coordinates": [329730.106, 4698333.037]}}, {"type": "Feature", "properties": {"node_id": 351, "node_type": "type_change", "degree": 2, "link_types": "midblock+sidewalk"}, "geometry": {"type": "Point", "coordinates": [329730.432, 4698326.899]}}, {"type": "Feature", "properties": {"node_id": 352, "node_type": "endpoint", "degree": 1, "link_types": "sidewalk"}, "geometry": {"type": "Point", "coordinates": [329731.56, 4698317.96]}}, {"type": "Feature", "properties": {"node_id": 353, "node_type": "junction", "degree": 3, "link_types": "sidewalk"}, "geometry": {"type": "Point", "coordinates": [329740.12, 4698043.0]}}, {"type": "Feature", "properties": {"node_id": 354, "node_type": "type_change", "degree": 3, "link_types": "pseudo+sidewalk"}, "geometry": {"type": "Point", "coordinates": [329740.76, 4698043.32]}}, {"type": "Feature", "properties": {"node_id": 355, "node_type": "junction", "degree": 3, "link_types": "sidewalk"}, "geometry": {"type": "Point", "coordinates": [329737.4, 4698043.0]}}, {"type": "Feature", "properties": {"node_id": 356, "node_type": "type_change", "degree": 2, "link_types": "pseudo+sidewalk"}, "geometry": {"type": "Point", "coordinates": [329740.2, 4698042.92]}}, {"type": "Feature", "properties": {"node_id": 357, "node_type": "type_change", "degree": 2, "link_types": "crosswalk+pseudo"}, "geometry": {"type": "Point", "coordinates": [329740.44, 4698042.28]}}, {"type": "Feature", "properties": {"node_id": 358, "node_type": "type_change", "degree": 2, "link_types": "crosswalk+pseudo"}, "geometry": {"type": "Point", "coordinates": [329737.64, 4698041.48]}}, {"type": "Feature", "properties": {"node_id": 359, "node_type": "type_change", "degree": 3, "link_types": "pseudo+sidewalk"}, "geometry": {"type": "Point", "coordinates": [329737.08, 4698041.8]}}, {"type": "Feature", "properties": {"node_id": 360, "node_type": "junction", "degree": 3, "link_types": "sidewalk"}, "geometry": {"type": "Point", "coordinates": [328805.24, 4699304.68]}}, {"type": "Feature", "properties": {"node_id": 361, "node_type": "endpoint", "degree": 1, "link_types": "sidewalk"}, "geometry": {"type": "Point", "coordinates": [328798.76, 4699337.4]}}, {"type": "Feature", "properties": {"node_id": 362, "node_type": "type_change", "degree": 3, "link_types": "pseudo+sidewalk"}, "geometry": {"type": "Point", "coordinates": [328805.32, 4699304.68]}}, {"type": "Feature", "properties": {"node_id": 363, "node_type": "type_change", "degree": 3, "link_types": "pseudo+sidewalk"}, "geometry": {"type": "Point", "coordinates": [328805.24, 4699304.6]}}, {"type": "Feature", "properties": {"node_id": 364, "node_type": "junction", "degree": 3, "link_types": "crosswalk"}, "geometry": {"type": "Point", "coordinates": [329256.76, 4698706.2]}}, {"type": "Feature", "properties": {"node_id": 365, "node_type": "type_change", "degree": 3, "link_types": "crosswalk+pseudo"}, "geometry": {"type": "Point", "coordinates": [329256.68, 4698706.2]}}, {"type": "Feature", "properties": {"node_id": 366, "node_type": "type_change", "degree": 3, "link_types": "crosswalk+pseudo"}, "geometry": {"type": "Point", "coordinates": [329256.68, 4698706.12]}}, {"type": "Feature", "properties": {"node_id": 367, "node_type": "type_change", "degree": 3, "link_types": "crosswalk+pseudo"}, "geometry": {"type": "Point", "coordinates": [329256.84, 4698706.12]}}, {"type": "Feature", "properties": {"node_id": 368, "node_type": "junction", "degree": 3, "link_types": "sidewalk"}, "geometry": {"type": "Point", "coordinates": [328895.48, 4699241.96]}}, {"type": "Feature", "properties": {"node_id": 369, "node_type": "type_change", "degree": 3, "link_types": "pseudo+sidewalk"}, "geometry": {"type": "Point", "coordinates": [328895.4, 4699242.04]}}, {"type": "Feature", "properties": {"node_id": 370, "node_type": "junction", "degree": 3, "link_types": "sidewalk"}, "geometry": {"type": "Point", "coordinates": [328895.4, 4699241.96]}}, {"type": "Feature", "properties": {"node_id": 371, "node_type": "type_change", "degree": 3, "link_types": "pseudo+sidewalk"}, "geometry": {"type": "Point", "coordinates": [328899.64, 4699241.24]}}, {"type": "Feature", "properties": {"node_id": 372, "node_type": "junction", "degree": 3, "link_types": "sidewalk"}, "geometry": {"type": "Point", "coordinates": [329904.44, 4698599.48]}}, {"type": "Feature", "properties": {"node_id": 373, "node_type": "type_change", "degree": 3, "link_types": "pseudo+sidewalk"}, "geometry": {"type": "Point", "coordinates": [329904.36, 4698599.56]}}, {"type": "Feature", "properties": {"node_id": 374, "node_type": "type_change", "degree": 3, "link_types": "pseudo+sidewalk"}, "geometry": {"type": "Point", "coordinates": [329904.36, 4698599.48]}}, {"type": "Feature", "properties": {"node_id": 375, "node_type": "endpoint", "degree": 1, "link_types": "sidewalk"}, "geometry": {"type": "Point", "coordinates": [329913.4, 4698599.96]}}, {"type": "Feature", "properties": {"node_id": 376, "node_type": "endpoint", "degree": 1, "link_types": "sidewalk"}, "geometry": {"type": "Point", "coordinates": [329939.16, 4698795.32]}}, {"type": "Feature", "properties": {"node_id": 377, "node_type": "type_change", "degree": 3, "link_types": "pseudo+sidewalk"}, "geometry": {"type": "Point", "coordinates": [329940.04, 4698789.72]}}, {"type": "Feature", "properties": {"node_id": 378, "node_type": "endpoint", "degree": 1, "link_types": "sidewalk"}, "geometry": {"type": "Point", "coordinates": [329639.16, 4698132.52]}}, {"type": "Feature", "properties": {"node_id": 379, "node_type": "type_change", "degree": 3, "link_types": "pseudo+sidewalk"}, "geometry": {"type": "Point", "coordinates": [329638.52, 4698132.2]}}, {"type": "Feature", "properties": {"node_id": 380, "node_type": "endpoint", "degree": 1, "link_types": "crosswalk"}, "geometry": {"type": "Point", "coordinates": [328810.68, 4699243.48]}}, {"type": "Feature", "properties": {"node_id": 381, "node_type": "endpoint", "degree": 1, "link_types": "crosswalk"}, "geometry": {"type": "Point", "coordinates": [328808.68, 4699244.92]}}, {"type": "Feature", "properties": {"node_id": 382, "node_type": "endpoint", "degree": 1, "link_types": "sidewalk"}, "geometry": {"type": "Point", "coordinates": [329745.72, 4699258.68]}}, {"type": "Feature", "properties": {"node_id": 383, "node_type": "type_change", "degree": 2, "link_types": "midblock+sidewalk"}, "geometry": {"type": "Point", "coordinates": [329744.12, 4699261.988]}}, {"type": "Feature", "properties": {"node_id": 384, "node_type": "junction", "degree": 3, "link_types": "midblock"}, "geometry": {"type": "Point", "coordinates": [329743.8, 4699269.0]}}, {"type": "Feature", "properties": {"node_id": 385, "node_type": "junction", "degree": 3, "link_types": "sidewalk"}, "geometry": {"type": "Point", "coordinates": [329906.2, 4698913.48]}}, {"type": "Feature", "properties": {"node_id": 386, "node_type": "type_change", "degree": 3, "link_types": "pseudo+sidewalk"}, "geometry": {"type": "Point", "coordinates": [329906.2, 4698913.56]}}, {"type": "Feature", "properties": {"node_id": 387, "node_type": "type_change", "degree": 3, "link_types": "pseudo+sidewalk"}, "geometry": {"type": "Point", "coordinates": [329906.12, 4698913.48]}}, {"type": "Feature", "properties": {"node_id": 388, "node_type": "endpoint", "degree": 1, "link_types": "sidewalk"}, "geometry": {"type": "Point", "coordinates": [329906.44, 4698911.24]}}, {"type": "Feature", "properties": {"node_id": 389, "node_type": "junction", "degree": 3, "link_types": "sidewalk"}, "geometry": {"type": "Point", "coordinates": [329251.08, 4698678.04]}}, {"type": "Feature", "properties": {"node_id": 390, "node_type": "junction", "degree": 3, "link_types": "sidewalk"}, "geometry": {"type": "Point", "coordinates": [329251.08, 4698678.12]}}, {"type": "Feature", "properties": {"node_id": 391, "node_type": "type_change", "degree": 3, "link_types": "pseudo+sidewalk"}, "geometry": {"type": "Point", "coordinates": [329251.16, 4698678.12]}}, {"type": "Feature", "properties": {"node_id": 392, "node_type": "junction", "degree": 3, "link_types": "sidewalk"}, "geometry": {"type": "Point", "coordinates": [329252.12, 4698676.36]}}, {"type": "Feature", "properties": {"node_id": 393, "node_type": "junction", "degree": 3, "link_types": "pseudo"}, "geometry": {"type": "Point", "coordinates": [328688.84, 4698797.32]}}, {"type": "Feature", "properties": {"node_id": 394, "node_type": "type_change", "degree": 2, "link_types": "crosswalk+pseudo"}, "geometry": {"type": "Point", "coordinates": [328688.04, 4698797.8]}}, {"type": "Feature", "properties": {"node_id": 395, "node_type": "type_change", "degree": 2, "link_types": "crosswalk+pseudo"}, "geometry": {"type": "Point", "coordinates": [328690.04, 4698808.12]}}, {"type": "Feature", "properties": {"node_id": 396, "node_type": "type_change", "degree": 3, "link_types": "pseudo+sidewalk"}, "geometry": {"type": "Point", "coordinates": [328690.36, 4698808.68]}}, {"type": "Feature", "properties": {"node_id": 397, "node_type": "type_change", "degree": 3, "link_types": "pseudo+sidewalk"}, "geometry": {"type": "Point", "coordinates": [328688.92, 4698797.32]}}, {"type": "Feature", "properties": {"node_id": 398, "node_type": "type_change", "degree": 3, "link_types": "pseudo+sidewalk"}, "geometry": {"type": "Point", "coordinates": [328688.92, 4698797.24]}}, {"type": "Feature", "properties": {"node_id": 399, "node_type": "junction", "degree": 3, "link_types": "sidewalk"}, "geometry": {"type": "Point", "coordinates": [328920.2, 4699245.4]}}, {"type": "Feature", "properties": {"node_id": 400, "node_type": "type_change", "degree": 3, "link_types": "pseudo+sidewalk"}, "geometry": {"type": "Point", "coordinates": [328920.12, 4699245.48]}}, {"type": "Feature", "properties": {"node_id": 401, "node_type": "type_change", "degree": 3, "link_types": "pseudo+sidewalk"}, "geometry": {"type": "Point", "coordinates": [328920.12, 4699245.4]}}, {"type": "Feature", "properties": {"node_id": 402, "node_type": "type_change", "degree": 2, "link_types": "midblock+sidewalk"}, "geometry": {"type": "Point", "coordinates": [328943.459, 4699248.739]}}, {"type": "Feature", "properties": {"node_id": 403, "node_type": "type_change", "degree": 2, "link_types": "midblock+sidewalk"}, "geometry": {"type": "Point", "coordinates": [328947.97, 4699249.356]}}, {"type": "Feature", "properties": {"node_id": 404, "node_type": "type_change", "degree": 2, "link_types": "midblock+sidewalk"}, "geometry": {"type": "Point", "coordinates": [328957.387, 4699250.644]}}, {"type": "Feature", "properties": {"node_id": 405, "node_type": "type_change", "degree": 2, "link_types": "midblock+sidewalk"}, "geometry": {"type": "Point", "coordinates": [328966.408, 4699251.878]}}, {"type": "Feature", "properties": {"node_id": 406, "node_type": "junction", "degree": 3, "link_types": "sidewalk"}, "geometry": {"type": "Point", "coordinates": [328978.12, 4699253.48]}}, {"type": "Feature", "properties": {"node_id": 407, "node_type": "junction", "degree": 3, "link_types": "crosswalk"}, "geometry": {"type": "Point", "coordinates": [328633.08, 4699126.12]}}, {"type": "Feature", "properties": {"node_id": 408, "node_type": "type_change", "degree": 2, "link_types": "crosswalk+pseudo"}, "geometry": {"type": "Point", "coordinates": [328633.16, 4699126.2]}}, {"type": "Feature", "properties": {"node_id": 409, "node_type": "type_change", "degree": 3, "link_types": "pseudo+sidewalk"}, "geometry": {"type": "Point", "coordinates": [328635.08, 4699127.24]}}, {"type": "Feature", "properties": {"node_id": 410, "node_type": "endpoint", "degree": 1, "link_types": "crosswalk"}, "geometry": {"type": "Point", "coordinates": [328633.0, 4699126.12]}}, {"type": "Feature", "properties": {"node_id": 411, "node_type": "type_change", "degree": 2, "link_types": "crosswalk+pseudo"}, "geometry": {"type": "Point", "coordinates": [328637.96, 4699123.8]}}, {"type": "Feature", "properties": {"node_id": 412, "node_type": "type_change", "degree": 3, "link_types": "pseudo+sidewalk"}, "geometry": {"type": "Point", "coordinates": [328637.96, 4699125.88]}}, {"type": "Feature", "properties": {"node_id": 413, "node_type": "junction", "degree": 3, "link_types": "sidewalk"}, "geometry": {"type": "Point", "coordinates": [329898.68, 4698599.56]}}, {"type": "Feature", "properties": {"node_id": 414, "node_type": "type_change", "degree": 2, "link_types": "midblock+sidewalk"}, "geometry": {"type": "Point", "coordinates": [329890.15, 4698599.229]}}, {"type": "Feature", "properties": {"node_id": 415, "node_type": "type_change", "degree": 2, "link_types": "midblock+sidewalk"}, "geometry": {"type": "Point", "coordinates": [329886.483, 4698599.086]}}, {"type": "Feature", "properties": {"node_id": 416, "node_type": "endpoint", "degree": 1, "link_types": "sidewalk"}, "geometry": {"type": "Point", "coordinates": [329856.44, 4698595.96]}}, {"type": "Feature", "properties": {"node_id": 417, "node_type": "junction", "degree": 3, "link_types": "sidewalk"}, "geometry": {"type": "Point", "coordinates": [329898.76, 4698599.56]}}, {"type": "Feature", "properties": {"node_id": 418, "node_type": "type_change", "degree": 3, "link_types": "pseudo+sidewalk"}, "geometry": {"type": "Point", "coordinates": [329898.68, 4698599.48]}}, {"type": "Feature", "properties": {"node_id": 419, "node_type": "endpoint", "degree": 1, "link_types": "crosswalk"}, "geometry": {"type": "Point", "coordinates": [329050.04, 4698046.68]}}, {"type": "Feature", "properties": {"node_id": 420, "node_type": "type_change", "degree": 2, "link_types": "crosswalk+pseudo"}, "geometry": {"type": "Point", "coordinates": [329054.92, 4698054.44]}}, {"type": "Feature", "properties": {"node_id": 421, "node_type": "endpoint", "degree": 1, "link_types": "pseudo"}, "geometry": {"type": "Point", "coordinates": [329056.84, 4698052.84]}}, {"type": "Feature", "properties": {"node_id": 422, "node_type": "endpoint", "degree": 1, "link_types": "sidewalk"}, "geometry": {"type": "Point", "coordinates": [328670.68, 4699308.04]}}, {"type": "Feature", "properties": {"node_id": 423, "node_type": "type_change", "degree": 2, "link_types": "pseudo+sidewalk"}, "geometry": {"type": "Point", "coordinates": [328662.76, 4699330.84]}}, {"type": "Feature", "properties": {"node_id": 424, "node_type": "type_change", "degree": 2, "link_types": "crosswalk+pseudo"}, "geometry": {"type": "Point", "coordinates": [328662.76, 4699331.96]}}, {"type": "Feature", "properties": {"node_id": 425, "node_type": "type_change", "degree": 2, "link_types": "crosswalk+pseudo"}, "geometry": {"type": "Point", "coordinates": [328660.6, 4699337.72]}}, {"type": "Feature", "properties": {"node_id": 426, "node_type": "type_change", "degree": 3, "link_types": "pseudo+sidewalk"}, "geometry": {"type": "Point", "coordinates": [328660.6, 4699338.52]}}, {"type": "Feature", "properties": {"node_id": 427, "node_type": "type_change", "degree": 2, "link_types": "crosswalk+pseudo"}, "geometry": {"type": "Point", "coordinates": [329731.08, 4698352.76]}}, {"type": "Feature", "properties": {"node_id": 428, "node_type": "type_change", "degree": 2, "link_types": "crosswalk+pseudo"}, "geometry": {"type": "Point", "coordinates": [329726.36, 4698352.68]}}, {"type": "Feature", "properties": {"node_id": 429, "node_type": "endpoint", "degree": 1, "link_types": "pseudo"}, "geometry": {"type": "Point", "coordinates": [329731.24, 4698352.76]}}, {"type": "Feature", "properties": {"node_id": 430, "node_type": "endpoint", "degree": 1, "link_types": "sidewalk"}, "geometry": {"type": "Point", "coordinates": [329194.28, 4699300.52]}}, {"type": "Feature", "properties": {"node_id": 431, "node_type": "junction", "degree": 3, "link_types": "sidewalk"}, "geometry": {"type": "Point", "coordinates": [329196.12, 4699299.24]}}, {"type": "Feature", "properties": {"node_id": 432, "node_type": "endpoint", "degree": 1, "link_types": "sidewalk"}, "geometry": {"type": "Point", "coordinates": [329960.36, 4699213.0]}}, {"type": "Feature", "properties": {"node_id": 433, "node_type": "type_change", "degree": 2, "link_types": "midblock+sidewalk"}, "geometry": {"type": "Point", "coordinates": [329957.364, 4699202.849]}}, {"type": "Feature", "properties": {"node_id": 434, "node_type": "junction", "degree": 3, "link_types": "midblock"}, "geometry": {"type": "Point", "coordinates": [329956.44, 4699199.72]}}, {"type": "Feature", "properties": {"node_id": 435, "node_type": "endpoint", "degree": 1, "link_types": "sidewalk"}, "geometry": {"type": "Point", "coordinates": [328988.6, 4698874.68]}}, {"type": "Feature", "properties": {"node_id": 436, "node_type": "type_change", "degree": 2, "link_types": "midblock+sidewalk"}, "geometry": {"type": "Point", "coordinates": [328984.048, 4698874.746]}}, {"type": "Feature", "properties": {"node_id": 437, "node_type": "type_change", "degree": 2, "link_types": "midblock+sidewalk"}, "geometry": {"type": "Point", "coordinates": [328981.812, 4698874.778]}}, {"type": "Feature", "properties": {"node_id": 438, "node_type": "type_change", "degree": 2, "link_types": "midblock+sidewalk"}, "geometry": {"type": "Point", "coordinates": [328959.852, 4698875.093]}}, {"type": "Feature", "properties": {"node_id": 439, "node_type": "type_change", "degree": 2, "link_types": "midblock+sidewalk"}, "geometry": {"type": "Point", "coordinates": [328953.383, 4698875.186]}}, {"type": "Feature", "properties": {"node_id": 440, "node_type": "type_change", "degree": 3, "link_types": "pseudo+sidewalk"}, "geometry": {"type": "Point", "coordinates": [328944.04, 4698875.32]}}, {"type": "Feature", "properties": {"node_id": 441, "node_type": "endpoint", "degree": 1, "link_types": "sidewalk"}, "geometry": {"type": "Point", "coordinates": [329805.4, 4699440.36]}}, {"type": "Feature", "properties": {"node_id": 442, "node_type": "type_change", "degree": 3, "link_types": "pseudo+sidewalk"}, "geometry": {"type": "Point", "coordinates": [329809.16, 4699442.04]}}, {"type": "Feature", "properties": {"node_id": 443, "node_type": "junction", "degree": 3, "link_types": "pseudo"}, "geometry": {"type": "Point", "coordinates": [328808.44, 4699058.84]}}, {"type": "Feature", "properties": {"node_id": 444, "node_type": "type_change", "degree": 2, "link_types": "crosswalk+pseudo"}, "geometry": {"type": "Point", "coordinates": [328808.44, 4699059.56]}}, {"type": "Feature", "properties": {"node_id": 445, "node_type": "type_change", "degree": 3, "link_types": "crosswalk+sidewalk"}, "geometry": {"type": "Point", "coordinates": [328808.12, 4699069.88]}}, {"type": "Feature", "properties": {"node_id": 446, "node_type": "type_change", "degree": 2, "link_types": "pseudo+sidewalk"}, "geometry": {"type": "Point", "coordinates": [328808.36, 4699058.76]}}, {"type": "Feature", "properties": {"node_id": 447, "node_type": "junction", "degree": 3, "link_types": "sidewalk"}, "geometry": {"type": "Point", "coordinates": [328800.76, 4699057.24]}}, {"type": "Feature", "properties": {"node_id": 448, "node_type": "type_change", "degree": 2, "link_types": "pseudo+sidewalk"}, "geometry": {"type": "Point", "coordinates": [328808.52, 4699058.76]}}, {"type": "Feature", "properties": {"node_id": 449, "node_type": "endpoint", "degree": 1, "link_types": "sidewalk"}, "geometry": {"type": "Point", "coordinates": [328809.16, 4699057.8]}}, {"type": "Feature", "properties": {"node_id": 450, "node_type": "endpoint", "degree": 1, "link_types": "crosswalk"}, "geometry": {"type": "Point", "coordinates": [328879.24, 4698349.08]}}, {"type": "Feature", "properties": {"node_id": 451, "node_type": "endpoint", "degree": 1, "link_types": "crosswalk"}, "geometry": {"type": "Point", "coordinates": [328881.96, 4698351.8]}}, {"type": "Feature", "properties": {"node_id": 452, "node_type": "endpoint", "degree": 1, "link_types": "sidewalk"}, "geometry": {"type": "Point", "coordinates": [328500.28, 4699376.92]}}, {"type": "Feature", "properties": {"node_id": 453, "node_type": "type_change", "degree": 2, "link_types": "midblock+sidewalk"}, "geometry": {"type": "Point", "coordinates": [328563.89, 4699419.95]}}, {"type": "Feature", "properties": {"node_id": 454, "node_type": "type_change", "degree": 2, "link_types": "midblock+sidewalk"}, "geometry": {"type": "Point", "coordinates": [328569.404, 4699422.832]}}, {"type": "Feature", "properties": {"node_id": 455, "node_type": "endpoint", "degree": 1, "link_types": "sidewalk"}, "geometry": {"type": "Point", "coordinates": [328654.36, 4699499.8]}}, {"type": "Feature", "properties": {"node_id": 456, "node_type": "junction", "degree": 4, "link_types": "pseudo"}, "geometry": {"type": "Point", "coordinates": [329913.4, 4699114.36]}}, {"type": "Feature", "properties": {"node_id": 457, "node_type": "junction", "degree": 3, "link_types": "pseudo"}, "geometry": {"type": "Point", "coordinates": [329913.4, 4699114.44]}}, {"type": "Feature", "properties": {"node_id": 458, "node_type": "junction", "degree": 4, "link_types": "pseudo"}, "geometry": {"type": "Point", "coordinates": [329913.32, 4699114.36]}}, {"type": "Feature", "properties": {"node_id": 459, "node_type": "junction", "degree": 3, "link_types": "pseudo"}, "geometry": {"type": "Point", "coordinates": [329913.32, 4699114.28]}}, {"type": "Feature", "properties": {"node_id": 460, "node_type": "type_change", "degree": 3, "link_types": "crosswalk+pseudo"}, "geometry": {"type": "Point", "coordinates": [329914.52, 4699112.12]}}, {"type": "Feature", "properties": {"node_id": 461, "node_type": "endpoint", "degree": 1, "link_types": "sidewalk"}, "geometry": {"type": "Point", "coordinates": [328818.76, 4698255.8]}}, {"type": "Feature", "properties": {"node_id": 462, "node_type": "junction", "degree": 3, "link_types": "sidewalk"}, "geometry": {"type": "Point", "coordinates": [328820.04, 4698253.64]}}, {"type": "Feature", "properties": {"node_id": 463, "node_type": "junction", "degree": 3, "link_types": "sidewalk"}, "geometry": {"type": "Point", "coordinates": [329636.52, 4698118.76]}}, {"type": "Feature", "properties": {"node_id": 464, "node_type": "type_change", "degree": 3, "link_types": "pseudo+sidewalk"}, "geometry": {"type": "Point", "coordinates": [329636.52, 4698118.84]}}, {"type": "Feature", "properties": {"node_id": 465, "node_type": "type_change", "degree": 3, "link_types": "pseudo+sidewalk"}, "geometry": {"type": "Point", "coordinates": [329636.6, 4698118.84]}}, {"type": "Feature", "properties": {"node_id": 466, "node_type": "endpoint", "degree": 1, "link_types": "sidewalk"}, "geometry": {"type": "Point", "coordinates": [329636.68, 4698110.2]}}, {"type": "Feature", "properties": {"node_id": 467, "node_type": "endpoint", "degree": 1, "link_types": "sidewalk"}, "geometry": {"type": "Point", "coordinates": [329666.28, 4699250.92]}}, {"type": "Feature", "properties": {"node_id": 468, "node_type": "junction", "degree": 3, "link_types": "sidewalk"}, "geometry": {"type": "Point", "coordinates": [329663.32, 4699213.88]}}, {"type": "Feature", "properties": {"node_id": 469, "node_type": "endpoint", "degree": 1, "link_types": "sidewalk"}, "geometry": {"type": "Point", "coordinates": [329711.8, 4699483.24]}}, {"type": "Feature", "properties": {"node_id": 470, "node_type": "type_change", "degree": 2, "link_types": "midblock+sidewalk"}, "geometry": {"type": "Point", "coordinates": [329712.926, 4699477.35]}}, {"type": "Feature", "properties": {"node_id": 471, "node_type": "type_change", "degree": 2, "link_types": "midblock+sidewalk"}, "geometry": {"type": "Point", "coordinates": [329713.886, 4699472.323]}}, {"type": "Feature", "properties": {"node_id": 472, "node_type": "junction", "degree": 3, "link_types": "sidewalk"}, "geometry": {"type": "Point", "coordinates": [329717.88, 4699461.96]}}, {"type": "Feature", "properties": {"node_id": 473, "node_type": "junction", "degree": 3, "link_types": "crosswalk"}, "geometry": {"type": "Point", "coordinates": [329819.88, 4699174.2]}}, {"type": "Feature", "properties": {"node_id": 474, "node_type": "type_change", "degree": 3, "link_types": "crosswalk+pseudo"}, "geometry": {"type": "Point", "coordinates": [329819.16, 4699174.52]}}, {"type": "Feature", "properties": {"node_id": 475, "node_type": "type_change", "degree": 3, "link_types": "crosswalk+sidewalk"}, "geometry": {"type": "Point", "coordinates": [329820.04, 4699174.2]}}, {"type": "Feature", "properties": {"node_id": 476, "node_type": "type_change", "degree": 2, "link_types": "crosswalk+sidewalk"}, "geometry": {"type": "Point", "coordinates": [329819.8, 4699174.12]}}, {"type": "Feature", "properties": {"node_id": 477, "node_type": "type_change", "degree": 3, "link_types": "pseudo+sidewalk"}, "geometry": {"type": "Point", "coordinates": [329819.24, 4699173.96]}}, {"type": "Feature", "properties": {"node_id": 478, "node_type": "junction", "degree": 3, "link_types": "sidewalk"}, "geometry": {"type": "Point", "coordinates": [329505.48, 4698211.24]}}, {"type": "Feature", "properties": {"node_id": 479, "node_type": "junction", "degree": 3, "link_types": "sidewalk"}, "geometry": {"type": "Point", "coordinates": [329505.56, 4698211.32]}}, {"type": "Feature", "properties": {"node_id": 480, "node_type": "junction", "degree": 3, "link_types": "sidewalk"}, "geometry": {"type": "Point", "coordinates": [329505.56, 4698211.24]}}, {"type": "Feature", "properties": {"node_id": 481, "node_type": "endpoint", "degree": 1, "link_types": "sidewalk"}, "geometry": {"type": "Point", "coordinates": [329475.64, 4698209.56]}}, {"type": "Feature", "properties": {"node_id": 482, "node_type": "endpoint", "degree": 1, "link_types": "sidewalk"}, "geometry": {"type": "Point", "coordinates": [328869.0, 4698270.6]}}, {"type": "Feature", "properties": {"node_id": 483, "node_type": "type_change", "degree": 3, "link_types": "pseudo+sidewalk"}, "geometry": {"type": "Point", "coordinates": [328867.08, 4698254.68]}}, {"type": "Feature", "properties": {"node_id": 484, "node_type": "junction", "degree": 3, "link_types": "pseudo"}, "geometry": {"type": "Point", "coordinates": [328708.2, 4698616.44]}}, {"type": "Feature", "properties": {"node_id": 485, "node_type": "type_change", "degree": 3, "link_types": "pseudo+sidewalk"}, "geometry": {"type": "Point", "coordinates": [328708.12, 4698616.44]}}, {"type": "Feature", "properties": {"node_id": 486, "node_type": "type_change", "degree": 3, "link_types": "crosswalk+pseudo"}, "geometry": {"type": "Point", "coordinates": [328711.48, 4698617.16]}}, {"type": "Feature", "properties": {"node_id": 487, "node_type": "type_change", "degree": 3, "link_types": "pseudo+sidewalk"}, "geometry": {"type": "Point", "coordinates": [328708.12, 4698616.36]}}, {"type": "Feature", "properties": {"node_id": 488, "node_type": "junction", "degree": 3, "link_types": "pseudo"}, "geometry": {"type": "Point", "coordinates": [328852.76, 4698692.04]}}, {"type": "Feature", "properties": {"node_id": 489, "node_type": "type_change", "degree": 2, "link_types": "crosswalk+pseudo"}, "geometry": {"type": "Point", "coordinates": [328853.0, 4698693.08]}}, {"type": "Feature", "properties": {"node_id": 490, "node_type": "type_change", "degree": 2, "link_types": "crosswalk+pseudo"}, "geometry": {"type": "Point", "coordinates": [328851.16, 4698700.92]}}, {"type": "Feature", "properties": {"node_id": 491, "node_type": "type_change", "degree": 3, "link_types": "pseudo+sidewalk"}, "geometry": {"type": "Point", "coordinates": [328851.16, 4698701.48]}}, {"type": "Feature", "properties": {"node_id": 492, "node_type": "type_change", "degree": 3, "link_types": "pseudo+sidewalk"}, "geometry": {"type": "Point", "coordinates": [328852.68, 4698691.96]}}, {"type": "Feature", "properties": {"node_id": 493, "node_type": "endpoint", "degree": 1, "link_types": "sidewalk"}, "geometry": {"type": "Point", "coordinates": [329653.0, 4698114.12]}}, {"type": "Feature", "properties": {"node_id": 494, "node_type": "type_change", "degree": 3, "link_types": "pseudo+sidewalk"}, "geometry": {"type": "Point", "coordinates": [329652.28, 4698119.24]}}, {"type": "Feature", "properties": {"node_id": 495, "node_type": "endpoint", "degree": 1, "link_types": "sidewalk"}, "geometry": {"type": "Point", "coordinates": [329679.96, 4699277.16]}}, {"type": "Feature", "properties": {"node_id": 496, "node_type": "junction", "degree": 3, "link_types": "sidewalk"}, "geometry": {"type": "Point", "coordinates": [329679.64, 4699276.44]}}, {"type": "Feature", "properties": {"node_id": 497, "node_type": "type_change", "degree": 2, "link_types": "crosswalk+pseudo"}, "geometry": {"type": "Point", "coordinates": [328944.04, 4698876.44]}}, {"type": "Feature", "properties": {"node_id": 498, "node_type": "type_change", "degree": 2, "link_types": "crosswalk+pseudo"}, "geometry": {"type": "Point", "coordinates": [328944.12, 4698884.28]}}, {"type": "Feature", "properties": {"node_id": 499, "node_type": "type_change", "degree": 3, "link_types": "pseudo+sidewalk"}, "geometry": {"type": "Point", "coordinates": [328944.12, 4698885.24]}}, {"type": "Feature", "properties": {"node_id": 500, "node_type": "type_change", "degree": 2, "link_types": "pseudo+sidewalk"}, "geometry": {"type": "Point", "coordinates": [328943.96, 4698875.24]}}, {"type": "Feature", "properties": {"node_id": 501, "node_type": "type_change", "degree": 3, "link_types": "pseudo+sidewalk"}, "geometry": {"type": "Point", "coordinates": [328938.52, 4698874.84]}}, {"type": "Feature", "properties": {"node_id": 502, "node_type": "junction", "degree": 3, "link_types": "sidewalk"}, "geometry": {"type": "Point", "coordinates": [329910.44, 4699083.56]}}, {"type": "Feature", "properties": {"node_id": 503, "node_type": "type_change", "degree": 3, "link_types": "pseudo+sidewalk"}, "geometry": {"type": "Point", "coordinates": [329910.44, 4699083.64]}}, {"type": "Feature", "properties": {"node_id": 504, "node_type": "type_change", "degree": 3, "link_types": "pseudo+sidewalk"}, "geometry": {"type": "Point", "coordinates": [329910.36, 4699083.56]}}, {"type": "Feature", "properties": {"node_id": 505, "node_type": "junction", "degree": 3, "link_types": "sidewalk"}, "geometry": {"type": "Point", "coordinates": [329912.6, 4699080.04]}}, {"type": "Feature", "properties": {"node_id": 506, "node_type": "endpoint", "degree": 1, "link_types": "sidewalk"}, "geometry": {"type": "Point", "coordinates": [329820.6, 4698260.92]}}, {"type": "Feature", "properties": {"node_id": 507, "node_type": "type_change", "degree": 3, "link_types": "pseudo+sidewalk"}, "geometry": {"type": "Point", "coordinates": [329818.04, 4698279.8]}}, {"type": "Feature", "properties": {"node_id": 508, "node_type": "endpoint", "degree": 1, "link_types": "sidewalk"}, "geometry": {"type": "Point", "coordinates": [329167.48, 4698911.88]}}, {"type": "Feature", "properties": {"node_id": 509, "node_type": "endpoint", "degree": 1, "link_types": "sidewalk"}, "geometry": {"type": "Point", "coordinates": [329186.68, 4698879.32]}}, {"type": "Feature", "properties": {"node_id": 510, "node_type": "endpoint", "degree": 1, "link_types": "crosswalk"}, "geometry": {"type": "Point", "coordinates": [329149.96, 4698869.32]}}, {"type": "Feature", "properties": {"node_id": 511, "node_type": "type_change", "degree": 2, "link_types": "crosswalk+pseudo"}, "geometry": {"type": "Point", "coordinates": [329151.24, 4698876.12]}}, {"type": "Feature", "properties": {"node_id": 512, "node_type": "type_change", "degree": 2, "link_types": "pseudo+sidewalk"}, "geometry": {"type": "Point", "coordinates": [329153.88, 4698878.6]}}, {"type": "Feature", "properties": {"node_id": 513, "node_type": "endpoint", "degree": 1, "link_types": "sidewalk"}, "geometry": {"type": "Point", "coordinates": [329155.16, 4698882.6]}}, {"type": "Feature", "properties": {"node_id": 514, "node_type": "endpoint", "degree": 1, "link_types": "sidewalk"}, "geometry": {"type": "Point", "coordinates": [329824.76, 4698279.8]}}, {"type": "Feature", "properties": {"node_id": 515, "node_type": "type_change", "degree": 3, "link_types": "pseudo+sidewalk"}, "geometry": {"type": "Point", "coordinates": [329825.16, 4698279.8]}}, {"type": "Feature", "properties": {"node_id": 516, "node_type": "endpoint", "degree": 1, "link_types": "sidewalk"}, "geometry": {"type": "Point", "coordinates": [328875.72, 4698662.68]}}, {"type": "Feature", "properties": {"node_id": 517, "node_type": "type_change", "degree": 3, "link_types": "crosswalk+sidewalk"}, "geometry": {"type": "Point", "coordinates": [328879.24, 4698629.88]}}, {"type": "Feature", "properties": {"node_id": 518, "node_type": "junction", "degree": 3, "link_types": "sidewalk"}, "geometry": {"type": "Point", "coordinates": [329955.4, 4698556.28]}}, {"type": "Feature", "properties": {"node_id": 519, "node_type": "junction", "degree": 3, "link_types": "sidewalk"}, "geometry": {"type": "Point", "coordinates": [329955.48, 4698556.36]}}, {"type": "Feature", "properties": {"node_id": 520, "node_type": "endpoint", "degree": 1, "link_types": "sidewalk"}, "geometry": {"type": "Point", "coordinates": [329935.56, 4698541.64]}}, {"type": "Feature", "properties": {"node_id": 521, "node_type": "junction", "degree": 3, "link_types": "sidewalk"}, "geometry": {"type": "Point", "coordinates": [329955.48, 4698556.28]}}, {"type": "Feature", "properties": {"node_id": 522, "node_type": "junction", "degree": 3, "link_types": "pseudo"}, "geometry": {"type": "Point", "coordinates": [328619.88, 4698243.4]}}, {"type": "Feature", "properties": {"node_id": 523, "node_type": "type_change", "degree": 2, "link_types": "crosswalk+pseudo"}, "geometry": {"type": "Point", "coordinates": [328619.08, 4698245.0]}}, {"type": "Feature", "properties": {"node_id": 524, "node_type": "type_change", "degree": 2, "link_types": "crosswalk+pseudo"}, "geometry": {"type": "Point", "coordinates": [328597.0, 4698247.24]}}, {"type": "Feature", "properties": {"node_id": 525, "node_type": "type_change", "degree": 3, "link_types": "pseudo+sidewalk"}, "geometry": {"type": "Point", "coordinates": [328595.88, 4698246.6]}}, {"type": "Feature", "properties": {"node_id": 526, "node_type": "type_change", "degree": 3, "link_types": "pseudo+sidewalk"}, "geometry": {"type": "Point", "coordinates": [328619.88, 4698243.32]}}, {"type": "Feature", "properties": {"node_id": 527, "node_type": "type_change", "degree": 3, "link_types": "pseudo+sidewalk"}, "geometry": {"type": "Point", "coordinates": [328619.96, 4698243.32]}}, {"type": "Feature", "properties": {"node_id": 528, "node_type": "junction", "degree": 3, "link_types": "pseudo"}, "geometry": {"type": "Point", "coordinates": [329216.84, 4699216.36]}}, {"type": "Feature", "properties": {"node_id": 529, "node_type": "type_change", "degree": 2, "link_types": "crosswalk+pseudo"}, "geometry": {"type": "Point", "coordinates": [329216.84, 4699217.4]}}, {"type": "Feature", "properties": {"node_id": 530, "node_type": "type_change", "degree": 2, "link_types": "crosswalk+pseudo"}, "geometry": {"type": "Point", "coordinates": [329213.08, 4699223.88]}}, {"type": "Feature", "properties": {"node_id": 531, "node_type": "junction", "degree": 3, "link_types": "pseudo"}, "geometry": {"type": "Point", "coordinates": [329213.16, 4699225.08]}}, {"type": "Feature", "properties": {"node_id": 532, "node_type": "type_change", "degree": 2, "link_types": "pseudo+sidewalk"}, "geometry": {"type": "Point", "coordinates": [329216.76, 4699216.28]}}, {"type": "Feature", "properties": {"node_id": 533, "node_type": "endpoint", "degree": 1, "link_types": "sidewalk"}, "geometry": {"type": "Point", "coordinates": [329200.2, 4699208.52]}}, {"type": "Feature", "properties": {"node_id": 534, "node_type": "type_change", "degree": 2, "link_types": "pseudo+sidewalk"}, "geometry": {"type": "Point", "coordinates": [329216.92, 4699216.28]}}, {"type": "Feature", "properties": {"node_id": 535, "node_type": "endpoint", "degree": 1, "link_types": "sidewalk"}, "geometry": {"type": "Point", "coordinates": [329232.6, 4699210.44]}}, {"type": "Feature", "properties": {"node_id": 536, "node_type": "endpoint", "degree": 1, "link_types": "crosswalk"}, "geometry": {"type": "Point", "coordinates": [329271.48, 4698750.12]}}, {"type": "Feature", "properties": {"node_id": 537, "node_type": "type_change", "degree": 3, "link_types": "crosswalk+pseudo"}, "geometry": {"type": "Point", "coordinates": [329271.56, 4698751.16]}}, {"type": "Feature", "properties": {"node_id": 538, "node_type": "endpoint", "degree": 1, "link_types": "sidewalk"}, "geometry": {"type": "Point", "coordinates": [328966.6, 4699498.76]}}, {"type": "Feature", "properties": {"node_id": 539, "node_type": "junction", "degree": 3, "link_types": "sidewalk"}, "geometry": {"type": "Point", "coordinates": [328966.52, 4699490.84]}}, {"type": "Feature", "properties": {"node_id": 540, "node_type": "endpoint", "degree": 1, "link_types": "sidewalk"}, "geometry": {"type": "Point", "coordinates": [329387.96, 4699449.0]}}, {"type": "Feature", "properties": {"node_id": 541, "node_type": "type_change", "degree": 3, "link_types": "pseudo+sidewalk"}, "geometry": {"type": "Point", "coordinates": [329386.36, 4699448.36]}}, {"type": "Feature", "properties": {"node_id": 542, "node_type": "endpoint", "degree": 1, "link_types": "sidewalk"}, "geometry": {"type": "Point", "coordinates": [328914.52, 4699204.84]}}, {"type": "Feature", "properties": {"node_id": 543, "node_type": "type_change", "degree": 2, "link_types": "midblock+sidewalk"}, "geometry": {"type": "Point", "coordinates": [328917.386, 4699188.039]}}, {"type": "Feature", "properties": {"node_id": 544, "node_type": "type_change", "degree": 2, "link_types": "midblock+sidewalk"}, "geometry": {"type": "Point", "coordinates": [328917.921, 4699182.005]}}, {"type": "Feature", "properties": {"node_id": 545, "node_type": "type_change", "degree": 2, "link_types": "midblock+sidewalk"}, "geometry": {"type": "Point", "coordinates": [328919.27, 4699173.006]}}, {"type": "Feature", "properties": {"node_id": 546, "node_type": "type_change", "degree": 2, "link_types": "midblock+sidewalk"}, "geometry": {"type": "Point", "coordinates": [328919.875, 4699168.979]}}, {"type": "Feature", "properties": {"node_id": 547, "node_type": "junction", "degree": 3, "link_types": "sidewalk"}, "geometry": {"type": "Point", "coordinates": [328921.0, 4699161.48]}}, {"type": "Feature", "properties": {"node_id": 548, "node_type": "endpoint", "degree": 1, "link_types": "sidewalk"}, "geometry": {"type": "Point", "coordinates": [329667.88, 4699069.56]}}, {"type": "Feature", "properties": {"node_id": 549, "node_type": "type_change", "degree": 3, "link_types": "pseudo+sidewalk"}, "geometry": {"type": "Point", "coordinates": [329637.24, 4699071.64]}}, {"type": "Feature", "properties": {"node_id": 550, "node_type": "junction", "degree": 3, "link_types": "pseudo"}, "geometry": {"type": "Point", "coordinates": [328772.84, 4699059.64]}}, {"type": "Feature", "properties": {"node_id": 551, "node_type": "type_change", "degree": 3, "link_types": "pseudo+sidewalk"}, "geometry": {"type": "Point", "coordinates": [328772.84, 4699059.72]}}, {"type": "Feature", "properties": {"node_id": 552, "node_type": "type_change", "degree": 3, "link_types": "pseudo+sidewalk"}, "geometry": {"type": "Point", "coordinates": [328772.92, 4699059.72]}}, {"type": "Feature", "properties": {"node_id": 553, "node_type": "type_change", "degree": 2, "link_types": "crosswalk+pseudo"}, "geometry": {"type": "Point", "coordinates": [328772.68, 4699059.24]}}, {"type": "Feature", "properties": {"node_id": 554, "node_type": "type_change", "degree": 2, "link_types": "crosswalk+pseudo"}, "geometry": {"type": "Point", "coordinates": [328764.92, 4699056.92]}}, {"type": "Feature", "properties": {"node_id": 555, "node_type": "type_change", "degree": 2, "link_types": "pseudo+sidewalk"}, "geometry": {"type": "Point", "coordinates": [328764.44, 4699058.92]}}, {"type": "Feature", "properties": {"node_id": 556, "node_type": "type_change", "degree": 2, "link_types": "midblock+sidewalk"}, "geometry": {"type": "Point", "coordinates": [328712.183, 4699043.68]}}, {"type": "Feature", "properties": {"node_id": 557, "node_type": "type_change", "degree": 2, "link_types": "midblock+sidewalk"}, "geometry": {"type": "Point", "coordinates": [328703.434, 4699041.43]}}, {"type": "Feature", "properties": {"node_id": 558, "node_type": "endpoint", "degree": 1, "link_types": "sidewalk"}, "geometry": {"type": "Point", "coordinates": [328632.36, 4699022.36]}}, {"type": "Feature", "properties": {"node_id": 559, "node_type": "junction", "degree": 3, "link_types": "sidewalk"}, "geometry": {"type": "Point", "coordinates": [328887.4, 4698343.8]}}, {"type": "Feature", "properties": {"node_id": 560, "node_type": "endpoint", "degree": 1, "link_types": "sidewalk"}, "geometry": {"type": "Point", "coordinates": [328889.88, 4698345.88]}}, {"type": "Feature", "properties": {"node_id": 561, "node_type": "type_change", "degree": 3, "link_types": "pseudo+sidewalk"}, "geometry": {"type": "Point", "coordinates": [328887.32, 4698343.8]}}, {"type": "Feature", "properties": {"node_id": 562, "node_type": "type_change", "degree": 3, "link_types": "pseudo+sidewalk"}, "geometry": {"type": "Point", "coordinates": [328887.4, 4698343.72]}}, {"type": "Feature", "properties": {"node_id": 563, "node_type": "junction", "degree": 3, "link_types": "sidewalk"}, "geometry": {"type": "Point", "coordinates": [329729.56, 4699272.52]}}, {"type": "Feature", "properties": {"node_id": 564, "node_type": "junction", "degree": 3, "link_types": "sidewalk"}, "geometry": {"type": "Point", "coordinates": [329676.68, 4699282.52]}}, {"type": "Feature", "properties": {"node_id": 565, "node_type": "junction", "degree": 3, "link_types": "sidewalk"}, "geometry": {"type": "Point", "coordinates": [329729.64, 4699272.52]}}, {"type": "Feature", "properties": {"node_id": 566, "node_type": "junction", "degree": 3, "link_types": "sidewalk"}, "geometry": {"type": "Point", "coordinates": [329729.56, 4699272.44]}}, {"type": "Feature", "properties": {"node_id": 567, "node_type": "endpoint", "degree": 1, "link_types": "sidewalk"}, "geometry": {"type": "Point", "coordinates": [328505.48, 4699035.48]}}, {"type": "Feature", "properties": {"node_id": 568, "node_type": "type_change", "degree": 2, "link_types": "midblock+sidewalk"}, "geometry": {"type": "Point", "coordinates": [328507.123, 4699038.574]}}, {"type": "Feature", "properties": {"node_id": 569, "node_type": "type_change", "degree": 2, "link_types": "midblock+sidewalk"}, "geometry": {"type": "Point", "coordinates": [328508.02, 4699040.261]}}, {"type": "Feature", "properties": {"node_id": 570, "node_type": "type_change", "degree": 2, "link_types": "midblock+sidewalk"}, "geometry": {"type": "Point", "coordinates": [328511.904, 4699047.572]}}, {"type": "Feature", "properties": {"node_id": 571, "node_type": "type_change", "degree": 2, "link_types": "midblock+sidewalk"}, "geometry": {"type": "Point", "coordinates": [328513.32, 4699050.065]}}, {"type": "Feature", "properties": {"node_id": 572, "node_type": "type_change", "degree": 2, "link_types": "midblock+sidewalk"}, "geometry": {"type": "Point", "coordinates": [328514.388, 4699051.659]}}, {"type": "Feature", "properties": {"node_id": 573, "node_type": "type_change", "degree": 2, "link_types": "midblock+sidewalk"}, "geometry": {"type": "Point", "coordinates": [328515.366, 4699053.121]}}, {"type": "Feature", "properties": {"node_id": 574, "node_type": "junction", "degree": 3, "link_types": "sidewalk"}, "geometry": {"type": "Point", "coordinates": [328534.68, 4699073.8]}}, {"type": "Feature", "properties": {"node_id": 575, "node_type": "junction", "degree": 3, "link_types": "pseudo"}, "geometry": {"type": "Point", "coordinates": [328693.08, 4698891.72]}}, {"type": "Feature", "properties": {"node_id": 576, "node_type": "type_change", "degree": 3, "link_types": "pseudo+sidewalk"}, "geometry": {"type": "Point", "coordinates": [328693.08, 4698891.8]}}, {"type": "Feature", "properties": {"node_id": 577, "node_type": "type_change", "degree": 3, "link_types": "pseudo+sidewalk"}, "geometry": {"type": "Point", "coordinates": [328693.16, 4698891.8]}}, {"type": "Feature", "properties": {"node_id": 578, "node_type": "type_change", "degree": 2, "link_types": "crosswalk+pseudo"}, "geometry": {"type": "Point", "coordinates": [328692.68, 4698890.76]}}, {"type": "Feature", "properties": {"node_id": 579, "node_type": "type_change", "degree": 3, "link_types": "crosswalk+sidewalk"}, "geometry": {"type": "Point", "coordinates": [328691.72, 4698880.76]}}, {"type": "Feature", "properties": {"node_id": 580, "node_type": "type_change", "degree": 3, "link_types": "pseudo+sidewalk"}, "geometry": {"type": "Point", "coordinates": [328621.4, 4698243.88]}}, {"type": "Feature", "properties": {"node_id": 581, "node_type": "junction", "degree": 3, "link_types": "pseudo"}, "geometry": {"type": "Point", "coordinates": [328992.68, 4699357.56]}}, {"type": "Feature", "properties": {"node_id": 582, "node_type": "type_change", "degree": 3, "link_types": "pseudo+sidewalk"}, "geometry": {"type": "Point", "coordinates": [328992.76, 4699357.64]}}, {"type": "Feature", "properties": {"node_id": 583, "node_type": "type_change", "degree": 3, "link_types": "pseudo+sidewalk"}, "geometry": {"type": "Point", "coordinates": [328992.76, 4699357.56]}}, {"type": "Feature", "properties": {"node_id": 584, "node_type": "type_change", "degree": 2, "link_types": "crosswalk+pseudo"}, "geometry": {"type": "Point", "coordinates": [328991.96, 4699357.24]}}, {"type": "Feature", "properties": {"node_id": 585, "node_type": "type_change", "degree": 2, "link_types": "crosswalk+pseudo"}, "geometry": {"type": "Point", "coordinates": [328980.52, 4699361.64]}}, {"type": "Feature", "properties": {"node_id": 586, "node_type": "type_change", "degree": 3, "link_types": "pseudo+sidewalk"}, "geometry": {"type": "Point", "coordinates": [328979.32, 4699361.72]}}, {"type": "Feature", "properties": {"node_id": 587, "node_type": "endpoint", "degree": 1, "link_types": "sidewalk"}, "geometry": {"type": "Point", "coordinates": [329904.76, 4698247.56]}}, {"type": "Feature", "properties": {"node_id": 588, "node_type": "type_change", "degree": 3, "link_types": "pseudo+sidewalk"}, "geometry": {"type": "Point", "coordinates": [329902.6, 4698281.8]}}, {"type": "Feature", "properties": {"node_id": 589, "node_type": "junction", "degree": 3, "link_types": "pseudo"}, "geometry": {"type": "Point", "coordinates": [329968.04, 4699264.28]}}, {"type": "Feature", "properties": {"node_id": 590, "node_type": "type_change", "degree": 3, "link_types": "pseudo+sidewalk"}, "geometry": {"type": "Point", "coordinates": [329968.12, 4699264.36]}}, {"type": "Feature", "properties": {"node_id": 591, "node_type": "type_change", "degree": 2, "link_types": "crosswalk+pseudo"}, "geometry": {"type": "Point", "coordinates": [329966.44, 4699263.96]}}, {"type": "Feature", "properties": {"node_id": 592, "node_type": "type_change", "degree": 2, "link_types": "crosswalk+pseudo"}, "geometry": {"type": "Point", "coordinates": [329961.4, 4699261.88]}}, {"type": "Feature", "properties": {"node_id": 593, "node_type": "type_change", "degree": 2, "link_types": "pseudo+sidewalk"}, "geometry": {"type": "Point", "coordinates": [329961.8, 4699260.12]}}, {"type": "Feature", "properties": {"node_id": 594, "node_type": "junction", "degree": 3, "link_types": "sidewalk"}, "geometry": {"type": "Point", "coordinates": [329958.68, 4699259.96]}}, {"type": "Feature", "properties": {"node_id": 595, "node_type": "junction", "degree": 3, "link_types": "sidewalk"}, "geometry": {"type": "Point", "coordinates": [329902.36, 4699138.92]}}, {"type": "Feature", "properties": {"node_id": 596, "node_type": "endpoint", "degree": 1, "link_types": "sidewalk"}, "geometry": {"type": "Point", "coordinates": [329902.12, 4699138.76]}}, {"type": "Feature", "properties": {"node_id": 597, "node_type": "type_change", "degree": 2, "link_types": "pseudo+sidewalk"}, "geometry": {"type": "Point", "coordinates": [329902.44, 4699138.84]}}, {"type": "Feature", "properties": {"node_id": 598, "node_type": "type_change", "degree": 2, "link_types": "crosswalk+pseudo"}, "geometry": {"type": "Point", "coordinates": [329902.76, 4699138.44]}}, {"type": "Feature", "properties": {"node_id": 599, "node_type": "junction", "degree": 3, "link_types": "crosswalk"}, "geometry": {"type": "Point", "coordinates": [329902.76, 4699138.36]}}, {"type": "Feature", "properties": {"node_id": 600, "node_type": "junction", "degree": 3, "link_types": "sidewalk"}, "geometry": {"type": "Point", "coordinates": [329277.48, 4699289.24]}}, {"type": "Feature", "properties": {"node_id": 601, "node_type": "type_change", "degree": 2, "link_types": "pseudo+sidewalk"}, "geometry": {"type": "Point", "coordinates": [329277.56, 4699289.32]}}, {"type": "Feature", "properties": {"node_id": 602, "node_type": "type_change", "degree": 2, "link_types": "crosswalk+pseudo"}, "geometry": {"type": "Point", "coordinates": [329277.72, 4699289.64]}}, {"type": "Feature", "properties": {"node_id": 603, "node_type": "type_change", "degree": 2, "link_types": "crosswalk+pseudo"}, "geometry": {"type": "Point", "coordinates": [329285.08, 4699290.2]}}, {"type": "Feature", "properties": {"node_id": 604, "node_type": "junction", "degree": 3, "link_types": "sidewalk"}, "geometry": {"type": "Point", "coordinates": [329274.36, 4699288.44]}}, {"type": "Feature", "properties": {"node_id": 605, "node_type": "endpoint", "degree": 1, "link_types": "sidewalk"}, "geometry": {"type": "Point", "coordinates": [329278.36, 4699288.84]}}, {"type": "Feature", "properties": {"node_id": 606, "node_type": "type_change", "degree": 3, "link_types": "pseudo+sidewalk"}, "geometry": {"type": "Point", "coordinates": [329252.04, 4698676.28]}}, {"type": "Feature", "properties": {"node_id": 607, "node_type": "junction", "degree": 3, "link_types": "sidewalk"}, "geometry": {"type": "Point", "coordinates": [329252.12, 4698676.28]}}, {"type": "Feature", "properties": {"node_id": 608, "node_type": "junction", "degree": 3, "link_types": "sidewalk"}, "geometry": {"type": "Point", "coordinates": [328789.0, 4699225.8]}}, {"type": "Feature", "properties": {"node_id": 609, "node_type": "type_change", "degree": 2, "link_types": "pseudo+sidewalk"}, "geometry": {"type": "Point", "coordinates": [328789.08, 4699225.88]}}, {"type": "Feature", "properties": {"node_id": 610, "node_type": "type_change", "degree": 2, "link_types": "crosswalk+pseudo"}, "geometry": {"type": "Point", "coordinates": [328790.12, 4699227.24]}}, {"type": "Feature", "properties": {"node_id": 611, "node_type": "type_change", "degree": 2, "link_types": "crosswalk+pseudo"}, "geometry": {"type": "Point", "coordinates": [328789.32, 4699245.24]}}, {"type": "Feature", "properties": {"node_id": 612, "node_type": "type_change", "degree": 3, "link_types": "pseudo+sidewalk"}, "geometry": {"type": "Point", "coordinates": [328788.68, 4699246.52]}}, {"type": "Feature", "properties": {"node_id": 613, "node_type": "type_change", "degree": 2, "link_types": "midblock+sidewalk"}, "geometry": {"type": "Point", "coordinates": [328741.882, 4699220.111]}}, {"type": "Feature", "properties": {"node_id": 614, "node_type": "type_change", "degree": 2, "link_types": "midblock+sidewalk"}, "geometry": {"type": "Point", "coordinates": [328733.552, 4699219.691]}}, {"type": "Feature", "properties": {"node_id": 615, "node_type": "type_change", "degree": 2, "link_types": "midblock+sidewalk"}, "geometry": {"type": "Point", "coordinates": [328719.436, 4699217.25]}}, {"type": "Feature", "properties": {"node_id": 616, "node_type": "type_change", "degree": 2, "link_types": "midblock+sidewalk"}, "geometry": {"type": "Point", "coordinates": [328716.818, 4699216.571]}}, {"type": "Feature", "properties": {"node_id": 617, "node_type": "type_change", "degree": 2, "link_types": "midblock+sidewalk"}, "geometry": {"type": "Point", "coordinates": [328701.054, 4699213.159]}}, {"type": "Feature", "properties": {"node_id": 618, "node_type": "type_change", "degree": 2, "link_types": "midblock+sidewalk"}, "geometry": {"type": "Point", "coordinates": [328691.631, 4699211.04]}}, {"type": "Feature", "properties": {"node_id": 619, "node_type": "endpoint", "degree": 1, "link_types": "sidewalk"}, "geometry": {"type": "Point", "coordinates": [328671.64, 4699192.04]}}, {"type": "Feature", "properties": {"node_id": 620, "node_type": "junction", "degree": 3, "link_types": "sidewalk"}, "geometry": {"type": "Point", "coordinates": [328794.52, 4699222.2]}}, {"type": "Feature", "properties": {"node_id": 621, "node_type": "endpoint", "degree": 1, "link_types": "sidewalk"}, "geometry": {"type": "Point", "coordinates": [329106.36, 4698685.48]}}, {"type": "Feature", "properties": {"node_id": 622, "node_type": "type_change", "degree": 3, "link_types": "pseudo+sidewalk"}, "geometry": {"type": "Point", "coordinates": [329117.88, 4698684.36]}}, {"type": "Feature", "properties": {"node_id": 623, "node_type": "junction", "degree": 3, "link_types": "sidewalk"}, "geometry": {"type": "Point", "coordinates": [329414.6, 4699238.52]}}, {"type": "Feature", "properties": {"node_id": 624, "node_type": "junction", "degree": 3, "link_types": "sidewalk"}, "geometry": {"type": "Point", "coordinates": [329414.6, 4699238.6]}}, {"type": "Feature", "properties": {"node_id": 625, "node_type": "junction", "degree": 3, "link_types": "sidewalk"}, "geometry": {"type": "Point", "coordinates": [329414.52, 4699238.52]}}, {"type": "Feature", "properties": {"node_id": 626, "node_type": "type_change", "degree": 2, "link_types": "pseudo+sidewalk"}, "geometry": {"type": "Point", "coordinates": [329418.04, 4699234.68]}}, {"type": "Feature", "properties": {"node_id": 627, "node_type": "type_change", "degree": 2, "link_types": "crosswalk+pseudo"}, "geometry": {"type": "Point", "coordinates": [329417.96, 4699234.6]}}, {"type": "Feature", "properties": {"node_id": 628, "node_type": "type_change", "degree": 2, "link_types": "crosswalk+pseudo"}, "geometry": {"type": "Point", "coordinates": [329412.28, 4699231.56]}}, {"type": "Feature", "properties": {"node_id": 629, "node_type": "type_change", "degree": 3, "link_types": "pseudo+sidewalk"}, "geometry": {"type": "Point", "coordinates": [329410.52, 4699232.44]}}, {"type": "Feature", "properties": {"node_id": 630, "node_type": "junction", "degree": 3, "link_types": "sidewalk"}, "geometry": {"type": "Point", "coordinates": [329396.52, 4699262.84]}}, {"type": "Feature", "properties": {"node_id": 631, "node_type": "junction", "degree": 3, "link_types": "sidewalk"}, "geometry": {"type": "Point", "coordinates": [329396.52, 4699262.92]}}, {"type": "Feature", "properties": {"node_id": 632, "node_type": "junction", "degree": 3, "link_types": "sidewalk"}, "geometry": {"type": "Point", "coordinates": [329396.6, 4699262.92]}}, {"type": "Feature", "properties": {"node_id": 633, "node_type": "junction", "degree": 3, "link_types": "sidewalk"}, "geometry": {"type": "Point", "coordinates": [329391.24, 4699265.64]}}, {"type": "Feature", "properties": {"node_id": 634, "node_type": "junction", "degree": 3, "link_types": "sidewalk"}, "geometry": {"type": "Point", "coordinates": [329358.04, 4699293.72]}}, {"type": "Feature", "properties": {"node_id": 635, "node_type": "endpoint", "degree": 1, "link_types": "sidewalk"}, "geometry": {"type": "Point", "coordinates": [329347.88, 4699297.48]}}, {"type": "Feature", "properties": {"node_id": 636, "node_type": "type_change", "degree": 3, "link_types": "pseudo+sidewalk"}, "geometry": {"type": "Point", "coordinates": [329363.64, 4699297.24]}}, {"type": "Feature", "properties": {"node_id": 637, "node_type": "junction", "degree": 3, "link_types": "sidewalk"}, "geometry": {"type": "Point", "coordinates": [329357.96, 4699293.16]}}, {"type": "Feature", "properties": {"node_id": 638, "node_type": "type_change", "degree": 3, "link_types": "pseudo+sidewalk"}, "geometry": {"type": "Point", "coordinates": [328871.72, 4698689.96]}}, {"type": "Feature", "properties": {"node_id": 639, "node_type": "type_change", "degree": 3, "link_types": "pseudo+sidewalk"}, "geometry": {"type": "Point", "coordinates": [328871.72, 4698689.88]}}, {"type": "Feature", "properties": {"node_id": 640, "node_type": "junction", "degree": 3, "link_types": "sidewalk"}, "geometry": {"type": "Point", "coordinates": [329838.44, 4699057.48]}}, {"type": "Feature", "properties": {"node_id": 641, "node_type": "type_change", "degree": 3, "link_types": "pseudo+sidewalk"}, "geometry": {"type": "Point", "coordinates": [329836.84, 4699058.84]}}, {"type": "Feature", "properties": {"node_id": 642, "node_type": "junction", "degree": 3, "link_types": "sidewalk"}, "geometry": {"type": "Point", "coordinates": [329838.44, 4699057.4]}}, {"type": "Feature", "properties": {"node_id": 643, "node_type": "junction", "degree": 3, "link_types": "sidewalk"}, "geometry": {"type": "Point", "coordinates": [329838.52, 4699057.4]}}, {"type": "Feature", "properties": {"node_id": 644, "node_type": "endpoint", "degree": 1, "link_types": "sidewalk"}, "geometry": {"type": "Point", "coordinates": [328530.36, 4698021.56]}}, {"type": "Feature", "properties": {"node_id": 645, "node_type": "type_change", "degree": 3, "link_types": "midblock+sidewalk"}, "geometry": {"type": "Point", "coordinates": [328523.96, 4698026.6]}}, {"type": "Feature", "properties": {"node_id": 646, "node_type": "endpoint", "degree": 1, "link_types": "sidewalk"}, "geometry": {"type": "Point", "coordinates": [329758.12, 4698126.2]}}, {"type": "Feature", "properties": {"node_id": 647, "node_type": "type_change", "degree": 2, "link_types": "pseudo+sidewalk"}, "geometry": {"type": "Point", "coordinates": [329758.12, 4698126.28]}}, {"type": "Feature", "properties": {"node_id": 648, "node_type": "type_change", "degree": 2, "link_types": "crosswalk+pseudo"}, "geometry": {"type": "Point", "coordinates": [329757.56, 4698130.04]}}, {"type": "Feature", "properties": {"node_id": 649, "node_type": "type_change", "degree": 2, "link_types": "crosswalk+pseudo"}, "geometry": {"type": "Point", "coordinates": [329770.52, 4698124.2]}}, {"type": "Feature", "properties": {"node_id": 650, "node_type": "junction", "degree": 3, "link_types": "pseudo"}, "geometry": {"type": "Point", "coordinates": [329772.92, 4698123.96]}}, {"type": "Feature", "properties": {"node_id": 651, "node_type": "endpoint", "degree": 1, "link_types": "sidewalk"}, "geometry": {"type": "Point", "coordinates": [328906.04, 4698344.68]}}, {"type": "Feature", "properties": {"node_id": 652, "node_type": "type_change", "degree": 2, "link_types": "midblock+sidewalk"}, "geometry": {"type": "Point", "coordinates": [328948.17, 4698343.289]}}, {"type": "Feature", "properties": {"node_id": 653, "node_type": "type_change", "degree": 2, "link_types": "midblock+sidewalk"}, "geometry": {"type": "Point", "coordinates": [328958.994, 4698343.434]}}, {"type": "Feature", "properties": {"node_id": 654, "node_type": "type_change", "degree": 2, "link_types": "midblock+sidewalk"}, "geometry": {"type": "Point", "coordinates": [328965.306, 4698343.288]}}, {"type": "Feature", "properties": {"node_id": 655, "node_type": "type_change", "degree": 2, "link_types": "midblock+sidewalk"}, "geometry": {"type": "Point", "coordinates": [328969.062, 4698343.202]}}, {"type": "Feature", "properties": {"node_id": 656, "node_type": "type_change", "degree": 2, "link_types": "midblock+sidewalk"}, "geometry": {"type": "Point", "coordinates": [328981.526, 4698342.914]}}, {"type": "Feature", "properties": {"node_id": 657, "node_type": "type_change", "degree": 2, "link_types": "midblock+sidewalk"}, "geometry": {"type": "Point", "coordinates": [328984.802, 4698342.838]}}, {"type": "Feature", "properties": {"node_id": 658, "node_type": "type_change", "degree": 2, "link_types": "midblock+sidewalk"}, "geometry": {"type": "Point", "coordinates": [328996.149, 4698342.577]}}, {"type": "Feature", "properties": {"node_id": 659, "node_type": "type_change", "degree": 2, "link_types": "midblock+sidewalk"}, "geometry": {"type": "Point", "coordinates": [329001.422, 4698342.455]}}, {"type": "Feature", "properties": {"node_id": 660, "node_type": "endpoint", "degree": 1, "link_types": "sidewalk"}, "geometry": {"type": "Point", "coordinates": [329036.84, 4698341.08]}}, {"type": "Feature", "properties": {"node_id": 661, "node_type": "endpoint", "degree": 1, "link_types": "sidewalk"}, "geometry": {"type": "Point", "coordinates": [329978.04, 4699278.28]}}, {"type": "Feature", "properties": {"node_id": 662, "node_type": "junction", "degree": 3, "link_types": "sidewalk"}, "geometry": {"type": "Point", "coordinates": [329981.56, 4699278.28]}}, {"type": "Feature", "properties": {"node_id": 663, "node_type": "junction", "degree": 3, "link_types": "sidewalk"}, "geometry": {"type": "Point", "coordinates": [328954.52, 4699069.88]}}, {"type": "Feature", "properties": {"node_id": 664, "node_type": "type_change", "degree": 3, "link_types": "pseudo+sidewalk"}, "geometry": {"type": "Point", "coordinates": [328954.6, 4699069.96]}}, {"type": "Feature", "properties": {"node_id": 665, "node_type": "junction", "degree": 3, "link_types": "sidewalk"}, "geometry": {"type": "Point", "coordinates": [328933.72, 4699068.76]}}, {"type": "Feature", "properties": {"node_id": 666, "node_type": "type_change", "degree": 3, "link_types": "pseudo+sidewalk"}, "geometry": {"type": "Point", "coordinates": [328954.6, 4699069.88]}}, {"type": "Feature", "properties": {"node_id": 667, "node_type": "endpoint", "degree": 1, "link_types": "sidewalk"}, "geometry": {"type": "Point", "coordinates": [329777.32, 4699087.0]}}, {"type": "Feature", "properties": {"node_id": 668, "node_type": "type_change", "degree": 3, "link_types": "pseudo+sidewalk"}, "geometry": {"type": "Point", "coordinates": [329791.16, 4699085.72]}}, {"type": "Feature", "properties": {"node_id": 669, "node_type": "endpoint", "degree": 1, "link_types": "crosswalk"}, "geometry": {"type": "Point", "coordinates": [329097.96, 4699282.52]}}, {"type": "Feature", "properties": {"node_id": 670, "node_type": "type_change", "degree": 2, "link_types": "crosswalk+pseudo"}, "geometry": {"type": "Point", "coordinates": [329094.68, 4699280.52]}}, {"type": "Feature", "properties": {"node_id": 671, "node_type": "type_change", "degree": 2, "link_types": "midblock+pseudo"}, "geometry": {"type": "Point", "coordinates": [329091.4, 4699281.08]}}, {"type": "Feature", "properties": {"node_id": 672, "node_type": "type_change", "degree": 2, "link_types": "midblock+sidewalk"}, "geometry": {"type": "Point", "coordinates": [329089.078, 4699281.524]}}, {"type": "Feature", "properties": {"node_id": 673, "node_type": "type_change", "degree": 3, "link_types": "pseudo+sidewalk"}, "geometry": {"type": "Point", "coordinates": [329067.0, 4699279.56]}}, {"type": "Feature", "properties": {"node_id": 674, "node_type": "endpoint", "degree": 1, "link_types": "sidewalk"}, "geometry": {"type": "Point", "coordinates": [328654.52, 4698916.68]}}, {"type": "Feature", "properties": {"node_id": 675, "node_type": "type_change", "degree": 3, "link_types": "pseudo+sidewalk"}, "geometry": {"type": "Point", "coordinates": [328668.84, 4698893.64]}}, {"type": "Feature", "properties": {"node_id": 676, "node_type": "endpoint", "degree": 1, "link_types": "sidewalk"}, "geometry": {"type": "Point", "coordinates": [328873.48, 4698678.92]}}, {"type": "Feature", "properties": {"node_id": 677, "node_type": "endpoint", "degree": 1, "link_types": "sidewalk"}, "geometry": {"type": "Point", "coordinates": [329958.2, 4699485.64]}}, {"type": "Feature", "properties": {"node_id": 678, "node_type": "junction", "degree": 3, "link_types": "sidewalk"}, "geometry": {"type": "Point", "coordinates": [329956.76, 4699484.36]}}, {"type": "Feature", "properties": {"node_id": 679, "node_type": "junction", "degree": 3, "link_types": "sidewalk"}, "geometry": {"type": "Point", "coordinates": [329578.28, 4699105.24]}}, {"type": "Feature", "properties": {"node_id": 680, "node_type": "junction", "degree": 3, "link_types": "sidewalk"}, "geometry": {"type": "Point", "coordinates": [329580.76, 4699107.4]}}, {"type": "Feature", "properties": {"node_id": 681, "node_type": "junction", "degree": 3, "link_types": "sidewalk"}, "geometry": {"type": "Point", "coordinates": [329578.2, 4699105.24]}}, {"type": "Feature", "properties": {"node_id": 682, "node_type": "type_change", "degree": 3, "link_types": "pseudo+sidewalk"}, "geometry": {"type": "Point", "coordinates": [329578.28, 4699105.16]}}, {"type": "Feature", "properties": {"node_id": 683, "node_type": "junction", "degree": 3, "link_types": "sidewalk"}, "geometry": {"type": "Point", "coordinates": [329208.92, 4698244.36]}}, {"type": "Feature", "properties": {"node_id": 684, "node_type": "type_change", "degree": 2, "link_types": "crosswalk+sidewalk"}, "geometry": {"type": "Point", "coordinates": [329208.84, 4698244.44]}}, {"type": "Feature", "properties": {"node_id": 685, "node_type": "type_change", "degree": 2, "link_types": "crosswalk+pseudo"}, "geometry": {"type": "Point", "coordinates": [329208.92, 4698244.6]}}, {"type": "Feature", "properties": {"node_id": 686, "node_type": "type_change", "degree": 3, "link_types": "pseudo+sidewalk"}, "geometry": {"type": "Point", "coordinates": [329209.08, 4698244.52]}}, {"type": "Feature", "properties": {"node_id": 687, "node_type": "type_change", "degree": 3, "link_types": "crosswalk+sidewalk"}, "geometry": {"type": "Point", "coordinates": [329208.84, 4698244.28]}}, {"type": "Feature", "properties": {"node_id": 688, "node_type": "endpoint", "degree": 1, "link_types": "sidewalk"}, "geometry": {"type": "Point", "coordinates": [329523.08, 4699415.8]}}, {"type": "Feature", "properties": {"node_id": 689, "node_type": "type_change", "degree": 3, "link_types": "pseudo+sidewalk"}, "geometry": {"type": "Point", "coordinates": [329524.84, 4699414.2]}}, {"type": "Feature", "properties": {"node_id": 690, "node_type": "junction", "degree": 3, "link_types": "sidewalk"}, "geometry": {"type": "Point", "coordinates": [329535.16, 4698891.88]}}, {"type": "Feature", "properties": {"node_id": 691, "node_type": "type_change", "degree": 3, "link_types": "pseudo+sidewalk"}, "geometry": {"type": "Point", "coordinates": [329535.08, 4698891.88]}}, {"type": "Feature", "properties": {"node_id": 692, "node_type": "type_change", "degree": 3, "link_types": "pseudo+sidewalk"}, "geometry": {"type": "Point", "coordinates": [329539.56, 4698886.6]}}, {"type": "Feature", "properties": {"node_id": 693, "node_type": "type_change", "degree": 3, "link_types": "pseudo+sidewalk"}, "geometry": {"type": "Point", "coordinates": [329535.08, 4698891.8]}}, {"type": "Feature", "properties": {"node_id": 694, "node_type": "endpoint", "degree": 1, "link_types": "crosswalk"}, "geometry": {"type": "Point", "coordinates": [329639.88, 4698475.48]}}, {"type": "Feature", "properties": {"node_id": 695, "node_type": "type_change", "degree": 2, "link_types": "crosswalk+pseudo"}, "geometry": {"type": "Point", "coordinates": [329639.56, 4698472.52]}}, {"type": "Feature", "properties": {"node_id": 696, "node_type": "junction", "degree": 3, "link_types": "pseudo"}, "geometry": {"type": "Point", "coordinates": [329639.56, 4698471.32]}}, {"type": "Feature", "properties": {"node_id": 697, "node_type": "junction", "degree": 3, "link_types": "crosswalk"}, "geometry": {"type": "Point", "coordinates": [329271.64, 4698751.96]}}, {"type": "Feature", "properties": {"node_id": 698, "node_type": "type_change", "degree": 2, "link_types": "crosswalk+pseudo"}, "geometry": {"type": "Point", "coordinates": [329271.56, 4698752.04]}}, {"type": "Feature", "properties": {"node_id": 699, "node_type": "type_change", "degree": 2, "link_types": "pseudo+sidewalk"}, "geometry": {"type": "Point", "coordinates": [329271.56, 4698752.92]}}, {"type": "Feature", "properties": {"node_id": 700, "node_type": "type_change", "degree": 2, "link_types": "pseudo+sidewalk"}, "geometry": {"type": "Point", "coordinates": [329271.64, 4698753.0]}}, {"type": "Feature", "properties": {"node_id": 701, "node_type": "type_change", "degree": 2, "link_types": "crosswalk+pseudo"}, "geometry": {"type": "Point", "coordinates": [329271.8, 4698752.92]}}, {"type": "Feature", "properties": {"node_id": 702, "node_type": "type_change", "degree": 3, "link_types": "crosswalk+pseudo"}, "geometry": {"type": "Point", "coordinates": [329271.56, 4698751.56]}}, {"type": "Feature", "properties": {"node_id": 703, "node_type": "type_change", "degree": 3, "link_types": "crosswalk+sidewalk"}, "geometry": {"type": "Point", "coordinates": [329889.96, 4698925.64]}}, {"type": "Feature", "properties": {"node_id": 704, "node_type": "type_change", "degree": 3, "link_types": "crosswalk+sidewalk"}, "geometry": {"type": "Point", "coordinates": [329889.96, 4698925.56]}}, {"type": "Feature", "properties": {"node_id": 705, "node_type": "junction", "degree": 3, "link_types": "sidewalk"}, "geometry": {"type": "Point", "coordinates": [328891.64, 4699483.56]}}, {"type": "Feature", "properties": {"node_id": 706, "node_type": "endpoint", "degree": 1, "link_types": "sidewalk"}, "geometry": {"type": "Point", "coordinates": [328889.24, 4699493.24]}}, {"type": "Feature", "properties": {"node_id": 707, "node_type": "type_change", "degree": 2, "link_types": "pseudo+sidewalk"}, "geometry": {"type": "Point", "coordinates": [328891.56, 4699483.48]}}, {"type": "Feature", "properties": {"node_id": 708, "node_type": "type_change", "degree": 2, "link_types": "crosswalk+pseudo"}, "geometry": {"type": "Point", "coordinates": [328890.28, 4699482.36]}}, {"type": "Feature", "properties": {"node_id": 709, "node_type": "type_change", "degree": 3, "link_types": "crosswalk+sidewalk"}, "geometry": {"type": "Point", "coordinates": [328880.44, 4699481.72]}}, {"type": "Feature", "properties": {"node_id": 710, "node_type": "type_change", "degree": 3, "link_types": "pseudo+sidewalk"}, "geometry": {"type": "Point", "coordinates": [328891.96, 4699483.24]}}, {"type": "Feature", "properties": {"node_id": 711, "node_type": "endpoint", "degree": 1, "link_types": "sidewalk"}, "geometry": {"type": "Point", "coordinates": [329705.24, 4698903.16]}}, {"type": "Feature", "properties": {"node_id": 712, "node_type": "type_change", "degree": 3, "link_types": "pseudo+sidewalk"}, "geometry": {"type": "Point", "coordinates": [329710.6, 4698900.12]}}, {"type": "Feature", "properties": {"node_id": 713, "node_type": "endpoint", "degree": 1, "link_types": "midblock"}, "geometry": {"type": "Point", "coordinates": [329999.8, 4698531.8]}}, {"type": "Feature", "properties": {"node_id": 714, "node_type": "type_change", "degree": 2, "link_types": "midblock+sidewalk"}, "geometry": {"type": "Point", "coordinates": [329998.69, 4698535.713]}}, {"type": "Feature", "properties": {"node_id": 715, "node_type": "type_change", "degree": 3, "link_types": "pseudo+sidewalk"}, "geometry": {"type": "Point", "coordinates": [329997.64, 4698541.48]}}, {"type": "Feature", "properties": {"node_id": 716, "node_type": "endpoint", "degree": 1, "link_types": "sidewalk"}, "geometry": {"type": "Point", "coordinates": [328583.64, 4699103.8]}}, {"type": "Feature", "properties": {"node_id": 717, "node_type": "type_change", "degree": 2, "link_types": "midblock+sidewalk"}, "geometry": {"type": "Point", "coordinates": [328586.218, 4699104.368]}}, {"type": "Feature", "properties": {"node_id": 718, "node_type": "type_change", "degree": 2, "link_types": "midblock+sidewalk"}, "geometry": {"type": "Point", "coordinates": [328590.981, 4699105.419]}}, {"type": "Feature", "properties": {"node_id": 719, "node_type": "type_change", "degree": 2, "link_types": "midblock+sidewalk"}, "geometry": {"type": "Point", "coordinates": [328600.743, 4699107.571]}}, {"type": "Feature", "properties": {"node_id": 720, "node_type": "type_change", "degree": 2, "link_types": "midblock+sidewalk"}, "geometry": {"type": "Point", "coordinates": [328602.618, 4699107.985]}}, {"type": "Feature", "properties": {"node_id": 721, "node_type": "type_change", "degree": 2, "link_types": "midblock+sidewalk"}, "geometry": {"type": "Point", "coordinates": [328629.171, 4699113.84]}}, {"type": "Feature", "properties": {"node_id": 722, "node_type": "type_change", "degree": 2, "link_types": "midblock+sidewalk"}, "geometry": {"type": "Point", "coordinates": [328631.514, 4699114.357]}}, {"type": "Feature", "properties": {"node_id": 723, "node_type": "endpoint", "degree": 1, "link_types": "sidewalk"}, "geometry": {"type": "Point", "coordinates": [328646.04, 4699117.56]}}, {"type": "Feature", "properties": {"node_id": 724, "node_type": "endpoint", "degree": 1, "link_types": "sidewalk"}, "geometry": {"type": "Point", "coordinates": [329736.76, 4699263.08]}}, {"type": "Feature", "properties": {"node_id": 725, "node_type": "type_change", "degree": 3, "link_types": "pseudo+sidewalk"}, "geometry": {"type": "Point", "coordinates": [329737.64, 4699267.96]}}, {"type": "Feature", "properties": {"node_id": 726, "node_type": "junction", "degree": 3, "link_types": "sidewalk"}, "geometry": {"type": "Point", "coordinates": [329059.72, 4698455.48]}}, {"type": "Feature", "properties": {"node_id": 727, "node_type": "endpoint", "degree": 1, "link_types": "sidewalk"}, "geometry": {"type": "Point", "coordinates": [329062.44, 4698508.12]}}, {"type": "Feature", "properties": {"node_id": 728, "node_type": "type_change", "degree": 2, "link_types": "midblock+sidewalk"}, "geometry": {"type": "Point", "coordinates": [329030.251, 4698455.44]}}, {"type": "Feature", "properties": {"node_id": 729, "node_type": "type_change", "degree": 2, "link_types": "midblock+sidewalk"}, "geometry": {"type": "Point", "coordinates": [329027.859, 4698455.506]}}, {"type": "Feature", "properties": {"node_id": 730, "node_type": "type_change", "degree": 2, "link_types": "midblock+sidewalk"}, "geometry": {"type": "Point", "coordinates": [328962.332, 4698457.463]}}, {"type": "Feature", "properties": {"node_id": 731, "node_type": "type_change", "degree": 2, "link_types": "midblock+sidewalk"}, "geometry": {"type": "Point", "coordinates": [328959.07, 4698457.65]}}, {"type": "Feature", "properties": {"node_id": 732, "node_type": "type_change", "degree": 2, "link_types": "midblock+sidewalk"}, "geometry": {"type": "Point", "coordinates": [328933.854, 4698458.092]}}, {"type": "Feature", "properties": {"node_id": 733, "node_type": "type_change", "degree": 2, "link_types": "midblock+sidewalk"}, "geometry": {"type": "Point", "coordinates": [328930.536, 4698458.259]}}, {"type": "Feature", "properties": {"node_id": 734, "node_type": "type_change", "degree": 2, "link_types": "midblock+sidewalk"}, "geometry": {"type": "Point", "coordinates": [328891.542, 4698489.589]}}, {"type": "Feature", "properties": {"node_id": 735, "node_type": "endpoint", "degree": 1, "link_types": "midblock"}, "geometry": {"type": "Point", "coordinates": [328890.52, 4698496.36]}}, {"type": "Feature", "properties": {"node_id": 736, "node_type": "type_change", "degree": 2, "link_types": "pseudo+sidewalk"}, "geometry": {"type": "Point", "coordinates": [329059.8, 4698455.4]}}, {"type": "Feature", "properties": {"node_id": 737, "node_type": "type_change", "degree": 2, "link_types": "crosswalk+pseudo"}, "geometry": {"type": "Point", "coordinates": [329060.36, 4698454.84]}}, {"type": "Feature", "properties": {"node_id": 738, "node_type": "type_change", "degree": 2, "link_types": "crosswalk+pseudo"}, "geometry": {"type": "Point", "coordinates": [329058.68, 4698445.56]}}, {"type": "Feature", "properties": {"node_id": 739, "node_type": "type_change", "degree": 3, "link_types": "pseudo+sidewalk"}, "geometry": {"type": "Point", "coordinates": [329058.68, 4698445.0]}}, {"type": "Feature", "properties": {"node_id": 740, "node_type": "junction", "degree": 3, "link_types": "sidewalk"}, "geometry": {"type": "Point", "coordinates": [329939.24, 4699164.44]}}, {"type": "Feature", "properties": {"node_id": 741, "node_type": "endpoint", "degree": 1, "link_types": "sidewalk"}, "geometry": {"type": "Point", "coordinates": [329939.96, 4699165.4]}}, {"type": "Feature", "properties": {"node_id": 742, "node_type": "type_change", "degree": 3, "link_types": "pseudo+sidewalk"}, "geometry": {"type": "Point", "coordinates": [329939.16, 4699164.44]}}, {"type": "Feature", "properties": {"node_id": 743, "node_type": "junction", "degree": 3, "link_types": "sidewalk"}, "geometry": {"type": "Point", "coordinates": [329939.24, 4699164.36]}}, {"type": "Feature", "properties": {"node_id": 744, "node_type": "type_change", "degree": 3, "link_types": "pseudo+sidewalk"}, "geometry": {"type": "Point", "coordinates": [328534.68, 4699073.88]}}, {"type": "Feature", "properties": {"node_id": 745, "node_type": "type_change", "degree": 3, "link_types": "pseudo+sidewalk"}, "geometry": {"type": "Point", "coordinates": [328534.76, 4699073.8]}}, {"type": "Feature", "properties": {"node_id": 746, "node_type": "endpoint", "degree": 1, "link_types": "sidewalk"}, "geometry": {"type": "Point", "coordinates": [329774.84, 4699462.44]}}, {"type": "Feature", "properties": {"node_id": 747, "node_type": "endpoint", "degree": 1, "link_types": "sidewalk"}, "geometry": {"type": "Point", "coordinates": [329784.36, 4699462.12]}}, {"type": "Feature", "properties": {"node_id": 748, "node_type": "endpoint", "degree": 1, "link_types": "sidewalk"}, "geometry": {"type": "Point", "coordinates": [328557.32, 4698165.24]}}, {"type": "Feature", "properties": {"node_id": 749, "node_type": "type_change", "degree": 2, "link_types": "midblock+sidewalk"}, "geometry": {"type": "Point", "coordinates": [328561.902, 4698171.126]}}, {"type": "Feature", "properties": {"node_id": 750, "node_type": "type_change", "degree": 2, "link_types": "midblock+sidewalk"}, "geometry": {"type": "Point", "coordinates": [328562.96, 4698172.98]}}, {"type": "Feature", "properties": {"node_id": 751, "node_type": "type_change", "degree": 2, "link_types": "midblock+sidewalk"}, "geometry": {"type": "Point", "coordinates": [328574.344, 4698188.272]}}, {"type": "Feature", "properties": {"node_id": 752, "node_type": "type_change", "degree": 2, "link_types": "midblock+sidewalk"}, "geometry": {"type": "Point", "coordinates": [328575.638, 4698190.033]}}, {"type": "Feature", "properties": {"node_id": 753, "node_type": "endpoint", "degree": 1, "link_types": "sidewalk"}, "geometry": {"type": "Point", "coordinates": [328596.76, 4698219.8]}}, {"type": "Feature", "properties": {"node_id": 754, "node_type": "endpoint", "degree": 1, "link_types": "sidewalk"}, "geometry": {"type": "Point", "coordinates": [329578.28, 4699484.92]}}, {"type": "Feature", "properties": {"node_id": 755, "node_type": "junction", "degree": 3, "link_types": "sidewalk"}, "geometry": {"type": "Point", "coordinates": [329578.36, 4699485.08]}}, {"type": "Feature", "properties": {"node_id": 756, "node_type": "endpoint", "degree": 1, "link_types": "sidewalk"}, "geometry": {"type": "Point", "coordinates": [329801.56, 4699164.44]}}, {"type": "Feature", "properties": {"node_id": 757, "node_type": "endpoint", "degree": 1, "link_types": "sidewalk"}, "geometry": {"type": "Point", "coordinates": [329772.28, 4699179.72]}}, {"type": "Feature", "properties": {"node_id": 758, "node_type": "junction", "degree": 3, "link_types": "sidewalk"}, "geometry": {"type": "Point", "coordinates": [329546.2, 4699191.88]}}, {"type": "Feature", "properties": {"node_id": 759, "node_type": "junction", "degree": 3, "link_types": "sidewalk"}, "geometry": {"type": "Point", "coordinates": [329546.28, 4699191.96]}}, {"type": "Feature", "properties": {"node_id": 760, "node_type": "endpoint", "degree": 1, "link_types": "sidewalk"}, "geometry": {"type": "Point", "coordinates": [329518.2, 4699195.4]}}, {"type": "Feature", "properties": {"node_id": 761, "node_type": "junction", "degree": 3, "link_types": "sidewalk"}, "geometry": {"type": "Point", "coordinates": [329546.28, 4699191.88]}}, {"type": "Feature", "properties": {"node_id": 762, "node_type": "junction", "degree": 3, "link_types": "sidewalk"}, "geometry": {"type": "Point", "coordinates": [329520.12, 4699125.16]}}, {"type": "Feature", "properties": {"node_id": 763, "node_type": "type_change", "degree": 2, "link_types": "midblock+sidewalk"}, "geometry": {"type": "Point", "coordinates": [329524.042, 4699122.914]}}, {"type": "Feature", "properties": {"node_id": 764, "node_type": "type_change", "degree": 2, "link_types": "midblock+sidewalk"}, "geometry": {"type": "Point", "coordinates": [329523.278, 4699122.064]}}, {"type": "Feature", "properties": {"node_id": 765, "node_type": "type_change", "degree": 2, "link_types": "pseudo+sidewalk"}, "geometry": {"type": "Point", "coordinates": [329519.24, 4699119.4]}}, {"type": "Feature", "properties": {"node_id": 766, "node_type": "type_change", "degree": 2, "link_types": "crosswalk+pseudo"}, "geometry": {"type": "Point", "coordinates": [329517.8, 4699119.64]}}, {"type": "Feature", "properties": {"node_id": 767, "node_type": "type_change", "degree": 2, "link_types": "crosswalk+pseudo"}, "geometry": {"type": "Point", "coordinates": [329520.6, 4699124.92]}}, {"type": "Feature", "properties": {"node_id": 768, "node_type": "type_change", "degree": 3, "link_types": "pseudo+sidewalk"}, "geometry": {"type": "Point", "coordinates": [329520.2, 4699125.08]}}, {"type": "Feature", "properties": {"node_id": 769, "node_type": "junction", "degree": 3, "link_types": "sidewalk"}, "geometry": {"type": "Point", "coordinates": [329520.12, 4699125.08]}}, {"type": "Feature", "properties": {"node_id": 770, "node_type": "endpoint", "degree": 1, "link_types": "sidewalk"}, "geometry": {"type": "Point", "coordinates": [329971.8, 4699262.28]}}, {"type": "Feature", "properties": {"node_id": 771, "node_type": "junction", "degree": 3, "link_types": "sidewalk"}, "geometry": {"type": "Point", "coordinates": [329430.92, 4699239.0]}}, {"type": "Feature", "properties": {"node_id": 772, "node_type": "endpoint", "degree": 1, "link_types": "sidewalk"}, "geometry": {"type": "Point", "coordinates": [329423.16, 4699239.88]}}, {"type": "Feature", "properties": {"node_id": 773, "node_type": "junction", "degree": 3, "link_types": "sidewalk"}, "geometry": {"type": "Point", "coordinates": [329431.0, 4699239.0]}}, {"type": "Feature", "properties": {"node_id": 774, "node_type": "type_change", "degree": 3, "link_types": "pseudo+sidewalk"}, "geometry": {"type": "Point", "coordinates": [329430.92, 4699238.92]}}, {"type": "Feature", "properties": {"node_id": 775, "node_type": "junction", "degree": 3, "link_types": "sidewalk"}, "geometry": {"type": "Point", "coordinates": [328790.04, 4699459.32]}}, {"type": "Feature", "properties": {"node_id": 776, "node_type": "type_change", "degree": 2, "link_types": "pseudo+sidewalk"}, "geometry": {"type": "Point", "coordinates": [328789.96, 4699459.4]}}, {"type": "Feature", "properties": {"node_id": 777, "node_type": "type_change", "degree": 2, "link_types": "crosswalk+pseudo"}, "geometry": {"type": "Point", "coordinates": [328788.68, 4699460.76]}}, {"type": "Feature", "properties": {"node_id": 778, "node_type": "type_change", "degree": 2, "link_types": "crosswalk+pseudo"}, "geometry": {"type": "Point", "coordinates": [328788.52, 4699470.92]}}, {"type": "Feature", "properties": {"node_id": 779, "node_type": "type_change", "degree": 3, "link_types": "pseudo+sidewalk"}, "geometry": {"type": "Point", "coordinates": [328788.84, 4699472.44]}}, {"type": "Feature", "properties": {"node_id": 780, "node_type": "type_change", "degree": 3, "link_types": "pseudo+sidewalk"}, "geometry": {"type": "Point", "coordinates": [328792.28, 4699460.04]}}, {"type": "Feature", "properties": {"node_id": 781, "node_type": "type_change", "degree": 3, "link_types": "pseudo+sidewalk"}, "geometry": {"type": "Point", "coordinates": [328789.48, 4699458.28]}}, {"type": "Feature", "properties": {"node_id": 782, "node_type": "endpoint", "degree": 1, "link_types": "midblock"}, "geometry": {"type": "Point", "coordinates": [329850.2, 4698913.8]}}, {"type": "Feature", "properties": {"node_id": 783, "node_type": "type_change", "degree": 2, "link_types": "midblock+sidewalk"}, "geometry": {"type": "Point", "coordinates": [329853.955, 4698916.395]}}, {"type": "Feature", "properties": {"node_id": 784, "node_type": "type_change", "degree": 2, "link_types": "midblock+sidewalk"}, "geometry": {"type": "Point", "coordinates": [329857.256, 4698917.358]}}, {"type": "Feature", "properties": {"node_id": 785, "node_type": "type_change", "degree": 2, "link_types": "midblock+sidewalk"}, "geometry": {"type": "Point", "coordinates": [329865.011, 4698919.617]}}, {"type": "Feature", "properties": {"node_id": 786, "node_type": "type_change", "degree": 3, "link_types": "pseudo+sidewalk"}, "geometry": {"type": "Point", "coordinates": [329886.68, 4698926.76]}}, {"type": "Feature", "properties": {"node_id": 787, "node_type": "junction", "degree": 3, "link_types": "sidewalk"}, "geometry": {"type": "Point", "coordinates": [328727.4, 4698545.56]}}, {"type": "Feature", "properties": {"node_id": 788, "node_type": "type_change", "degree": 2, "link_types": "pseudo+sidewalk"}, "geometry": {"type": "Point", "coordinates": [328727.32, 4698545.64]}}, {"type": "Feature", "properties": {"node_id": 789, "node_type": "type_change", "degree": 2, "link_types": "crosswalk+pseudo"}, "geometry": {"type": "Point", "coordinates": [328726.68, 4698546.68]}}, {"type": "Feature", "properties": {"node_id": 790, "node_type": "type_change", "degree": 2, "link_types": "crosswalk+pseudo"}, "geometry": {"type": "Point", "coordinates": [328725.08, 4698554.04]}}, {"type": "Feature", "properties": {"node_id": 791, "node_type": "type_change", "degree": 3, "link_types": "pseudo+sidewalk"}, "geometry": {"type": "Point", "coordinates": [328725.96, 4698554.92]}}, {"type": "Feature", "properties": {"node_id": 792, "node_type": "endpoint", "degree": 1, "link_types": "sidewalk"}, "geometry": {"type": "Point", "coordinates": [328727.96, 4698545.64]}}, {"type": "Feature", "properties": {"node_id": 793, "node_type": "type_change", "degree": 2, "link_types": "midblock+sidewalk"}, "geometry": {"type": "Point", "coordinates": [328729.221, 4698538.926]}}, {"type": "Feature", "properties": {"node_id": 794, "node_type": "type_change", "degree": 2, "link_types": "midblock+sidewalk"}, "geometry": {"type": "Point", "coordinates": [328729.623, 4698537.46]}}, {"type": "Feature", "properties": {"node_id": 795, "node_type": "type_change", "degree": 2, "link_types": "midblock+sidewalk"}, "geometry": {"type": "Point", "coordinates": [328735.256, 4698516.94]}}, {"type": "Feature", "properties": {"node_id": 796, "node_type": "type_change", "degree": 2, "link_types": "midblock+sidewalk"}, "geometry": {"type": "Point", "coordinates": [328735.827, 4698514.857]}}, {"type": "Feature", "properties": {"node_id": 797, "node_type": "type_change", "degree": 2, "link_types": "midblock+sidewalk"}, "geometry": {"type": "Point", "coordinates": [328739.686, 4698502.374]}}, {"type": "Feature", "properties": {"node_id": 798, "node_type": "endpoint", "degree": 1, "link_types": "midblock"}, "geometry": {"type": "Point", "coordinates": [328741.56, 4698498.44]}}, {"type": "Feature", "properties": {"node_id": 799, "node_type": "endpoint", "degree": 1, "link_types": "sidewalk"}, "geometry": {"type": "Point", "coordinates": [329561.64, 4699209.72]}}, {"type": "Feature", "properties": {"node_id": 800, "node_type": "junction", "degree": 3, "link_types": "sidewalk"}, "geometry": {"type": "Point", "coordinates": [329564.36, 4699209.16]}}, {"type": "Feature", "properties": {"node_id": 801, "node_type": "endpoint", "degree": 1, "link_types": "sidewalk"}, "geometry": {"type": "Point", "coordinates": [329659.96, 4699428.92]}}, {"type": "Feature", "properties": {"node_id": 802, "node_type": "junction", "degree": 3, "link_types": "sidewalk"}, "geometry": {"type": "Point", "coordinates": [329657.16, 4699427.88]}}, {"type": "Feature", "properties": {"node_id": 803, "node_type": "junction", "degree": 3, "link_types": "pseudo"}, "geometry": {"type": "Point", "coordinates": [328874.84, 4698691.56]}}, {"type": "Feature", "properties": {"node_id": 804, "node_type": "type_change", "degree": 2, "link_types": "crosswalk+pseudo"}, "geometry": {"type": "Point", "coordinates": [328874.84, 4698692.6]}}, {"type": "Feature", "properties": {"node_id": 805, "node_type": "type_change", "degree": 2, "link_types": "crosswalk+pseudo"}, "geometry": {"type": "Point", "coordinates": [328875.64, 4698700.28]}}, {"type": "Feature", "properties": {"node_id": 806, "node_type": "junction", "degree": 3, "link_types": "pseudo"}, "geometry": {"type": "Point", "coordinates": [328875.64, 4698701.32]}}, {"type": "Feature", "properties": {"node_id": 807, "node_type": "type_change", "degree": 2, "link_types": "pseudo+sidewalk"}, "geometry": {"type": "Point", "coordinates": [328874.76, 4698691.48]}}, {"type": "Feature", "properties": {"node_id": 808, "node_type": "type_change", "degree": 2, "link_types": "pseudo+sidewalk"}, "geometry": {"type": "Point", "coordinates": [328874.92, 4698691.48]}}, {"type": "Feature", "properties": {"node_id": 809, "node_type": "type_change", "degree": 2, "link_types": "pseudo+sidewalk"}, "geometry": {"type": "Point", "coordinates": [328978.68, 4698687.96]}}, {"type": "Feature", "properties": {"node_id": 810, "node_type": "type_change", "degree": 2, "link_types": "crosswalk+pseudo"}, "geometry": {"type": "Point", "coordinates": [328979.08, 4698688.04]}}, {"type": "Feature", "properties": {"node_id": 811, "node_type": "junction", "degree": 3, "link_types": "crosswalk"}, "geometry": {"type": "Point", "coordinates": [328981.0, 4698690.68]}}, {"type": "Feature", "properties": {"node_id": 812, "node_type": "junction", "degree": 3, "link_types": "sidewalk"}, "geometry": {"type": "Point", "coordinates": [329168.6, 4699025.32]}}, {"type": "Feature", "properties": {"node_id": 813, "node_type": "type_change", "degree": 2, "link_types": "midblock+sidewalk"}, "geometry": {"type": "Point", "coordinates": [329171.401, 4699047.938]}}, {"type": "Feature", "properties": {"node_id": 814, "node_type": "type_change", "degree": 2, "link_types": "midblock+sidewalk"}, "geometry": {"type": "Point", "coordinates": [329171.519, 4699049.452]}}, {"type": "Feature", "properties": {"node_id": 815, "node_type": "type_change", "degree": 2, "link_types": "midblock+sidewalk"}, "geometry": {"type": "Point", "coordinates": [329172.433, 4699061.165]}}, {"type": "Feature", "properties": {"node_id": 816, "node_type": "endpoint", "degree": 1, "link_types": "midblock"}, "geometry": {"type": "Point", "coordinates": [329172.52, 4699062.28]}}, {"type": "Feature", "properties": {"node_id": 817, "node_type": "junction", "degree": 3, "link_types": "sidewalk"}, "geometry": {"type": "Point", "coordinates": [329168.6, 4699025.24]}}, {"type": "Feature", "properties": {"node_id": 818, "node_type": "type_change", "degree": 3, "link_types": "pseudo+sidewalk"}, "geometry": {"type": "Point", "coordinates": [329168.68, 4699025.24]}}, {"type": "Feature", "properties": {"node_id": 819, "node_type": "junction", "degree": 3, "link_types": "pseudo"}, "geometry": {"type": "Point", "coordinates": [329990.76, 4698553.4]}}, {"type": "Feature", "properties": {"node_id": 820, "node_type": "type_change", "degree": 2, "link_types": "pseudo+sidewalk"}, "geometry": {"type": "Point", "coordinates": [329990.68, 4698553.48]}}, {"type": "Feature", "properties": {"node_id": 821, "node_type": "type_change", "degree": 2, "link_types": "midblock+sidewalk"}, "geometry": {"type": "Point", "coordinates": [329983.206, 4698567.083]}}, {"type": "Feature", "properties": {"node_id": 822, "node_type": "type_change", "degree": 2, "link_types": "midblock+sidewalk"}, "geometry": {"type": "Point", "coordinates": [329981.244, 4698571.19]}}, {"type": "Feature", "properties": {"node_id": 823, "node_type": "type_change", "degree": 2, "link_types": "midblock+sidewalk"}, "geometry": {"type": "Point", "coordinates": [329980.528, 4698572.526]}}, {"type": "Feature", "properties": {"node_id": 824, "node_type": "type_change", "degree": 2, "link_types": "midblock+sidewalk"}, "geometry": {"type": "Point", "coordinates": [329974.776, 4698582.838]}}, {"type": "Feature", "properties": {"node_id": 825, "node_type": "endpoint", "degree": 1, "link_types": "sidewalk"}, "geometry": {"type": "Point", "coordinates": [329966.2, 4698603.16]}}, {"type": "Feature", "properties": {"node_id": 826, "node_type": "type_change", "degree": 2, "link_types": "pseudo+sidewalk"}, "geometry": {"type": "Point", "coordinates": [329990.84, 4698553.48]}}, {"type": "Feature", "properties": {"node_id": 827, "node_type": "endpoint", "degree": 1, "link_types": "sidewalk"}, "geometry": {"type": "Point", "coordinates": [329999.56, 4698555.96]}}, {"type": "Feature", "properties": {"node_id": 828, "node_type": "type_change", "degree": 2, "link_types": "crosswalk+pseudo"}, "geometry": {"type": "Point", "coordinates": [329990.76, 4698552.68]}}, {"type": "Feature", "properties": {"node_id": 829, "node_type": "type_change", "degree": 2, "link_types": "crosswalk+pseudo"}, "geometry": {"type": "Point", "coordinates": [329996.36, 4698542.12]}}, {"type": "Feature", "properties": {"node_id": 830, "node_type": "junction", "degree": 3, "link_types": "sidewalk"}, "geometry": {"type": "Point", "coordinates": [328889.16, 4698355.4]}}, {"type": "Feature", "properties": {"node_id": 831, "node_type": "junction", "degree": 3, "link_types": "sidewalk"}, "geometry": {"type": "Point", "coordinates": [328889.08, 4698355.4]}}, {"type": "Feature", "properties": {"node_id": 832, "node_type": "endpoint", "degree": 1, "link_types": "sidewalk"}, "geometry": {"type": "Point", "coordinates": [328893.96, 4698355.24]}}, {"type": "Feature", "properties": {"node_id": 833, "node_type": "type_change", "degree": 3, "link_types": "pseudo+sidewalk"}, "geometry": {"type": "Point", "coordinates": [328889.08, 4698355.32]}}, {"type": "Feature", "properties": {"node_id": 834, "node_type": "endpoint", "degree": 1, "link_types": "sidewalk"}, "geometry": {"type": "Point", "coordinates": [329811.24, 4698681.32]}}, {"type": "Feature", "properties": {"node_id": 835, "node_type": "type_change", "degree": 2, "link_types": "midblock+sidewalk"}, "geometry": {"type": "Point", "coordinates": [329810.709, 4698706.998]}}, {"type": "Feature", "properties": {"node_id": 836, "node_type": "type_change", "degree": 2, "link_types": "midblock+sidewalk"}, "geometry": {"type": "Point", "coordinates": [329810.446, 4698710.249]}}, {"type": "Feature", "properties": {"node_id": 837, "node_type": "type_change", "degree": 2, "link_types": "midblock+sidewalk"}, "geometry": {"type": "Point", "coordinates": [329809.876, 4698714.826]}}, {"type": "Feature", "properties": {"node_id": 838, "node_type": "type_change", "degree": 2, "link_types": "midblock+sidewalk"}, "geometry": {"type": "Point", "coordinates": [329808.662, 4698722.433]}}, {"type": "Feature", "properties": {"node_id": 839, "node_type": "junction", "degree": 3, "link_types": "sidewalk"}, "geometry": {"type": "Point", "coordinates": [329804.12, 4698754.84]}}, {"type": "Feature", "properties": {"node_id": 840, "node_type": "endpoint", "degree": 1, "link_types": "sidewalk"}, "geometry": {"type": "Point", "coordinates": [329637.0, 4698560.52]}}, {"type": "Feature", "properties": {"node_id": 841, "node_type": "junction", "degree": 3, "link_types": "sidewalk"}, "geometry": {"type": "Point", "coordinates": [329635.48, 4698577.88]}}, {"type": "Feature", "properties": {"node_id": 842, "node_type": "endpoint", "degree": 1, "link_types": "midblock"}, "geometry": {"type": "Point", "coordinates": [329621.24, 4698283.48]}}, {"type": "Feature", "properties": {"node_id": 843, "node_type": "type_change", "degree": 2, "link_types": "midblock+sidewalk"}, "geometry": {"type": "Point", "coordinates": [329624.034, 4698284.085]}}, {"type": "Feature", "properties": {"node_id": 844, "node_type": "junction", "degree": 3, "link_types": "sidewalk"}, "geometry": {"type": "Point", "coordinates": [329629.0, 4698285.16]}}, {"type": "Feature", "properties": {"node_id": 845, "node_type": "endpoint", "degree": 1, "link_types": "sidewalk"}, "geometry": {"type": "Point", "coordinates": [329027.48, 4698247.96]}}, {"type": "Feature", "properties": {"node_id": 846, "node_type": "type_change", "degree": 3, "link_types": "crosswalk+pseudo+sidewalk"}, "geometry": {"type": "Point", "coordinates": [329054.04, 4698249.48]}}, {"type": "Feature", "properties": {"node_id": 847, "node_type": "type_change", "degree": 2, "link_types": "pseudo+sidewalk"}, "geometry": {"type": "Point", "coordinates": [328875.56, 4698701.4]}}, {"type": "Feature", "properties": {"node_id": 848, "node_type": "type_change", "degree": 3, "link_types": "pseudo+sidewalk"}, "geometry": {"type": "Point", "coordinates": [328868.92, 4698707.88]}}, {"type": "Feature", "properties": {"node_id": 849, "node_type": "type_change", "degree": 2, "link_types": "pseudo+sidewalk"}, "geometry": {"type": "Point", "coordinates": [328875.72, 4698701.4]}}, {"type": "Feature", "properties": {"node_id": 850, "node_type": "type_change", "degree": 2, "link_types": "midblock+sidewalk"}, "geometry": {"type": "Point", "coordinates": [328896.797, 4698700.811]}}, {"type": "Feature", "properties": {"node_id": 851, "node_type": "type_change", "degree": 2, "link_types": "midblock+sidewalk"}, "geometry": {"type": "Point", "coordinates": [328904.222, 4698700.603]}}, {"type": "Feature", "properties": {"node_id": 852, "node_type": "junction", "degree": 3, "link_types": "sidewalk"}, "geometry": {"type": "Point", "coordinates": [328926.92, 4698703.24]}}, {"type": "Feature", "properties": {"node_id": 853, "node_type": "endpoint", "degree": 1, "link_types": "sidewalk"}, "geometry": {"type": "Point", "coordinates": [328818.6, 4699243.16]}}, {"type": "Feature", "properties": {"node_id": 854, "node_type": "type_change", "degree": 2, "link_types": "pseudo+sidewalk"}, "geometry": {"type": "Point", "coordinates": [328818.52, 4699243.24]}}, {"type": "Feature", "properties": {"node_id": 855, "node_type": "type_change", "degree": 2, "link_types": "crosswalk+pseudo"}, "geometry": {"type": "Point", "coordinates": [328817.08, 4699243.8]}}, {"type": "Feature", "properties": {"node_id": 856, "node_type": "type_change", "degree": 3, "link_types": "crosswalk+sidewalk"}, "geometry": {"type": "Point", "coordinates": [328816.36, 4699230.04]}}, {"type": "Feature", "properties": {"node_id": 857, "node_type": "junction", "degree": 3, "link_types": "sidewalk"}, "geometry": {"type": "Point", "coordinates": [328999.0, 4699305.16]}}, {"type": "Feature", "properties": {"node_id": 858, "node_type": "junction", "degree": 3, "link_types": "sidewalk"}, "geometry": {"type": "Point", "coordinates": [328999.0, 4699305.24]}}, {"type": "Feature", "properties": {"node_id": 859, "node_type": "junction", "degree": 3, "link_types": "sidewalk"}, "geometry": {"type": "Point", "coordinates": [328999.08, 4699305.16]}}, {"type": "Feature", "properties": {"node_id": 860, "node_type": "endpoint", "degree": 1, "link_types": "sidewalk"}, "geometry": {"type": "Point", "coordinates": [328997.96, 4699297.56]}}, {"type": "Feature", "properties": {"node_id": 861, "node_type": "junction", "degree": 3, "link_types": "sidewalk"}, "geometry": {"type": "Point", "coordinates": [328836.92, 4698961.64]}}, {"type": "Feature", "properties": {"node_id": 862, "node_type": "endpoint", "degree": 1, "link_types": "sidewalk"}, "geometry": {"type": "Point", "coordinates": [328836.2, 4698972.12]}}, {"type": "Feature", "properties": {"node_id": 863, "node_type": "type_change", "degree": 3, "link_types": "pseudo+sidewalk"}, "geometry": {"type": "Point", "coordinates": [328836.84, 4698961.56]}}, {"type": "Feature", "properties": {"node_id": 864, "node_type": "junction", "degree": 3, "link_types": "sidewalk"}, "geometry": {"type": "Point", "coordinates": [328836.92, 4698961.56]}}, {"type": "Feature", "properties": {"node_id": 865, "node_type": "endpoint", "degree": 1, "link_types": "crosswalk"}, "geometry": {"type": "Point", "coordinates": [329788.68, 4699076.2]}}, {"type": "Feature", "properties": {"node_id": 866, "node_type": "type_change", "degree": 2, "link_types": "crosswalk+pseudo"}, "geometry": {"type": "Point", "coordinates": [329791.16, 4699084.76]}}, {"type": "Feature", "properties": {"node_id": 867, "node_type": "junction", "degree": 3, "link_types": "sidewalk"}, "geometry": {"type": "Point", "coordinates": [329636.36, 4698578.76]}}, {"type": "Feature", "properties": {"node_id": 868, "node_type": "type_change", "degree": 2, "link_types": "pseudo+sidewalk"}, "geometry": {"type": "Point", "coordinates": [329636.28, 4698578.84]}}, {"type": "Feature", "properties": {"node_id": 869, "node_type": "type_change", "degree": 2, "link_types": "crosswalk+pseudo"}, "geometry": {"type": "Point", "coordinates": [329635.8, 4698579.32]}}, {"type": "Feature", "properties": {"node_id": 870, "node_type": "type_change", "degree": 2, "link_types": "crosswalk+pseudo"}, "geometry": {"type": "Point", "coordinates": [329634.52, 4698583.48]}}, {"type": "Feature", "properties": {"node_id": 871, "node_type": "type_change", "degree": 2, "link_types": "pseudo+sidewalk"}, "geometry": {"type": "Point", "coordinates": [329633.64, 4698583.0]}}, {"type": "Feature", "properties": {"node_id": 872, "node_type": "endpoint", "degree": 1, "link_types": "sidewalk"}, "geometry": {"type": "Point", "coordinates": [329634.92, 4698599.32]}}, {"type": "Feature", "properties": {"node_id": 873, "node_type": "junction", "degree": 3, "link_types": "crosswalk"}, "geometry": {"type": "Point", "coordinates": [328919.48, 4699087.96]}}, {"type": "Feature", "properties": {"node_id": 874, "node_type": "type_change", "degree": 3, "link_types": "crosswalk+sidewalk"}, "geometry": {"type": "Point", "coordinates": [328918.92, 4699097.88]}}, {"type": "Feature", "properties": {"node_id": 875, "node_type": "type_change", "degree": 2, "link_types": "crosswalk+sidewalk"}, "geometry": {"type": "Point", "coordinates": [328919.4, 4699087.88]}}, {"type": "Feature", "properties": {"node_id": 876, "node_type": "endpoint", "degree": 1, "link_types": "sidewalk"}, "geometry": {"type": "Point", "coordinates": [328893.48, 4699081.72]}}, {"type": "Feature", "properties": {"node_id": 877, "node_type": "type_change", "degree": 2, "link_types": "crosswalk+sidewalk"}, "geometry": {"type": "Point", "coordinates": [328919.56, 4699087.88]}}, {"type": "Feature", "properties": {"node_id": 878, "node_type": "endpoint", "degree": 1, "link_types": "sidewalk"}, "geometry": {"type": "Point", "coordinates": [328923.56, 4699070.52]}}, {"type": "Feature", "properties": {"node_id": 879, "node_type": "junction", "degree": 3, "link_types": "crosswalk"}, "geometry": {"type": "Point", "coordinates": [329638.68, 4698131.64]}}, {"type": "Feature", "properties": {"node_id": 880, "node_type": "type_change", "degree": 2, "link_types": "crosswalk+pseudo"}, "geometry": {"type": "Point", "coordinates": [329638.68, 4698131.72]}}, {"type": "Feature", "properties": {"node_id": 881, "node_type": "type_change", "degree": 3, "link_types": "pseudo+sidewalk"}, "geometry": {"type": "Point", "coordinates": [329638.52, 4698132.12]}}, {"type": "Feature", "properties": {"node_id": 882, "node_type": "type_change", "degree": 2, "link_types": "crosswalk+pseudo"}, "geometry": {"type": "Point", "coordinates": [329637.16, 4698131.48]}}, {"type": "Feature", "properties": {"node_id": 883, "node_type": "type_change", "degree": 3, "link_types": "pseudo+sidewalk"}, "geometry": {"type": "Point", "coordinates": [329637.0, 4698131.8]}}, {"type": "Feature", "properties": {"node_id": 884, "node_type": "type_change", "degree": 3, "link_types": "crosswalk+pseudo"}, "geometry": {"type": "Point", "coordinates": [329638.76, 4698131.56]}}, {"type": "Feature", "properties": {"node_id": 885, "node_type": "endpoint", "degree": 1, "link_types": "sidewalk"}, "geometry": {"type": "Point", "coordinates": [329622.04, 4698939.08]}}, {"type": "Feature", "properties": {"node_id": 886, "node_type": "junction", "degree": 3, "link_types": "sidewalk"}, "geometry": {"type": "Point", "coordinates": [329621.4, 4698932.2]}}, {"type": "Feature", "properties": {"node_id": 887, "node_type": "endpoint", "degree": 1, "link_types": "sidewalk"}, "geometry": {"type": "Point", "coordinates": [328524.36, 4698545.48]}}, {"type": "Feature", "properties": {"node_id": 888, "node_type": "endpoint", "degree": 1, "link_types": "sidewalk"}, "geometry": {"type": "Point", "coordinates": [328544.12, 4698555.48]}}, {"type": "Feature", "properties": {"node_id": 889, "node_type": "junction", "degree": 3, "link_types": "pseudo"}, "geometry": {"type": "Point", "coordinates": [328622.12, 4698258.6]}}, {"type": "Feature", "properties": {"node_id": 890, "node_type": "type_change", "degree": 2, "link_types": "pseudo+sidewalk"}, "geometry": {"type": "Point", "coordinates": [328622.04, 4698258.68]}}, {"type": "Feature", "properties": {"node_id": 891, "node_type": "junction", "degree": 3, "link_types": "sidewalk"}, "geometry": {"type": "Point", "coordinates": [328621.32, 4698258.68]}}, {"type": "Feature", "properties": {"node_id": 892, "node_type": "type_change", "degree": 2, "link_types": "pseudo+sidewalk"}, "geometry": {"type": "Point", "coordinates": [328622.2, 4698258.68]}}, {"type": "Feature", "properties": {"node_id": 893, "node_type": "type_change", "degree": 2, "link_types": "midblock+sidewalk"}, "geometry": {"type": "Point", "coordinates": [328648.605, 4698257.736]}}, {"type": "Feature", "properties": {"node_id": 894, "node_type": "type_change", "degree": 2, "link_types": "midblock+sidewalk"}, "geometry": {"type": "Point", "coordinates": [328650.041, 4698257.685]}}, {"type": "Feature", "properties": {"node_id": 895, "node_type": "type_change", "degree": 2, "link_types": "midblock+sidewalk"}, "geometry": {"type": "Point", "coordinates": [328660.386, 4698257.61]}}, {"type": "Feature", "properties": {"node_id": 896, "node_type": "type_change", "degree": 2, "link_types": "midblock+sidewalk"}, "geometry": {"type": "Point", "coordinates": [328664.68, 4698257.238]}}, {"type": "Feature", "properties": {"node_id": 897, "node_type": "type_change", "degree": 2, "link_types": "midblock+sidewalk"}, "geometry": {"type": "Point", "coordinates": [328693.918, 4698256.706]}}, {"type": "Feature", "properties": {"node_id": 898, "node_type": "type_change", "degree": 2, "link_types": "midblock+sidewalk"}, "geometry": {"type": "Point", "coordinates": [328697.01, 4698256.438]}}, {"type": "Feature", "properties": {"node_id": 899, "node_type": "type_change", "degree": 2, "link_types": "midblock+sidewalk"}, "geometry": {"type": "Point", "coordinates": [328709.239, 4698256.057]}}, {"type": "Feature", "properties": {"node_id": 900, "node_type": "type_change", "degree": 2, "link_types": "midblock+sidewalk"}, "geometry": {"type": "Point", "coordinates": [328711.076, 4698256.005]}}, {"type": "Feature", "properties": {"node_id": 901, "node_type": "type_change", "degree": 2, "link_types": "midblock+sidewalk"}, "geometry": {"type": "Point", "coordinates": [328742.62, 4698255.106]}}, {"type": "Feature", "properties": {"node_id": 902, "node_type": "type_change", "degree": 2, "link_types": "midblock+sidewalk"}, "geometry": {"type": "Point", "coordinates": [328746.534, 4698254.995]}}, {"type": "Feature", "properties": {"node_id": 903, "node_type": "junction", "degree": 3, "link_types": "sidewalk"}, "geometry": {"type": "Point", "coordinates": [328758.52, 4698255.48]}}, {"type": "Feature", "properties": {"node_id": 904, "node_type": "type_change", "degree": 2, "link_types": "crosswalk+pseudo"}, "geometry": {"type": "Point", "coordinates": [328622.12, 4698257.08]}}, {"type": "Feature", "properties": {"node_id": 905, "node_type": "type_change", "degree": 2, "link_types": "crosswalk+pseudo"}, "geometry": {"type": "Point", "coordinates": [328621.08, 4698245.16]}}, {"type": "Feature", "properties": {"node_id": 906, "node_type": "junction", "degree": 3, "link_types": "pseudo"}, "geometry": {"type": "Point", "coordinates": [328621.4, 4698243.96]}}, {"type": "Feature", "properties": {"node_id": 907, "node_type": "junction", "degree": 3, "link_types": "sidewalk"}, "geometry": {"type": "Point", "coordinates": [329629.08, 4698285.16]}}, {"type": "Feature", "properties": {"node_id": 908, "node_type": "endpoint", "degree": 1, "link_types": "sidewalk"}, "geometry": {"type": "Point", "coordinates": [329631.56, 4698299.64]}}, {"type": "Feature", "properties": {"node_id": 909, "node_type": "type_change", "degree": 3, "link_types": "pseudo+sidewalk"}, "geometry": {"type": "Point", "coordinates": [329629.08, 4698285.08]}}, {"type": "Feature", "properties": {"node_id": 910, "node_type": "junction", "degree": 3, "link_types": "sidewalk"}, "geometry": {"type": "Point", "coordinates": [329066.92, 4699279.56]}}, {"type": "Feature", "properties": {"node_id": 911, "node_type": "type_change", "degree": 2, "link_types": "midblock+sidewalk"}, "geometry": {"type": "Point", "coordinates": [329038.027, 4699276.454]}}, {"type": "Feature", "properties": {"node_id": 912, "node_type": "type_change", "degree": 2, "link_types": "midblock+sidewalk"}, "geometry": {"type": "Point", "coordinates": [329036.117, 4699276.32]}}, {"type": "Feature", "properties": {"node_id": 913, "node_type": "junction", "degree": 3, "link_types": "sidewalk"}, "geometry": {"type": "Point", "coordinates": [329025.4, 4699274.6]}}, {"type": "Feature", "properties": {"node_id": 914, "node_type": "type_change", "degree": 3, "link_types": "pseudo+sidewalk"}, "geometry": {"type": "Point", "coordinates": [329067.0, 4699279.48]}}, {"type": "Feature", "properties": {"node_id": 915, "node_type": "junction", "degree": 3, "link_types": "sidewalk"}, "geometry": {"type": "Point", "coordinates": [329638.44, 4698132.2]}}, {"type": "Feature", "properties": {"node_id": 916, "node_type": "junction", "degree": 3, "link_types": "sidewalk"}, "geometry": {"type": "Point", "coordinates": [329637.0, 4698131.88]}}, {"type": "Feature", "properties": {"node_id": 917, "node_type": "endpoint", "degree": 1, "link_types": "sidewalk"}, "geometry": {"type": "Point", "coordinates": [329417.0, 4699204.6]}}, {"type": "Feature", "properties": {"node_id": 918, "node_type": "type_change", "degree": 2, "link_types": "midblock+sidewalk"}, "geometry": {"type": "Point", "coordinates": [329412.25, 4699200.229]}}, {"type": "Feature", "properties": {"node_id": 919, "node_type": "type_change", "degree": 2, "link_types": "midblock+sidewalk"}, "geometry": {"type": "Point", "coordinates": [329409.14, 4699200.378]}}, {"type": "Feature", "properties": {"node_id": 920, "node_type": "junction", "degree": 3, "link_types": "sidewalk"}, "geometry": {"type": "Point", "coordinates": [329400.04, 4699199.4]}}, {"type": "Feature", "properties": {"node_id": 921, "node_type": "endpoint", "degree": 1, "link_types": "crosswalk"}, "geometry": {"type": "Point", "coordinates": [328794.68, 4698351.24]}}, {"type": "Feature", "properties": {"node_id": 922, "node_type": "endpoint", "degree": 1, "link_types": "crosswalk"}, "geometry": {"type": "Point", "coordinates": [328792.44, 4698351.56]}}, {"type": "Feature", "properties": {"node_id": 923, "node_type": "junction", "degree": 3, "link_types": "pseudo"}, "geometry": {"type": "Point", "coordinates": [329784.68, 4698081.16]}}, {"type": "Feature", "properties": {"node_id": 924, "node_type": "type_change", "degree": 3, "link_types": "pseudo+sidewalk"}, "geometry": {"type": "Point", "coordinates": [329784.6, 4698081.24]}}, {"type": "Feature", "properties": {"node_id": 925, "node_type": "type_change", "degree": 3, "link_types": "pseudo+sidewalk"}, "geometry": {"type": "Point", "coordinates": [329784.6, 4698081.16]}}, {"type": "Feature", "properties": {"node_id": 926, "node_type": "type_change", "degree": 2, "link_types": "crosswalk+pseudo"}, "geometry": {"type": "Point", "coordinates": [329786.04, 4698080.76]}}, {"type": "Feature", "properties": {"node_id": 927, "node_type": "type_change", "degree": 2, "link_types": "crosswalk+pseudo"}, "geometry": {"type": "Point", "coordinates": [329786.44, 4698087.8]}}, {"type": "Feature", "properties": {"node_id": 928, "node_type": "type_change", "degree": 3, "link_types": "pseudo+sidewalk"}, "geometry": {"type": "Point", "coordinates": [329784.6, 4698087.0]}}, {"type": "Feature", "properties": {"node_id": 929, "node_type": "endpoint", "degree": 1, "link_types": "crosswalk"}, "geometry": {"type": "Point", "coordinates": [328870.6, 4698239.08]}}, {"type": "Feature", "properties": {"node_id": 930, "node_type": "type_change", "degree": 3, "link_types": "crosswalk+pseudo"}, "geometry": {"type": "Point", "coordinates": [328876.68, 4698235.0]}}, {"type": "Feature", "properties": {"node_id": 931, "node_type": "junction", "degree": 3, "link_types": "pseudo"}, "geometry": {"type": "Point", "coordinates": [328830.2, 4698890.28]}}, {"type": "Feature", "properties": {"node_id": 932, "node_type": "type_change", "degree": 3, "link_types": "pseudo+sidewalk"}, "geometry": {"type": "Point", "coordinates": [328830.12, 4698890.36]}}, {"type": "Feature", "properties": {"node_id": 933, "node_type": "type_change", "degree": 3, "link_types": "pseudo+sidewalk"}, "geometry": {"type": "Point", "coordinates": [328830.12, 4698890.28]}}, {"type": "Feature", "properties": {"node_id": 934, "node_type": "type_change", "degree": 2, "link_types": "crosswalk+pseudo"}, "geometry": {"type": "Point", "coordinates": [328831.32, 4698889.96]}}, {"type": "Feature", "properties": {"node_id": 935, "node_type": "type_change", "degree": 2, "link_types": "crosswalk+pseudo"}, "geometry": {"type": "Point", "coordinates": [328848.36, 4698885.32]}}, {"type": "Feature", "properties": {"node_id": 936, "node_type": "endpoint", "degree": 1, "link_types": "pseudo"}, "geometry": {"type": "Point", "coordinates": [328848.6, 4698884.36]}}, {"type": "Feature", "properties": {"node_id": 937, "node_type": "junction", "degree": 3, "link_types": "sidewalk"}, "geometry": {"type": "Point", "coordinates": [329183.4, 4699176.6]}}, {"type": "Feature", "properties": {"node_id": 938, "node_type": "type_change", "degree": 3, "link_types": "pseudo+sidewalk"}, "geometry": {"type": "Point", "coordinates": [329183.4, 4699176.68]}}, {"type": "Feature", "properties": {"node_id": 939, "node_type": "type_change", "degree": 3, "link_types": "pseudo+sidewalk"}, "geometry": {"type": "Point", "coordinates": [329183.32, 4699176.6]}}, {"type": "Feature", "properties": {"node_id": 940, "node_type": "junction", "degree": 3, "link_types": "sidewalk"}, "geometry": {"type": "Point", "coordinates": [329183.8, 4699176.04]}}, {"type": "Feature", "properties": {"node_id": 941, "node_type": "endpoint", "degree": 1, "link_types": "sidewalk"}, "geometry": {"type": "Point", "coordinates": [329666.2, 4699382.12]}}, {"type": "Feature", "properties": {"node_id": 942, "node_type": "type_change", "degree": 3, "link_types": "pseudo+sidewalk"}, "geometry": {"type": "Point", "coordinates": [329658.36, 4699376.68]}}, {"type": "Feature", "properties": {"node_id": 943, "node_type": "junction", "degree": 3, "link_types": "sidewalk"}, "geometry": {"type": "Point", "coordinates": [328658.92, 4698932.44]}}, {"type": "Feature", "properties": {"node_id": 944, "node_type": "type_change", "degree": 3, "link_types": "pseudo+sidewalk"}, "geometry": {"type": "Point", "coordinates": [328658.84, 4698932.52]}}, {"type": "Feature", "properties": {"node_id": 945, "node_type": "type_change", "degree": 3, "link_types": "pseudo+sidewalk"}, "geometry": {"type": "Point", "coordinates": [328658.92, 4698932.52]}}, {"type": "Feature", "properties": {"node_id": 946, "node_type": "type_change", "degree": 2, "link_types": "midblock+sidewalk"}, "geometry": {"type": "Point", "coordinates": [328676.226, 4698908.783]}}, {"type": "Feature", "properties": {"node_id": 947, "node_type": "type_change", "degree": 2, "link_types": "midblock+sidewalk"}, "geometry": {"type": "Point", "coordinates": [328679.772, 4698904.154]}}, {"type": "Feature", "properties": {"node_id": 948, "node_type": "junction", "degree": 3, "link_types": "sidewalk"}, "geometry": {"type": "Point", "coordinates": [328687.64, 4698893.88]}}, {"type": "Feature", "properties": {"node_id": 949, "node_type": "junction", "degree": 3, "link_types": "sidewalk"}, "geometry": {"type": "Point", "coordinates": [328933.4, 4699080.28]}}, {"type": "Feature", "properties": {"node_id": 950, "node_type": "junction", "degree": 3, "link_types": "sidewalk"}, "geometry": {"type": "Point", "coordinates": [328933.32, 4699080.28]}}, {"type": "Feature", "properties": {"node_id": 951, "node_type": "type_change", "degree": 2, "link_types": "midblock+sidewalk"}, "geometry": {"type": "Point", "coordinates": [328950.836, 4699079.534]}}, {"type": "Feature", "properties": {"node_id": 952, "node_type": "type_change", "degree": 2, "link_types": "midblock+sidewalk"}, "geometry": {"type": "Point", "coordinates": [328955.391, 4699079.367]}}, {"type": "Feature", "properties": {"node_id": 953, "node_type": "type_change", "degree": 2, "link_types": "midblock+sidewalk"}, "geometry": {"type": "Point", "coordinates": [328964.422, 4699079.036]}}, {"type": "Feature", "properties": {"node_id": 954, "node_type": "type_change", "degree": 2, "link_types": "midblock+sidewalk"}, "geometry": {"type": "Point", "coordinates": [328967.299, 4699078.93]}}, {"type": "Feature", "properties": {"node_id": 955, "node_type": "type_change", "degree": 2, "link_types": "midblock+sidewalk"}, "geometry": {"type": "Point", "coordinates": [328991.594, 4699078.038]}}, {"type": "Feature", "properties": {"node_id": 956, "node_type": "type_change", "degree": 2, "link_types": "midblock+sidewalk"}, "geometry": {"type": "Point", "coordinates": [328994.95, 4699077.915]}}, {"type": "Feature", "properties": {"node_id": 957, "node_type": "type_change", "degree": 2, "link_types": "midblock+sidewalk"}, "geometry": {"type": "Point", "coordinates": [329003.261, 4699077.61]}}, {"type": "Feature", "properties": {"node_id": 958, "node_type": "type_change", "degree": 2, "link_types": "midblock+sidewalk"}, "geometry": {"type": "Point", "coordinates": [329010.933, 4699077.329]}}, {"type": "Feature", "properties": {"node_id": 959, "node_type": "type_change", "degree": 2, "link_types": "pseudo+sidewalk"}, "geometry": {"type": "Point", "coordinates": [329034.36, 4699078.2]}}, {"type": "Feature", "properties": {"node_id": 960, "node_type": "type_change", "degree": 2, "link_types": "crosswalk+pseudo"}, "geometry": {"type": "Point", "coordinates": [329035.16, 4699078.04]}}, {"type": "Feature", "properties": {"node_id": 961, "node_type": "endpoint", "degree": 1, "link_types": "crosswalk"}, "geometry": {"type": "Point", "coordinates": [329038.52, 4699074.68]}}, {"type": "Feature", "properties": {"node_id": 962, "node_type": "type_change", "degree": 3, "link_types": "pseudo+sidewalk"}, "geometry": {"type": "Point", "coordinates": [328933.32, 4699080.2]}}, {"type": "Feature", "properties": {"node_id": 963, "node_type": "junction", "degree": 3, "link_types": "pseudo"}, "geometry": {"type": "Point", "coordinates": [329710.6, 4698900.04]}}, {"type": "Feature", "properties": {"node_id": 964, "node_type": "type_change", "degree": 3, "link_types": "pseudo+sidewalk"}, "geometry": {"type": "Point", "coordinates": [329710.68, 4698900.12]}}, {"type": "Feature", "properties": {"node_id": 965, "node_type": "type_change", "degree": 2, "link_types": "crosswalk+pseudo"}, "geometry": {"type": "Point", "coordinates": [329710.04, 4698898.36]}}, {"type": "Feature", "properties": {"node_id": 966, "node_type": "type_change", "degree": 2, "link_types": "crosswalk+pseudo"}, "geometry": {"type": "Point", "coordinates": [329704.44, 4698901.32]}}, {"type": "Feature", "properties": {"node_id": 967, "node_type": "endpoint", "degree": 1, "link_types": "pseudo"}, "geometry": {"type": "Point", "coordinates": [329704.52, 4698900.04]}}, {"type": "Feature", "properties": {"node_id": 968, "node_type": "endpoint", "degree": 1, "link_types": "sidewalk"}, "geometry": {"type": "Point", "coordinates": [329286.76, 4698757.88]}}, {"type": "Feature", "properties": {"node_id": 969, "node_type": "junction", "degree": 3, "link_types": "sidewalk"}, "geometry": {"type": "Point", "coordinates": [329291.64, 4698773.4]}}, {"type": "Feature", "properties": {"node_id": 970, "node_type": "junction", "degree": 3, "link_types": "sidewalk"}, "geometry": {"type": "Point", "coordinates": [329758.68, 4699087.4]}}, {"type": "Feature", "properties": {"node_id": 971, "node_type": "junction", "degree": 3, "link_types": "sidewalk"}, "geometry": {"type": "Point", "coordinates": [329758.68, 4699087.48]}}, {"type": "Feature", "properties": {"node_id": 972, "node_type": "endpoint", "degree": 1, "link_types": "sidewalk"}, "geometry": {"type": "Point", "coordinates": [329758.6, 4699087.16]}}, {"type": "Feature", "properties": {"node_id": 973, "node_type": "junction", "degree": 3, "link_types": "pseudo"}, "geometry": {"type": "Point", "coordinates": [329983.56, 4699244.52]}}, {"type": "Feature", "properties": {"node_id": 974, "node_type": "type_change", "degree": 2, "link_types": "crosswalk+pseudo"}, "geometry": {"type": "Point", "coordinates": [329982.28, 4699245.16]}}, {"type": "Feature", "properties": {"node_id": 975, "node_type": "type_change", "degree": 2, "link_types": "crosswalk+pseudo"}, "geometry": {"type": "Point", "coordinates": [329970.68, 4699260.28]}}, {"type": "Feature", "properties": {"node_id": 976, "node_type": "type_change", "degree": 3, "link_types": "pseudo+sidewalk"}, "geometry": {"type": "Point", "coordinates": [329983.64, 4699244.52]}}, {"type": "Feature", "properties": {"node_id": 977, "node_type": "type_change", "degree": 3, "link_types": "pseudo+sidewalk"}, "geometry": {"type": "Point", "coordinates": [329983.64, 4699244.44]}}, {"type": "Feature", "properties": {"node_id": 978, "node_type": "junction", "degree": 3, "link_types": "sidewalk"}, "geometry": {"type": "Point", "coordinates": [329303.64, 4699173.08]}}, {"type": "Feature", "properties": {"node_id": 979, "node_type": "endpoint", "degree": 1, "link_types": "sidewalk"}, "geometry": {"type": "Point", "coordinates": [329301.24, 4699172.36]}}, {"type": "Feature", "properties": {"node_id": 980, "node_type": "type_change", "degree": 3, "link_types": "pseudo+sidewalk"}, "geometry": {"type": "Point", "coordinates": [329303.72, 4699173.08]}}, {"type": "Feature", "properties": {"node_id": 981, "node_type": "type_change", "degree": 3, "link_types": "pseudo+sidewalk"}, "geometry": {"type": "Point", "coordinates": [329303.72, 4699173.0]}}, {"type": "Feature", "properties": {"node_id": 982, "node_type": "endpoint", "degree": 1, "link_types": "sidewalk"}, "geometry": {"type": "Point", "coordinates": [328746.12, 4698880.2]}}, {"type": "Feature", "properties": {"node_id": 983, "node_type": "type_change", "degree": 2, "link_types": "midblock+sidewalk"}, "geometry": {"type": "Point", "coordinates": [328753.718, 4698879.098]}}, {"type": "Feature", "properties": {"node_id": 984, "node_type": "type_change", "degree": 2, "link_types": "midblock+sidewalk"}, "geometry": {"type": "Point", "coordinates": [328758.262, 4698878.998]}}, {"type": "Feature", "properties": {"node_id": 985, "node_type": "type_change", "degree": 3, "link_types": "pseudo+sidewalk"}, "geometry": {"type": "Point", "coordinates": [328776.28, 4698878.6]}}, {"type": "Feature", "properties": {"node_id": 986, "node_type": "endpoint", "degree": 1, "link_types": "midblock"}, "geometry": {"type": "Point", "coordinates": [329150.76, 4698683.16]}}, {"type": "Feature", "properties": {"node_id": 987, "node_type": "type_change", "degree": 2, "link_types": "midblock+sidewalk"}, "geometry": {"type": "Point", "coordinates": [329148.538, 4698683.663]}}, {"type": "Feature", "properties": {"node_id": 988, "node_type": "type_change", "degree": 3, "link_types": "pseudo+sidewalk"}, "geometry": {"type": "Point", "coordinates": [329138.76, 4698684.12]}}, {"type": "Feature", "properties": {"node_id": 989, "node_type": "endpoint", "degree": 1, "link_types": "sidewalk"}, "geometry": {"type": "Point", "coordinates": [329954.52, 4699330.28]}}, {"type": "Feature", "properties": {"node_id": 990, "node_type": "endpoint", "degree": 1, "link_types": "sidewalk"}, "geometry": {"type": "Point", "coordinates": [329956.52, 4699278.36]}}, {"type": "Feature", "properties": {"node_id": 991, "node_type": "endpoint", "degree": 1, "link_types": "sidewalk"}, "geometry": {"type": "Point", "coordinates": [328842.28, 4698890.6]}}, {"type": "Feature", "properties": {"node_id": 992, "node_type": "junction", "degree": 3, "link_types": "sidewalk"}, "geometry": {"type": "Point", "coordinates": [328845.24, 4698891.72]}}, {"type": "Feature", "properties": {"node_id": 993, "node_type": "junction", "degree": 3, "link_types": "sidewalk"}, "geometry": {"type": "Point", "coordinates": [328995.8, 4699355.96]}}, {"type": "Feature", "properties": {"node_id": 994, "node_type": "type_change", "degree": 3, "link_types": "pseudo+sidewalk"}, "geometry": {"type": "Point", "coordinates": [328995.72, 4699355.96]}}, {"type": "Feature", "properties": {"node_id": 995, "node_type": "junction", "degree": 3, "link_types": "sidewalk"}, "geometry": {"type": "Point", "coordinates": [329008.52, 4699352.28]}}, {"type": "Feature", "properties": {"node_id": 996, "node_type": "type_change", "degree": 3, "link_types": "pseudo+sidewalk"}, "geometry": {"type": "Point", "coordinates": [328995.72, 4699355.88]}}, {"type": "Feature", "properties": {"node_id": 997, "node_type": "endpoint", "degree": 1, "link_types": "sidewalk"}, "geometry": {"type": "Point", "coordinates": [329917.16, 4698907.88]}}, {"type": "Feature", "properties": {"node_id": 998, "node_type": "type_change", "degree": 2, "link_types": "midblock+sidewalk"}, "geometry": {"type": "Point", "coordinates": [329920.602, 4698897.703]}}, {"type": "Feature", "properties": {"node_id": 999, "node_type": "type_change", "degree": 2, "link_types": "midblock+sidewalk"}, "geometry": {"type": "Point", "coordinates": [329927.234, 4698883.616]}}, {"type": "Feature", "properties": {"node_id": 1000, "node_type": "type_change", "degree": 3, "link_types": "pseudo+sidewalk"}, "geometry": {"type": "Point", "coordinates": [329939.0, 4698865.72]}}, {"type": "Feature", "properties": {"node_id": 1001, "node_type": "junction", "degree": 3, "link_types": "sidewalk"}, "geometry": {"type": "Point", "coordinates": [329539.64, 4698886.6]}}, {"type": "Feature", "properties": {"node_id": 1002, "node_type": "junction", "degree": 3, "link_types": "sidewalk"}, "geometry": {"type": "Point", "coordinates": [329620.52, 4698892.52]}}, {"type": "Feature", "properties": {"node_id": 1003, "node_type": "type_change", "degree": 3, "link_types": "pseudo+sidewalk"}, "geometry": {"type": "Point", "coordinates": [329539.56, 4698886.52]}}, {"type": "Feature", "properties": {"node_id": 1004, "node_type": "endpoint", "degree": 1, "link_types": "sidewalk"}, "geometry": {"type": "Point", "coordinates": [329820.04, 4698614.2]}}, {"type": "Feature", "properties": {"node_id": 1005, "node_type": "type_change", "degree": 2, "link_types": "midblock+sidewalk"}, "geometry": {"type": "Point", "coordinates": [329820.838, 4698616.772]}}, {"type": "Feature", "properties": {"node_id": 1006, "node_type": "type_change", "degree": 3, "link_types": "midblock+sidewalk"}, "geometry": {"type": "Point", "coordinates": [329822.2, 4698621.16]}}, {"type": "Feature", "properties": {"node_id": 1007, "node_type": "junction", "degree": 3, "link_types": "sidewalk"}, "geometry": {"type": "Point", "coordinates": [328925.56, 4698804.92]}}, {"type": "Feature", "properties": {"node_id": 1008, "node_type": "junction", "degree": 3, "link_types": "sidewalk"}, "geometry": {"type": "Point", "coordinates": [328925.56, 4698805.0]}}, {"type": "Feature", "properties": {"node_id": 1009, "node_type": "type_change", "degree": 3, "link_types": "pseudo+sidewalk"}, "geometry": {"type": "Point", "coordinates": [328925.64, 4698804.92]}}, {"type": "Feature", "properties": {"node_id": 1010, "node_type": "type_change", "degree": 2, "link_types": "midblock+sidewalk"}, "geometry": {"type": "Point", "coordinates": [328891.418, 4698803.888]}}, {"type": "Feature", "properties": {"node_id": 1011, "node_type": "type_change", "degree": 2, "link_types": "midblock+sidewalk"}, "geometry": {"type": "Point", "coordinates": [328887.434, 4698804.001]}}, {"type": "Feature", "properties": {"node_id": 1012, "node_type": "type_change", "degree": 2, "link_types": "midblock+sidewalk"}, "geometry": {"type": "Point", "coordinates": [328879.227, 4698804.232]}}, {"type": "Feature", "properties": {"node_id": 1013, "node_type": "endpoint", "degree": 1, "link_types": "midblock"}, "geometry": {"type": "Point", "coordinates": [328872.76, 4698805.08]}}, {"type": "Feature", "properties": {"node_id": 1014, "node_type": "endpoint", "degree": 1, "link_types": "sidewalk"}, "geometry": {"type": "Point", "coordinates": [329731.08, 4698289.96]}}, {"type": "Feature", "properties": {"node_id": 1015, "node_type": "type_change", "degree": 3, "link_types": "pseudo+sidewalk"}, "geometry": {"type": "Point", "coordinates": [329731.24, 4698290.6]}}, {"type": "Feature", "properties": {"node_id": 1016, "node_type": "junction", "degree": 3, "link_types": "sidewalk"}, "geometry": {"type": "Point", "coordinates": [329194.12, 4699175.08]}}, {"type": "Feature", "properties": {"node_id": 1017, "node_type": "type_change", "degree": 3, "link_types": "pseudo+sidewalk"}, "geometry": {"type": "Point", "coordinates": [329195.72, 4699190.84]}}, {"type": "Feature", "properties": {"node_id": 1018, "node_type": "type_change", "degree": 3, "link_types": "pseudo+sidewalk"}, "geometry": {"type": "Point", "coordinates": [329194.04, 4699175.08]}}, {"type": "Feature", "properties": {"node_id": 1019, "node_type": "junction", "degree": 3, "link_types": "sidewalk"}, "geometry": {"type": "Point", "coordinates": [329194.12, 4699175.0]}}, {"type": "Feature", "properties": {"node_id": 1020, "node_type": "endpoint", "degree": 1, "link_types": "sidewalk"}, "geometry": {"type": "Point", "coordinates": [329967.48, 4699225.56]}}, {"type": "Feature", "properties": {"node_id": 1021, "node_type": "junction", "degree": 3, "link_types": "sidewalk"}, "geometry": {"type": "Point", "coordinates": [328875.4, 4698460.6]}}, {"type": "Feature", "properties": {"node_id": 1022, "node_type": "type_change", "degree": 3, "link_types": "pseudo+sidewalk"}, "geometry": {"type": "Point", "coordinates": [328875.8, 4698461.08]}}, {"type": "Feature", "properties": {"node_id": 1023, "node_type": "junction", "degree": 3, "link_types": "sidewalk"}, "geometry": {"type": "Point", "coordinates": [328875.32, 4698460.6]}}, {"type": "Feature", "properties": {"node_id": 1024, "node_type": "type_change", "degree": 3, "link_types": "pseudo+sidewalk"}, "geometry": {"type": "Point", "coordinates": [328875.4, 4698460.52]}}, {"type": "Feature", "properties": {"node_id": 1025, "node_type": "junction", "degree": 3, "link_types": "crosswalk"}, "geometry": {"type": "Point", "coordinates": [328758.68, 4698359.0]}}, {"type": "Feature", "properties": {"node_id": 1026, "node_type": "type_change", "degree": 2, "link_types": "crosswalk+sidewalk"}, "geometry": {"type": "Point", "coordinates": [328758.6, 4698359.08]}}, {"type": "Feature", "properties": {"node_id": 1027, "node_type": "type_change", "degree": 2, "link_types": "midblock+sidewalk"}, "geometry": {"type": "Point", "coordinates": [328731.909, 4698359.774]}}, {"type": "Feature", "properties": {"node_id": 1028, "node_type": "type_change", "degree": 2, "link_types": "midblock+sidewalk"}, "geometry": {"type": "Point", "coordinates": [328729.591, 4698359.834]}}, {"type": "Feature", "properties": {"node_id": 1029, "node_type": "type_change", "degree": 2, "link_types": "midblock+sidewalk"}, "geometry": {"type": "Point", "coordinates": [328714.088, 4698360.236]}}, {"type": "Feature", "properties": {"node_id": 1030, "node_type": "type_change", "degree": 2, "link_types": "midblock+sidewalk"}, "geometry": {"type": "Point", "coordinates": [328709.772, 4698360.349]}}, {"type": "Feature", "properties": {"node_id": 1031, "node_type": "type_change", "degree": 2, "link_types": "midblock+sidewalk"}, "geometry": {"type": "Point", "coordinates": [328699.863, 4698360.606]}}, {"type": "Feature", "properties": {"node_id": 1032, "node_type": "type_change", "degree": 2, "link_types": "midblock+sidewalk"}, "geometry": {"type": "Point", "coordinates": [328695.947, 4698360.707]}}, {"type": "Feature", "properties": {"node_id": 1033, "node_type": "type_change", "degree": 2, "link_types": "midblock+sidewalk"}, "geometry": {"type": "Point", "coordinates": [328684.519, 4698361.005]}}, {"type": "Feature", "properties": {"node_id": 1034, "node_type": "type_change", "degree": 2, "link_types": "midblock+sidewalk"}, "geometry": {"type": "Point", "coordinates": [328682.618, 4698361.174]}}, {"type": "Feature", "properties": {"node_id": 1035, "node_type": "type_change", "degree": 2, "link_types": "midblock+sidewalk"}, "geometry": {"type": "Point", "coordinates": [328653.312, 4698361.879]}}, {"type": "Feature", "properties": {"node_id": 1036, "node_type": "type_change", "degree": 2, "link_types": "midblock+sidewalk"}, "geometry": {"type": "Point", "coordinates": [328648.858, 4698361.975]}}, {"type": "Feature", "properties": {"node_id": 1037, "node_type": "type_change", "degree": 2, "link_types": "midblock+sidewalk"}, "geometry": {"type": "Point", "coordinates": [328636.84, 4698362.307]}}, {"type": "Feature", "properties": {"node_id": 1038, "node_type": "type_change", "degree": 2, "link_types": "midblock+sidewalk"}, "geometry": {"type": "Point", "coordinates": [328634.3, 4698362.394]}}, {"type": "Feature", "properties": {"node_id": 1039, "node_type": "type_change", "degree": 2, "link_types": "midblock+sidewalk"}, "geometry": {"type": "Point", "coordinates": [328613.702, 4698362.87]}}, {"type": "Feature", "properties": {"node_id": 1040, "node_type": "type_change", "degree": 2, "link_types": "midblock+sidewalk"}, "geometry": {"type": "Point", "coordinates": [328608.92, 4698363.071]}}, {"type": "Feature", "properties": {"node_id": 1041, "node_type": "type_change", "degree": 2, "link_types": "midblock+sidewalk"}, "geometry": {"type": "Point", "coordinates": [328588.797, 4698363.666]}}, {"type": "Feature", "properties": {"node_id": 1042, "node_type": "type_change", "degree": 2, "link_types": "midblock+sidewalk"}, "geometry": {"type": "Point", "coordinates": [328585.974, 4698363.698]}}, {"type": "Feature", "properties": {"node_id": 1043, "node_type": "type_change", "degree": 2, "link_types": "midblock+sidewalk"}, "geometry": {"type": "Point", "coordinates": [328572.012, 4698364.871]}}, {"type": "Feature", "properties": {"node_id": 1044, "node_type": "type_change", "degree": 2, "link_types": "midblock+sidewalk"}, "geometry": {"type": "Point", "coordinates": [328570.707, 4698365.214]}}, {"type": "Feature", "properties": {"node_id": 1045, "node_type": "type_change", "degree": 2, "link_types": "midblock+sidewalk"}, "geometry": {"type": "Point", "coordinates": [328537.32, 4698365.266]}}, {"type": "Feature", "properties": {"node_id": 1046, "node_type": "type_change", "degree": 2, "link_types": "midblock+sidewalk"}, "geometry": {"type": "Point", "coordinates": [328527.898, 4698365.394]}}, {"type": "Feature", "properties": {"node_id": 1047, "node_type": "type_change", "degree": 3, "link_types": "pseudo+sidewalk"}, "geometry": {"type": "Point", "coordinates": [328511.4, 4698458.92]}}, {"type": "Feature", "properties": {"node_id": 1048, "node_type": "type_change", "degree": 3, "link_types": "crosswalk+sidewalk"}, "geometry": {"type": "Point", "coordinates": [328758.76, 4698359.08]}}, {"type": "Feature", "properties": {"node_id": 1049, "node_type": "type_change", "degree": 2, "link_types": "crosswalk+pseudo"}, "geometry": {"type": "Point", "coordinates": [328757.64, 4698349.64]}}, {"type": "Feature", "properties": {"node_id": 1050, "node_type": "junction", "degree": 3, "link_types": "pseudo"}, "geometry": {"type": "Point", "coordinates": [328757.0, 4698348.28]}}, {"type": "Feature", "properties": {"node_id": 1051, "node_type": "junction", "degree": 3, "link_types": "pseudo"}, "geometry": {"type": "Point", "coordinates": [329644.28, 4699397.56]}}, {"type": "Feature", "properties": {"node_id": 1052, "node_type": "type_change", "degree": 3, "link_types": "pseudo+sidewalk"}, "geometry": {"type": "Point", "coordinates": [329644.36, 4699397.64]}}, {"type": "Feature", "properties": {"node_id": 1053, "node_type": "type_change", "degree": 3, "link_types": "pseudo+sidewalk"}, "geometry": {"type": "Point", "coordinates": [329644.36, 4699397.56]}}, {"type": "Feature", "properties": {"node_id": 1054, "node_type": "type_change", "degree": 2, "link_types": "crosswalk+pseudo"}, "geometry": {"type": "Point", "coordinates": [329642.52, 4699396.84]}}, {"type": "Feature", "properties": {"node_id": 1055, "node_type": "type_change", "degree": 2, "link_types": "crosswalk+pseudo"}, "geometry": {"type": "Point", "coordinates": [329643.32, 4699392.6]}}, {"type": "Feature", "properties": {"node_id": 1056, "node_type": "type_change", "degree": 3, "link_types": "pseudo+sidewalk"}, "geometry": {"type": "Point", "coordinates": [329643.32, 4699392.12]}}, {"type": "Feature", "properties": {"node_id": 1057, "node_type": "endpoint", "degree": 1, "link_types": "crosswalk"}, "geometry": {"type": "Point", "coordinates": [329989.32, 4699096.04]}}, {"type": "Feature", "properties": {"node_id": 1058, "node_type": "type_change", "degree": 2, "link_types": "crosswalk+pseudo"}, "geometry": {"type": "Point", "coordinates": [329993.88, 4699094.28]}}, {"type": "Feature", "properties": {"node_id": 1059, "node_type": "endpoint", "degree": 1, "link_types": "pseudo"}, "geometry": {"type": "Point", "coordinates": [329994.52, 4699095.48]}}, {"type": "Feature", "properties": {"node_id": 1060, "node_type": "endpoint", "degree": 1, "link_types": "sidewalk"}, "geometry": {"type": "Point", "coordinates": [329723.16, 4698035.64]}}, {"type": "Feature", "properties": {"node_id": 1061, "node_type": "type_change", "degree": 3, "link_types": "pseudo+sidewalk"}, "geometry": {"type": "Point", "coordinates": [329705.96, 4698032.76]}}, {"type": "Feature", "properties": {"node_id": 1062, "node_type": "junction", "degree": 3, "link_types": "sidewalk"}, "geometry": {"type": "Point", "coordinates": [329530.76, 4699438.28]}}, {"type": "Feature", "properties": {"node_id": 1063, "node_type": "type_change", "degree": 3, "link_types": "pseudo+sidewalk"}, "geometry": {"type": "Point", "coordinates": [329530.76, 4699438.2]}}, {"type": "Feature", "properties": {"node_id": 1064, "node_type": "endpoint", "degree": 1, "link_types": "sidewalk"}, "geometry": {"type": "Point", "coordinates": [329998.36, 4699238.2]}}, {"type": "Feature", "properties": {"node_id": 1065, "node_type": "type_change", "degree": 3, "link_types": "pseudo+sidewalk"}, "geometry": {"type": "Point", "coordinates": [329990.52, 4699246.12]}}, {"type": "Feature", "properties": {"node_id": 1066, "node_type": "junction", "degree": 3, "link_types": "sidewalk"}, "geometry": {"type": "Point", "coordinates": [328812.36, 4699224.76]}}, {"type": "Feature", "properties": {"node_id": 1067, "node_type": "type_change", "degree": 3, "link_types": "crosswalk+sidewalk"}, "geometry": {"type": "Point", "coordinates": [328812.28, 4699224.84]}}, {"type": "Feature", "properties": {"node_id": 1068, "node_type": "type_change", "degree": 3, "link_types": "crosswalk+sidewalk"}, "geometry": {"type": "Point", "coordinates": [328812.36, 4699224.84]}}, {"type": "Feature", "properties": {"node_id": 1069, "node_type": "endpoint", "degree": 1, "link_types": "sidewalk"}, "geometry": {"type": "Point", "coordinates": [328813.64, 4699209.24]}}, {"type": "Feature", "properties": {"node_id": 1070, "node_type": "junction", "degree": 3, "link_types": "pseudo"}, "geometry": {"type": "Point", "coordinates": [329828.2, 4699171.24]}}, {"type": "Feature", "properties": {"node_id": 1071, "node_type": "type_change", "degree": 2, "link_types": "pseudo+sidewalk"}, "geometry": {"type": "Point", "coordinates": [329828.28, 4699171.32]}}, {"type": "Feature", "properties": {"node_id": 1072, "node_type": "endpoint", "degree": 1, "link_types": "sidewalk"}, "geometry": {"type": "Point", "coordinates": [329824.28, 4699175.88]}}, {"type": "Feature", "properties": {"node_id": 1073, "node_type": "type_change", "degree": 2, "link_types": "crosswalk+pseudo"}, "geometry": {"type": "Point", "coordinates": [329826.92, 4699171.24]}}, {"type": "Feature", "properties": {"node_id": 1074, "node_type": "type_change", "degree": 2, "link_types": "pseudo+sidewalk"}, "geometry": {"type": "Point", "coordinates": [329828.28, 4699171.16]}}, {"type": "Feature", "properties": {"node_id": 1075, "node_type": "endpoint", "degree": 1, "link_types": "sidewalk"}, "geometry": {"type": "Point", "coordinates": [329828.28, 4699171.0]}}, {"type": "Feature", "properties": {"node_id": 1076, "node_type": "endpoint", "degree": 1, "link_types": "sidewalk"}, "geometry": {"type": "Point", "coordinates": [329702.12, 4699379.8]}}, {"type": "Feature", "properties": {"node_id": 1077, "node_type": "endpoint", "degree": 1, "link_types": "sidewalk"}, "geometry": {"type": "Point", "coordinates": [329681.96, 4699383.64]}}, {"type": "Feature", "properties": {"node_id": 1078, "node_type": "junction", "degree": 3, "link_types": "sidewalk"}, "geometry": {"type": "Point", "coordinates": [329417.56, 4699247.24]}}, {"type": "Feature", "properties": {"node_id": 1079, "node_type": "junction", "degree": 3, "link_types": "sidewalk"}, "geometry": {"type": "Point", "coordinates": [329418.2, 4699259.72]}}, {"type": "Feature", "properties": {"node_id": 1080, "node_type": "junction", "degree": 3, "link_types": "sidewalk"}, "geometry": {"type": "Point", "coordinates": [329419.16, 4699260.12]}}, {"type": "Feature", "properties": {"node_id": 1081, "node_type": "junction", "degree": 3, "link_types": "sidewalk"}, "geometry": {"type": "Point", "coordinates": [329417.32, 4699243.72]}}, {"type": "Feature", "properties": {"node_id": 1082, "node_type": "junction", "degree": 3, "link_types": "sidewalk"}, "geometry": {"type": "Point", "coordinates": [329051.56, 4699486.44]}}, {"type": "Feature", "properties": {"node_id": 1083, "node_type": "type_change", "degree": 3, "link_types": "pseudo+sidewalk"}, "geometry": {"type": "Point", "coordinates": [329051.56, 4699486.52]}}, {"type": "Feature", "properties": {"node_id": 1084, "node_type": "type_change", "degree": 3, "link_types": "pseudo+sidewalk"}, "geometry": {"type": "Point", "coordinates": [329051.64, 4699486.44]}}, {"type": "Feature", "properties": {"node_id": 1085, "node_type": "type_change", "degree": 2, "link_types": "midblock+sidewalk"}, "geometry": {"type": "Point", "coordinates": [329044.154, 4699485.739]}}, {"type": "Feature", "properties": {"node_id": 1086, "node_type": "type_change", "degree": 2, "link_types": "midblock+sidewalk"}, "geometry": {"type": "Point", "coordinates": [329035.475, 4699484.918]}}, {"type": "Feature", "properties": {"node_id": 1087, "node_type": "type_change", "degree": 2, "link_types": "midblock+sidewalk"}, "geometry": {"type": "Point", "coordinates": [329027.194, 4699484.134]}}, {"type": "Feature", "properties": {"node_id": 1088, "node_type": "type_change", "degree": 2, "link_types": "midblock+sidewalk"}, "geometry": {"type": "Point", "coordinates": [329016.922, 4699483.161]}}, {"type": "Feature", "properties": {"node_id": 1089, "node_type": "junction", "degree": 3, "link_types": "sidewalk"}, "geometry": {"type": "Point", "coordinates": [328981.0, 4699478.68]}}, {"type": "Feature", "properties": {"node_id": 1090, "node_type": "endpoint", "degree": 1, "link_types": "sidewalk"}, "geometry": {"type": "Point", "coordinates": [328999.0, 4699339.0]}}, {"type": "Feature", "properties": {"node_id": 1091, "node_type": "endpoint", "degree": 1, "link_types": "sidewalk"}, "geometry": {"type": "Point", "coordinates": [329001.08, 4699322.2]}}, {"type": "Feature", "properties": {"node_id": 1092, "node_type": "endpoint", "degree": 1, "link_types": "sidewalk"}, "geometry": {"type": "Point", "coordinates": [328905.48, 4699093.16]}}, {"type": "Feature", "properties": {"node_id": 1093, "node_type": "endpoint", "degree": 1, "link_types": "sidewalk"}, "geometry": {"type": "Point", "coordinates": [328694.04, 4698882.36]}}, {"type": "Feature", "properties": {"node_id": 1094, "node_type": "endpoint", "degree": 1, "link_types": "sidewalk"}, "geometry": {"type": "Point", "coordinates": [329369.48, 4699015.16]}}, {"type": "Feature", "properties": {"node_id": 1095, "node_type": "type_change", "degree": 2, "link_types": "midblock+sidewalk"}, "geometry": {"type": "Point", "coordinates": [329384.419, 4699067.454]}}, {"type": "Feature", "properties": {"node_id": 1096, "node_type": "type_change", "degree": 2, "link_types": "midblock+sidewalk"}, "geometry": {"type": "Point", "coordinates": [329385.878, 4699069.69]}}, {"type": "Feature", "properties": {"node_id": 1097, "node_type": "junction", "degree": 3, "link_types": "sidewalk"}, "geometry": {"type": "Point", "coordinates": [329401.72, 4699104.76]}}, {"type": "Feature", "properties": {"node_id": 1098, "node_type": "endpoint", "degree": 1, "link_types": "sidewalk"}, "geometry": {"type": "Point", "coordinates": [329405.24, 4699119.16]}}, {"type": "Feature", "properties": {"node_id": 1099, "node_type": "endpoint", "degree": 1, "link_types": "sidewalk"}, "geometry": {"type": "Point", "coordinates": [328784.36, 4699281.72]}}, {"type": "Feature", "properties": {"node_id": 1100, "node_type": "junction", "degree": 3, "link_types": "sidewalk"}, "geometry": {"type": "Point", "coordinates": [328789.56, 4699283.72]}}, {"type": "Feature", "properties": {"node_id": 1101, "node_type": "junction", "degree": 3, "link_types": "sidewalk"}, "geometry": {"type": "Point", "coordinates": [329552.68, 4699212.52]}}, {"type": "Feature", "properties": {"node_id": 1102, "node_type": "endpoint", "degree": 1, "link_types": "sidewalk"}, "geometry": {"type": "Point", "coordinates": [329549.96, 4699226.12]}}, {"type": "Feature", "properties": {"node_id": 1103, "node_type": "junction", "degree": 3, "link_types": "sidewalk"}, "geometry": {"type": "Point", "coordinates": [329555.0, 4699211.08]}}, {"type": "Feature", "properties": {"node_id": 1104, "node_type": "junction", "degree": 3, "link_types": "sidewalk"}, "geometry": {"type": "Point", "coordinates": [329551.88, 4699207.72]}}, {"type": "Feature", "properties": {"node_id": 1105, "node_type": "junction", "degree": 3, "link_types": "sidewalk"}, "geometry": {"type": "Point", "coordinates": [329389.08, 4699249.08]}}, {"type": "Feature", "properties": {"node_id": 1106, "node_type": "endpoint", "degree": 1, "link_types": "sidewalk"}, "geometry": {"type": "Point", "coordinates": [329389.08, 4699249.48]}}, {"type": "Feature", "properties": {"node_id": 1107, "node_type": "junction", "degree": 3, "link_types": "sidewalk"}, "geometry": {"type": "Point", "coordinates": [329389.08, 4699249.0]}}, {"type": "Feature", "properties": {"node_id": 1108, "node_type": "type_change", "degree": 3, "link_types": "pseudo+sidewalk"}, "geometry": {"type": "Point", "coordinates": [329389.16, 4699249.0]}}, {"type": "Feature", "properties": {"node_id": 1109, "node_type": "endpoint", "degree": 1, "link_types": "sidewalk"}, "geometry": {"type": "Point", "coordinates": [329546.68, 4699195.32]}}, {"type": "Feature", "properties": {"node_id": 1110, "node_type": "endpoint", "degree": 1, "link_types": "sidewalk"}, "geometry": {"type": "Point", "coordinates": [329518.28, 4699072.36]}}, {"type": "Feature", "properties": {"node_id": 1111, "node_type": "junction", "degree": 3, "link_types": "sidewalk"}, "geometry": {"type": "Point", "coordinates": [329517.32, 4699083.4]}}, {"type": "Feature", "properties": {"node_id": 1112, "node_type": "junction", "degree": 3, "link_types": "sidewalk"}, "geometry": {"type": "Point", "coordinates": [328621.24, 4698258.68]}}, {"type": "Feature", "properties": {"node_id": 1113, "node_type": "junction", "degree": 3, "link_types": "sidewalk"}, "geometry": {"type": "Point", "coordinates": [328621.24, 4698258.76]}}, {"type": "Feature", "properties": {"node_id": 1114, "node_type": "endpoint", "degree": 1, "link_types": "sidewalk"}, "geometry": {"type": "Point", "coordinates": [328619.88, 4698255.72]}}, {"type": "Feature", "properties": {"node_id": 1115, "node_type": "endpoint", "degree": 1, "link_types": "sidewalk"}, "geometry": {"type": "Point", "coordinates": [328804.68, 4699067.32]}}, {"type": "Feature", "properties": {"node_id": 1116, "node_type": "endpoint", "degree": 1, "link_types": "sidewalk"}, "geometry": {"type": "Point", "coordinates": [329481.56, 4699215.64]}}, {"type": "Feature", "properties": {"node_id": 1117, "node_type": "junction", "degree": 3, "link_types": "sidewalk"}, "geometry": {"type": "Point", "coordinates": [329548.84, 4699207.56]}}, {"type": "Feature", "properties": {"node_id": 1118, "node_type": "endpoint", "degree": 1, "link_types": "midblock"}, "geometry": {"type": "Point", "coordinates": [328719.48, 4698062.12]}}, {"type": "Feature", "properties": {"node_id": 1119, "node_type": "type_change", "degree": 2, "link_types": "midblock+sidewalk"}, "geometry": {"type": "Point", "coordinates": [328722.708, 4698061.009]}}, {"type": "Feature", "properties": {"node_id": 1120, "node_type": "junction", "degree": 3, "link_types": "sidewalk"}, "geometry": {"type": "Point", "coordinates": [328724.36, 4698060.44]}}, {"type": "Feature", "properties": {"node_id": 1121, "node_type": "endpoint", "degree": 1, "link_types": "sidewalk"}, "geometry": {"type": "Point", "coordinates": [329817.24, 4698664.28]}}, {"type": "Feature", "properties": {"node_id": 1122, "node_type": "type_change", "degree": 2, "link_types": "midblock+sidewalk"}, "geometry": {"type": "Point", "coordinates": [329819.181, 4698645.114]}}, {"type": "Feature", "properties": {"node_id": 1123, "node_type": "type_change", "degree": 2, "link_types": "midblock+sidewalk"}, "geometry": {"type": "Point", "coordinates": [329819.786, 4698641.173]}}, {"type": "Feature", "properties": {"node_id": 1124, "node_type": "type_change", "degree": 2, "link_types": "midblock+sidewalk"}, "geometry": {"type": "Point", "coordinates": [329821.835, 4698627.848]}}, {"type": "Feature", "properties": {"node_id": 1125, "node_type": "type_change", "degree": 2, "link_types": "midblock+sidewalk"}, "geometry": {"type": "Point", "coordinates": [329822.185, 4698623.832]}}, {"type": "Feature", "properties": {"node_id": 1126, "node_type": "endpoint", "degree": 1, "link_types": "sidewalk"}, "geometry": {"type": "Point", "coordinates": [328772.76, 4698441.48]}}, {"type": "Feature", "properties": {"node_id": 1127, "node_type": "junction", "degree": 3, "link_types": "sidewalk"}, "geometry": {"type": "Point", "coordinates": [328769.24, 4698440.92]}}, {"type": "Feature", "properties": {"node_id": 1128, "node_type": "junction", "degree": 3, "link_types": "sidewalk"}, "geometry": {"type": "Point", "coordinates": [329891.08, 4699113.88]}}, {"type": "Feature", "properties": {"node_id": 1129, "node_type": "junction", "degree": 3, "link_types": "sidewalk"}, "geometry": {"type": "Point", "coordinates": [329892.04, 4699122.52]}}, {"type": "Feature", "properties": {"node_id": 1130, "node_type": "type_change", "degree": 3, "link_types": "pseudo+sidewalk"}, "geometry": {"type": "Point", "coordinates": [329882.84, 4699084.2]}}, {"type": "Feature", "properties": {"node_id": 1131, "node_type": "endpoint", "degree": 1, "link_types": "sidewalk"}, "geometry": {"type": "Point", "coordinates": [329896.6, 4699117.32]}}, {"type": "Feature", "properties": {"node_id": 1132, "node_type": "junction", "degree": 3, "link_types": "sidewalk"}, "geometry": {"type": "Point", "coordinates": [329293.48, 4699166.12]}}, {"type": "Feature", "properties": {"node_id": 1133, "node_type": "type_change", "degree": 3, "link_types": "pseudo+sidewalk"}, "geometry": {"type": "Point", "coordinates": [329293.48, 4699166.2]}}, {"type": "Feature", "properties": {"node_id": 1134, "node_type": "type_change", "degree": 3, "link_types": "pseudo+sidewalk"}, "geometry": {"type": "Point", "coordinates": [329293.4, 4699166.12]}}, {"type": "Feature", "properties": {"node_id": 1135, "node_type": "type_change", "degree": 3, "link_types": "crosswalk+sidewalk"}, "geometry": {"type": "Point", "coordinates": [329293.64, 4699165.8]}}, {"type": "Feature", "properties": {"node_id": 1136, "node_type": "type_change", "degree": 2, "link_types": "crosswalk+pseudo"}, "geometry": {"type": "Point", "coordinates": [329299.96, 4698849.24]}}, {"type": "Feature", "properties": {"node_id": 1137, "node_type": "type_change", "degree": 2, "link_types": "crosswalk+pseudo"}, "geometry": {"type": "Point", "coordinates": [329319.32, 4698869.4]}}, {"type": "Feature", "properties": {"node_id": 1138, "node_type": "endpoint", "degree": 1, "link_types": "pseudo"}, "geometry": {"type": "Point", "coordinates": [329319.88, 4698869.16]}}, {"type": "Feature", "properties": {"node_id": 1139, "node_type": "endpoint", "degree": 1, "link_types": "sidewalk"}, "geometry": {"type": "Point", "coordinates": [329546.04, 4699202.76]}}, {"type": "Feature", "properties": {"node_id": 1140, "node_type": "junction", "degree": 3, "link_types": "pseudo"}, "geometry": {"type": "Point", "coordinates": [329652.2, 4698119.32]}}, {"type": "Feature", "properties": {"node_id": 1141, "node_type": "type_change", "degree": 2, "link_types": "crosswalk+pseudo"}, "geometry": {"type": "Point", "coordinates": [329651.64, 4698119.32]}}, {"type": "Feature", "properties": {"node_id": 1142, "node_type": "type_change", "degree": 2, "link_types": "crosswalk+pseudo"}, "geometry": {"type": "Point", "coordinates": [329637.56, 4698119.0]}}, {"type": "Feature", "properties": {"node_id": 1143, "node_type": "type_change", "degree": 3, "link_types": "pseudo+sidewalk"}, "geometry": {"type": "Point", "coordinates": [329652.28, 4698119.32]}}, {"type": "Feature", "properties": {"node_id": 1144, "node_type": "endpoint", "degree": 1, "link_types": "sidewalk"}, "geometry": {"type": "Point", "coordinates": [329127.0, 4698692.28]}}, {"type": "Feature", "properties": {"node_id": 1145, "node_type": "type_change", "degree": 2, "link_types": "pseudo+sidewalk"}, "geometry": {"type": "Point", "coordinates": [329127.08, 4698692.28]}}, {"type": "Feature", "properties": {"node_id": 1146, "node_type": "type_change", "degree": 3, "link_types": "crosswalk+pseudo"}, "geometry": {"type": "Point", "coordinates": [329129.88, 4698691.48]}}, {"type": "Feature", "properties": {"node_id": 1147, "node_type": "endpoint", "degree": 1, "link_types": "sidewalk"}, "geometry": {"type": "Point", "coordinates": [328872.76, 4698357.8]}}, {"type": "Feature", "properties": {"node_id": 1148, "node_type": "type_change", "degree": 3, "link_types": "pseudo+sidewalk"}, "geometry": {"type": "Point", "coordinates": [328871.16, 4698356.36]}}, {"type": "Feature", "properties": {"node_id": 1149, "node_type": "junction", "degree": 3, "link_types": "pseudo"}, "geometry": {"type": "Point", "coordinates": [329647.32, 4699385.48]}}, {"type": "Feature", "properties": {"node_id": 1150, "node_type": "type_change", "degree": 2, "link_types": "crosswalk+pseudo"}, "geometry": {"type": "Point", "coordinates": [329649.16, 4699386.36]}}, {"type": "Feature", "properties": {"node_id": 1151, "node_type": "type_change", "degree": 2, "link_types": "crosswalk+pseudo"}, "geometry": {"type": "Point", "coordinates": [329661.16, 4699391.08]}}, {"type": "Feature", "properties": {"node_id": 1152, "node_type": "endpoint", "degree": 1, "link_types": "pseudo"}, "geometry": {"type": "Point", "coordinates": [329662.04, 4699390.2]}}, {"type": "Feature", "properties": {"node_id": 1153, "node_type": "type_change", "degree": 3, "link_types": "pseudo+sidewalk"}, "geometry": {"type": "Point", "coordinates": [329647.24, 4699385.48]}}, {"type": "Feature", "properties": {"node_id": 1154, "node_type": "type_change", "degree": 3, "link_types": "pseudo+sidewalk"}, "geometry": {"type": "Point", "coordinates": [329647.24, 4699385.4]}}, {"type": "Feature", "properties": {"node_id": 1155, "node_type": "endpoint", "degree": 1, "link_types": "sidewalk"}, "geometry": {"type": "Point", "coordinates": [329039.96, 4698883.4]}}, {"type": "Feature", "properties": {"node_id": 1156, "node_type": "type_change", "degree": 2, "link_types": "midblock+sidewalk"}, "geometry": {"type": "Point", "coordinates": [329078.612, 4698882.724]}}, {"type": "Feature", "properties": {"node_id": 1157, "node_type": "type_change", "degree": 2, "link_types": "midblock+sidewalk"}, "geometry": {"type": "Point", "coordinates": [329080.608, 4698882.689]}}, {"type": "Feature", "properties": {"node_id": 1158, "node_type": "endpoint", "degree": 1, "link_types": "sidewalk"}, "geometry": {"type": "Point", "coordinates": [329112.04, 4698881.96]}}, {"type": "Feature", "properties": {"node_id": 1159, "node_type": "type_change", "degree": 3, "link_types": "pseudo+sidewalk"}, "geometry": {"type": "Point", "coordinates": [328926.12, 4698875.8]}}, {"type": "Feature", "properties": {"node_id": 1160, "node_type": "type_change", "degree": 3, "link_types": "pseudo+sidewalk"}, "geometry": {"type": "Point", "coordinates": [328926.12, 4698875.72]}}, {"type": "Feature", "properties": {"node_id": 1161, "node_type": "junction", "degree": 3, "link_types": "pseudo"}, "geometry": {"type": "Point", "coordinates": [329913.4, 4698852.52]}}, {"type": "Feature", "properties": {"node_id": 1162, "node_type": "type_change", "degree": 3, "link_types": "pseudo+sidewalk"}, "geometry": {"type": "Point", "coordinates": [329913.32, 4698852.52]}}, {"type": "Feature", "properties": {"node_id": 1163, "node_type": "type_change", "degree": 2, "link_types": "crosswalk+pseudo"}, "geometry": {"type": "Point", "coordinates": [329915.64, 4698853.0]}}, {"type": "Feature", "properties": {"node_id": 1164, "node_type": "type_change", "degree": 2, "link_types": "crosswalk+pseudo"}, "geometry": {"type": "Point", "coordinates": [329937.96, 4698864.68]}}, {"type": "Feature", "properties": {"node_id": 1165, "node_type": "type_change", "degree": 3, "link_types": "pseudo+sidewalk"}, "geometry": {"type": "Point", "coordinates": [329913.32, 4698852.44]}}, {"type": "Feature", "properties": {"node_id": 1166, "node_type": "type_change", "degree": 2, "link_types": "crosswalk+pseudo"}, "geometry": {"type": "Point", "coordinates": [328679.0, 4699496.2]}}, {"type": "Feature", "properties": {"node_id": 1167, "node_type": "endpoint", "degree": 1, "link_types": "crosswalk"}, "geometry": {"type": "Point", "coordinates": [328672.04, 4699489.24]}}, {"type": "Feature", "properties": {"node_id": 1168, "node_type": "endpoint", "degree": 1, "link_types": "sidewalk"}, "geometry": {"type": "Point", "coordinates": [329550.52, 4699202.44]}}, {"type": "Feature", "properties": {"node_id": 1169, "node_type": "type_change", "degree": 3, "link_types": "pseudo+sidewalk"}, "geometry": {"type": "Point", "coordinates": [329550.44, 4699202.68]}}, {"type": "Feature", "properties": {"node_id": 1170, "node_type": "junction", "degree": 3, "link_types": "pseudo"}, "geometry": {"type": "Point", "coordinates": [329265.8, 4698754.04]}}, {"type": "Feature", "properties": {"node_id": 1171, "node_type": "type_change", "degree": 2, "link_types": "crosswalk+pseudo"}, "geometry": {"type": "Point", "coordinates": [329265.88, 4698754.12]}}, {"type": "Feature", "properties": {"node_id": 1172, "node_type": "type_change", "degree": 2, "link_types": "crosswalk+pseudo"}, "geometry": {"type": "Point", "coordinates": [329268.44, 4698753.96]}}, {"type": "Feature", "properties": {"node_id": 1173, "node_type": "junction", "degree": 3, "link_types": "pseudo"}, "geometry": {"type": "Point", "coordinates": [329269.24, 4698753.96]}}, {"type": "Feature", "properties": {"node_id": 1174, "node_type": "endpoint", "degree": 1, "link_types": "pseudo"}, "geometry": {"type": "Point", "coordinates": [329265.72, 4698754.04]}}, {"type": "Feature", "properties": {"node_id": 1175, "node_type": "type_change", "degree": 3, "link_types": "pseudo+sidewalk"}, "geometry": {"type": "Point", "coordinates": [329268.84, 4698752.44]}}, {"type": "Feature", "properties": {"node_id": 1176, "node_type": "junction", "degree": 3, "link_types": "pseudo"}, "geometry": {"type": "Point", "coordinates": [329647.64, 4698285.24]}}, {"type": "Feature", "properties": {"node_id": 1177, "node_type": "type_change", "degree": 3, "link_types": "pseudo+sidewalk"}, "geometry": {"type": "Point", "coordinates": [329647.64, 4698285.32]}}, {"type": "Feature", "properties": {"node_id": 1178, "node_type": "type_change", "degree": 3, "link_types": "pseudo+sidewalk"}, "geometry": {"type": "Point", "coordinates": [329647.72, 4698285.32]}}, {"type": "Feature", "properties": {"node_id": 1179, "node_type": "type_change", "degree": 2, "link_types": "crosswalk+pseudo"}, "geometry": {"type": "Point", "coordinates": [329647.32, 4698284.36]}}, {"type": "Feature", "properties": {"node_id": 1180, "node_type": "type_change", "degree": 2, "link_types": "crosswalk+pseudo"}, "geometry": {"type": "Point", "coordinates": [329629.16, 4698282.92]}}, {"type": "Feature", "properties": {"node_id": 1181, "node_type": "endpoint", "degree": 1, "link_types": "sidewalk"}, "geometry": {"type": "Point", "coordinates": [329924.2, 4699437.0]}}, {"type": "Feature", "properties": {"node_id": 1182, "node_type": "junction", "degree": 3, "link_types": "sidewalk"}, "geometry": {"type": "Point", "coordinates": [329885.0, 4699456.44]}}, {"type": "Feature", "properties": {"node_id": 1183, "node_type": "junction", "degree": 3, "link_types": "sidewalk"}, "geometry": {"type": "Point", "coordinates": [329187.56, 4699299.8]}}, {"type": "Feature", "properties": {"node_id": 1184, "node_type": "type_change", "degree": 3, "link_types": "pseudo+sidewalk"}, "geometry": {"type": "Point", "coordinates": [329185.72, 4699298.84]}}, {"type": "Feature", "properties": {"node_id": 1185, "node_type": "junction", "degree": 3, "link_types": "sidewalk"}, "geometry": {"type": "Point", "coordinates": [329187.64, 4699299.8]}}, {"type": "Feature", "properties": {"node_id": 1186, "node_type": "type_change", "degree": 3, "link_types": "pseudo+sidewalk"}, "geometry": {"type": "Point", "coordinates": [329187.64, 4699299.72]}}, {"type": "Feature", "properties": {"node_id": 1187, "node_type": "junction", "degree": 3, "link_types": "sidewalk"}, "geometry": {"type": "Point", "coordinates": [328925.4, 4699141.48]}}, {"type": "Feature", "properties": {"node_id": 1188, "node_type": "type_change", "degree": 3, "link_types": "pseudo+sidewalk"}, "geometry": {"type": "Point", "coordinates": [328925.32, 4699141.56]}}, {"type": "Feature", "properties": {"node_id": 1189, "node_type": "type_change", "degree": 3, "link_types": "pseudo+sidewalk"}, "geometry": {"type": "Point", "coordinates": [328925.32, 4699141.48]}}, {"type": "Feature", "properties": {"node_id": 1190, "node_type": "endpoint", "degree": 1, "link_types": "sidewalk"}, "geometry": {"type": "Point", "coordinates": [328933.0, 4699142.44]}}, {"type": "Feature", "properties": {"node_id": 1191, "node_type": "junction", "degree": 3, "link_types": "sidewalk"}, "geometry": {"type": "Point", "coordinates": [329407.32, 4699118.36]}}, {"type": "Feature", "properties": {"node_id": 1192, "node_type": "type_change", "degree": 3, "link_types": "pseudo+sidewalk"}, "geometry": {"type": "Point", "coordinates": [329407.32, 4699118.44]}}, {"type": "Feature", "properties": {"node_id": 1193, "node_type": "endpoint", "degree": 1, "link_types": "sidewalk"}, "geometry": {"type": "Point", "coordinates": [329408.52, 4699118.04]}}, {"type": "Feature", "properties": {"node_id": 1194, "node_type": "endpoint", "degree": 1, "link_types": "sidewalk"}, "geometry": {"type": "Point", "coordinates": [329857.4, 4699354.84]}}, {"type": "Feature", "properties": {"node_id": 1195, "node_type": "endpoint", "degree": 1, "link_types": "sidewalk"}, "geometry": {"type": "Point", "coordinates": [329863.24, 4699359.48]}}, {"type": "Feature", "properties": {"node_id": 1196, "node_type": "type_change", "degree": 2, "link_types": "crosswalk+pseudo"}, "geometry": {"type": "Point", "coordinates": [329271.64, 4698751.48]}}, {"type": "Feature", "properties": {"node_id": 1197, "node_type": "junction", "degree": 3, "link_types": "crosswalk"}, "geometry": {"type": "Point", "coordinates": [329963.64, 4698607.48]}}, {"type": "Feature", "properties": {"node_id": 1198, "node_type": "type_change", "degree": 2, "link_types": "crosswalk+sidewalk"}, "geometry": {"type": "Point", "coordinates": [329963.56, 4698607.56]}}, {"type": "Feature", "properties": {"node_id": 1199, "node_type": "junction", "degree": 3, "link_types": "sidewalk"}, "geometry": {"type": "Point", "coordinates": [329941.32, 4698679.88]}}, {"type": "Feature", "properties": {"node_id": 1200, "node_type": "endpoint", "degree": 1, "link_types": "crosswalk"}, "geometry": {"type": "Point", "coordinates": [329945.72, 4698601.48]}}, {"type": "Feature", "properties": {"node_id": 1201, "node_type": "type_change", "degree": 3, "link_types": "crosswalk+sidewalk"}, "geometry": {"type": "Point", "coordinates": [329963.72, 4698607.4]}}, {"type": "Feature", "properties": {"node_id": 1202, "node_type": "junction", "degree": 3, "link_types": "sidewalk"}, "geometry": {"type": "Point", "coordinates": [329991.56, 4698495.56]}}, {"type": "Feature", "properties": {"node_id": 1203, "node_type": "junction", "degree": 3, "link_types": "sidewalk"}, "geometry": {"type": "Point", "coordinates": [329986.44, 4698503.0]}}, {"type": "Feature", "properties": {"node_id": 1204, "node_type": "junction", "degree": 3, "link_types": "sidewalk"}, "geometry": {"type": "Point", "coordinates": [329984.84, 4698495.88]}}, {"type": "Feature", "properties": {"node_id": 1205, "node_type": "junction", "degree": 3, "link_types": "sidewalk"}, "geometry": {"type": "Point", "coordinates": [329984.76, 4698495.8]}}, {"type": "Feature", "properties": {"node_id": 1206, "node_type": "endpoint", "degree": 1, "link_types": "midblock"}, "geometry": {"type": "Point", "coordinates": [329795.96, 4698912.6]}}, {"type": "Feature", "properties": {"node_id": 1207, "node_type": "type_change", "degree": 2, "link_types": "midblock+sidewalk"}, "geometry": {"type": "Point", "coordinates": [329792.402, 4698912.36]}}, {"type": "Feature", "properties": {"node_id": 1208, "node_type": "junction", "degree": 3, "link_types": "sidewalk"}, "geometry": {"type": "Point", "coordinates": [329785.8, 4698912.68]}}, {"type": "Feature", "properties": {"node_id": 1209, "node_type": "type_change", "degree": 2, "link_types": "pseudo+sidewalk"}, "geometry": {"type": "Point", "coordinates": [329679.56, 4699276.52]}}, {"type": "Feature", "properties": {"node_id": 1210, "node_type": "type_change", "degree": 2, "link_types": "crosswalk+pseudo"}, "geometry": {"type": "Point", "coordinates": [329679.48, 4699276.6]}}, {"type": "Feature", "properties": {"node_id": 1211, "node_type": "type_change", "degree": 2, "link_types": "crosswalk+pseudo"}, "geometry": {"type": "Point", "coordinates": [329679.72, 4699279.4]}}, {"type": "Feature", "properties": {"node_id": 1212, "node_type": "type_change", "degree": 3, "link_types": "midblock+pseudo+sidewalk"}, "geometry": {"type": "Point", "coordinates": [329678.52, 4699278.2]}}, {"type": "Feature", "properties": {"node_id": 1213, "node_type": "endpoint", "degree": 1, "link_types": "sidewalk"}, "geometry": {"type": "Point", "coordinates": [328982.44, 4699464.76]}}, {"type": "Feature", "properties": {"node_id": 1214, "node_type": "type_change", "degree": 2, "link_types": "midblock+sidewalk"}, "geometry": {"type": "Point", "coordinates": [328981.712, 4699468.03]}}, {"type": "Feature", "properties": {"node_id": 1215, "node_type": "type_change", "degree": 2, "link_types": "midblock+sidewalk"}, "geometry": {"type": "Point", "coordinates": [328980.503, 4699474.5]}}, {"type": "Feature", "properties": {"node_id": 1216, "node_type": "junction", "degree": 3, "link_types": "sidewalk"}, "geometry": {"type": "Point", "coordinates": [328980.52, 4699477.64]}}, {"type": "Feature", "properties": {"node_id": 1217, "node_type": "endpoint", "degree": 1, "link_types": "sidewalk"}, "geometry": {"type": "Point", "coordinates": [329764.44, 4699455.8]}}, {"type": "Feature", "properties": {"node_id": 1218, "node_type": "type_change", "degree": 2, "link_types": "pseudo+sidewalk"}, "geometry": {"type": "Point", "coordinates": [329764.36, 4699455.88]}}, {"type": "Feature", "properties": {"node_id": 1219, "node_type": "type_change", "degree": 2, "link_types": "crosswalk+pseudo"}, "geometry": {"type": "Point", "coordinates": [329762.36, 4699457.8]}}, {"type": "Feature", "properties": {"node_id": 1220, "node_type": "type_change", "degree": 3, "link_types": "crosswalk+pseudo"}, "geometry": {"type": "Point", "coordinates": [329774.44, 4699455.88]}}, {"type": "Feature", "properties": {"node_id": 1221, "node_type": "junction", "degree": 3, "link_types": "sidewalk"}, "geometry": {"type": "Point", "coordinates": [329503.4, 4698431.48]}}, {"type": "Feature", "properties": {"node_id": 1222, "node_type": "junction", "degree": 3, "link_types": "sidewalk"}, "geometry": {"type": "Point", "coordinates": [329503.4, 4698431.56]}}, {"type": "Feature", "properties": {"node_id": 1223, "node_type": "type_change", "degree": 3, "link_types": "pseudo+sidewalk"}, "geometry": {"type": "Point", "coordinates": [329503.48, 4698431.48]}}, {"type": "Feature", "properties": {"node_id": 1224, "node_type": "type_change", "degree": 3, "link_types": "pseudo+sidewalk"}, "geometry": {"type": "Point", "coordinates": [329503.48, 4698424.76]}}, {"type": "Feature", "properties": {"node_id": 1225, "node_type": "endpoint", "degree": 1, "link_types": "sidewalk"}, "geometry": {"type": "Point", "coordinates": [329842.68, 4698282.36]}}, {"type": "Feature", "properties": {"node_id": 1226, "node_type": "type_change", "degree": 3, "link_types": "pseudo+sidewalk"}, "geometry": {"type": "Point", "coordinates": [329828.44, 4698279.56]}}, {"type": "Feature", "properties": {"node_id": 1227, "node_type": "type_change", "degree": 2, "link_types": "crosswalk+sidewalk"}, "geometry": {"type": "Point", "coordinates": [329963.8, 4698607.48]}}, {"type": "Feature", "properties": {"node_id": 1228, "node_type": "type_change", "degree": 2, "link_types": "crosswalk+pseudo"}, "geometry": {"type": "Point", "coordinates": [329963.88, 4698607.48]}}, {"type": "Feature", "properties": {"node_id": 1229, "node_type": "endpoint", "degree": 1, "link_types": "pseudo"}, "geometry": {"type": "Point", "coordinates": [329963.96, 4698607.56]}}, {"type": "Feature", "properties": {"node_id": 1230, "node_type": "endpoint", "degree": 1, "link_types": "sidewalk"}, "geometry": {"type": "Point", "coordinates": [329964.36, 4698607.08]}}, {"type": "Feature", "properties": {"node_id": 1231, "node_type": "junction", "degree": 3, "link_types": "pseudo"}, "geometry": {"type": "Point", "coordinates": [329293.8, 4699167.0]}}, {"type": "Feature", "properties": {"node_id": 1232, "node_type": "type_change", "degree": 2, "link_types": "crosswalk+pseudo"}, "geometry": {"type": "Point", "coordinates": [329293.88, 4699167.08]}}, {"type": "Feature", "properties": {"node_id": 1233, "node_type": "endpoint", "degree": 1, "link_types": "crosswalk"}, "geometry": {"type": "Point", "coordinates": [329294.04, 4699167.72]}}, {"type": "Feature", "properties": {"node_id": 1234, "node_type": "type_change", "degree": 2, "link_types": "crosswalk+pseudo"}, "geometry": {"type": "Point", "coordinates": [329293.88, 4699166.92]}}, {"type": "Feature", "properties": {"node_id": 1235, "node_type": "junction", "degree": 3, "link_types": "sidewalk"}, "geometry": {"type": "Point", "coordinates": [328552.12, 4698566.44]}}, {"type": "Feature", "properties": {"node_id": 1236, "node_type": "junction", "degree": 3, "link_types": "sidewalk"}, "geometry": {"type": "Point", "coordinates": [328552.12, 4698566.52]}}, {"type": "Feature", "properties": {"node_id": 1237, "node_type": "junction", "degree": 3, "link_types": "sidewalk"}, "geometry": {"type": "Point", "coordinates": [328552.04, 4698566.44]}}, {"type": "Feature", "properties": {"node_id": 1238, "node_type": "type_change", "degree": 3, "link_types": "midblock+sidewalk"}, "geometry": {"type": "Point", "coordinates": [328581.08, 4698563.56]}}, {"type": "Feature", "properties": {"node_id": 1239, "node_type": "junction", "degree": 3, "link_types": "sidewalk"}, "geometry": {"type": "Point", "coordinates": [329418.2, 4699259.8]}}, {"type": "Feature", "properties": {"node_id": 1240, "node_type": "junction", "degree": 3, "link_types": "sidewalk"}, "geometry": {"type": "Point", "coordinates": [329418.28, 4699259.72]}}, {"type": "Feature", "properties": {"node_id": 1241, "node_type": "junction", "degree": 3, "link_types": "sidewalk"}, "geometry": {"type": "Point", "coordinates": [328799.0, 4698239.56]}}, {"type": "Feature", "properties": {"node_id": 1242, "node_type": "type_change", "degree": 3, "link_types": "pseudo+sidewalk"}, "geometry": {"type": "Point", "coordinates": [328799.0, 4698239.64]}}, {"type": "Feature", "properties": {"node_id": 1243, "node_type": "junction", "degree": 3, "link_types": "sidewalk"}, "geometry": {"type": "Point", "coordinates": [328798.92, 4698239.56]}}, {"type": "Feature", "properties": {"node_id": 1244, "node_type": "type_change", "degree": 2, "link_types": "midblock+sidewalk"}, "geometry": {"type": "Point", "coordinates": [328796.311, 4698221.118]}}, {"type": "Feature", "properties": {"node_id": 1245, "node_type": "type_change", "degree": 2, "link_types": "midblock+sidewalk"}, "geometry": {"type": "Point", "coordinates": [328790.668, 4698210.713]}}, {"type": "Feature", "properties": {"node_id": 1246, "node_type": "type_change", "degree": 2, "link_types": "midblock+sidewalk"}, "geometry": {"type": "Point", "coordinates": [328778.62, 4698188.495]}}, {"type": "Feature", "properties": {"node_id": 1247, "node_type": "type_change", "degree": 2, "link_types": "midblock+sidewalk"}, "geometry": {"type": "Point", "coordinates": [328775.112, 4698182.027]}}, {"type": "Feature", "properties": {"node_id": 1248, "node_type": "endpoint", "degree": 1, "link_types": "sidewalk"}, "geometry": {"type": "Point", "coordinates": [328764.36, 4698162.2]}}, {"type": "Feature", "properties": {"node_id": 1249, "node_type": "endpoint", "degree": 1, "link_types": "sidewalk"}, "geometry": {"type": "Point", "coordinates": [329890.84, 4698820.52]}}, {"type": "Feature", "properties": {"node_id": 1250, "node_type": "type_change", "degree": 2, "link_types": "midblock+sidewalk"}, "geometry": {"type": "Point", "coordinates": [329904.476, 4698827.777]}}, {"type": "Feature", "properties": {"node_id": 1251, "node_type": "type_change", "degree": 2, "link_types": "midblock+sidewalk"}, "geometry": {"type": "Point", "coordinates": [329910.752, 4698824.435]}}, {"type": "Feature", "properties": {"node_id": 1252, "node_type": "type_change", "degree": 3, "link_types": "pseudo+sidewalk"}, "geometry": {"type": "Point", "coordinates": [329915.72, 4698820.6]}}, {"type": "Feature", "properties": {"node_id": 1253, "node_type": "junction", "degree": 3, "link_types": "midblock"}, "geometry": {"type": "Point", "coordinates": [329829.8, 4699134.28]}}, {"type": "Feature", "properties": {"node_id": 1254, "node_type": "type_change", "degree": 2, "link_types": "midblock+sidewalk"}, "geometry": {"type": "Point", "coordinates": [329829.835, 4699138.637]}}, {"type": "Feature", "properties": {"node_id": 1255, "node_type": "type_change", "degree": 3, "link_types": "midblock+sidewalk"}, "geometry": {"type": "Point", "coordinates": [329829.72, 4699134.2]}}, {"type": "Feature", "properties": {"node_id": 1256, "node_type": "type_change", "degree": 3, "link_types": "midblock+sidewalk"}, "geometry": {"type": "Point", "coordinates": [329829.8, 4699134.2]}}, {"type": "Feature", "properties": {"node_id": 1257, "node_type": "endpoint", "degree": 1, "link_types": "crosswalk"}, "geometry": {"type": "Point", "coordinates": [329099.72, 4699169.96]}}, {"type": "Feature", "properties": {"node_id": 1258, "node_type": "endpoint", "degree": 1, "link_types": "crosswalk"}, "geometry": {"type": "Point", "coordinates": [329098.68, 4699164.68]}}, {"type": "Feature", "properties": {"node_id": 1259, "node_type": "type_change", "degree": 2, "link_types": "midblock+sidewalk"}, "geometry": {"type": "Point", "coordinates": [328629.63, 4699145.982]}}, {"type": "Feature", "properties": {"node_id": 1260, "node_type": "type_change", "degree": 2, "link_types": "midblock+sidewalk"}, "geometry": {"type": "Point", "coordinates": [328623.023, 4699165.695]}}, {"type": "Feature", "properties": {"node_id": 1261, "node_type": "type_change", "degree": 3, "link_types": "pseudo+sidewalk"}, "geometry": {"type": "Point", "coordinates": [328617.16, 4699187.16]}}, {"type": "Feature", "properties": {"node_id": 1262, "node_type": "junction", "degree": 3, "link_types": "sidewalk"}, "geometry": {"type": "Point", "coordinates": [328895.16, 4698132.36]}}, {"type": "Feature", "properties": {"node_id": 1263, "node_type": "type_change", "degree": 2, "link_types": "pseudo+sidewalk"}, "geometry": {"type": "Point", "coordinates": [328895.08, 4698132.44]}}, {"type": "Feature", "properties": {"node_id": 1264, "node_type": "type_change", "degree": 2, "link_types": "crosswalk+pseudo"}, "geometry": {"type": "Point", "coordinates": [328893.16, 4698134.28]}}, {"type": "Feature", "properties": {"node_id": 1265, "node_type": "type_change", "degree": 2, "link_types": "crosswalk+pseudo"}, "geometry": {"type": "Point", "coordinates": [328877.32, 4698133.96]}}, {"type": "Feature", "properties": {"node_id": 1266, "node_type": "junction", "degree": 3, "link_types": "pseudo"}, "geometry": {"type": "Point", "coordinates": [328875.88, 4698133.96]}}, {"type": "Feature", "properties": {"node_id": 1267, "node_type": "type_change", "degree": 3, "link_types": "pseudo+sidewalk"}, "geometry": {"type": "Point", "coordinates": [328895.4, 4698132.6]}}, {"type": "Feature", "properties": {"node_id": 1268, "node_type": "endpoint", "degree": 1, "link_types": "sidewalk"}, "geometry": {"type": "Point", "coordinates": [328894.84, 4698123.96]}}, {"type": "Feature", "properties": {"node_id": 1269, "node_type": "junction", "degree": 3, "link_types": "sidewalk"}, "geometry": {"type": "Point", "coordinates": [329445.72, 4699381.24]}}, {"type": "Feature", "properties": {"node_id": 1270, "node_type": "endpoint", "degree": 1, "link_types": "sidewalk"}, "geometry": {"type": "Point", "coordinates": [329458.2, 4699397.0]}}, {"type": "Feature", "properties": {"node_id": 1271, "node_type": "junction", "degree": 3, "link_types": "sidewalk"}, "geometry": {"type": "Point", "coordinates": [329445.64, 4699381.24]}}, {"type": "Feature", "properties": {"node_id": 1272, "node_type": "junction", "degree": 3, "link_types": "sidewalk"}, "geometry": {"type": "Point", "coordinates": [329445.64, 4699381.16]}}, {"type": "Feature", "properties": {"node_id": 1273, "node_type": "junction", "degree": 3, "link_types": "sidewalk"}, "geometry": {"type": "Point", "coordinates": [329594.92, 4699076.68]}}, {"type": "Feature", "properties": {"node_id": 1274, "node_type": "type_change", "degree": 2, "link_types": "pseudo+sidewalk"}, "geometry": {"type": "Point", "coordinates": [329594.84, 4699076.76]}}, {"type": "Feature", "properties": {"node_id": 1275, "node_type": "type_change", "degree": 2, "link_types": "crosswalk+pseudo"}, "geometry": {"type": "Point", "coordinates": [329594.68, 4699077.0]}}, {"type": "Feature", "properties": {"node_id": 1276, "node_type": "type_change", "degree": 2, "link_types": "crosswalk+pseudo"}, "geometry": {"type": "Point", "coordinates": [329598.04, 4699102.44]}}, {"type": "Feature", "properties": {"node_id": 1277, "node_type": "junction", "degree": 3, "link_types": "pseudo"}, "geometry": {"type": "Point", "coordinates": [329597.32, 4699104.52]}}, {"type": "Feature", "properties": {"node_id": 1278, "node_type": "junction", "degree": 3, "link_types": "sidewalk"}, "geometry": {"type": "Point", "coordinates": [329598.2, 4699076.92]}}, {"type": "Feature", "properties": {"node_id": 1279, "node_type": "type_change", "degree": 3, "link_types": "pseudo+sidewalk"}, "geometry": {"type": "Point", "coordinates": [329593.64, 4699075.88]}}, {"type": "Feature", "properties": {"node_id": 1280, "node_type": "junction", "degree": 3, "link_types": "sidewalk"}, "geometry": {"type": "Point", "coordinates": [329269.72, 4698675.16]}}, {"type": "Feature", "properties": {"node_id": 1281, "node_type": "type_change", "degree": 3, "link_types": "pseudo+sidewalk"}, "geometry": {"type": "Point", "coordinates": [329269.72, 4698675.24]}}, {"type": "Feature", "properties": {"node_id": 1282, "node_type": "type_change", "degree": 3, "link_types": "pseudo+sidewalk"}, "geometry": {"type": "Point", "coordinates": [329269.8, 4698675.16]}}, {"type": "Feature", "properties": {"node_id": 1283, "node_type": "junction", "degree": 3, "link_types": "sidewalk"}, "geometry": {"type": "Point", "coordinates": [329268.44, 4698669.0]}}, {"type": "Feature", "properties": {"node_id": 1284, "node_type": "junction", "degree": 3, "link_types": "sidewalk"}, "geometry": {"type": "Point", "coordinates": [329637.08, 4698486.44]}}, {"type": "Feature", "properties": {"node_id": 1285, "node_type": "endpoint", "degree": 1, "link_types": "sidewalk"}, "geometry": {"type": "Point", "coordinates": [329636.2, 4698514.84]}}, {"type": "Feature", "properties": {"node_id": 1286, "node_type": "type_change", "degree": 3, "link_types": "pseudo+sidewalk"}, "geometry": {"type": "Point", "coordinates": [329637.0, 4698486.36]}}, {"type": "Feature", "properties": {"node_id": 1287, "node_type": "junction", "degree": 3, "link_types": "sidewalk"}, "geometry": {"type": "Point", "coordinates": [329637.08, 4698486.36]}}, {"type": "Feature", "properties": {"node_id": 1288, "node_type": "junction", "degree": 3, "link_types": "pseudo"}, "geometry": {"type": "Point", "coordinates": [329546.76, 4699105.16]}}, {"type": "Feature", "properties": {"node_id": 1289, "node_type": "type_change", "degree": 3, "link_types": "pseudo+sidewalk"}, "geometry": {"type": "Point", "coordinates": [329546.76, 4699105.24]}}, {"type": "Feature", "properties": {"node_id": 1290, "node_type": "type_change", "degree": 3, "link_types": "pseudo+sidewalk"}, "geometry": {"type": "Point", "coordinates": [329546.84, 4699105.24]}}, {"type": "Feature", "properties": {"node_id": 1291, "node_type": "type_change", "degree": 2, "link_types": "crosswalk+pseudo"}, "geometry": {"type": "Point", "coordinates": [329546.68, 4699104.68]}}, {"type": "Feature", "properties": {"node_id": 1292, "node_type": "endpoint", "degree": 1, "link_types": "crosswalk"}, "geometry": {"type": "Point", "coordinates": [329543.32, 4699097.0]}}, {"type": "Feature", "properties": {"node_id": 1293, "node_type": "endpoint", "degree": 1, "link_types": "sidewalk"}, "geometry": {"type": "Point", "coordinates": [328749.96, 4699130.6]}}, {"type": "Feature", "properties": {"node_id": 1294, "node_type": "endpoint", "degree": 1, "link_types": "sidewalk"}, "geometry": {"type": "Point", "coordinates": [328735.56, 4699205.88]}}, {"type": "Feature", "properties": {"node_id": 1295, "node_type": "junction", "degree": 3, "link_types": "pseudo"}, "geometry": {"type": "Point", "coordinates": [329401.56, 4699245.0]}}, {"type": "Feature", "properties": {"node_id": 1296, "node_type": "type_change", "degree": 2, "link_types": "crosswalk+pseudo"}, "geometry": {"type": "Point", "coordinates": [329399.88, 4699245.4]}}, {"type": "Feature", "properties": {"node_id": 1297, "node_type": "type_change", "degree": 2, "link_types": "crosswalk+pseudo"}, "geometry": {"type": "Point", "coordinates": [329389.96, 4699248.76]}}, {"type": "Feature", "properties": {"node_id": 1298, "node_type": "type_change", "degree": 3, "link_types": "pseudo+sidewalk"}, "geometry": {"type": "Point", "coordinates": [329401.64, 4699245.0]}}, {"type": "Feature", "properties": {"node_id": 1299, "node_type": "type_change", "degree": 3, "link_types": "pseudo+sidewalk"}, "geometry": {"type": "Point", "coordinates": [329401.64, 4699244.92]}}, {"type": "Feature", "properties": {"node_id": 1300, "node_type": "endpoint", "degree": 1, "link_types": "sidewalk"}, "geometry": {"type": "Point", "coordinates": [329782.04, 4699044.44]}}, {"type": "Feature", "properties": {"node_id": 1301, "node_type": "type_change", "degree": 3, "link_types": "pseudo+sidewalk"}, "geometry": {"type": "Point", "coordinates": [329784.36, 4699055.08]}}, {"type": "Feature", "properties": {"node_id": 1302, "node_type": "endpoint", "degree": 1, "link_types": "sidewalk"}, "geometry": {"type": "Point", "coordinates": [329939.0, 4698706.76]}}, {"type": "Feature", "properties": {"node_id": 1303, "node_type": "type_change", "degree": 3, "link_types": "pseudo+sidewalk"}, "geometry": {"type": "Point", "coordinates": [329940.28, 4698692.36]}}, {"type": "Feature", "properties": {"node_id": 1304, "node_type": "endpoint", "degree": 1, "link_types": "sidewalk"}, "geometry": {"type": "Point", "coordinates": [329283.48, 4698798.68]}}, {"type": "Feature", "properties": {"node_id": 1305, "node_type": "endpoint", "degree": 1, "link_types": "sidewalk"}, "geometry": {"type": "Point", "coordinates": [329271.24, 4698760.76]}}, {"type": "Feature", "properties": {"node_id": 1306, "node_type": "endpoint", "degree": 1, "link_types": "sidewalk"}, "geometry": {"type": "Point", "coordinates": [328820.28, 4698563.32]}}, {"type": "Feature", "properties": {"node_id": 1307, "node_type": "type_change", "degree": 2, "link_types": "midblock+sidewalk"}, "geometry": {"type": "Point", "coordinates": [328838.454, 4698552.509]}}, {"type": "Feature", "properties": {"node_id": 1308, "node_type": "type_change", "degree": 2, "link_types": "midblock+sidewalk"}, "geometry": {"type": "Point", "coordinates": [328851.641, 4698552.106]}}, {"type": "Feature", "properties": {"node_id": 1309, "node_type": "endpoint", "degree": 1, "link_types": "sidewalk"}, "geometry": {"type": "Point", "coordinates": [328863.0, 4698551.08]}}, {"type": "Feature", "properties": {"node_id": 1310, "node_type": "endpoint", "degree": 1, "link_types": "crosswalk"}, "geometry": {"type": "Point", "coordinates": [329913.64, 4699111.56]}}, {"type": "Feature", "properties": {"node_id": 1311, "node_type": "junction", "degree": 3, "link_types": "crosswalk"}, "geometry": {"type": "Point", "coordinates": [329913.56, 4699111.64]}}, {"type": "Feature", "properties": {"node_id": 1312, "node_type": "endpoint", "degree": 1, "link_types": "sidewalk"}, "geometry": {"type": "Point", "coordinates": [329402.44, 4699213.08]}}, {"type": "Feature", "properties": {"node_id": 1313, "node_type": "type_change", "degree": 3, "link_types": "pseudo+sidewalk"}, "geometry": {"type": "Point", "coordinates": [329410.44, 4699232.44]}}, {"type": "Feature", "properties": {"node_id": 1314, "node_type": "endpoint", "degree": 1, "link_types": "sidewalk"}, "geometry": {"type": "Point", "coordinates": [329525.64, 4698876.2]}}, {"type": "Feature", "properties": {"node_id": 1315, "node_type": "type_change", "degree": 2, "link_types": "pseudo+sidewalk"}, "geometry": {"type": "Point", "coordinates": [329525.64, 4698876.28]}}, {"type": "Feature", "properties": {"node_id": 1316, "node_type": "type_change", "degree": 2, "link_types": "crosswalk+pseudo"}, "geometry": {"type": "Point", "coordinates": [329525.88, 4698877.0]}}, {"type": "Feature", "properties": {"node_id": 1317, "node_type": "type_change", "degree": 2, "link_types": "crosswalk+pseudo"}, "geometry": {"type": "Point", "coordinates": [329517.88, 4698882.76]}}, {"type": "Feature", "properties": {"node_id": 1318, "node_type": "junction", "degree": 3, "link_types": "pseudo"}, "geometry": {"type": "Point", "coordinates": [329517.56, 4698883.64]}}, {"type": "Feature", "properties": {"node_id": 1319, "node_type": "junction", "degree": 3, "link_types": "sidewalk"}, "geometry": {"type": "Point", "coordinates": [329212.92, 4698248.28]}}, {"type": "Feature", "properties": {"node_id": 1320, "node_type": "endpoint", "degree": 1, "link_types": "sidewalk"}, "geometry": {"type": "Point", "coordinates": [329214.28, 4698270.6]}}, {"type": "Feature", "properties": {"node_id": 1321, "node_type": "type_change", "degree": 2, "link_types": "pseudo+sidewalk"}, "geometry": {"type": "Point", "coordinates": [329213.0, 4698248.2]}}, {"type": "Feature", "properties": {"node_id": 1322, "node_type": "type_change", "degree": 2, "link_types": "crosswalk+pseudo"}, "geometry": {"type": "Point", "coordinates": [329214.28, 4698247.24]}}, {"type": "Feature", "properties": {"node_id": 1323, "node_type": "type_change", "degree": 2, "link_types": "crosswalk+pseudo"}, "geometry": {"type": "Point", "coordinates": [329235.24, 4698250.84]}}, {"type": "Feature", "properties": {"node_id": 1324, "node_type": "type_change", "degree": 3, "link_types": "pseudo+sidewalk"}, "geometry": {"type": "Point", "coordinates": [329235.72, 4698251.08]}}, {"type": "Feature", "properties": {"node_id": 1325, "node_type": "endpoint", "degree": 1, "link_types": "sidewalk"}, "geometry": {"type": "Point", "coordinates": [328652.76, 4698941.48]}}, {"type": "Feature", "properties": {"node_id": 1326, "node_type": "type_change", "degree": 2, "link_types": "pseudo+sidewalk"}, "geometry": {"type": "Point", "coordinates": [328652.68, 4698941.48]}}, {"type": "Feature", "properties": {"node_id": 1327, "node_type": "type_change", "degree": 2, "link_types": "crosswalk+pseudo"}, "geometry": {"type": "Point", "coordinates": [328651.4, 4698941.32]}}, {"type": "Feature", "properties": {"node_id": 1328, "node_type": "type_change", "degree": 2, "link_types": "crosswalk+pseudo"}, "geometry": {"type": "Point", "coordinates": [328657.64, 4698933.0]}}, {"type": "Feature", "properties": {"node_id": 1329, "node_type": "endpoint", "degree": 1, "link_types": "sidewalk"}, "geometry": {"type": "Point", "coordinates": [329562.92, 4699440.84]}}, {"type": "Feature", "properties": {"node_id": 1330, "node_type": "type_change", "degree": 2, "link_types": "midblock+sidewalk"}, "geometry": {"type": "Point", "coordinates": [329579.066, 4699443.184]}}, {"type": "Feature", "properties": {"node_id": 1331, "node_type": "type_change", "degree": 2, "link_types": "midblock+sidewalk"}, "geometry": {"type": "Point", "coordinates": [329587.535, 4699444.414]}}, {"type": "Feature", "properties": {"node_id": 1332, "node_type": "type_change", "degree": 2, "link_types": "midblock+sidewalk"}, "geometry": {"type": "Point", "coordinates": [329598.221, 4699445.965]}}, {"type": "Feature", "properties": {"node_id": 1333, "node_type": "type_change", "degree": 2, "link_types": "midblock+sidewalk"}, "geometry": {"type": "Point", "coordinates": [329599.408, 4699446.137]}}, {"type": "Feature", "properties": {"node_id": 1334, "node_type": "type_change", "degree": 3, "link_types": "pseudo+sidewalk"}, "geometry": {"type": "Point", "coordinates": [329620.84, 4699448.52]}}, {"type": "Feature", "properties": {"node_id": 1335, "node_type": "type_change", "degree": 3, "link_types": "pseudo+sidewalk"}, "geometry": {"type": "Point", "coordinates": [329184.52, 4699187.64]}}, {"type": "Feature", "properties": {"node_id": 1336, "node_type": "type_change", "degree": 3, "link_types": "pseudo+sidewalk"}, "geometry": {"type": "Point", "coordinates": [329184.6, 4699187.56]}}, {"type": "Feature", "properties": {"node_id": 1337, "node_type": "junction", "degree": 3, "link_types": "sidewalk"}, "geometry": {"type": "Point", "coordinates": [329630.2, 4698356.6]}}, {"type": "Feature", "properties": {"node_id": 1338, "node_type": "type_change", "degree": 3, "link_types": "pseudo+sidewalk"}, "geometry": {"type": "Point", "coordinates": [329630.28, 4698356.6]}}, {"type": "Feature", "properties": {"node_id": 1339, "node_type": "type_change", "degree": 2, "link_types": "pseudo+sidewalk"}, "geometry": {"type": "Point", "coordinates": [328980.92, 4699478.76]}}, {"type": "Feature", "properties": {"node_id": 1340, "node_type": "type_change", "degree": 2, "link_types": "crosswalk+pseudo"}, "geometry": {"type": "Point", "coordinates": [328979.8, 4699480.12]}}, {"type": "Feature", "properties": {"node_id": 1341, "node_type": "type_change", "degree": 2, "link_types": "crosswalk+pseudo"}, "geometry": {"type": "Point", "coordinates": [328978.84, 4699489.64]}}, {"type": "Feature", "properties": {"node_id": 1342, "node_type": "type_change", "degree": 3, "link_types": "pseudo+sidewalk"}, "geometry": {"type": "Point", "coordinates": [328979.56, 4699491.72]}}, {"type": "Feature", "properties": {"node_id": 1343, "node_type": "junction", "degree": 3, "link_types": "sidewalk"}, "geometry": {"type": "Point", "coordinates": [328980.52, 4699477.72]}}, {"type": "Feature", "properties": {"node_id": 1344, "node_type": "junction", "degree": 3, "link_types": "pseudo"}, "geometry": {"type": "Point", "coordinates": [329221.56, 4699301.48]}}, {"type": "Feature", "properties": {"node_id": 1345, "node_type": "type_change", "degree": 3, "link_types": "pseudo+sidewalk"}, "geometry": {"type": "Point", "coordinates": [329221.48, 4699301.56]}}, {"type": "Feature", "properties": {"node_id": 1346, "node_type": "type_change", "degree": 3, "link_types": "pseudo+sidewalk"}, "geometry": {"type": "Point", "coordinates": [329221.48, 4699301.48]}}, {"type": "Feature", "properties": {"node_id": 1347, "node_type": "type_change", "degree": 2, "link_types": "crosswalk+pseudo"}, "geometry": {"type": "Point", "coordinates": [329222.76, 4699300.92]}}, {"type": "Feature", "properties": {"node_id": 1348, "node_type": "type_change", "degree": 2, "link_types": "crosswalk+pseudo"}, "geometry": {"type": "Point", "coordinates": [329235.72, 4699301.64]}}, {"type": "Feature", "properties": {"node_id": 1349, "node_type": "type_change", "degree": 3, "link_types": "pseudo+sidewalk"}, "geometry": {"type": "Point", "coordinates": [329236.28, 4699302.28]}}, {"type": "Feature", "properties": {"node_id": 1350, "node_type": "type_change", "degree": 3, "link_types": "pseudo+sidewalk"}, "geometry": {"type": "Point", "coordinates": [329785.72, 4698912.68]}}, {"type": "Feature", "properties": {"node_id": 1351, "node_type": "type_change", "degree": 3, "link_types": "pseudo+sidewalk"}, "geometry": {"type": "Point", "coordinates": [329785.72, 4698912.6]}}, {"type": "Feature", "properties": {"node_id": 1352, "node_type": "junction", "degree": 3, "link_types": "sidewalk"}, "geometry": {"type": "Point", "coordinates": [328798.52, 4699460.6]}}, {"type": "Feature", "properties": {"node_id": 1353, "node_type": "type_change", "degree": 3, "link_types": "pseudo+sidewalk"}, "geometry": {"type": "Point", "coordinates": [328798.52, 4699460.68]}}, {"type": "Feature", "properties": {"node_id": 1354, "node_type": "junction", "degree": 3, "link_types": "sidewalk"}, "geometry": {"type": "Point", "coordinates": [328798.6, 4699460.6]}}, {"type": "Feature", "properties": {"node_id": 1355, "node_type": "junction", "degree": 3, "link_types": "sidewalk"}, "geometry": {"type": "Point", "coordinates": [329519.4, 4699095.88]}}, {"type": "Feature", "properties": {"node_id": 1356, "node_type": "endpoint", "degree": 1, "link_types": "sidewalk"}, "geometry": {"type": "Point", "coordinates": [329512.76, 4699095.48]}}, {"type": "Feature", "properties": {"node_id": 1357, "node_type": "type_change", "degree": 2, "link_types": "pseudo+sidewalk"}, "geometry": {"type": "Point", "coordinates": [329519.48, 4699095.96]}}, {"type": "Feature", "properties": {"node_id": 1358, "node_type": "type_change", "degree": 2, "link_types": "crosswalk+pseudo"}, "geometry": {"type": "Point", "coordinates": [329521.8, 4699098.2]}}, {"type": "Feature", "properties": {"node_id": 1359, "node_type": "type_change", "degree": 2, "link_types": "crosswalk+pseudo"}, "geometry": {"type": "Point", "coordinates": [329523.4, 4699108.92]}}, {"type": "Feature", "properties": {"node_id": 1360, "node_type": "type_change", "degree": 2, "link_types": "pseudo+sidewalk"}, "geometry": {"type": "Point", "coordinates": [329521.8, 4699108.44]}}, {"type": "Feature", "properties": {"node_id": 1361, "node_type": "type_change", "degree": 2, "link_types": "midblock+sidewalk"}, "geometry": {"type": "Point", "coordinates": [329519.489, 4699108.501]}}, {"type": "Feature", "properties": {"node_id": 1362, "node_type": "type_change", "degree": 2, "link_types": "midblock+sidewalk"}, "geometry": {"type": "Point", "coordinates": [329517.656, 4699108.55]}}, {"type": "Feature", "properties": {"node_id": 1363, "node_type": "endpoint", "degree": 1, "link_types": "sidewalk"}, "geometry": {"type": "Point", "coordinates": [329500.6, 4699109.0]}}, {"type": "Feature", "properties": {"node_id": 1364, "node_type": "type_change", "degree": 3, "link_types": "pseudo+sidewalk"}, "geometry": {"type": "Point", "coordinates": [329519.0, 4699094.52]}}, {"type": "Feature", "properties": {"node_id": 1365, "node_type": "endpoint", "degree": 1, "link_types": "sidewalk"}, "geometry": {"type": "Point", "coordinates": [329989.96, 4699089.72]}}, {"type": "Feature", "properties": {"node_id": 1366, "node_type": "endpoint", "degree": 1, "link_types": "sidewalk"}, "geometry": {"type": "Point", "coordinates": [329966.52, 4699096.76]}}, {"type": "Feature", "properties": {"node_id": 1367, "node_type": "endpoint", "degree": 1, "link_types": "sidewalk"}, "geometry": {"type": "Point", "coordinates": [329314.6, 4698846.04]}}, {"type": "Feature", "properties": {"node_id": 1368, "node_type": "endpoint", "degree": 1, "link_types": "sidewalk"}, "geometry": {"type": "Point", "coordinates": [329339.32, 4698847.08]}}, {"type": "Feature", "properties": {"node_id": 1369, "node_type": "endpoint", "degree": 1, "link_types": "sidewalk"}, "geometry": {"type": "Point", "coordinates": [328767.56, 4698694.36]}}, {"type": "Feature", "properties": {"node_id": 1370, "node_type": "type_change", "degree": 2, "link_types": "midblock+sidewalk"}, "geometry": {"type": "Point", "coordinates": [328732.885, 4698695.297]}}, {"type": "Feature", "properties": {"node_id": 1371, "node_type": "type_change", "degree": 2, "link_types": "midblock+sidewalk"}, "geometry": {"type": "Point", "coordinates": [328729.769, 4698695.382]}}, {"type": "Feature", "properties": {"node_id": 1372, "node_type": "type_change", "degree": 3, "link_types": "pseudo+sidewalk"}, "geometry": {"type": "Point", "coordinates": [328705.4, 4698696.04]}}, {"type": "Feature", "properties": {"node_id": 1373, "node_type": "junction", "degree": 3, "link_types": "pseudo"}, "geometry": {"type": "Point", "coordinates": [329887.8, 4698926.6]}}, {"type": "Feature", "properties": {"node_id": 1374, "node_type": "type_change", "degree": 3, "link_types": "pseudo+sidewalk"}, "geometry": {"type": "Point", "coordinates": [329887.8, 4698926.68]}}, {"type": "Feature", "properties": {"node_id": 1375, "node_type": "type_change", "degree": 3, "link_types": "pseudo+sidewalk"}, "geometry": {"type": "Point", "coordinates": [329887.88, 4698926.68]}}, {"type": "Feature", "properties": {"node_id": 1376, "node_type": "type_change", "degree": 2, "link_types": "crosswalk+pseudo"}, "geometry": {"type": "Point", "coordinates": [329887.48, 4698925.4]}}, {"type": "Feature", "properties": {"node_id": 1377, "node_type": "junction", "degree": 3, "link_types": "sidewalk"}, "geometry": {"type": "Point", "coordinates": [328908.44, 4699330.04]}}, {"type": "Feature", "properties": {"node_id": 1378, "node_type": "type_change", "degree": 3, "link_types": "pseudo+sidewalk"}, "geometry": {"type": "Point", "coordinates": [328908.36, 4699330.12]}}, {"type": "Feature", "properties": {"node_id": 1379, "node_type": "junction", "degree": 3, "link_types": "sidewalk"}, "geometry": {"type": "Point", "coordinates": [328908.36, 4699330.04]}}, {"type": "Feature", "properties": {"node_id": 1380, "node_type": "endpoint", "degree": 1, "link_types": "sidewalk"}, "geometry": {"type": "Point", "coordinates": [328914.84, 4699330.84]}}, {"type": "Feature", "properties": {"node_id": 1381, "node_type": "endpoint", "degree": 1, "link_types": "sidewalk"}, "geometry": {"type": "Point", "coordinates": [328871.0, 4698550.84]}}, {"type": "Feature", "properties": {"node_id": 1382, "node_type": "type_change", "degree": 3, "link_types": "pseudo+sidewalk"}, "geometry": {"type": "Point", "coordinates": [328871.8, 4698551.32]}}, {"type": "Feature", "properties": {"node_id": 1383, "node_type": "endpoint", "degree": 1, "link_types": "sidewalk"}, "geometry": {"type": "Point", "coordinates": [329763.8, 4698518.44]}}, {"type": "Feature", "properties": {"node_id": 1384, "node_type": "type_change", "degree": 2, "link_types": "midblock+sidewalk"}, "geometry": {"type": "Point", "coordinates": [329758.622, 4698518.938]}}, {"type": "Feature", "properties": {"node_id": 1385, "node_type": "type_change", "degree": 2, "link_types": "midblock+sidewalk"}, "geometry": {"type": "Point", "coordinates": [329750.282, 4698518.352]}}, {"type": "Feature", "properties": {"node_id": 1386, "node_type": "endpoint", "degree": 1, "link_types": "sidewalk"}, "geometry": {"type": "Point", "coordinates": [329734.52, 4698525.16]}}, {"type": "Feature", "properties": {"node_id": 1387, "node_type": "endpoint", "degree": 1, "link_types": "sidewalk"}, "geometry": {"type": "Point", "coordinates": [329789.56, 4699068.44]}}, {"type": "Feature", "properties": {"node_id": 1388, "node_type": "type_change", "degree": 2, "link_types": "pseudo+sidewalk"}, "geometry": {"type": "Point", "coordinates": [329789.56, 4699068.52]}}, {"type": "Feature", "properties": {"node_id": 1389, "node_type": "type_change", "degree": 3, "link_types": "crosswalk+pseudo"}, "geometry": {"type": "Point", "coordinates": [329789.8, 4699071.16]}}, {"type": "Feature", "properties": {"node_id": 1390, "node_type": "endpoint", "degree": 1, "link_types": "sidewalk"}, "geometry": {"type": "Point", "coordinates": [329479.8, 4699301.72]}}, {"type": "Feature", "properties": {"node_id": 1391, "node_type": "type_change", "degree": 2, "link_types": "midblock+sidewalk"}, "geometry": {"type": "Point", "coordinates": [329535.558, 4699297.435]}}, {"type": "Feature", "properties": {"node_id": 1392, "node_type": "type_change", "degree": 2, "link_types": "midblock+sidewalk"}, "geometry": {"type": "Point", "coordinates": [329536.782, 4699299.15]}}, {"type": "Feature", "properties": {"node_id": 1393, "node_type": "endpoint", "degree": 1, "link_types": "sidewalk"}, "geometry": {"type": "Point", "coordinates": [329536.12, 4699308.36]}}, {"type": "Feature", "properties": {"node_id": 1394, "node_type": "junction", "degree": 3, "link_types": "sidewalk"}, "geometry": {"type": "Point", "coordinates": [329836.76, 4699058.84]}}, {"type": "Feature", "properties": {"node_id": 1395, "node_type": "endpoint", "degree": 1, "link_types": "sidewalk"}, "geometry": {"type": "Point", "coordinates": [329834.28, 4699059.32]}}, {"type": "Feature", "properties": {"node_id": 1396, "node_type": "type_change", "degree": 3, "link_types": "pseudo+sidewalk"}, "geometry": {"type": "Point", "coordinates": [329836.76, 4699058.76]}}, {"type": "Feature", "properties": {"node_id": 1397, "node_type": "endpoint", "degree": 1, "link_types": "crosswalk"}, "geometry": {"type": "Point", "coordinates": [329737.24, 4698510.6]}}, {"type": "Feature", "properties": {"node_id": 1398, "node_type": "junction", "degree": 3, "link_types": "crosswalk"}, "geometry": {"type": "Point", "coordinates": [329737.08, 4698510.76]}}, {"type": "Feature", "properties": {"node_id": 1399, "node_type": "junction", "degree": 3, "link_types": "sidewalk"}, "geometry": {"type": "Point", "coordinates": [329200.12, 4699233.08]}}, {"type": "Feature", "properties": {"node_id": 1400, "node_type": "endpoint", "degree": 1, "link_types": "sidewalk"}, "geometry": {"type": "Point", "coordinates": [329199.96, 4699234.12]}}, {"type": "Feature", "properties": {"node_id": 1401, "node_type": "type_change", "degree": 3, "link_types": "pseudo+sidewalk"}, "geometry": {"type": "Point", "coordinates": [329200.04, 4699233.0]}}, {"type": "Feature", "properties": {"node_id": 1402, "node_type": "type_change", "degree": 3, "link_types": "pseudo+sidewalk"}, "geometry": {"type": "Point", "coordinates": [329200.12, 4699233.0]}}, {"type": "Feature", "properties": {"node_id": 1403, "node_type": "endpoint", "degree": 1, "link_types": "sidewalk"}, "geometry": {"type": "Point", "coordinates": [329330.28, 4698485.16]}}, {"type": "Feature", "properties": {"node_id": 1404, "node_type": "type_change", "degree": 2, "link_types": "midblock+sidewalk"}, "geometry": {"type": "Point", "coordinates": [329318.464, 4698484.806]}}, {"type": "Feature", "properties": {"node_id": 1405, "node_type": "type_change", "degree": 2, "link_types": "midblock+sidewalk"}, "geometry": {"type": "Point", "coordinates": [329317.137, 4698485.039]}}, {"type": "Feature", "properties": {"node_id": 1406, "node_type": "type_change", "degree": 2, "link_types": "midblock+sidewalk"}, "geometry": {"type": "Point", "coordinates": [329305.238, 4698488.69]}}, {"type": "Feature", "properties": {"node_id": 1407, "node_type": "endpoint", "degree": 1, "link_types": "midblock"}, "geometry": {"type": "Point", "coordinates": [329302.2, 4698487.56]}}, {"type": "Feature", "properties": {"node_id": 1408, "node_type": "endpoint", "degree": 1, "link_types": "midblock"}, "geometry": {"type": "Point", "coordinates": [329732.12, 4698309.0]}}, {"type": "Feature", "properties": {"node_id": 1409, "node_type": "type_change", "degree": 2, "link_types": "midblock+sidewalk"}, "geometry": {"type": "Point", "coordinates": [329731.63, 4698306.682]}}, {"type": "Feature", "properties": {"node_id": 1410, "node_type": "type_change", "degree": 3, "link_types": "pseudo+sidewalk"}, "geometry": {"type": "Point", "coordinates": [329731.24, 4698290.68]}}, {"type": "Feature", "properties": {"node_id": 1411, "node_type": "junction", "degree": 3, "link_types": "sidewalk"}, "geometry": {"type": "Point", "coordinates": [329140.84, 4698773.56]}}, {"type": "Feature", "properties": {"node_id": 1412, "node_type": "junction", "degree": 3, "link_types": "sidewalk"}, "geometry": {"type": "Point", "coordinates": [329140.84, 4698773.64]}}, {"type": "Feature", "properties": {"node_id": 1413, "node_type": "type_change", "degree": 2, "link_types": "midblock+sidewalk"}, "geometry": {"type": "Point", "coordinates": [329140.725, 4698772.528]}}, {"type": "Feature", "properties": {"node_id": 1414, "node_type": "type_change", "degree": 3, "link_types": "midblock+sidewalk"}, "geometry": {"type": "Point", "coordinates": [329139.72, 4698763.56]}}, {"type": "Feature", "properties": {"node_id": 1415, "node_type": "type_change", "degree": 3, "link_types": "pseudo+sidewalk"}, "geometry": {"type": "Point", "coordinates": [328871.08, 4698356.36]}}, {"type": "Feature", "properties": {"node_id": 1416, "node_type": "endpoint", "degree": 1, "link_types": "sidewalk"}, "geometry": {"type": "Point", "coordinates": [329162.68, 4698866.6]}}, {"type": "Feature", "properties": {"node_id": 1417, "node_type": "type_change", "degree": 2, "link_types": "midblock+sidewalk"}, "geometry": {"type": "Point", "coordinates": [329160.211, 4698853.37]}}, {"type": "Feature", "properties": {"node_id": 1418, "node_type": "type_change", "degree": 2, "link_types": "midblock+sidewalk"}, "geometry": {"type": "Point", "coordinates": [329160.098, 4698852.017]}}, {"type": "Feature", "properties": {"node_id": 1419, "node_type": "endpoint", "degree": 1, "link_types": "sidewalk"}, "geometry": {"type": "Point", "coordinates": [329159.72, 4698847.48]}}, {"type": "Feature", "properties": {"node_id": 1420, "node_type": "endpoint", "degree": 1, "link_types": "sidewalk"}, "geometry": {"type": "Point", "coordinates": [329600.36, 4698280.84]}}, {"type": "Feature", "properties": {"node_id": 1421, "node_type": "type_change", "degree": 2, "link_types": "pseudo+sidewalk"}, "geometry": {"type": "Point", "coordinates": [329600.28, 4698280.92]}}, {"type": "Feature", "properties": {"node_id": 1422, "node_type": "type_change", "degree": 2, "link_types": "crosswalk+pseudo"}, "geometry": {"type": "Point", "coordinates": [329599.4, 4698281.48]}}, {"type": "Feature", "properties": {"node_id": 1423, "node_type": "type_change", "degree": 2, "link_types": "crosswalk+pseudo"}, "geometry": {"type": "Point", "coordinates": [329598.28, 4698272.28]}}, {"type": "Feature", "properties": {"node_id": 1424, "node_type": "type_change", "degree": 3, "link_types": "pseudo+sidewalk"}, "geometry": {"type": "Point", "coordinates": [329598.2, 4698271.48]}}, {"type": "Feature", "properties": {"node_id": 1425, "node_type": "junction", "degree": 3, "link_types": "sidewalk"}, "geometry": {"type": "Point", "coordinates": [329745.64, 4698275.96]}}, {"type": "Feature", "properties": {"node_id": 1426, "node_type": "junction", "degree": 3, "link_types": "sidewalk"}, "geometry": {"type": "Point", "coordinates": [329746.6, 4698276.76]}}, {"type": "Feature", "properties": {"node_id": 1427, "node_type": "type_change", "degree": 3, "link_types": "pseudo+sidewalk"}, "geometry": {"type": "Point", "coordinates": [329745.56, 4698275.96]}}, {"type": "Feature", "properties": {"node_id": 1428, "node_type": "junction", "degree": 3, "link_types": "sidewalk"}, "geometry": {"type": "Point", "coordinates": [329745.64, 4698275.88]}}, {"type": "Feature", "properties": {"node_id": 1429, "node_type": "junction", "degree": 3, "link_types": "pseudo"}, "geometry": {"type": "Point", "coordinates": [329305.08, 4699174.12]}}, {"type": "Feature", "properties": {"node_id": 1430, "node_type": "type_change", "degree": 2, "link_types": "crosswalk+pseudo"}, "geometry": {"type": "Point", "coordinates": [329305.08, 4699175.08]}}, {"type": "Feature", "properties": {"node_id": 1431, "node_type": "type_change", "degree": 2, "link_types": "crosswalk+pseudo"}, "geometry": {"type": "Point", "coordinates": [329317.16, 4699182.12]}}, {"type": "Feature", "properties": {"node_id": 1432, "node_type": "endpoint", "degree": 1, "link_types": "pseudo"}, "geometry": {"type": "Point", "coordinates": [329316.12, 4699183.48]}}, {"type": "Feature", "properties": {"node_id": 1433, "node_type": "type_change", "degree": 2, "link_types": "pseudo+sidewalk"}, "geometry": {"type": "Point", "coordinates": [329305.0, 4699174.04]}}, {"type": "Feature", "properties": {"node_id": 1434, "node_type": "endpoint", "degree": 1, "link_types": "pseudo"}, "geometry": {"type": "Point", "coordinates": [329305.16, 4699174.04]}}, {"type": "Feature", "properties": {"node_id": 1435, "node_type": "junction", "degree": 3, "link_types": "sidewalk"}, "geometry": {"type": "Point", "coordinates": [329255.96, 4698696.04]}}, {"type": "Feature", "properties": {"node_id": 1436, "node_type": "type_change", "degree": 3, "link_types": "pseudo+sidewalk"}, "geometry": {"type": "Point", "coordinates": [329255.96, 4698696.12]}}, {"type": "Feature", "properties": {"node_id": 1437, "node_type": "type_change", "degree": 3, "link_types": "pseudo+sidewalk"}, "geometry": {"type": "Point", "coordinates": [329256.04, 4698696.04]}}, {"type": "Feature", "properties": {"node_id": 1438, "node_type": "type_change", "degree": 3, "link_types": "pseudo+sidewalk"}, "geometry": {"type": "Point", "coordinates": [329253.8, 4698693.0]}}, {"type": "Feature", "properties": {"node_id": 1439, "node_type": "type_change", "degree": 2, "link_types": "pseudo+sidewalk"}, "geometry": {"type": "Point", "coordinates": [329726.28, 4698353.88]}}, {"type": "Feature", "properties": {"node_id": 1440, "node_type": "type_change", "degree": 2, "link_types": "midblock+sidewalk"}, "geometry": {"type": "Point", "coordinates": [329710.632, 4698353.496]}}, {"type": "Feature", "properties": {"node_id": 1441, "node_type": "type_change", "degree": 2, "link_types": "midblock+sidewalk"}, "geometry": {"type": "Point", "coordinates": [329704.245, 4698353.339]}}, {"type": "Feature", "properties": {"node_id": 1442, "node_type": "endpoint", "degree": 1, "link_types": "sidewalk"}, "geometry": {"type": "Point", "coordinates": [329687.16, 4698352.92]}}, {"type": "Feature", "properties": {"node_id": 1443, "node_type": "type_change", "degree": 2, "link_types": "crosswalk+pseudo"}, "geometry": {"type": "Point", "coordinates": [328804.92, 4699303.88]}}, {"type": "Feature", "properties": {"node_id": 1444, "node_type": "endpoint", "degree": 1, "link_types": "sidewalk"}, "geometry": {"type": "Point", "coordinates": [329374.84, 4699447.88]}}, {"type": "Feature", "properties": {"node_id": 1445, "node_type": "type_change", "degree": 3, "link_types": "pseudo+sidewalk"}, "geometry": {"type": "Point", "coordinates": [329386.28, 4699448.36]}}, {"type": "Feature", "properties": {"node_id": 1446, "node_type": "endpoint", "degree": 1, "link_types": "sidewalk"}, "geometry": {"type": "Point", "coordinates": [328504.92, 4698946.92]}}, {"type": "Feature", "properties": {"node_id": 1447, "node_type": "type_change", "degree": 2, "link_types": "midblock+sidewalk"}, "geometry": {"type": "Point", "coordinates": [328520.414, 4698958.754]}}, {"type": "Feature", "properties": {"node_id": 1448, "node_type": "type_change", "degree": 2, "link_types": "midblock+sidewalk"}, "geometry": {"type": "Point", "coordinates": [328523.842, 4698960.903]}}, {"type": "Feature", "properties": {"node_id": 1449, "node_type": "endpoint", "degree": 1, "link_types": "sidewalk"}, "geometry": {"type": "Point", "coordinates": [328549.8, 4698975.56]}}, {"type": "Feature", "properties": {"node_id": 1450, "node_type": "endpoint", "degree": 1, "link_types": "sidewalk"}, "geometry": {"type": "Point", "coordinates": [329642.04, 4698878.44]}}, {"type": "Feature", "properties": {"node_id": 1451, "node_type": "type_change", "degree": 2, "link_types": "midblock+sidewalk"}, "geometry": {"type": "Point", "coordinates": [329716.779, 4698884.639]}}, {"type": "Feature", "properties": {"node_id": 1452, "node_type": "endpoint", "degree": 1, "link_types": "midblock"}, "geometry": {"type": "Point", "coordinates": [329720.84, 4698885.0]}}, {"type": "Feature", "properties": {"node_id": 1453, "node_type": "junction", "degree": 3, "link_types": "pseudo"}, "geometry": {"type": "Point", "coordinates": [329636.2, 4698131.72]}}, {"type": "Feature", "properties": {"node_id": 1454, "node_type": "type_change", "degree": 3, "link_types": "pseudo+sidewalk"}, "geometry": {"type": "Point", "coordinates": [329636.12, 4698131.8]}}, {"type": "Feature", "properties": {"node_id": 1455, "node_type": "type_change", "degree": 3, "link_types": "pseudo+sidewalk"}, "geometry": {"type": "Point", "coordinates": [329636.2, 4698131.8]}}, {"type": "Feature", "properties": {"node_id": 1456, "node_type": "type_change", "degree": 2, "link_types": "crosswalk+pseudo"}, "geometry": {"type": "Point", "coordinates": [329636.28, 4698127.88]}}, {"type": "Feature", "properties": {"node_id": 1457, "node_type": "type_change", "degree": 2, "link_types": "crosswalk+pseudo"}, "geometry": {"type": "Point", "coordinates": [329639.88, 4698128.52]}}, {"type": "Feature", "properties": {"node_id": 1458, "node_type": "endpoint", "degree": 1, "link_types": "sidewalk"}, "geometry": {"type": "Point", "coordinates": [328761.88, 4698333.96]}}, {"type": "Feature", "properties": {"node_id": 1459, "node_type": "type_change", "degree": 3, "link_types": "pseudo+sidewalk"}, "geometry": {"type": "Point", "coordinates": [328757.0, 4698348.2]}}, {"type": "Feature", "properties": {"node_id": 1460, "node_type": "type_change", "degree": 2, "link_types": "crosswalk+pseudo"}, "geometry": {"type": "Point", "coordinates": [329905.08, 4698913.0]}}, {"type": "Feature", "properties": {"node_id": 1461, "node_type": "endpoint", "degree": 1, "link_types": "crosswalk"}, "geometry": {"type": "Point", "coordinates": [329898.36, 4698909.96]}}, {"type": "Feature", "properties": {"node_id": 1462, "node_type": "endpoint", "degree": 1, "link_types": "sidewalk"}, "geometry": {"type": "Point", "coordinates": [329151.88, 4699497.64]}}, {"type": "Feature", "properties": {"node_id": 1463, "node_type": "type_change", "degree": 2, "link_types": "midblock+sidewalk"}, "geometry": {"type": "Point", "coordinates": [329127.53, 4699494.171]}}, {"type": "Feature", "properties": {"node_id": 1464, "node_type": "junction", "degree": 3, "link_types": "midblock"}, "geometry": {"type": "Point", "coordinates": [329120.12, 4699492.44]}}, {"type": "Feature", "properties": {"node_id": 1465, "node_type": "endpoint", "degree": 1, "link_types": "sidewalk"}, "geometry": {"type": "Point", "coordinates": [329822.2, 4699458.12]}}, {"type": "Feature", "properties": {"node_id": 1466, "node_type": "junction", "degree": 3, "link_types": "sidewalk"}, "geometry": {"type": "Point", "coordinates": [329870.04, 4699454.12]}}, {"type": "Feature", "properties": {"node_id": 1467, "node_type": "junction", "degree": 3, "link_types": "sidewalk"}, "geometry": {"type": "Point", "coordinates": [329878.52, 4699081.08]}}, {"type": "Feature", "properties": {"node_id": 1468, "node_type": "type_change", "degree": 3, "link_types": "pseudo+sidewalk"}, "geometry": {"type": "Point", "coordinates": [329878.44, 4699081.08]}}, {"type": "Feature", "properties": {"node_id": 1469, "node_type": "type_change", "degree": 3, "link_types": "pseudo+sidewalk"}, "geometry": {"type": "Point", "coordinates": [329878.52, 4699081.0]}}, {"type": "Feature", "properties": {"node_id": 1470, "node_type": "endpoint", "degree": 1, "link_types": "crosswalk"}, "geometry": {"type": "Point", "coordinates": [328501.8, 4699148.6]}}, {"type": "Feature", "properties": {"node_id": 1471, "node_type": "endpoint", "degree": 1, "link_types": "crosswalk"}, "geometry": {"type": "Point", "coordinates": [328503.0, 4699153.56]}}, {"type": "Feature", "properties": {"node_id": 1472, "node_type": "endpoint", "degree": 1, "link_types": "sidewalk"}, "geometry": {"type": "Point", "coordinates": [328646.6, 4699127.0]}}, {"type": "Feature", "properties": {"node_id": 1473, "node_type": "junction", "degree": 3, "link_types": "sidewalk"}, "geometry": {"type": "Point", "coordinates": [329732.28, 4699323.0]}}, {"type": "Feature", "properties": {"node_id": 1474, "node_type": "type_change", "degree": 3, "link_types": "pseudo+sidewalk"}, "geometry": {"type": "Point", "coordinates": [329732.28, 4699323.08]}}, {"type": "Feature", "properties": {"node_id": 1475, "node_type": "type_change", "degree": 3, "link_types": "pseudo+sidewalk"}, "geometry": {"type": "Point", "coordinates": [329732.2, 4699323.0]}}, {"type": "Feature", "properties": {"node_id": 1476, "node_type": "endpoint", "degree": 1, "link_types": "sidewalk"}, "geometry": {"type": "Point", "coordinates": [329737.8, 4699322.04]}}, {"type": "Feature", "properties": {"node_id": 1477, "node_type": "endpoint", "degree": 1, "link_types": "sidewalk"}, "geometry": {"type": "Point", "coordinates": [329664.12, 4698273.56]}}, {"type": "Feature", "properties": {"node_id": 1478, "node_type": "type_change", "degree": 3, "link_types": "pseudo+sidewalk"}, "geometry": {"type": "Point", "coordinates": [329731.64, 4698276.04]}}, {"type": "Feature", "properties": {"node_id": 1479, "node_type": "endpoint", "degree": 1, "link_types": "sidewalk"}, "geometry": {"type": "Point", "coordinates": [329942.2, 4698685.08]}}, {"type": "Feature", "properties": {"node_id": 1480, "node_type": "endpoint", "degree": 1, "link_types": "sidewalk"}, "geometry": {"type": "Point", "coordinates": [329993.88, 4698152.44]}}, {"type": "Feature", "properties": {"node_id": 1481, "node_type": "type_change", "degree": 3, "link_types": "pseudo+sidewalk"}, "geometry": {"type": "Point", "coordinates": [329995.8, 4698146.6]}}, {"type": "Feature", "properties": {"node_id": 1482, "node_type": "type_change", "degree": 3, "link_types": "pseudo+sidewalk"}, "geometry": {"type": "Point", "coordinates": [329597.24, 4699104.6]}}, {"type": "Feature", "properties": {"node_id": 1483, "node_type": "type_change", "degree": 3, "link_types": "pseudo+sidewalk"}, "geometry": {"type": "Point", "coordinates": [329597.32, 4699104.6]}}, {"type": "Feature", "properties": {"node_id": 1484, "node_type": "endpoint", "degree": 1, "link_types": "sidewalk"}, "geometry": {"type": "Point", "coordinates": [328507.32, 4698559.08]}}, {"type": "Feature", "properties": {"node_id": 1485, "node_type": "junction", "degree": 3, "link_types": "sidewalk"}, "geometry": {"type": "Point", "coordinates": [328514.12, 4698553.72]}}, {"type": "Feature", "properties": {"node_id": 1486, "node_type": "junction", "degree": 3, "link_types": "sidewalk"}, "geometry": {"type": "Point", "coordinates": [329006.52, 4699273.64]}}, {"type": "Feature", "properties": {"node_id": 1487, "node_type": "junction", "degree": 3, "link_types": "sidewalk"}, "geometry": {"type": "Point", "coordinates": [329003.32, 4699303.16]}}, {"type": "Feature", "properties": {"node_id": 1488, "node_type": "type_change", "degree": 2, "link_types": "midblock+sidewalk"}, "geometry": {"type": "Point", "coordinates": [328990.6, 4699271.398]}}, {"type": "Feature", "properties": {"node_id": 1489, "node_type": "type_change", "degree": 2, "link_types": "midblock+sidewalk"}, "geometry": {"type": "Point", "coordinates": [328987.907, 4699271.018]}}, {"type": "Feature", "properties": {"node_id": 1490, "node_type": "endpoint", "degree": 1, "link_types": "sidewalk"}, "geometry": {"type": "Point", "coordinates": [328927.0, 4699262.44]}}, {"type": "Feature", "properties": {"node_id": 1491, "node_type": "type_change", "degree": 2, "link_types": "crosswalk+pseudo"}, "geometry": {"type": "Point", "coordinates": [328954.52, 4699070.28]}}, {"type": "Feature", "properties": {"node_id": 1492, "node_type": "type_change", "degree": 2, "link_types": "crosswalk+pseudo"}, "geometry": {"type": "Point", "coordinates": [328947.72, 4699071.4]}}, {"type": "Feature", "properties": {"node_id": 1493, "node_type": "endpoint", "degree": 1, "link_types": "pseudo"}, "geometry": {"type": "Point", "coordinates": [328948.04, 4699072.28]}}, {"type": "Feature", "properties": {"node_id": 1494, "node_type": "type_change", "degree": 2, "link_types": "pseudo+sidewalk"}, "geometry": {"type": "Point", "coordinates": [328819.96, 4698253.56]}}, {"type": "Feature", "properties": {"node_id": 1495, "node_type": "type_change", "degree": 2, "link_types": "crosswalk+pseudo"}, "geometry": {"type": "Point", "coordinates": [328819.24, 4698252.92]}}, {"type": "Feature", "properties": {"node_id": 1496, "node_type": "type_change", "degree": 2, "link_types": "crosswalk+pseudo"}, "geometry": {"type": "Point", "coordinates": [328807.32, 4698253.48]}}, {"type": "Feature", "properties": {"node_id": 1497, "node_type": "type_change", "degree": 2, "link_types": "pseudo+sidewalk"}, "geometry": {"type": "Point", "coordinates": [328805.4, 4698253.32]}}, {"type": "Feature", "properties": {"node_id": 1498, "node_type": "junction", "degree": 3, "link_types": "sidewalk"}, "geometry": {"type": "Point", "coordinates": [328782.6, 4698253.96]}}, {"type": "Feature", "properties": {"node_id": 1499, "node_type": "type_change", "degree": 2, "link_types": "midblock+sidewalk"}, "geometry": {"type": "Point", "coordinates": [328842.346, 4698252.153]}}, {"type": "Feature", "properties": {"node_id": 1500, "node_type": "type_change", "degree": 2, "link_types": "midblock+sidewalk"}, "geometry": {"type": "Point", "coordinates": [328849.999, 4698251.982]}}, {"type": "Feature", "properties": {"node_id": 1501, "node_type": "type_change", "degree": 2, "link_types": "midblock+sidewalk"}, "geometry": {"type": "Point", "coordinates": [328858.846, 4698251.784]}}, {"type": "Feature", "properties": {"node_id": 1502, "node_type": "type_change", "degree": 2, "link_types": "midblock+sidewalk"}, "geometry": {"type": "Point", "coordinates": [328862.228, 4698251.991]}}, {"type": "Feature", "properties": {"node_id": 1503, "node_type": "junction", "degree": 3, "link_types": "sidewalk"}, "geometry": {"type": "Point", "coordinates": [328866.36, 4698253.88]}}, {"type": "Feature", "properties": {"node_id": 1504, "node_type": "type_change", "degree": 3, "link_types": "pseudo+sidewalk"}, "geometry": {"type": "Point", "coordinates": [328621.48, 4698243.88]}}, {"type": "Feature", "properties": {"node_id": 1505, "node_type": "endpoint", "degree": 1, "link_types": "sidewalk"}, "geometry": {"type": "Point", "coordinates": [329962.2, 4699401.4]}}, {"type": "Feature", "properties": {"node_id": 1506, "node_type": "endpoint", "degree": 1, "link_types": "sidewalk"}, "geometry": {"type": "Point", "coordinates": [329960.28, 4699421.16]}}, {"type": "Feature", "properties": {"node_id": 1507, "node_type": "endpoint", "degree": 1, "link_types": "midblock"}, "geometry": {"type": "Point", "coordinates": [329861.32, 4699223.16]}}, {"type": "Feature", "properties": {"node_id": 1508, "node_type": "type_change", "degree": 2, "link_types": "midblock+sidewalk"}, "geometry": {"type": "Point", "coordinates": [329852.754, 4699222.714]}}, {"type": "Feature", "properties": {"node_id": 1509, "node_type": "type_change", "degree": 2, "link_types": "pseudo+sidewalk"}, "geometry": {"type": "Point", "coordinates": [329847.08, 4699223.16]}}, {"type": "Feature", "properties": {"node_id": 1510, "node_type": "type_change", "degree": 2, "link_types": "crosswalk+pseudo"}, "geometry": {"type": "Point", "coordinates": [329846.6, 4699224.12]}}, {"type": "Feature", "properties": {"node_id": 1511, "node_type": "type_change", "degree": 2, "link_types": "crosswalk+pseudo"}, "geometry": {"type": "Point", "coordinates": [329847.72, 4699231.64]}}, {"type": "Feature", "properties": {"node_id": 1512, "node_type": "junction", "degree": 3, "link_types": "pseudo"}, "geometry": {"type": "Point", "coordinates": [329848.52, 4699233.24]}}, {"type": "Feature", "properties": {"node_id": 1513, "node_type": "junction", "degree": 3, "link_types": "sidewalk"}, "geometry": {"type": "Point", "coordinates": [329765.56, 4699031.88]}}, {"type": "Feature", "properties": {"node_id": 1514, "node_type": "type_change", "degree": 3, "link_types": "pseudo+sidewalk"}, "geometry": {"type": "Point", "coordinates": [329760.04, 4699061.32]}}, {"type": "Feature", "properties": {"node_id": 1515, "node_type": "endpoint", "degree": 1, "link_types": "sidewalk"}, "geometry": {"type": "Point", "coordinates": [329751.96, 4699033.08]}}, {"type": "Feature", "properties": {"node_id": 1516, "node_type": "type_change", "degree": 2, "link_types": "midblock+sidewalk"}, "geometry": {"type": "Point", "coordinates": [329766.004, 4699004.423]}}, {"type": "Feature", "properties": {"node_id": 1517, "node_type": "endpoint", "degree": 1, "link_types": "midblock"}, "geometry": {"type": "Point", "coordinates": [329766.12, 4698997.24]}}, {"type": "Feature", "properties": {"node_id": 1518, "node_type": "junction", "degree": 3, "link_types": "pseudo"}, "geometry": {"type": "Point", "coordinates": [329524.84, 4699414.28]}}, {"type": "Feature", "properties": {"node_id": 1519, "node_type": "type_change", "degree": 2, "link_types": "crosswalk+pseudo"}, "geometry": {"type": "Point", "coordinates": [329524.76, 4699415.24]}}, {"type": "Feature", "properties": {"node_id": 1520, "node_type": "type_change", "degree": 2, "link_types": "crosswalk+pseudo"}, "geometry": {"type": "Point", "coordinates": [329524.04, 4699423.16]}}, {"type": "Feature", "properties": {"node_id": 1521, "node_type": "endpoint", "degree": 1, "link_types": "pseudo"}, "geometry": {"type": "Point", "coordinates": [329522.76, 4699421.32]}}, {"type": "Feature", "properties": {"node_id": 1522, "node_type": "type_change", "degree": 3, "link_types": "pseudo+sidewalk"}, "geometry": {"type": "Point", "coordinates": [329524.92, 4699414.2]}}, {"type": "Feature", "properties": {"node_id": 1523, "node_type": "endpoint", "degree": 1, "link_types": "sidewalk"}, "geometry": {"type": "Point", "coordinates": [329774.84, 4699086.84]}}, {"type": "Feature", "properties": {"node_id": 1524, "node_type": "junction", "degree": 3, "link_types": "sidewalk"}, "geometry": {"type": "Point", "coordinates": [329981.64, 4699278.28]}}, {"type": "Feature", "properties": {"node_id": 1525, "node_type": "junction", "degree": 3, "link_types": "sidewalk"}, "geometry": {"type": "Point", "coordinates": [329981.56, 4699278.36]}}, {"type": "Feature", "properties": {"node_id": 1526, "node_type": "type_change", "degree": 3, "link_types": "pseudo+sidewalk"}, "geometry": {"type": "Point", "coordinates": [329982.84, 4699277.56]}}, {"type": "Feature", "properties": {"node_id": 1527, "node_type": "endpoint", "degree": 1, "link_types": "sidewalk"}, "geometry": {"type": "Point", "coordinates": [329930.12, 4699049.72]}}, {"type": "Feature", "properties": {"node_id": 1528, "node_type": "type_change", "degree": 3, "link_types": "pseudo+sidewalk"}, "geometry": {"type": "Point", "coordinates": [329909.8, 4699047.64]}}, {"type": "Feature", "properties": {"node_id": 1529, "node_type": "endpoint", "degree": 1, "link_types": "sidewalk"}, "geometry": {"type": "Point", "coordinates": [329525.16, 4698261.4]}}, {"type": "Feature", "properties": {"node_id": 1530, "node_type": "type_change", "degree": 3, "link_types": "pseudo+sidewalk"}, "geometry": {"type": "Point", "coordinates": [329525.32, 4698257.88]}}, {"type": "Feature", "properties": {"node_id": 1531, "node_type": "junction", "degree": 3, "link_types": "crosswalk"}, "geometry": {"type": "Point", "coordinates": [328879.16, 4698629.8]}}, {"type": "Feature", "properties": {"node_id": 1532, "node_type": "type_change", "degree": 2, "link_types": "crosswalk+pseudo"}, "geometry": {"type": "Point", "coordinates": [328864.28, 4698628.36]}}, {"type": "Feature", "properties": {"node_id": 1533, "node_type": "type_change", "degree": 3, "link_types": "crosswalk+sidewalk"}, "geometry": {"type": "Point", "coordinates": [328879.24, 4698629.72]}}, {"type": "Feature", "properties": {"node_id": 1534, "node_type": "endpoint", "degree": 1, "link_types": "sidewalk"}, "geometry": {"type": "Point", "coordinates": [329895.64, 4699027.16]}}, {"type": "Feature", "properties": {"node_id": 1535, "node_type": "type_change", "degree": 2, "link_types": "pseudo+sidewalk"}, "geometry": {"type": "Point", "coordinates": [329895.64, 4699027.24]}}, {"type": "Feature", "properties": {"node_id": 1536, "node_type": "type_change", "degree": 2, "link_types": "crosswalk+pseudo"}, "geometry": {"type": "Point", "coordinates": [329895.64, 4699030.36]}}, {"type": "Feature", "properties": {"node_id": 1537, "node_type": "type_change", "degree": 2, "link_types": "crosswalk+pseudo"}, "geometry": {"type": "Point", "coordinates": [329899.64, 4699026.52]}}, {"type": "Feature", "properties": {"node_id": 1538, "node_type": "junction", "degree": 3, "link_types": "pseudo"}, "geometry": {"type": "Point", "coordinates": [329902.04, 4699026.12]}}, {"type": "Feature", "properties": {"node_id": 1539, "node_type": "type_change", "degree": 2, "link_types": "midblock+sidewalk"}, "geometry": {"type": "Point", "coordinates": [328647.699, 4698245.251]}}, {"type": "Feature", "properties": {"node_id": 1540, "node_type": "type_change", "degree": 2, "link_types": "midblock+sidewalk"}, "geometry": {"type": "Point", "coordinates": [328651.214, 4698245.183]}}, {"type": "Feature", "properties": {"node_id": 1541, "node_type": "type_change", "degree": 2, "link_types": "midblock+sidewalk"}, "geometry": {"type": "Point", "coordinates": [328676.936, 4698244.685]}}, {"type": "Feature", "properties": {"node_id": 1542, "node_type": "type_change", "degree": 2, "link_types": "midblock+sidewalk"}, "geometry": {"type": "Point", "coordinates": [328680.45, 4698244.617]}}, {"type": "Feature", "properties": {"node_id": 1543, "node_type": "type_change", "degree": 2, "link_types": "midblock+sidewalk"}, "geometry": {"type": "Point", "coordinates": [328728.39, 4698242.666]}}, {"type": "Feature", "properties": {"node_id": 1544, "node_type": "type_change", "degree": 2, "link_types": "midblock+sidewalk"}, "geometry": {"type": "Point", "coordinates": [328733.09, 4698242.718]}}, {"type": "Feature", "properties": {"node_id": 1545, "node_type": "type_change", "degree": 2, "link_types": "midblock+sidewalk"}, "geometry": {"type": "Point", "coordinates": [328750.975, 4698242.186]}}, {"type": "Feature", "properties": {"node_id": 1546, "node_type": "type_change", "degree": 2, "link_types": "midblock+sidewalk"}, "geometry": {"type": "Point", "coordinates": [328760.96, 4698241.831]}}, {"type": "Feature", "properties": {"node_id": 1547, "node_type": "endpoint", "degree": 1, "link_types": "sidewalk"}, "geometry": {"type": "Point", "coordinates": [328786.6, 4698240.92]}}, {"type": "Feature", "properties": {"node_id": 1548, "node_type": "junction", "degree": 3, "link_types": "pseudo"}, "geometry": {"type": "Point", "coordinates": [329201.88, 4699232.2]}}, {"type": "Feature", "properties": {"node_id": 1549, "node_type": "type_change", "degree": 2, "link_types": "crosswalk+pseudo"}, "geometry": {"type": "Point", "coordinates": [329202.36, 4699233.72]}}, {"type": "Feature", "properties": {"node_id": 1550, "node_type": "type_change", "degree": 2, "link_types": "crosswalk+pseudo"}, "geometry": {"type": "Point", "coordinates": [329205.64, 4699242.6]}}, {"type": "Feature", "properties": {"node_id": 1551, "node_type": "type_change", "degree": 2, "link_types": "pseudo+sidewalk"}, "geometry": {"type": "Point", "coordinates": [329209.0, 4699243.72]}}, {"type": "Feature", "properties": {"node_id": 1552, "node_type": "endpoint", "degree": 1, "link_types": "sidewalk"}, "geometry": {"type": "Point", "coordinates": [329239.32, 4699222.84]}}, {"type": "Feature", "properties": {"node_id": 1553, "node_type": "type_change", "degree": 3, "link_types": "pseudo+sidewalk"}, "geometry": {"type": "Point", "coordinates": [329201.8, 4699232.12]}}, {"type": "Feature", "properties": {"node_id": 1554, "node_type": "type_change", "degree": 3, "link_types": "pseudo+sidewalk"}, "geometry": {"type": "Point", "coordinates": [329201.88, 4699232.12]}}, {"type": "Feature", "properties": {"node_id": 1555, "node_type": "junction", "degree": 3, "link_types": "sidewalk"}, "geometry": {"type": "Point", "coordinates": [329401.64, 4699244.76]}}, {"type": "Feature", "properties": {"node_id": 1556, "node_type": "type_change", "degree": 3, "link_types": "pseudo+sidewalk"}, "geometry": {"type": "Point", "coordinates": [329401.64, 4699244.68]}}, {"type": "Feature", "properties": {"node_id": 1557, "node_type": "type_change", "degree": 3, "link_types": "pseudo+sidewalk"}, "geometry": {"type": "Point", "coordinates": [329401.72, 4699244.68]}}, {"type": "Feature", "properties": {"node_id": 1558, "node_type": "endpoint", "degree": 1, "link_types": "sidewalk"}, "geometry": {"type": "Point", "coordinates": [329764.6, 4698939.48]}}, {"type": "Feature", "properties": {"node_id": 1559, "node_type": "junction", "degree": 3, "link_types": "sidewalk"}, "geometry": {"type": "Point", "coordinates": [329762.04, 4698907.96]}}, {"type": "Feature", "properties": {"node_id": 1560, "node_type": "junction", "degree": 3, "link_types": "sidewalk"}, "geometry": {"type": "Point", "coordinates": [328909.48, 4699345.4]}}, {"type": "Feature", "properties": {"node_id": 1561, "node_type": "endpoint", "degree": 1, "link_types": "sidewalk"}, "geometry": {"type": "Point", "coordinates": [328910.92, 4699345.32]}}, {"type": "Feature", "properties": {"node_id": 1562, "node_type": "type_change", "degree": 3, "link_types": "pseudo+sidewalk"}, "geometry": {"type": "Point", "coordinates": [328909.4, 4699345.4]}}, {"type": "Feature", "properties": {"node_id": 1563, "node_type": "type_change", "degree": 3, "link_types": "pseudo+sidewalk"}, "geometry": {"type": "Point", "coordinates": [328909.48, 4699345.32]}}, {"type": "Feature", "properties": {"node_id": 1564, "node_type": "junction", "degree": 3, "link_types": "sidewalk"}, "geometry": {"type": "Point", "coordinates": [328615.72, 4698782.04]}}, {"type": "Feature", "properties": {"node_id": 1565, "node_type": "type_change", "degree": 3, "link_types": "pseudo+sidewalk"}, "geometry": {"type": "Point", "coordinates": [328613.0, 4698782.76]}}, {"type": "Feature", "properties": {"node_id": 1566, "node_type": "type_change", "degree": 3, "link_types": "pseudo+sidewalk"}, "geometry": {"type": "Point", "coordinates": [328615.72, 4698781.96]}}, {"type": "Feature", "properties": {"node_id": 1567, "node_type": "type_change", "degree": 2, "link_types": "crosswalk+pseudo"}, "geometry": {"type": "Point", "coordinates": [329909.0, 4699083.32]}}, {"type": "Feature", "properties": {"node_id": 1568, "node_type": "type_change", "degree": 2, "link_types": "crosswalk+pseudo"}, "geometry": {"type": "Point", "coordinates": [329883.8, 4699083.16]}}, {"type": "Feature", "properties": {"node_id": 1569, "node_type": "type_change", "degree": 2, "link_types": "crosswalk+pseudo"}, "geometry": {"type": "Point", "coordinates": [328873.48, 4698340.28]}}, {"type": "Feature", "properties": {"node_id": 1570, "node_type": "type_change", "degree": 2, "link_types": "crosswalk+pseudo"}, "geometry": {"type": "Point", "coordinates": [328885.24, 4698340.2]}}, {"type": "Feature", "properties": {"node_id": 1571, "node_type": "type_change", "degree": 3, "link_types": "pseudo+sidewalk"}, "geometry": {"type": "Point", "coordinates": [328887.0, 4698340.2]}}, {"type": "Feature", "properties": {"node_id": 1572, "node_type": "type_change", "degree": 2, "link_types": "pseudo+sidewalk"}, "geometry": {"type": "Point", "coordinates": [328871.64, 4698340.2]}}, {"type": "Feature", "properties": {"node_id": 1573, "node_type": "endpoint", "degree": 1, "link_types": "sidewalk"}, "geometry": {"type": "Point", "coordinates": [328870.68, 4698334.76]}}, {"type": "Feature", "properties": {"node_id": 1574, "node_type": "type_change", "degree": 2, "link_types": "crosswalk+pseudo"}, "geometry": {"type": "Point", "coordinates": [329403.48, 4699244.12]}}, {"type": "Feature", "properties": {"node_id": 1575, "node_type": "type_change", "degree": 2, "link_types": "crosswalk+pseudo"}, "geometry": {"type": "Point", "coordinates": [329410.84, 4699241.96]}}, {"type": "Feature", "properties": {"node_id": 1576, "node_type": "type_change", "degree": 3, "link_types": "pseudo+sidewalk"}, "geometry": {"type": "Point", "coordinates": [329409.16, 4699240.28]}}, {"type": "Feature", "properties": {"node_id": 1577, "node_type": "endpoint", "degree": 1, "link_types": "midblock"}, "geometry": {"type": "Point", "coordinates": [328518.84, 4698130.6]}}, {"type": "Feature", "properties": {"node_id": 1578, "node_type": "type_change", "degree": 2, "link_types": "midblock+sidewalk"}, "geometry": {"type": "Point", "coordinates": [328520.589, 4698131.319]}}, {"type": "Feature", "properties": {"node_id": 1579, "node_type": "type_change", "degree": 2, "link_types": "midblock+sidewalk"}, "geometry": {"type": "Point", "coordinates": [328551.552, 4698143.701]}}, {"type": "Feature", "properties": {"node_id": 1580, "node_type": "type_change", "degree": 2, "link_types": "midblock+sidewalk"}, "geometry": {"type": "Point", "coordinates": [328558.186, 4698143.515]}}, {"type": "Feature", "properties": {"node_id": 1581, "node_type": "type_change", "degree": 2, "link_types": "midblock+sidewalk"}, "geometry": {"type": "Point", "coordinates": [328569.376, 4698143.202]}}, {"type": "Feature", "properties": {"node_id": 1582, "node_type": "type_change", "degree": 2, "link_types": "midblock+sidewalk"}, "geometry": {"type": "Point", "coordinates": [328579.686, 4698142.914]}}, {"type": "Feature", "properties": {"node_id": 1583, "node_type": "type_change", "degree": 2, "link_types": "midblock+sidewalk"}, "geometry": {"type": "Point", "coordinates": [328594.153, 4698142.51]}}, {"type": "Feature", "properties": {"node_id": 1584, "node_type": "type_change", "degree": 2, "link_types": "midblock+sidewalk"}, "geometry": {"type": "Point", "coordinates": [328601.266, 4698142.31]}}, {"type": "Feature", "properties": {"node_id": 1585, "node_type": "type_change", "degree": 2, "link_types": "midblock+sidewalk"}, "geometry": {"type": "Point", "coordinates": [328639.224, 4698140.871]}}, {"type": "Feature", "properties": {"node_id": 1586, "node_type": "type_change", "degree": 2, "link_types": "midblock+sidewalk"}, "geometry": {"type": "Point", "coordinates": [328649.266, 4698140.945]}}, {"type": "Feature", "properties": {"node_id": 1587, "node_type": "type_change", "degree": 2, "link_types": "midblock+sidewalk"}, "geometry": {"type": "Point", "coordinates": [328670.426, 4698140.478]}}, {"type": "Feature", "properties": {"node_id": 1588, "node_type": "type_change", "degree": 2, "link_types": "midblock+sidewalk"}, "geometry": {"type": "Point", "coordinates": [328676.1, 4698140.273]}}, {"type": "Feature", "properties": {"node_id": 1589, "node_type": "type_change", "degree": 2, "link_types": "midblock+sidewalk"}, "geometry": {"type": "Point", "coordinates": [328687.369, 4698139.866]}}, {"type": "Feature", "properties": {"node_id": 1590, "node_type": "type_change", "degree": 2, "link_types": "midblock+sidewalk"}, "geometry": {"type": "Point", "coordinates": [328693.602, 4698139.641]}}, {"type": "Feature", "properties": {"node_id": 1591, "node_type": "type_change", "degree": 2, "link_types": "midblock+sidewalk"}, "geometry": {"type": "Point", "coordinates": [328704.631, 4698139.243]}}, {"type": "Feature", "properties": {"node_id": 1592, "node_type": "type_change", "degree": 2, "link_types": "midblock+sidewalk"}, "geometry": {"type": "Point", "coordinates": [328708.308, 4698139.11]}}, {"type": "Feature", "properties": {"node_id": 1593, "node_type": "type_change", "degree": 2, "link_types": "midblock+sidewalk"}, "geometry": {"type": "Point", "coordinates": [328721.494, 4698138.634]}}, {"type": "Feature", "properties": {"node_id": 1594, "node_type": "type_change", "degree": 2, "link_types": "midblock+sidewalk"}, "geometry": {"type": "Point", "coordinates": [328723.573, 4698138.559]}}, {"type": "Feature", "properties": {"node_id": 1595, "node_type": "type_change", "degree": 2, "link_types": "midblock+sidewalk"}, "geometry": {"type": "Point", "coordinates": [328818.076, 4698136.21]}}, {"type": "Feature", "properties": {"node_id": 1596, "node_type": "type_change", "degree": 2, "link_types": "midblock+sidewalk"}, "geometry": {"type": "Point", "coordinates": [328824.229, 4698136.06]}}, {"type": "Feature", "properties": {"node_id": 1597, "node_type": "type_change", "degree": 2, "link_types": "midblock+sidewalk"}, "geometry": {"type": "Point", "coordinates": [328844.846, 4698135.556]}}, {"type": "Feature", "properties": {"node_id": 1598, "node_type": "type_change", "degree": 2, "link_types": "midblock+sidewalk"}, "geometry": {"type": "Point", "coordinates": [328848.602, 4698135.465]}}, {"type": "Feature", "properties": {"node_id": 1599, "node_type": "endpoint", "degree": 1, "link_types": "sidewalk"}, "geometry": {"type": "Point", "coordinates": [328854.92, 4698136.2]}}, {"type": "Feature", "properties": {"node_id": 1600, "node_type": "junction", "degree": 3, "link_types": "sidewalk"}, "geometry": {"type": "Point", "coordinates": [329351.08, 4699310.12]}}, {"type": "Feature", "properties": {"node_id": 1601, "node_type": "type_change", "degree": 3, "link_types": "pseudo+sidewalk"}, "geometry": {"type": "Point", "coordinates": [329357.48, 4699313.88]}}, {"type": "Feature", "properties": {"node_id": 1602, "node_type": "junction", "degree": 3, "link_types": "sidewalk"}, "geometry": {"type": "Point", "coordinates": [329351.0, 4699310.12]}}, {"type": "Feature", "properties": {"node_id": 1603, "node_type": "type_change", "degree": 3, "link_types": "pseudo+sidewalk"}, "geometry": {"type": "Point", "coordinates": [329351.08, 4699310.04]}}, {"type": "Feature", "properties": {"node_id": 1604, "node_type": "endpoint", "degree": 1, "link_types": "pseudo"}, "geometry": {"type": "Point", "coordinates": [328826.76, 4699066.44]}}, {"type": "Feature", "properties": {"node_id": 1605, "node_type": "endpoint", "degree": 1, "link_types": "pseudo"}, "geometry": {"type": "Point", "coordinates": [328827.16, 4699065.64]}}, {"type": "Feature", "properties": {"node_id": 1606, "node_type": "junction", "degree": 3, "link_types": "pseudo"}, "geometry": {"type": "Point", "coordinates": [329740.28, 4698138.12]}}, {"type": "Feature", "properties": {"node_id": 1607, "node_type": "type_change", "degree": 3, "link_types": "pseudo+sidewalk"}, "geometry": {"type": "Point", "coordinates": [329740.2, 4698138.2]}}, {"type": "Feature", "properties": {"node_id": 1608, "node_type": "type_change", "degree": 3, "link_types": "pseudo+sidewalk"}, "geometry": {"type": "Point", "coordinates": [329740.2, 4698138.12]}}, {"type": "Feature", "properties": {"node_id": 1609, "node_type": "type_change", "degree": 2, "link_types": "crosswalk+pseudo"}, "geometry": {"type": "Point", "coordinates": [329741.48, 4698137.72]}}, {"type": "Feature", "properties": {"node_id": 1610, "node_type": "endpoint", "degree": 1, "link_types": "crosswalk"}, "geometry": {"type": "Point", "coordinates": [329755.24, 4698129.88]}}, {"type": "Feature", "properties": {"node_id": 1611, "node_type": "type_change", "degree": 2, "link_types": "crosswalk+pseudo"}, "geometry": {"type": "Point", "coordinates": [328886.6, 4698344.04]}}, {"type": "Feature", "properties": {"node_id": 1612, "node_type": "type_change", "degree": 2, "link_types": "crosswalk+pseudo"}, "geometry": {"type": "Point", "coordinates": [328889.0, 4698354.52]}}, {"type": "Feature", "properties": {"node_id": 1613, "node_type": "endpoint", "degree": 1, "link_types": "sidewalk"}, "geometry": {"type": "Point", "coordinates": [329656.92, 4699273.16]}}, {"type": "Feature", "properties": {"node_id": 1614, "node_type": "type_change", "degree": 2, "link_types": "pseudo+sidewalk"}, "geometry": {"type": "Point", "coordinates": [329656.92, 4699273.08]}}, {"type": "Feature", "properties": {"node_id": 1615, "node_type": "type_change", "degree": 3, "link_types": "crosswalk+pseudo"}, "geometry": {"type": "Point", "coordinates": [329657.08, 4699272.04]}}, {"type": "Feature", "properties": {"node_id": 1616, "node_type": "junction", "degree": 3, "link_types": "sidewalk"}, "geometry": {"type": "Point", "coordinates": [329620.04, 4699073.48]}}, {"type": "Feature", "properties": {"node_id": 1617, "node_type": "type_change", "degree": 3, "link_types": "crosswalk+sidewalk"}, "geometry": {"type": "Point", "coordinates": [329597.72, 4699075.16]}}, {"type": "Feature", "properties": {"node_id": 1618, "node_type": "endpoint", "degree": 1, "link_types": "midblock"}, "geometry": {"type": "Point", "coordinates": [328595.24, 4698865.4]}}, {"type": "Feature", "properties": {"node_id": 1619, "node_type": "type_change", "degree": 2, "link_types": "midblock+sidewalk"}, "geometry": {"type": "Point", "coordinates": [328587.827, 4698862.825]}}, {"type": "Feature", "properties": {"node_id": 1620, "node_type": "type_change", "degree": 2, "link_types": "midblock+sidewalk"}, "geometry": {"type": "Point", "coordinates": [328579.347, 4698861.027]}}, {"type": "Feature", "properties": {"node_id": 1621, "node_type": "type_change", "degree": 2, "link_types": "midblock+sidewalk"}, "geometry": {"type": "Point", "coordinates": [328574.979, 4698859.842]}}, {"type": "Feature", "properties": {"node_id": 1622, "node_type": "type_change", "degree": 2, "link_types": "midblock+sidewalk"}, "geometry": {"type": "Point", "coordinates": [328565.886, 4698858.069]}}, {"type": "Feature", "properties": {"node_id": 1623, "node_type": "type_change", "degree": 2, "link_types": "midblock+sidewalk"}, "geometry": {"type": "Point", "coordinates": [328561.653, 4698857.243]}}, {"type": "Feature", "properties": {"node_id": 1624, "node_type": "type_change", "degree": 2, "link_types": "midblock+sidewalk"}, "geometry": {"type": "Point", "coordinates": [328556.166, 4698856.173]}}, {"type": "Feature", "properties": {"node_id": 1625, "node_type": "type_change", "degree": 2, "link_types": "midblock+sidewalk"}, "geometry": {"type": "Point", "coordinates": [328551.698, 4698855.301]}}, {"type": "Feature", "properties": {"node_id": 1626, "node_type": "type_change", "degree": 2, "link_types": "midblock+sidewalk"}, "geometry": {"type": "Point", "coordinates": [328529.783, 4698851.864]}}, {"type": "Feature", "properties": {"node_id": 1627, "node_type": "type_change", "degree": 2, "link_types": "midblock+sidewalk"}, "geometry": {"type": "Point", "coordinates": [328526.769, 4698851.244]}}, {"type": "Feature", "properties": {"node_id": 1628, "node_type": "type_change", "degree": 2, "link_types": "midblock+sidewalk"}, "geometry": {"type": "Point", "coordinates": [328514.027, 4698847.566]}}, {"type": "Feature", "properties": {"node_id": 1629, "node_type": "type_change", "degree": 2, "link_types": "midblock+sidewalk"}, "geometry": {"type": "Point", "coordinates": [328509.87, 4698846.783]}}, {"type": "Feature", "properties": {"node_id": 1630, "node_type": "endpoint", "degree": 1, "link_types": "sidewalk"}, "geometry": {"type": "Point", "coordinates": [328501.24, 4698845.16]}}, {"type": "Feature", "properties": {"node_id": 1631, "node_type": "endpoint", "degree": 1, "link_types": "sidewalk"}, "geometry": {"type": "Point", "coordinates": [328611.24, 4698237.4]}}, {"type": "Feature", "properties": {"node_id": 1632, "node_type": "endpoint", "degree": 1, "link_types": "sidewalk"}, "geometry": {"type": "Point", "coordinates": [329388.04, 4699444.92]}}, {"type": "Feature", "properties": {"node_id": 1633, "node_type": "type_change", "degree": 2, "link_types": "pseudo+sidewalk"}, "geometry": {"type": "Point", "coordinates": [329388.04, 4699444.84]}}, {"type": "Feature", "properties": {"node_id": 1634, "node_type": "junction", "degree": 3, "link_types": "pseudo"}, "geometry": {"type": "Point", "coordinates": [329388.44, 4699443.88]}}, {"type": "Feature", "properties": {"node_id": 1635, "node_type": "junction", "degree": 3, "link_types": "sidewalk"}, "geometry": {"type": "Point", "coordinates": [329665.08, 4699281.0]}}, {"type": "Feature", "properties": {"node_id": 1636, "node_type": "type_change", "degree": 3, "link_types": "pseudo+sidewalk"}, "geometry": {"type": "Point", "coordinates": [329663.4, 4699282.2]}}, {"type": "Feature", "properties": {"node_id": 1637, "node_type": "junction", "degree": 3, "link_types": "sidewalk"}, "geometry": {"type": "Point", "coordinates": [329664.6, 4699273.0]}}, {"type": "Feature", "properties": {"node_id": 1638, "node_type": "type_change", "degree": 2, "link_types": "midblock+sidewalk"}, "geometry": {"type": "Point", "coordinates": [329673.897, 4699280.619]}}, {"type": "Feature", "properties": {"node_id": 1639, "node_type": "junction", "degree": 3, "link_types": "midblock"}, "geometry": {"type": "Point", "coordinates": [329676.2, 4699280.52]}}, {"type": "Feature", "properties": {"node_id": 1640, "node_type": "junction", "degree": 3, "link_types": "sidewalk"}, "geometry": {"type": "Point", "coordinates": [328617.16, 4699187.24]}}, {"type": "Feature", "properties": {"node_id": 1641, "node_type": "type_change", "degree": 2, "link_types": "midblock+sidewalk"}, "geometry": {"type": "Point", "coordinates": [328625.824, 4699190.618]}}, {"type": "Feature", "properties": {"node_id": 1642, "node_type": "type_change", "degree": 2, "link_types": "midblock+sidewalk"}, "geometry": {"type": "Point", "coordinates": [328628.263, 4699191.394]}}, {"type": "Feature", "properties": {"node_id": 1643, "node_type": "endpoint", "degree": 1, "link_types": "sidewalk"}, "geometry": {"type": "Point", "coordinates": [328667.48, 4699176.92]}}, {"type": "Feature", "properties": {"node_id": 1644, "node_type": "type_change", "degree": 3, "link_types": "pseudo+sidewalk"}, "geometry": {"type": "Point", "coordinates": [328617.08, 4699187.24]}}, {"type": "Feature", "properties": {"node_id": 1645, "node_type": "junction", "degree": 3, "link_types": "crosswalk"}, "geometry": {"type": "Point", "coordinates": [328750.6, 4698453.16]}}, {"type": "Feature", "properties": {"node_id": 1646, "node_type": "type_change", "degree": 2, "link_types": "crosswalk+pseudo"}, "geometry": {"type": "Point", "coordinates": [328748.36, 4698462.68]}}, {"type": "Feature", "properties": {"node_id": 1647, "node_type": "type_change", "degree": 3, "link_types": "pseudo+sidewalk"}, "geometry": {"type": "Point", "coordinates": [328748.04, 4698463.48]}}, {"type": "Feature", "properties": {"node_id": 1648, "node_type": "type_change", "degree": 3, "link_types": "crosswalk+sidewalk"}, "geometry": {"type": "Point", "coordinates": [328750.52, 4698453.08]}}, {"type": "Feature", "properties": {"node_id": 1649, "node_type": "type_change", "degree": 3, "link_types": "crosswalk+sidewalk"}, "geometry": {"type": "Point", "coordinates": [328750.68, 4698453.08]}}, {"type": "Feature", "properties": {"node_id": 1650, "node_type": "junction", "degree": 3, "link_types": "sidewalk"}, "geometry": {"type": "Point", "coordinates": [328898.2, 4699331.0]}}, {"type": "Feature", "properties": {"node_id": 1651, "node_type": "junction", "degree": 3, "link_types": "sidewalk"}, "geometry": {"type": "Point", "coordinates": [328898.2, 4699331.08]}}, {"type": "Feature", "properties": {"node_id": 1652, "node_type": "junction", "degree": 3, "link_types": "sidewalk"}, "geometry": {"type": "Point", "coordinates": [328898.12, 4699331.0]}}, {"type": "Feature", "properties": {"node_id": 1653, "node_type": "endpoint", "degree": 1, "link_types": "sidewalk"}, "geometry": {"type": "Point", "coordinates": [328900.92, 4699312.84]}}, {"type": "Feature", "properties": {"node_id": 1654, "node_type": "type_change", "degree": 2, "link_types": "pseudo+sidewalk"}, "geometry": {"type": "Point", "coordinates": [328687.56, 4698893.8]}}, {"type": "Feature", "properties": {"node_id": 1655, "node_type": "type_change", "degree": 2, "link_types": "crosswalk+pseudo"}, "geometry": {"type": "Point", "coordinates": [328687.0, 4698893.24]}}, {"type": "Feature", "properties": {"node_id": 1656, "node_type": "type_change", "degree": 2, "link_types": "crosswalk+pseudo"}, "geometry": {"type": "Point", "coordinates": [328669.96, 4698894.04]}}, {"type": "Feature", "properties": {"node_id": 1657, "node_type": "junction", "degree": 3, "link_types": "pseudo"}, "geometry": {"type": "Point", "coordinates": [328668.92, 4698893.64]}}, {"type": "Feature", "properties": {"node_id": 1658, "node_type": "endpoint", "degree": 1, "link_types": "sidewalk"}, "geometry": {"type": "Point", "coordinates": [329319.24, 4699191.56]}}, {"type": "Feature", "properties": {"node_id": 1659, "node_type": "type_change", "degree": 2, "link_types": "midblock+sidewalk"}, "geometry": {"type": "Point", "coordinates": [329322.609, 4699176.762]}}, {"type": "Feature", "properties": {"node_id": 1660, "node_type": "type_change", "degree": 2, "link_types": "midblock+sidewalk"}, "geometry": {"type": "Point", "coordinates": [329323.64, 4699173.723]}}, {"type": "Feature", "properties": {"node_id": 1661, "node_type": "endpoint", "degree": 1, "link_types": "sidewalk"}, "geometry": {"type": "Point", "coordinates": [329321.48, 4699167.96]}}, {"type": "Feature", "properties": {"node_id": 1662, "node_type": "endpoint", "degree": 1, "link_types": "sidewalk"}, "geometry": {"type": "Point", "coordinates": [329438.2, 4699363.16]}}, {"type": "Feature", "properties": {"node_id": 1663, "node_type": "endpoint", "degree": 1, "link_types": "sidewalk"}, "geometry": {"type": "Point", "coordinates": [328810.52, 4699071.96]}}, {"type": "Feature", "properties": {"node_id": 1664, "node_type": "type_change", "degree": 2, "link_types": "crosswalk+sidewalk"}, "geometry": {"type": "Point", "coordinates": [328808.2, 4699070.2]}}, {"type": "Feature", "properties": {"node_id": 1665, "node_type": "endpoint", "degree": 1, "link_types": "sidewalk"}, "geometry": {"type": "Point", "coordinates": [328874.6, 4698046.44]}}, {"type": "Feature", "properties": {"node_id": 1666, "node_type": "endpoint", "degree": 1, "link_types": "sidewalk"}, "geometry": {"type": "Point", "coordinates": [328889.48, 4698044.04]}}, {"type": "Feature", "properties": {"node_id": 1667, "node_type": "junction", "degree": 3, "link_types": "sidewalk"}, "geometry": {"type": "Point", "coordinates": [329723.4, 4698474.44]}}, {"type": "Feature", "properties": {"node_id": 1668, "node_type": "type_change", "degree": 2, "link_types": "pseudo+sidewalk"}, "geometry": {"type": "Point", "coordinates": [329723.48, 4698474.52]}}, {"type": "Feature", "properties": {"node_id": 1669, "node_type": "type_change", "degree": 2, "link_types": "crosswalk+pseudo"}, "geometry": {"type": "Point", "coordinates": [329724.36, 4698475.56]}}, {"type": "Feature", "properties": {"node_id": 1670, "node_type": "type_change", "degree": 2, "link_types": "crosswalk+pseudo"}, "geometry": {"type": "Point", "coordinates": [329723.96, 4698488.2]}}, {"type": "Feature", "properties": {"node_id": 1671, "node_type": "type_change", "degree": 3, "link_types": "pseudo+sidewalk"}, "geometry": {"type": "Point", "coordinates": [329723.48, 4698488.44]}}, {"type": "Feature", "properties": {"node_id": 1672, "node_type": "endpoint", "degree": 1, "link_types": "sidewalk"}, "geometry": {"type": "Point", "coordinates": [329701.56, 4698473.24]}}, {"type": "Feature", "properties": {"node_id": 1673, "node_type": "type_change", "degree": 2, "link_types": "midblock+sidewalk"}, "geometry": {"type": "Point", "coordinates": [329725.365, 4698458.576]}}, {"type": "Feature", "properties": {"node_id": 1674, "node_type": "type_change", "degree": 2, "link_types": "midblock+sidewalk"}, "geometry": {"type": "Point", "coordinates": [329725.586, 4698454.673]}}, {"type": "Feature", "properties": {"node_id": 1675, "node_type": "type_change", "degree": 2, "link_types": "midblock+sidewalk"}, "geometry": {"type": "Point", "coordinates": [329726.222, 4698435.526]}}, {"type": "Feature", "properties": {"node_id": 1676, "node_type": "type_change", "degree": 2, "link_types": "midblock+sidewalk"}, "geometry": {"type": "Point", "coordinates": [329726.384, 4698430.339]}}, {"type": "Feature", "properties": {"node_id": 1677, "node_type": "type_change", "degree": 3, "link_types": "pseudo+sidewalk"}, "geometry": {"type": "Point", "coordinates": [329725.32, 4698418.12]}}, {"type": "Feature", "properties": {"node_id": 1678, "node_type": "type_change", "degree": 3, "link_types": "pseudo+sidewalk"}, "geometry": {"type": "Point", "coordinates": [328775.16, 4699472.04]}}, {"type": "Feature", "properties": {"node_id": 1679, "node_type": "type_change", "degree": 2, "link_types": "pseudo+sidewalk"}, "geometry": {"type": "Point", "coordinates": [328774.84, 4699471.16]}}, {"type": "Feature", "properties": {"node_id": 1680, "node_type": "type_change", "degree": 2, "link_types": "crosswalk+pseudo"}, "geometry": {"type": "Point", "coordinates": [328776.04, 4699469.88]}}, {"type": "Feature", "properties": {"node_id": 1681, "node_type": "type_change", "degree": 2, "link_types": "crosswalk+pseudo"}, "geometry": {"type": "Point", "coordinates": [328776.76, 4699459.48]}}, {"type": "Feature", "properties": {"node_id": 1682, "node_type": "junction", "degree": 3, "link_types": "pseudo"}, "geometry": {"type": "Point", "coordinates": [328775.96, 4699457.96]}}, {"type": "Feature", "properties": {"node_id": 1683, "node_type": "junction", "degree": 3, "link_types": "pseudo"}, "geometry": {"type": "Point", "coordinates": [329736.92, 4698511.0]}}, {"type": "Feature", "properties": {"node_id": 1684, "node_type": "type_change", "degree": 3, "link_types": "crosswalk+pseudo"}, "geometry": {"type": "Point", "coordinates": [329737.0, 4698510.92]}}, {"type": "Feature", "properties": {"node_id": 1685, "node_type": "type_change", "degree": 2, "link_types": "crosswalk+pseudo"}, "geometry": {"type": "Point", "coordinates": [329332.68, 4699293.24]}}, {"type": "Feature", "properties": {"node_id": 1686, "node_type": "type_change", "degree": 2, "link_types": "crosswalk+pseudo"}, "geometry": {"type": "Point", "coordinates": [329353.8, 4699290.92]}}, {"type": "Feature", "properties": {"node_id": 1687, "node_type": "junction", "degree": 3, "link_types": "pseudo"}, "geometry": {"type": "Point", "coordinates": [329354.44, 4699289.64]}}, {"type": "Feature", "properties": {"node_id": 1688, "node_type": "endpoint", "degree": 1, "link_types": "sidewalk"}, "geometry": {"type": "Point", "coordinates": [328801.88, 4698617.32]}}, {"type": "Feature", "properties": {"node_id": 1689, "node_type": "type_change", "degree": 2, "link_types": "midblock+sidewalk"}, "geometry": {"type": "Point", "coordinates": [328784.518, 4698617.818]}}, {"type": "Feature", "properties": {"node_id": 1690, "node_type": "type_change", "degree": 2, "link_types": "midblock+sidewalk"}, "geometry": {"type": "Point", "coordinates": [328779.078, 4698618.818]}}, {"type": "Feature", "properties": {"node_id": 1691, "node_type": "type_change", "degree": 2, "link_types": "midblock+sidewalk"}, "geometry": {"type": "Point", "coordinates": [328774.824, 4698618.278]}}, {"type": "Feature", "properties": {"node_id": 1692, "node_type": "type_change", "degree": 2, "link_types": "midblock+sidewalk"}, "geometry": {"type": "Point", "coordinates": [328773.799, 4698618.141]}}, {"type": "Feature", "properties": {"node_id": 1693, "node_type": "type_change", "degree": 2, "link_types": "midblock+sidewalk"}, "geometry": {"type": "Point", "coordinates": [328772.46, 4698617.962]}}, {"type": "Feature", "properties": {"node_id": 1694, "node_type": "type_change", "degree": 2, "link_types": "midblock+sidewalk"}, "geometry": {"type": "Point", "coordinates": [328770.963, 4698617.763]}}, {"type": "Feature", "properties": {"node_id": 1695, "node_type": "type_change", "degree": 2, "link_types": "midblock+sidewalk"}, "geometry": {"type": "Point", "coordinates": [328755.574, 4698618.716]}}, {"type": "Feature", "properties": {"node_id": 1696, "node_type": "type_change", "degree": 2, "link_types": "midblock+sidewalk"}, "geometry": {"type": "Point", "coordinates": [328752.383, 4698618.815]}}, {"type": "Feature", "properties": {"node_id": 1697, "node_type": "junction", "degree": 3, "link_types": "sidewalk"}, "geometry": {"type": "Point", "coordinates": [328722.04, 4698619.08]}}, {"type": "Feature", "properties": {"node_id": 1698, "node_type": "junction", "degree": 3, "link_types": "sidewalk"}, "geometry": {"type": "Point", "coordinates": [329658.36, 4699376.6]}}, {"type": "Feature", "properties": {"node_id": 1699, "node_type": "type_change", "degree": 3, "link_types": "pseudo+sidewalk"}, "geometry": {"type": "Point", "coordinates": [329658.28, 4699376.68]}}, {"type": "Feature", "properties": {"node_id": 1700, "node_type": "junction", "degree": 3, "link_types": "sidewalk"}, "geometry": {"type": "Point", "coordinates": [329650.68, 4699375.64]}}, {"type": "Feature", "properties": {"node_id": 1701, "node_type": "endpoint", "degree": 1, "link_types": "crosswalk"}, "geometry": {"type": "Point", "coordinates": [329626.44, 4699444.6]}}, {"type": "Feature", "properties": {"node_id": 1702, "node_type": "type_change", "degree": 2, "link_types": "crosswalk+pseudo"}, "geometry": {"type": "Point", "coordinates": [329621.32, 4699445.24]}}, {"type": "Feature", "properties": {"node_id": 1703, "node_type": "junction", "degree": 3, "link_types": "pseudo"}, "geometry": {"type": "Point", "coordinates": [329620.92, 4699448.44]}}, {"type": "Feature", "properties": {"node_id": 1704, "node_type": "endpoint", "degree": 1, "link_types": "sidewalk"}, "geometry": {"type": "Point", "coordinates": [329399.96, 4699208.84]}}, {"type": "Feature", "properties": {"node_id": 1705, "node_type": "endpoint", "degree": 1, "link_types": "sidewalk"}, "geometry": {"type": "Point", "coordinates": [329393.72, 4699183.4]}}, {"type": "Feature", "properties": {"node_id": 1706, "node_type": "junction", "degree": 3, "link_types": "sidewalk"}, "geometry": {"type": "Point", "coordinates": [329938.28, 4698778.28]}}, {"type": "Feature", "properties": {"node_id": 1707, "node_type": "type_change", "degree": 2, "link_types": "midblock+sidewalk"}, "geometry": {"type": "Point", "coordinates": [329935.997, 4698779.05]}}, {"type": "Feature", "properties": {"node_id": 1708, "node_type": "endpoint", "degree": 1, "link_types": "midblock"}, "geometry": {"type": "Point", "coordinates": [329935.08, 4698783.32]}}, {"type": "Feature", "properties": {"node_id": 1709, "node_type": "junction", "degree": 3, "link_types": "sidewalk"}, "geometry": {"type": "Point", "coordinates": [329938.36, 4698778.28]}}, {"type": "Feature", "properties": {"node_id": 1710, "node_type": "junction", "degree": 3, "link_types": "sidewalk"}, "geometry": {"type": "Point", "coordinates": [329938.36, 4698778.2]}}, {"type": "Feature", "properties": {"node_id": 1711, "node_type": "junction", "degree": 3, "link_types": "sidewalk"}, "geometry": {"type": "Point", "coordinates": [329813.8, 4698762.44]}}, {"type": "Feature", "properties": {"node_id": 1712, "node_type": "type_change", "degree": 2, "link_types": "pseudo+sidewalk"}, "geometry": {"type": "Point", "coordinates": [329813.72, 4698762.52]}}, {"type": "Feature", "properties": {"node_id": 1713, "node_type": "type_change", "degree": 2, "link_types": "crosswalk+pseudo"}, "geometry": {"type": "Point", "coordinates": [329812.84, 4698763.0]}}, {"type": "Feature", "properties": {"node_id": 1714, "node_type": "type_change", "degree": 2, "link_types": "crosswalk+pseudo"}, "geometry": {"type": "Point", "coordinates": [329811.48, 4698760.12]}}, {"type": "Feature", "properties": {"node_id": 1715, "node_type": "type_change", "degree": 3, "link_types": "pseudo+sidewalk"}, "geometry": {"type": "Point", "coordinates": [329813.32, 4698759.72]}}, {"type": "Feature", "properties": {"node_id": 1716, "node_type": "type_change", "degree": 2, "link_types": "midblock+sidewalk"}, "geometry": {"type": "Point", "coordinates": [329824.761, 4698769.031]}}, {"type": "Feature", "properties": {"node_id": 1717, "node_type": "endpoint", "degree": 1, "link_types": "midblock"}, "geometry": {"type": "Point", "coordinates": [329835.0, 4698770.76]}}, {"type": "Feature", "properties": {"node_id": 1718, "node_type": "junction", "degree": 3, "link_types": "sidewalk"}, "geometry": {"type": "Point", "coordinates": [329813.4, 4698759.72]}}, {"type": "Feature", "properties": {"node_id": 1719, "node_type": "type_change", "degree": 2, "link_types": "pseudo+sidewalk"}, "geometry": {"type": "Point", "coordinates": [329252.2, 4698674.44]}}, {"type": "Feature", "properties": {"node_id": 1720, "node_type": "junction", "degree": 3, "link_types": "pseudo"}, "geometry": {"type": "Point", "coordinates": [329249.16, 4698672.36]}}, {"type": "Feature", "properties": {"node_id": 1721, "node_type": "endpoint", "degree": 1, "link_types": "sidewalk"}, "geometry": {"type": "Point", "coordinates": [329159.0, 4699183.64]}}, {"type": "Feature", "properties": {"node_id": 1722, "node_type": "type_change", "degree": 2, "link_types": "midblock+sidewalk"}, "geometry": {"type": "Point", "coordinates": [329160.422, 4699183.863]}}, {"type": "Feature", "properties": {"node_id": 1723, "node_type": "type_change", "degree": 2, "link_types": "midblock+sidewalk"}, "geometry": {"type": "Point", "coordinates": [329164.294, 4699184.47]}}, {"type": "Feature", "properties": {"node_id": 1724, "node_type": "type_change", "degree": 2, "link_types": "pseudo+sidewalk"}, "geometry": {"type": "Point", "coordinates": [329269.32, 4698754.04]}}, {"type": "Feature", "properties": {"node_id": 1725, "node_type": "endpoint", "degree": 1, "link_types": "sidewalk"}, "geometry": {"type": "Point", "coordinates": [329269.56, 4698755.16]}}, {"type": "Feature", "properties": {"node_id": 1726, "node_type": "type_change", "degree": 2, "link_types": "pseudo+sidewalk"}, "geometry": {"type": "Point", "coordinates": [329269.32, 4698753.88]}}, {"type": "Feature", "properties": {"node_id": 1727, "node_type": "junction", "degree": 3, "link_types": "sidewalk"}, "geometry": {"type": "Point", "coordinates": [328788.92, 4699472.52]}}, {"type": "Feature", "properties": {"node_id": 1728, "node_type": "junction", "degree": 3, "link_types": "sidewalk"}, "geometry": {"type": "Point", "coordinates": [328788.84, 4699472.52]}}, {"type": "Feature", "properties": {"node_id": 1729, "node_type": "type_change", "degree": 2, "link_types": "midblock+sidewalk"}, "geometry": {"type": "Point", "coordinates": [328804.127, 4699473.091]}}, {"type": "Feature", "properties": {"node_id": 1730, "node_type": "type_change", "degree": 2, "link_types": "midblock+sidewalk"}, "geometry": {"type": "Point", "coordinates": [328808.594, 4699473.762]}}, {"type": "Feature", "properties": {"node_id": 1731, "node_type": "junction", "degree": 3, "link_types": "sidewalk"}, "geometry": {"type": "Point", "coordinates": [328879.16, 4699481.16]}}, {"type": "Feature", "properties": {"node_id": 1732, "node_type": "endpoint", "degree": 1, "link_types": "sidewalk"}, "geometry": {"type": "Point", "coordinates": [329070.84, 4698441.48]}}, {"type": "Feature", "properties": {"node_id": 1733, "node_type": "type_change", "degree": 2, "link_types": "midblock+sidewalk"}, "geometry": {"type": "Point", "coordinates": [329071.951, 4698431.588]}}, {"type": "Feature", "properties": {"node_id": 1734, "node_type": "type_change", "degree": 2, "link_types": "midblock+sidewalk"}, "geometry": {"type": "Point", "coordinates": [329071.284, 4698422.678]}}, {"type": "Feature", "properties": {"node_id": 1735, "node_type": "type_change", "degree": 2, "link_types": "midblock+sidewalk"}, "geometry": {"type": "Point", "coordinates": [329070.616, 4698403.973]}}, {"type": "Feature", "properties": {"node_id": 1736, "node_type": "type_change", "degree": 2, "link_types": "midblock+sidewalk"}, "geometry": {"type": "Point", "coordinates": [329070.473, 4698398.392]}}, {"type": "Feature", "properties": {"node_id": 1737, "node_type": "type_change", "degree": 2, "link_types": "midblock+sidewalk"}, "geometry": {"type": "Point", "coordinates": [329070.342, 4698373.422]}}, {"type": "Feature", "properties": {"node_id": 1738, "node_type": "type_change", "degree": 2, "link_types": "midblock+sidewalk"}, "geometry": {"type": "Point", "coordinates": [329070.01, 4698369.685]}}, {"type": "Feature", "properties": {"node_id": 1739, "node_type": "type_change", "degree": 2, "link_types": "pseudo+sidewalk"}, "geometry": {"type": "Point", "coordinates": [329071.16, 4698350.2]}}, {"type": "Feature", "properties": {"node_id": 1740, "node_type": "type_change", "degree": 2, "link_types": "crosswalk+pseudo"}, "geometry": {"type": "Point", "coordinates": [329071.72, 4698348.6]}}, {"type": "Feature", "properties": {"node_id": 1741, "node_type": "type_change", "degree": 2, "link_types": "crosswalk+pseudo"}, "geometry": {"type": "Point", "coordinates": [329069.4, 4698342.84]}}, {"type": "Feature", "properties": {"node_id": 1742, "node_type": "type_change", "degree": 2, "link_types": "pseudo+sidewalk"}, "geometry": {"type": "Point", "coordinates": [329068.84, 4698341.56]}}, {"type": "Feature", "properties": {"node_id": 1743, "node_type": "junction", "degree": 3, "link_types": "sidewalk"}, "geometry": {"type": "Point", "coordinates": [329068.44, 4698247.16]}}, {"type": "Feature", "properties": {"node_id": 1744, "node_type": "junction", "degree": 3, "link_types": "pseudo"}, "geometry": {"type": "Point", "coordinates": [328789.4, 4699458.28]}}, {"type": "Feature", "properties": {"node_id": 1745, "node_type": "type_change", "degree": 2, "link_types": "crosswalk+pseudo"}, "geometry": {"type": "Point", "coordinates": [328787.64, 4699459.0]}}, {"type": "Feature", "properties": {"node_id": 1746, "node_type": "type_change", "degree": 2, "link_types": "crosswalk+pseudo"}, "geometry": {"type": "Point", "coordinates": [328777.64, 4699458.92]}}, {"type": "Feature", "properties": {"node_id": 1747, "node_type": "type_change", "degree": 3, "link_types": "pseudo+sidewalk"}, "geometry": {"type": "Point", "coordinates": [328776.28, 4699457.56]}}, {"type": "Feature", "properties": {"node_id": 1748, "node_type": "type_change", "degree": 3, "link_types": "pseudo+sidewalk"}, "geometry": {"type": "Point", "coordinates": [328789.48, 4699458.2]}}, {"type": "Feature", "properties": {"node_id": 1749, "node_type": "endpoint", "degree": 1, "link_types": "pseudo"}, "geometry": {"type": "Point", "coordinates": [329999.96, 4699249.8]}}, {"type": "Feature", "properties": {"node_id": 1750, "node_type": "endpoint", "degree": 1, "link_types": "sidewalk"}, "geometry": {"type": "Point", "coordinates": [329567.72, 4699103.8]}}, {"type": "Feature", "properties": {"node_id": 1751, "node_type": "endpoint", "degree": 1, "link_types": "sidewalk"}, "geometry": {"type": "Point", "coordinates": [329166.04, 4699005.32]}}, {"type": "Feature", "properties": {"node_id": 1752, "node_type": "type_change", "degree": 2, "link_types": "pseudo+sidewalk"}, "geometry": {"type": "Point", "coordinates": [329166.04, 4699005.4]}}, {"type": "Feature", "properties": {"node_id": 1753, "node_type": "type_change", "degree": 2, "link_types": "crosswalk+pseudo"}, "geometry": {"type": "Point", "coordinates": [329165.8, 4699007.48]}}, {"type": "Feature", "properties": {"node_id": 1754, "node_type": "type_change", "degree": 2, "link_types": "crosswalk+pseudo"}, "geometry": {"type": "Point", "coordinates": [329172.84, 4699003.64]}}, {"type": "Feature", "properties": {"node_id": 1755, "node_type": "type_change", "degree": 2, "link_types": "pseudo+sidewalk"}, "geometry": {"type": "Point", "coordinates": [329176.2, 4699003.48]}}, {"type": "Feature", "properties": {"node_id": 1756, "node_type": "type_change", "degree": 2, "link_types": "midblock+sidewalk"}, "geometry": {"type": "Point", "coordinates": [329177.008, 4699010.308]}}, {"type": "Feature", "properties": {"node_id": 1757, "node_type": "type_change", "degree": 2, "link_types": "midblock+sidewalk"}, "geometry": {"type": "Point", "coordinates": [329178.098, 4699019.518]}}, {"type": "Feature", "properties": {"node_id": 1758, "node_type": "junction", "degree": 3, "link_types": "sidewalk"}, "geometry": {"type": "Point", "coordinates": [329585.96, 4699190.6]}}, {"type": "Feature", "properties": {"node_id": 1759, "node_type": "type_change", "degree": 3, "link_types": "pseudo+sidewalk"}, "geometry": {"type": "Point", "coordinates": [329585.96, 4699190.68]}}, {"type": "Feature", "properties": {"node_id": 1760, "node_type": "type_change", "degree": 3, "link_types": "pseudo+sidewalk"}, "geometry": {"type": "Point", "coordinates": [329585.88, 4699190.6]}}, {"type": "Feature", "properties": {"node_id": 1761, "node_type": "endpoint", "degree": 1, "link_types": "sidewalk"}, "geometry": {"type": "Point", "coordinates": [329590.12, 4699189.96]}}, {"type": "Feature", "properties": {"node_id": 1762, "node_type": "endpoint", "degree": 1, "link_types": "sidewalk"}, "geometry": {"type": "Point", "coordinates": [329594.92, 4699103.24]}}, {"type": "Feature", "properties": {"node_id": 1763, "node_type": "endpoint", "degree": 1, "link_types": "crosswalk"}, "geometry": {"type": "Point", "coordinates": [329224.52, 4699337.16]}}, {"type": "Feature", "properties": {"node_id": 1764, "node_type": "endpoint", "degree": 1, "link_types": "crosswalk"}, "geometry": {"type": "Point", "coordinates": [329223.96, 4699339.88]}}, {"type": "Feature", "properties": {"node_id": 1765, "node_type": "endpoint", "degree": 1, "link_types": "sidewalk"}, "geometry": {"type": "Point", "coordinates": [329628.28, 4698123.88]}}, {"type": "Feature", "properties": {"node_id": 1766, "node_type": "junction", "degree": 3, "link_types": "sidewalk"}, "geometry": {"type": "Point", "coordinates": [329628.84, 4698119.72]}}, {"type": "Feature", "properties": {"node_id": 1767, "node_type": "endpoint", "degree": 1, "link_types": "crosswalk"}, "geometry": {"type": "Point", "coordinates": [329389.0, 4699442.6]}}, {"type": "Feature", "properties": {"node_id": 1768, "node_type": "type_change", "degree": 2, "link_types": "crosswalk+pseudo"}, "geometry": {"type": "Point", "coordinates": [329389.0, 4699442.68]}}, {"type": "Feature", "properties": {"node_id": 1769, "node_type": "type_change", "degree": 2, "link_types": "crosswalk+pseudo"}, "geometry": {"type": "Point", "coordinates": [329388.92, 4699442.76]}}, {"type": "Feature", "properties": {"node_id": 1770, "node_type": "type_change", "degree": 2, "link_types": "crosswalk+pseudo"}, "geometry": {"type": "Point", "coordinates": [329388.92, 4699442.84]}}, {"type": "Feature", "properties": {"node_id": 1771, "node_type": "type_change", "degree": 2, "link_types": "crosswalk+pseudo"}, "geometry": {"type": "Point", "coordinates": [329388.84, 4699442.92]}}, {"type": "Feature", "properties": {"node_id": 1772, "node_type": "type_change", "degree": 2, "link_types": "crosswalk+pseudo"}, "geometry": {"type": "Point", "coordinates": [329388.84, 4699443.0]}}, {"type": "Feature", "properties": {"node_id": 1773, "node_type": "type_change", "degree": 2, "link_types": "crosswalk+pseudo"}, "geometry": {"type": "Point", "coordinates": [329388.68, 4699443.24]}}, {"type": "Feature", "properties": {"node_id": 1774, "node_type": "junction", "degree": 3, "link_types": "crosswalk"}, "geometry": {"type": "Point", "coordinates": [329388.6, 4699443.32]}}, {"type": "Feature", "properties": {"node_id": 1775, "node_type": "endpoint", "degree": 1, "link_types": "sidewalk"}, "geometry": {"type": "Point", "coordinates": [329511.48, 4698859.8]}}, {"type": "Feature", "properties": {"node_id": 1776, "node_type": "type_change", "degree": 3, "link_types": "crosswalk+sidewalk"}, "geometry": {"type": "Point", "coordinates": [329512.44, 4698859.24]}}, {"type": "Feature", "properties": {"node_id": 1777, "node_type": "type_change", "degree": 2, "link_types": "crosswalk+pseudo"}, "geometry": {"type": "Point", "coordinates": [329183.8, 4699177.88]}}, {"type": "Feature", "properties": {"node_id": 1778, "node_type": "type_change", "degree": 2, "link_types": "crosswalk+pseudo"}, "geometry": {"type": "Point", "coordinates": [329184.84, 4699186.92]}}, {"type": "Feature", "properties": {"node_id": 1779, "node_type": "junction", "degree": 3, "link_types": "pseudo"}, "geometry": {"type": "Point", "coordinates": [329906.04, 4698914.12]}}, {"type": "Feature", "properties": {"node_id": 1780, "node_type": "type_change", "degree": 2, "link_types": "crosswalk+pseudo"}, "geometry": {"type": "Point", "coordinates": [329907.4, 4698914.6]}}, {"type": "Feature", "properties": {"node_id": 1781, "node_type": "endpoint", "degree": 1, "link_types": "crosswalk"}, "geometry": {"type": "Point", "coordinates": [329914.36, 4698918.04]}}, {"type": "Feature", "properties": {"node_id": 1782, "node_type": "type_change", "degree": 3, "link_types": "pseudo+sidewalk"}, "geometry": {"type": "Point", "coordinates": [329905.96, 4698914.04]}}, {"type": "Feature", "properties": {"node_id": 1783, "node_type": "endpoint", "degree": 1, "link_types": "crosswalk"}, "geometry": {"type": "Point", "coordinates": [329657.08, 4699271.72]}}, {"type": "Feature", "properties": {"node_id": 1784, "node_type": "endpoint", "degree": 1, "link_types": "midblock"}, "geometry": {"type": "Point", "coordinates": [329097.16, 4698624.44]}}, {"type": "Feature", "properties": {"node_id": 1785, "node_type": "type_change", "degree": 2, "link_types": "midblock+sidewalk"}, "geometry": {"type": "Point", "coordinates": [329095.838, 4698622.896]}}, {"type": "Feature", "properties": {"node_id": 1786, "node_type": "type_change", "degree": 2, "link_types": "midblock+sidewalk"}, "geometry": {"type": "Point", "coordinates": [329071.961, 4698621.745]}}, {"type": "Feature", "properties": {"node_id": 1787, "node_type": "type_change", "degree": 2, "link_types": "midblock+sidewalk"}, "geometry": {"type": "Point", "coordinates": [329069.566, 4698621.816]}}, {"type": "Feature", "properties": {"node_id": 1788, "node_type": "type_change", "degree": 2, "link_types": "midblock+sidewalk"}, "geometry": {"type": "Point", "coordinates": [329054.236, 4698622.269]}}, {"type": "Feature", "properties": {"node_id": 1789, "node_type": "type_change", "degree": 2, "link_types": "midblock+sidewalk"}, "geometry": {"type": "Point", "coordinates": [329045.214, 4698622.535]}}, {"type": "Feature", "properties": {"node_id": 1790, "node_type": "type_change", "degree": 2, "link_types": "midblock+sidewalk"}, "geometry": {"type": "Point", "coordinates": [329034.754, 4698622.844]}}, {"type": "Feature", "properties": {"node_id": 1791, "node_type": "type_change", "degree": 2, "link_types": "midblock+sidewalk"}, "geometry": {"type": "Point", "coordinates": [329030.927, 4698623.034]}}, {"type": "Feature", "properties": {"node_id": 1792, "node_type": "type_change", "degree": 2, "link_types": "midblock+sidewalk"}, "geometry": {"type": "Point", "coordinates": [329005.021, 4698624.222]}}, {"type": "Feature", "properties": {"node_id": 1793, "node_type": "type_change", "degree": 2, "link_types": "midblock+sidewalk"}, "geometry": {"type": "Point", "coordinates": [329000.66, 4698623.954]}}, {"type": "Feature", "properties": {"node_id": 1794, "node_type": "type_change", "degree": 2, "link_types": "midblock+sidewalk"}, "geometry": {"type": "Point", "coordinates": [328979.584, 4698624.525]}}, {"type": "Feature", "properties": {"node_id": 1795, "node_type": "type_change", "degree": 2, "link_types": "midblock+sidewalk"}, "geometry": {"type": "Point", "coordinates": [328975.19, 4698624.69]}}, {"type": "Feature", "properties": {"node_id": 1796, "node_type": "type_change", "degree": 2, "link_types": "midblock+sidewalk"}, "geometry": {"type": "Point", "coordinates": [328960.249, 4698625.25]}}, {"type": "Feature", "properties": {"node_id": 1797, "node_type": "type_change", "degree": 2, "link_types": "midblock+sidewalk"}, "geometry": {"type": "Point", "coordinates": [328958.81, 4698625.305]}}, {"type": "Feature", "properties": {"node_id": 1798, "node_type": "type_change", "degree": 2, "link_types": "midblock+sidewalk"}, "geometry": {"type": "Point", "coordinates": [328946.666, 4698625.761]}}, {"type": "Feature", "properties": {"node_id": 1799, "node_type": "type_change", "degree": 2, "link_types": "midblock+sidewalk"}, "geometry": {"type": "Point", "coordinates": [328941.952, 4698625.938]}}, {"type": "Feature", "properties": {"node_id": 1800, "node_type": "type_change", "degree": 2, "link_types": "midblock+sidewalk"}, "geometry": {"type": "Point", "coordinates": [328928.892, 4698626.043]}}, {"type": "Feature", "properties": {"node_id": 1801, "node_type": "type_change", "degree": 2, "link_types": "midblock+sidewalk"}, "geometry": {"type": "Point", "coordinates": [328925.876, 4698625.983]}}, {"type": "Feature", "properties": {"node_id": 1802, "node_type": "type_change", "degree": 2, "link_types": "midblock+sidewalk"}, "geometry": {"type": "Point", "coordinates": [328902.125, 4698627.154]}}, {"type": "Feature", "properties": {"node_id": 1803, "node_type": "type_change", "degree": 2, "link_types": "midblock+sidewalk"}, "geometry": {"type": "Point", "coordinates": [328895.753, 4698626.898]}}, {"type": "Feature", "properties": {"node_id": 1804, "node_type": "junction", "degree": 3, "link_types": "sidewalk"}, "geometry": {"type": "Point", "coordinates": [328879.4, 4698629.4]}}, {"type": "Feature", "properties": {"node_id": 1805, "node_type": "endpoint", "degree": 1, "link_types": "sidewalk"}, "geometry": {"type": "Point", "coordinates": [329926.52, 4699141.16]}}, {"type": "Feature", "properties": {"node_id": 1806, "node_type": "endpoint", "degree": 1, "link_types": "midblock"}, "geometry": {"type": "Point", "coordinates": [328924.12, 4699348.52]}}, {"type": "Feature", "properties": {"node_id": 1807, "node_type": "type_change", "degree": 2, "link_types": "midblock+sidewalk"}, "geometry": {"type": "Point", "coordinates": [328938.771, 4699350.657]}}, {"type": "Feature", "properties": {"node_id": 1808, "node_type": "type_change", "degree": 2, "link_types": "midblock+sidewalk"}, "geometry": {"type": "Point", "coordinates": [328967.399, 4699356.318]}}, {"type": "Feature", "properties": {"node_id": 1809, "node_type": "type_change", "degree": 2, "link_types": "midblock+sidewalk"}, "geometry": {"type": "Point", "coordinates": [328968.498, 4699356.536]}}, {"type": "Feature", "properties": {"node_id": 1810, "node_type": "junction", "degree": 3, "link_types": "sidewalk"}, "geometry": {"type": "Point", "coordinates": [328979.24, 4699361.72]}}, {"type": "Feature", "properties": {"node_id": 1811, "node_type": "junction", "degree": 3, "link_types": "sidewalk"}, "geometry": {"type": "Point", "coordinates": [328668.36, 4698891.24]}}, {"type": "Feature", "properties": {"node_id": 1812, "node_type": "type_change", "degree": 3, "link_types": "pseudo+sidewalk"}, "geometry": {"type": "Point", "coordinates": [328668.84, 4698893.56]}}, {"type": "Feature", "properties": {"node_id": 1813, "node_type": "junction", "degree": 3, "link_types": "sidewalk"}, "geometry": {"type": "Point", "coordinates": [328668.28, 4698891.24]}}, {"type": "Feature", "properties": {"node_id": 1814, "node_type": "type_change", "degree": 3, "link_types": "pseudo+sidewalk"}, "geometry": {"type": "Point", "coordinates": [328668.36, 4698891.16]}}, {"type": "Feature", "properties": {"node_id": 1815, "node_type": "endpoint", "degree": 1, "link_types": "sidewalk"}, "geometry": {"type": "Point", "coordinates": [329274.52, 4698853.16]}}, {"type": "Feature", "properties": {"node_id": 1816, "node_type": "junction", "degree": 3, "link_types": "sidewalk"}, "geometry": {"type": "Point", "coordinates": [329885.0, 4699456.52]}}, {"type": "Feature", "properties": {"node_id": 1817, "node_type": "type_change", "degree": 3, "link_types": "pseudo+sidewalk"}, "geometry": {"type": "Point", "coordinates": [329885.08, 4699456.52]}}, {"type": "Feature", "properties": {"node_id": 1818, "node_type": "junction", "degree": 3, "link_types": "sidewalk"}, "geometry": {"type": "Point", "coordinates": [329781.96, 4699020.28]}}, {"type": "Feature", "properties": {"node_id": 1819, "node_type": "type_change", "degree": 2, "link_types": "pseudo+sidewalk"}, "geometry": {"type": "Point", "coordinates": [329787.4, 4699020.44]}}, {"type": "Feature", "properties": {"node_id": 1820, "node_type": "type_change", "degree": 2, "link_types": "crosswalk+pseudo"}, "geometry": {"type": "Point", "coordinates": [329788.28, 4699020.6]}}, {"type": "Feature", "properties": {"node_id": 1821, "node_type": "endpoint", "degree": 1, "link_types": "crosswalk"}, "geometry": {"type": "Point", "coordinates": [329794.2, 4699019.8]}}, {"type": "Feature", "properties": {"node_id": 1822, "node_type": "junction", "degree": 3, "link_types": "sidewalk"}, "geometry": {"type": "Point", "coordinates": [329781.88, 4699020.28]}}, {"type": "Feature", "properties": {"node_id": 1823, "node_type": "junction", "degree": 3, "link_types": "sidewalk"}, "geometry": {"type": "Point", "coordinates": [329781.88, 4699020.2]}}, {"type": "Feature", "properties": {"node_id": 1824, "node_type": "junction", "degree": 3, "link_types": "sidewalk"}, "geometry": {"type": "Point", "coordinates": [329824.6, 4699130.28]}}, {"type": "Feature", "properties": {"node_id": 1825, "node_type": "junction", "degree": 3, "link_types": "sidewalk"}, "geometry": {"type": "Point", "coordinates": [329824.6, 4699130.36]}}, {"type": "Feature", "properties": {"node_id": 1826, "node_type": "junction", "degree": 3, "link_types": "sidewalk"}, "geometry": {"type": "Point", "coordinates": [329824.68, 4699130.36]}}, {"type": "Feature", "properties": {"node_id": 1827, "node_type": "junction", "degree": 3, "link_types": "sidewalk"}, "geometry": {"type": "Point", "coordinates": [329820.04, 4699113.88]}}, {"type": "Feature", "properties": {"node_id": 1828, "node_type": "junction", "degree": 3, "link_types": "sidewalk"}, "geometry": {"type": "Point", "coordinates": [329504.6, 4698217.24]}}, {"type": "Feature", "properties": {"node_id": 1829, "node_type": "endpoint", "degree": 1, "link_types": "sidewalk"}, "geometry": {"type": "Point", "coordinates": [329519.32, 4699124.68]}}, {"type": "Feature", "properties": {"node_id": 1830, "node_type": "endpoint", "degree": 1, "link_types": "sidewalk"}, "geometry": {"type": "Point", "coordinates": [328805.08, 4698348.12]}}, {"type": "Feature", "properties": {"node_id": 1831, "node_type": "type_change", "degree": 2, "link_types": "midblock+sidewalk"}, "geometry": {"type": "Point", "coordinates": [328805.574, 4698305.411]}}, {"type": "Feature", "properties": {"node_id": 1832, "node_type": "type_change", "degree": 2, "link_types": "midblock+sidewalk"}, "geometry": {"type": "Point", "coordinates": [328806.737, 4698301.505]}}, {"type": "Feature", "properties": {"node_id": 1833, "node_type": "endpoint", "degree": 1, "link_types": "sidewalk"}, "geometry": {"type": "Point", "coordinates": [328810.68, 4698283.48]}}, {"type": "Feature", "properties": {"node_id": 1834, "node_type": "endpoint", "degree": 1, "link_types": "sidewalk"}, "geometry": {"type": "Point", "coordinates": [329895.96, 4699138.44]}}, {"type": "Feature", "properties": {"node_id": 1835, "node_type": "endpoint", "degree": 1, "link_types": "sidewalk"}, "geometry": {"type": "Point", "coordinates": [329892.92, 4699139.24]}}, {"type": "Feature", "properties": {"node_id": 1836, "node_type": "endpoint", "degree": 1, "link_types": "crosswalk"}, "geometry": {"type": "Point", "coordinates": [329808.68, 4699437.48]}}, {"type": "Feature", "properties": {"node_id": 1837, "node_type": "type_change", "degree": 3, "link_types": "crosswalk+pseudo"}, "geometry": {"type": "Point", "coordinates": [329808.6, 4699437.64]}}, {"type": "Feature", "properties": {"node_id": 1838, "node_type": "endpoint", "degree": 1, "link_types": "sidewalk"}, "geometry": {"type": "Point", "coordinates": [329730.6, 4699461.64]}}, {"type": "Feature", "properties": {"node_id": 1839, "node_type": "endpoint", "degree": 1, "link_types": "sidewalk"}, "geometry": {"type": "Point", "coordinates": [329766.04, 4699467.0]}}, {"type": "Feature", "properties": {"node_id": 1840, "node_type": "junction", "degree": 3, "link_types": "sidewalk"}, "geometry": {"type": "Point", "coordinates": [328993.88, 4699341.48]}}, {"type": "Feature", "properties": {"node_id": 1841, "node_type": "type_change", "degree": 3, "link_types": "pseudo+sidewalk"}, "geometry": {"type": "Point", "coordinates": [328993.8, 4699341.56]}}, {"type": "Feature", "properties": {"node_id": 1842, "node_type": "type_change", "degree": 3, "link_types": "pseudo+sidewalk"}, "geometry": {"type": "Point", "coordinates": [328993.8, 4699341.48]}}, {"type": "Feature", "properties": {"node_id": 1843, "node_type": "endpoint", "degree": 1, "link_types": "sidewalk"}, "geometry": {"type": "Point", "coordinates": [328998.76, 4699340.36]}}, {"type": "Feature", "properties": {"node_id": 1844, "node_type": "endpoint", "degree": 1, "link_types": "sidewalk"}, "geometry": {"type": "Point", "coordinates": [329997.56, 4699132.36]}}, {"type": "Feature", "properties": {"node_id": 1845, "node_type": "endpoint", "degree": 1, "link_types": "sidewalk"}, "geometry": {"type": "Point", "coordinates": [329987.32, 4699149.64]}}, {"type": "Feature", "properties": {"node_id": 1846, "node_type": "junction", "degree": 3, "link_types": "sidewalk"}, "geometry": {"type": "Point", "coordinates": [329823.16, 4698139.72]}}, {"type": "Feature", "properties": {"node_id": 1847, "node_type": "type_change", "degree": 2, "link_types": "midblock+sidewalk"}, "geometry": {"type": "Point", "coordinates": [329823.636, 4698168.331]}}, {"type": "Feature", "properties": {"node_id": 1848, "node_type": "type_change", "degree": 2, "link_types": "midblock+sidewalk"}, "geometry": {"type": "Point", "coordinates": [329822.848, 4698181.789]}}, {"type": "Feature", "properties": {"node_id": 1849, "node_type": "type_change", "degree": 2, "link_types": "midblock+sidewalk"}, "geometry": {"type": "Point", "coordinates": [329822.495, 4698192.358]}}, {"type": "Feature", "properties": {"node_id": 1850, "node_type": "type_change", "degree": 2, "link_types": "midblock+sidewalk"}, "geometry": {"type": "Point", "coordinates": [329822.194, 4698195.853]}}, {"type": "Feature", "properties": {"node_id": 1851, "node_type": "type_change", "degree": 2, "link_types": "midblock+sidewalk"}, "geometry": {"type": "Point", "coordinates": [329821.662, 4698203.725]}}, {"type": "Feature", "properties": {"node_id": 1852, "node_type": "type_change", "degree": 2, "link_types": "midblock+sidewalk"}, "geometry": {"type": "Point", "coordinates": [329821.418, 4698214.547]}}, {"type": "Feature", "properties": {"node_id": 1853, "node_type": "endpoint", "degree": 1, "link_types": "sidewalk"}, "geometry": {"type": "Point", "coordinates": [329820.28, 4698234.2]}}, {"type": "Feature", "properties": {"node_id": 1854, "node_type": "type_change", "degree": 2, "link_types": "crosswalk+sidewalk"}, "geometry": {"type": "Point", "coordinates": [329823.08, 4698139.64]}}, {"type": "Feature", "properties": {"node_id": 1855, "node_type": "type_change", "degree": 2, "link_types": "crosswalk+sidewalk"}, "geometry": {"type": "Point", "coordinates": [329822.68, 4698139.56]}}, {"type": "Feature", "properties": {"node_id": 1856, "node_type": "type_change", "degree": 3, "link_types": "crosswalk+sidewalk"}, "geometry": {"type": "Point", "coordinates": [329822.28, 4698139.48]}}, {"type": "Feature", "properties": {"node_id": 1857, "node_type": "type_change", "degree": 2, "link_types": "crosswalk+sidewalk"}, "geometry": {"type": "Point", "coordinates": [329823.24, 4698139.64]}}, {"type": "Feature", "properties": {"node_id": 1858, "node_type": "type_change", "degree": 3, "link_types": "crosswalk+sidewalk"}, "geometry": {"type": "Point", "coordinates": [329835.4, 4698140.76]}}, {"type": "Feature", "properties": {"node_id": 1859, "node_type": "endpoint", "degree": 1, "link_types": "sidewalk"}, "geometry": {"type": "Point", "coordinates": [328887.08, 4698368.52]}}, {"type": "Feature", "properties": {"node_id": 1860, "node_type": "junction", "degree": 3, "link_types": "sidewalk"}, "geometry": {"type": "Point", "coordinates": [329168.52, 4699022.68]}}, {"type": "Feature", "properties": {"node_id": 1861, "node_type": "junction", "degree": 3, "link_types": "sidewalk"}, "geometry": {"type": "Point", "coordinates": [329951.88, 4698568.36]}}, {"type": "Feature", "properties": {"node_id": 1862, "node_type": "junction", "degree": 3, "link_types": "pseudo"}, "geometry": {"type": "Point", "coordinates": [329626.6, 4698131.24]}}, {"type": "Feature", "properties": {"node_id": 1863, "node_type": "type_change", "degree": 2, "link_types": "pseudo+sidewalk"}, "geometry": {"type": "Point", "coordinates": [329626.52, 4698131.32]}}, {"type": "Feature", "properties": {"node_id": 1864, "node_type": "endpoint", "degree": 1, "link_types": "sidewalk"}, "geometry": {"type": "Point", "coordinates": [329618.52, 4698132.28]}}, {"type": "Feature", "properties": {"node_id": 1865, "node_type": "type_change", "degree": 2, "link_types": "pseudo+sidewalk"}, "geometry": {"type": "Point", "coordinates": [329626.68, 4698131.32]}}, {"type": "Feature", "properties": {"node_id": 1866, "node_type": "type_change", "degree": 2, "link_types": "crosswalk+pseudo"}, "geometry": {"type": "Point", "coordinates": [329626.6, 4698129.8]}}, {"type": "Feature", "properties": {"node_id": 1867, "node_type": "type_change", "degree": 2, "link_types": "crosswalk+pseudo"}, "geometry": {"type": "Point", "coordinates": [329626.52, 4698120.92]}}, {"type": "Feature", "properties": {"node_id": 1868, "node_type": "type_change", "degree": 3, "link_types": "pseudo+sidewalk"}, "geometry": {"type": "Point", "coordinates": [329625.24, 4698120.92]}}, {"type": "Feature", "properties": {"node_id": 1869, "node_type": "endpoint", "degree": 1, "link_types": "sidewalk"}, "geometry": {"type": "Point", "coordinates": [329911.4, 4698516.68]}}, {"type": "Feature", "properties": {"node_id": 1870, "node_type": "junction", "degree": 3, "link_types": "sidewalk"}, "geometry": {"type": "Point", "coordinates": [329923.16, 4698583.4]}}, {"type": "Feature", "properties": {"node_id": 1871, "node_type": "endpoint", "degree": 1, "link_types": "sidewalk"}, "geometry": {"type": "Point", "coordinates": [329561.32, 4699193.24]}}, {"type": "Feature", "properties": {"node_id": 1872, "node_type": "type_change", "degree": 3, "link_types": "pseudo+sidewalk"}, "geometry": {"type": "Point", "coordinates": [329548.12, 4699191.88]}}, {"type": "Feature", "properties": {"node_id": 1873, "node_type": "endpoint", "degree": 1, "link_types": "sidewalk"}, "geometry": {"type": "Point", "coordinates": [329550.04, 4698268.84]}}, {"type": "Feature", "properties": {"node_id": 1874, "node_type": "type_change", "degree": 2, "link_types": "pseudo+sidewalk"}, "geometry": {"type": "Point", "coordinates": [329528.44, 4698267.08]}}, {"type": "Feature", "properties": {"node_id": 1875, "node_type": "type_change", "degree": 2, "link_types": "crosswalk+pseudo"}, "geometry": {"type": "Point", "coordinates": [329526.36, 4698267.72]}}, {"type": "Feature", "properties": {"node_id": 1876, "node_type": "type_change", "degree": 2, "link_types": "crosswalk+pseudo"}, "geometry": {"type": "Point", "coordinates": [329523.16, 4698264.92]}}, {"type": "Feature", "properties": {"node_id": 1877, "node_type": "type_change", "degree": 2, "link_types": "pseudo+sidewalk"}, "geometry": {"type": "Point", "coordinates": [329522.12, 4698267.4]}}, {"type": "Feature", "properties": {"node_id": 1878, "node_type": "type_change", "degree": 2, "link_types": "pseudo+sidewalk"}, "geometry": {"type": "Point", "coordinates": [329522.12, 4698267.48]}}, {"type": "Feature", "properties": {"node_id": 1879, "node_type": "type_change", "degree": 2, "link_types": "crosswalk+pseudo"}, "geometry": {"type": "Point", "coordinates": [329522.28, 4698268.68]}}, {"type": "Feature", "properties": {"node_id": 1880, "node_type": "endpoint", "degree": 1, "link_types": "crosswalk"}, "geometry": {"type": "Point", "coordinates": [329517.56, 4698273.8]}}, {"type": "Feature", "properties": {"node_id": 1881, "node_type": "endpoint", "degree": 1, "link_types": "sidewalk"}, "geometry": {"type": "Point", "coordinates": [329925.88, 4699195.32]}}, {"type": "Feature", "properties": {"node_id": 1882, "node_type": "type_change", "degree": 2, "link_types": "pseudo+sidewalk"}, "geometry": {"type": "Point", "coordinates": [329925.8, 4699195.4]}}, {"type": "Feature", "properties": {"node_id": 1883, "node_type": "type_change", "degree": 2, "link_types": "crosswalk+pseudo"}, "geometry": {"type": "Point", "coordinates": [329923.96, 4699196.76]}}, {"type": "Feature", "properties": {"node_id": 1884, "node_type": "type_change", "degree": 2, "link_types": "crosswalk+pseudo"}, "geometry": {"type": "Point", "coordinates": [329920.52, 4699187.48]}}, {"type": "Feature", "properties": {"node_id": 1885, "node_type": "type_change", "degree": 2, "link_types": "pseudo+sidewalk"}, "geometry": {"type": "Point", "coordinates": [329918.36, 4699188.28]}}, {"type": "Feature", "properties": {"node_id": 1886, "node_type": "junction", "degree": 3, "link_types": "sidewalk"}, "geometry": {"type": "Point", "coordinates": [329913.8, 4699183.72]}}, {"type": "Feature", "properties": {"node_id": 1887, "node_type": "endpoint", "degree": 1, "link_types": "sidewalk"}, "geometry": {"type": "Point", "coordinates": [328819.0, 4698961.32]}}, {"type": "Feature", "properties": {"node_id": 1888, "node_type": "junction", "degree": 3, "link_types": "sidewalk"}, "geometry": {"type": "Point", "coordinates": [328820.28, 4698961.16]}}, {"type": "Feature", "properties": {"node_id": 1889, "node_type": "type_change", "degree": 2, "link_types": "pseudo+sidewalk"}, "geometry": {"type": "Point", "coordinates": [329550.52, 4699202.76]}}, {"type": "Feature", "properties": {"node_id": 1890, "node_type": "junction", "degree": 3, "link_types": "sidewalk"}, "geometry": {"type": "Point", "coordinates": [329553.32, 4699205.56]}}, {"type": "Feature", "properties": {"node_id": 1891, "node_type": "type_change", "degree": 2, "link_types": "crosswalk+pseudo"}, "geometry": {"type": "Point", "coordinates": [329548.36, 4699202.6]}}, {"type": "Feature", "properties": {"node_id": 1892, "node_type": "type_change", "degree": 2, "link_types": "crosswalk+pseudo"}, "geometry": {"type": "Point", "coordinates": [329548.12, 4699193.32]}}, {"type": "Feature", "properties": {"node_id": 1893, "node_type": "endpoint", "degree": 1, "link_types": "crosswalk"}, "geometry": {"type": "Point", "coordinates": [329897.72, 4699124.84]}}, {"type": "Feature", "properties": {"node_id": 1894, "node_type": "type_change", "degree": 2, "link_types": "crosswalk+pseudo"}, "geometry": {"type": "Point", "coordinates": [329902.84, 4699138.28]}}, {"type": "Feature", "properties": {"node_id": 1895, "node_type": "type_change", "degree": 2, "link_types": "crosswalk+pseudo"}, "geometry": {"type": "Point", "coordinates": [329903.64, 4699137.24]}}, {"type": "Feature", "properties": {"node_id": 1896, "node_type": "type_change", "degree": 2, "link_types": "crosswalk+pseudo"}, "geometry": {"type": "Point", "coordinates": [329918.6, 4699126.2]}}, {"type": "Feature", "properties": {"node_id": 1897, "node_type": "type_change", "degree": 3, "link_types": "pseudo+sidewalk"}, "geometry": {"type": "Point", "coordinates": [329919.88, 4699127.4]}}, {"type": "Feature", "properties": {"node_id": 1898, "node_type": "endpoint", "degree": 1, "link_types": "sidewalk"}, "geometry": {"type": "Point", "coordinates": [329115.24, 4698674.44]}}, {"type": "Feature", "properties": {"node_id": 1899, "node_type": "type_change", "degree": 3, "link_types": "pseudo+sidewalk"}, "geometry": {"type": "Point", "coordinates": [329117.88, 4698684.28]}}, {"type": "Feature", "properties": {"node_id": 1900, "node_type": "endpoint", "degree": 1, "link_types": "sidewalk"}, "geometry": {"type": "Point", "coordinates": [328876.44, 4698238.6]}}, {"type": "Feature", "properties": {"node_id": 1901, "node_type": "type_change", "degree": 2, "link_types": "pseudo+sidewalk"}, "geometry": {"type": "Point", "coordinates": [328876.44, 4698238.52]}}, {"type": "Feature", "properties": {"node_id": 1902, "node_type": "type_change", "degree": 2, "link_types": "pseudo+sidewalk"}, "geometry": {"type": "Point", "coordinates": [329764.36, 4698063.8]}}, {"type": "Feature", "properties": {"node_id": 1903, "node_type": "type_change", "degree": 2, "link_types": "crosswalk+pseudo"}, "geometry": {"type": "Point", "coordinates": [329761.64, 4698064.6]}}, {"type": "Feature", "properties": {"node_id": 1904, "node_type": "type_change", "degree": 2, "link_types": "crosswalk+pseudo"}, "geometry": {"type": "Point", "coordinates": [329755.16, 4698057.48]}}, {"type": "Feature", "properties": {"node_id": 1905, "node_type": "type_change", "degree": 2, "link_types": "pseudo+sidewalk"}, "geometry": {"type": "Point", "coordinates": [329754.6, 4698057.4]}}, {"type": "Feature", "properties": {"node_id": 1906, "node_type": "junction", "degree": 3, "link_types": "sidewalk"}, "geometry": {"type": "Point", "coordinates": [329743.32, 4698045.32]}}, {"type": "Feature", "properties": {"node_id": 1907, "node_type": "junction", "degree": 3, "link_types": "sidewalk"}, "geometry": {"type": "Point", "coordinates": [329052.52, 4698233.4]}}, {"type": "Feature", "properties": {"node_id": 1908, "node_type": "type_change", "degree": 2, "link_types": "pseudo+sidewalk"}, "geometry": {"type": "Point", "coordinates": [329052.6, 4698233.48]}}, {"type": "Feature", "properties": {"node_id": 1909, "node_type": "type_change", "degree": 2, "link_types": "crosswalk+pseudo"}, "geometry": {"type": "Point", "coordinates": [329053.48, 4698235.0]}}, {"type": "Feature", "properties": {"node_id": 1910, "node_type": "type_change", "degree": 2, "link_types": "midblock+sidewalk"}, "geometry": {"type": "Point", "coordinates": [328943.787, 4698236.597]}}, {"type": "Feature", "properties": {"node_id": 1911, "node_type": "type_change", "degree": 2, "link_types": "midblock+sidewalk"}, "geometry": {"type": "Point", "coordinates": [328934.28, 4698237.338]}}, {"type": "Feature", "properties": {"node_id": 1912, "node_type": "junction", "degree": 3, "link_types": "sidewalk"}, "geometry": {"type": "Point", "coordinates": [328893.72, 4698229.8]}}, {"type": "Feature", "properties": {"node_id": 1913, "node_type": "endpoint", "degree": 1, "link_types": "sidewalk"}, "geometry": {"type": "Point", "coordinates": [329053.88, 4698222.2]}}, {"type": "Feature", "properties": {"node_id": 1914, "node_type": "type_change", "degree": 3, "link_types": "pseudo+sidewalk"}, "geometry": {"type": "Point", "coordinates": [328797.72, 4698890.2]}}, {"type": "Feature", "properties": {"node_id": 1915, "node_type": "endpoint", "degree": 1, "link_types": "sidewalk"}, "geometry": {"type": "Point", "coordinates": [328978.12, 4699392.36]}}, {"type": "Feature", "properties": {"node_id": 1916, "node_type": "type_change", "degree": 3, "link_types": "pseudo+sidewalk"}, "geometry": {"type": "Point", "coordinates": [328979.24, 4699361.8]}}, {"type": "Feature", "properties": {"node_id": 1917, "node_type": "type_change", "degree": 3, "link_types": "pseudo+sidewalk"}, "geometry": {"type": "Point", "coordinates": [329848.52, 4699233.32]}}, {"type": "Feature", "properties": {"node_id": 1918, "node_type": "type_change", "degree": 3, "link_types": "pseudo+sidewalk"}, "geometry": {"type": "Point", "coordinates": [329848.6, 4699233.32]}}, {"type": "Feature", "properties": {"node_id": 1919, "node_type": "junction", "degree": 3, "link_types": "sidewalk"}, "geometry": {"type": "Point", "coordinates": [329620.04, 4698900.12]}}, {"type": "Feature", "properties": {"node_id": 1920, "node_type": "type_change", "degree": 2, "link_types": "midblock+sidewalk"}, "geometry": {"type": "Point", "coordinates": [329621.638, 4698892.53]}}, {"type": "Feature", "properties": {"node_id": 1921, "node_type": "type_change", "degree": 2, "link_types": "midblock+sidewalk"}, "geometry": {"type": "Point", "coordinates": [329626.174, 4698891.492]}}, {"type": "Feature", "properties": {"node_id": 1922, "node_type": "endpoint", "degree": 1, "link_types": "sidewalk"}, "geometry": {"type": "Point", "coordinates": [329631.4, 4698888.52]}}, {"type": "Feature", "properties": {"node_id": 1923, "node_type": "endpoint", "degree": 1, "link_types": "crosswalk"}, "geometry": {"type": "Point", "coordinates": [329255.32, 4698707.08]}}, {"type": "Feature", "properties": {"node_id": 1924, "node_type": "type_change", "degree": 2, "link_types": "crosswalk+pseudo"}, "geometry": {"type": "Point", "coordinates": [329255.72, 4698706.76]}}, {"type": "Feature", "properties": {"node_id": 1925, "node_type": "type_change", "degree": 2, "link_types": "crosswalk+pseudo"}, "geometry": {"type": "Point", "coordinates": [329255.8, 4698706.76]}}, {"type": "Feature", "properties": {"node_id": 1926, "node_type": "type_change", "degree": 2, "link_types": "crosswalk+pseudo"}, "geometry": {"type": "Point", "coordinates": [329255.88, 4698706.68]}}, {"type": "Feature", "properties": {"node_id": 1927, "node_type": "type_change", "degree": 2, "link_types": "crosswalk+pseudo"}, "geometry": {"type": "Point", "coordinates": [329256.04, 4698706.6]}}, {"type": "Feature", "properties": {"node_id": 1928, "node_type": "type_change", "degree": 2, "link_types": "crosswalk+pseudo"}, "geometry": {"type": "Point", "coordinates": [329256.12, 4698706.52]}}, {"type": "Feature", "properties": {"node_id": 1929, "node_type": "type_change", "degree": 2, "link_types": "crosswalk+pseudo"}, "geometry": {"type": "Point", "coordinates": [329256.28, 4698706.44]}}, {"type": "Feature", "properties": {"node_id": 1930, "node_type": "type_change", "degree": 2, "link_types": "crosswalk+pseudo"}, "geometry": {"type": "Point", "coordinates": [329256.36, 4698706.36]}}, {"type": "Feature", "properties": {"node_id": 1931, "node_type": "junction", "degree": 3, "link_types": "pseudo"}, "geometry": {"type": "Point", "coordinates": [329256.44, 4698706.28]}}, {"type": "Feature", "properties": {"node_id": 1932, "node_type": "junction", "degree": 3, "link_types": "sidewalk"}, "geometry": {"type": "Point", "coordinates": [328989.16, 4699417.96]}}, {"type": "Feature", "properties": {"node_id": 1933, "node_type": "junction", "degree": 3, "link_types": "sidewalk"}, "geometry": {"type": "Point", "coordinates": [328989.24, 4699418.04]}}, {"type": "Feature", "properties": {"node_id": 1934, "node_type": "junction", "degree": 3, "link_types": "sidewalk"}, "geometry": {"type": "Point", "coordinates": [328989.24, 4699417.96]}}, {"type": "Feature", "properties": {"node_id": 1935, "node_type": "type_change", "degree": 2, "link_types": "midblock+sidewalk"}, "geometry": {"type": "Point", "coordinates": [329399.014, 4699263.726]}}, {"type": "Feature", "properties": {"node_id": 1936, "node_type": "type_change", "degree": 2, "link_types": "midblock+sidewalk"}, "geometry": {"type": "Point", "coordinates": [329407.39, 4699266.523]}}, {"type": "Feature", "properties": {"node_id": 1937, "node_type": "endpoint", "degree": 1, "link_types": "sidewalk"}, "geometry": {"type": "Point", "coordinates": [329416.12, 4699270.84]}}, {"type": "Feature", "properties": {"node_id": 1938, "node_type": "endpoint", "degree": 1, "link_types": "sidewalk"}, "geometry": {"type": "Point", "coordinates": [329591.48, 4699190.12]}}, {"type": "Feature", "properties": {"node_id": 1939, "node_type": "type_change", "degree": 3, "link_types": "pseudo+sidewalk"}, "geometry": {"type": "Point", "coordinates": [329597.0, 4699191.8]}}, {"type": "Feature", "properties": {"node_id": 1940, "node_type": "endpoint", "degree": 1, "link_types": "sidewalk"}, "geometry": {"type": "Point", "coordinates": [329560.84, 4699201.8]}}, {"type": "Feature", "properties": {"node_id": 1941, "node_type": "junction", "degree": 3, "link_types": "sidewalk"}, "geometry": {"type": "Point", "coordinates": [329553.4, 4699205.56]}}, {"type": "Feature", "properties": {"node_id": 1942, "node_type": "junction", "degree": 3, "link_types": "pseudo"}, "geometry": {"type": "Point", "coordinates": [329734.04, 4699258.44]}}, {"type": "Feature", "properties": {"node_id": 1943, "node_type": "type_change", "degree": 2, "link_types": "crosswalk+pseudo"}, "geometry": {"type": "Point", "coordinates": [329734.36, 4699260.36]}}, {"type": "Feature", "properties": {"node_id": 1944, "node_type": "type_change", "degree": 2, "link_types": "crosswalk+pseudo"}, "geometry": {"type": "Point", "coordinates": [329735.24, 4699268.84]}}, {"type": "Feature", "properties": {"node_id": 1945, "node_type": "type_change", "degree": 3, "link_types": "pseudo+sidewalk"}, "geometry": {"type": "Point", "coordinates": [329737.56, 4699268.04]}}, {"type": "Feature", "properties": {"node_id": 1946, "node_type": "type_change", "degree": 3, "link_types": "pseudo+sidewalk"}, "geometry": {"type": "Point", "coordinates": [329733.96, 4699258.36]}}, {"type": "Feature", "properties": {"node_id": 1947, "node_type": "type_change", "degree": 3, "link_types": "pseudo+sidewalk"}, "geometry": {"type": "Point", "coordinates": [329734.04, 4699258.36]}}, {"type": "Feature", "properties": {"node_id": 1948, "node_type": "endpoint", "degree": 1, "link_types": "sidewalk"}, "geometry": {"type": "Point", "coordinates": [329644.84, 4698289.24]}}, {"type": "Feature", "properties": {"node_id": 1949, "node_type": "endpoint", "degree": 1, "link_types": "sidewalk"}, "geometry": {"type": "Point", "coordinates": [329394.04, 4699280.12]}}, {"type": "Feature", "properties": {"node_id": 1950, "node_type": "endpoint", "degree": 1, "link_types": "sidewalk"}, "geometry": {"type": "Point", "coordinates": [329947.24, 4699234.28]}}, {"type": "Feature", "properties": {"node_id": 1951, "node_type": "type_change", "degree": 2, "link_types": "midblock+sidewalk"}, "geometry": {"type": "Point", "coordinates": [329528.434, 4699448.688]}}, {"type": "Feature", "properties": {"node_id": 1952, "node_type": "type_change", "degree": 2, "link_types": "midblock+sidewalk"}, "geometry": {"type": "Point", "coordinates": [329527.246, 4699456.755]}}, {"type": "Feature", "properties": {"node_id": 1953, "node_type": "endpoint", "degree": 1, "link_types": "sidewalk"}, "geometry": {"type": "Point", "coordinates": [329526.28, 4699463.32]}}, {"type": "Feature", "properties": {"node_id": 1954, "node_type": "endpoint", "degree": 1, "link_types": "sidewalk"}, "geometry": {"type": "Point", "coordinates": [329928.6, 4699075.08]}}, {"type": "Feature", "properties": {"node_id": 1955, "node_type": "type_change", "degree": 2, "link_types": "pseudo+sidewalk"}, "geometry": {"type": "Point", "coordinates": [329912.52, 4699079.96]}}, {"type": "Feature", "properties": {"node_id": 1956, "node_type": "type_change", "degree": 2, "link_types": "crosswalk+pseudo"}, "geometry": {"type": "Point", "coordinates": [329911.64, 4699078.76]}}, {"type": "Feature", "properties": {"node_id": 1957, "node_type": "type_change", "degree": 2, "link_types": "crosswalk+pseudo"}, "geometry": {"type": "Point", "coordinates": [329907.72, 4699049.64]}}, {"type": "Feature", "properties": {"node_id": 1958, "node_type": "junction", "degree": 3, "link_types": "sidewalk"}, "geometry": {"type": "Point", "coordinates": [328500.84, 4698469.72]}}, {"type": "Feature", "properties": {"node_id": 1959, "node_type": "type_change", "degree": 3, "link_types": "pseudo+sidewalk"}, "geometry": {"type": "Point", "coordinates": [328512.36, 4698470.04]}}, {"type": "Feature", "properties": {"node_id": 1960, "node_type": "endpoint", "degree": 1, "link_types": "sidewalk"}, "geometry": {"type": "Point", "coordinates": [328500.52, 4698469.32]}}, {"type": "Feature", "properties": {"node_id": 1961, "node_type": "type_change", "degree": 2, "link_types": "pseudo+sidewalk"}, "geometry": {"type": "Point", "coordinates": [328500.92, 4698469.64]}}, {"type": "Feature", "properties": {"node_id": 1962, "node_type": "type_change", "degree": 2, "link_types": "crosswalk+pseudo"}, "geometry": {"type": "Point", "coordinates": [328501.8, 4698468.76]}}, {"type": "Feature", "properties": {"node_id": 1963, "node_type": "endpoint", "degree": 1, "link_types": "crosswalk"}, "geometry": {"type": "Point", "coordinates": [328501.8, 4698460.6]}}, {"type": "Feature", "properties": {"node_id": 1964, "node_type": "junction", "degree": 3, "link_types": "sidewalk"}, "geometry": {"type": "Point", "coordinates": [328593.08, 4699015.88]}}, {"type": "Feature", "properties": {"node_id": 1965, "node_type": "type_change", "degree": 2, "link_types": "midblock+sidewalk"}, "geometry": {"type": "Point", "coordinates": [328585.498, 4699024.86]}}, {"type": "Feature", "properties": {"node_id": 1966, "node_type": "type_change", "degree": 2, "link_types": "midblock+sidewalk"}, "geometry": {"type": "Point", "coordinates": [328582.92, 4699027.914]}}, {"type": "Feature", "properties": {"node_id": 1967, "node_type": "type_change", "degree": 2, "link_types": "midblock+sidewalk"}, "geometry": {"type": "Point", "coordinates": [328568.324, 4699045.202]}}, {"type": "Feature", "properties": {"node_id": 1968, "node_type": "type_change", "degree": 2, "link_types": "midblock+sidewalk"}, "geometry": {"type": "Point", "coordinates": [328562.996, 4699052.188]}}, {"type": "Feature", "properties": {"node_id": 1969, "node_type": "type_change", "degree": 2, "link_types": "midblock+sidewalk"}, "geometry": {"type": "Point", "coordinates": [328542.37, 4699082.7]}}, {"type": "Feature", "properties": {"node_id": 1970, "node_type": "type_change", "degree": 2, "link_types": "midblock+sidewalk"}, "geometry": {"type": "Point", "coordinates": [328541.133, 4699084.653]}}, {"type": "Feature", "properties": {"node_id": 1971, "node_type": "endpoint", "degree": 1, "link_types": "sidewalk"}, "geometry": {"type": "Point", "coordinates": [328537.72, 4699090.04]}}, {"type": "Feature", "properties": {"node_id": 1972, "node_type": "junction", "degree": 3, "link_types": "sidewalk"}, "geometry": {"type": "Point", "coordinates": [328598.6, 4699014.36]}}, {"type": "Feature", "properties": {"node_id": 1973, "node_type": "type_change", "degree": 2, "link_types": "pseudo+sidewalk"}, "geometry": {"type": "Point", "coordinates": [328593.0, 4699015.8]}}, {"type": "Feature", "properties": {"node_id": 1974, "node_type": "type_change", "degree": 2, "link_types": "crosswalk+pseudo"}, "geometry": {"type": "Point", "coordinates": [328592.28, 4699014.36]}}, {"type": "Feature", "properties": {"node_id": 1975, "node_type": "type_change", "degree": 2, "link_types": "crosswalk+pseudo"}, "geometry": {"type": "Point", "coordinates": [328599.0, 4699012.6]}}, {"type": "Feature", "properties": {"node_id": 1976, "node_type": "type_change", "degree": 3, "link_types": "pseudo+sidewalk"}, "geometry": {"type": "Point", "coordinates": [328598.68, 4699014.28]}}, {"type": "Feature", "properties": {"node_id": 1977, "node_type": "junction", "degree": 3, "link_types": "sidewalk"}, "geometry": {"type": "Point", "coordinates": [329822.2, 4698139.4]}}, {"type": "Feature", "properties": {"node_id": 1978, "node_type": "type_change", "degree": 3, "link_types": "pseudo+sidewalk"}, "geometry": {"type": "Point", "coordinates": [329822.12, 4698139.48]}}, {"type": "Feature", "properties": {"node_id": 1979, "node_type": "type_change", "degree": 3, "link_types": "pseudo+sidewalk"}, "geometry": {"type": "Point", "coordinates": [329822.12, 4698139.4]}}, {"type": "Feature", "properties": {"node_id": 1980, "node_type": "endpoint", "degree": 1, "link_types": "sidewalk"}, "geometry": {"type": "Point", "coordinates": [329193.8, 4699172.6]}}, {"type": "Feature", "properties": {"node_id": 1981, "node_type": "endpoint", "degree": 1, "link_types": "sidewalk"}, "geometry": {"type": "Point", "coordinates": [329408.68, 4699315.88]}}, {"type": "Feature", "properties": {"node_id": 1982, "node_type": "junction", "degree": 3, "link_types": "sidewalk"}, "geometry": {"type": "Point", "coordinates": [329427.56, 4699322.92]}}, {"type": "Feature", "properties": {"node_id": 1983, "node_type": "endpoint", "degree": 1, "link_types": "midblock"}, "geometry": {"type": "Point", "coordinates": [329362.92, 4699003.8]}}, {"type": "Feature", "properties": {"node_id": 1984, "node_type": "type_change", "degree": 2, "link_types": "midblock+sidewalk"}, "geometry": {"type": "Point", "coordinates": [329362.444, 4699001.379]}}, {"type": "Feature", "properties": {"node_id": 1985, "node_type": "type_change", "degree": 2, "link_types": "midblock+sidewalk"}, "geometry": {"type": "Point", "coordinates": [329359.369, 4698991.461]}}, {"type": "Feature", "properties": {"node_id": 1986, "node_type": "type_change", "degree": 2, "link_types": "midblock+sidewalk"}, "geometry": {"type": "Point", "coordinates": [329359.027, 4698990.395]}}, {"type": "Feature", "properties": {"node_id": 1987, "node_type": "type_change", "degree": 2, "link_types": "midblock+sidewalk"}, "geometry": {"type": "Point", "coordinates": [329344.292, 4698944.57]}}, {"type": "Feature", "properties": {"node_id": 1988, "node_type": "type_change", "degree": 2, "link_types": "midblock+sidewalk"}, "geometry": {"type": "Point", "coordinates": [329340.402, 4698932.566]}}, {"type": "Feature", "properties": {"node_id": 1989, "node_type": "endpoint", "degree": 1, "link_types": "sidewalk"}, "geometry": {"type": "Point", "coordinates": [329381.8, 4698858.76]}}, {"type": "Feature", "properties": {"node_id": 1990, "node_type": "endpoint", "degree": 1, "link_types": "sidewalk"}, "geometry": {"type": "Point", "coordinates": [329446.36, 4698251.24]}}, {"type": "Feature", "properties": {"node_id": 1991, "node_type": "type_change", "degree": 2, "link_types": "midblock+sidewalk"}, "geometry": {"type": "Point", "coordinates": [329457.162, 4698252.811]}}, {"type": "Feature", "properties": {"node_id": 1992, "node_type": "type_change", "degree": 2, "link_types": "midblock+sidewalk"}, "geometry": {"type": "Point", "coordinates": [329460.848, 4698253.554]}}, {"type": "Feature", "properties": {"node_id": 1993, "node_type": "type_change", "degree": 3, "link_types": "pseudo+sidewalk"}, "geometry": {"type": "Point", "coordinates": [329504.92, 4698262.44]}}, {"type": "Feature", "properties": {"node_id": 1994, "node_type": "type_change", "degree": 2, "link_types": "crosswalk+pseudo"}, "geometry": {"type": "Point", "coordinates": [328995.24, 4699354.68]}}, {"type": "Feature", "properties": {"node_id": 1995, "node_type": "type_change", "degree": 2, "link_types": "crosswalk+pseudo"}, "geometry": {"type": "Point", "coordinates": [328993.4, 4699342.76]}}, {"type": "Feature", "properties": {"node_id": 1996, "node_type": "endpoint", "degree": 1, "link_types": "sidewalk"}, "geometry": {"type": "Point", "coordinates": [328819.16, 4699462.84]}}, {"type": "Feature", "properties": {"node_id": 1997, "node_type": "type_change", "degree": 2, "link_types": "midblock+sidewalk"}, "geometry": {"type": "Point", "coordinates": [328812.531, 4699461.626]}}, {"type": "Feature", "properties": {"node_id": 1998, "node_type": "type_change", "degree": 2, "link_types": "midblock+sidewalk"}, "geometry": {"type": "Point", "coordinates": [328810.541, 4699461.48]}}, {"type": "Feature", "properties": {"node_id": 1999, "node_type": "type_change", "degree": 2, "link_types": "crosswalk+pseudo"}, "geometry": {"type": "Point", "coordinates": [329539.24, 4698885.32]}}, {"type": "Feature", "properties": {"node_id": 2000, "node_type": "type_change", "degree": 2, "link_types": "crosswalk+pseudo"}, "geometry": {"type": "Point", "coordinates": [329538.76, 4698869.16]}}, {"type": "Feature", "properties": {"node_id": 2001, "node_type": "type_change", "degree": 3, "link_types": "pseudo+sidewalk"}, "geometry": {"type": "Point", "coordinates": [329539.8, 4698868.2]}}, {"type": "Feature", "properties": {"node_id": 2002, "node_type": "endpoint", "degree": 1, "link_types": "sidewalk"}, "geometry": {"type": "Point", "coordinates": [329391.0, 4699298.04]}}, {"type": "Feature", "properties": {"node_id": 2003, "node_type": "type_change", "degree": 3, "link_types": "pseudo+sidewalk"}, "geometry": {"type": "Point", "coordinates": [329636.92, 4698131.88]}}, {"type": "Feature", "properties": {"node_id": 2004, "node_type": "endpoint", "degree": 1, "link_types": "sidewalk"}, "geometry": {"type": "Point", "coordinates": [329244.84, 4698675.48]}}, {"type": "Feature", "properties": {"node_id": 2005, "node_type": "endpoint", "degree": 1, "link_types": "sidewalk"}, "geometry": {"type": "Point", "coordinates": [329241.08, 4698679.0]}}, {"type": "Feature", "properties": {"node_id": 2006, "node_type": "endpoint", "degree": 1, "link_types": "sidewalk"}, "geometry": {"type": "Point", "coordinates": [329625.0, 4698125.16]}}, {"type": "Feature", "properties": {"node_id": 2007, "node_type": "type_change", "degree": 3, "link_types": "pseudo+sidewalk"}, "geometry": {"type": "Point", "coordinates": [329773.0, 4698123.96]}}, {"type": "Feature", "properties": {"node_id": 2008, "node_type": "type_change", "degree": 3, "link_types": "pseudo+sidewalk"}, "geometry": {"type": "Point", "coordinates": [329773.0, 4698123.88]}}, {"type": "Feature", "properties": {"node_id": 2009, "node_type": "endpoint", "degree": 1, "link_types": "sidewalk"}, "geometry": {"type": "Point", "coordinates": [329013.64, 4698790.76]}}, {"type": "Feature", "properties": {"node_id": 2010, "node_type": "endpoint", "degree": 1, "link_types": "sidewalk"}, "geometry": {"type": "Point", "coordinates": [329067.72, 4698783.96]}}, {"type": "Feature", "properties": {"node_id": 2011, "node_type": "endpoint", "degree": 1, "link_types": "sidewalk"}, "geometry": {"type": "Point", "coordinates": [329831.48, 4699056.44]}}, {"type": "Feature", "properties": {"node_id": 2012, "node_type": "type_change", "degree": 3, "link_types": "pseudo+sidewalk"}, "geometry": {"type": "Point", "coordinates": [329829.96, 4699057.24]}}, {"type": "Feature", "properties": {"node_id": 2013, "node_type": "junction", "degree": 3, "link_types": "pseudo"}, "geometry": {"type": "Point", "coordinates": [329525.24, 4698257.8]}}, {"type": "Feature", "properties": {"node_id": 2014, "node_type": "type_change", "degree": 2, "link_types": "crosswalk+pseudo"}, "geometry": {"type": "Point", "coordinates": [329524.12, 4698257.72]}}, {"type": "Feature", "properties": {"node_id": 2015, "node_type": "type_change", "degree": 2, "link_types": "crosswalk+pseudo"}, "geometry": {"type": "Point", "coordinates": [329507.96, 4698261.8]}}, {"type": "Feature", "properties": {"node_id": 2016, "node_type": "type_change", "degree": 2, "link_types": "pseudo+sidewalk"}, "geometry": {"type": "Point", "coordinates": [329506.6, 4698262.44]}}, {"type": "Feature", "properties": {"node_id": 2017, "node_type": "junction", "degree": 3, "link_types": "sidewalk"}, "geometry": {"type": "Point", "coordinates": [329505.0, 4698262.44]}}, {"type": "Feature", "properties": {"node_id": 2018, "node_type": "type_change", "degree": 3, "link_types": "pseudo+sidewalk"}, "geometry": {"type": "Point", "coordinates": [329525.32, 4698257.8]}}, {"type": "Feature", "properties": {"node_id": 2019, "node_type": "type_change", "degree": 2, "link_types": "pseudo+sidewalk"}, "geometry": {"type": "Point", "coordinates": [329195.64, 4699190.92]}}, {"type": "Feature", "properties": {"node_id": 2020, "node_type": "endpoint", "degree": 1, "link_types": "sidewalk"}, "geometry": {"type": "Point", "coordinates": [329198.04, 4699204.6]}}, {"type": "Feature", "properties": {"node_id": 2021, "node_type": "type_change", "degree": 2, "link_types": "crosswalk+pseudo"}, "geometry": {"type": "Point", "coordinates": [329198.36, 4699190.84]}}, {"type": "Feature", "properties": {"node_id": 2022, "node_type": "endpoint", "degree": 1, "link_types": "crosswalk"}, "geometry": {"type": "Point", "coordinates": [329207.16, 4699190.36]}}, {"type": "Feature", "properties": {"node_id": 2023, "node_type": "endpoint", "degree": 1, "link_types": "crosswalk"}, "geometry": {"type": "Point", "coordinates": [328901.72, 4698051.88]}}, {"type": "Feature", "properties": {"node_id": 2024, "node_type": "endpoint", "degree": 1, "link_types": "crosswalk"}, "geometry": {"type": "Point", "coordinates": [328881.56, 4698050.44]}}, {"type": "Feature", "properties": {"node_id": 2025, "node_type": "junction", "degree": 3, "link_types": "sidewalk"}, "geometry": {"type": "Point", "coordinates": [329611.8, 4699425.48]}}, {"type": "Feature", "properties": {"node_id": 2026, "node_type": "type_change", "degree": 2, "link_types": "pseudo+sidewalk"}, "geometry": {"type": "Point", "coordinates": [329611.88, 4699425.56]}}, {"type": "Feature", "properties": {"node_id": 2027, "node_type": "type_change", "degree": 2, "link_types": "crosswalk+pseudo"}, "geometry": {"type": "Point", "coordinates": [329612.6, 4699427.0]}}, {"type": "Feature", "properties": {"node_id": 2028, "node_type": "type_change", "degree": 2, "link_types": "crosswalk+pseudo"}, "geometry": {"type": "Point", "coordinates": [329621.0, 4699426.92]}}, {"type": "Feature", "properties": {"node_id": 2029, "node_type": "type_change", "degree": 3, "link_types": "pseudo+sidewalk"}, "geometry": {"type": "Point", "coordinates": [329623.08, 4699425.24]}}, {"type": "Feature", "properties": {"node_id": 2030, "node_type": "endpoint", "degree": 1, "link_types": "sidewalk"}, "geometry": {"type": "Point", "coordinates": [329595.0, 4699424.2]}}, {"type": "Feature", "properties": {"node_id": 2031, "node_type": "type_change", "degree": 2, "link_types": "crosswalk+pseudo"}, "geometry": {"type": "Point", "coordinates": [329401.88, 4699297.8]}}, {"type": "Feature", "properties": {"node_id": 2032, "node_type": "type_change", "degree": 2, "link_types": "crosswalk+pseudo"}, "geometry": {"type": "Point", "coordinates": [329405.32, 4699298.2]}}, {"type": "Feature", "properties": {"node_id": 2033, "node_type": "type_change", "degree": 3, "link_types": "pseudo+sidewalk"}, "geometry": {"type": "Point", "coordinates": [329405.32, 4699296.6]}}, {"type": "Feature", "properties": {"node_id": 2034, "node_type": "type_change", "degree": 2, "link_types": "pseudo+sidewalk"}, "geometry": {"type": "Point", "coordinates": [329401.88, 4699296.44]}}, {"type": "Feature", "properties": {"node_id": 2035, "node_type": "endpoint", "degree": 1, "link_types": "crosswalk"}, "geometry": {"type": "Point", "coordinates": [328877.0, 4698347.8]}}, {"type": "Feature", "properties": {"node_id": 2036, "node_type": "endpoint", "degree": 1, "link_types": "crosswalk"}, "geometry": {"type": "Point", "coordinates": [328880.36, 4698346.76]}}, {"type": "Feature", "properties": {"node_id": 2037, "node_type": "junction", "degree": 3, "link_types": "sidewalk"}, "geometry": {"type": "Point", "coordinates": [329663.88, 4699195.08]}}, {"type": "Feature", "properties": {"node_id": 2038, "node_type": "endpoint", "degree": 1, "link_types": "sidewalk"}, "geometry": {"type": "Point", "coordinates": [329662.12, 4699198.52]}}, {"type": "Feature", "properties": {"node_id": 2039, "node_type": "type_change", "degree": 3, "link_types": "midblock+sidewalk"}, "geometry": {"type": "Point", "coordinates": [329675.24, 4699194.52]}}, {"type": "Feature", "properties": {"node_id": 2040, "node_type": "junction", "degree": 3, "link_types": "sidewalk"}, "geometry": {"type": "Point", "coordinates": [329659.72, 4699195.32]}}, {"type": "Feature", "properties": {"node_id": 2041, "node_type": "junction", "degree": 3, "link_types": "sidewalk"}, "geometry": {"type": "Point", "coordinates": [329663.32, 4699282.2]}}, {"type": "Feature", "properties": {"node_id": 2042, "node_type": "type_change", "degree": 3, "link_types": "pseudo+sidewalk"}, "geometry": {"type": "Point", "coordinates": [329663.4, 4699282.28]}}, {"type": "Feature", "properties": {"node_id": 2043, "node_type": "type_change", "degree": 3, "link_types": "pseudo+sidewalk"}, "geometry": {"type": "Point", "coordinates": [329661.56, 4699282.84]}}, {"type": "Feature", "properties": {"node_id": 2044, "node_type": "junction", "degree": 3, "link_types": "sidewalk"}, "geometry": {"type": "Point", "coordinates": [329582.84, 4699108.12]}}, {"type": "Feature", "properties": {"node_id": 2045, "node_type": "endpoint", "degree": 1, "link_types": "sidewalk"}, "geometry": {"type": "Point", "coordinates": [329585.56, 4699108.44]}}, {"type": "Feature", "properties": {"node_id": 2046, "node_type": "junction", "degree": 3, "link_types": "sidewalk"}, "geometry": {"type": "Point", "coordinates": [329582.76, 4699108.12]}}, {"type": "Feature", "properties": {"node_id": 2047, "node_type": "type_change", "degree": 3, "link_types": "pseudo+sidewalk"}, "geometry": {"type": "Point", "coordinates": [329582.84, 4699108.04]}}, {"type": "Feature", "properties": {"node_id": 2048, "node_type": "endpoint", "degree": 1, "link_types": "sidewalk"}, "geometry": {"type": "Point", "coordinates": [328787.8, 4699246.44]}}, {"type": "Feature", "properties": {"node_id": 2049, "node_type": "junction", "degree": 3, "link_types": "pseudo"}, "geometry": {"type": "Point", "coordinates": [329885.0, 4699460.12]}}, {"type": "Feature", "properties": {"node_id": 2050, "node_type": "type_change", "degree": 3, "link_types": "pseudo+sidewalk"}, "geometry": {"type": "Point", "coordinates": [329884.92, 4699460.2]}}, {"type": "Feature", "properties": {"node_id": 2051, "node_type": "type_change", "degree": 3, "link_types": "pseudo+sidewalk"}, "geometry": {"type": "Point", "coordinates": [329884.92, 4699460.12]}}, {"type": "Feature", "properties": {"node_id": 2052, "node_type": "type_change", "degree": 2, "link_types": "crosswalk+pseudo"}, "geometry": {"type": "Point", "coordinates": [329886.36, 4699459.8]}}, {"type": "Feature", "properties": {"node_id": 2053, "node_type": "type_change", "degree": 2, "link_types": "crosswalk+pseudo"}, "geometry": {"type": "Point", "coordinates": [329886.44, 4699456.6]}}, {"type": "Feature", "properties": {"node_id": 2054, "node_type": "endpoint", "degree": 1, "link_types": "sidewalk"}, "geometry": {"type": "Point", "coordinates": [329691.0, 4698907.08]}}, {"type": "Feature", "properties": {"node_id": 2055, "node_type": "type_change", "degree": 3, "link_types": "pseudo+sidewalk"}, "geometry": {"type": "Point", "coordinates": [329681.72, 4698898.12]}}, {"type": "Feature", "properties": {"node_id": 2056, "node_type": "type_change", "degree": 2, "link_types": "pseudo+sidewalk"}, "geometry": {"type": "Point", "coordinates": [329412.2, 4699132.36]}}, {"type": "Feature", "properties": {"node_id": 2057, "node_type": "type_change", "degree": 2, "link_types": "crosswalk+pseudo"}, "geometry": {"type": "Point", "coordinates": [329411.4, 4699131.48]}}, {"type": "Feature", "properties": {"node_id": 2058, "node_type": "type_change", "degree": 2, "link_types": "crosswalk+pseudo"}, "geometry": {"type": "Point", "coordinates": [329407.64, 4699119.24]}}, {"type": "Feature", "properties": {"node_id": 2059, "node_type": "endpoint", "degree": 1, "link_types": "sidewalk"}, "geometry": {"type": "Point", "coordinates": [329413.96, 4699129.96]}}, {"type": "Feature", "properties": {"node_id": 2060, "node_type": "endpoint", "degree": 1, "link_types": "sidewalk"}, "geometry": {"type": "Point", "coordinates": [329335.96, 4699290.44]}}, {"type": "Feature", "properties": {"node_id": 2061, "node_type": "junction", "degree": 3, "link_types": "pseudo"}, "geometry": {"type": "Point", "coordinates": [329127.64, 4699301.64]}}, {"type": "Feature", "properties": {"node_id": 2062, "node_type": "type_change", "degree": 2, "link_types": "crosswalk+pseudo"}, "geometry": {"type": "Point", "coordinates": [329125.96, 4699302.2]}}, {"type": "Feature", "properties": {"node_id": 2063, "node_type": "type_change", "degree": 2, "link_types": "crosswalk+pseudo"}, "geometry": {"type": "Point", "coordinates": [329122.76, 4699293.24]}}, {"type": "Feature", "properties": {"node_id": 2064, "node_type": "endpoint", "degree": 1, "link_types": "pseudo"}, "geometry": {"type": "Point", "coordinates": [329121.48, 4699294.76]}}, {"type": "Feature", "properties": {"node_id": 2065, "node_type": "type_change", "degree": 3, "link_types": "pseudo+sidewalk"}, "geometry": {"type": "Point", "coordinates": [329127.72, 4699301.64]}}, {"type": "Feature", "properties": {"node_id": 2066, "node_type": "type_change", "degree": 3, "link_types": "pseudo+sidewalk"}, "geometry": {"type": "Point", "coordinates": [329127.72, 4699301.56]}}, {"type": "Feature", "properties": {"node_id": 2067, "node_type": "junction", "degree": 3, "link_types": "sidewalk"}, "geometry": {"type": "Point", "coordinates": [329673.32, 4699271.32]}}, {"type": "Feature", "properties": {"node_id": 2068, "node_type": "junction", "degree": 3, "link_types": "sidewalk"}, "geometry": {"type": "Point", "coordinates": [329666.28, 4699269.72]}}, {"type": "Feature", "properties": {"node_id": 2069, "node_type": "endpoint", "degree": 1, "link_types": "sidewalk"}, "geometry": {"type": "Point", "coordinates": [329144.12, 4698798.44]}}, {"type": "Feature", "properties": {"node_id": 2070, "node_type": "junction", "degree": 3, "link_types": "pseudo"}, "geometry": {"type": "Point", "coordinates": [328928.12, 4698872.68]}}, {"type": "Feature", "properties": {"node_id": 2071, "node_type": "type_change", "degree": 2, "link_types": "pseudo+sidewalk"}, "geometry": {"type": "Point", "coordinates": [328928.04, 4698872.76]}}, {"type": "Feature", "properties": {"node_id": 2072, "node_type": "type_change", "degree": 2, "link_types": "crosswalk+pseudo"}, "geometry": {"type": "Point", "coordinates": [328929.24, 4698872.68]}}, {"type": "Feature", "properties": {"node_id": 2073, "node_type": "type_change", "degree": 2, "link_types": "crosswalk+pseudo"}, "geometry": {"type": "Point", "coordinates": [328936.92, 4698871.96]}}, {"type": "Feature", "properties": {"node_id": 2074, "node_type": "type_change", "degree": 3, "link_types": "pseudo+sidewalk"}, "geometry": {"type": "Point", "coordinates": [328937.96, 4698871.96]}}, {"type": "Feature", "properties": {"node_id": 2075, "node_type": "type_change", "degree": 2, "link_types": "pseudo+sidewalk"}, "geometry": {"type": "Point", "coordinates": [328928.04, 4698872.6]}}, {"type": "Feature", "properties": {"node_id": 2076, "node_type": "endpoint", "degree": 1, "link_types": "sidewalk"}, "geometry": {"type": "Point", "coordinates": [328889.08, 4698539.72]}}, {"type": "Feature", "properties": {"node_id": 2077, "node_type": "type_change", "degree": 3, "link_types": "pseudo+sidewalk"}, "geometry": {"type": "Point", "coordinates": [328891.8, 4698540.04]}}, {"type": "Feature", "properties": {"node_id": 2078, "node_type": "junction", "degree": 3, "link_types": "sidewalk"}, "geometry": {"type": "Point", "coordinates": [329645.56, 4699391.72]}}, {"type": "Feature", "properties": {"node_id": 2079, "node_type": "endpoint", "degree": 1, "link_types": "sidewalk"}, "geometry": {"type": "Point", "coordinates": [329205.32, 4699261.4]}}, {"type": "Feature", "properties": {"node_id": 2080, "node_type": "type_change", "degree": 3, "link_types": "pseudo+sidewalk"}, "geometry": {"type": "Point", "coordinates": [329204.92, 4699262.52]}}, {"type": "Feature", "properties": {"node_id": 2081, "node_type": "junction", "degree": 3, "link_types": "sidewalk"}, "geometry": {"type": "Point", "coordinates": [329742.12, 4698044.68]}}, {"type": "Feature", "properties": {"node_id": 2082, "node_type": "type_change", "degree": 2, "link_types": "pseudo+sidewalk"}, "geometry": {"type": "Point", "coordinates": [329743.4, 4698045.24]}}, {"type": "Feature", "properties": {"node_id": 2083, "node_type": "type_change", "degree": 2, "link_types": "crosswalk+pseudo"}, "geometry": {"type": "Point", "coordinates": [329743.88, 4698044.76]}}, {"type": "Feature", "properties": {"node_id": 2084, "node_type": "junction", "degree": 3, "link_types": "crosswalk"}, "geometry": {"type": "Point", "coordinates": [329740.84, 4698043.0]}}, {"type": "Feature", "properties": {"node_id": 2085, "node_type": "junction", "degree": 3, "link_types": "pseudo"}, "geometry": {"type": "Point", "coordinates": [328876.2, 4698419.88]}}, {"type": "Feature", "properties": {"node_id": 2086, "node_type": "type_change", "degree": 2, "link_types": "crosswalk+pseudo"}, "geometry": {"type": "Point", "coordinates": [328876.36, 4698419.88]}}, {"type": "Feature", "properties": {"node_id": 2087, "node_type": "type_change", "degree": 3, "link_types": "crosswalk+pseudo"}, "geometry": {"type": "Point", "coordinates": [328876.28, 4698419.8]}}, {"type": "Feature", "properties": {"node_id": 2088, "node_type": "junction", "degree": 3, "link_types": "pseudo"}, "geometry": {"type": "Point", "coordinates": [328874.36, 4698419.4]}}, {"type": "Feature", "properties": {"node_id": 2089, "node_type": "endpoint", "degree": 1, "link_types": "sidewalk"}, "geometry": {"type": "Point", "coordinates": [328822.76, 4699068.2]}}, {"type": "Feature", "properties": {"node_id": 2090, "node_type": "endpoint", "degree": 1, "link_types": "sidewalk"}, "geometry": {"type": "Point", "coordinates": [328822.76, 4699071.32]}}, {"type": "Feature", "properties": {"node_id": 2091, "node_type": "junction", "degree": 3, "link_types": "sidewalk"}, "geometry": {"type": "Point", "coordinates": [328849.88, 4698876.84]}}, {"type": "Feature", "properties": {"node_id": 2092, "node_type": "type_change", "degree": 3, "link_types": "pseudo+sidewalk"}, "geometry": {"type": "Point", "coordinates": [328849.8, 4698876.92]}}, {"type": "Feature", "properties": {"node_id": 2093, "node_type": "type_change", "degree": 3, "link_types": "pseudo+sidewalk"}, "geometry": {"type": "Point", "coordinates": [328849.88, 4698876.92]}}, {"type": "Feature", "properties": {"node_id": 2094, "node_type": "endpoint", "degree": 1, "link_types": "sidewalk"}, "geometry": {"type": "Point", "coordinates": [328849.56, 4698876.2]}}, {"type": "Feature", "properties": {"node_id": 2095, "node_type": "endpoint", "degree": 1, "link_types": "sidewalk"}, "geometry": {"type": "Point", "coordinates": [329770.84, 4699447.4]}}, {"type": "Feature", "properties": {"node_id": 2096, "node_type": "type_change", "degree": 2, "link_types": "pseudo+sidewalk"}, "geometry": {"type": "Point", "coordinates": [329770.76, 4699447.4]}}, {"type": "Feature", "properties": {"node_id": 2097, "node_type": "type_change", "degree": 3, "link_types": "crosswalk+pseudo"}, "geometry": {"type": "Point", "coordinates": [329769.24, 4699446.76]}}, {"type": "Feature", "properties": {"node_id": 2098, "node_type": "endpoint", "degree": 1, "link_types": "sidewalk"}, "geometry": {"type": "Point", "coordinates": [329655.72, 4699277.56]}}, {"type": "Feature", "properties": {"node_id": 2099, "node_type": "junction", "degree": 3, "link_types": "pseudo"}, "geometry": {"type": "Point", "coordinates": [328948.44, 4698249.64]}}, {"type": "Feature", "properties": {"node_id": 2100, "node_type": "type_change", "degree": 2, "link_types": "pseudo+sidewalk"}, "geometry": {"type": "Point", "coordinates": [328948.36, 4698249.72]}}, {"type": "Feature", "properties": {"node_id": 2101, "node_type": "type_change", "degree": 2, "link_types": "midblock+sidewalk"}, "geometry": {"type": "Point", "coordinates": [328921.67, 4698250.29]}}, {"type": "Feature", "properties": {"node_id": 2102, "node_type": "type_change", "degree": 2, "link_types": "midblock+sidewalk"}, "geometry": {"type": "Point", "coordinates": [328918.561, 4698250.263]}}, {"type": "Feature", "properties": {"node_id": 2103, "node_type": "junction", "degree": 3, "link_types": "sidewalk"}, "geometry": {"type": "Point", "coordinates": [328889.32, 4698253.16]}}, {"type": "Feature", "properties": {"node_id": 2104, "node_type": "type_change", "degree": 2, "link_types": "pseudo+sidewalk"}, "geometry": {"type": "Point", "coordinates": [328948.52, 4698249.72]}}, {"type": "Feature", "properties": {"node_id": 2105, "node_type": "endpoint", "degree": 1, "link_types": "sidewalk"}, "geometry": {"type": "Point", "coordinates": [328949.4, 4698249.72]}}, {"type": "Feature", "properties": {"node_id": 2106, "node_type": "type_change", "degree": 2, "link_types": "crosswalk+pseudo"}, "geometry": {"type": "Point", "coordinates": [328948.52, 4698248.36]}}, {"type": "Feature", "properties": {"node_id": 2107, "node_type": "type_change", "degree": 3, "link_types": "crosswalk+pseudo"}, "geometry": {"type": "Point", "coordinates": [328951.88, 4698247.24]}}, {"type": "Feature", "properties": {"node_id": 2108, "node_type": "junction", "degree": 3, "link_types": "sidewalk"}, "geometry": {"type": "Point", "coordinates": [329629.88, 4698357.16]}}, {"type": "Feature", "properties": {"node_id": 2109, "node_type": "endpoint", "degree": 1, "link_types": "sidewalk"}, "geometry": {"type": "Point", "coordinates": [329393.96, 4699279.56]}}, {"type": "Feature", "properties": {"node_id": 2110, "node_type": "endpoint", "degree": 1, "link_types": "sidewalk"}, "geometry": {"type": "Point", "coordinates": [329733.08, 4698408.28]}}, {"type": "Feature", "properties": {"node_id": 2111, "node_type": "type_change", "degree": 2, "link_types": "pseudo+sidewalk"}, "geometry": {"type": "Point", "coordinates": [329733.0, 4698408.28]}}, {"type": "Feature", "properties": {"node_id": 2112, "node_type": "type_change", "degree": 2, "link_types": "crosswalk+pseudo"}, "geometry": {"type": "Point", "coordinates": [329731.64, 4698408.12]}}, {"type": "Feature", "properties": {"node_id": 2113, "node_type": "type_change", "degree": 2, "link_types": "crosswalk+pseudo"}, "geometry": {"type": "Point", "coordinates": [329725.32, 4698417.08]}}, {"type": "Feature", "properties": {"node_id": 2114, "node_type": "type_change", "degree": 2, "link_types": "crosswalk+pseudo"}, "geometry": {"type": "Point", "coordinates": [328709.16, 4698619.8]}}, {"type": "Feature", "properties": {"node_id": 2115, "node_type": "type_change", "degree": 3, "link_types": "pseudo+sidewalk"}, "geometry": {"type": "Point", "coordinates": [328707.72, 4698619.08]}}, {"type": "Feature", "properties": {"node_id": 2116, "node_type": "endpoint", "degree": 1, "link_types": "crosswalk"}, "geometry": {"type": "Point", "coordinates": [328711.56, 4698617.08]}}, {"type": "Feature", "properties": {"node_id": 2117, "node_type": "junction", "degree": 3, "link_types": "pseudo"}, "geometry": {"type": "Point", "coordinates": [329519.64, 4698887.48]}}, {"type": "Feature", "properties": {"node_id": 2118, "node_type": "type_change", "degree": 2, "link_types": "pseudo+sidewalk"}, "geometry": {"type": "Point", "coordinates": [329519.56, 4698887.56]}}, {"type": "Feature", "properties": {"node_id": 2119, "node_type": "endpoint", "degree": 1, "link_types": "sidewalk"}, "geometry": {"type": "Point", "coordinates": [329517.32, 4698896.2]}}, {"type": "Feature", "properties": {"node_id": 2120, "node_type": "type_change", "degree": 2, "link_types": "crosswalk+pseudo"}, "geometry": {"type": "Point", "coordinates": [329520.52, 4698887.48]}}, {"type": "Feature", "properties": {"node_id": 2121, "node_type": "type_change", "degree": 2, "link_types": "crosswalk+pseudo"}, "geometry": {"type": "Point", "coordinates": [329534.52, 4698890.12]}}, {"type": "Feature", "properties": {"node_id": 2122, "node_type": "type_change", "degree": 2, "link_types": "pseudo+sidewalk"}, "geometry": {"type": "Point", "coordinates": [329519.56, 4698887.4]}}, {"type": "Feature", "properties": {"node_id": 2123, "node_type": "type_change", "degree": 3, "link_types": "pseudo+sidewalk"}, "geometry": {"type": "Point", "coordinates": [329517.56, 4698883.72]}}, {"type": "Feature", "properties": {"node_id": 2124, "node_type": "type_change", "degree": 3, "link_types": "pseudo+sidewalk"}, "geometry": {"type": "Point", "coordinates": [329914.28, 4698835.56]}}, {"type": "Feature", "properties": {"node_id": 2125, "node_type": "junction", "degree": 3, "link_types": "crosswalk"}, "geometry": {"type": "Point", "coordinates": [328700.68, 4698706.2]}}, {"type": "Feature", "properties": {"node_id": 2126, "node_type": "type_change", "degree": 3, "link_types": "crosswalk+sidewalk"}, "geometry": {"type": "Point", "coordinates": [328700.68, 4698706.28]}}, {"type": "Feature", "properties": {"node_id": 2127, "node_type": "type_change", "degree": 3, "link_types": "crosswalk+sidewalk"}, "geometry": {"type": "Point", "coordinates": [328700.76, 4698706.28]}}, {"type": "Feature", "properties": {"node_id": 2128, "node_type": "type_change", "degree": 2, "link_types": "crosswalk+pseudo"}, "geometry": {"type": "Point", "coordinates": [328705.4, 4698697.08]}}, {"type": "Feature", "properties": {"node_id": 2129, "node_type": "endpoint", "degree": 1, "link_types": "sidewalk"}, "geometry": {"type": "Point", "coordinates": [328858.84, 4698777.16]}}, {"type": "Feature", "properties": {"node_id": 2130, "node_type": "type_change", "degree": 2, "link_types": "midblock+sidewalk"}, "geometry": {"type": "Point", "coordinates": [328863.533, 4698753.119]}}, {"type": "Feature", "properties": {"node_id": 2131, "node_type": "type_change", "degree": 2, "link_types": "midblock+sidewalk"}, "geometry": {"type": "Point", "coordinates": [328864.277, 4698749.714]}}, {"type": "Feature", "properties": {"node_id": 2132, "node_type": "endpoint", "degree": 1, "link_types": "sidewalk"}, "geometry": {"type": "Point", "coordinates": [329992.2, 4698456.28]}}, {"type": "Feature", "properties": {"node_id": 2133, "node_type": "endpoint", "degree": 1, "link_types": "sidewalk"}, "geometry": {"type": "Point", "coordinates": [329936.76, 4698449.96]}}, {"type": "Feature", "properties": {"node_id": 2134, "node_type": "type_change", "degree": 2, "link_types": "crosswalk+pseudo"}, "geometry": {"type": "Point", "coordinates": [329594.04, 4699075.64]}}, {"type": "Feature", "properties": {"node_id": 2135, "node_type": "type_change", "degree": 2, "link_types": "crosswalk+sidewalk"}, "geometry": {"type": "Point", "coordinates": [329597.8, 4699075.08]}}, {"type": "Feature", "properties": {"node_id": 2136, "node_type": "junction", "degree": 3, "link_types": "sidewalk"}, "geometry": {"type": "Point", "coordinates": [329591.32, 4699073.4]}}, {"type": "Feature", "properties": {"node_id": 2137, "node_type": "junction", "degree": 3, "link_types": "sidewalk"}, "geometry": {"type": "Point", "coordinates": [329951.88, 4698568.44]}}, {"type": "Feature", "properties": {"node_id": 2138, "node_type": "endpoint", "degree": 1, "link_types": "sidewalk"}, "geometry": {"type": "Point", "coordinates": [329946.52, 4698593.0]}}, {"type": "Feature", "properties": {"node_id": 2139, "node_type": "junction", "degree": 3, "link_types": "sidewalk"}, "geometry": {"type": "Point", "coordinates": [329951.8, 4698568.36]}}, {"type": "Feature", "properties": {"node_id": 2140, "node_type": "type_change", "degree": 3, "link_types": "pseudo+sidewalk"}, "geometry": {"type": "Point", "coordinates": [329990.44, 4699246.12]}}, {"type": "Feature", "properties": {"node_id": 2141, "node_type": "junction", "degree": 3, "link_types": "pseudo"}, "geometry": {"type": "Point", "coordinates": [329746.2, 4698289.56]}}, {"type": "Feature", "properties": {"node_id": 2142, "node_type": "type_change", "degree": 3, "link_types": "pseudo+sidewalk"}, "geometry": {"type": "Point", "coordinates": [329746.2, 4698289.64]}}, {"type": "Feature", "properties": {"node_id": 2143, "node_type": "type_change", "degree": 2, "link_types": "crosswalk+pseudo"}, "geometry": {"type": "Point", "coordinates": [329745.8, 4698288.04]}}, {"type": "Feature", "properties": {"node_id": 2144, "node_type": "type_change", "degree": 2, "link_types": "crosswalk+pseudo"}, "geometry": {"type": "Point", "coordinates": [329746.2, 4698278.36]}}, {"type": "Feature", "properties": {"node_id": 2145, "node_type": "type_change", "degree": 3, "link_types": "pseudo+sidewalk"}, "geometry": {"type": "Point", "coordinates": [329746.6, 4698276.84]}}, {"type": "Feature", "properties": {"node_id": 2146, "node_type": "endpoint", "degree": 1, "link_types": "sidewalk"}, "geometry": {"type": "Point", "coordinates": [329744.44, 4698267.0]}}, {"type": "Feature", "properties": {"node_id": 2147, "node_type": "type_change", "degree": 3, "link_types": "pseudo+sidewalk"}, "geometry": {"type": "Point", "coordinates": [329504.92, 4698262.52]}}, {"type": "Feature", "properties": {"node_id": 2148, "node_type": "type_change", "degree": 3, "link_types": "pseudo+sidewalk"}, "geometry": {"type": "Point", "coordinates": [328689.56, 4698878.04]}}, {"type": "Feature", "properties": {"node_id": 2149, "node_type": "type_change", "degree": 2, "link_types": "midblock+sidewalk"}, "geometry": {"type": "Point", "coordinates": [328707.037, 4698808.078]}}, {"type": "Feature", "properties": {"node_id": 2150, "node_type": "type_change", "degree": 2, "link_types": "midblock+sidewalk"}, "geometry": {"type": "Point", "coordinates": [328713.899, 4698807.83]}}, {"type": "Feature", "properties": {"node_id": 2151, "node_type": "type_change", "degree": 2, "link_types": "midblock+sidewalk"}, "geometry": {"type": "Point", "coordinates": [328715.655, 4698807.767]}}, {"type": "Feature", "properties": {"node_id": 2152, "node_type": "type_change", "degree": 2, "link_types": "midblock+sidewalk"}, "geometry": {"type": "Point", "coordinates": [328716.931, 4698807.722]}}, {"type": "Feature", "properties": {"node_id": 2153, "node_type": "endpoint", "degree": 1, "link_types": "sidewalk"}, "geometry": {"type": "Point", "coordinates": [328721.4, 4698807.56]}}, {"type": "Feature", "properties": {"node_id": 2154, "node_type": "endpoint", "degree": 1, "link_types": "sidewalk"}, "geometry": {"type": "Point", "coordinates": [328542.76, 4698565.96]}}, {"type": "Feature", "properties": {"node_id": 2155, "node_type": "endpoint", "degree": 1, "link_types": "sidewalk"}, "geometry": {"type": "Point", "coordinates": [328797.8, 4698240.04]}}, {"type": "Feature", "properties": {"node_id": 2156, "node_type": "junction", "degree": 3, "link_types": "sidewalk"}, "geometry": {"type": "Point", "coordinates": [329339.0, 4698982.92]}}, {"type": "Feature", "properties": {"node_id": 2157, "node_type": "type_change", "degree": 2, "link_types": "pseudo+sidewalk"}, "geometry": {"type": "Point", "coordinates": [329339.08, 4698983.16]}}, {"type": "Feature", "properties": {"node_id": 2158, "node_type": "type_change", "degree": 2, "link_types": "crosswalk+pseudo"}, "geometry": {"type": "Point", "coordinates": [329341.16, 4698984.44]}}, {"type": "Feature", "properties": {"node_id": 2159, "node_type": "type_change", "degree": 2, "link_types": "crosswalk+pseudo"}, "geometry": {"type": "Point", "coordinates": [329340.68, 4698982.44]}}, {"type": "Feature", "properties": {"node_id": 2160, "node_type": "type_change", "degree": 3, "link_types": "pseudo+sidewalk"}, "geometry": {"type": "Point", "coordinates": [329339.08, 4698982.84]}}, {"type": "Feature", "properties": {"node_id": 2161, "node_type": "type_change", "degree": 3, "link_types": "pseudo+sidewalk"}, "geometry": {"type": "Point", "coordinates": [329339.0, 4698982.84]}}, {"type": "Feature", "properties": {"node_id": 2162, "node_type": "junction", "degree": 3, "link_types": "sidewalk"}, "geometry": {"type": "Point", "coordinates": [329357.08, 4699159.72]}}, {"type": "Feature", "properties": {"node_id": 2163, "node_type": "junction", "degree": 3, "link_types": "sidewalk"}, "geometry": {"type": "Point", "coordinates": [329367.24, 4699184.68]}}, {"type": "Feature", "properties": {"node_id": 2164, "node_type": "junction", "degree": 3, "link_types": "sidewalk"}, "geometry": {"type": "Point", "coordinates": [329357.0, 4699159.64]}}, {"type": "Feature", "properties": {"node_id": 2165, "node_type": "junction", "degree": 3, "link_types": "sidewalk"}, "geometry": {"type": "Point", "coordinates": [329357.08, 4699159.64]}}, {"type": "Feature", "properties": {"node_id": 2166, "node_type": "type_change", "degree": 3, "link_types": "pseudo+sidewalk"}, "geometry": {"type": "Point", "coordinates": [329401.72, 4699104.84]}}, {"type": "Feature", "properties": {"node_id": 2167, "node_type": "junction", "degree": 3, "link_types": "sidewalk"}, "geometry": {"type": "Point", "coordinates": [329401.8, 4699104.76]}}, {"type": "Feature", "properties": {"node_id": 2168, "node_type": "junction", "degree": 3, "link_types": "pseudo"}, "geometry": {"type": "Point", "coordinates": [329819.16, 4699174.04]}}, {"type": "Feature", "properties": {"node_id": 2169, "node_type": "junction", "degree": 3, "link_types": "pseudo"}, "geometry": {"type": "Point", "coordinates": [329819.08, 4699174.44]}}, {"type": "Feature", "properties": {"node_id": 2170, "node_type": "type_change", "degree": 3, "link_types": "pseudo+sidewalk"}, "geometry": {"type": "Point", "coordinates": [329819.16, 4699173.96]}}, {"type": "Feature", "properties": {"node_id": 2171, "node_type": "endpoint", "degree": 1, "link_types": "sidewalk"}, "geometry": {"type": "Point", "coordinates": [329246.12, 4698681.72]}}, {"type": "Feature", "properties": {"node_id": 2172, "node_type": "junction", "degree": 3, "link_types": "midblock"}, "geometry": {"type": "Point", "coordinates": [329956.44, 4699199.64]}}, {"type": "Feature", "properties": {"node_id": 2173, "node_type": "junction", "degree": 3, "link_types": "midblock"}, "geometry": {"type": "Point", "coordinates": [329956.36, 4699199.64]}}, {"type": "Feature", "properties": {"node_id": 2174, "node_type": "endpoint", "degree": 1, "link_types": "midblock"}, "geometry": {"type": "Point", "coordinates": [329959.24, 4699197.16]}}, {"type": "Feature", "properties": {"node_id": 2175, "node_type": "junction", "degree": 3, "link_types": "pseudo"}, "geometry": {"type": "Point", "coordinates": [328943.64, 4698947.4]}}, {"type": "Feature", "properties": {"node_id": 2176, "node_type": "type_change", "degree": 2, "link_types": "pseudo+sidewalk"}, "geometry": {"type": "Point", "coordinates": [328943.56, 4698947.48]}}, {"type": "Feature", "properties": {"node_id": 2177, "node_type": "type_change", "degree": 2, "link_types": "midblock+sidewalk"}, "geometry": {"type": "Point", "coordinates": [328940.593, 4698964.983]}}, {"type": "Feature", "properties": {"node_id": 2178, "node_type": "type_change", "degree": 2, "link_types": "midblock+sidewalk"}, "geometry": {"type": "Point", "coordinates": [328940.348, 4698969.855]}}, {"type": "Feature", "properties": {"node_id": 2179, "node_type": "type_change", "degree": 2, "link_types": "midblock+sidewalk"}, "geometry": {"type": "Point", "coordinates": [328939.946, 4698977.842]}}, {"type": "Feature", "properties": {"node_id": 2180, "node_type": "type_change", "degree": 2, "link_types": "midblock+sidewalk"}, "geometry": {"type": "Point", "coordinates": [328939.737, 4698981.995]}}, {"type": "Feature", "properties": {"node_id": 2181, "node_type": "type_change", "degree": 2, "link_types": "midblock+sidewalk"}, "geometry": {"type": "Point", "coordinates": [328939.472, 4698987.266]}}, {"type": "Feature", "properties": {"node_id": 2182, "node_type": "type_change", "degree": 2, "link_types": "midblock+sidewalk"}, "geometry": {"type": "Point", "coordinates": [328939.323, 4698990.222]}}, {"type": "Feature", "properties": {"node_id": 2183, "node_type": "type_change", "degree": 2, "link_types": "midblock+sidewalk"}, "geometry": {"type": "Point", "coordinates": [328938.966, 4698997.33]}}, {"type": "Feature", "properties": {"node_id": 2184, "node_type": "type_change", "degree": 2, "link_types": "midblock+sidewalk"}, "geometry": {"type": "Point", "coordinates": [328938.877, 4698999.087]}}, {"type": "Feature", "properties": {"node_id": 2185, "node_type": "type_change", "degree": 2, "link_types": "midblock+sidewalk"}, "geometry": {"type": "Point", "coordinates": [328937.466, 4699019.991]}}, {"type": "Feature", "properties": {"node_id": 2186, "node_type": "type_change", "degree": 2, "link_types": "midblock+sidewalk"}, "geometry": {"type": "Point", "coordinates": [328937.208, 4699023.581]}}, {"type": "Feature", "properties": {"node_id": 2187, "node_type": "type_change", "degree": 2, "link_types": "pseudo+sidewalk"}, "geometry": {"type": "Point", "coordinates": [328934.76, 4699057.56]}}, {"type": "Feature", "properties": {"node_id": 2188, "node_type": "type_change", "degree": 2, "link_types": "crosswalk+pseudo"}, "geometry": {"type": "Point", "coordinates": [328935.0, 4699059.0]}}, {"type": "Feature", "properties": {"node_id": 2189, "node_type": "type_change", "degree": 2, "link_types": "crosswalk+pseudo"}, "geometry": {"type": "Point", "coordinates": [328933.32, 4699067.8]}}, {"type": "Feature", "properties": {"node_id": 2190, "node_type": "type_change", "degree": 3, "link_types": "pseudo+sidewalk"}, "geometry": {"type": "Point", "coordinates": [328933.56, 4699067.8]}}, {"type": "Feature", "properties": {"node_id": 2191, "node_type": "type_change", "degree": 2, "link_types": "pseudo+sidewalk"}, "geometry": {"type": "Point", "coordinates": [328943.72, 4698947.48]}}, {"type": "Feature", "properties": {"node_id": 2192, "node_type": "type_change", "degree": 2, "link_types": "midblock+sidewalk"}, "geometry": {"type": "Point", "coordinates": [328963.835, 4698947.136]}}, {"type": "Feature", "properties": {"node_id": 2193, "node_type": "type_change", "degree": 2, "link_types": "midblock+sidewalk"}, "geometry": {"type": "Point", "coordinates": [328970.7, 4698947.019]}}, {"type": "Feature", "properties": {"node_id": 2194, "node_type": "type_change", "degree": 2, "link_types": "midblock+sidewalk"}, "geometry": {"type": "Point", "coordinates": [328984.234, 4698946.368]}}, {"type": "Feature", "properties": {"node_id": 2195, "node_type": "type_change", "degree": 2, "link_types": "midblock+sidewalk"}, "geometry": {"type": "Point", "coordinates": [328987.482, 4698946.016]}}, {"type": "Feature", "properties": {"node_id": 2196, "node_type": "type_change", "degree": 2, "link_types": "midblock+sidewalk"}, "geometry": {"type": "Point", "coordinates": [328991.521, 4698946.255]}}, {"type": "Feature", "properties": {"node_id": 2197, "node_type": "type_change", "degree": 2, "link_types": "midblock+sidewalk"}, "geometry": {"type": "Point", "coordinates": [328998.756, 4698946.457]}}, {"type": "Feature", "properties": {"node_id": 2198, "node_type": "type_change", "degree": 2, "link_types": "midblock+sidewalk"}, "geometry": {"type": "Point", "coordinates": [329013.378, 4698946.156]}}, {"type": "Feature", "properties": {"node_id": 2199, "node_type": "type_change", "degree": 2, "link_types": "midblock+sidewalk"}, "geometry": {"type": "Point", "coordinates": [329018.492, 4698946.051]}}, {"type": "Feature", "properties": {"node_id": 2200, "node_type": "type_change", "degree": 2, "link_types": "midblock+sidewalk"}, "geometry": {"type": "Point", "coordinates": [329025.284, 4698945.911]}}, {"type": "Feature", "properties": {"node_id": 2201, "node_type": "type_change", "degree": 2, "link_types": "midblock+sidewalk"}, "geometry": {"type": "Point", "coordinates": [329028.24, 4698945.85]}}, {"type": "Feature", "properties": {"node_id": 2202, "node_type": "type_change", "degree": 2, "link_types": "midblock+sidewalk"}, "geometry": {"type": "Point", "coordinates": [329051.253, 4698945.378]}}, {"type": "Feature", "properties": {"node_id": 2203, "node_type": "type_change", "degree": 2, "link_types": "midblock+sidewalk"}, "geometry": {"type": "Point", "coordinates": [329057.326, 4698945.252]}}, {"type": "Feature", "properties": {"node_id": 2204, "node_type": "type_change", "degree": 2, "link_types": "midblock+sidewalk"}, "geometry": {"type": "Point", "coordinates": [329065.31, 4698945.062]}}, {"type": "Feature", "properties": {"node_id": 2205, "node_type": "type_change", "degree": 2, "link_types": "midblock+sidewalk"}, "geometry": {"type": "Point", "coordinates": [329088.053, 4698944.431]}}, {"type": "Feature", "properties": {"node_id": 2206, "node_type": "type_change", "degree": 2, "link_types": "midblock+sidewalk"}, "geometry": {"type": "Point", "coordinates": [329109.261, 4698942.929]}}, {"type": "Feature", "properties": {"node_id": 2207, "node_type": "type_change", "degree": 2, "link_types": "midblock+sidewalk"}, "geometry": {"type": "Point", "coordinates": [329111.333, 4698942.754]}}, {"type": "Feature", "properties": {"node_id": 2208, "node_type": "endpoint", "degree": 1, "link_types": "sidewalk"}, "geometry": {"type": "Point", "coordinates": [329118.68, 4698943.0]}}, {"type": "Feature", "properties": {"node_id": 2209, "node_type": "type_change", "degree": 2, "link_types": "crosswalk+pseudo"}, "geometry": {"type": "Point", "coordinates": [328943.64, 4698947.08]}}, {"type": "Feature", "properties": {"node_id": 2210, "node_type": "type_change", "degree": 2, "link_types": "crosswalk+pseudo"}, "geometry": {"type": "Point", "coordinates": [328943.16, 4698939.24]}}, {"type": "Feature", "properties": {"node_id": 2211, "node_type": "type_change", "degree": 3, "link_types": "pseudo+sidewalk"}, "geometry": {"type": "Point", "coordinates": [328943.16, 4698938.36]}}, {"type": "Feature", "properties": {"node_id": 2212, "node_type": "endpoint", "degree": 1, "link_types": "sidewalk"}, "geometry": {"type": "Point", "coordinates": [329966.2, 4698688.36]}}, {"type": "Feature", "properties": {"node_id": 2213, "node_type": "type_change", "degree": 2, "link_types": "midblock+sidewalk"}, "geometry": {"type": "Point", "coordinates": [329963.07, 4698688.359]}}, {"type": "Feature", "properties": {"node_id": 2214, "node_type": "type_change", "degree": 2, "link_types": "midblock+sidewalk"}, "geometry": {"type": "Point", "coordinates": [329955.762, 4698689.585]}}, {"type": "Feature", "properties": {"node_id": 2215, "node_type": "endpoint", "degree": 1, "link_types": "sidewalk"}, "geometry": {"type": "Point", "coordinates": [329845.56, 4699131.08]}}, {"type": "Feature", "properties": {"node_id": 2216, "node_type": "endpoint", "degree": 1, "link_types": "sidewalk"}, "geometry": {"type": "Point", "coordinates": [329891.4, 4698945.16]}}, {"type": "Feature", "properties": {"node_id": 2217, "node_type": "type_change", "degree": 3, "link_types": "pseudo+sidewalk"}, "geometry": {"type": "Point", "coordinates": [329888.6, 4698944.92]}}, {"type": "Feature", "properties": {"node_id": 2218, "node_type": "type_change", "degree": 2, "link_types": "pseudo+sidewalk"}, "geometry": {"type": "Point", "coordinates": [328879.48, 4698629.48]}}, {"type": "Feature", "properties": {"node_id": 2219, "node_type": "junction", "degree": 3, "link_types": "pseudo"}, "geometry": {"type": "Point", "coordinates": [328879.96, 4698629.72]}}, {"type": "Feature", "properties": {"node_id": 2220, "node_type": "endpoint", "degree": 1, "link_types": "sidewalk"}, "geometry": {"type": "Point", "coordinates": [329782.12, 4698956.84]}}, {"type": "Feature", "properties": {"node_id": 2221, "node_type": "endpoint", "degree": 1, "link_types": "sidewalk"}, "geometry": {"type": "Point", "coordinates": [329154.52, 4699182.68]}}, {"type": "Feature", "properties": {"node_id": 2222, "node_type": "type_change", "degree": 2, "link_types": "midblock+sidewalk"}, "geometry": {"type": "Point", "coordinates": [329146.265, 4699182.118]}}, {"type": "Feature", "properties": {"node_id": 2223, "node_type": "type_change", "degree": 2, "link_types": "midblock+sidewalk"}, "geometry": {"type": "Point", "coordinates": [329142.711, 4699181.614]}}, {"type": "Feature", "properties": {"node_id": 2224, "node_type": "type_change", "degree": 2, "link_types": "midblock+sidewalk"}, "geometry": {"type": "Point", "coordinates": [329132.05, 4699180.106]}}, {"type": "Feature", "properties": {"node_id": 2225, "node_type": "type_change", "degree": 2, "link_types": "midblock+sidewalk"}, "geometry": {"type": "Point", "coordinates": [329125.575, 4699179.306]}}, {"type": "Feature", "properties": {"node_id": 2226, "node_type": "type_change", "degree": 2, "link_types": "midblock+sidewalk"}, "geometry": {"type": "Point", "coordinates": [329110.208, 4699177.377]}}, {"type": "Feature", "properties": {"node_id": 2227, "node_type": "type_change", "degree": 2, "link_types": "midblock+sidewalk"}, "geometry": {"type": "Point", "coordinates": [329099.027, 4699175.519]}}, {"type": "Feature", "properties": {"node_id": 2228, "node_type": "type_change", "degree": 2, "link_types": "midblock+sidewalk"}, "geometry": {"type": "Point", "coordinates": [329079.988, 4699172.758]}}, {"type": "Feature", "properties": {"node_id": 2229, "node_type": "type_change", "degree": 2, "link_types": "midblock+sidewalk"}, "geometry": {"type": "Point", "coordinates": [329075.553, 4699172.189]}}, {"type": "Feature", "properties": {"node_id": 2230, "node_type": "endpoint", "degree": 1, "link_types": "sidewalk"}, "geometry": {"type": "Point", "coordinates": [329066.92, 4699171.08]}}, {"type": "Feature", "properties": {"node_id": 2231, "node_type": "junction", "degree": 3, "link_types": "sidewalk"}, "geometry": {"type": "Point", "coordinates": [328921.0, 4699161.4]}}, {"type": "Feature", "properties": {"node_id": 2232, "node_type": "type_change", "degree": 3, "link_types": "pseudo+sidewalk"}, "geometry": {"type": "Point", "coordinates": [328920.92, 4699161.4]}}, {"type": "Feature", "properties": {"node_id": 2233, "node_type": "type_change", "degree": 2, "link_types": "midblock+sidewalk"}, "geometry": {"type": "Point", "coordinates": [328942.802, 4699153.939]}}, {"type": "Feature", "properties": {"node_id": 2234, "node_type": "type_change", "degree": 2, "link_types": "midblock+sidewalk"}, "geometry": {"type": "Point", "coordinates": [328950.225, 4699155.036]}}, {"type": "Feature", "properties": {"node_id": 2235, "node_type": "type_change", "degree": 2, "link_types": "midblock+sidewalk"}, "geometry": {"type": "Point", "coordinates": [328974.296, 4699158.426]}}, {"type": "Feature", "properties": {"node_id": 2236, "node_type": "type_change", "degree": 2, "link_types": "midblock+sidewalk"}, "geometry": {"type": "Point", "coordinates": [328980.076, 4699159.112]}}, {"type": "Feature", "properties": {"node_id": 2237, "node_type": "type_change", "degree": 2, "link_types": "midblock+sidewalk"}, "geometry": {"type": "Point", "coordinates": [328987.443, 4699160.123]}}, {"type": "Feature", "properties": {"node_id": 2238, "node_type": "type_change", "degree": 2, "link_types": "midblock+sidewalk"}, "geometry": {"type": "Point", "coordinates": [328989.899, 4699160.46]}}, {"type": "Feature", "properties": {"node_id": 2239, "node_type": "type_change", "degree": 2, "link_types": "midblock+sidewalk"}, "geometry": {"type": "Point", "coordinates": [329033.145, 4699166.498]}}, {"type": "Feature", "properties": {"node_id": 2240, "node_type": "type_change", "degree": 2, "link_types": "midblock+sidewalk"}, "geometry": {"type": "Point", "coordinates": [329042.411, 4699167.715]}}, {"type": "Feature", "properties": {"node_id": 2241, "node_type": "type_change", "degree": 2, "link_types": "midblock+sidewalk"}, "geometry": {"type": "Point", "coordinates": [329052.31, 4699169.015]}}, {"type": "Feature", "properties": {"node_id": 2242, "node_type": "type_change", "degree": 2, "link_types": "midblock+sidewalk"}, "geometry": {"type": "Point", "coordinates": [329055.399, 4699169.421]}}, {"type": "Feature", "properties": {"node_id": 2243, "node_type": "endpoint", "degree": 1, "link_types": "sidewalk"}, "geometry": {"type": "Point", "coordinates": [329063.16, 4699170.44]}}, {"type": "Feature", "properties": {"node_id": 2244, "node_type": "junction", "degree": 3, "link_types": "pseudo"}, "geometry": {"type": "Point", "coordinates": [329913.32, 4699114.52]}}, {"type": "Feature", "properties": {"node_id": 2245, "node_type": "endpoint", "degree": 1, "link_types": "pseudo"}, "geometry": {"type": "Point", "coordinates": [329913.24, 4699114.76]}}, {"type": "Feature", "properties": {"node_id": 2246, "node_type": "endpoint", "degree": 1, "link_types": "sidewalk"}, "geometry": {"type": "Point", "coordinates": [328823.8, 4699058.2]}}, {"type": "Feature", "properties": {"node_id": 2247, "node_type": "endpoint", "degree": 1, "link_types": "sidewalk"}, "geometry": {"type": "Point", "coordinates": [328824.68, 4699063.56]}}, {"type": "Feature", "properties": {"node_id": 2248, "node_type": "endpoint", "degree": 1, "link_types": "sidewalk"}, "geometry": {"type": "Point", "coordinates": [329717.96, 4699462.04]}}, {"type": "Feature", "properties": {"node_id": 2249, "node_type": "endpoint", "degree": 1, "link_types": "sidewalk"}, "geometry": {"type": "Point", "coordinates": [328889.16, 4699406.28]}}, {"type": "Feature", "properties": {"node_id": 2250, "node_type": "type_change", "degree": 2, "link_types": "midblock+sidewalk"}, "geometry": {"type": "Point", "coordinates": [328890.56, 4699391.202]}}, {"type": "Feature", "properties": {"node_id": 2251, "node_type": "type_change", "degree": 2, "link_types": "midblock+sidewalk"}, "geometry": {"type": "Point", "coordinates": [328890.99, 4699385.871]}}, {"type": "Feature", "properties": {"node_id": 2252, "node_type": "type_change", "degree": 2, "link_types": "midblock+sidewalk"}, "geometry": {"type": "Point", "coordinates": [328891.49, 4699379.666]}}, {"type": "Feature", "properties": {"node_id": 2253, "node_type": "endpoint", "degree": 1, "link_types": "sidewalk"}, "geometry": {"type": "Point", "coordinates": [329943.48, 4699499.56]}}, {"type": "Feature", "properties": {"node_id": 2254, "node_type": "type_change", "degree": 3, "link_types": "pseudo+sidewalk"}, "geometry": {"type": "Point", "coordinates": [329940.68, 4699499.16]}}, {"type": "Feature", "properties": {"node_id": 2255, "node_type": "endpoint", "degree": 1, "link_types": "sidewalk"}, "geometry": {"type": "Point", "coordinates": [329921.32, 4699141.24]}}, {"type": "Feature", "properties": {"node_id": 2256, "node_type": "type_change", "degree": 3, "link_types": "pseudo+sidewalk"}, "geometry": {"type": "Point", "coordinates": [329920.68, 4699126.68]}}, {"type": "Feature", "properties": {"node_id": 2257, "node_type": "endpoint", "degree": 1, "link_types": "sidewalk"}, "geometry": {"type": "Point", "coordinates": [328845.32, 4698902.04]}}, {"type": "Feature", "properties": {"node_id": 2258, "node_type": "endpoint", "degree": 1, "link_types": "sidewalk"}, "geometry": {"type": "Point", "coordinates": [329732.36, 4699264.84]}}, {"type": "Feature", "properties": {"node_id": 2259, "node_type": "endpoint", "degree": 1, "link_types": "sidewalk"}, "geometry": {"type": "Point", "coordinates": [328969.8, 4699480.12]}}, {"type": "Feature", "properties": {"node_id": 2260, "node_type": "type_change", "degree": 2, "link_types": "pseudo+sidewalk"}, "geometry": {"type": "Point", "coordinates": [328969.72, 4699480.04]}}, {"type": "Feature", "properties": {"node_id": 2261, "node_type": "type_change", "degree": 3, "link_types": "crosswalk+pseudo"}, "geometry": {"type": "Point", "coordinates": [328968.28, 4699479.08]}}, {"type": "Feature", "properties": {"node_id": 2262, "node_type": "endpoint", "degree": 1, "link_types": "sidewalk"}, "geometry": {"type": "Point", "coordinates": [329687.56, 4698486.52]}}, {"type": "Feature", "properties": {"node_id": 2263, "node_type": "junction", "degree": 3, "link_types": "pseudo"}, "geometry": {"type": "Point", "coordinates": [329731.32, 4698290.6]}}, {"type": "Feature", "properties": {"node_id": 2264, "node_type": "type_change", "degree": 2, "link_types": "crosswalk+pseudo"}, "geometry": {"type": "Point", "coordinates": [329732.28, 4698290.2]}}, {"type": "Feature", "properties": {"node_id": 2265, "node_type": "type_change", "degree": 2, "link_types": "crosswalk+pseudo"}, "geometry": {"type": "Point", "coordinates": [329732.36, 4698277.8]}}, {"type": "Feature", "properties": {"node_id": 2266, "node_type": "junction", "degree": 3, "link_types": "pseudo"}, "geometry": {"type": "Point", "coordinates": [329731.72, 4698276.12]}}, {"type": "Feature", "properties": {"node_id": 2267, "node_type": "endpoint", "degree": 1, "link_types": "sidewalk"}, "geometry": {"type": "Point", "coordinates": [328925.08, 4698778.44]}}, {"type": "Feature", "properties": {"node_id": 2268, "node_type": "type_change", "degree": 2, "link_types": "midblock+sidewalk"}, "geometry": {"type": "Point", "coordinates": [328925.08, 4698782.84]}}, {"type": "Feature", "properties": {"node_id": 2269, "node_type": "type_change", "degree": 2, "link_types": "midblock+sidewalk"}, "geometry": {"type": "Point", "coordinates": [328925.08, 4698785.8]}}, {"type": "Feature", "properties": {"node_id": 2270, "node_type": "type_change", "degree": 3, "link_types": "crosswalk+sidewalk"}, "geometry": {"type": "Point", "coordinates": [328925.08, 4698791.24]}}, {"type": "Feature", "properties": {"node_id": 2271, "node_type": "endpoint", "degree": 1, "link_types": "crosswalk"}, "geometry": {"type": "Point", "coordinates": [329092.76, 4698605.56]}}, {"type": "Feature", "properties": {"node_id": 2272, "node_type": "type_change", "degree": 2, "link_types": "crosswalk+pseudo"}, "geometry": {"type": "Point", "coordinates": [329091.88, 4698611.64]}}, {"type": "Feature", "properties": {"node_id": 2273, "node_type": "endpoint", "degree": 1, "link_types": "pseudo"}, "geometry": {"type": "Point", "coordinates": [329093.48, 4698610.52]}}, {"type": "Feature", "properties": {"node_id": 2274, "node_type": "endpoint", "degree": 1, "link_types": "sidewalk"}, "geometry": {"type": "Point", "coordinates": [328657.08, 4699467.08]}}, {"type": "Feature", "properties": {"node_id": 2275, "node_type": "type_change", "degree": 2, "link_types": "midblock+sidewalk"}, "geometry": {"type": "Point", "coordinates": [328655.626, 4699467.873]}}, {"type": "Feature", "properties": {"node_id": 2276, "node_type": "type_change", "degree": 2, "link_types": "midblock+sidewalk"}, "geometry": {"type": "Point", "coordinates": [328652.764, 4699469.316]}}, {"type": "Feature", "properties": {"node_id": 2277, "node_type": "type_change", "degree": 2, "link_types": "midblock+sidewalk"}, "geometry": {"type": "Point", "coordinates": [328627.808, 4699425.893]}}, {"type": "Feature", "properties": {"node_id": 2278, "node_type": "type_change", "degree": 2, "link_types": "midblock+sidewalk"}, "geometry": {"type": "Point", "coordinates": [328628.445, 4699424.169]}}, {"type": "Feature", "properties": {"node_id": 2279, "node_type": "endpoint", "degree": 1, "link_types": "sidewalk"}, "geometry": {"type": "Point", "coordinates": [328631.24, 4699416.6]}}, {"type": "Feature", "properties": {"node_id": 2280, "node_type": "endpoint", "degree": 1, "link_types": "crosswalk"}, "geometry": {"type": "Point", "coordinates": [329859.96, 4699225.4]}}, {"type": "Feature", "properties": {"node_id": 2281, "node_type": "type_change", "degree": 3, "link_types": "crosswalk+pseudo"}, "geometry": {"type": "Point", "coordinates": [329860.04, 4699225.48]}}, {"type": "Feature", "properties": {"node_id": 2282, "node_type": "junction", "degree": 3, "link_types": "pseudo"}, "geometry": {"type": "Point", "coordinates": [329633.72, 4699459.24]}}, {"type": "Feature", "properties": {"node_id": 2283, "node_type": "type_change", "degree": 2, "link_types": "pseudo+sidewalk"}, "geometry": {"type": "Point", "coordinates": [329633.64, 4699459.32]}}, {"type": "Feature", "properties": {"node_id": 2284, "node_type": "endpoint", "degree": 1, "link_types": "sidewalk"}, "geometry": {"type": "Point", "coordinates": [329631.64, 4699475.8]}}, {"type": "Feature", "properties": {"node_id": 2285, "node_type": "type_change", "degree": 2, "link_types": "crosswalk+pseudo"}, "geometry": {"type": "Point", "coordinates": [329634.12, 4699459.16]}}, {"type": "Feature", "properties": {"node_id": 2286, "node_type": "type_change", "degree": 2, "link_types": "crosswalk+pseudo"}, "geometry": {"type": "Point", "coordinates": [329636.6, 4699429.56]}}, {"type": "Feature", "properties": {"node_id": 2287, "node_type": "type_change", "degree": 3, "link_types": "pseudo+sidewalk"}, "geometry": {"type": "Point", "coordinates": [329636.12, 4699428.12]}}, {"type": "Feature", "properties": {"node_id": 2288, "node_type": "type_change", "degree": 2, "link_types": "pseudo+sidewalk"}, "geometry": {"type": "Point", "coordinates": [329633.64, 4699459.16]}}, {"type": "Feature", "properties": {"node_id": 2289, "node_type": "type_change", "degree": 3, "link_types": "pseudo+sidewalk"}, "geometry": {"type": "Point", "coordinates": [329620.92, 4699448.52]}}, {"type": "Feature", "properties": {"node_id": 2290, "node_type": "endpoint", "degree": 1, "link_types": "sidewalk"}, "geometry": {"type": "Point", "coordinates": [329341.64, 4699158.76]}}, {"type": "Feature", "properties": {"node_id": 2291, "node_type": "junction", "degree": 3, "link_types": "pseudo"}, "geometry": {"type": "Point", "coordinates": [329117.96, 4698684.36]}}, {"type": "Feature", "properties": {"node_id": 2292, "node_type": "type_change", "degree": 2, "link_types": "crosswalk+pseudo"}, "geometry": {"type": "Point", "coordinates": [329118.84, 4698684.84]}}, {"type": "Feature", "properties": {"node_id": 2293, "node_type": "type_change", "degree": 2, "link_types": "crosswalk+pseudo"}, "geometry": {"type": "Point", "coordinates": [329121.56, 4698693.4]}}, {"type": "Feature", "properties": {"node_id": 2294, "node_type": "junction", "degree": 3, "link_types": "pseudo"}, "geometry": {"type": "Point", "coordinates": [329121.56, 4698694.36]}}, {"type": "Feature", "properties": {"node_id": 2295, "node_type": "endpoint", "degree": 1, "link_types": "crosswalk"}, "geometry": {"type": "Point", "coordinates": [329235.32, 4698545.56]}}, {"type": "Feature", "properties": {"node_id": 2296, "node_type": "endpoint", "degree": 1, "link_types": "crosswalk"}, "geometry": {"type": "Point", "coordinates": [329246.04, 4698536.52]}}, {"type": "Feature", "properties": {"node_id": 2297, "node_type": "endpoint", "degree": 1, "link_types": "crosswalk"}, "geometry": {"type": "Point", "coordinates": [329646.04, 4698021.56]}}, {"type": "Feature", "properties": {"node_id": 2298, "node_type": "type_change", "degree": 2, "link_types": "crosswalk+pseudo"}, "geometry": {"type": "Point", "coordinates": [329654.44, 4698032.92]}}, {"type": "Feature", "properties": {"node_id": 2299, "node_type": "endpoint", "degree": 1, "link_types": "pseudo"}, "geometry": {"type": "Point", "coordinates": [329655.72, 4698031.08]}}, {"type": "Feature", "properties": {"node_id": 2300, "node_type": "junction", "degree": 3, "link_types": "sidewalk"}, "geometry": {"type": "Point", "coordinates": [329746.68, 4698276.76]}}, {"type": "Feature", "properties": {"node_id": 2301, "node_type": "endpoint", "degree": 1, "link_types": "sidewalk"}, "geometry": {"type": "Point", "coordinates": [329759.64, 4698279.08]}}, {"type": "Feature", "properties": {"node_id": 2302, "node_type": "endpoint", "degree": 1, "link_types": "sidewalk"}, "geometry": {"type": "Point", "coordinates": [329798.68, 4699158.36]}}, {"type": "Feature", "properties": {"node_id": 2303, "node_type": "junction", "degree": 3, "link_types": "sidewalk"}, "geometry": {"type": "Point", "coordinates": [329812.76, 4699162.2]}}, {"type": "Feature", "properties": {"node_id": 2304, "node_type": "junction", "degree": 3, "link_types": "sidewalk"}, "geometry": {"type": "Point", "coordinates": [328724.44, 4698060.44]}}, {"type": "Feature", "properties": {"node_id": 2305, "node_type": "type_change", "degree": 3, "link_types": "pseudo+sidewalk"}, "geometry": {"type": "Point", "coordinates": [328724.36, 4698060.36]}}, {"type": "Feature", "properties": {"node_id": 2306, "node_type": "type_change", "degree": 2, "link_types": "crosswalk+pseudo"}, "geometry": {"type": "Point", "coordinates": [328926.36, 4698876.76]}}, {"type": "Feature", "properties": {"node_id": 2307, "node_type": "type_change", "degree": 2, "link_types": "crosswalk+pseudo"}, "geometry": {"type": "Point", "coordinates": [328926.92, 4698884.92]}}, {"type": "Feature", "properties": {"node_id": 2308, "node_type": "junction", "degree": 3, "link_types": "pseudo"}, "geometry": {"type": "Point", "coordinates": [328926.92, 4698885.56]}}, {"type": "Feature", "properties": {"node_id": 2309, "node_type": "type_change", "degree": 2, "link_types": "crosswalk+pseudo"}, "geometry": {"type": "Point", "coordinates": [329836.52, 4699058.2]}}, {"type": "Feature", "properties": {"node_id": 2310, "node_type": "type_change", "degree": 2, "link_types": "crosswalk+pseudo"}, "geometry": {"type": "Point", "coordinates": [329830.44, 4699057.64]}}, {"type": "Feature", "properties": {"node_id": 2311, "node_type": "endpoint", "degree": 1, "link_types": "sidewalk"}, "geometry": {"type": "Point", "coordinates": [329354.76, 4699293.24]}}, {"type": "Feature", "properties": {"node_id": 2312, "node_type": "type_change", "degree": 3, "link_types": "pseudo+sidewalk"}, "geometry": {"type": "Point", "coordinates": [329354.52, 4699289.56]}}, {"type": "Feature", "properties": {"node_id": 2313, "node_type": "type_change", "degree": 2, "link_types": "midblock+sidewalk"}, "geometry": {"type": "Point", "coordinates": [329704.026, 4699068.823]}}, {"type": "Feature", "properties": {"node_id": 2314, "node_type": "type_change", "degree": 2, "link_types": "midblock+sidewalk"}, "geometry": {"type": "Point", "coordinates": [329699.966, 4699069.046]}}, {"type": "Feature", "properties": {"node_id": 2315, "node_type": "endpoint", "degree": 1, "link_types": "sidewalk"}, "geometry": {"type": "Point", "coordinates": [329683.72, 4699069.56]}}, {"type": "Feature", "properties": {"node_id": 2316, "node_type": "junction", "degree": 3, "link_types": "pseudo"}, "geometry": {"type": "Point", "coordinates": [328939.32, 4698885.32]}}, {"type": "Feature", "properties": {"node_id": 2317, "node_type": "junction", "degree": 3, "link_types": "pseudo"}, "geometry": {"type": "Point", "coordinates": [328939.24, 4698885.4]}}, {"type": "Feature", "properties": {"node_id": 2318, "node_type": "junction", "degree": 3, "link_types": "pseudo"}, "geometry": {"type": "Point", "coordinates": [328939.32, 4698885.48]}}, {"type": "Feature", "properties": {"node_id": 2319, "node_type": "type_change", "degree": 3, "link_types": "crosswalk+pseudo"}, "geometry": {"type": "Point", "coordinates": [328938.84, 4698882.04]}}, {"type": "Feature", "properties": {"node_id": 2320, "node_type": "junction", "degree": 3, "link_types": "sidewalk"}, "geometry": {"type": "Point", "coordinates": [329885.64, 4698943.48]}}, {"type": "Feature", "properties": {"node_id": 2321, "node_type": "endpoint", "degree": 1, "link_types": "sidewalk"}, "geometry": {"type": "Point", "coordinates": [329883.96, 4698956.76]}}, {"type": "Feature", "properties": {"node_id": 2322, "node_type": "junction", "degree": 3, "link_types": "sidewalk"}, "geometry": {"type": "Point", "coordinates": [329885.72, 4698943.48]}}, {"type": "Feature", "properties": {"node_id": 2323, "node_type": "junction", "degree": 3, "link_types": "sidewalk"}, "geometry": {"type": "Point", "coordinates": [329885.64, 4698943.4]}}, {"type": "Feature", "properties": {"node_id": 2324, "node_type": "endpoint", "degree": 1, "link_types": "sidewalk"}, "geometry": {"type": "Point", "coordinates": [329261.96, 4698533.0]}}, {"type": "Feature", "properties": {"node_id": 2325, "node_type": "type_change", "degree": 2, "link_types": "midblock+sidewalk"}, "geometry": {"type": "Point", "coordinates": [329282.758, 4698531.38]}}, {"type": "Feature", "properties": {"node_id": 2326, "node_type": "type_change", "degree": 2, "link_types": "midblock+sidewalk"}, "geometry": {"type": "Point", "coordinates": [329294.455, 4698531.251]}}, {"type": "Feature", "properties": {"node_id": 2327, "node_type": "type_change", "degree": 2, "link_types": "midblock+sidewalk"}, "geometry": {"type": "Point", "coordinates": [329358.638, 4698514.335]}}, {"type": "Feature", "properties": {"node_id": 2328, "node_type": "endpoint", "degree": 1, "link_types": "midblock"}, "geometry": {"type": "Point", "coordinates": [329361.0, 4698513.96]}}, {"type": "Feature", "properties": {"node_id": 2329, "node_type": "endpoint", "degree": 1, "link_types": "sidewalk"}, "geometry": {"type": "Point", "coordinates": [329285.56, 4699168.92]}}, {"type": "Feature", "properties": {"node_id": 2330, "node_type": "endpoint", "degree": 1, "link_types": "crosswalk"}, "geometry": {"type": "Point", "coordinates": [329107.8, 4699496.36]}}, {"type": "Feature", "properties": {"node_id": 2331, "node_type": "endpoint", "degree": 1, "link_types": "crosswalk"}, "geometry": {"type": "Point", "coordinates": [329103.8, 4699496.76]}}, {"type": "Feature", "properties": {"node_id": 2332, "node_type": "endpoint", "degree": 1, "link_types": "sidewalk"}, "geometry": {"type": "Point", "coordinates": [329101.8, 4699284.28]}}, {"type": "Feature", "properties": {"node_id": 2333, "node_type": "type_change", "degree": 2, "link_types": "midblock+sidewalk"}, "geometry": {"type": "Point", "coordinates": [329116.541, 4699286.942]}}, {"type": "Feature", "properties": {"node_id": 2334, "node_type": "type_change", "degree": 2, "link_types": "midblock+sidewalk"}, "geometry": {"type": "Point", "coordinates": [329117.953, 4699287.198]}}, {"type": "Feature", "properties": {"node_id": 2335, "node_type": "junction", "degree": 3, "link_types": "sidewalk"}, "geometry": {"type": "Point", "coordinates": [329122.12, 4699289.48]}}, {"type": "Feature", "properties": {"node_id": 2336, "node_type": "endpoint", "degree": 1, "link_types": "midblock"}, "geometry": {"type": "Point", "coordinates": [329413.64, 4699263.8]}}, {"type": "Feature", "properties": {"node_id": 2337, "node_type": "type_change", "degree": 2, "link_types": "midblock+sidewalk"}, "geometry": {"type": "Point", "coordinates": [329415.32, 4699262.326]}}, {"type": "Feature", "properties": {"node_id": 2338, "node_type": "endpoint", "degree": 1, "link_types": "sidewalk"}, "geometry": {"type": "Point", "coordinates": [328987.88, 4699430.28]}}, {"type": "Feature", "properties": {"node_id": 2339, "node_type": "type_change", "degree": 2, "link_types": "crosswalk+pseudo"}, "geometry": {"type": "Point", "coordinates": [329731.96, 4699322.84]}}, {"type": "Feature", "properties": {"node_id": 2340, "node_type": "type_change", "degree": 3, "link_types": "crosswalk+pseudo"}, "geometry": {"type": "Point", "coordinates": [329726.2, 4699318.68]}}, {"type": "Feature", "properties": {"node_id": 2341, "node_type": "junction", "degree": 3, "link_types": "sidewalk"}, "geometry": {"type": "Point", "coordinates": [329983.8, 4698146.28]}}, {"type": "Feature", "properties": {"node_id": 2342, "node_type": "type_change", "degree": 2, "link_types": "midblock+sidewalk"}, "geometry": {"type": "Point", "coordinates": [329983.843, 4698170.179]}}, {"type": "Feature", "properties": {"node_id": 2343, "node_type": "type_change", "degree": 2, "link_types": "midblock+sidewalk"}, "geometry": {"type": "Point", "coordinates": [329983.603, 4698174.326]}}, {"type": "Feature", "properties": {"node_id": 2344, "node_type": "type_change", "degree": 2, "link_types": "midblock+sidewalk"}, "geometry": {"type": "Point", "coordinates": [329982.694, 4698201.416]}}, {"type": "Feature", "properties": {"node_id": 2345, "node_type": "type_change", "degree": 2, "link_types": "midblock+sidewalk"}, "geometry": {"type": "Point", "coordinates": [329982.693, 4698203.086]}}, {"type": "Feature", "properties": {"node_id": 2346, "node_type": "endpoint", "degree": 1, "link_types": "sidewalk"}, "geometry": {"type": "Point", "coordinates": [329981.72, 4698210.84]}}, {"type": "Feature", "properties": {"node_id": 2347, "node_type": "type_change", "degree": 2, "link_types": "midblock+sidewalk"}, "geometry": {"type": "Point", "coordinates": [329967.27, 4698145.026]}}, {"type": "Feature", "properties": {"node_id": 2348, "node_type": "type_change", "degree": 2, "link_types": "midblock+sidewalk"}, "geometry": {"type": "Point", "coordinates": [329957.395, 4698143.674]}}, {"type": "Feature", "properties": {"node_id": 2349, "node_type": "junction", "degree": 3, "link_types": "sidewalk"}, "geometry": {"type": "Point", "coordinates": [329919.4, 4698143.88]}}, {"type": "Feature", "properties": {"node_id": 2350, "node_type": "type_change", "degree": 2, "link_types": "pseudo+sidewalk"}, "geometry": {"type": "Point", "coordinates": [329983.88, 4698146.2]}}, {"type": "Feature", "properties": {"node_id": 2351, "node_type": "type_change", "degree": 2, "link_types": "crosswalk+pseudo"}, "geometry": {"type": "Point", "coordinates": [329983.96, 4698146.04]}}, {"type": "Feature", "properties": {"node_id": 2352, "node_type": "type_change", "degree": 2, "link_types": "crosswalk+pseudo"}, "geometry": {"type": "Point", "coordinates": [329994.52, 4698146.6]}}, {"type": "Feature", "properties": {"node_id": 2353, "node_type": "junction", "degree": 3, "link_types": "crosswalk"}, "geometry": {"type": "Point", "coordinates": [328925.16, 4698791.32]}}, {"type": "Feature", "properties": {"node_id": 2354, "node_type": "type_change", "degree": 3, "link_types": "crosswalk+sidewalk"}, "geometry": {"type": "Point", "coordinates": [328925.08, 4698791.4]}}, {"type": "Feature", "properties": {"node_id": 2355, "node_type": "type_change", "degree": 2, "link_types": "crosswalk+pseudo"}, "geometry": {"type": "Point", "coordinates": [328934.2, 4698791.08]}}, {"type": "Feature", "properties": {"node_id": 2356, "node_type": "type_change", "degree": 3, "link_types": "pseudo+sidewalk"}, "geometry": {"type": "Point", "coordinates": [328935.32, 4698791.08]}}, {"type": "Feature", "properties": {"node_id": 2357, "node_type": "type_change", "degree": 2, "link_types": "crosswalk+pseudo"}, "geometry": {"type": "Point", "coordinates": [329878.92, 4699080.2]}}, {"type": "Feature", "properties": {"node_id": 2358, "node_type": "type_change", "degree": 2, "link_types": "crosswalk+pseudo"}, "geometry": {"type": "Point", "coordinates": [329876.52, 4699068.92]}}, {"type": "Feature", "properties": {"node_id": 2359, "node_type": "type_change", "degree": 3, "link_types": "pseudo+sidewalk"}, "geometry": {"type": "Point", "coordinates": [329876.52, 4699068.52]}}, {"type": "Feature", "properties": {"node_id": 2360, "node_type": "junction", "degree": 3, "link_types": "sidewalk"}, "geometry": {"type": "Point", "coordinates": [329621.32, 4698909.72]}}, {"type": "Feature", "properties": {"node_id": 2361, "node_type": "type_change", "degree": 3, "link_types": "pseudo+sidewalk"}, "geometry": {"type": "Point", "coordinates": [329619.48, 4698909.8]}}, {"type": "Feature", "properties": {"node_id": 2362, "node_type": "type_change", "degree": 3, "link_types": "pseudo+sidewalk"}, "geometry": {"type": "Point", "coordinates": [329621.4, 4698932.12]}}, {"type": "Feature", "properties": {"node_id": 2363, "node_type": "junction", "degree": 3, "link_types": "sidewalk"}, "geometry": {"type": "Point", "coordinates": [329185.64, 4699298.84]}}, {"type": "Feature", "properties": {"node_id": 2364, "node_type": "type_change", "degree": 2, "link_types": "midblock+sidewalk"}, "geometry": {"type": "Point", "coordinates": [329182.691, 4699298.762]}}, {"type": "Feature", "properties": {"node_id": 2365, "node_type": "type_change", "degree": 2, "link_types": "midblock+sidewalk"}, "geometry": {"type": "Point", "coordinates": [329178.626, 4699298.654]}}, {"type": "Feature", "properties": {"node_id": 2366, "node_type": "type_change", "degree": 2, "link_types": "midblock+sidewalk"}, "geometry": {"type": "Point", "coordinates": [329171.773, 4699298.473]}}, {"type": "Feature", "properties": {"node_id": 2367, "node_type": "type_change", "degree": 2, "link_types": "midblock+sidewalk"}, "geometry": {"type": "Point", "coordinates": [329162.558, 4699297.325]}}, {"type": "Feature", "properties": {"node_id": 2368, "node_type": "type_change", "degree": 2, "link_types": "midblock+sidewalk"}, "geometry": {"type": "Point", "coordinates": [329142.658, 4699301.038]}}, {"type": "Feature", "properties": {"node_id": 2369, "node_type": "junction", "degree": 3, "link_types": "midblock"}, "geometry": {"type": "Point", "coordinates": [329140.12, 4699301.72]}}, {"type": "Feature", "properties": {"node_id": 2370, "node_type": "type_change", "degree": 3, "link_types": "pseudo+sidewalk"}, "geometry": {"type": "Point", "coordinates": [329185.72, 4699298.76]}}, {"type": "Feature", "properties": {"node_id": 2371, "node_type": "endpoint", "degree": 1, "link_types": "sidewalk"}, "geometry": {"type": "Point", "coordinates": [329883.56, 4698978.12]}}, {"type": "Feature", "properties": {"node_id": 2372, "node_type": "endpoint", "degree": 1, "link_types": "sidewalk"}, "geometry": {"type": "Point", "coordinates": [329883.56, 4699004.92]}}, {"type": "Feature", "properties": {"node_id": 2373, "node_type": "junction", "degree": 3, "link_types": "sidewalk"}, "geometry": {"type": "Point", "coordinates": [329659.64, 4699195.32]}}, {"type": "Feature", "properties": {"node_id": 2374, "node_type": "type_change", "degree": 3, "link_types": "pseudo+sidewalk"}, "geometry": {"type": "Point", "coordinates": [329659.72, 4699195.4]}}, {"type": "Feature", "properties": {"node_id": 2375, "node_type": "endpoint", "degree": 1, "link_types": "sidewalk"}, "geometry": {"type": "Point", "coordinates": [329652.36, 4699196.12]}}, {"type": "Feature", "properties": {"node_id": 2376, "node_type": "endpoint", "degree": 1, "link_types": "crosswalk"}, "geometry": {"type": "Point", "coordinates": [329813.16, 4699156.6]}}, {"type": "Feature", "properties": {"node_id": 2377, "node_type": "type_change", "degree": 3, "link_types": "crosswalk+pseudo"}, "geometry": {"type": "Point", "coordinates": [329813.24, 4699156.68]}}, {"type": "Feature", "properties": {"node_id": 2378, "node_type": "endpoint", "degree": 1, "link_types": "sidewalk"}, "geometry": {"type": "Point", "coordinates": [329581.08, 4699282.36]}}, {"type": "Feature", "properties": {"node_id": 2379, "node_type": "type_change", "degree": 3, "link_types": "pseudo+sidewalk"}, "geometry": {"type": "Point", "coordinates": [329566.68, 4699276.92]}}, {"type": "Feature", "properties": {"node_id": 2380, "node_type": "endpoint", "degree": 1, "link_types": "sidewalk"}, "geometry": {"type": "Point", "coordinates": [329728.6, 4698345.0]}}, {"type": "Feature", "properties": {"node_id": 2381, "node_type": "type_change", "degree": 3, "link_types": "pseudo+sidewalk"}, "geometry": {"type": "Point", "coordinates": [329727.48, 4698345.64]}}, {"type": "Feature", "properties": {"node_id": 2382, "node_type": "junction", "degree": 3, "link_types": "sidewalk"}, "geometry": {"type": "Point", "coordinates": [329959.32, 4698546.84]}}, {"type": "Feature", "properties": {"node_id": 2383, "node_type": "junction", "degree": 3, "link_types": "sidewalk"}, "geometry": {"type": "Point", "coordinates": [329935.96, 4698503.0]}}, {"type": "Feature", "properties": {"node_id": 2384, "node_type": "junction", "degree": 3, "link_types": "sidewalk"}, "geometry": {"type": "Point", "coordinates": [329983.72, 4698508.6]}}, {"type": "Feature", "properties": {"node_id": 2385, "node_type": "junction", "degree": 3, "link_types": "sidewalk"}, "geometry": {"type": "Point", "coordinates": [329122.36, 4699289.48]}}, {"type": "Feature", "properties": {"node_id": 2386, "node_type": "junction", "degree": 3, "link_types": "sidewalk"}, "geometry": {"type": "Point", "coordinates": [329125.32, 4699292.52]}}, {"type": "Feature", "properties": {"node_id": 2387, "node_type": "junction", "degree": 3, "link_types": "sidewalk"}, "geometry": {"type": "Point", "coordinates": [329967.88, 4699265.96]}}, {"type": "Feature", "properties": {"node_id": 2388, "node_type": "endpoint", "degree": 1, "link_types": "sidewalk"}, "geometry": {"type": "Point", "coordinates": [329965.48, 4699271.32]}}, {"type": "Feature", "properties": {"node_id": 2389, "node_type": "type_change", "degree": 3, "link_types": "pseudo+sidewalk"}, "geometry": {"type": "Point", "coordinates": [329967.96, 4699265.96]}}, {"type": "Feature", "properties": {"node_id": 2390, "node_type": "junction", "degree": 3, "link_types": "sidewalk"}, "geometry": {"type": "Point", "coordinates": [329967.88, 4699265.88]}}, {"type": "Feature", "properties": {"node_id": 2391, "node_type": "endpoint", "degree": 1, "link_types": "sidewalk"}, "geometry": {"type": "Point", "coordinates": [329229.56, 4699324.76]}}, {"type": "Feature", "properties": {"node_id": 2392, "node_type": "junction", "degree": 3, "link_types": "pseudo"}, "geometry": {"type": "Point", "coordinates": [329386.6, 4699147.0]}}, {"type": "Feature", "properties": {"node_id": 2393, "node_type": "type_change", "degree": 3, "link_types": "pseudo+sidewalk"}, "geometry": {"type": "Point", "coordinates": [329386.52, 4699147.08]}}, {"type": "Feature", "properties": {"node_id": 2394, "node_type": "type_change", "degree": 3, "link_types": "pseudo+sidewalk"}, "geometry": {"type": "Point", "coordinates": [329386.6, 4699147.08]}}, {"type": "Feature", "properties": {"node_id": 2395, "node_type": "type_change", "degree": 2, "link_types": "crosswalk+pseudo"}, "geometry": {"type": "Point", "coordinates": [329387.0, 4699145.56]}}, {"type": "Feature", "properties": {"node_id": 2396, "node_type": "type_change", "degree": 2, "link_types": "crosswalk+pseudo"}, "geometry": {"type": "Point", "coordinates": [329376.28, 4699121.72]}}, {"type": "Feature", "properties": {"node_id": 2397, "node_type": "type_change", "degree": 3, "link_types": "pseudo+sidewalk"}, "geometry": {"type": "Point", "coordinates": [329375.32, 4699120.68]}}, {"type": "Feature", "properties": {"node_id": 2398, "node_type": "junction", "degree": 3, "link_types": "sidewalk"}, "geometry": {"type": "Point", "coordinates": [329927.8, 4698583.64]}}, {"type": "Feature", "properties": {"node_id": 2399, "node_type": "endpoint", "degree": 1, "link_types": "sidewalk"}, "geometry": {"type": "Point", "coordinates": [329944.36, 4698596.68]}}, {"type": "Feature", "properties": {"node_id": 2400, "node_type": "endpoint", "degree": 1, "link_types": "sidewalk"}, "geometry": {"type": "Point", "coordinates": [329941.88, 4698575.24]}}, {"type": "Feature", "properties": {"node_id": 2401, "node_type": "junction", "degree": 3, "link_types": "sidewalk"}, "geometry": {"type": "Point", "coordinates": [329661.24, 4699211.16]}}, {"type": "Feature", "properties": {"node_id": 2402, "node_type": "junction", "degree": 3, "link_types": "sidewalk"}, "geometry": {"type": "Point", "coordinates": [329661.16, 4699211.16]}}, {"type": "Feature", "properties": {"node_id": 2403, "node_type": "junction", "degree": 3, "link_types": "sidewalk"}, "geometry": {"type": "Point", "coordinates": [329663.32, 4699213.8]}}, {"type": "Feature", "properties": {"node_id": 2404, "node_type": "type_change", "degree": 3, "link_types": "pseudo+sidewalk"}, "geometry": {"type": "Point", "coordinates": [329661.16, 4699211.08]}}, {"type": "Feature", "properties": {"node_id": 2405, "node_type": "type_change", "degree": 2, "link_types": "crosswalk+pseudo"}, "geometry": {"type": "Point", "coordinates": [329504.52, 4698424.84]}}, {"type": "Feature", "properties": {"node_id": 2406, "node_type": "type_change", "degree": 2, "link_types": "crosswalk+pseudo"}, "geometry": {"type": "Point", "coordinates": [329504.12, 4698431.16]}}, {"type": "Feature", "properties": {"node_id": 2407, "node_type": "type_change", "degree": 2, "link_types": "pseudo+sidewalk"}, "geometry": {"type": "Point", "coordinates": [329503.4, 4698424.68]}}, {"type": "Feature", "properties": {"node_id": 2408, "node_type": "type_change", "degree": 2, "link_types": "midblock+sidewalk"}, "geometry": {"type": "Point", "coordinates": [329507.615, 4698323.041]}}, {"type": "Feature", "properties": {"node_id": 2409, "node_type": "type_change", "degree": 2, "link_types": "midblock+sidewalk"}, "geometry": {"type": "Point", "coordinates": [329507.98, 4698314.251]}}, {"type": "Feature", "properties": {"node_id": 2410, "node_type": "type_change", "degree": 3, "link_types": "pseudo+sidewalk"}, "geometry": {"type": "Point", "coordinates": [329507.0, 4698281.8]}}, {"type": "Feature", "properties": {"node_id": 2411, "node_type": "type_change", "degree": 3, "link_types": "pseudo+sidewalk"}, "geometry": {"type": "Point", "coordinates": [329943.32, 4698863.4]}}, {"type": "Feature", "properties": {"node_id": 2412, "node_type": "type_change", "degree": 3, "link_types": "pseudo+sidewalk"}, "geometry": {"type": "Point", "coordinates": [329213.16, 4699225.16]}}, {"type": "Feature", "properties": {"node_id": 2413, "node_type": "junction", "degree": 3, "link_types": "sidewalk"}, "geometry": {"type": "Point", "coordinates": [329401.32, 4699242.6]}}, {"type": "Feature", "properties": {"node_id": 2414, "node_type": "junction", "degree": 3, "link_types": "crosswalk"}, "geometry": {"type": "Point", "coordinates": [328910.52, 4699243.24]}}, {"type": "Feature", "properties": {"node_id": 2415, "node_type": "type_change", "degree": 2, "link_types": "crosswalk+sidewalk"}, "geometry": {"type": "Point", "coordinates": [328910.6, 4699243.32]}}, {"type": "Feature", "properties": {"node_id": 2416, "node_type": "type_change", "degree": 2, "link_types": "crosswalk+pseudo"}, "geometry": {"type": "Point", "coordinates": [328900.12, 4699241.72]}}, {"type": "Feature", "properties": {"node_id": 2417, "node_type": "type_change", "degree": 2, "link_types": "crosswalk+sidewalk"}, "geometry": {"type": "Point", "coordinates": [328910.6, 4699243.16]}}, {"type": "Feature", "properties": {"node_id": 2418, "node_type": "type_change", "degree": 2, "link_types": "midblock+sidewalk"}, "geometry": {"type": "Point", "coordinates": [328913.022, 4699217.63]}}, {"type": "Feature", "properties": {"node_id": 2419, "node_type": "endpoint", "degree": 1, "link_types": "midblock"}, "geometry": {"type": "Point", "coordinates": [328912.92, 4699213.56]}}, {"type": "Feature", "properties": {"node_id": 2420, "node_type": "type_change", "degree": 2, "link_types": "midblock+sidewalk"}, "geometry": {"type": "Point", "coordinates": [328841.262, 4698692.247]}}, {"type": "Feature", "properties": {"node_id": 2421, "node_type": "type_change", "degree": 2, "link_types": "midblock+sidewalk"}, "geometry": {"type": "Point", "coordinates": [328831.362, 4698692.496]}}, {"type": "Feature", "properties": {"node_id": 2422, "node_type": "endpoint", "degree": 1, "link_types": "sidewalk"}, "geometry": {"type": "Point", "coordinates": [328811.32, 4698693.0]}}, {"type": "Feature", "properties": {"node_id": 2423, "node_type": "junction", "degree": 3, "link_types": "sidewalk"}, "geometry": {"type": "Point", "coordinates": [328873.08, 4698411.4]}}, {"type": "Feature", "properties": {"node_id": 2424, "node_type": "type_change", "degree": 2, "link_types": "pseudo+sidewalk"}, "geometry": {"type": "Point", "coordinates": [328873.16, 4698411.48]}}, {"type": "Feature", "properties": {"node_id": 2425, "node_type": "type_change", "degree": 2, "link_types": "crosswalk+pseudo"}, "geometry": {"type": "Point", "coordinates": [328873.72, 4698411.96]}}, {"type": "Feature", "properties": {"node_id": 2426, "node_type": "endpoint", "degree": 1, "link_types": "sidewalk"}, "geometry": {"type": "Point", "coordinates": [328872.44, 4698413.24]}}, {"type": "Feature", "properties": {"node_id": 2427, "node_type": "endpoint", "degree": 1, "link_types": "sidewalk"}, "geometry": {"type": "Point", "coordinates": [328874.6, 4698399.64]}}, {"type": "Feature", "properties": {"node_id": 2428, "node_type": "type_change", "degree": 3, "link_types": "pseudo+sidewalk"}, "geometry": {"type": "Point", "coordinates": [329268.36, 4698669.0]}}, {"type": "Feature", "properties": {"node_id": 2429, "node_type": "type_change", "degree": 3, "link_types": "pseudo+sidewalk"}, "geometry": {"type": "Point", "coordinates": [329268.44, 4698668.92]}}, {"type": "Feature", "properties": {"node_id": 2430, "node_type": "type_change", "degree": 2, "link_types": "crosswalk+pseudo"}, "geometry": {"type": "Point", "coordinates": [328909.8, 4699343.96]}}, {"type": "Feature", "properties": {"node_id": 2431, "node_type": "type_change", "degree": 2, "link_types": "crosswalk+pseudo"}, "geometry": {"type": "Point", "coordinates": [328908.2, 4699331.24]}}, {"type": "Feature", "properties": {"node_id": 2432, "node_type": "type_change", "degree": 2, "link_types": "midblock+sidewalk"}, "geometry": {"type": "Point", "coordinates": [329345.984, 4699309.718]}}, {"type": "Feature", "properties": {"node_id": 2433, "node_type": "type_change", "degree": 2, "link_types": "midblock+sidewalk"}, "geometry": {"type": "Point", "coordinates": [329341.366, 4699309.347]}}, {"type": "Feature", "properties": {"node_id": 2434, "node_type": "endpoint", "degree": 1, "link_types": "sidewalk"}, "geometry": {"type": "Point", "coordinates": [329314.36, 4699306.28]}}, {"type": "Feature", "properties": {"node_id": 2435, "node_type": "endpoint", "degree": 1, "link_types": "sidewalk"}, "geometry": {"type": "Point", "coordinates": [329075.16, 4698969.56]}}, {"type": "Feature", "properties": {"node_id": 2436, "node_type": "endpoint", "degree": 1, "link_types": "sidewalk"}, "geometry": {"type": "Point", "coordinates": [329073.0, 4698983.4]}}, {"type": "Feature", "properties": {"node_id": 2437, "node_type": "endpoint", "degree": 1, "link_types": "sidewalk"}, "geometry": {"type": "Point", "coordinates": [329508.52, 4698860.84]}}, {"type": "Feature", "properties": {"node_id": 2438, "node_type": "type_change", "degree": 2, "link_types": "pseudo+sidewalk"}, "geometry": {"type": "Point", "coordinates": [329508.52, 4698860.76]}}, {"type": "Feature", "properties": {"node_id": 2439, "node_type": "type_change", "degree": 2, "link_types": "crosswalk+pseudo"}, "geometry": {"type": "Point", "coordinates": [329507.8, 4698858.76]}}, {"type": "Feature", "properties": {"node_id": 2440, "node_type": "endpoint", "degree": 1, "link_types": "sidewalk"}, "geometry": {"type": "Point", "coordinates": [329444.92, 4699299.16]}}, {"type": "Feature", "properties": {"node_id": 2441, "node_type": "type_change", "degree": 3, "link_types": "pseudo+sidewalk"}, "geometry": {"type": "Point", "coordinates": [329445.0, 4699297.0]}}, {"type": "Feature", "properties": {"node_id": 2442, "node_type": "endpoint", "degree": 1, "link_types": "sidewalk"}, "geometry": {"type": "Point", "coordinates": [329730.36, 4699194.68]}}, {"type": "Feature", "properties": {"node_id": 2443, "node_type": "type_change", "degree": 2, "link_types": "midblock+sidewalk"}, "geometry": {"type": "Point", "coordinates": [329679.558, 4699195.036]}}, {"type": "Feature", "properties": {"node_id": 2444, "node_type": "junction", "degree": 3, "link_types": "sidewalk"}, "geometry": {"type": "Point", "coordinates": [328796.44, 4699056.36]}}, {"type": "Feature", "properties": {"node_id": 2445, "node_type": "type_change", "degree": 2, "link_types": "pseudo+sidewalk"}, "geometry": {"type": "Point", "coordinates": [328800.84, 4699057.16]}}, {"type": "Feature", "properties": {"node_id": 2446, "node_type": "type_change", "degree": 2, "link_types": "crosswalk+pseudo"}, "geometry": {"type": "Point", "coordinates": [328801.32, 4699056.04]}}, {"type": "Feature", "properties": {"node_id": 2447, "node_type": "type_change", "degree": 2, "link_types": "crosswalk+pseudo"}, "geometry": {"type": "Point", "coordinates": [328796.76, 4699054.92]}}, {"type": "Feature", "properties": {"node_id": 2448, "node_type": "type_change", "degree": 3, "link_types": "pseudo+sidewalk"}, "geometry": {"type": "Point", "coordinates": [328796.44, 4699056.28]}}, {"type": "Feature", "properties": {"node_id": 2449, "node_type": "endpoint", "degree": 1, "link_types": "sidewalk"}, "geometry": {"type": "Point", "coordinates": [329135.48, 4699170.68]}}, {"type": "Feature", "properties": {"node_id": 2450, "node_type": "type_change", "degree": 2, "link_types": "midblock+sidewalk"}, "geometry": {"type": "Point", "coordinates": [329145.15, 4699172.004]}}, {"type": "Feature", "properties": {"node_id": 2451, "node_type": "type_change", "degree": 2, "link_types": "midblock+sidewalk"}, "geometry": {"type": "Point", "coordinates": [329153.392, 4699173.133]}}, {"type": "Feature", "properties": {"node_id": 2452, "node_type": "endpoint", "degree": 1, "link_types": "sidewalk"}, "geometry": {"type": "Point", "coordinates": [328939.48, 4698448.36]}}, {"type": "Feature", "properties": {"node_id": 2453, "node_type": "type_change", "degree": 2, "link_types": "crosswalk+pseudo"}, "geometry": {"type": "Point", "coordinates": [329351.48, 4699308.36]}}, {"type": "Feature", "properties": {"node_id": 2454, "node_type": "type_change", "degree": 2, "link_types": "crosswalk+pseudo"}, "geometry": {"type": "Point", "coordinates": [329361.8, 4699298.28]}}, {"type": "Feature", "properties": {"node_id": 2455, "node_type": "endpoint", "degree": 1, "link_types": "sidewalk"}, "geometry": {"type": "Point", "coordinates": [329057.08, 4698445.56]}}, {"type": "Feature", "properties": {"node_id": 2456, "node_type": "junction", "degree": 3, "link_types": "sidewalk"}, "geometry": {"type": "Point", "coordinates": [329058.6, 4698444.92]}}, {"type": "Feature", "properties": {"node_id": 2457, "node_type": "type_change", "degree": 2, "link_types": "crosswalk+pseudo"}, "geometry": {"type": "Point", "coordinates": [328616.28, 4699187.56]}}, {"type": "Feature", "properties": {"node_id": 2458, "node_type": "type_change", "degree": 2, "link_types": "crosswalk+pseudo"}, "geometry": {"type": "Point", "coordinates": [328607.32, 4699184.6]}}, {"type": "Feature", "properties": {"node_id": 2459, "node_type": "type_change", "degree": 3, "link_types": "pseudo+sidewalk"}, "geometry": {"type": "Point", "coordinates": [328606.36, 4699183.4]}}, {"type": "Feature", "properties": {"node_id": 2460, "node_type": "endpoint", "degree": 1, "link_types": "sidewalk"}, "geometry": {"type": "Point", "coordinates": [329812.04, 4699176.68]}}, {"type": "Feature", "properties": {"node_id": 2461, "node_type": "type_change", "degree": 3, "link_types": "pseudo+sidewalk"}, "geometry": {"type": "Point", "coordinates": [329814.92, 4699174.2]}}, {"type": "Feature", "properties": {"node_id": 2462, "node_type": "junction", "degree": 3, "link_types": "sidewalk"}, "geometry": {"type": "Point", "coordinates": [329900.04, 4698599.24]}}, {"type": "Feature", "properties": {"node_id": 2463, "node_type": "type_change", "degree": 2, "link_types": "pseudo+sidewalk"}, "geometry": {"type": "Point", "coordinates": [329900.12, 4698599.32]}}, {"type": "Feature", "properties": {"node_id": 2464, "node_type": "type_change", "degree": 2, "link_types": "crosswalk+pseudo"}, "geometry": {"type": "Point", "coordinates": [329900.52, 4698599.88]}}, {"type": "Feature", "properties": {"node_id": 2465, "node_type": "type_change", "degree": 2, "link_types": "crosswalk+pseudo"}, "geometry": {"type": "Point", "coordinates": [329904.2, 4698600.36]}}, {"type": "Feature", "properties": {"node_id": 2466, "node_type": "endpoint", "degree": 1, "link_types": "sidewalk"}, "geometry": {"type": "Point", "coordinates": [329900.12, 4698599.16]}}, {"type": "Feature", "properties": {"node_id": 2467, "node_type": "type_change", "degree": 2, "link_types": "midblock+sidewalk"}, "geometry": {"type": "Point", "coordinates": [328886.915, 4699329.703]}}, {"type": "Feature", "properties": {"node_id": 2468, "node_type": "type_change", "degree": 2, "link_types": "midblock+sidewalk"}, "geometry": {"type": "Point", "coordinates": [328885.586, 4699329.434]}}, {"type": "Feature", "properties": {"node_id": 2469, "node_type": "type_change", "degree": 2, "link_types": "midblock+sidewalk"}, "geometry": {"type": "Point", "coordinates": [328884.569, 4699329.229]}}, {"type": "Feature", "properties": {"node_id": 2470, "node_type": "type_change", "degree": 2, "link_types": "midblock+sidewalk"}, "geometry": {"type": "Point", "coordinates": [328882.77, 4699328.866]}}, {"type": "Feature", "properties": {"node_id": 2471, "node_type": "endpoint", "degree": 1, "link_types": "sidewalk"}, "geometry": {"type": "Point", "coordinates": [329678.92, 4698122.28]}}, {"type": "Feature", "properties": {"node_id": 2472, "node_type": "type_change", "degree": 2, "link_types": "midblock+sidewalk"}, "geometry": {"type": "Point", "coordinates": [329675.115, 4698121.405]}}, {"type": "Feature", "properties": {"node_id": 2473, "node_type": "type_change", "degree": 2, "link_types": "midblock+sidewalk"}, "geometry": {"type": "Point", "coordinates": [329671.808, 4698121.02]}}, {"type": "Feature", "properties": {"node_id": 2474, "node_type": "junction", "degree": 3, "link_types": "pseudo"}, "geometry": {"type": "Point", "coordinates": [328928.04, 4698938.84]}}, {"type": "Feature", "properties": {"node_id": 2475, "node_type": "type_change", "degree": 2, "link_types": "crosswalk+pseudo"}, "geometry": {"type": "Point", "coordinates": [328928.2, 4698939.88]}}, {"type": "Feature", "properties": {"node_id": 2476, "node_type": "type_change", "degree": 2, "link_types": "crosswalk+pseudo"}, "geometry": {"type": "Point", "coordinates": [328930.6, 4698949.0]}}, {"type": "Feature", "properties": {"node_id": 2477, "node_type": "type_change", "degree": 3, "link_types": "pseudo+sidewalk"}, "geometry": {"type": "Point", "coordinates": [328930.44, 4698949.16]}}, {"type": "Feature", "properties": {"node_id": 2478, "node_type": "type_change", "degree": 3, "link_types": "pseudo+sidewalk"}, "geometry": {"type": "Point", "coordinates": [328927.96, 4698938.76]}}, {"type": "Feature", "properties": {"node_id": 2479, "node_type": "type_change", "degree": 3, "link_types": "pseudo+sidewalk"}, "geometry": {"type": "Point", "coordinates": [328928.04, 4698938.76]}}, {"type": "Feature", "properties": {"node_id": 2480, "node_type": "endpoint", "degree": 1, "link_types": "sidewalk"}, "geometry": {"type": "Point", "coordinates": [329150.36, 4698244.04]}}, {"type": "Feature", "properties": {"node_id": 2481, "node_type": "type_change", "degree": 3, "link_types": "crosswalk+sidewalk"}, "geometry": {"type": "Point", "coordinates": [329208.76, 4698244.28]}}, {"type": "Feature", "properties": {"node_id": 2482, "node_type": "endpoint", "degree": 1, "link_types": "sidewalk"}, "geometry": {"type": "Point", "coordinates": [329944.84, 4699190.28]}}, {"type": "Feature", "properties": {"node_id": 2483, "node_type": "type_change", "degree": 2, "link_types": "pseudo+sidewalk"}, "geometry": {"type": "Point", "coordinates": [329944.92, 4699190.36]}}, {"type": "Feature", "properties": {"node_id": 2484, "node_type": "type_change", "degree": 2, "link_types": "crosswalk+pseudo"}, "geometry": {"type": "Point", "coordinates": [329947.08, 4699191.64]}}, {"type": "Feature", "properties": {"node_id": 2485, "node_type": "endpoint", "degree": 1, "link_types": "crosswalk"}, "geometry": {"type": "Point", "coordinates": [329931.96, 4699198.44]}}, {"type": "Feature", "properties": {"node_id": 2486, "node_type": "endpoint", "degree": 1, "link_types": "pseudo"}, "geometry": {"type": "Point", "coordinates": [329807.08, 4699439.8]}}, {"type": "Feature", "properties": {"node_id": 2487, "node_type": "type_change", "degree": 2, "link_types": "crosswalk+pseudo"}, "geometry": {"type": "Point", "coordinates": [329808.68, 4699437.72]}}, {"type": "Feature", "properties": {"node_id": 2488, "node_type": "type_change", "degree": 2, "link_types": "crosswalk+pseudo"}, "geometry": {"type": "Point", "coordinates": [329809.0, 4699441.88]}}, {"type": "Feature", "properties": {"node_id": 2489, "node_type": "junction", "degree": 3, "link_types": "sidewalk"}, "geometry": {"type": "Point", "coordinates": [329357.48, 4699313.96]}}, {"type": "Feature", "properties": {"node_id": 2490, "node_type": "endpoint", "degree": 1, "link_types": "sidewalk"}, "geometry": {"type": "Point", "coordinates": [329362.28, 4699349.72]}}, {"type": "Feature", "properties": {"node_id": 2491, "node_type": "type_change", "degree": 3, "link_types": "pseudo+sidewalk"}, "geometry": {"type": "Point", "coordinates": [329357.56, 4699313.88]}}, {"type": "Feature", "properties": {"node_id": 2492, "node_type": "endpoint", "degree": 1, "link_types": "sidewalk"}, "geometry": {"type": "Point", "coordinates": [328934.92, 4699066.36]}}, {"type": "Feature", "properties": {"node_id": 2493, "node_type": "junction", "degree": 3, "link_types": "sidewalk"}, "geometry": {"type": "Point", "coordinates": [329909.4, 4699046.92]}}, {"type": "Feature", "properties": {"node_id": 2494, "node_type": "type_change", "degree": 3, "link_types": "pseudo+sidewalk"}, "geometry": {"type": "Point", "coordinates": [329909.32, 4699046.92]}}, {"type": "Feature", "properties": {"node_id": 2495, "node_type": "type_change", "degree": 3, "link_types": "pseudo+sidewalk"}, "geometry": {"type": "Point", "coordinates": [329909.4, 4699046.84]}}, {"type": "Feature", "properties": {"node_id": 2496, "node_type": "junction", "degree": 3, "link_types": "sidewalk"}, "geometry": {"type": "Point", "coordinates": [329984.28, 4698508.52]}}, {"type": "Feature", "properties": {"node_id": 2497, "node_type": "junction", "degree": 3, "link_types": "sidewalk"}, "geometry": {"type": "Point", "coordinates": [329984.76, 4698495.88]}}, {"type": "Feature", "properties": {"node_id": 2498, "node_type": "endpoint", "degree": 1, "link_types": "sidewalk"}, "geometry": {"type": "Point", "coordinates": [328876.92, 4698533.08]}}, {"type": "Feature", "properties": {"node_id": 2499, "node_type": "endpoint", "degree": 1, "link_types": "sidewalk"}, "geometry": {"type": "Point", "coordinates": [328874.6, 4698540.52]}}, {"type": "Feature", "properties": {"node_id": 2500, "node_type": "junction", "degree": 3, "link_types": "sidewalk"}, "geometry": {"type": "Point", "coordinates": [328676.36, 4698781.88]}}, {"type": "Feature", "properties": {"node_id": 2501, "node_type": "endpoint", "degree": 1, "link_types": "midblock"}, "geometry": {"type": "Point", "coordinates": [328901.16, 4698029.24]}}, {"type": "Feature", "properties": {"node_id": 2502, "node_type": "type_change", "degree": 2, "link_types": "midblock+sidewalk"}, "geometry": {"type": "Point", "coordinates": [328901.159, 4698035.095]}}, {"type": "Feature", "properties": {"node_id": 2503, "node_type": "endpoint", "degree": 1, "link_types": "sidewalk"}, "geometry": {"type": "Point", "coordinates": [328901.4, 4698047.48]}}, {"type": "Feature", "properties": {"node_id": 2504, "node_type": "junction", "degree": 3, "link_types": "pseudo"}, "geometry": {"type": "Point", "coordinates": [328880.12, 4698629.8]}}, {"type": "Feature", "properties": {"node_id": 2505, "node_type": "type_change", "degree": 2, "link_types": "crosswalk+pseudo"}, "geometry": {"type": "Point", "coordinates": [328880.04, 4698629.88]}}, {"type": "Feature", "properties": {"node_id": 2506, "node_type": "type_change", "degree": 3, "link_types": "crosswalk+pseudo"}, "geometry": {"type": "Point", "coordinates": [328879.88, 4698629.8]}}, {"type": "Feature", "properties": {"node_id": 2507, "node_type": "endpoint", "degree": 1, "link_types": "pseudo"}, "geometry": {"type": "Point", "coordinates": [328880.28, 4698629.88]}}, {"type": "Feature", "properties": {"node_id": 2508, "node_type": "endpoint", "degree": 1, "link_types": "sidewalk"}, "geometry": {"type": "Point", "coordinates": [329447.88, 4699390.12]}}, {"type": "Feature", "properties": {"node_id": 2509, "node_type": "type_change", "degree": 2, "link_types": "crosswalk+pseudo"}, "geometry": {"type": "Point", "coordinates": [329358.68, 4699313.32]}}, {"type": "Feature", "properties": {"node_id": 2510, "node_type": "endpoint", "degree": 1, "link_types": "crosswalk"}, "geometry": {"type": "Point", "coordinates": [329373.72, 4699315.64]}}, {"type": "Feature", "properties": {"node_id": 2511, "node_type": "junction", "degree": 3, "link_types": "sidewalk"}, "geometry": {"type": "Point", "coordinates": [329919.32, 4698143.88]}}, {"type": "Feature", "properties": {"node_id": 2512, "node_type": "type_change", "degree": 3, "link_types": "pseudo+sidewalk"}, "geometry": {"type": "Point", "coordinates": [329919.32, 4698143.8]}}, {"type": "Feature", "properties": {"node_id": 2513, "node_type": "junction", "degree": 3, "link_types": "sidewalk"}, "geometry": {"type": "Point", "coordinates": [328788.28, 4699472.84]}}, {"type": "Feature", "properties": {"node_id": 2514, "node_type": "endpoint", "degree": 1, "link_types": "sidewalk"}, "geometry": {"type": "Point", "coordinates": [328787.24, 4699492.12]}}, {"type": "Feature", "properties": {"node_id": 2515, "node_type": "type_change", "degree": 2, "link_types": "pseudo+sidewalk"}, "geometry": {"type": "Point", "coordinates": [328788.2, 4699472.76]}}, {"type": "Feature", "properties": {"node_id": 2516, "node_type": "type_change", "degree": 2, "link_types": "crosswalk+pseudo"}, "geometry": {"type": "Point", "coordinates": [328786.52, 4699471.72]}}, {"type": "Feature", "properties": {"node_id": 2517, "node_type": "type_change", "degree": 2, "link_types": "crosswalk+pseudo"}, "geometry": {"type": "Point", "coordinates": [328776.92, 4699471.88]}}, {"type": "Feature", "properties": {"node_id": 2518, "node_type": "type_change", "degree": 3, "link_types": "pseudo+sidewalk"}, "geometry": {"type": "Point", "coordinates": [328775.24, 4699472.04]}}, {"type": "Feature", "properties": {"node_id": 2519, "node_type": "junction", "degree": 3, "link_types": "sidewalk"}, "geometry": {"type": "Point", "coordinates": [329665.08, 4699268.6]}}, {"type": "Feature", "properties": {"node_id": 2520, "node_type": "type_change", "degree": 2, "link_types": "pseudo+sidewalk"}, "geometry": {"type": "Point", "coordinates": [329666.36, 4699269.64]}}, {"type": "Feature", "properties": {"node_id": 2521, "node_type": "type_change", "degree": 2, "link_types": "crosswalk+pseudo"}, "geometry": {"type": "Point", "coordinates": [329666.84, 4699268.76]}}, {"type": "Feature", "properties": {"node_id": 2522, "node_type": "type_change", "degree": 2, "link_types": "crosswalk+pseudo"}, "geometry": {"type": "Point", "coordinates": [329674.92, 4699267.08]}}, {"type": "Feature", "properties": {"node_id": 2523, "node_type": "type_change", "degree": 3, "link_types": "pseudo+sidewalk"}, "geometry": {"type": "Point", "coordinates": [329674.92, 4699266.2]}}, {"type": "Feature", "properties": {"node_id": 2524, "node_type": "junction", "degree": 3, "link_types": "sidewalk"}, "geometry": {"type": "Point", "coordinates": [329410.44, 4699232.52]}}, {"type": "Feature", "properties": {"node_id": 2525, "node_type": "junction", "degree": 3, "link_types": "sidewalk"}, "geometry": {"type": "Point", "coordinates": [329412.28, 4699237.08]}}, {"type": "Feature", "properties": {"node_id": 2526, "node_type": "endpoint", "degree": 1, "link_types": "sidewalk"}, "geometry": {"type": "Point", "coordinates": [329911.96, 4698301.0]}}, {"type": "Feature", "properties": {"node_id": 2527, "node_type": "type_change", "degree": 2, "link_types": "pseudo+sidewalk"}, "geometry": {"type": "Point", "coordinates": [329913.24, 4698296.84]}}, {"type": "Feature", "properties": {"node_id": 2528, "node_type": "type_change", "degree": 2, "link_types": "crosswalk+pseudo"}, "geometry": {"type": "Point", "coordinates": [329912.84, 4698296.36]}}, {"type": "Feature", "properties": {"node_id": 2529, "node_type": "type_change", "degree": 2, "link_types": "crosswalk+pseudo"}, "geometry": {"type": "Point", "coordinates": [329903.08, 4698297.48]}}, {"type": "Feature", "properties": {"node_id": 2530, "node_type": "type_change", "degree": 3, "link_types": "pseudo+sidewalk"}, "geometry": {"type": "Point", "coordinates": [329902.12, 4698297.56]}}, {"type": "Feature", "properties": {"node_id": 2531, "node_type": "endpoint", "degree": 1, "link_types": "sidewalk"}, "geometry": {"type": "Point", "coordinates": [329503.64, 4698220.44]}}, {"type": "Feature", "properties": {"node_id": 2532, "node_type": "type_change", "degree": 2, "link_types": "pseudo+sidewalk"}, "geometry": {"type": "Point", "coordinates": [329504.68, 4698217.32]}}, {"type": "Feature", "properties": {"node_id": 2533, "node_type": "type_change", "degree": 2, "link_types": "crosswalk+pseudo"}, "geometry": {"type": "Point", "coordinates": [329505.56, 4698218.2]}}, {"type": "Feature", "properties": {"node_id": 2534, "node_type": "type_change", "degree": 2, "link_types": "crosswalk+pseudo"}, "geometry": {"type": "Point", "coordinates": [329505.24, 4698224.84]}}, {"type": "Feature", "properties": {"node_id": 2535, "node_type": "endpoint", "degree": 1, "link_types": "sidewalk"}, "geometry": {"type": "Point", "coordinates": [328757.8, 4698147.56]}}, {"type": "Feature", "properties": {"node_id": 2536, "node_type": "type_change", "degree": 2, "link_types": "midblock+sidewalk"}, "geometry": {"type": "Point", "coordinates": [328726.297, 4698148.562]}}, {"type": "Feature", "properties": {"node_id": 2537, "node_type": "type_change", "degree": 2, "link_types": "midblock+sidewalk"}, "geometry": {"type": "Point", "coordinates": [328723.418, 4698148.654]}}, {"type": "Feature", "properties": {"node_id": 2538, "node_type": "type_change", "degree": 2, "link_types": "midblock+sidewalk"}, "geometry": {"type": "Point", "coordinates": [328676.802, 4698150.136]}}, {"type": "Feature", "properties": {"node_id": 2539, "node_type": "type_change", "degree": 2, "link_types": "midblock+sidewalk"}, "geometry": {"type": "Point", "coordinates": [328674.884, 4698150.198]}}, {"type": "Feature", "properties": {"node_id": 2540, "node_type": "type_change", "degree": 2, "link_types": "midblock+sidewalk"}, "geometry": {"type": "Point", "coordinates": [328602.933, 4698152.363]}}, {"type": "Feature", "properties": {"node_id": 2541, "node_type": "type_change", "degree": 2, "link_types": "midblock+sidewalk"}, "geometry": {"type": "Point", "coordinates": [328601.34, 4698152.346]}}, {"type": "Feature", "properties": {"node_id": 2542, "node_type": "endpoint", "degree": 1, "link_types": "sidewalk"}, "geometry": {"type": "Point", "coordinates": [328587.96, 4698152.2]}}, {"type": "Feature", "properties": {"node_id": 2543, "node_type": "junction", "degree": 3, "link_types": "sidewalk"}, "geometry": {"type": "Point", "coordinates": [329235.8, 4698251.16]}}, {"type": "Feature", "properties": {"node_id": 2544, "node_type": "endpoint", "degree": 1, "link_types": "sidewalk"}, "geometry": {"type": "Point", "coordinates": [329233.56, 4698253.88]}}, {"type": "Feature", "properties": {"node_id": 2545, "node_type": "junction", "degree": 3, "link_types": "sidewalk"}, "geometry": {"type": "Point", "coordinates": [329235.8, 4698251.08]}}, {"type": "Feature", "properties": {"node_id": 2546, "node_type": "endpoint", "degree": 1, "link_types": "sidewalk"}, "geometry": {"type": "Point", "coordinates": [328604.84, 4698983.8]}}, {"type": "Feature", "properties": {"node_id": 2547, "node_type": "type_change", "degree": 2, "link_types": "midblock+sidewalk"}, "geometry": {"type": "Point", "coordinates": [328585.803, 4698985.666]}}, {"type": "Feature", "properties": {"node_id": 2548, "node_type": "type_change", "degree": 2, "link_types": "midblock+sidewalk"}, "geometry": {"type": "Point", "coordinates": [328576.137, 4698980.0]}}, {"type": "Feature", "properties": {"node_id": 2549, "node_type": "type_change", "degree": 2, "link_types": "midblock+sidewalk"}, "geometry": {"type": "Point", "coordinates": [328566.339, 4698974.946]}}, {"type": "Feature", "properties": {"node_id": 2550, "node_type": "type_change", "degree": 2, "link_types": "midblock+sidewalk"}, "geometry": {"type": "Point", "coordinates": [328564.77, 4698973.992]}}, {"type": "Feature", "properties": {"node_id": 2551, "node_type": "type_change", "degree": 2, "link_types": "midblock+sidewalk"}, "geometry": {"type": "Point", "coordinates": [328545.33, 4698962.138]}}, {"type": "Feature", "properties": {"node_id": 2552, "node_type": "type_change", "degree": 2, "link_types": "midblock+sidewalk"}, "geometry": {"type": "Point", "coordinates": [328541.466, 4698959.882]}}, {"type": "Feature", "properties": {"node_id": 2553, "node_type": "endpoint", "degree": 1, "link_types": "sidewalk"}, "geometry": {"type": "Point", "coordinates": [328519.8, 4698947.24]}}, {"type": "Feature", "properties": {"node_id": 2554, "node_type": "type_change", "degree": 2, "link_types": "pseudo+sidewalk"}, "geometry": {"type": "Point", "coordinates": [329639.48, 4698471.24]}}, {"type": "Feature", "properties": {"node_id": 2555, "node_type": "endpoint", "degree": 1, "link_types": "sidewalk"}, "geometry": {"type": "Point", "coordinates": [329636.76, 4698463.48]}}, {"type": "Feature", "properties": {"node_id": 2556, "node_type": "type_change", "degree": 2, "link_types": "pseudo+sidewalk"}, "geometry": {"type": "Point", "coordinates": [329639.64, 4698471.24]}}, {"type": "Feature", "properties": {"node_id": 2557, "node_type": "endpoint", "degree": 1, "link_types": "sidewalk"}, "geometry": {"type": "Point", "coordinates": [329649.4, 4698472.68]}}, {"type": "Feature", "properties": {"node_id": 2558, "node_type": "endpoint", "degree": 1, "link_types": "sidewalk"}, "geometry": {"type": "Point", "coordinates": [329624.92, 4698273.08]}}, {"type": "Feature", "properties": {"node_id": 2559, "node_type": "endpoint", "degree": 1, "link_types": "sidewalk"}, "geometry": {"type": "Point", "coordinates": [329634.44, 4698269.48]}}, {"type": "Feature", "properties": {"node_id": 2560, "node_type": "type_change", "degree": 2, "link_types": "pseudo+sidewalk"}, "geometry": {"type": "Point", "coordinates": [329053.96, 4698249.56]}}, {"type": "Feature", "properties": {"node_id": 2561, "node_type": "endpoint", "degree": 1, "link_types": "sidewalk"}, "geometry": {"type": "Point", "coordinates": [329057.8, 4698249.72]}}, {"type": "Feature", "properties": {"node_id": 2562, "node_type": "endpoint", "degree": 1, "link_types": "sidewalk"}, "geometry": {"type": "Point", "coordinates": [329304.76, 4699157.4]}}, {"type": "Feature", "properties": {"node_id": 2563, "node_type": "junction", "degree": 3, "link_types": "sidewalk"}, "geometry": {"type": "Point", "coordinates": [329297.24, 4699163.48]}}, {"type": "Feature", "properties": {"node_id": 2564, "node_type": "type_change", "degree": 3, "link_types": "pseudo+sidewalk"}, "geometry": {"type": "Point", "coordinates": [329861.24, 4699234.52]}}, {"type": "Feature", "properties": {"node_id": 2565, "node_type": "endpoint", "degree": 1, "link_types": "midblock"}, "geometry": {"type": "Point", "coordinates": [328501.48, 4698267.48]}}, {"type": "Feature", "properties": {"node_id": 2566, "node_type": "type_change", "degree": 2, "link_types": "midblock+sidewalk"}, "geometry": {"type": "Point", "coordinates": [328505.404, 4698266.716]}}, {"type": "Feature", "properties": {"node_id": 2567, "node_type": "type_change", "degree": 2, "link_types": "midblock+sidewalk"}, "geometry": {"type": "Point", "coordinates": [328524.551, 4698262.99]}}, {"type": "Feature", "properties": {"node_id": 2568, "node_type": "endpoint", "degree": 1, "link_types": "midblock"}, "geometry": {"type": "Point", "coordinates": [328534.36, 4698261.08]}}, {"type": "Feature", "properties": {"node_id": 2569, "node_type": "type_change", "degree": 2, "link_types": "midblock+sidewalk"}, "geometry": {"type": "Point", "coordinates": [328828.567, 4698912.145]}}, {"type": "Feature", "properties": {"node_id": 2570, "node_type": "endpoint", "degree": 1, "link_types": "midblock"}, "geometry": {"type": "Point", "coordinates": [328828.76, 4698913.88]}}, {"type": "Feature", "properties": {"node_id": 2571, "node_type": "endpoint", "degree": 1, "link_types": "pseudo"}, "geometry": {"type": "Point", "coordinates": [329998.36, 4699248.2]}}, {"type": "Feature", "properties": {"node_id": 2572, "node_type": "junction", "degree": 3, "link_types": "sidewalk"}, "geometry": {"type": "Point", "coordinates": [329840.04, 4699236.84]}}, {"type": "Feature", "properties": {"node_id": 2573, "node_type": "type_change", "degree": 2, "link_types": "midblock+sidewalk"}, "geometry": {"type": "Point", "coordinates": [329764.413, 4699264.515]}}, {"type": "Feature", "properties": {"node_id": 2574, "node_type": "junction", "degree": 3, "link_types": "midblock"}, "geometry": {"type": "Point", "coordinates": [329761.96, 4699264.84]}}, {"type": "Feature", "properties": {"node_id": 2575, "node_type": "endpoint", "degree": 1, "link_types": "sidewalk"}, "geometry": {"type": "Point", "coordinates": [329826.84, 4699235.08]}}, {"type": "Feature", "properties": {"node_id": 2576, "node_type": "endpoint", "degree": 1, "link_types": "crosswalk"}, "geometry": {"type": "Point", "coordinates": [328927.4, 4699059.16]}}, {"type": "Feature", "properties": {"node_id": 2577, "node_type": "endpoint", "degree": 1, "link_types": "sidewalk"}, "geometry": {"type": "Point", "coordinates": [329235.88, 4698251.0]}}, {"type": "Feature", "properties": {"node_id": 2578, "node_type": "endpoint", "degree": 1, "link_types": "sidewalk"}, "geometry": {"type": "Point", "coordinates": [328824.68, 4698935.24]}}, {"type": "Feature", "properties": {"node_id": 2579, "node_type": "junction", "degree": 3, "link_types": "sidewalk"}, "geometry": {"type": "Point", "coordinates": [328822.36, 4698956.92]}}, {"type": "Feature", "properties": {"node_id": 2580, "node_type": "type_change", "degree": 2, "link_types": "crosswalk+pseudo"}, "geometry": {"type": "Point", "coordinates": [329256.92, 4698706.04]}}, {"type": "Feature", "properties": {"node_id": 2581, "node_type": "type_change", "degree": 3, "link_types": "pseudo+sidewalk"}, "geometry": {"type": "Point", "coordinates": [329257.48, 4698705.56]}}, {"type": "Feature", "properties": {"node_id": 2582, "node_type": "type_change", "degree": 3, "link_types": "pseudo+sidewalk"}, "geometry": {"type": "Point", "coordinates": [329902.12, 4699026.12]}}, {"type": "Feature", "properties": {"node_id": 2583, "node_type": "type_change", "degree": 3, "link_types": "pseudo+sidewalk"}, "geometry": {"type": "Point", "coordinates": [329902.12, 4699026.04]}}, {"type": "Feature", "properties": {"node_id": 2584, "node_type": "junction", "degree": 3, "link_types": "pseudo"}, "geometry": {"type": "Point", "coordinates": [329818.04, 4698279.88]}}, {"type": "Feature", "properties": {"node_id": 2585, "node_type": "type_change", "degree": 2, "link_types": "crosswalk+pseudo"}, "geometry": {"type": "Point", "coordinates": [329818.2, 4698280.28]}}, {"type": "Feature", "properties": {"node_id": 2586, "node_type": "type_change", "degree": 2, "link_types": "crosswalk+pseudo"}, "geometry": {"type": "Point", "coordinates": [329825.48, 4698280.28]}}, {"type": "Feature", "properties": {"node_id": 2587, "node_type": "junction", "degree": 3, "link_types": "pseudo"}, "geometry": {"type": "Point", "coordinates": [329825.24, 4698279.88]}}, {"type": "Feature", "properties": {"node_id": 2588, "node_type": "type_change", "degree": 3, "link_types": "pseudo+sidewalk"}, "geometry": {"type": "Point", "coordinates": [329817.96, 4698279.8]}}, {"type": "Feature", "properties": {"node_id": 2589, "node_type": "junction", "degree": 3, "link_types": "pseudo"}, "geometry": {"type": "Point", "coordinates": [329813.32, 4699156.68]}}, {"type": "Feature", "properties": {"node_id": 2590, "node_type": "type_change", "degree": 3, "link_types": "crosswalk+pseudo"}, "geometry": {"type": "Point", "coordinates": [329813.24, 4699156.76]}}, {"type": "Feature", "properties": {"node_id": 2591, "node_type": "type_change", "degree": 2, "link_types": "pseudo+sidewalk"}, "geometry": {"type": "Point", "coordinates": [329815.64, 4699158.36]}}, {"type": "Feature", "properties": {"node_id": 2592, "node_type": "type_change", "degree": 2, "link_types": "pseudo+sidewalk"}, "geometry": {"type": "Point", "coordinates": [329815.72, 4699158.28]}}, {"type": "Feature", "properties": {"node_id": 2593, "node_type": "type_change", "degree": 2, "link_types": "crosswalk+pseudo"}, "geometry": {"type": "Point", "coordinates": [329817.64, 4699156.68]}}, {"type": "Feature", "properties": {"node_id": 2594, "node_type": "type_change", "degree": 2, "link_types": "crosswalk+pseudo"}, "geometry": {"type": "Point", "coordinates": [329829.72, 4699150.12]}}, {"type": "Feature", "properties": {"node_id": 2595, "node_type": "endpoint", "degree": 1, "link_types": "pseudo"}, "geometry": {"type": "Point", "coordinates": [329830.52, 4699152.28]}}, {"type": "Feature", "properties": {"node_id": 2596, "node_type": "type_change", "degree": 2, "link_types": "midblock+sidewalk"}, "geometry": {"type": "Point", "coordinates": [328650.408, 4698887.63]}}, {"type": "Feature", "properties": {"node_id": 2597, "node_type": "type_change", "degree": 2, "link_types": "midblock+sidewalk"}, "geometry": {"type": "Point", "coordinates": [328640.767, 4698885.682]}}, {"type": "Feature", "properties": {"node_id": 2598, "node_type": "type_change", "degree": 2, "link_types": "midblock+sidewalk"}, "geometry": {"type": "Point", "coordinates": [328623.914, 4698882.277]}}, {"type": "Feature", "properties": {"node_id": 2599, "node_type": "type_change", "degree": 2, "link_types": "midblock+sidewalk"}, "geometry": {"type": "Point", "coordinates": [328613.49, 4698880.17]}}, {"type": "Feature", "properties": {"node_id": 2600, "node_type": "type_change", "degree": 2, "link_types": "midblock+sidewalk"}, "geometry": {"type": "Point", "coordinates": [328601.81, 4698877.811]}}, {"type": "Feature", "properties": {"node_id": 2601, "node_type": "type_change", "degree": 2, "link_types": "midblock+sidewalk"}, "geometry": {"type": "Point", "coordinates": [328598.047, 4698877.05]}}, {"type": "Feature", "properties": {"node_id": 2602, "node_type": "type_change", "degree": 2, "link_types": "midblock+sidewalk"}, "geometry": {"type": "Point", "coordinates": [328570.75, 4698871.667]}}, {"type": "Feature", "properties": {"node_id": 2603, "node_type": "type_change", "degree": 2, "link_types": "midblock+sidewalk"}, "geometry": {"type": "Point", "coordinates": [328561.243, 4698869.921]}}, {"type": "Feature", "properties": {"node_id": 2604, "node_type": "type_change", "degree": 2, "link_types": "midblock+sidewalk"}, "geometry": {"type": "Point", "coordinates": [328555.652, 4698869.233]}}, {"type": "Feature", "properties": {"node_id": 2605, "node_type": "type_change", "degree": 2, "link_types": "midblock+sidewalk"}, "geometry": {"type": "Point", "coordinates": [328553.239, 4698868.386]}}, {"type": "Feature", "properties": {"node_id": 2606, "node_type": "type_change", "degree": 2, "link_types": "midblock+sidewalk"}, "geometry": {"type": "Point", "coordinates": [328537.731, 4698865.175]}}, {"type": "Feature", "properties": {"node_id": 2607, "node_type": "type_change", "degree": 2, "link_types": "midblock+sidewalk"}, "geometry": {"type": "Point", "coordinates": [328531.528, 4698864.341]}}, {"type": "Feature", "properties": {"node_id": 2608, "node_type": "endpoint", "degree": 1, "link_types": "sidewalk"}, "geometry": {"type": "Point", "coordinates": [328512.28, 4698876.68]}}, {"type": "Feature", "properties": {"node_id": 2609, "node_type": "endpoint", "degree": 1, "link_types": "crosswalk"}, "geometry": {"type": "Point", "coordinates": [328758.76, 4698359.48]}}, {"type": "Feature", "properties": {"node_id": 2610, "node_type": "junction", "degree": 3, "link_types": "crosswalk"}, "geometry": {"type": "Point", "coordinates": [328758.76, 4698359.16]}}, {"type": "Feature", "properties": {"node_id": 2611, "node_type": "type_change", "degree": 3, "link_types": "crosswalk+sidewalk"}, "geometry": {"type": "Point", "coordinates": [328879.32, 4698629.8]}}, {"type": "Feature", "properties": {"node_id": 2612, "node_type": "type_change", "degree": 2, "link_types": "crosswalk+pseudo"}, "geometry": {"type": "Point", "coordinates": [329819.08, 4699174.6]}}, {"type": "Feature", "properties": {"node_id": 2613, "node_type": "type_change", "degree": 3, "link_types": "pseudo+sidewalk"}, "geometry": {"type": "Point", "coordinates": [328892.04, 4699483.24]}}, {"type": "Feature", "properties": {"node_id": 2614, "node_type": "endpoint", "degree": 1, "link_types": "sidewalk"}, "geometry": {"type": "Point", "coordinates": [329510.44, 4698206.12]}}, {"type": "Feature", "properties": {"node_id": 2615, "node_type": "endpoint", "degree": 1, "link_types": "crosswalk"}, "geometry": {"type": "Point", "coordinates": [328874.12, 4698608.44]}}, {"type": "Feature", "properties": {"node_id": 2616, "node_type": "endpoint", "degree": 1, "link_types": "crosswalk"}, "geometry": {"type": "Point", "coordinates": [328872.84, 4698605.88]}}, {"type": "Feature", "properties": {"node_id": 2617, "node_type": "junction", "degree": 3, "link_types": "pseudo"}, "geometry": {"type": "Point", "coordinates": [329913.08, 4698458.92]}}, {"type": "Feature", "properties": {"node_id": 2618, "node_type": "type_change", "degree": 3, "link_types": "pseudo+sidewalk"}, "geometry": {"type": "Point", "coordinates": [329913.16, 4698459.0]}}, {"type": "Feature", "properties": {"node_id": 2619, "node_type": "type_change", "degree": 3, "link_types": "crosswalk+pseudo"}, "geometry": {"type": "Point", "coordinates": [329911.16, 4698458.44]}}, {"type": "Feature", "properties": {"node_id": 2620, "node_type": "type_change", "degree": 3, "link_types": "pseudo+sidewalk"}, "geometry": {"type": "Point", "coordinates": [329913.16, 4698458.92]}}, {"type": "Feature", "properties": {"node_id": 2621, "node_type": "junction", "degree": 3, "link_types": "sidewalk"}, "geometry": {"type": "Point", "coordinates": [329731.64, 4699272.84]}}, {"type": "Feature", "properties": {"node_id": 2622, "node_type": "junction", "degree": 3, "link_types": "sidewalk"}, "geometry": {"type": "Point", "coordinates": [329731.72, 4699272.92]}}, {"type": "Feature", "properties": {"node_id": 2623, "node_type": "junction", "degree": 3, "link_types": "sidewalk"}, "geometry": {"type": "Point", "coordinates": [329731.72, 4699272.84]}}, {"type": "Feature", "properties": {"node_id": 2624, "node_type": "junction", "degree": 3, "link_types": "pseudo"}, "geometry": {"type": "Point", "coordinates": [328985.0, 4699254.52]}}, {"type": "Feature", "properties": {"node_id": 2625, "node_type": "type_change", "degree": 2, "link_types": "crosswalk+pseudo"}, "geometry": {"type": "Point", "coordinates": [328984.92, 4699256.28]}}, {"type": "Feature", "properties": {"node_id": 2626, "node_type": "type_change", "degree": 2, "link_types": "crosswalk+pseudo"}, "geometry": {"type": "Point", "coordinates": [328980.52, 4699255.16]}}, {"type": "Feature", "properties": {"node_id": 2627, "node_type": "type_change", "degree": 3, "link_types": "pseudo+sidewalk"}, "geometry": {"type": "Point", "coordinates": [328980.52, 4699254.2]}}, {"type": "Feature", "properties": {"node_id": 2628, "node_type": "type_change", "degree": 2, "link_types": "pseudo+sidewalk"}, "geometry": {"type": "Point", "coordinates": [328984.92, 4699254.44]}}, {"type": "Feature", "properties": {"node_id": 2629, "node_type": "junction", "degree": 3, "link_types": "sidewalk"}, "geometry": {"type": "Point", "coordinates": [328984.76, 4699254.28]}}, {"type": "Feature", "properties": {"node_id": 2630, "node_type": "type_change", "degree": 2, "link_types": "pseudo+sidewalk"}, "geometry": {"type": "Point", "coordinates": [328985.08, 4699254.44]}}, {"type": "Feature", "properties": {"node_id": 2631, "node_type": "type_change", "degree": 2, "link_types": "midblock+sidewalk"}, "geometry": {"type": "Point", "coordinates": [328992.922, 4699255.477]}}, {"type": "Feature", "properties": {"node_id": 2632, "node_type": "type_change", "degree": 2, "link_types": "midblock+sidewalk"}, "geometry": {"type": "Point", "coordinates": [328999.102, 4699256.293]}}, {"type": "Feature", "properties": {"node_id": 2633, "node_type": "type_change", "degree": 2, "link_types": "midblock+sidewalk"}, "geometry": {"type": "Point", "coordinates": [329008.529, 4699257.538]}}, {"type": "Feature", "properties": {"node_id": 2634, "node_type": "type_change", "degree": 2, "link_types": "midblock+sidewalk"}, "geometry": {"type": "Point", "coordinates": [329014.233, 4699258.293]}}, {"type": "Feature", "properties": {"node_id": 2635, "node_type": "type_change", "degree": 3, "link_types": "pseudo+sidewalk"}, "geometry": {"type": "Point", "coordinates": [329025.64, 4699259.8]}}, {"type": "Feature", "properties": {"node_id": 2636, "node_type": "junction", "degree": 3, "link_types": "sidewalk"}, "geometry": {"type": "Point", "coordinates": [329206.44, 4699283.8]}}, {"type": "Feature", "properties": {"node_id": 2637, "node_type": "type_change", "degree": 2, "link_types": "pseudo+sidewalk"}, "geometry": {"type": "Point", "coordinates": [329206.36, 4699283.88]}}, {"type": "Feature", "properties": {"node_id": 2638, "node_type": "type_change", "degree": 2, "link_types": "crosswalk+pseudo"}, "geometry": {"type": "Point", "coordinates": [329205.64, 4699284.52]}}, {"type": "Feature", "properties": {"node_id": 2639, "node_type": "type_change", "degree": 2, "link_types": "crosswalk+pseudo"}, "geometry": {"type": "Point", "coordinates": [329194.12, 4699285.64]}}, {"type": "Feature", "properties": {"node_id": 2640, "node_type": "type_change", "degree": 2, "link_types": "pseudo+sidewalk"}, "geometry": {"type": "Point", "coordinates": [329192.36, 4699285.0]}}, {"type": "Feature", "properties": {"node_id": 2641, "node_type": "junction", "degree": 3, "link_types": "sidewalk"}, "geometry": {"type": "Point", "coordinates": [329188.2, 4699286.44]}}, {"type": "Feature", "properties": {"node_id": 2642, "node_type": "type_change", "degree": 2, "link_types": "midblock+sidewalk"}, "geometry": {"type": "Point", "coordinates": [329225.672, 4699285.532]}}, {"type": "Feature", "properties": {"node_id": 2643, "node_type": "type_change", "degree": 2, "link_types": "midblock+sidewalk"}, "geometry": {"type": "Point", "coordinates": [329229.558, 4699286.445]}}, {"type": "Feature", "properties": {"node_id": 2644, "node_type": "type_change", "degree": 3, "link_types": "pseudo+sidewalk"}, "geometry": {"type": "Point", "coordinates": [329204.92, 4699262.6]}}, {"type": "Feature", "properties": {"node_id": 2645, "node_type": "endpoint", "degree": 1, "link_types": "midblock"}, "geometry": {"type": "Point", "coordinates": [329676.44, 4699191.32]}}, {"type": "Feature", "properties": {"node_id": 2646, "node_type": "junction", "degree": 3, "link_types": "sidewalk"}, "geometry": {"type": "Point", "coordinates": [328936.12, 4698804.44]}}, {"type": "Feature", "properties": {"node_id": 2647, "node_type": "type_change", "degree": 3, "link_types": "pseudo+sidewalk"}, "geometry": {"type": "Point", "coordinates": [328936.12, 4698804.52]}}, {"type": "Feature", "properties": {"node_id": 2648, "node_type": "type_change", "degree": 3, "link_types": "pseudo+sidewalk"}, "geometry": {"type": "Point", "coordinates": [328936.04, 4698804.44]}}, {"type": "Feature", "properties": {"node_id": 2649, "node_type": "type_change", "degree": 3, "link_types": "pseudo+sidewalk"}, "geometry": {"type": "Point", "coordinates": [328937.72, 4698803.16]}}, {"type": "Feature", "properties": {"node_id": 2650, "node_type": "endpoint", "degree": 1, "link_types": "sidewalk"}, "geometry": {"type": "Point", "coordinates": [329063.48, 4699268.04]}}, {"type": "Feature", "properties": {"node_id": 2651, "node_type": "junction", "degree": 3, "link_types": "sidewalk"}, "geometry": {"type": "Point", "coordinates": [329063.56, 4699265.08]}}, {"type": "Feature", "properties": {"node_id": 2652, "node_type": "endpoint", "degree": 1, "link_types": "sidewalk"}, "geometry": {"type": "Point", "coordinates": [329907.08, 4698188.6]}}, {"type": "Feature", "properties": {"node_id": 2653, "node_type": "type_change", "degree": 2, "link_types": "midblock+sidewalk"}, "geometry": {"type": "Point", "coordinates": [329907.057, 4698185.334]}}, {"type": "Feature", "properties": {"node_id": 2654, "node_type": "type_change", "degree": 2, "link_types": "midblock+sidewalk"}, "geometry": {"type": "Point", "coordinates": [329907.011, 4698178.804]}}, {"type": "Feature", "properties": {"node_id": 2655, "node_type": "type_change", "degree": 2, "link_types": "midblock+sidewalk"}, "geometry": {"type": "Point", "coordinates": [329907.162, 4698167.894]}}, {"type": "Feature", "properties": {"node_id": 2656, "node_type": "type_change", "degree": 2, "link_types": "midblock+sidewalk"}, "geometry": {"type": "Point", "coordinates": [329907.479, 4698163.354]}}, {"type": "Feature", "properties": {"node_id": 2657, "node_type": "junction", "degree": 3, "link_types": "sidewalk"}, "geometry": {"type": "Point", "coordinates": [329907.64, 4698143.48]}}, {"type": "Feature", "properties": {"node_id": 2658, "node_type": "type_change", "degree": 2, "link_types": "pseudo+sidewalk"}, "geometry": {"type": "Point", "coordinates": [329578.28, 4699485.16]}}, {"type": "Feature", "properties": {"node_id": 2659, "node_type": "type_change", "degree": 2, "link_types": "crosswalk+pseudo"}, "geometry": {"type": "Point", "coordinates": [329577.88, 4699485.72]}}, {"type": "Feature", "properties": {"node_id": 2660, "node_type": "type_change", "degree": 2, "link_types": "crosswalk+pseudo"}, "geometry": {"type": "Point", "coordinates": [329571.24, 4699486.04]}}, {"type": "Feature", "properties": {"node_id": 2661, "node_type": "endpoint", "degree": 1, "link_types": "pseudo"}, "geometry": {"type": "Point", "coordinates": [329571.4, 4699485.08]}}, {"type": "Feature", "properties": {"node_id": 2662, "node_type": "type_change", "degree": 2, "link_types": "midblock+sidewalk"}, "geometry": {"type": "Point", "coordinates": [329582.466, 4699485.737]}}, {"type": "Feature", "properties": {"node_id": 2663, "node_type": "endpoint", "degree": 1, "link_types": "midblock"}, "geometry": {"type": "Point", "coordinates": [329584.36, 4699486.04]}}, {"type": "Feature", "properties": {"node_id": 2664, "node_type": "junction", "degree": 3, "link_types": "pseudo"}, "geometry": {"type": "Point", "coordinates": [329428.04, 4699291.08]}}, {"type": "Feature", "properties": {"node_id": 2665, "node_type": "type_change", "degree": 2, "link_types": "crosswalk+pseudo"}, "geometry": {"type": "Point", "coordinates": [329428.04, 4699294.28]}}, {"type": "Feature", "properties": {"node_id": 2666, "node_type": "type_change", "degree": 2, "link_types": "crosswalk+pseudo"}, "geometry": {"type": "Point", "coordinates": [329424.2, 4699296.44]}}, {"type": "Feature", "properties": {"node_id": 2667, "node_type": "type_change", "degree": 3, "link_types": "pseudo+sidewalk"}, "geometry": {"type": "Point", "coordinates": [329422.76, 4699294.92]}}, {"type": "Feature", "properties": {"node_id": 2668, "node_type": "type_change", "degree": 2, "link_types": "pseudo+sidewalk"}, "geometry": {"type": "Point", "coordinates": [329427.96, 4699291.0]}}, {"type": "Feature", "properties": {"node_id": 2669, "node_type": "type_change", "degree": 2, "link_types": "pseudo+sidewalk"}, "geometry": {"type": "Point", "coordinates": [329428.12, 4699291.0]}}, {"type": "Feature", "properties": {"node_id": 2670, "node_type": "junction", "degree": 3, "link_types": "sidewalk"}, "geometry": {"type": "Point", "coordinates": [329442.92, 4699292.76]}}, {"type": "Feature", "properties": {"node_id": 2671, "node_type": "junction", "degree": 3, "link_types": "sidewalk"}, "geometry": {"type": "Point", "coordinates": [329503.0, 4698433.96]}}, {"type": "Feature", "properties": {"node_id": 2672, "node_type": "junction", "degree": 3, "link_types": "sidewalk"}, "geometry": {"type": "Point", "coordinates": [329503.08, 4698434.04]}}, {"type": "Feature", "properties": {"node_id": 2673, "node_type": "junction", "degree": 3, "link_types": "sidewalk"}, "geometry": {"type": "Point", "coordinates": [329498.12, 4698433.8]}}, {"type": "Feature", "properties": {"node_id": 2674, "node_type": "junction", "degree": 3, "link_types": "sidewalk"}, "geometry": {"type": "Point", "coordinates": [329503.08, 4698433.96]}}, {"type": "Feature", "properties": {"node_id": 2675, "node_type": "endpoint", "degree": 1, "link_types": "sidewalk"}, "geometry": {"type": "Point", "coordinates": [329143.48, 4699013.24]}}, {"type": "Feature", "properties": {"node_id": 2676, "node_type": "endpoint", "degree": 1, "link_types": "sidewalk"}, "geometry": {"type": "Point", "coordinates": [329823.0, 4699144.28]}}, {"type": "Feature", "properties": {"node_id": 2677, "node_type": "endpoint", "degree": 1, "link_types": "sidewalk"}, "geometry": {"type": "Point", "coordinates": [329383.08, 4699187.96]}}, {"type": "Feature", "properties": {"node_id": 2678, "node_type": "endpoint", "degree": 1, "link_types": "sidewalk"}, "geometry": {"type": "Point", "coordinates": [328513.08, 4698856.92]}}, {"type": "Feature", "properties": {"node_id": 2679, "node_type": "type_change", "degree": 2, "link_types": "pseudo+sidewalk"}, "geometry": {"type": "Point", "coordinates": [328513.16, 4698856.92]}}, {"type": "Feature", "properties": {"node_id": 2680, "node_type": "type_change", "degree": 3, "link_types": "crosswalk+pseudo"}, "geometry": {"type": "Point", "coordinates": [328514.68, 4698857.08]}}, {"type": "Feature", "properties": {"node_id": 2681, "node_type": "endpoint", "degree": 1, "link_types": "sidewalk"}, "geometry": {"type": "Point", "coordinates": [329183.4, 4698227.72]}}, {"type": "Feature", "properties": {"node_id": 2682, "node_type": "type_change", "degree": 3, "link_types": "pseudo+sidewalk"}, "geometry": {"type": "Point", "coordinates": [329207.4, 4698225.88]}}, {"type": "Feature", "properties": {"node_id": 2683, "node_type": "endpoint", "degree": 1, "link_types": "sidewalk"}, "geometry": {"type": "Point", "coordinates": [329962.12, 4698855.0]}}, {"type": "Feature", "properties": {"node_id": 2684, "node_type": "type_change", "degree": 2, "link_types": "midblock+sidewalk"}, "geometry": {"type": "Point", "coordinates": [329960.947, 4698854.311]}}, {"type": "Feature", "properties": {"node_id": 2685, "node_type": "type_change", "degree": 2, "link_types": "midblock+sidewalk"}, "geometry": {"type": "Point", "coordinates": [329950.865, 4698848.835]}}, {"type": "Feature", "properties": {"node_id": 2686, "node_type": "junction", "degree": 3, "link_types": "sidewalk"}, "geometry": {"type": "Point", "coordinates": [329947.32, 4698847.24]}}, {"type": "Feature", "properties": {"node_id": 2687, "node_type": "type_change", "degree": 2, "link_types": "crosswalk+pseudo"}, "geometry": {"type": "Point", "coordinates": [328937.56, 4698883.08]}}, {"type": "Feature", "properties": {"node_id": 2688, "node_type": "endpoint", "degree": 1, "link_types": "crosswalk"}, "geometry": {"type": "Point", "coordinates": [328938.92, 4698881.96]}}, {"type": "Feature", "properties": {"node_id": 2689, "node_type": "junction", "degree": 3, "link_types": "sidewalk"}, "geometry": {"type": "Point", "coordinates": [328701.0, 4698695.48]}}, {"type": "Feature", "properties": {"node_id": 2690, "node_type": "type_change", "degree": 3, "link_types": "pseudo+sidewalk"}, "geometry": {"type": "Point", "coordinates": [328700.92, 4698695.48]}}, {"type": "Feature", "properties": {"node_id": 2691, "node_type": "type_change", "degree": 3, "link_types": "pseudo+sidewalk"}, "geometry": {"type": "Point", "coordinates": [328701.0, 4698695.4]}}, {"type": "Feature", "properties": {"node_id": 2692, "node_type": "junction", "degree": 3, "link_types": "sidewalk"}, "geometry": {"type": "Point", "coordinates": [329899.4, 4698295.64]}}, {"type": "Feature", "properties": {"node_id": 2693, "node_type": "type_change", "degree": 2, "link_types": "midblock+sidewalk"}, "geometry": {"type": "Point", "coordinates": [329888.024, 4698295.251]}}, {"type": "Feature", "properties": {"node_id": 2694, "node_type": "type_change", "degree": 2, "link_types": "midblock+sidewalk"}, "geometry": {"type": "Point", "coordinates": [329884.934, 4698295.18]}}, {"type": "Feature", "properties": {"node_id": 2695, "node_type": "type_change", "degree": 2, "link_types": "midblock+sidewalk"}, "geometry": {"type": "Point", "coordinates": [329878.213, 4698295.582]}}, {"type": "Feature", "properties": {"node_id": 2696, "node_type": "type_change", "degree": 2, "link_types": "midblock+sidewalk"}, "geometry": {"type": "Point", "coordinates": [329873.472, 4698294.902]}}, {"type": "Feature", "properties": {"node_id": 2697, "node_type": "type_change", "degree": 2, "link_types": "midblock+sidewalk"}, "geometry": {"type": "Point", "coordinates": [329860.242, 4698294.438]}}, {"type": "Feature", "properties": {"node_id": 2698, "node_type": "type_change", "degree": 2, "link_types": "midblock+sidewalk"}, "geometry": {"type": "Point", "coordinates": [329857.482, 4698294.026]}}, {"type": "Feature", "properties": {"node_id": 2699, "node_type": "type_change", "degree": 3, "link_types": "pseudo+sidewalk"}, "geometry": {"type": "Point", "coordinates": [329832.2, 4698293.4]}}, {"type": "Feature", "properties": {"node_id": 2700, "node_type": "junction", "degree": 3, "link_types": "sidewalk"}, "geometry": {"type": "Point", "coordinates": [329899.48, 4698295.64]}}, {"type": "Feature", "properties": {"node_id": 2701, "node_type": "type_change", "degree": 3, "link_types": "pseudo+sidewalk"}, "geometry": {"type": "Point", "coordinates": [329899.48, 4698295.56]}}, {"type": "Feature", "properties": {"node_id": 2702, "node_type": "type_change", "degree": 2, "link_types": "midblock+sidewalk"}, "geometry": {"type": "Point", "coordinates": [329241.57, 4699301.831]}}, {"type": "Feature", "properties": {"node_id": 2703, "node_type": "type_change", "degree": 2, "link_types": "midblock+sidewalk"}, "geometry": {"type": "Point", "coordinates": [329251.41, 4699302.838]}}, {"type": "Feature", "properties": {"node_id": 2704, "node_type": "type_change", "degree": 2, "link_types": "midblock+sidewalk"}, "geometry": {"type": "Point", "coordinates": [329262.062, 4699303.443]}}, {"type": "Feature", "properties": {"node_id": 2705, "node_type": "type_change", "degree": 2, "link_types": "midblock+sidewalk"}, "geometry": {"type": "Point", "coordinates": [329273.27, 4699304.17]}}, {"type": "Feature", "properties": {"node_id": 2706, "node_type": "endpoint", "degree": 1, "link_types": "sidewalk"}, "geometry": {"type": "Point", "coordinates": [329298.12, 4699313.96]}}, {"type": "Feature", "properties": {"node_id": 2707, "node_type": "type_change", "degree": 3, "link_types": "pseudo+sidewalk"}, "geometry": {"type": "Point", "coordinates": [329813.4, 4698759.64]}}, {"type": "Feature", "properties": {"node_id": 2708, "node_type": "endpoint", "degree": 1, "link_types": "sidewalk"}, "geometry": {"type": "Point", "coordinates": [328813.56, 4698877.8]}}, {"type": "Feature", "properties": {"node_id": 2709, "node_type": "type_change", "degree": 3, "link_types": "pseudo+sidewalk"}, "geometry": {"type": "Point", "coordinates": [328831.0, 4698877.48]}}, {"type": "Feature", "properties": {"node_id": 2710, "node_type": "endpoint", "degree": 1, "link_types": "sidewalk"}, "geometry": {"type": "Point", "coordinates": [329782.2, 4699188.68]}}, {"type": "Feature", "properties": {"node_id": 2711, "node_type": "type_change", "degree": 2, "link_types": "midblock+sidewalk"}, "geometry": {"type": "Point", "coordinates": [329783.307, 4699188.654]}}, {"type": "Feature", "properties": {"node_id": 2712, "node_type": "type_change", "degree": 2, "link_types": "midblock+sidewalk"}, "geometry": {"type": "Point", "coordinates": [329794.698, 4699183.782]}}, {"type": "Feature", "properties": {"node_id": 2713, "node_type": "type_change", "degree": 2, "link_types": "pseudo+sidewalk"}, "geometry": {"type": "Point", "coordinates": [329808.92, 4699177.32]}}, {"type": "Feature", "properties": {"node_id": 2714, "node_type": "type_change", "degree": 2, "link_types": "crosswalk+pseudo"}, "geometry": {"type": "Point", "coordinates": [329807.88, 4699175.0]}}, {"type": "Feature", "properties": {"node_id": 2715, "node_type": "type_change", "degree": 2, "link_types": "crosswalk+pseudo"}, "geometry": {"type": "Point", "coordinates": [329812.92, 4699173.08]}}, {"type": "Feature", "properties": {"node_id": 2716, "node_type": "endpoint", "degree": 1, "link_types": "sidewalk"}, "geometry": {"type": "Point", "coordinates": [329540.52, 4698868.76]}}, {"type": "Feature", "properties": {"node_id": 2717, "node_type": "type_change", "degree": 3, "link_types": "pseudo+sidewalk"}, "geometry": {"type": "Point", "coordinates": [329531.16, 4698861.32]}}, {"type": "Feature", "properties": {"node_id": 2718, "node_type": "type_change", "degree": 2, "link_types": "crosswalk+pseudo"}, "geometry": {"type": "Point", "coordinates": [329186.28, 4699296.52]}}, {"type": "Feature", "properties": {"node_id": 2719, "node_type": "type_change", "degree": 2, "link_types": "crosswalk+pseudo"}, "geometry": {"type": "Point", "coordinates": [329187.88, 4699289.56]}}, {"type": "Feature", "properties": {"node_id": 2720, "node_type": "type_change", "degree": 3, "link_types": "pseudo+sidewalk"}, "geometry": {"type": "Point", "coordinates": [329188.12, 4699286.52]}}, {"type": "Feature", "properties": {"node_id": 2721, "node_type": "junction", "degree": 3, "link_types": "sidewalk"}, "geometry": {"type": "Point", "coordinates": [328979.56, 4699491.8]}}, {"type": "Feature", "properties": {"node_id": 2722, "node_type": "type_change", "degree": 3, "link_types": "pseudo+sidewalk"}, "geometry": {"type": "Point", "coordinates": [328979.08, 4699492.12]}}, {"type": "Feature", "properties": {"node_id": 2723, "node_type": "type_change", "degree": 3, "link_types": "pseudo+sidewalk"}, "geometry": {"type": "Point", "coordinates": [328979.64, 4699491.8]}}, {"type": "Feature", "properties": {"node_id": 2724, "node_type": "endpoint", "degree": 1, "link_types": "sidewalk"}, "geometry": {"type": "Point", "coordinates": [328754.92, 4698796.76]}}, {"type": "Feature", "properties": {"node_id": 2725, "node_type": "type_change", "degree": 2, "link_types": "midblock+sidewalk"}, "geometry": {"type": "Point", "coordinates": [328783.362, 4698796.366]}}, {"type": "Feature", "properties": {"node_id": 2726, "node_type": "type_change", "degree": 2, "link_types": "midblock+sidewalk"}, "geometry": {"type": "Point", "coordinates": [328792.07, 4698796.244]}}, {"type": "Feature", "properties": {"node_id": 2727, "node_type": "type_change", "degree": 2, "link_types": "midblock+sidewalk"}, "geometry": {"type": "Point", "coordinates": [328793.827, 4698796.22]}}, {"type": "Feature", "properties": {"node_id": 2728, "node_type": "type_change", "degree": 2, "link_types": "midblock+sidewalk"}, "geometry": {"type": "Point", "coordinates": [328796.144, 4698796.188]}}, {"type": "Feature", "properties": {"node_id": 2729, "node_type": "type_change", "degree": 2, "link_types": "midblock+sidewalk"}, "geometry": {"type": "Point", "coordinates": [328813.72, 4698795.944]}}, {"type": "Feature", "properties": {"node_id": 2730, "node_type": "type_change", "degree": 2, "link_types": "midblock+sidewalk"}, "geometry": {"type": "Point", "coordinates": [328823.024, 4698794.585]}}, {"type": "Feature", "properties": {"node_id": 2731, "node_type": "endpoint", "degree": 1, "link_types": "sidewalk"}, "geometry": {"type": "Point", "coordinates": [328843.08, 4698794.28]}}, {"type": "Feature", "properties": {"node_id": 2732, "node_type": "endpoint", "degree": 1, "link_types": "sidewalk"}, "geometry": {"type": "Point", "coordinates": [328812.52, 4699282.04]}}, {"type": "Feature", "properties": {"node_id": 2733, "node_type": "endpoint", "degree": 1, "link_types": "sidewalk"}, "geometry": {"type": "Point", "coordinates": [328836.12, 4699264.6]}}, {"type": "Feature", "properties": {"node_id": 2734, "node_type": "type_change", "degree": 2, "link_types": "crosswalk+pseudo"}, "geometry": {"type": "Point", "coordinates": [328925.0, 4699142.52]}}, {"type": "Feature", "properties": {"node_id": 2735, "node_type": "type_change", "degree": 2, "link_types": "crosswalk+pseudo"}, "geometry": {"type": "Point", "coordinates": [328919.32, 4699161.0]}}, {"type": "Feature", "properties": {"node_id": 2736, "node_type": "type_change", "degree": 2, "link_types": "pseudo+sidewalk"}, "geometry": {"type": "Point", "coordinates": [329548.04, 4699191.8]}}, {"type": "Feature", "properties": {"node_id": 2737, "node_type": "junction", "degree": 3, "link_types": "sidewalk"}, "geometry": {"type": "Point", "coordinates": [329650.68, 4699375.72]}}, {"type": "Feature", "properties": {"node_id": 2738, "node_type": "type_change", "degree": 3, "link_types": "pseudo+sidewalk"}, "geometry": {"type": "Point", "coordinates": [329650.76, 4699375.72]}}, {"type": "Feature", "properties": {"node_id": 2739, "node_type": "junction", "degree": 3, "link_types": "pseudo"}, "geometry": {"type": "Point", "coordinates": [329918.36, 4699173.4]}}, {"type": "Feature", "properties": {"node_id": 2740, "node_type": "type_change", "degree": 2, "link_types": "crosswalk+pseudo"}, "geometry": {"type": "Point", "coordinates": [329918.36, 4699173.56]}}, {"type": "Feature", "properties": {"node_id": 2741, "node_type": "type_change", "degree": 3, "link_types": "crosswalk+pseudo"}, "geometry": {"type": "Point", "coordinates": [329918.44, 4699173.48]}}, {"type": "Feature", "properties": {"node_id": 2742, "node_type": "endpoint", "degree": 1, "link_types": "pseudo"}, "geometry": {"type": "Point", "coordinates": [329920.28, 4699171.16]}}, {"type": "Feature", "properties": {"node_id": 2743, "node_type": "endpoint", "degree": 1, "link_types": "midblock"}, "geometry": {"type": "Point", "coordinates": [329920.6, 4698608.76]}}, {"type": "Feature", "properties": {"node_id": 2744, "node_type": "type_change", "degree": 2, "link_types": "midblock+sidewalk"}, "geometry": {"type": "Point", "coordinates": [329909.802, 4698609.277]}}, {"type": "Feature", "properties": {"node_id": 2745, "node_type": "type_change", "degree": 2, "link_types": "midblock+sidewalk"}, "geometry": {"type": "Point", "coordinates": [329874.901, 4698607.268]}}, {"type": "Feature", "properties": {"node_id": 2746, "node_type": "type_change", "degree": 2, "link_types": "midblock+sidewalk"}, "geometry": {"type": "Point", "coordinates": [329873.148, 4698607.11]}}, {"type": "Feature", "properties": {"node_id": 2747, "node_type": "endpoint", "degree": 1, "link_types": "sidewalk"}, "geometry": {"type": "Point", "coordinates": [329867.32, 4698605.96]}}, {"type": "Feature", "properties": {"node_id": 2748, "node_type": "junction", "degree": 3, "link_types": "sidewalk"}, "geometry": {"type": "Point", "coordinates": [329730.92, 4699259.16]}}, {"type": "Feature", "properties": {"node_id": 2749, "node_type": "type_change", "degree": 3, "link_types": "pseudo+sidewalk"}, "geometry": {"type": "Point", "coordinates": [329291.64, 4698773.48]}}, {"type": "Feature", "properties": {"node_id": 2750, "node_type": "endpoint", "degree": 1, "link_types": "sidewalk"}, "geometry": {"type": "Point", "coordinates": [329993.88, 4699274.52]}}, {"type": "Feature", "properties": {"node_id": 2751, "node_type": "endpoint", "degree": 1, "link_types": "sidewalk"}, "geometry": {"type": "Point", "coordinates": [329695.72, 4699455.8]}}, {"type": "Feature", "properties": {"node_id": 2752, "node_type": "type_change", "degree": 2, "link_types": "midblock+sidewalk"}, "geometry": {"type": "Point", "coordinates": [329681.284, 4699456.74]}}, {"type": "Feature", "properties": {"node_id": 2753, "node_type": "type_change", "degree": 2, "link_types": "midblock+sidewalk"}, "geometry": {"type": "Point", "coordinates": [329679.642, 4699456.87]}}, {"type": "Feature", "properties": {"node_id": 2754, "node_type": "type_change", "degree": 3, "link_types": "pseudo+sidewalk"}, "geometry": {"type": "Point", "coordinates": [329649.8, 4699454.12]}}, {"type": "Feature", "properties": {"node_id": 2755, "node_type": "junction", "degree": 3, "link_types": "sidewalk"}, "geometry": {"type": "Point", "coordinates": [329827.96, 4698278.36]}}, {"type": "Feature", "properties": {"node_id": 2756, "node_type": "junction", "degree": 3, "link_types": "sidewalk"}, "geometry": {"type": "Point", "coordinates": [329827.88, 4698278.36]}}, {"type": "Feature", "properties": {"node_id": 2757, "node_type": "endpoint", "degree": 1, "link_types": "sidewalk"}, "geometry": {"type": "Point", "coordinates": [328552.92, 4698578.76]}}, {"type": "Feature", "properties": {"node_id": 2758, "node_type": "type_change", "degree": 3, "link_types": "pseudo+sidewalk"}, "geometry": {"type": "Point", "coordinates": [329745.4, 4698290.04]}}, {"type": "Feature", "properties": {"node_id": 2759, "node_type": "junction", "degree": 3, "link_types": "crosswalk"}, "geometry": {"type": "Point", "coordinates": [329297.4, 4699194.68]}}, {"type": "Feature", "properties": {"node_id": 2760, "node_type": "type_change", "degree": 3, "link_types": "crosswalk+pseudo+sidewalk"}, "geometry": {"type": "Point", "coordinates": [329297.24, 4699194.68]}}, {"type": "Feature", "properties": {"node_id": 2761, "node_type": "type_change", "degree": 2, "link_types": "crosswalk+sidewalk"}, "geometry": {"type": "Point", "coordinates": [329297.32, 4699194.6]}}, {"type": "Feature", "properties": {"node_id": 2762, "node_type": "type_change", "degree": 2, "link_types": "crosswalk+sidewalk"}, "geometry": {"type": "Point", "coordinates": [329297.48, 4699194.6]}}, {"type": "Feature", "properties": {"node_id": 2763, "node_type": "type_change", "degree": 2, "link_types": "crosswalk+sidewalk"}, "geometry": {"type": "Point", "coordinates": [329297.56, 4699194.6]}}, {"type": "Feature", "properties": {"node_id": 2764, "node_type": "junction", "degree": 3, "link_types": "crosswalk"}, "geometry": {"type": "Point", "coordinates": [329297.96, 4699194.44]}}, {"type": "Feature", "properties": {"node_id": 2765, "node_type": "endpoint", "degree": 1, "link_types": "sidewalk"}, "geometry": {"type": "Point", "coordinates": [329310.52, 4699294.12]}}, {"type": "Feature", "properties": {"node_id": 2766, "node_type": "junction", "degree": 3, "link_types": "crosswalk"}, "geometry": {"type": "Point", "coordinates": [328877.56, 4698509.72]}}, {"type": "Feature", "properties": {"node_id": 2767, "node_type": "endpoint", "degree": 1, "link_types": "crosswalk"}, "geometry": {"type": "Point", "coordinates": [328877.64, 4698509.8]}}, {"type": "Feature", "properties": {"node_id": 2768, "node_type": "type_change", "degree": 3, "link_types": "crosswalk+pseudo"}, "geometry": {"type": "Point", "coordinates": [328877.48, 4698509.72]}}, {"type": "Feature", "properties": {"node_id": 2769, "node_type": "junction", "degree": 3, "link_types": "pseudo"}, "geometry": {"type": "Point", "coordinates": [328871.88, 4698551.24]}}, {"type": "Feature", "properties": {"node_id": 2770, "node_type": "type_change", "degree": 3, "link_types": "pseudo+sidewalk"}, "geometry": {"type": "Point", "coordinates": [328871.88, 4698551.32]}}, {"type": "Feature", "properties": {"node_id": 2771, "node_type": "type_change", "degree": 2, "link_types": "crosswalk+pseudo"}, "geometry": {"type": "Point", "coordinates": [328872.36, 4698550.2]}}, {"type": "Feature", "properties": {"node_id": 2772, "node_type": "type_change", "degree": 2, "link_types": "crosswalk+pseudo"}, "geometry": {"type": "Point", "coordinates": [328891.8, 4698543.72]}}, {"type": "Feature", "properties": {"node_id": 2773, "node_type": "junction", "degree": 3, "link_types": "pseudo"}, "geometry": {"type": "Point", "coordinates": [328891.8, 4698540.12]}}, {"type": "Feature", "properties": {"node_id": 2774, "node_type": "endpoint", "degree": 1, "link_types": "midblock"}, "geometry": {"type": "Point", "coordinates": [329631.0, 4698892.2]}}, {"type": "Feature", "properties": {"node_id": 2775, "node_type": "type_change", "degree": 2, "link_types": "midblock+sidewalk"}, "geometry": {"type": "Point", "coordinates": [329633.025, 4698892.868]}}, {"type": "Feature", "properties": {"node_id": 2776, "node_type": "junction", "degree": 3, "link_types": "sidewalk"}, "geometry": {"type": "Point", "coordinates": [329681.72, 4698898.04]}}, {"type": "Feature", "properties": {"node_id": 2777, "node_type": "endpoint", "degree": 1, "link_types": "sidewalk"}, "geometry": {"type": "Point", "coordinates": [328839.48, 4698825.08]}}, {"type": "Feature", "properties": {"node_id": 2778, "node_type": "type_change", "degree": 2, "link_types": "midblock+sidewalk"}, "geometry": {"type": "Point", "coordinates": [328838.747, 4698828.347]}}, {"type": "Feature", "properties": {"node_id": 2779, "node_type": "type_change", "degree": 2, "link_types": "midblock+sidewalk"}, "geometry": {"type": "Point", "coordinates": [328838.416, 4698829.826]}}, {"type": "Feature", "properties": {"node_id": 2780, "node_type": "junction", "degree": 3, "link_types": "sidewalk"}, "geometry": {"type": "Point", "coordinates": [329415.56, 4699241.24]}}, {"type": "Feature", "properties": {"node_id": 2781, "node_type": "junction", "degree": 3, "link_types": "sidewalk"}, "geometry": {"type": "Point", "coordinates": [329420.84, 4699240.2]}}, {"type": "Feature", "properties": {"node_id": 2782, "node_type": "junction", "degree": 3, "link_types": "sidewalk"}, "geometry": {"type": "Point", "coordinates": [328938.76, 4698887.56]}}, {"type": "Feature", "properties": {"node_id": 2783, "node_type": "type_change", "degree": 3, "link_types": "crosswalk+sidewalk"}, "geometry": {"type": "Point", "coordinates": [328938.68, 4698887.64]}}, {"type": "Feature", "properties": {"node_id": 2784, "node_type": "type_change", "degree": 3, "link_types": "crosswalk+sidewalk"}, "geometry": {"type": "Point", "coordinates": [328938.84, 4698887.64]}}, {"type": "Feature", "properties": {"node_id": 2785, "node_type": "junction", "degree": 3, "link_types": "sidewalk"}, "geometry": {"type": "Point", "coordinates": [328939.4, 4698885.64]}}, {"type": "Feature", "properties": {"node_id": 2786, "node_type": "endpoint", "degree": 1, "link_types": "crosswalk"}, "geometry": {"type": "Point", "coordinates": [329196.12, 4699263.4]}}, {"type": "Feature", "properties": {"node_id": 2787, "node_type": "type_change", "degree": 2, "link_types": "crosswalk+pseudo"}, "geometry": {"type": "Point", "coordinates": [329191.24, 4699262.92]}}, {"type": "Feature", "properties": {"node_id": 2788, "node_type": "endpoint", "degree": 1, "link_types": "pseudo"}, "geometry": {"type": "Point", "coordinates": [329192.68, 4699261.16]}}, {"type": "Feature", "properties": {"node_id": 2789, "node_type": "endpoint", "degree": 1, "link_types": "sidewalk"}, "geometry": {"type": "Point", "coordinates": [329318.76, 4698236.28]}}, {"type": "Feature", "properties": {"node_id": 2790, "node_type": "type_change", "degree": 2, "link_types": "midblock+sidewalk"}, "geometry": {"type": "Point", "coordinates": [329297.65, 4698233.038]}}, {"type": "Feature", "properties": {"node_id": 2791, "node_type": "type_change", "degree": 2, "link_types": "midblock+sidewalk"}, "geometry": {"type": "Point", "coordinates": [329292.229, 4698232.616]}}, {"type": "Feature", "properties": {"node_id": 2792, "node_type": "type_change", "degree": 2, "link_types": "pseudo+sidewalk"}, "geometry": {"type": "Point", "coordinates": [329238.12, 4698226.44]}}, {"type": "Feature", "properties": {"node_id": 2793, "node_type": "type_change", "degree": 2, "link_types": "crosswalk+pseudo"}, "geometry": {"type": "Point", "coordinates": [329236.12, 4698225.64]}}, {"type": "Feature", "properties": {"node_id": 2794, "node_type": "type_change", "degree": 2, "link_types": "crosswalk+pseudo"}, "geometry": {"type": "Point", "coordinates": [329236.44, 4698245.56]}}, {"type": "Feature", "properties": {"node_id": 2795, "node_type": "type_change", "degree": 3, "link_types": "pseudo+sidewalk"}, "geometry": {"type": "Point", "coordinates": [329236.68, 4698245.88]}}, {"type": "Feature", "properties": {"node_id": 2796, "node_type": "type_change", "degree": 3, "link_types": "midblock+sidewalk"}, "geometry": {"type": "Point", "coordinates": [329804.12, 4698754.92]}}, {"type": "Feature", "properties": {"node_id": 2797, "node_type": "endpoint", "degree": 1, "link_types": "midblock"}, "geometry": {"type": "Point", "coordinates": [329801.8, 4698757.0]}}, {"type": "Feature", "properties": {"node_id": 2798, "node_type": "type_change", "degree": 3, "link_types": "midblock+sidewalk"}, "geometry": {"type": "Point", "coordinates": [329804.04, 4698754.92]}}, {"type": "Feature", "properties": {"node_id": 2799, "node_type": "junction", "degree": 3, "link_types": "midblock"}, "geometry": {"type": "Point", "coordinates": [328887.64, 4698575.16]}}, {"type": "Feature", "properties": {"node_id": 2800, "node_type": "endpoint", "degree": 1, "link_types": "midblock"}, "geometry": {"type": "Point", "coordinates": [328884.36, 4698578.04]}}, {"type": "Feature", "properties": {"node_id": 2801, "node_type": "endpoint", "degree": 1, "link_types": "midblock"}, "geometry": {"type": "Point", "coordinates": [328884.36, 4698575.72]}}, {"type": "Feature", "properties": {"node_id": 2802, "node_type": "type_change", "degree": 2, "link_types": "midblock+sidewalk"}, "geometry": {"type": "Point", "coordinates": [328887.28, 4698572.235]}}, {"type": "Feature", "properties": {"node_id": 2803, "node_type": "type_change", "degree": 2, "link_types": "midblock+sidewalk"}, "geometry": {"type": "Point", "coordinates": [328893.884, 4698550.943]}}, {"type": "Feature", "properties": {"node_id": 2804, "node_type": "type_change", "degree": 2, "link_types": "midblock+sidewalk"}, "geometry": {"type": "Point", "coordinates": [328902.597, 4698550.698]}}, {"type": "Feature", "properties": {"node_id": 2805, "node_type": "type_change", "degree": 2, "link_types": "midblock+sidewalk"}, "geometry": {"type": "Point", "coordinates": [328909.63, 4698550.499]}}, {"type": "Feature", "properties": {"node_id": 2806, "node_type": "type_change", "degree": 2, "link_types": "midblock+sidewalk"}, "geometry": {"type": "Point", "coordinates": [328912.108, 4698550.43]}}, {"type": "Feature", "properties": {"node_id": 2807, "node_type": "type_change", "degree": 2, "link_types": "midblock+sidewalk"}, "geometry": {"type": "Point", "coordinates": [328953.832, 4698549.254]}}, {"type": "Feature", "properties": {"node_id": 2808, "node_type": "type_change", "degree": 2, "link_types": "midblock+sidewalk"}, "geometry": {"type": "Point", "coordinates": [328958.068, 4698549.135]}}, {"type": "Feature", "properties": {"node_id": 2809, "node_type": "type_change", "degree": 3, "link_types": "pseudo+sidewalk"}, "geometry": {"type": "Point", "coordinates": [329063.96, 4698546.44]}}, {"type": "Feature", "properties": {"node_id": 2810, "node_type": "endpoint", "degree": 1, "link_types": "sidewalk"}, "geometry": {"type": "Point", "coordinates": [329431.16, 4699239.0]}}, {"type": "Feature", "properties": {"node_id": 2811, "node_type": "type_change", "degree": 2, "link_types": "crosswalk+pseudo"}, "geometry": {"type": "Point", "coordinates": [329583.64, 4699106.52]}}, {"type": "Feature", "properties": {"node_id": 2812, "node_type": "type_change", "degree": 2, "link_types": "crosswalk+pseudo"}, "geometry": {"type": "Point", "coordinates": [329595.8, 4699107.16]}}, {"type": "Feature", "properties": {"node_id": 2813, "node_type": "type_change", "degree": 3, "link_types": "pseudo+sidewalk"}, "geometry": {"type": "Point", "coordinates": [329596.28, 4699107.24]}}, {"type": "Feature", "properties": {"node_id": 2814, "node_type": "endpoint", "degree": 1, "link_types": "sidewalk"}, "geometry": {"type": "Point", "coordinates": [329817.88, 4699166.68]}}, {"type": "Feature", "properties": {"node_id": 2815, "node_type": "type_change", "degree": 3, "link_types": "pseudo+sidewalk"}, "geometry": {"type": "Point", "coordinates": [329814.6, 4699162.92]}}, {"type": "Feature", "properties": {"node_id": 2816, "node_type": "junction", "degree": 3, "link_types": "sidewalk"}, "geometry": {"type": "Point", "coordinates": [329522.76, 4699435.0]}}, {"type": "Feature", "properties": {"node_id": 2817, "node_type": "junction", "degree": 3, "link_types": "sidewalk"}, "geometry": {"type": "Point", "coordinates": [329523.24, 4699435.64]}}, {"type": "Feature", "properties": {"node_id": 2818, "node_type": "type_change", "degree": 3, "link_types": "pseudo+sidewalk"}, "geometry": {"type": "Point", "coordinates": [329522.76, 4699434.92]}}, {"type": "Feature", "properties": {"node_id": 2819, "node_type": "type_change", "degree": 3, "link_types": "pseudo+sidewalk"}, "geometry": {"type": "Point", "coordinates": [329522.84, 4699434.92]}}, {"type": "Feature", "properties": {"node_id": 2820, "node_type": "endpoint", "degree": 1, "link_types": "sidewalk"}, "geometry": {"type": "Point", "coordinates": [329175.8, 4699089.64]}}, {"type": "Feature", "properties": {"node_id": 2821, "node_type": "type_change", "degree": 2, "link_types": "midblock+sidewalk"}, "geometry": {"type": "Point", "coordinates": [329161.308, 4699072.887]}}, {"type": "Feature", "properties": {"node_id": 2822, "node_type": "type_change", "degree": 2, "link_types": "midblock+sidewalk"}, "geometry": {"type": "Point", "coordinates": [329155.31, 4699073.038]}}, {"type": "Feature", "properties": {"node_id": 2823, "node_type": "type_change", "degree": 2, "link_types": "midblock+sidewalk"}, "geometry": {"type": "Point", "coordinates": [329147.872, 4699073.225]}}, {"type": "Feature", "properties": {"node_id": 2824, "node_type": "type_change", "degree": 2, "link_types": "midblock+sidewalk"}, "geometry": {"type": "Point", "coordinates": [329133.317, 4699073.59]}}, {"type": "Feature", "properties": {"node_id": 2825, "node_type": "type_change", "degree": 2, "link_types": "midblock+sidewalk"}, "geometry": {"type": "Point", "coordinates": [329101.779, 4699074.906]}}, {"type": "Feature", "properties": {"node_id": 2826, "node_type": "endpoint", "degree": 1, "link_types": "midblock"}, "geometry": {"type": "Point", "coordinates": [329094.6, 4699075.64]}}, {"type": "Feature", "properties": {"node_id": 2827, "node_type": "junction", "degree": 3, "link_types": "pseudo"}, "geometry": {"type": "Point", "coordinates": [329884.28, 4698940.28]}}, {"type": "Feature", "properties": {"node_id": 2828, "node_type": "type_change", "degree": 3, "link_types": "pseudo+sidewalk"}, "geometry": {"type": "Point", "coordinates": [329884.2, 4698940.36]}}, {"type": "Feature", "properties": {"node_id": 2829, "node_type": "type_change", "degree": 3, "link_types": "pseudo+sidewalk"}, "geometry": {"type": "Point", "coordinates": [329884.28, 4698940.36]}}, {"type": "Feature", "properties": {"node_id": 2830, "node_type": "type_change", "degree": 2, "link_types": "crosswalk+pseudo"}, "geometry": {"type": "Point", "coordinates": [329884.28, 4698940.2]}}, {"type": "Feature", "properties": {"node_id": 2831, "node_type": "type_change", "degree": 2, "link_types": "crosswalk+pseudo"}, "geometry": {"type": "Point", "coordinates": [329886.44, 4698927.0]}}, {"type": "Feature", "properties": {"node_id": 2832, "node_type": "endpoint", "degree": 1, "link_types": "midblock"}, "geometry": {"type": "Point", "coordinates": [329720.6, 4698574.12]}}, {"type": "Feature", "properties": {"node_id": 2833, "node_type": "type_change", "degree": 2, "link_types": "midblock+sidewalk"}, "geometry": {"type": "Point", "coordinates": [329719.862, 4698583.429]}}, {"type": "Feature", "properties": {"node_id": 2834, "node_type": "type_change", "degree": 2, "link_types": "midblock+sidewalk"}, "geometry": {"type": "Point", "coordinates": [329719.92, 4698598.91]}}, {"type": "Feature", "properties": {"node_id": 2835, "node_type": "type_change", "degree": 2, "link_types": "midblock+sidewalk"}, "geometry": {"type": "Point", "coordinates": [329719.084, 4698605.389]}}, {"type": "Feature", "properties": {"node_id": 2836, "node_type": "endpoint", "degree": 1, "link_types": "sidewalk"}, "geometry": {"type": "Point", "coordinates": [329718.6, 4698627.56]}}, {"type": "Feature", "properties": {"node_id": 2837, "node_type": "endpoint", "degree": 1, "link_types": "crosswalk"}, "geometry": {"type": "Point", "coordinates": [328627.72, 4699119.64]}}, {"type": "Feature", "properties": {"node_id": 2838, "node_type": "endpoint", "degree": 1, "link_types": "crosswalk"}, "geometry": {"type": "Point", "coordinates": [328630.04, 4699123.64]}}, {"type": "Feature", "properties": {"node_id": 2839, "node_type": "junction", "degree": 3, "link_types": "sidewalk"}, "geometry": {"type": "Point", "coordinates": [329854.36, 4699343.4]}}, {"type": "Feature", "properties": {"node_id": 2840, "node_type": "type_change", "degree": 2, "link_types": "pseudo+sidewalk"}, "geometry": {"type": "Point", "coordinates": [329854.44, 4699343.48]}}, {"type": "Feature", "properties": {"node_id": 2841, "node_type": "type_change", "degree": 2, "link_types": "crosswalk+pseudo"}, "geometry": {"type": "Point", "coordinates": [329855.88, 4699345.16]}}, {"type": "Feature", "properties": {"node_id": 2842, "node_type": "endpoint", "degree": 1, "link_types": "crosswalk"}, "geometry": {"type": "Point", "coordinates": [329856.12, 4699358.68]}}, {"type": "Feature", "properties": {"node_id": 2843, "node_type": "endpoint", "degree": 1, "link_types": "sidewalk"}, "geometry": {"type": "Point", "coordinates": [329848.76, 4699344.44]}}, {"type": "Feature", "properties": {"node_id": 2844, "node_type": "endpoint", "degree": 1, "link_types": "sidewalk"}, "geometry": {"type": "Point", "coordinates": [329855.64, 4699328.92]}}, {"type": "Feature", "properties": {"node_id": 2845, "node_type": "junction", "degree": 3, "link_types": "pseudo"}, "geometry": {"type": "Point", "coordinates": [329705.96, 4698032.68]}}, {"type": "Feature", "properties": {"node_id": 2846, "node_type": "type_change", "degree": 3, "link_types": "pseudo+sidewalk"}, "geometry": {"type": "Point", "coordinates": [329705.88, 4698032.76]}}, {"type": "Feature", "properties": {"node_id": 2847, "node_type": "type_change", "degree": 2, "link_types": "crosswalk+pseudo"}, "geometry": {"type": "Point", "coordinates": [329706.2, 4698031.8]}}, {"type": "Feature", "properties": {"node_id": 2848, "node_type": "type_change", "degree": 2, "link_types": "crosswalk+pseudo"}, "geometry": {"type": "Point", "coordinates": [329711.88, 4698032.28]}}, {"type": "Feature", "properties": {"node_id": 2849, "node_type": "endpoint", "degree": 1, "link_types": "pseudo"}, "geometry": {"type": "Point", "coordinates": [329712.12, 4698031.48]}}, {"type": "Feature", "properties": {"node_id": 2850, "node_type": "type_change", "degree": 2, "link_types": "crosswalk+pseudo"}, "geometry": {"type": "Point", "coordinates": [329524.2, 4699434.2]}}, {"type": "Feature", "properties": {"node_id": 2851, "node_type": "type_change", "degree": 3, "link_types": "crosswalk+pseudo"}, "geometry": {"type": "Point", "coordinates": [329523.88, 4699424.52]}}, {"type": "Feature", "properties": {"node_id": 2852, "node_type": "junction", "degree": 3, "link_types": "pseudo"}, "geometry": {"type": "Point", "coordinates": [328937.72, 4698803.08]}}, {"type": "Feature", "properties": {"node_id": 2853, "node_type": "type_change", "degree": 3, "link_types": "pseudo+sidewalk"}, "geometry": {"type": "Point", "coordinates": [328937.8, 4698803.16]}}, {"type": "Feature", "properties": {"node_id": 2854, "node_type": "type_change", "degree": 2, "link_types": "crosswalk+pseudo"}, "geometry": {"type": "Point", "coordinates": [328937.32, 4698801.96]}}, {"type": "Feature", "properties": {"node_id": 2855, "node_type": "type_change", "degree": 2, "link_types": "crosswalk+pseudo"}, "geometry": {"type": "Point", "coordinates": [328936.12, 4698793.16]}}, {"type": "Feature", "properties": {"node_id": 2856, "node_type": "type_change", "degree": 3, "link_types": "pseudo+sidewalk"}, "geometry": {"type": "Point", "coordinates": [328936.12, 4698792.76]}}, {"type": "Feature", "properties": {"node_id": 2857, "node_type": "endpoint", "degree": 1, "link_types": "sidewalk"}, "geometry": {"type": "Point", "coordinates": [328856.44, 4698615.24]}}, {"type": "Feature", "properties": {"node_id": 2858, "node_type": "junction", "degree": 3, "link_types": "sidewalk"}, "geometry": {"type": "Point", "coordinates": [328860.84, 4698615.48]}}, {"type": "Feature", "properties": {"node_id": 2859, "node_type": "endpoint", "degree": 1, "link_types": "crosswalk"}, "geometry": {"type": "Point", "coordinates": [329899.0, 4699123.32]}}, {"type": "Feature", "properties": {"node_id": 2860, "node_type": "type_change", "degree": 2, "link_types": "crosswalk+pseudo"}, "geometry": {"type": "Point", "coordinates": [329913.64, 4699111.72]}}, {"type": "Feature", "properties": {"node_id": 2861, "node_type": "endpoint", "degree": 1, "link_types": "sidewalk"}, "geometry": {"type": "Point", "coordinates": [328857.96, 4698877.96]}}, {"type": "Feature", "properties": {"node_id": 2862, "node_type": "endpoint", "degree": 1, "link_types": "sidewalk"}, "geometry": {"type": "Point", "coordinates": [329154.68, 4698805.72]}}, {"type": "Feature", "properties": {"node_id": 2863, "node_type": "type_change", "degree": 2, "link_types": "midblock+sidewalk"}, "geometry": {"type": "Point", "coordinates": [329151.334, 4698774.316]}}, {"type": "Feature", "properties": {"node_id": 2864, "node_type": "type_change", "degree": 2, "link_types": "midblock+sidewalk"}, "geometry": {"type": "Point", "coordinates": [329150.809, 4698769.386]}}, {"type": "Feature", "properties": {"node_id": 2865, "node_type": "type_change", "degree": 2, "link_types": "midblock+sidewalk"}, "geometry": {"type": "Point", "coordinates": [329148.005, 4698743.07]}}, {"type": "Feature", "properties": {"node_id": 2866, "node_type": "type_change", "degree": 2, "link_types": "midblock+sidewalk"}, "geometry": {"type": "Point", "coordinates": [329147.59, 4698739.174]}}, {"type": "Feature", "properties": {"node_id": 2867, "node_type": "endpoint", "degree": 1, "link_types": "sidewalk"}, "geometry": {"type": "Point", "coordinates": [329145.48, 4698724.6]}}, {"type": "Feature", "properties": {"node_id": 2868, "node_type": "junction", "degree": 3, "link_types": "sidewalk"}, "geometry": {"type": "Point", "coordinates": [329000.2, 4699305.16]}}, {"type": "Feature", "properties": {"node_id": 2869, "node_type": "junction", "degree": 3, "link_types": "crosswalk"}, "geometry": {"type": "Point", "coordinates": [329735.96, 4698511.64]}}, {"type": "Feature", "properties": {"node_id": 2870, "node_type": "type_change", "degree": 2, "link_types": "crosswalk+pseudo"}, "geometry": {"type": "Point", "coordinates": [329726.04, 4698519.48]}}, {"type": "Feature", "properties": {"node_id": 2871, "node_type": "type_change", "degree": 2, "link_types": "pseudo+sidewalk"}, "geometry": {"type": "Point", "coordinates": [329723.0, 4698519.16]}}, {"type": "Feature", "properties": {"node_id": 2872, "node_type": "junction", "degree": 3, "link_types": "sidewalk"}, "geometry": {"type": "Point", "coordinates": [329723.4, 4698488.52]}}, {"type": "Feature", "properties": {"node_id": 2873, "node_type": "type_change", "degree": 3, "link_types": "crosswalk+sidewalk"}, "geometry": {"type": "Point", "coordinates": [329735.96, 4698511.56]}}, {"type": "Feature", "properties": {"node_id": 2874, "node_type": "endpoint", "degree": 1, "link_types": "midblock"}, "geometry": {"type": "Point", "coordinates": [329766.28, 4698993.96]}}, {"type": "Feature", "properties": {"node_id": 2875, "node_type": "type_change", "degree": 2, "link_types": "midblock+sidewalk"}, "geometry": {"type": "Point", "coordinates": [329765.582, 4698989.638]}}, {"type": "Feature", "properties": {"node_id": 2876, "node_type": "type_change", "degree": 2, "link_types": "pseudo+sidewalk"}, "geometry": {"type": "Point", "coordinates": [329756.6, 4698965.72]}}, {"type": "Feature", "properties": {"node_id": 2877, "node_type": "type_change", "degree": 2, "link_types": "crosswalk+pseudo"}, "geometry": {"type": "Point", "coordinates": [329755.64, 4698965.24]}}, {"type": "Feature", "properties": {"node_id": 2878, "node_type": "type_change", "degree": 2, "link_types": "crosswalk+pseudo"}, "geometry": {"type": "Point", "coordinates": [329745.08, 4698966.28]}}, {"type": "Feature", "properties": {"node_id": 2879, "node_type": "type_change", "degree": 2, "link_types": "pseudo+sidewalk"}, "geometry": {"type": "Point", "coordinates": [329743.96, 4698965.88]}}, {"type": "Feature", "properties": {"node_id": 2880, "node_type": "junction", "degree": 3, "link_types": "sidewalk"}, "geometry": {"type": "Point", "coordinates": [329723.32, 4698966.6]}}, {"type": "Feature", "properties": {"node_id": 2881, "node_type": "junction", "degree": 3, "link_types": "sidewalk"}, "geometry": {"type": "Point", "coordinates": [329596.36, 4699107.32]}}, {"type": "Feature", "properties": {"node_id": 2882, "node_type": "endpoint", "degree": 1, "link_types": "sidewalk"}, "geometry": {"type": "Point", "coordinates": [329593.0, 4699108.68]}}, {"type": "Feature", "properties": {"node_id": 2883, "node_type": "junction", "degree": 3, "link_types": "sidewalk"}, "geometry": {"type": "Point", "coordinates": [329596.36, 4699107.24]}}, {"type": "Feature", "properties": {"node_id": 2884, "node_type": "junction", "degree": 3, "link_types": "sidewalk"}, "geometry": {"type": "Point", "coordinates": [328701.64, 4699229.0]}}, {"type": "Feature", "properties": {"node_id": 2885, "node_type": "junction", "degree": 3, "link_types": "sidewalk"}, "geometry": {"type": "Point", "coordinates": [328701.56, 4699229.0]}}, {"type": "Feature", "properties": {"node_id": 2886, "node_type": "type_change", "degree": 2, "link_types": "midblock+sidewalk"}, "geometry": {"type": "Point", "coordinates": [328715.506, 4699234.267]}}, {"type": "Feature", "properties": {"node_id": 2887, "node_type": "type_change", "degree": 2, "link_types": "midblock+sidewalk"}, "geometry": {"type": "Point", "coordinates": [328724.062, 4699237.809]}}, {"type": "Feature", "properties": {"node_id": 2888, "node_type": "type_change", "degree": 2, "link_types": "midblock+sidewalk"}, "geometry": {"type": "Point", "coordinates": [328744.9, 4699248.385]}}, {"type": "Feature", "properties": {"node_id": 2889, "node_type": "type_change", "degree": 2, "link_types": "midblock+sidewalk"}, "geometry": {"type": "Point", "coordinates": [328751.441, 4699253.17]}}, {"type": "Feature", "properties": {"node_id": 2890, "node_type": "type_change", "degree": 2, "link_types": "midblock+sidewalk"}, "geometry": {"type": "Point", "coordinates": [328769.45, 4699266.222]}}, {"type": "Feature", "properties": {"node_id": 2891, "node_type": "endpoint", "degree": 1, "link_types": "midblock"}, "geometry": {"type": "Point", "coordinates": [328776.44, 4699269.48]}}, {"type": "Feature", "properties": {"node_id": 2892, "node_type": "type_change", "degree": 3, "link_types": "pseudo+sidewalk"}, "geometry": {"type": "Point", "coordinates": [328701.56, 4699228.92]}}, {"type": "Feature", "properties": {"node_id": 2893, "node_type": "endpoint", "degree": 1, "link_types": "sidewalk"}, "geometry": {"type": "Point", "coordinates": [329191.32, 4699277.32]}}, {"type": "Feature", "properties": {"node_id": 2894, "node_type": "type_change", "degree": 2, "link_types": "pseudo+sidewalk"}, "geometry": {"type": "Point", "coordinates": [329192.68, 4699267.4]}}, {"type": "Feature", "properties": {"node_id": 2895, "node_type": "type_change", "degree": 2, "link_types": "crosswalk+pseudo"}, "geometry": {"type": "Point", "coordinates": [329194.68, 4699267.0]}}, {"type": "Feature", "properties": {"node_id": 2896, "node_type": "type_change", "degree": 2, "link_types": "crosswalk+pseudo"}, "geometry": {"type": "Point", "coordinates": [329203.8, 4699261.96]}}, {"type": "Feature", "properties": {"node_id": 2897, "node_type": "junction", "degree": 3, "link_types": "pseudo"}, "geometry": {"type": "Point", "coordinates": [329204.84, 4699262.52]}}, {"type": "Feature", "properties": {"node_id": 2898, "node_type": "endpoint", "degree": 1, "link_types": "sidewalk"}, "geometry": {"type": "Point", "coordinates": [329728.6, 4698371.32]}}, {"type": "Feature", "properties": {"node_id": 2899, "node_type": "endpoint", "degree": 1, "link_types": "sidewalk"}, "geometry": {"type": "Point", "coordinates": [329717.0, 4698409.88]}}, {"type": "Feature", "properties": {"node_id": 2900, "node_type": "junction", "degree": 3, "link_types": "sidewalk"}, "geometry": {"type": "Point", "coordinates": [328511.64, 4698459.32]}}, {"type": "Feature", "properties": {"node_id": 2901, "node_type": "type_change", "degree": 2, "link_types": "pseudo+sidewalk"}, "geometry": {"type": "Point", "coordinates": [328511.56, 4698459.4]}}, {"type": "Feature", "properties": {"node_id": 2902, "node_type": "type_change", "degree": 2, "link_types": "crosswalk+pseudo"}, "geometry": {"type": "Point", "coordinates": [328510.92, 4698460.6]}}, {"type": "Feature", "properties": {"node_id": 2903, "node_type": "type_change", "degree": 2, "link_types": "crosswalk+pseudo"}, "geometry": {"type": "Point", "coordinates": [328511.48, 4698468.6]}}, {"type": "Feature", "properties": {"node_id": 2904, "node_type": "type_change", "degree": 2, "link_types": "midblock+sidewalk"}, "geometry": {"type": "Point", "coordinates": [328528.738, 4698459.083]}}, {"type": "Feature", "properties": {"node_id": 2905, "node_type": "type_change", "degree": 2, "link_types": "midblock+sidewalk"}, "geometry": {"type": "Point", "coordinates": [328531.695, 4698459.042]}}, {"type": "Feature", "properties": {"node_id": 2906, "node_type": "type_change", "degree": 2, "link_types": "midblock+sidewalk"}, "geometry": {"type": "Point", "coordinates": [328553.188, 4698458.744]}}, {"type": "Feature", "properties": {"node_id": 2907, "node_type": "type_change", "degree": 2, "link_types": "midblock+sidewalk"}, "geometry": {"type": "Point", "coordinates": [328558.782, 4698458.666]}}, {"type": "Feature", "properties": {"node_id": 2908, "node_type": "type_change", "degree": 2, "link_types": "midblock+sidewalk"}, "geometry": {"type": "Point", "coordinates": [328568.37, 4698458.534]}}, {"type": "Feature", "properties": {"node_id": 2909, "node_type": "type_change", "degree": 2, "link_types": "midblock+sidewalk"}, "geometry": {"type": "Point", "coordinates": [328569.328, 4698458.521]}}, {"type": "Feature", "properties": {"node_id": 2910, "node_type": "type_change", "degree": 2, "link_types": "midblock+sidewalk"}, "geometry": {"type": "Point", "coordinates": [328577.674, 4698458.083]}}, {"type": "Feature", "properties": {"node_id": 2911, "node_type": "type_change", "degree": 2, "link_types": "midblock+sidewalk"}, "geometry": {"type": "Point", "coordinates": [328578.686, 4698457.878]}}, {"type": "Feature", "properties": {"node_id": 2912, "node_type": "type_change", "degree": 2, "link_types": "midblock+sidewalk"}, "geometry": {"type": "Point", "coordinates": [328585.662, 4698457.647]}}, {"type": "Feature", "properties": {"node_id": 2913, "node_type": "type_change", "degree": 2, "link_types": "midblock+sidewalk"}, "geometry": {"type": "Point", "coordinates": [328590.674, 4698457.658]}}, {"type": "Feature", "properties": {"node_id": 2914, "node_type": "type_change", "degree": 2, "link_types": "midblock+sidewalk"}, "geometry": {"type": "Point", "coordinates": [328622.389, 4698456.562]}}, {"type": "Feature", "properties": {"node_id": 2915, "node_type": "type_change", "degree": 2, "link_types": "midblock+sidewalk"}, "geometry": {"type": "Point", "coordinates": [328624.146, 4698456.501]}}, {"type": "Feature", "properties": {"node_id": 2916, "node_type": "type_change", "degree": 2, "link_types": "midblock+sidewalk"}, "geometry": {"type": "Point", "coordinates": [328636.528, 4698456.072]}}, {"type": "Feature", "properties": {"node_id": 2917, "node_type": "type_change", "degree": 2, "link_types": "midblock+sidewalk"}, "geometry": {"type": "Point", "coordinates": [328639.803, 4698455.959]}}, {"type": "Feature", "properties": {"node_id": 2918, "node_type": "type_change", "degree": 2, "link_types": "midblock+sidewalk"}, "geometry": {"type": "Point", "coordinates": [328682.186, 4698454.834]}}, {"type": "Feature", "properties": {"node_id": 2919, "node_type": "type_change", "degree": 2, "link_types": "midblock+sidewalk"}, "geometry": {"type": "Point", "coordinates": [328686.892, 4698454.797]}}, {"type": "Feature", "properties": {"node_id": 2920, "node_type": "type_change", "degree": 2, "link_types": "midblock+sidewalk"}, "geometry": {"type": "Point", "coordinates": [328714.418, 4698453.952]}}, {"type": "Feature", "properties": {"node_id": 2921, "node_type": "type_change", "degree": 2, "link_types": "midblock+sidewalk"}, "geometry": {"type": "Point", "coordinates": [328722.61, 4698453.96]}}, {"type": "Feature", "properties": {"node_id": 2922, "node_type": "type_change", "degree": 3, "link_types": "pseudo+sidewalk"}, "geometry": {"type": "Point", "coordinates": [328511.4, 4698459.0]}}, {"type": "Feature", "properties": {"node_id": 2923, "node_type": "endpoint", "degree": 1, "link_types": "sidewalk"}, "geometry": {"type": "Point", "coordinates": [329592.76, 4698271.56]}}, {"type": "Feature", "properties": {"node_id": 2924, "node_type": "junction", "degree": 3, "link_types": "sidewalk"}, "geometry": {"type": "Point", "coordinates": [329598.12, 4698271.4]}}, {"type": "Feature", "properties": {"node_id": 2925, "node_type": "endpoint", "degree": 1, "link_types": "sidewalk"}, "geometry": {"type": "Point", "coordinates": [329629.32, 4698370.04]}}, {"type": "Feature", "properties": {"node_id": 2926, "node_type": "endpoint", "degree": 1, "link_types": "sidewalk"}, "geometry": {"type": "Point", "coordinates": [329625.4, 4698353.8]}}, {"type": "Feature", "properties": {"node_id": 2927, "node_type": "endpoint", "degree": 1, "link_types": "sidewalk"}, "geometry": {"type": "Point", "coordinates": [329249.96, 4698560.44]}}, {"type": "Feature", "properties": {"node_id": 2928, "node_type": "type_change", "degree": 2, "link_types": "midblock+sidewalk"}, "geometry": {"type": "Point", "coordinates": [329250.122, 4698551.17]}}, {"type": "Feature", "properties": {"node_id": 2929, "node_type": "type_change", "degree": 2, "link_types": "midblock+sidewalk"}, "geometry": {"type": "Point", "coordinates": [329252.351, 4698545.777]}}, {"type": "Feature", "properties": {"node_id": 2930, "node_type": "type_change", "degree": 2, "link_types": "midblock+sidewalk"}, "geometry": {"type": "Point", "coordinates": [329279.068, 4698544.658]}}, {"type": "Feature", "properties": {"node_id": 2931, "node_type": "type_change", "degree": 2, "link_types": "midblock+sidewalk"}, "geometry": {"type": "Point", "coordinates": [329292.642, 4698544.393]}}, {"type": "Feature", "properties": {"node_id": 2932, "node_type": "type_change", "degree": 2, "link_types": "midblock+sidewalk"}, "geometry": {"type": "Point", "coordinates": [329331.595, 4698543.092]}}, {"type": "Feature", "properties": {"node_id": 2933, "node_type": "type_change", "degree": 2, "link_types": "midblock+sidewalk"}, "geometry": {"type": "Point", "coordinates": [329351.427, 4698542.534]}}, {"type": "Feature", "properties": {"node_id": 2934, "node_type": "endpoint", "degree": 1, "link_types": "sidewalk"}, "geometry": {"type": "Point", "coordinates": [329368.28, 4698542.52]}}, {"type": "Feature", "properties": {"node_id": 2935, "node_type": "junction", "degree": 3, "link_types": "sidewalk"}, "geometry": {"type": "Point", "coordinates": [328978.2, 4699253.48]}}, {"type": "Feature", "properties": {"node_id": 2936, "node_type": "type_change", "degree": 3, "link_types": "pseudo+sidewalk"}, "geometry": {"type": "Point", "coordinates": [328978.2, 4699253.4]}}, {"type": "Feature", "properties": {"node_id": 2937, "node_type": "junction", "degree": 3, "link_types": "pseudo"}, "geometry": {"type": "Point", "coordinates": [328766.68, 4698449.48]}}, {"type": "Feature", "properties": {"node_id": 2938, "node_type": "type_change", "degree": 2, "link_types": "pseudo+sidewalk"}, "geometry": {"type": "Point", "coordinates": [328766.76, 4698449.56]}}, {"type": "Feature", "properties": {"node_id": 2939, "node_type": "type_change", "degree": 3, "link_types": "pseudo+sidewalk"}, "geometry": {"type": "Point", "coordinates": [328768.2, 4698452.68]}}, {"type": "Feature", "properties": {"node_id": 2940, "node_type": "type_change", "degree": 2, "link_types": "crosswalk+pseudo"}, "geometry": {"type": "Point", "coordinates": [328765.16, 4698449.48]}}, {"type": "Feature", "properties": {"node_id": 2941, "node_type": "type_change", "degree": 2, "link_types": "crosswalk+pseudo"}, "geometry": {"type": "Point", "coordinates": [328755.0, 4698449.4]}}, {"type": "Feature", "properties": {"node_id": 2942, "node_type": "type_change", "degree": 3, "link_types": "pseudo+sidewalk"}, "geometry": {"type": "Point", "coordinates": [328753.88, 4698449.24]}}, {"type": "Feature", "properties": {"node_id": 2943, "node_type": "type_change", "degree": 2, "link_types": "pseudo+sidewalk"}, "geometry": {"type": "Point", "coordinates": [328766.76, 4698449.4]}}, {"type": "Feature", "properties": {"node_id": 2944, "node_type": "type_change", "degree": 2, "link_types": "pseudo+sidewalk"}, "geometry": {"type": "Point", "coordinates": [329619.96, 4698900.2]}}, {"type": "Feature", "properties": {"node_id": 2945, "node_type": "type_change", "degree": 2, "link_types": "crosswalk+pseudo"}, "geometry": {"type": "Point", "coordinates": [329619.72, 4698900.68]}}, {"type": "Feature", "properties": {"node_id": 2946, "node_type": "type_change", "degree": 2, "link_types": "crosswalk+pseudo"}, "geometry": {"type": "Point", "coordinates": [329619.48, 4698908.84]}}, {"type": "Feature", "properties": {"node_id": 2947, "node_type": "endpoint", "degree": 1, "link_types": "sidewalk"}, "geometry": {"type": "Point", "coordinates": [328918.76, 4699155.4]}}, {"type": "Feature", "properties": {"node_id": 2948, "node_type": "type_change", "degree": 2, "link_types": "pseudo+sidewalk"}, "geometry": {"type": "Point", "coordinates": [328918.68, 4699155.48]}}, {"type": "Feature", "properties": {"node_id": 2949, "node_type": "type_change", "degree": 2, "link_types": "crosswalk+pseudo"}, "geometry": {"type": "Point", "coordinates": [328917.96, 4699156.2]}}, {"type": "Feature", "properties": {"node_id": 2950, "node_type": "type_change", "degree": 3, "link_types": "crosswalk+pseudo"}, "geometry": {"type": "Point", "coordinates": [328917.56, 4699151.08]}}, {"type": "Feature", "properties": {"node_id": 2951, "node_type": "endpoint", "degree": 1, "link_types": "sidewalk"}, "geometry": {"type": "Point", "coordinates": [329899.48, 4699021.96]}}, {"type": "Feature", "properties": {"node_id": 2952, "node_type": "junction", "degree": 3, "link_types": "pseudo"}, "geometry": {"type": "Point", "coordinates": [329943.4, 4698863.32]}}, {"type": "Feature", "properties": {"node_id": 2953, "node_type": "type_change", "degree": 3, "link_types": "pseudo+sidewalk"}, "geometry": {"type": "Point", "coordinates": [329943.4, 4698863.4]}}, {"type": "Feature", "properties": {"node_id": 2954, "node_type": "type_change", "degree": 2, "link_types": "crosswalk+pseudo"}, "geometry": {"type": "Point", "coordinates": [329943.48, 4698861.96]}}, {"type": "Feature", "properties": {"node_id": 2955, "node_type": "type_change", "degree": 2, "link_types": "crosswalk+pseudo"}, "geometry": {"type": "Point", "coordinates": [329946.6, 4698848.6]}}, {"type": "Feature", "properties": {"node_id": 2956, "node_type": "type_change", "degree": 3, "link_types": "pseudo+sidewalk"}, "geometry": {"type": "Point", "coordinates": [329947.24, 4698847.32]}}, {"type": "Feature", "properties": {"node_id": 2957, "node_type": "endpoint", "degree": 1, "link_types": "sidewalk"}, "geometry": {"type": "Point", "coordinates": [329644.76, 4699212.04]}}, {"type": "Feature", "properties": {"node_id": 2958, "node_type": "type_change", "degree": 2, "link_types": "midblock+sidewalk"}, "geometry": {"type": "Point", "coordinates": [329333.914, 4698966.586]}}, {"type": "Feature", "properties": {"node_id": 2959, "node_type": "type_change", "degree": 2, "link_types": "midblock+sidewalk"}, "geometry": {"type": "Point", "coordinates": [329332.935, 4698963.458]}}, {"type": "Feature", "properties": {"node_id": 2960, "node_type": "type_change", "degree": 2, "link_types": "midblock+sidewalk"}, "geometry": {"type": "Point", "coordinates": [329332.625, 4698962.466]}}, {"type": "Feature", "properties": {"node_id": 2961, "node_type": "type_change", "degree": 2, "link_types": "midblock+sidewalk"}, "geometry": {"type": "Point", "coordinates": [329332.243, 4698961.245]}}, {"type": "Feature", "properties": {"node_id": 2962, "node_type": "type_change", "degree": 2, "link_types": "midblock+sidewalk"}, "geometry": {"type": "Point", "coordinates": [329326.154, 4698941.786]}}, {"type": "Feature", "properties": {"node_id": 2963, "node_type": "type_change", "degree": 2, "link_types": "midblock+sidewalk"}, "geometry": {"type": "Point", "coordinates": [329323.838, 4698934.385]}}, {"type": "Feature", "properties": {"node_id": 2964, "node_type": "type_change", "degree": 2, "link_types": "midblock+sidewalk"}, "geometry": {"type": "Point", "coordinates": [329320.878, 4698924.922]}}, {"type": "Feature", "properties": {"node_id": 2965, "node_type": "type_change", "degree": 2, "link_types": "midblock+sidewalk"}, "geometry": {"type": "Point", "coordinates": [329317.559, 4698914.316]}}, {"type": "Feature", "properties": {"node_id": 2966, "node_type": "type_change", "degree": 2, "link_types": "midblock+sidewalk"}, "geometry": {"type": "Point", "coordinates": [329314.24, 4698903.709]}}, {"type": "Feature", "properties": {"node_id": 2967, "node_type": "type_change", "degree": 2, "link_types": "midblock+sidewalk"}, "geometry": {"type": "Point", "coordinates": [329311.112, 4698893.713]}}, {"type": "Feature", "properties": {"node_id": 2968, "node_type": "type_change", "degree": 3, "link_types": "pseudo+sidewalk"}, "geometry": {"type": "Point", "coordinates": [329301.0, 4698869.0]}}, {"type": "Feature", "properties": {"node_id": 2969, "node_type": "type_change", "degree": 2, "link_types": "midblock+sidewalk"}, "geometry": {"type": "Point", "coordinates": [329374.829, 4699149.666]}}, {"type": "Feature", "properties": {"node_id": 2970, "node_type": "type_change", "degree": 3, "link_types": "midblock+sidewalk"}, "geometry": {"type": "Point", "coordinates": [329375.88, 4699149.32]}}, {"type": "Feature", "properties": {"node_id": 2971, "node_type": "endpoint", "degree": 1, "link_types": "sidewalk"}, "geometry": {"type": "Point", "coordinates": [329710.76, 4699372.36]}}, {"type": "Feature", "properties": {"node_id": 2972, "node_type": "endpoint", "degree": 1, "link_types": "sidewalk"}, "geometry": {"type": "Point", "coordinates": [329720.52, 4699348.92]}}, {"type": "Feature", "properties": {"node_id": 2973, "node_type": "junction", "degree": 3, "link_types": "sidewalk"}, "geometry": {"type": "Point", "coordinates": [329815.16, 4699174.04]}}, {"type": "Feature", "properties": {"node_id": 2974, "node_type": "endpoint", "degree": 1, "link_types": "sidewalk"}, "geometry": {"type": "Point", "coordinates": [328730.28, 4698797.64]}}, {"type": "Feature", "properties": {"node_id": 2975, "node_type": "endpoint", "degree": 1, "link_types": "sidewalk"}, "geometry": {"type": "Point", "coordinates": [329641.72, 4699393.16]}}, {"type": "Feature", "properties": {"node_id": 2976, "node_type": "endpoint", "degree": 1, "link_types": "sidewalk"}, "geometry": {"type": "Point", "coordinates": [328643.0, 4698951.4]}}, {"type": "Feature", "properties": {"node_id": 2977, "node_type": "type_change", "degree": 2, "link_types": "midblock+sidewalk"}, "geometry": {"type": "Point", "coordinates": [328646.152, 4698947.805]}}, {"type": "Feature", "properties": {"node_id": 2978, "node_type": "type_change", "degree": 2, "link_types": "midblock+sidewalk"}, "geometry": {"type": "Point", "coordinates": [328647.255, 4698946.547]}}, {"type": "Feature", "properties": {"node_id": 2979, "node_type": "endpoint", "degree": 1, "link_types": "sidewalk"}, "geometry": {"type": "Point", "coordinates": [328655.24, 4698943.8]}}, {"type": "Feature", "properties": {"node_id": 2980, "node_type": "endpoint", "degree": 1, "link_types": "midblock"}, "geometry": {"type": "Point", "coordinates": [329164.2, 4698976.84]}}, {"type": "Feature", "properties": {"node_id": 2981, "node_type": "type_change", "degree": 2, "link_types": "midblock+sidewalk"}, "geometry": {"type": "Point", "coordinates": [329163.836, 4698974.474]}}, {"type": "Feature", "properties": {"node_id": 2982, "node_type": "junction", "degree": 3, "link_types": "sidewalk"}, "geometry": {"type": "Point", "coordinates": [329158.92, 4698938.6]}}, {"type": "Feature", "properties": {"node_id": 2983, "node_type": "endpoint", "degree": 1, "link_types": "sidewalk"}, "geometry": {"type": "Point", "coordinates": [329415.8, 4699165.56]}}, {"type": "Feature", "properties": {"node_id": 2984, "node_type": "junction", "degree": 3, "link_types": "sidewalk"}, "geometry": {"type": "Point", "coordinates": [328905.8, 4699345.64]}}, {"type": "Feature", "properties": {"node_id": 2985, "node_type": "type_change", "degree": 2, "link_types": "midblock+sidewalk"}, "geometry": {"type": "Point", "coordinates": [328901.83, 4699377.384]}}, {"type": "Feature", "properties": {"node_id": 2986, "node_type": "type_change", "degree": 2, "link_types": "midblock+sidewalk"}, "geometry": {"type": "Point", "coordinates": [328901.59, 4699379.691]}}, {"type": "Feature", "properties": {"node_id": 2987, "node_type": "type_change", "degree": 2, "link_types": "midblock+sidewalk"}, "geometry": {"type": "Point", "coordinates": [328899.99, 4699395.127]}}, {"type": "Feature", "properties": {"node_id": 2988, "node_type": "type_change", "degree": 2, "link_types": "midblock+sidewalk"}, "geometry": {"type": "Point", "coordinates": [328899.734, 4699397.594]}}, {"type": "Feature", "properties": {"node_id": 2989, "node_type": "type_change", "degree": 2, "link_types": "midblock+sidewalk"}, "geometry": {"type": "Point", "coordinates": [328898.116, 4699413.188]}}, {"type": "Feature", "properties": {"node_id": 2990, "node_type": "type_change", "degree": 2, "link_types": "midblock+sidewalk"}, "geometry": {"type": "Point", "coordinates": [328897.53, 4699418.838]}}, {"type": "Feature", "properties": {"node_id": 2991, "node_type": "type_change", "degree": 2, "link_types": "midblock+sidewalk"}, "geometry": {"type": "Point", "coordinates": [328894.55, 4699447.561]}}, {"type": "Feature", "properties": {"node_id": 2992, "node_type": "type_change", "degree": 2, "link_types": "midblock+sidewalk"}, "geometry": {"type": "Point", "coordinates": [328894.377, 4699449.231]}}, {"type": "Feature", "properties": {"node_id": 2993, "node_type": "type_change", "degree": 2, "link_types": "pseudo+sidewalk"}, "geometry": {"type": "Point", "coordinates": [328905.72, 4699345.56]}}, {"type": "Feature", "properties": {"node_id": 2994, "node_type": "type_change", "degree": 2, "link_types": "crosswalk+pseudo"}, "geometry": {"type": "Point", "coordinates": [328904.84, 4699344.68]}}, {"type": "Feature", "properties": {"node_id": 2995, "node_type": "type_change", "degree": 2, "link_types": "crosswalk+pseudo"}, "geometry": {"type": "Point", "coordinates": [328895.72, 4699342.44]}}, {"type": "Feature", "properties": {"node_id": 2996, "node_type": "junction", "degree": 3, "link_types": "sidewalk"}, "geometry": {"type": "Point", "coordinates": [328506.28, 4698283.56]}}, {"type": "Feature", "properties": {"node_id": 2997, "node_type": "type_change", "degree": 2, "link_types": "midblock+sidewalk"}, "geometry": {"type": "Point", "coordinates": [328506.96, 4698301.366]}}, {"type": "Feature", "properties": {"node_id": 2998, "node_type": "type_change", "degree": 2, "link_types": "midblock+sidewalk"}, "geometry": {"type": "Point", "coordinates": [328506.942, 4698306.61]}}, {"type": "Feature", "properties": {"node_id": 2999, "node_type": "type_change", "degree": 2, "link_types": "midblock+sidewalk"}, "geometry": {"type": "Point", "coordinates": [328506.998, 4698310.276]}}, {"type": "Feature", "properties": {"node_id": 3000, "node_type": "type_change", "degree": 2, "link_types": "midblock+sidewalk"}, "geometry": {"type": "Point", "coordinates": [328507.076, 4698312.831]}}, {"type": "Feature", "properties": {"node_id": 3001, "node_type": "type_change", "degree": 2, "link_types": "midblock+sidewalk"}, "geometry": {"type": "Point", "coordinates": [328507.442, 4698324.97]}}, {"type": "Feature", "properties": {"node_id": 3002, "node_type": "type_change", "degree": 2, "link_types": "midblock+sidewalk"}, "geometry": {"type": "Point", "coordinates": [328507.566, 4698329.042]}}, {"type": "Feature", "properties": {"node_id": 3003, "node_type": "type_change", "degree": 2, "link_types": "midblock+sidewalk"}, "geometry": {"type": "Point", "coordinates": [328528.302, 4698355.301]}}, {"type": "Feature", "properties": {"node_id": 3004, "node_type": "type_change", "degree": 2, "link_types": "midblock+sidewalk"}, "geometry": {"type": "Point", "coordinates": [328537.656, 4698355.138]}}, {"type": "Feature", "properties": {"node_id": 3005, "node_type": "type_change", "degree": 2, "link_types": "midblock+sidewalk"}, "geometry": {"type": "Point", "coordinates": [328562.5, 4698354.614]}}, {"type": "Feature", "properties": {"node_id": 3006, "node_type": "type_change", "degree": 2, "link_types": "midblock+sidewalk"}, "geometry": {"type": "Point", "coordinates": [328563.716, 4698354.302]}}, {"type": "Feature", "properties": {"node_id": 3007, "node_type": "type_change", "degree": 2, "link_types": "midblock+sidewalk"}, "geometry": {"type": "Point", "coordinates": [328572.974, 4698353.967]}}, {"type": "Feature", "properties": {"node_id": 3008, "node_type": "type_change", "degree": 2, "link_types": "midblock+sidewalk"}, "geometry": {"type": "Point", "coordinates": [328574.636, 4698353.769]}}, {"type": "Feature", "properties": {"node_id": 3009, "node_type": "type_change", "degree": 2, "link_types": "midblock+sidewalk"}, "geometry": {"type": "Point", "coordinates": [328586.109, 4698353.728]}}, {"type": "Feature", "properties": {"node_id": 3010, "node_type": "type_change", "degree": 2, "link_types": "midblock+sidewalk"}, "geometry": {"type": "Point", "coordinates": [328588.182, 4698353.701]}}, {"type": "Feature", "properties": {"node_id": 3011, "node_type": "type_change", "degree": 2, "link_types": "midblock+sidewalk"}, "geometry": {"type": "Point", "coordinates": [328595.996, 4698353.6]}}, {"type": "Feature", "properties": {"node_id": 3012, "node_type": "type_change", "degree": 2, "link_types": "midblock+sidewalk"}, "geometry": {"type": "Point", "coordinates": [328602.136, 4698353.52]}}, {"type": "Feature", "properties": {"node_id": 3013, "node_type": "type_change", "degree": 2, "link_types": "midblock+sidewalk"}, "geometry": {"type": "Point", "coordinates": [328608.354, 4698353.385]}}, {"type": "Feature", "properties": {"node_id": 3014, "node_type": "type_change", "degree": 2, "link_types": "midblock+sidewalk"}, "geometry": {"type": "Point", "coordinates": [328614.966, 4698353.06]}}, {"type": "Feature", "properties": {"node_id": 3015, "node_type": "type_change", "degree": 2, "link_types": "midblock+sidewalk"}, "geometry": {"type": "Point", "coordinates": [328635.177, 4698352.269]}}, {"type": "Feature", "properties": {"node_id": 3016, "node_type": "type_change", "degree": 2, "link_types": "midblock+sidewalk"}, "geometry": {"type": "Point", "coordinates": [328641.363, 4698352.279]}}, {"type": "Feature", "properties": {"node_id": 3017, "node_type": "type_change", "degree": 2, "link_types": "midblock+sidewalk"}, "geometry": {"type": "Point", "coordinates": [328663.866, 4698351.75]}}, {"type": "Feature", "properties": {"node_id": 3018, "node_type": "type_change", "degree": 2, "link_types": "midblock+sidewalk"}, "geometry": {"type": "Point", "coordinates": [328668.262, 4698351.634]}}, {"type": "Feature", "properties": {"node_id": 3019, "node_type": "type_change", "degree": 2, "link_types": "midblock+sidewalk"}, "geometry": {"type": "Point", "coordinates": [328709.825, 4698350.532]}}, {"type": "Feature", "properties": {"node_id": 3020, "node_type": "type_change", "degree": 2, "link_types": "midblock+sidewalk"}, "geometry": {"type": "Point", "coordinates": [328715.26, 4698350.388]}}, {"type": "Feature", "properties": {"node_id": 3021, "node_type": "type_change", "degree": 3, "link_types": "pseudo+sidewalk"}, "geometry": {"type": "Point", "coordinates": [328756.92, 4698348.2]}}, {"type": "Feature", "properties": {"node_id": 3022, "node_type": "type_change", "degree": 3, "link_types": "pseudo+sidewalk"}, "geometry": {"type": "Point", "coordinates": [328506.2, 4698283.48]}}, {"type": "Feature", "properties": {"node_id": 3023, "node_type": "type_change", "degree": 3, "link_types": "pseudo+sidewalk"}, "geometry": {"type": "Point", "coordinates": [328506.28, 4698283.48]}}, {"type": "Feature", "properties": {"node_id": 3024, "node_type": "endpoint", "degree": 1, "link_types": "sidewalk"}, "geometry": {"type": "Point", "coordinates": [328824.84, 4698057.08]}}, {"type": "Feature", "properties": {"node_id": 3025, "node_type": "type_change", "degree": 2, "link_types": "midblock+sidewalk"}, "geometry": {"type": "Point", "coordinates": [328821.813, 4698057.241]}}, {"type": "Feature", "properties": {"node_id": 3026, "node_type": "type_change", "degree": 2, "link_types": "midblock+sidewalk"}, "geometry": {"type": "Point", "coordinates": [328817.59, 4698057.465]}}, {"type": "Feature", "properties": {"node_id": 3027, "node_type": "type_change", "degree": 2, "link_types": "midblock+sidewalk"}, "geometry": {"type": "Point", "coordinates": [328753.934, 4698059.182]}}, {"type": "Feature", "properties": {"node_id": 3028, "node_type": "type_change", "degree": 2, "link_types": "midblock+sidewalk"}, "geometry": {"type": "Point", "coordinates": [328750.497, 4698059.254]}}, {"type": "Feature", "properties": {"node_id": 3029, "node_type": "type_change", "degree": 3, "link_types": "pseudo+sidewalk"}, "geometry": {"type": "Point", "coordinates": [328728.12, 4698059.72]}}, {"type": "Feature", "properties": {"node_id": 3030, "node_type": "junction", "degree": 3, "link_types": "pseudo"}, "geometry": {"type": "Point", "coordinates": [329388.6, 4699443.56]}}, {"type": "Feature", "properties": {"node_id": 3031, "node_type": "type_change", "degree": 3, "link_types": "crosswalk+pseudo"}, "geometry": {"type": "Point", "coordinates": [329388.52, 4699443.72]}}, {"type": "Feature", "properties": {"node_id": 3032, "node_type": "type_change", "degree": 4, "link_types": "crosswalk+pseudo"}, "geometry": {"type": "Point", "coordinates": [329388.52, 4699443.48]}}, {"type": "Feature", "properties": {"node_id": 3033, "node_type": "junction", "degree": 4, "link_types": "pseudo"}, "geometry": {"type": "Point", "coordinates": [329388.6, 4699443.48]}}, {"type": "Feature", "properties": {"node_id": 3034, "node_type": "endpoint", "degree": 1, "link_types": "sidewalk"}, "geometry": {"type": "Point", "coordinates": [329418.68, 4699266.68]}}, {"type": "Feature", "properties": {"node_id": 3035, "node_type": "type_change", "degree": 2, "link_types": "crosswalk+pseudo"}, "geometry": {"type": "Point", "coordinates": [329663.96, 4699285.16]}}, {"type": "Feature", "properties": {"node_id": 3036, "node_type": "type_change", "degree": 2, "link_types": "crosswalk+pseudo"}, "geometry": {"type": "Point", "coordinates": [329673.48, 4699284.52]}}, {"type": "Feature", "properties": {"node_id": 3037, "node_type": "type_change", "degree": 3, "link_types": "pseudo+sidewalk"}, "geometry": {"type": "Point", "coordinates": [329674.92, 4699285.24]}}, {"type": "Feature", "properties": {"node_id": 3038, "node_type": "endpoint", "degree": 1, "link_types": "sidewalk"}, "geometry": {"type": "Point", "coordinates": [329969.4, 4699328.76]}}, {"type": "Feature", "properties": {"node_id": 3039, "node_type": "endpoint", "degree": 1, "link_types": "crosswalk"}, "geometry": {"type": "Point", "coordinates": [328938.92, 4698887.64]}}, {"type": "Feature", "properties": {"node_id": 3040, "node_type": "junction", "degree": 3, "link_types": "crosswalk"}, "geometry": {"type": "Point", "coordinates": [328853.72, 4698705.24]}}, {"type": "Feature", "properties": {"node_id": 3041, "node_type": "type_change", "degree": 2, "link_types": "crosswalk+sidewalk"}, "geometry": {"type": "Point", "coordinates": [328853.64, 4698705.32]}}, {"type": "Feature", "properties": {"node_id": 3042, "node_type": "endpoint", "degree": 1, "link_types": "sidewalk"}, "geometry": {"type": "Point", "coordinates": [328854.44, 4698708.04]}}, {"type": "Feature", "properties": {"node_id": 3043, "node_type": "type_change", "degree": 2, "link_types": "crosswalk+pseudo"}, "geometry": {"type": "Point", "coordinates": [328867.24, 4698707.88]}}, {"type": "Feature", "properties": {"node_id": 3044, "node_type": "type_change", "degree": 2, "link_types": "crosswalk+sidewalk"}, "geometry": {"type": "Point", "coordinates": [328853.64, 4698705.16]}}, {"type": "Feature", "properties": {"node_id": 3045, "node_type": "junction", "degree": 3, "link_types": "sidewalk"}, "geometry": {"type": "Point", "coordinates": [328753.8, 4698449.16]}}, {"type": "Feature", "properties": {"node_id": 3046, "node_type": "type_change", "degree": 3, "link_types": "pseudo+sidewalk"}, "geometry": {"type": "Point", "coordinates": [328753.8, 4698449.24]}}, {"type": "Feature", "properties": {"node_id": 3047, "node_type": "type_change", "degree": 2, "link_types": "midblock+sidewalk"}, "geometry": {"type": "Point", "coordinates": [328760.418, 4698424.734]}}, {"type": "Feature", "properties": {"node_id": 3048, "node_type": "type_change", "degree": 2, "link_types": "midblock+sidewalk"}, "geometry": {"type": "Point", "coordinates": [328761.398, 4698421.113]}}, {"type": "Feature", "properties": {"node_id": 3049, "node_type": "type_change", "degree": 3, "link_types": "crosswalk+sidewalk"}, "geometry": {"type": "Point", "coordinates": [328758.84, 4698359.08]}}, {"type": "Feature", "properties": {"node_id": 3050, "node_type": "endpoint", "degree": 1, "link_types": "sidewalk"}, "geometry": {"type": "Point", "coordinates": [329179.96, 4699248.2]}}, {"type": "Feature", "properties": {"node_id": 3051, "node_type": "junction", "degree": 3, "link_types": "sidewalk"}, "geometry": {"type": "Point", "coordinates": [329179.4, 4699248.36]}}, {"type": "Feature", "properties": {"node_id": 3052, "node_type": "junction", "degree": 3, "link_types": "sidewalk"}, "geometry": {"type": "Point", "coordinates": [328889.32, 4699241.0]}}, {"type": "Feature", "properties": {"node_id": 3053, "node_type": "type_change", "degree": 2, "link_types": "pseudo+sidewalk"}, "geometry": {"type": "Point", "coordinates": [328889.24, 4699241.08]}}, {"type": "Feature", "properties": {"node_id": 3054, "node_type": "type_change", "degree": 2, "link_types": "crosswalk+pseudo"}, "geometry": {"type": "Point", "coordinates": [328888.04, 4699242.76]}}, {"type": "Feature", "properties": {"node_id": 3055, "node_type": "type_change", "degree": 2, "link_types": "crosswalk+pseudo"}, "geometry": {"type": "Point", "coordinates": [328895.0, 4699243.56]}}, {"type": "Feature", "properties": {"node_id": 3056, "node_type": "type_change", "degree": 2, "link_types": "midblock+sidewalk"}, "geometry": {"type": "Point", "coordinates": [328860.838, 4699237.136]}}, {"type": "Feature", "properties": {"node_id": 3057, "node_type": "type_change", "degree": 2, "link_types": "midblock+sidewalk"}, "geometry": {"type": "Point", "coordinates": [328855.952, 4699236.397]}}, {"type": "Feature", "properties": {"node_id": 3058, "node_type": "type_change", "degree": 2, "link_types": "midblock+sidewalk"}, "geometry": {"type": "Point", "coordinates": [328838.999, 4699234.165]}}, {"type": "Feature", "properties": {"node_id": 3059, "node_type": "type_change", "degree": 2, "link_types": "midblock+sidewalk"}, "geometry": {"type": "Point", "coordinates": [328834.961, 4699233.645]}}, {"type": "Feature", "properties": {"node_id": 3060, "node_type": "type_change", "degree": 2, "link_types": "midblock+sidewalk"}, "geometry": {"type": "Point", "coordinates": [328832.031, 4699233.267]}}, {"type": "Feature", "properties": {"node_id": 3061, "node_type": "type_change", "degree": 2, "link_types": "midblock+sidewalk"}, "geometry": {"type": "Point", "coordinates": [328824.114, 4699232.248]}}, {"type": "Feature", "properties": {"node_id": 3062, "node_type": "junction", "degree": 3, "link_types": "pseudo"}, "geometry": {"type": "Point", "coordinates": [328670.52, 4698878.92]}}, {"type": "Feature", "properties": {"node_id": 3063, "node_type": "type_change", "degree": 2, "link_types": "crosswalk+pseudo"}, "geometry": {"type": "Point", "coordinates": [328670.52, 4698880.36]}}, {"type": "Feature", "properties": {"node_id": 3064, "node_type": "type_change", "degree": 2, "link_types": "crosswalk+pseudo"}, "geometry": {"type": "Point", "coordinates": [328668.6, 4698890.04]}}, {"type": "Feature", "properties": {"node_id": 3065, "node_type": "type_change", "degree": 2, "link_types": "pseudo+sidewalk"}, "geometry": {"type": "Point", "coordinates": [328670.44, 4698878.84]}}, {"type": "Feature", "properties": {"node_id": 3066, "node_type": "type_change", "degree": 2, "link_types": "midblock+sidewalk"}, "geometry": {"type": "Point", "coordinates": [328659.77, 4698876.805]}}, {"type": "Feature", "properties": {"node_id": 3067, "node_type": "type_change", "degree": 2, "link_types": "midblock+sidewalk"}, "geometry": {"type": "Point", "coordinates": [328657.217, 4698876.177]}}, {"type": "Feature", "properties": {"node_id": 3068, "node_type": "endpoint", "degree": 1, "link_types": "sidewalk"}, "geometry": {"type": "Point", "coordinates": [328626.04, 4698870.36]}}, {"type": "Feature", "properties": {"node_id": 3069, "node_type": "type_change", "degree": 2, "link_types": "pseudo+sidewalk"}, "geometry": {"type": "Point", "coordinates": [328670.6, 4698878.84]}}, {"type": "Feature", "properties": {"node_id": 3070, "node_type": "type_change", "degree": 2, "link_types": "crosswalk+pseudo"}, "geometry": {"type": "Point", "coordinates": [328674.84, 4698878.04]}}, {"type": "Feature", "properties": {"node_id": 3071, "node_type": "type_change", "degree": 2, "link_types": "crosswalk+pseudo"}, "geometry": {"type": "Point", "coordinates": [328688.36, 4698878.04]}}, {"type": "Feature", "properties": {"node_id": 3072, "node_type": "endpoint", "degree": 1, "link_types": "crosswalk"}, "geometry": {"type": "Point", "coordinates": [329130.04, 4698691.4]}}, {"type": "Feature", "properties": {"node_id": 3073, "node_type": "type_change", "degree": 2, "link_types": "crosswalk+pseudo"}, "geometry": {"type": "Point", "coordinates": [329129.96, 4698691.4]}}, {"type": "Feature", "properties": {"node_id": 3074, "node_type": "endpoint", "degree": 1, "link_types": "crosswalk"}, "geometry": {"type": "Point", "coordinates": [328829.4, 4699320.36]}}, {"type": "Feature", "properties": {"node_id": 3075, "node_type": "type_change", "degree": 3, "link_types": "crosswalk+pseudo"}, "geometry": {"type": "Point", "coordinates": [328829.48, 4699320.44]}}, {"type": "Feature", "properties": {"node_id": 3076, "node_type": "type_change", "degree": 2, "link_types": "pseudo+sidewalk"}, "geometry": {"type": "Point", "coordinates": [328851.08, 4698701.56]}}, {"type": "Feature", "properties": {"node_id": 3077, "node_type": "type_change", "degree": 2, "link_types": "midblock+sidewalk"}, "geometry": {"type": "Point", "coordinates": [328838.654, 4698701.982]}}, {"type": "Feature", "properties": {"node_id": 3078, "node_type": "type_change", "degree": 2, "link_types": "midblock+sidewalk"}, "geometry": {"type": "Point", "coordinates": [328834.05, 4698702.408]}}, {"type": "Feature", "properties": {"node_id": 3079, "node_type": "type_change", "degree": 2, "link_types": "midblock+sidewalk"}, "geometry": {"type": "Point", "coordinates": [328789.898, 4698703.983]}}, {"type": "Feature", "properties": {"node_id": 3080, "node_type": "type_change", "degree": 2, "link_types": "midblock+sidewalk"}, "geometry": {"type": "Point", "coordinates": [328779.21, 4698704.092]}}, {"type": "Feature", "properties": {"node_id": 3081, "node_type": "type_change", "degree": 2, "link_types": "midblock+sidewalk"}, "geometry": {"type": "Point", "coordinates": [328744.608, 4698705.459]}}, {"type": "Feature", "properties": {"node_id": 3082, "node_type": "type_change", "degree": 2, "link_types": "midblock+sidewalk"}, "geometry": {"type": "Point", "coordinates": [328741.105, 4698705.41]}}, {"type": "Feature", "properties": {"node_id": 3083, "node_type": "junction", "degree": 3, "link_types": "pseudo"}, "geometry": {"type": "Point", "coordinates": [329403.16, 4699105.16]}}, {"type": "Feature", "properties": {"node_id": 3084, "node_type": "type_change", "degree": 2, "link_types": "crosswalk+pseudo"}, "geometry": {"type": "Point", "coordinates": [329403.16, 4699106.68]}}, {"type": "Feature", "properties": {"node_id": 3085, "node_type": "type_change", "degree": 2, "link_types": "crosswalk+pseudo"}, "geometry": {"type": "Point", "coordinates": [329406.76, 4699117.72]}}, {"type": "Feature", "properties": {"node_id": 3086, "node_type": "type_change", "degree": 2, "link_types": "pseudo+sidewalk"}, "geometry": {"type": "Point", "coordinates": [329403.08, 4699105.08]}}, {"type": "Feature", "properties": {"node_id": 3087, "node_type": "type_change", "degree": 2, "link_types": "pseudo+sidewalk"}, "geometry": {"type": "Point", "coordinates": [329403.24, 4699105.08]}}, {"type": "Feature", "properties": {"node_id": 3088, "node_type": "endpoint", "degree": 1, "link_types": "sidewalk"}, "geometry": {"type": "Point", "coordinates": [329417.56, 4699102.76]}}, {"type": "Feature", "properties": {"node_id": 3089, "node_type": "endpoint", "degree": 1, "link_types": "sidewalk"}, "geometry": {"type": "Point", "coordinates": [329728.36, 4699315.72]}}, {"type": "Feature", "properties": {"node_id": 3090, "node_type": "endpoint", "degree": 1, "link_types": "sidewalk"}, "geometry": {"type": "Point", "coordinates": [329062.44, 4698533.72]}}, {"type": "Feature", "properties": {"node_id": 3091, "node_type": "type_change", "degree": 3, "link_types": "pseudo+sidewalk"}, "geometry": {"type": "Point", "coordinates": [329061.88, 4698534.84]}}, {"type": "Feature", "properties": {"node_id": 3092, "node_type": "endpoint", "degree": 1, "link_types": "sidewalk"}, "geometry": {"type": "Point", "coordinates": [329190.52, 4699301.8]}}, {"type": "Feature", "properties": {"node_id": 3093, "node_type": "endpoint", "degree": 1, "link_types": "sidewalk"}, "geometry": {"type": "Point", "coordinates": [329850.52, 4698932.36]}}, {"type": "Feature", "properties": {"node_id": 3094, "node_type": "type_change", "degree": 2, "link_types": "midblock+sidewalk"}, "geometry": {"type": "Point", "coordinates": [329857.615, 4698933.747]}}, {"type": "Feature", "properties": {"node_id": 3095, "node_type": "type_change", "degree": 2, "link_types": "midblock+sidewalk"}, "geometry": {"type": "Point", "coordinates": [329864.153, 4698935.708]}}, {"type": "Feature", "properties": {"node_id": 3096, "node_type": "endpoint", "degree": 1, "link_types": "sidewalk"}, "geometry": {"type": "Point", "coordinates": [329998.6, 4698046.12]}}, {"type": "Feature", "properties": {"node_id": 3097, "node_type": "type_change", "degree": 2, "link_types": "midblock+sidewalk"}, "geometry": {"type": "Point", "coordinates": [329986.338, 4698045.219]}}, {"type": "Feature", "properties": {"node_id": 3098, "node_type": "type_change", "degree": 2, "link_types": "midblock+sidewalk"}, "geometry": {"type": "Point", "coordinates": [329981.402, 4698044.87]}}, {"type": "Feature", "properties": {"node_id": 3099, "node_type": "type_change", "degree": 2, "link_types": "midblock+sidewalk"}, "geometry": {"type": "Point", "coordinates": [329963.306, 4698044.139]}}, {"type": "Feature", "properties": {"node_id": 3100, "node_type": "type_change", "degree": 2, "link_types": "midblock+sidewalk"}, "geometry": {"type": "Point", "coordinates": [329959.957, 4698044.004]}}, {"type": "Feature", "properties": {"node_id": 3101, "node_type": "type_change", "degree": 2, "link_types": "midblock+sidewalk"}, "geometry": {"type": "Point", "coordinates": [329921.552, 4698042.757]}}, {"type": "Feature", "properties": {"node_id": 3102, "node_type": "type_change", "degree": 2, "link_types": "midblock+sidewalk"}, "geometry": {"type": "Point", "coordinates": [329915.665, 4698042.653]}}, {"type": "Feature", "properties": {"node_id": 3103, "node_type": "junction", "degree": 3, "link_types": "sidewalk"}, "geometry": {"type": "Point", "coordinates": [329895.56, 4698041.88]}}, {"type": "Feature", "properties": {"node_id": 3104, "node_type": "type_change", "degree": 2, "link_types": "pseudo+sidewalk"}, "geometry": {"type": "Point", "coordinates": [329995.88, 4698146.52]}}, {"type": "Feature", "properties": {"node_id": 3105, "node_type": "endpoint", "degree": 1, "link_types": "sidewalk"}, "geometry": {"type": "Point", "coordinates": [329999.64, 4698147.8]}}, {"type": "Feature", "properties": {"node_id": 3106, "node_type": "type_change", "degree": 2, "link_types": "crosswalk+pseudo"}, "geometry": {"type": "Point", "coordinates": [329256.52, 4698706.36]}}, {"type": "Feature", "properties": {"node_id": 3107, "node_type": "type_change", "degree": 3, "link_types": "crosswalk+pseudo"}, "geometry": {"type": "Point", "coordinates": [329256.6, 4698706.28]}}, {"type": "Feature", "properties": {"node_id": 3108, "node_type": "endpoint", "degree": 1, "link_types": "sidewalk"}, "geometry": {"type": "Point", "coordinates": [328827.64, 4698959.16]}}, {"type": "Feature", "properties": {"node_id": 3109, "node_type": "type_change", "degree": 3, "link_types": "crosswalk+sidewalk"}, "geometry": {"type": "Point", "coordinates": [328925.0, 4698791.32]}}, {"type": "Feature", "properties": {"node_id": 3110, "node_type": "type_change", "degree": 3, "link_types": "midblock+sidewalk"}, "geometry": {"type": "Point", "coordinates": [329903.96, 4698888.36]}}, {"type": "Feature", "properties": {"node_id": 3111, "node_type": "type_change", "degree": 2, "link_types": "midblock+sidewalk"}, "geometry": {"type": "Point", "coordinates": [329904.798, 4698892.21]}}, {"type": "Feature", "properties": {"node_id": 3112, "node_type": "endpoint", "degree": 1, "link_types": "sidewalk"}, "geometry": {"type": "Point", "coordinates": [329904.84, 4698893.72]}}, {"type": "Feature", "properties": {"node_id": 3113, "node_type": "junction", "degree": 3, "link_types": "sidewalk"}, "geometry": {"type": "Point", "coordinates": [329903.96, 4698888.28]}}, {"type": "Feature", "properties": {"node_id": 3114, "node_type": "endpoint", "degree": 1, "link_types": "sidewalk"}, "geometry": {"type": "Point", "coordinates": [329216.68, 4699356.92]}}, {"type": "Feature", "properties": {"node_id": 3115, "node_type": "type_change", "degree": 2, "link_types": "midblock+sidewalk"}, "geometry": {"type": "Point", "coordinates": [329216.933, 4699354.376]}}, {"type": "Feature", "properties": {"node_id": 3116, "node_type": "type_change", "degree": 2, "link_types": "midblock+sidewalk"}, "geometry": {"type": "Point", "coordinates": [329217.272, 4699350.958]}}, {"type": "Feature", "properties": {"node_id": 3117, "node_type": "type_change", "degree": 2, "link_types": "midblock+sidewalk"}, "geometry": {"type": "Point", "coordinates": [329218.82, 4699335.378]}}, {"type": "Feature", "properties": {"node_id": 3118, "node_type": "type_change", "degree": 2, "link_types": "midblock+sidewalk"}, "geometry": {"type": "Point", "coordinates": [329219.238, 4699331.164]}}, {"type": "Feature", "properties": {"node_id": 3119, "node_type": "type_change", "degree": 2, "link_types": "midblock+sidewalk"}, "geometry": {"type": "Point", "coordinates": [329220.478, 4699318.684]}}, {"type": "Feature", "properties": {"node_id": 3120, "node_type": "type_change", "degree": 2, "link_types": "midblock+sidewalk"}, "geometry": {"type": "Point", "coordinates": [329221.615, 4699307.237]}}, {"type": "Feature", "properties": {"node_id": 3121, "node_type": "type_change", "degree": 3, "link_types": "pseudo+sidewalk"}, "geometry": {"type": "Point", "coordinates": [328860.84, 4698615.56]}}, {"type": "Feature", "properties": {"node_id": 3122, "node_type": "junction", "degree": 3, "link_types": "sidewalk"}, "geometry": {"type": "Point", "coordinates": [328860.92, 4698615.48]}}, {"type": "Feature", "properties": {"node_id": 3123, "node_type": "endpoint", "degree": 1, "link_types": "sidewalk"}, "geometry": {"type": "Point", "coordinates": [328888.28, 4699080.76]}}, {"type": "Feature", "properties": {"node_id": 3124, "node_type": "type_change", "degree": 2, "link_types": "midblock+sidewalk"}, "geometry": {"type": "Point", "coordinates": [328836.945, 4699067.082]}}, {"type": "Feature", "properties": {"node_id": 3125, "node_type": "type_change", "degree": 2, "link_types": "midblock+sidewalk"}, "geometry": {"type": "Point", "coordinates": [328832.836, 4699066.057]}}, {"type": "Feature", "properties": {"node_id": 3126, "node_type": "endpoint", "degree": 1, "link_types": "sidewalk"}, "geometry": {"type": "Point", "coordinates": [328830.2, 4699065.4]}}, {"type": "Feature", "properties": {"node_id": 3127, "node_type": "endpoint", "degree": 1, "link_types": "sidewalk"}, "geometry": {"type": "Point", "coordinates": [328777.0, 4699452.28]}}, {"type": "Feature", "properties": {"node_id": 3128, "node_type": "endpoint", "degree": 1, "link_types": "sidewalk"}, "geometry": {"type": "Point", "coordinates": [329645.32, 4699285.48]}}, {"type": "Feature", "properties": {"node_id": 3129, "node_type": "endpoint", "degree": 1, "link_types": "sidewalk"}, "geometry": {"type": "Point", "coordinates": [329583.56, 4699291.32]}}, {"type": "Feature", "properties": {"node_id": 3130, "node_type": "endpoint", "degree": 1, "link_types": "sidewalk"}, "geometry": {"type": "Point", "coordinates": [328979.56, 4698687.08]}}, {"type": "Feature", "properties": {"node_id": 3131, "node_type": "type_change", "degree": 2, "link_types": "midblock+sidewalk"}, "geometry": {"type": "Point", "coordinates": [329029.758, 4698687.097]}}, {"type": "Feature", "properties": {"node_id": 3132, "node_type": "type_change", "degree": 2, "link_types": "midblock+sidewalk"}, "geometry": {"type": "Point", "coordinates": [329032.716, 4698687.01]}}, {"type": "Feature", "properties": {"node_id": 3133, "node_type": "endpoint", "degree": 1, "link_types": "sidewalk"}, "geometry": {"type": "Point", "coordinates": [329089.48, 4698686.28]}}, {"type": "Feature", "properties": {"node_id": 3134, "node_type": "endpoint", "degree": 1, "link_types": "sidewalk"}, "geometry": {"type": "Point", "coordinates": [329969.64, 4698875.4]}}, {"type": "Feature", "properties": {"node_id": 3135, "node_type": "type_change", "degree": 2, "link_types": "midblock+sidewalk"}, "geometry": {"type": "Point", "coordinates": [329966.841, 4698874.032]}}, {"type": "Feature", "properties": {"node_id": 3136, "node_type": "type_change", "degree": 2, "link_types": "midblock+sidewalk"}, "geometry": {"type": "Point", "coordinates": [329957.152, 4698869.297]}}, {"type": "Feature", "properties": {"node_id": 3137, "node_type": "type_change", "degree": 2, "link_types": "midblock+sidewalk"}, "geometry": {"type": "Point", "coordinates": [329953.85, 4698867.683]}}, {"type": "Feature", "properties": {"node_id": 3138, "node_type": "type_change", "degree": 2, "link_types": "midblock+sidewalk"}, "geometry": {"type": "Point", "coordinates": [329947.615, 4698865.065]}}, {"type": "Feature", "properties": {"node_id": 3139, "node_type": "endpoint", "degree": 1, "link_types": "sidewalk"}, "geometry": {"type": "Point", "coordinates": [329702.6, 4699208.68]}}, {"type": "Feature", "properties": {"node_id": 3140, "node_type": "endpoint", "degree": 1, "link_types": "sidewalk"}, "geometry": {"type": "Point", "coordinates": [329769.72, 4699195.4]}}, {"type": "Feature", "properties": {"node_id": 3141, "node_type": "type_change", "degree": 2, "link_types": "crosswalk+pseudo"}, "geometry": {"type": "Point", "coordinates": [329267.08, 4698669.24]}}, {"type": "Feature", "properties": {"node_id": 3142, "node_type": "type_change", "degree": 3, "link_types": "crosswalk+pseudo"}, "geometry": {"type": "Point", "coordinates": [329249.16, 4698672.28]}}, {"type": "Feature", "properties": {"node_id": 3143, "node_type": "endpoint", "degree": 1, "link_types": "sidewalk"}, "geometry": {"type": "Point", "coordinates": [328866.28, 4698134.52]}}, {"type": "Feature", "properties": {"node_id": 3144, "node_type": "type_change", "degree": 2, "link_types": "pseudo+sidewalk"}, "geometry": {"type": "Point", "coordinates": [328875.8, 4698133.88]}}, {"type": "Feature", "properties": {"node_id": 3145, "node_type": "endpoint", "degree": 1, "link_types": "sidewalk"}, "geometry": {"type": "Point", "coordinates": [329517.88, 4699092.68]}}, {"type": "Feature", "properties": {"node_id": 3146, "node_type": "junction", "degree": 3, "link_types": "sidewalk"}, "geometry": {"type": "Point", "coordinates": [329958.92, 4699264.92]}}, {"type": "Feature", "properties": {"node_id": 3147, "node_type": "type_change", "degree": 3, "link_types": "pseudo+sidewalk"}, "geometry": {"type": "Point", "coordinates": [328980.44, 4699477.72]}}, {"type": "Feature", "properties": {"node_id": 3148, "node_type": "type_change", "degree": 2, "link_types": "pseudo+sidewalk"}, "geometry": {"type": "Point", "coordinates": [329297.32, 4699163.56]}}, {"type": "Feature", "properties": {"node_id": 3149, "node_type": "type_change", "degree": 2, "link_types": "crosswalk+pseudo"}, "geometry": {"type": "Point", "coordinates": [329297.96, 4699164.6]}}, {"type": "Feature", "properties": {"node_id": 3150, "node_type": "type_change", "degree": 2, "link_types": "crosswalk+pseudo"}, "geometry": {"type": "Point", "coordinates": [329303.96, 4699172.12]}}, {"type": "Feature", "properties": {"node_id": 3151, "node_type": "type_change", "degree": 2, "link_types": "crosswalk+sidewalk"}, "geometry": {"type": "Point", "coordinates": [329293.64, 4699165.64]}}, {"type": "Feature", "properties": {"node_id": 3152, "node_type": "type_change", "degree": 2, "link_types": "crosswalk+pseudo"}, "geometry": {"type": "Point", "coordinates": [329138.76, 4698685.24]}}, {"type": "Feature", "properties": {"node_id": 3153, "node_type": "type_change", "degree": 2, "link_types": "crosswalk+pseudo"}, "geometry": {"type": "Point", "coordinates": [329140.28, 4698693.48]}}, {"type": "Feature", "properties": {"node_id": 3154, "node_type": "type_change", "degree": 3, "link_types": "pseudo+sidewalk"}, "geometry": {"type": "Point", "coordinates": [329140.84, 4698694.52]}}, {"type": "Feature", "properties": {"node_id": 3155, "node_type": "type_change", "degree": 2, "link_types": "pseudo+sidewalk"}, "geometry": {"type": "Point", "coordinates": [329138.68, 4698684.04]}}, {"type": "Feature", "properties": {"node_id": 3156, "node_type": "junction", "degree": 3, "link_types": "sidewalk"}, "geometry": {"type": "Point", "coordinates": [329133.48, 4698684.44]}}, {"type": "Feature", "properties": {"node_id": 3157, "node_type": "junction", "degree": 3, "link_types": "pseudo"}, "geometry": {"type": "Point", "coordinates": [329353.96, 4699025.32]}}, {"type": "Feature", "properties": {"node_id": 3158, "node_type": "type_change", "degree": 2, "link_types": "crosswalk+pseudo"}, "geometry": {"type": "Point", "coordinates": [329353.88, 4699025.4]}}, {"type": "Feature", "properties": {"node_id": 3159, "node_type": "type_change", "degree": 2, "link_types": "crosswalk+pseudo"}, "geometry": {"type": "Point", "coordinates": [329353.64, 4699028.68]}}, {"type": "Feature", "properties": {"node_id": 3160, "node_type": "type_change", "degree": 3, "link_types": "pseudo+sidewalk"}, "geometry": {"type": "Point", "coordinates": [329354.68, 4699028.68]}}, {"type": "Feature", "properties": {"node_id": 3161, "node_type": "type_change", "degree": 2, "link_types": "pseudo+sidewalk"}, "geometry": {"type": "Point", "coordinates": [329354.52, 4699026.84]}}, {"type": "Feature", "properties": {"node_id": 3162, "node_type": "type_change", "degree": 2, "link_types": "crosswalk+pseudo"}, "geometry": {"type": "Point", "coordinates": [329353.88, 4699025.08]}}, {"type": "Feature", "properties": {"node_id": 3163, "node_type": "endpoint", "degree": 1, "link_types": "crosswalk"}, "geometry": {"type": "Point", "coordinates": [329353.88, 4699025.0]}}, {"type": "Feature", "properties": {"node_id": 3164, "node_type": "junction", "degree": 3, "link_types": "sidewalk"}, "geometry": {"type": "Point", "coordinates": [328703.16, 4698635.24]}}, {"type": "Feature", "properties": {"node_id": 3165, "node_type": "type_change", "degree": 2, "link_types": "midblock+sidewalk"}, "geometry": {"type": "Point", "coordinates": [328698.869, 4698650.606]}}, {"type": "Feature", "properties": {"node_id": 3166, "node_type": "type_change", "degree": 2, "link_types": "midblock+sidewalk"}, "geometry": {"type": "Point", "coordinates": [328698.052, 4698654.349]}}, {"type": "Feature", "properties": {"node_id": 3167, "node_type": "type_change", "degree": 2, "link_types": "midblock+sidewalk"}, "geometry": {"type": "Point", "coordinates": [328697.014, 4698659.106]}}, {"type": "Feature", "properties": {"node_id": 3168, "node_type": "type_change", "degree": 2, "link_types": "midblock+sidewalk"}, "geometry": {"type": "Point", "coordinates": [328695.031, 4698666.327]}}, {"type": "Feature", "properties": {"node_id": 3169, "node_type": "type_change", "degree": 3, "link_types": "pseudo+sidewalk"}, "geometry": {"type": "Point", "coordinates": [328686.52, 4698695.4]}}, {"type": "Feature", "properties": {"node_id": 3170, "node_type": "type_change", "degree": 3, "link_types": "pseudo+sidewalk"}, "geometry": {"type": "Point", "coordinates": [328703.24, 4698635.24]}}, {"type": "Feature", "properties": {"node_id": 3171, "node_type": "junction", "degree": 3, "link_types": "sidewalk"}, "geometry": {"type": "Point", "coordinates": [328703.16, 4698635.16]}}, {"type": "Feature", "properties": {"node_id": 3172, "node_type": "type_change", "degree": 2, "link_types": "pseudo+sidewalk"}, "geometry": {"type": "Point", "coordinates": [329625.16, 4698120.84]}}, {"type": "Feature", "properties": {"node_id": 3173, "node_type": "type_change", "degree": 3, "link_types": "crosswalk+pseudo"}, "geometry": {"type": "Point", "coordinates": [329388.52, 4699443.4]}}, {"type": "Feature", "properties": {"node_id": 3174, "node_type": "type_change", "degree": 2, "link_types": "crosswalk+pseudo"}, "geometry": {"type": "Point", "coordinates": [329388.68, 4699443.4]}}, {"type": "Feature", "properties": {"node_id": 3175, "node_type": "endpoint", "degree": 1, "link_types": "sidewalk"}, "geometry": {"type": "Point", "coordinates": [329155.8, 4698931.32]}}, {"type": "Feature", "properties": {"node_id": 3176, "node_type": "junction", "degree": 3, "link_types": "sidewalk"}, "geometry": {"type": "Point", "coordinates": [329157.08, 4698929.0]}}, {"type": "Feature", "properties": {"node_id": 3177, "node_type": "endpoint", "degree": 1, "link_types": "sidewalk"}, "geometry": {"type": "Point", "coordinates": [329184.28, 4699273.56]}}, {"type": "Feature", "properties": {"node_id": 3178, "node_type": "junction", "degree": 3, "link_types": "sidewalk"}, "geometry": {"type": "Point", "coordinates": [329176.44, 4699277.96]}}, {"type": "Feature", "properties": {"node_id": 3179, "node_type": "junction", "degree": 3, "link_types": "sidewalk"}, "geometry": {"type": "Point", "coordinates": [329636.12, 4699428.04]}}, {"type": "Feature", "properties": {"node_id": 3180, "node_type": "junction", "degree": 3, "link_types": "sidewalk"}, "geometry": {"type": "Point", "coordinates": [329636.04, 4699428.04]}}, {"type": "Feature", "properties": {"node_id": 3181, "node_type": "type_change", "degree": 3, "link_types": "pseudo+sidewalk"}, "geometry": {"type": "Point", "coordinates": [329638.28, 4699426.92]}}, {"type": "Feature", "properties": {"node_id": 3182, "node_type": "type_change", "degree": 2, "link_types": "crosswalk+pseudo"}, "geometry": {"type": "Point", "coordinates": [329270.92, 4698675.08]}}, {"type": "Feature", "properties": {"node_id": 3183, "node_type": "type_change", "degree": 3, "link_types": "crosswalk+pseudo"}, "geometry": {"type": "Point", "coordinates": [329270.68, 4698676.68]}}, {"type": "Feature", "properties": {"node_id": 3184, "node_type": "endpoint", "degree": 1, "link_types": "sidewalk"}, "geometry": {"type": "Point", "coordinates": [329717.32, 4698289.32]}}, {"type": "Feature", "properties": {"node_id": 3185, "node_type": "type_change", "degree": 2, "link_types": "midblock+sidewalk"}, "geometry": {"type": "Point", "coordinates": [329697.742, 4698288.078]}}, {"type": "Feature", "properties": {"node_id": 3186, "node_type": "type_change", "degree": 2, "link_types": "midblock+sidewalk"}, "geometry": {"type": "Point", "coordinates": [329693.357, 4698287.835]}}, {"type": "Feature", "properties": {"node_id": 3187, "node_type": "endpoint", "degree": 1, "link_types": "sidewalk"}, "geometry": {"type": "Point", "coordinates": [328763.88, 4699458.04]}}, {"type": "Feature", "properties": {"node_id": 3188, "node_type": "type_change", "degree": 3, "link_types": "pseudo+sidewalk"}, "geometry": {"type": "Point", "coordinates": [328775.88, 4699457.88]}}, {"type": "Feature", "properties": {"node_id": 3189, "node_type": "endpoint", "degree": 1, "link_types": "sidewalk"}, "geometry": {"type": "Point", "coordinates": [329955.16, 4699073.48]}}, {"type": "Feature", "properties": {"node_id": 3190, "node_type": "junction", "degree": 3, "link_types": "sidewalk"}, "geometry": {"type": "Point", "coordinates": [329987.48, 4699071.32]}}, {"type": "Feature", "properties": {"node_id": 3191, "node_type": "endpoint", "degree": 1, "link_types": "sidewalk"}, "geometry": {"type": "Point", "coordinates": [329403.96, 4699251.64]}}, {"type": "Feature", "properties": {"node_id": 3192, "node_type": "endpoint", "degree": 1, "link_types": "sidewalk"}, "geometry": {"type": "Point", "coordinates": [328850.36, 4698146.2]}}, {"type": "Feature", "properties": {"node_id": 3193, "node_type": "type_change", "degree": 2, "link_types": "midblock+sidewalk"}, "geometry": {"type": "Point", "coordinates": [328844.76, 4698145.513]}}, {"type": "Feature", "properties": {"node_id": 3194, "node_type": "type_change", "degree": 2, "link_types": "midblock+sidewalk"}, "geometry": {"type": "Point", "coordinates": [328843.178, 4698145.507]}}, {"type": "Feature", "properties": {"node_id": 3195, "node_type": "endpoint", "degree": 1, "link_types": "sidewalk"}, "geometry": {"type": "Point", "coordinates": [328767.96, 4698148.76]}}, {"type": "Feature", "properties": {"node_id": 3196, "node_type": "type_change", "degree": 2, "link_types": "crosswalk+pseudo"}, "geometry": {"type": "Point", "coordinates": [329907.32, 4699047.72]}}, {"type": "Feature", "properties": {"node_id": 3197, "node_type": "type_change", "degree": 2, "link_types": "crosswalk+pseudo"}, "geometry": {"type": "Point", "coordinates": [329889.64, 4699051.08]}}, {"type": "Feature", "properties": {"node_id": 3198, "node_type": "type_change", "degree": 2, "link_types": "pseudo+sidewalk"}, "geometry": {"type": "Point", "coordinates": [329888.2, 4699048.92]}}, {"type": "Feature", "properties": {"node_id": 3199, "node_type": "type_change", "degree": 2, "link_types": "pseudo+sidewalk"}, "geometry": {"type": "Point", "coordinates": [329888.12, 4699048.92]}}, {"type": "Feature", "properties": {"node_id": 3200, "node_type": "type_change", "degree": 2, "link_types": "crosswalk+pseudo"}, "geometry": {"type": "Point", "coordinates": [329887.64, 4699048.76]}}, {"type": "Feature", "properties": {"node_id": 3201, "node_type": "type_change", "degree": 2, "link_types": "crosswalk+pseudo"}, "geometry": {"type": "Point", "coordinates": [329877.8, 4699054.92]}}, {"type": "Feature", "properties": {"node_id": 3202, "node_type": "type_change", "degree": 3, "link_types": "pseudo+sidewalk"}, "geometry": {"type": "Point", "coordinates": [329876.12, 4699052.44]}}, {"type": "Feature", "properties": {"node_id": 3203, "node_type": "endpoint", "degree": 1, "link_types": "sidewalk"}, "geometry": {"type": "Point", "coordinates": [329957.4, 4699411.24]}}, {"type": "Feature", "properties": {"node_id": 3204, "node_type": "type_change", "degree": 2, "link_types": "pseudo+sidewalk"}, "geometry": {"type": "Point", "coordinates": [329957.32, 4699411.16]}}, {"type": "Feature", "properties": {"node_id": 3205, "node_type": "type_change", "degree": 2, "link_types": "crosswalk+pseudo"}, "geometry": {"type": "Point", "coordinates": [329954.68, 4699408.76]}}, {"type": "Feature", "properties": {"node_id": 3206, "node_type": "type_change", "degree": 3, "link_types": "crosswalk+pseudo"}, "geometry": {"type": "Point", "coordinates": [329939.88, 4699427.72]}}, {"type": "Feature", "properties": {"node_id": 3207, "node_type": "type_change", "degree": 2, "link_types": "crosswalk+pseudo"}, "geometry": {"type": "Point", "coordinates": [329859.96, 4699225.56]}}, {"type": "Feature", "properties": {"node_id": 3208, "node_type": "type_change", "degree": 2, "link_types": "crosswalk+pseudo"}, "geometry": {"type": "Point", "coordinates": [329860.76, 4699234.04]}}, {"type": "Feature", "properties": {"node_id": 3209, "node_type": "endpoint", "degree": 1, "link_types": "pseudo"}, "geometry": {"type": "Point", "coordinates": [329860.6, 4699225.96]}}, {"type": "Feature", "properties": {"node_id": 3210, "node_type": "junction", "degree": 3, "link_types": "pseudo"}, "geometry": {"type": "Point", "coordinates": [329025.64, 4699259.88]}}, {"type": "Feature", "properties": {"node_id": 3211, "node_type": "type_change", "degree": 2, "link_types": "crosswalk+pseudo"}, "geometry": {"type": "Point", "coordinates": [329025.4, 4699261.64]}}, {"type": "Feature", "properties": {"node_id": 3212, "node_type": "type_change", "degree": 2, "link_types": "crosswalk+pseudo"}, "geometry": {"type": "Point", "coordinates": [329024.12, 4699272.04]}}, {"type": "Feature", "properties": {"node_id": 3213, "node_type": "type_change", "degree": 2, "link_types": "pseudo+sidewalk"}, "geometry": {"type": "Point", "coordinates": [329025.96, 4699271.64]}}, {"type": "Feature", "properties": {"node_id": 3214, "node_type": "type_change", "degree": 3, "link_types": "pseudo+sidewalk"}, "geometry": {"type": "Point", "coordinates": [329025.72, 4699259.8]}}, {"type": "Feature", "properties": {"node_id": 3215, "node_type": "endpoint", "degree": 1, "link_types": "sidewalk"}, "geometry": {"type": "Point", "coordinates": [329823.96, 4698277.88]}}, {"type": "Feature", "properties": {"node_id": 3216, "node_type": "endpoint", "degree": 1, "link_types": "crosswalk"}, "geometry": {"type": "Point", "coordinates": [328750.68, 4698452.68]}}, {"type": "Feature", "properties": {"node_id": 3217, "node_type": "type_change", "degree": 2, "link_types": "crosswalk+pseudo"}, "geometry": {"type": "Point", "coordinates": [328750.68, 4698452.92]}}, {"type": "Feature", "properties": {"node_id": 3218, "node_type": "type_change", "degree": 3, "link_types": "pseudo+sidewalk"}, "geometry": {"type": "Point", "coordinates": [328750.6, 4698453.0]}}, {"type": "Feature", "properties": {"node_id": 3219, "node_type": "endpoint", "degree": 1, "link_types": "sidewalk"}, "geometry": {"type": "Point", "coordinates": [329895.56, 4698050.44]}}, {"type": "Feature", "properties": {"node_id": 3220, "node_type": "type_change", "degree": 2, "link_types": "midblock+sidewalk"}, "geometry": {"type": "Point", "coordinates": [329878.652, 4698040.922]}}, {"type": "Feature", "properties": {"node_id": 3221, "node_type": "endpoint", "degree": 1, "link_types": "midblock"}, "geometry": {"type": "Point", "coordinates": [329876.6, 4698040.6]}}, {"type": "Feature", "properties": {"node_id": 3222, "node_type": "type_change", "degree": 2, "link_types": "midblock+sidewalk"}, "geometry": {"type": "Point", "coordinates": [329042.106, 4699262.086]}}, {"type": "Feature", "properties": {"node_id": 3223, "node_type": "type_change", "degree": 2, "link_types": "midblock+sidewalk"}, "geometry": {"type": "Point", "coordinates": [329048.757, 4699263.014]}}, {"type": "Feature", "properties": {"node_id": 3224, "node_type": "endpoint", "degree": 1, "link_types": "sidewalk"}, "geometry": {"type": "Point", "coordinates": [329945.96, 4699189.08]}}, {"type": "Feature", "properties": {"node_id": 3225, "node_type": "type_change", "degree": 2, "link_types": "midblock+sidewalk"}, "geometry": {"type": "Point", "coordinates": [329954.227, 4699195.93]}}, {"type": "Feature", "properties": {"node_id": 3226, "node_type": "endpoint", "degree": 1, "link_types": "sidewalk"}, "geometry": {"type": "Point", "coordinates": [329989.24, 4699073.0]}}, {"type": "Feature", "properties": {"node_id": 3227, "node_type": "type_change", "degree": 2, "link_types": "pseudo+sidewalk"}, "geometry": {"type": "Point", "coordinates": [329987.56, 4699071.24]}}, {"type": "Feature", "properties": {"node_id": 3228, "node_type": "type_change", "degree": 2, "link_types": "crosswalk+pseudo"}, "geometry": {"type": "Point", "coordinates": [329988.76, 4699070.6]}}, {"type": "Feature", "properties": {"node_id": 3229, "node_type": "endpoint", "degree": 1, "link_types": "crosswalk"}, "geometry": {"type": "Point", "coordinates": [329999.8, 4699069.48]}}, {"type": "Feature", "properties": {"node_id": 3230, "node_type": "type_change", "degree": 2, "link_types": "crosswalk+pseudo"}, "geometry": {"type": "Point", "coordinates": [329789.88, 4699071.24]}}, {"type": "Feature", "properties": {"node_id": 3231, "node_type": "type_change", "degree": 2, "link_types": "crosswalk+pseudo"}, "geometry": {"type": "Point", "coordinates": [329789.96, 4699071.48]}}, {"type": "Feature", "properties": {"node_id": 3232, "node_type": "endpoint", "degree": 1, "link_types": "crosswalk"}, "geometry": {"type": "Point", "coordinates": [329789.96, 4699071.56]}}, {"type": "Feature", "properties": {"node_id": 3233, "node_type": "type_change", "degree": 2, "link_types": "crosswalk+pseudo"}, "geometry": {"type": "Point", "coordinates": [329783.16, 4699056.28]}}, {"type": "Feature", "properties": {"node_id": 3234, "node_type": "endpoint", "degree": 1, "link_types": "sidewalk"}, "geometry": {"type": "Point", "coordinates": [329403.48, 4699149.88]}}, {"type": "Feature", "properties": {"node_id": 3235, "node_type": "type_change", "degree": 2, "link_types": "midblock+sidewalk"}, "geometry": {"type": "Point", "coordinates": [329406.58, 4699146.354]}}, {"type": "Feature", "properties": {"node_id": 3236, "node_type": "endpoint", "degree": 1, "link_types": "sidewalk"}, "geometry": {"type": "Point", "coordinates": [329915.4, 4698215.16]}}, {"type": "Feature", "properties": {"node_id": 3237, "node_type": "endpoint", "degree": 1, "link_types": "crosswalk"}, "geometry": {"type": "Point", "coordinates": [328981.08, 4698690.76]}}, {"type": "Feature", "properties": {"node_id": 3238, "node_type": "junction", "degree": 3, "link_types": "sidewalk"}, "geometry": {"type": "Point", "coordinates": [329553.4, 4699205.64]}}, {"type": "Feature", "properties": {"node_id": 3239, "node_type": "endpoint", "degree": 1, "link_types": "sidewalk"}, "geometry": {"type": "Point", "coordinates": [329521.8, 4698308.6]}}, {"type": "Feature", "properties": {"node_id": 3240, "node_type": "junction", "degree": 3, "link_types": "sidewalk"}, "geometry": {"type": "Point", "coordinates": [329523.0, 4698296.76]}}, {"type": "Feature", "properties": {"node_id": 3241, "node_type": "junction", "degree": 3, "link_types": "sidewalk"}, "geometry": {"type": "Point", "coordinates": [329656.68, 4699427.16]}}, {"type": "Feature", "properties": {"node_id": 3242, "node_type": "type_change", "degree": 2, "link_types": "pseudo+sidewalk"}, "geometry": {"type": "Point", "coordinates": [329656.6, 4699427.24]}}, {"type": "Feature", "properties": {"node_id": 3243, "node_type": "type_change", "degree": 2, "link_types": "crosswalk+pseudo"}, "geometry": {"type": "Point", "coordinates": [329653.56, 4699428.84]}}, {"type": "Feature", "properties": {"node_id": 3244, "node_type": "type_change", "degree": 2, "link_types": "crosswalk+pseudo"}, "geometry": {"type": "Point", "coordinates": [329639.32, 4699427.88]}}, {"type": "Feature", "properties": {"node_id": 3245, "node_type": "type_change", "degree": 2, "link_types": "midblock+sidewalk"}, "geometry": {"type": "Point", "coordinates": [329659.748, 4699397.414]}}, {"type": "Feature", "properties": {"node_id": 3246, "node_type": "type_change", "degree": 2, "link_types": "midblock+sidewalk"}, "geometry": {"type": "Point", "coordinates": [329661.709, 4699393.636]}}, {"type": "Feature", "properties": {"node_id": 3247, "node_type": "endpoint", "degree": 1, "link_types": "sidewalk"}, "geometry": {"type": "Point", "coordinates": [329666.52, 4699391.8]}}, {"type": "Feature", "properties": {"node_id": 3248, "node_type": "type_change", "degree": 2, "link_types": "crosswalk+pseudo"}, "geometry": {"type": "Point", "coordinates": [329919.08, 4698143.4]}}, {"type": "Feature", "properties": {"node_id": 3249, "node_type": "type_change", "degree": 2, "link_types": "crosswalk+pseudo"}, "geometry": {"type": "Point", "coordinates": [329908.52, 4698143.4]}}, {"type": "Feature", "properties": {"node_id": 3250, "node_type": "type_change", "degree": 3, "link_types": "pseudo+sidewalk"}, "geometry": {"type": "Point", "coordinates": [329907.72, 4698143.4]}}, {"type": "Feature", "properties": {"node_id": 3251, "node_type": "endpoint", "degree": 1, "link_types": "midblock"}, "geometry": {"type": "Point", "coordinates": [329230.28, 4698167.0]}}, {"type": "Feature", "properties": {"node_id": 3252, "node_type": "type_change", "degree": 2, "link_types": "midblock+sidewalk"}, "geometry": {"type": "Point", "coordinates": [329229.946, 4698169.036]}}, {"type": "Feature", "properties": {"node_id": 3253, "node_type": "endpoint", "degree": 1, "link_types": "sidewalk"}, "geometry": {"type": "Point", "coordinates": [329231.16, 4698216.12]}}, {"type": "Feature", "properties": {"node_id": 3254, "node_type": "type_change", "degree": 2, "link_types": "crosswalk+pseudo"}, "geometry": {"type": "Point", "coordinates": [329257.24, 4698695.72]}}, {"type": "Feature", "properties": {"node_id": 3255, "node_type": "type_change", "degree": 2, "link_types": "crosswalk+pseudo"}, "geometry": {"type": "Point", "coordinates": [329271.72, 4698691.64]}}, {"type": "Feature", "properties": {"node_id": 3256, "node_type": "type_change", "degree": 2, "link_types": "pseudo+sidewalk"}, "geometry": {"type": "Point", "coordinates": [329272.44, 4698692.36]}}, {"type": "Feature", "properties": {"node_id": 3257, "node_type": "type_change", "degree": 3, "link_types": "pseudo+sidewalk"}, "geometry": {"type": "Point", "coordinates": [329279.48, 4698729.8]}}, {"type": "Feature", "properties": {"node_id": 3258, "node_type": "endpoint", "degree": 1, "link_types": "sidewalk"}, "geometry": {"type": "Point", "coordinates": [329515.88, 4698461.96]}}, {"type": "Feature", "properties": {"node_id": 3259, "node_type": "endpoint", "degree": 1, "link_types": "sidewalk"}, "geometry": {"type": "Point", "coordinates": [329513.0, 4698526.52]}}, {"type": "Feature", "properties": {"node_id": 3260, "node_type": "junction", "degree": 3, "link_types": "sidewalk"}, "geometry": {"type": "Point", "coordinates": [328782.6, 4698254.04]}}, {"type": "Feature", "properties": {"node_id": 3261, "node_type": "junction", "degree": 3, "link_types": "sidewalk"}, "geometry": {"type": "Point", "coordinates": [328782.52, 4698253.96]}}, {"type": "Feature", "properties": {"node_id": 3262, "node_type": "type_change", "degree": 2, "link_types": "pseudo+sidewalk"}, "geometry": {"type": "Point", "coordinates": [328928.12, 4698999.0]}}, {"type": "Feature", "properties": {"node_id": 3263, "node_type": "type_change", "degree": 2, "link_types": "crosswalk+pseudo"}, "geometry": {"type": "Point", "coordinates": [328928.6, 4698999.4]}}, {"type": "Feature", "properties": {"node_id": 3264, "node_type": "type_change", "degree": 2, "link_types": "crosswalk+pseudo"}, "geometry": {"type": "Point", "coordinates": [328928.12, 4699005.16]}}, {"type": "Feature", "properties": {"node_id": 3265, "node_type": "type_change", "degree": 2, "link_types": "pseudo+sidewalk"}, "geometry": {"type": "Point", "coordinates": [328928.36, 4699006.36]}}, {"type": "Feature", "properties": {"node_id": 3266, "node_type": "type_change", "degree": 2, "link_types": "midblock+sidewalk"}, "geometry": {"type": "Point", "coordinates": [328928.271, 4699008.275]}}, {"type": "Feature", "properties": {"node_id": 3267, "node_type": "type_change", "degree": 2, "link_types": "midblock+sidewalk"}, "geometry": {"type": "Point", "coordinates": [328928.19, 4699010.031]}}, {"type": "Feature", "properties": {"node_id": 3268, "node_type": "junction", "degree": 3, "link_types": "sidewalk"}, "geometry": {"type": "Point", "coordinates": [328923.88, 4699067.72]}}, {"type": "Feature", "properties": {"node_id": 3269, "node_type": "endpoint", "degree": 1, "link_types": "sidewalk"}, "geometry": {"type": "Point", "coordinates": [328930.44, 4698978.68]}}, {"type": "Feature", "properties": {"node_id": 3270, "node_type": "endpoint", "degree": 1, "link_types": "sidewalk"}, "geometry": {"type": "Point", "coordinates": [329501.48, 4698478.2]}}, {"type": "Feature", "properties": {"node_id": 3271, "node_type": "type_change", "degree": 3, "link_types": "midblock+sidewalk"}, "geometry": {"type": "Point", "coordinates": [328581.16, 4698563.64]}}, {"type": "Feature", "properties": {"node_id": 3272, "node_type": "endpoint", "degree": 1, "link_types": "sidewalk"}, "geometry": {"type": "Point", "coordinates": [328583.32, 4698578.92]}}, {"type": "Feature", "properties": {"node_id": 3273, "node_type": "junction", "degree": 3, "link_types": "midblock"}, "geometry": {"type": "Point", "coordinates": [328581.16, 4698563.56]}}, {"type": "Feature", "properties": {"node_id": 3274, "node_type": "junction", "degree": 3, "link_types": "sidewalk"}, "geometry": {"type": "Point", "coordinates": [329523.24, 4699435.72]}}, {"type": "Feature", "properties": {"node_id": 3275, "node_type": "type_change", "degree": 2, "link_types": "midblock+sidewalk"}, "geometry": {"type": "Point", "coordinates": [329521.846, 4699452.378]}}, {"type": "Feature", "properties": {"node_id": 3276, "node_type": "type_change", "degree": 2, "link_types": "midblock+sidewalk"}, "geometry": {"type": "Point", "coordinates": [329521.216, 4699456.647]}}, {"type": "Feature", "properties": {"node_id": 3277, "node_type": "endpoint", "degree": 1, "link_types": "sidewalk"}, "geometry": {"type": "Point", "coordinates": [329519.64, 4699467.32]}}, {"type": "Feature", "properties": {"node_id": 3278, "node_type": "type_change", "degree": 3, "link_types": "pseudo+sidewalk"}, "geometry": {"type": "Point", "coordinates": [329523.32, 4699435.64]}}, {"type": "Feature", "properties": {"node_id": 3279, "node_type": "endpoint", "degree": 1, "link_types": "sidewalk"}, "geometry": {"type": "Point", "coordinates": [329206.84, 4698045.0]}}, {"type": "Feature", "properties": {"node_id": 3280, "node_type": "type_change", "degree": 2, "link_types": "midblock+sidewalk"}, "geometry": {"type": "Point", "coordinates": [329207.115, 4698048.898]}}, {"type": "Feature", "properties": {"node_id": 3281, "node_type": "type_change", "degree": 2, "link_types": "midblock+sidewalk"}, "geometry": {"type": "Point", "coordinates": [329207.434, 4698062.072]}}, {"type": "Feature", "properties": {"node_id": 3282, "node_type": "type_change", "degree": 2, "link_types": "midblock+sidewalk"}, "geometry": {"type": "Point", "coordinates": [329208.356, 4698081.382]}}, {"type": "Feature", "properties": {"node_id": 3283, "node_type": "type_change", "degree": 2, "link_types": "midblock+sidewalk"}, "geometry": {"type": "Point", "coordinates": [329209.12, 4698094.391]}}, {"type": "Feature", "properties": {"node_id": 3284, "node_type": "type_change", "degree": 3, "link_types": "pseudo+sidewalk"}, "geometry": {"type": "Point", "coordinates": [329212.44, 4698220.36]}}, {"type": "Feature", "properties": {"node_id": 3285, "node_type": "type_change", "degree": 2, "link_types": "crosswalk+pseudo"}, "geometry": {"type": "Point", "coordinates": [329919.88, 4699125.32]}}, {"type": "Feature", "properties": {"node_id": 3286, "node_type": "endpoint", "degree": 1, "link_types": "crosswalk"}, "geometry": {"type": "Point", "coordinates": [329914.52, 4699112.04]}}, {"type": "Feature", "properties": {"node_id": 3287, "node_type": "endpoint", "degree": 1, "link_types": "sidewalk"}, "geometry": {"type": "Point", "coordinates": [329138.12, 4699329.4]}}, {"type": "Feature", "properties": {"node_id": 3288, "node_type": "type_change", "degree": 2, "link_types": "midblock+sidewalk"}, "geometry": {"type": "Point", "coordinates": [329140.294, 4699306.141]}}, {"type": "Feature", "properties": {"node_id": 3289, "node_type": "junction", "degree": 3, "link_types": "midblock"}, "geometry": {"type": "Point", "coordinates": [329140.04, 4699301.8]}}, {"type": "Feature", "properties": {"node_id": 3290, "node_type": "endpoint", "degree": 1, "link_types": "sidewalk"}, "geometry": {"type": "Point", "coordinates": [328724.28, 4698464.44]}}, {"type": "Feature", "properties": {"node_id": 3291, "node_type": "type_change", "degree": 2, "link_types": "midblock+sidewalk"}, "geometry": {"type": "Point", "coordinates": [328684.226, 4698465.394]}}, {"type": "Feature", "properties": {"node_id": 3292, "node_type": "type_change", "degree": 2, "link_types": "midblock+sidewalk"}, "geometry": {"type": "Point", "coordinates": [328682.627, 4698465.432]}}, {"type": "Feature", "properties": {"node_id": 3293, "node_type": "type_change", "degree": 2, "link_types": "midblock+sidewalk"}, "geometry": {"type": "Point", "coordinates": [328654.006, 4698466.114]}}, {"type": "Feature", "properties": {"node_id": 3294, "node_type": "type_change", "degree": 2, "link_types": "midblock+sidewalk"}, "geometry": {"type": "Point", "coordinates": [328649.05, 4698466.232]}}, {"type": "Feature", "properties": {"node_id": 3295, "node_type": "endpoint", "degree": 1, "link_types": "sidewalk"}, "geometry": {"type": "Point", "coordinates": [328603.4, 4698467.32]}}, {"type": "Feature", "properties": {"node_id": 3296, "node_type": "endpoint", "degree": 1, "link_types": "crosswalk"}, "geometry": {"type": "Point", "coordinates": [328505.08, 4698356.84]}}, {"type": "Feature", "properties": {"node_id": 3297, "node_type": "type_change", "degree": 3, "link_types": "crosswalk+pseudo"}, "geometry": {"type": "Point", "coordinates": [328505.0, 4698357.08]}}, {"type": "Feature", "properties": {"node_id": 3298, "node_type": "endpoint", "degree": 1, "link_types": "sidewalk"}, "geometry": {"type": "Point", "coordinates": [328760.2, 4698257.24]}}, {"type": "Feature", "properties": {"node_id": 3299, "node_type": "type_change", "degree": 2, "link_types": "pseudo+sidewalk"}, "geometry": {"type": "Point", "coordinates": [328758.6, 4698255.4]}}, {"type": "Feature", "properties": {"node_id": 3300, "node_type": "type_change", "degree": 2, "link_types": "crosswalk+pseudo"}, "geometry": {"type": "Point", "coordinates": [328759.08, 4698254.84]}}, {"type": "Feature", "properties": {"node_id": 3301, "node_type": "type_change", "degree": 2, "link_types": "crosswalk+pseudo"}, "geometry": {"type": "Point", "coordinates": [328767.72, 4698255.24]}}, {"type": "Feature", "properties": {"node_id": 3302, "node_type": "type_change", "degree": 2, "link_types": "pseudo+sidewalk"}, "geometry": {"type": "Point", "coordinates": [328769.08, 4698254.52]}}, {"type": "Feature", "properties": {"node_id": 3303, "node_type": "endpoint", "degree": 1, "link_types": "sidewalk"}, "geometry": {"type": "Point", "coordinates": [329525.48, 4699427.0]}}, {"type": "Feature", "properties": {"node_id": 3304, "node_type": "type_change", "degree": 2, "link_types": "pseudo+sidewalk"}, "geometry": {"type": "Point", "coordinates": [329525.4, 4699426.92]}}, {"type": "Feature", "properties": {"node_id": 3305, "node_type": "endpoint", "degree": 1, "link_types": "crosswalk"}, "geometry": {"type": "Point", "coordinates": [328917.64, 4699151.0]}}, {"type": "Feature", "properties": {"node_id": 3306, "node_type": "type_change", "degree": 2, "link_types": "crosswalk+pseudo"}, "geometry": {"type": "Point", "coordinates": [329898.68, 4698597.56]}}, {"type": "Feature", "properties": {"node_id": 3307, "node_type": "type_change", "degree": 2, "link_types": "crosswalk+pseudo"}, "geometry": {"type": "Point", "coordinates": [329902.76, 4698598.04]}}, {"type": "Feature", "properties": {"node_id": 3308, "node_type": "type_change", "degree": 2, "link_types": "pseudo+sidewalk"}, "geometry": {"type": "Point", "coordinates": [329903.48, 4698599.0]}}, {"type": "Feature", "properties": {"node_id": 3309, "node_type": "endpoint", "degree": 1, "link_types": "sidewalk"}, "geometry": {"type": "Point", "coordinates": [329700.12, 4699211.4]}}, {"type": "Feature", "properties": {"node_id": 3310, "node_type": "junction", "degree": 3, "link_types": "sidewalk"}, "geometry": {"type": "Point", "coordinates": [329675.8, 4699212.76]}}, {"type": "Feature", "properties": {"node_id": 3311, "node_type": "endpoint", "degree": 1, "link_types": "sidewalk"}, "geometry": {"type": "Point", "coordinates": [329523.72, 4699280.12]}}, {"type": "Feature", "properties": {"node_id": 3312, "node_type": "endpoint", "degree": 1, "link_types": "sidewalk"}, "geometry": {"type": "Point", "coordinates": [329494.44, 4699291.48]}}, {"type": "Feature", "properties": {"node_id": 3313, "node_type": "endpoint", "degree": 1, "link_types": "sidewalk"}, "geometry": {"type": "Point", "coordinates": [328505.08, 4698458.12]}}, {"type": "Feature", "properties": {"node_id": 3314, "node_type": "type_change", "degree": 2, "link_types": "pseudo+sidewalk"}, "geometry": {"type": "Point", "coordinates": [328505.0, 4698458.12]}}, {"type": "Feature", "properties": {"node_id": 3315, "node_type": "type_change", "degree": 3, "link_types": "crosswalk+pseudo"}, "geometry": {"type": "Point", "coordinates": [328502.04, 4698459.64]}}, {"type": "Feature", "properties": {"node_id": 3316, "node_type": "type_change", "degree": 2, "link_types": "midblock+sidewalk"}, "geometry": {"type": "Point", "coordinates": [329797.958, 4698279.211]}}, {"type": "Feature", "properties": {"node_id": 3317, "node_type": "endpoint", "degree": 1, "link_types": "midblock"}, "geometry": {"type": "Point", "coordinates": [329792.68, 4698280.28]}}, {"type": "Feature", "properties": {"node_id": 3318, "node_type": "endpoint", "degree": 1, "link_types": "sidewalk"}, "geometry": {"type": "Point", "coordinates": [329929.4, 4698609.16]}}, {"type": "Feature", "properties": {"node_id": 3319, "node_type": "type_change", "degree": 2, "link_types": "midblock+sidewalk"}, "geometry": {"type": "Point", "coordinates": [329939.285, 4698623.809]}}, {"type": "Feature", "properties": {"node_id": 3320, "node_type": "type_change", "degree": 2, "link_types": "midblock+sidewalk"}, "geometry": {"type": "Point", "coordinates": [329938.678, 4698625.628]}}, {"type": "Feature", "properties": {"node_id": 3321, "node_type": "endpoint", "degree": 1, "link_types": "sidewalk"}, "geometry": {"type": "Point", "coordinates": [329923.64, 4698694.2]}}, {"type": "Feature", "properties": {"node_id": 3322, "node_type": "endpoint", "degree": 1, "link_types": "pseudo"}, "geometry": {"type": "Point", "coordinates": [329774.44, 4699455.96]}}, {"type": "Feature", "properties": {"node_id": 3323, "node_type": "endpoint", "degree": 1, "link_types": "pseudo"}, "geometry": {"type": "Point", "coordinates": [329774.52, 4699455.8]}}, {"type": "Feature", "properties": {"node_id": 3324, "node_type": "endpoint", "degree": 1, "link_types": "sidewalk"}, "geometry": {"type": "Point", "coordinates": [328926.12, 4699332.36]}}, {"type": "Feature", "properties": {"node_id": 3325, "node_type": "endpoint", "degree": 1, "link_types": "sidewalk"}, "geometry": {"type": "Point", "coordinates": [328878.2, 4698238.52]}}, {"type": "Feature", "properties": {"node_id": 3326, "node_type": "type_change", "degree": 2, "link_types": "pseudo+sidewalk"}, "geometry": {"type": "Point", "coordinates": [328878.2, 4698238.44]}}, {"type": "Feature", "properties": {"node_id": 3327, "node_type": "type_change", "degree": 2, "link_types": "crosswalk+pseudo"}, "geometry": {"type": "Point", "coordinates": [328878.76, 4698234.92]}}, {"type": "Feature", "properties": {"node_id": 3328, "node_type": "endpoint", "degree": 1, "link_types": "crosswalk"}, "geometry": {"type": "Point", "coordinates": [328886.2, 4698237.88]}}, {"type": "Feature", "properties": {"node_id": 3329, "node_type": "endpoint", "degree": 1, "link_types": "crosswalk"}, "geometry": {"type": "Point", "coordinates": [329290.6, 4698244.44]}}, {"type": "Feature", "properties": {"node_id": 3330, "node_type": "type_change", "degree": 2, "link_types": "crosswalk+pseudo"}, "geometry": {"type": "Point", "coordinates": [329285.48, 4698246.6]}}, {"type": "Feature", "properties": {"node_id": 3331, "node_type": "endpoint", "degree": 1, "link_types": "pseudo"}, "geometry": {"type": "Point", "coordinates": [329285.56, 4698245.56]}}, {"type": "Feature", "properties": {"node_id": 3332, "node_type": "type_change", "degree": 2, "link_types": "crosswalk+pseudo"}, "geometry": {"type": "Point", "coordinates": [328768.2, 4698453.8]}}, {"type": "Feature", "properties": {"node_id": 3333, "node_type": "type_change", "degree": 2, "link_types": "crosswalk+pseudo"}, "geometry": {"type": "Point", "coordinates": [328766.68, 4698461.64]}}, {"type": "Feature", "properties": {"node_id": 3334, "node_type": "type_change", "degree": 3, "link_types": "pseudo+sidewalk"}, "geometry": {"type": "Point", "coordinates": [328766.68, 4698462.44]}}, {"type": "Feature", "properties": {"node_id": 3335, "node_type": "type_change", "degree": 2, "link_types": "pseudo+sidewalk"}, "geometry": {"type": "Point", "coordinates": [328768.28, 4698452.6]}}, {"type": "Feature", "properties": {"node_id": 3336, "node_type": "type_change", "degree": 2, "link_types": "midblock+sidewalk"}, "geometry": {"type": "Point", "coordinates": [328807.494, 4698451.664]}}, {"type": "Feature", "properties": {"node_id": 3337, "node_type": "type_change", "degree": 2, "link_types": "midblock+sidewalk"}, "geometry": {"type": "Point", "coordinates": [328809.89, 4698451.606]}}, {"type": "Feature", "properties": {"node_id": 3338, "node_type": "type_change", "degree": 2, "link_types": "midblock+sidewalk"}, "geometry": {"type": "Point", "coordinates": [328846.322, 4698450.488]}}, {"type": "Feature", "properties": {"node_id": 3339, "node_type": "type_change", "degree": 2, "link_types": "midblock+sidewalk"}, "geometry": {"type": "Point", "coordinates": [328853.745, 4698450.142]}}, {"type": "Feature", "properties": {"node_id": 3340, "node_type": "junction", "degree": 3, "link_types": "sidewalk"}, "geometry": {"type": "Point", "coordinates": [328875.0, 4698448.52]}}, {"type": "Feature", "properties": {"node_id": 3341, "node_type": "endpoint", "degree": 1, "link_types": "crosswalk"}, "geometry": {"type": "Point", "coordinates": [329740.76, 4698042.92]}}, {"type": "Feature", "properties": {"node_id": 3342, "node_type": "type_change", "degree": 2, "link_types": "crosswalk+pseudo"}, "geometry": {"type": "Point", "coordinates": [328934.76, 4698804.04]}}, {"type": "Feature", "properties": {"node_id": 3343, "node_type": "type_change", "degree": 2, "link_types": "crosswalk+pseudo"}, "geometry": {"type": "Point", "coordinates": [328925.96, 4698804.92]}}, {"type": "Feature", "properties": {"node_id": 3344, "node_type": "endpoint", "degree": 1, "link_types": "sidewalk"}, "geometry": {"type": "Point", "coordinates": [329214.04, 4698277.48]}}, {"type": "Feature", "properties": {"node_id": 3345, "node_type": "type_change", "degree": 2, "link_types": "midblock+sidewalk"}, "geometry": {"type": "Point", "coordinates": [329214.81, 4698298.251]}}, {"type": "Feature", "properties": {"node_id": 3346, "node_type": "type_change", "degree": 2, "link_types": "midblock+sidewalk"}, "geometry": {"type": "Point", "coordinates": [329214.886, 4698300.328]}}, {"type": "Feature", "properties": {"node_id": 3347, "node_type": "type_change", "degree": 2, "link_types": "midblock+sidewalk"}, "geometry": {"type": "Point", "coordinates": [329214.934, 4698301.606]}}, {"type": "Feature", "properties": {"node_id": 3348, "node_type": "type_change", "degree": 2, "link_types": "midblock+sidewalk"}, "geometry": {"type": "Point", "coordinates": [329214.978, 4698302.805]}}, {"type": "Feature", "properties": {"node_id": 3349, "node_type": "type_change", "degree": 2, "link_types": "midblock+sidewalk"}, "geometry": {"type": "Point", "coordinates": [329216.267, 4698336.356]}}, {"type": "Feature", "properties": {"node_id": 3350, "node_type": "type_change", "degree": 2, "link_types": "midblock+sidewalk"}, "geometry": {"type": "Point", "coordinates": [329216.614, 4698341.222]}}, {"type": "Feature", "properties": {"node_id": 3351, "node_type": "type_change", "degree": 2, "link_types": "midblock+sidewalk"}, "geometry": {"type": "Point", "coordinates": [329218.69, 4698370.422]}}, {"type": "Feature", "properties": {"node_id": 3352, "node_type": "type_change", "degree": 2, "link_types": "midblock+sidewalk"}, "geometry": {"type": "Point", "coordinates": [329218.946, 4698374.012]}}, {"type": "Feature", "properties": {"node_id": 3353, "node_type": "type_change", "degree": 2, "link_types": "midblock+sidewalk"}, "geometry": {"type": "Point", "coordinates": [329220.531, 4698400.748]}}, {"type": "Feature", "properties": {"node_id": 3354, "node_type": "type_change", "degree": 2, "link_types": "midblock+sidewalk"}, "geometry": {"type": "Point", "coordinates": [329220.745, 4698407.618]}}, {"type": "Feature", "properties": {"node_id": 3355, "node_type": "type_change", "degree": 2, "link_types": "midblock+sidewalk"}, "geometry": {"type": "Point", "coordinates": [329221.218, 4698422.794]}}, {"type": "Feature", "properties": {"node_id": 3356, "node_type": "type_change", "degree": 2, "link_types": "midblock+sidewalk"}, "geometry": {"type": "Point", "coordinates": [329221.07, 4698425.287]}}, {"type": "Feature", "properties": {"node_id": 3357, "node_type": "endpoint", "degree": 1, "link_types": "sidewalk"}, "geometry": {"type": "Point", "coordinates": [329218.6, 4698427.16]}}, {"type": "Feature", "properties": {"node_id": 3358, "node_type": "endpoint", "degree": 1, "link_types": "sidewalk"}, "geometry": {"type": "Point", "coordinates": [329636.28, 4698477.32]}}, {"type": "Feature", "properties": {"node_id": 3359, "node_type": "type_change", "degree": 2, "link_types": "pseudo+sidewalk"}, "geometry": {"type": "Point", "coordinates": [329636.36, 4698477.32]}}, {"type": "Feature", "properties": {"node_id": 3360, "node_type": "type_change", "degree": 2, "link_types": "crosswalk+pseudo"}, "geometry": {"type": "Point", "coordinates": [329637.88, 4698477.96]}}, {"type": "Feature", "properties": {"node_id": 3361, "node_type": "type_change", "degree": 2, "link_types": "crosswalk+pseudo"}, "geometry": {"type": "Point", "coordinates": [329636.44, 4698486.04]}}, {"type": "Feature", "properties": {"node_id": 3362, "node_type": "type_change", "degree": 2, "link_types": "pseudo+sidewalk"}, "geometry": {"type": "Point", "coordinates": [328879.08, 4699481.24]}}, {"type": "Feature", "properties": {"node_id": 3363, "node_type": "type_change", "degree": 2, "link_types": "crosswalk+pseudo"}, "geometry": {"type": "Point", "coordinates": [328879.08, 4699481.56]}}, {"type": "Feature", "properties": {"node_id": 3364, "node_type": "type_change", "degree": 3, "link_types": "crosswalk+sidewalk"}, "geometry": {"type": "Point", "coordinates": [328879.88, 4699481.56]}}, {"type": "Feature", "properties": {"node_id": 3365, "node_type": "endpoint", "degree": 1, "link_types": "midblock"}, "geometry": {"type": "Point", "coordinates": [328698.6, 4698051.64]}}, {"type": "Feature", "properties": {"node_id": 3366, "node_type": "type_change", "degree": 2, "link_types": "midblock+sidewalk"}, "geometry": {"type": "Point", "coordinates": [328702.648, 4698051.733]}}, {"type": "Feature", "properties": {"node_id": 3367, "node_type": "type_change", "degree": 2, "link_types": "midblock+sidewalk"}, "geometry": {"type": "Point", "coordinates": [328705.106, 4698050.768]}}, {"type": "Feature", "properties": {"node_id": 3368, "node_type": "type_change", "degree": 2, "link_types": "midblock+sidewalk"}, "geometry": {"type": "Point", "coordinates": [328712.838, 4698050.306]}}, {"type": "Feature", "properties": {"node_id": 3369, "node_type": "type_change", "degree": 2, "link_types": "midblock+sidewalk"}, "geometry": {"type": "Point", "coordinates": [328769.915, 4698048.995]}}, {"type": "Feature", "properties": {"node_id": 3370, "node_type": "type_change", "degree": 2, "link_types": "midblock+sidewalk"}, "geometry": {"type": "Point", "coordinates": [328780.787, 4698048.746]}}, {"type": "Feature", "properties": {"node_id": 3371, "node_type": "type_change", "degree": 2, "link_types": "midblock+sidewalk"}, "geometry": {"type": "Point", "coordinates": [328834.234, 4698047.175]}}, {"type": "Feature", "properties": {"node_id": 3372, "node_type": "type_change", "degree": 2, "link_types": "midblock+sidewalk"}, "geometry": {"type": "Point", "coordinates": [328844.686, 4698046.727]}}, {"type": "Feature", "properties": {"node_id": 3373, "node_type": "endpoint", "degree": 1, "link_types": "sidewalk"}, "geometry": {"type": "Point", "coordinates": [328857.16, 4698047.0]}}, {"type": "Feature", "properties": {"node_id": 3374, "node_type": "endpoint", "degree": 1, "link_types": "sidewalk"}, "geometry": {"type": "Point", "coordinates": [328873.24, 4698186.44]}}, {"type": "Feature", "properties": {"node_id": 3375, "node_type": "type_change", "degree": 2, "link_types": "midblock+sidewalk"}, "geometry": {"type": "Point", "coordinates": [328872.718, 4698194.491]}}, {"type": "Feature", "properties": {"node_id": 3376, "node_type": "type_change", "degree": 2, "link_types": "midblock+sidewalk"}, "geometry": {"type": "Point", "coordinates": [328872.254, 4698201.666]}}, {"type": "Feature", "properties": {"node_id": 3377, "node_type": "type_change", "degree": 3, "link_types": "pseudo+sidewalk"}, "geometry": {"type": "Point", "coordinates": [328867.48, 4698237.64]}}, {"type": "Feature", "properties": {"node_id": 3378, "node_type": "junction", "degree": 3, "link_types": "sidewalk"}, "geometry": {"type": "Point", "coordinates": [329129.32, 4699303.32]}}, {"type": "Feature", "properties": {"node_id": 3379, "node_type": "junction", "degree": 3, "link_types": "sidewalk"}, "geometry": {"type": "Point", "coordinates": [329129.32, 4699303.4]}}, {"type": "Feature", "properties": {"node_id": 3380, "node_type": "junction", "degree": 3, "link_types": "sidewalk"}, "geometry": {"type": "Point", "coordinates": [329129.4, 4699303.32]}}, {"type": "Feature", "properties": {"node_id": 3381, "node_type": "junction", "degree": 3, "link_types": "sidewalk"}, "geometry": {"type": "Point", "coordinates": [328598.68, 4699014.36]}}, {"type": "Feature", "properties": {"node_id": 3382, "node_type": "junction", "degree": 3, "link_types": "sidewalk"}, "geometry": {"type": "Point", "coordinates": [328624.84, 4699021.4]}}, {"type": "Feature", "properties": {"node_id": 3383, "node_type": "type_change", "degree": 2, "link_types": "pseudo+sidewalk"}, "geometry": {"type": "Point", "coordinates": [328875.08, 4698448.6]}}, {"type": "Feature", "properties": {"node_id": 3384, "node_type": "type_change", "degree": 2, "link_types": "crosswalk+pseudo"}, "geometry": {"type": "Point", "coordinates": [328876.36, 4698449.32]}}, {"type": "Feature", "properties": {"node_id": 3385, "node_type": "type_change", "degree": 2, "link_types": "crosswalk+pseudo"}, "geometry": {"type": "Point", "coordinates": [328888.04, 4698442.76]}}, {"type": "Feature", "properties": {"node_id": 3386, "node_type": "endpoint", "degree": 1, "link_types": "pseudo"}, "geometry": {"type": "Point", "coordinates": [328887.88, 4698441.72]}}, {"type": "Feature", "properties": {"node_id": 3387, "node_type": "type_change", "degree": 3, "link_types": "pseudo+sidewalk"}, "geometry": {"type": "Point", "coordinates": [328874.28, 4698419.4]}}, {"type": "Feature", "properties": {"node_id": 3388, "node_type": "type_change", "degree": 3, "link_types": "pseudo+sidewalk"}, "geometry": {"type": "Point", "coordinates": [329992.84, 4699104.2]}}, {"type": "Feature", "properties": {"node_id": 3389, "node_type": "type_change", "degree": 2, "link_types": "midblock+sidewalk"}, "geometry": {"type": "Point", "coordinates": [329955.018, 4699112.278]}}, {"type": "Feature", "properties": {"node_id": 3390, "node_type": "type_change", "degree": 2, "link_types": "midblock+sidewalk"}, "geometry": {"type": "Point", "coordinates": [329952.45, 4699112.854]}}, {"type": "Feature", "properties": {"node_id": 3391, "node_type": "type_change", "degree": 2, "link_types": "pseudo+sidewalk"}, "geometry": {"type": "Point", "coordinates": [329996.84, 4699103.64]}}, {"type": "Feature", "properties": {"node_id": 3392, "node_type": "type_change", "degree": 2, "link_types": "crosswalk+pseudo"}, "geometry": {"type": "Point", "coordinates": [329997.48, 4699101.8]}}, {"type": "Feature", "properties": {"node_id": 3393, "node_type": "type_change", "degree": 2, "link_types": "crosswalk+pseudo"}, "geometry": {"type": "Point", "coordinates": [329993.16, 4699102.04]}}, {"type": "Feature", "properties": {"node_id": 3394, "node_type": "type_change", "degree": 2, "link_types": "crosswalk+pseudo"}, "geometry": {"type": "Point", "coordinates": [328700.12, 4698695.88]}}, {"type": "Feature", "properties": {"node_id": 3395, "node_type": "type_change", "degree": 2, "link_types": "crosswalk+pseudo"}, "geometry": {"type": "Point", "coordinates": [328687.48, 4698695.88]}}, {"type": "Feature", "properties": {"node_id": 3396, "node_type": "junction", "degree": 3, "link_types": "sidewalk"}, "geometry": {"type": "Point", "coordinates": [328605.96, 4699183.56]}}, {"type": "Feature", "properties": {"node_id": 3397, "node_type": "type_change", "degree": 3, "link_types": "pseudo+sidewalk"}, "geometry": {"type": "Point", "coordinates": [328605.96, 4699183.64]}}, {"type": "Feature", "properties": {"node_id": 3398, "node_type": "junction", "degree": 3, "link_types": "sidewalk"}, "geometry": {"type": "Point", "coordinates": [328605.88, 4699183.56]}}, {"type": "Feature", "properties": {"node_id": 3399, "node_type": "endpoint", "degree": 1, "link_types": "sidewalk"}, "geometry": {"type": "Point", "coordinates": [329232.68, 4699243.4]}}, {"type": "Feature", "properties": {"node_id": 3400, "node_type": "endpoint", "degree": 1, "link_types": "sidewalk"}, "geometry": {"type": "Point", "coordinates": [329214.6, 4699254.52]}}, {"type": "Feature", "properties": {"node_id": 3401, "node_type": "endpoint", "degree": 1, "link_types": "sidewalk"}, "geometry": {"type": "Point", "coordinates": [329676.36, 4698234.12]}}, {"type": "Feature", "properties": {"node_id": 3402, "node_type": "type_change", "degree": 2, "link_types": "midblock+sidewalk"}, "geometry": {"type": "Point", "coordinates": [329687.622, 4698222.218]}}, {"type": "Feature", "properties": {"node_id": 3403, "node_type": "type_change", "degree": 2, "link_types": "midblock+sidewalk"}, "geometry": {"type": "Point", "coordinates": [329689.294, 4698220.186]}}, {"type": "Feature", "properties": {"node_id": 3404, "node_type": "type_change", "degree": 2, "link_types": "midblock+sidewalk"}, "geometry": {"type": "Point", "coordinates": [329692.742, 4698215.998]}}, {"type": "Feature", "properties": {"node_id": 3405, "node_type": "type_change", "degree": 2, "link_types": "midblock+sidewalk"}, "geometry": {"type": "Point", "coordinates": [329697.818, 4698209.168]}}, {"type": "Feature", "properties": {"node_id": 3406, "node_type": "endpoint", "degree": 1, "link_types": "sidewalk"}, "geometry": {"type": "Point", "coordinates": [329699.96, 4698205.72]}}, {"type": "Feature", "properties": {"node_id": 3407, "node_type": "endpoint", "degree": 1, "link_types": "sidewalk"}, "geometry": {"type": "Point", "coordinates": [329942.52, 4698779.08]}}, {"type": "Feature", "properties": {"node_id": 3408, "node_type": "endpoint", "degree": 1, "link_types": "sidewalk"}, "geometry": {"type": "Point", "coordinates": [328875.16, 4698507.8]}}, {"type": "Feature", "properties": {"node_id": 3409, "node_type": "type_change", "degree": 2, "link_types": "pseudo+sidewalk"}, "geometry": {"type": "Point", "coordinates": [328875.24, 4698507.88]}}, {"type": "Feature", "properties": {"node_id": 3410, "node_type": "endpoint", "degree": 1, "link_types": "sidewalk"}, "geometry": {"type": "Point", "coordinates": [328789.4, 4698270.04]}}, {"type": "Feature", "properties": {"node_id": 3411, "node_type": "endpoint", "degree": 1, "link_types": "sidewalk"}, "geometry": {"type": "Point", "coordinates": [329278.68, 4699176.76]}}, {"type": "Feature", "properties": {"node_id": 3412, "node_type": "type_change", "degree": 2, "link_types": "midblock+sidewalk"}, "geometry": {"type": "Point", "coordinates": [329246.792, 4699190.67]}}, {"type": "Feature", "properties": {"node_id": 3413, "node_type": "endpoint", "degree": 1, "link_types": "midblock"}, "geometry": {"type": "Point", "coordinates": [329243.96, 4699190.92]}}, {"type": "Feature", "properties": {"node_id": 3414, "node_type": "endpoint", "degree": 1, "link_types": "sidewalk"}, "geometry": {"type": "Point", "coordinates": [329227.72, 4698079.48]}}, {"type": "Feature", "properties": {"node_id": 3415, "node_type": "type_change", "degree": 2, "link_types": "midblock+sidewalk"}, "geometry": {"type": "Point", "coordinates": [329227.454, 4698074.372]}}, {"type": "Feature", "properties": {"node_id": 3416, "node_type": "type_change", "degree": 2, "link_types": "midblock+sidewalk"}, "geometry": {"type": "Point", "coordinates": [329227.288, 4698071.179]}}, {"type": "Feature", "properties": {"node_id": 3417, "node_type": "type_change", "degree": 2, "link_types": "midblock+sidewalk"}, "geometry": {"type": "Point", "coordinates": [329220.47, 4698011.406]}}, {"type": "Feature", "properties": {"node_id": 3418, "node_type": "type_change", "degree": 2, "link_types": "midblock+sidewalk"}, "geometry": {"type": "Point", "coordinates": [329219.716, 4698008.628]}}, {"type": "Feature", "properties": {"node_id": 3419, "node_type": "endpoint", "degree": 1, "link_types": "sidewalk"}, "geometry": {"type": "Point", "coordinates": [329216.92, 4698000.44]}}, {"type": "Feature", "properties": {"node_id": 3420, "node_type": "endpoint", "degree": 1, "link_types": "sidewalk"}, "geometry": {"type": "Point", "coordinates": [329825.56, 4698672.44]}}, {"type": "Feature", "properties": {"node_id": 3421, "node_type": "endpoint", "degree": 1, "link_types": "sidewalk"}, "geometry": {"type": "Point", "coordinates": [329835.4, 4698602.52]}}, {"type": "Feature", "properties": {"node_id": 3422, "node_type": "type_change", "degree": 2, "link_types": "midblock+sidewalk"}, "geometry": {"type": "Point", "coordinates": [329676.422, 4699281.443]}}, {"type": "Feature", "properties": {"node_id": 3423, "node_type": "endpoint", "degree": 1, "link_types": "sidewalk"}, "geometry": {"type": "Point", "coordinates": [328853.4, 4698887.08]}}, {"type": "Feature", "properties": {"node_id": 3424, "node_type": "endpoint", "degree": 1, "link_types": "sidewalk"}, "geometry": {"type": "Point", "coordinates": [329236.36, 4698246.28]}}, {"type": "Feature", "properties": {"node_id": 3425, "node_type": "type_change", "degree": 2, "link_types": "midblock+sidewalk"}, "geometry": {"type": "Point", "coordinates": [329294.915, 4698249.395]}}, {"type": "Feature", "properties": {"node_id": 3426, "node_type": "type_change", "degree": 2, "link_types": "midblock+sidewalk"}, "geometry": {"type": "Point", "coordinates": [329302.454, 4698250.123]}}, {"type": "Feature", "properties": {"node_id": 3427, "node_type": "endpoint", "degree": 1, "link_types": "sidewalk"}, "geometry": {"type": "Point", "coordinates": [329307.88, 4698251.4]}}, {"type": "Feature", "properties": {"node_id": 3428, "node_type": "endpoint", "degree": 1, "link_types": "sidewalk"}, "geometry": {"type": "Point", "coordinates": [329814.68, 4698750.36]}}, {"type": "Feature", "properties": {"node_id": 3429, "node_type": "junction", "degree": 3, "link_types": "sidewalk"}, "geometry": {"type": "Point", "coordinates": [329819.16, 4699438.76]}}, {"type": "Feature", "properties": {"node_id": 3430, "node_type": "endpoint", "degree": 1, "link_types": "sidewalk"}, "geometry": {"type": "Point", "coordinates": [329944.52, 4699229.8]}}, {"type": "Feature", "properties": {"node_id": 3431, "node_type": "endpoint", "degree": 1, "link_types": "sidewalk"}, "geometry": {"type": "Point", "coordinates": [329929.48, 4699210.28]}}, {"type": "Feature", "properties": {"node_id": 3432, "node_type": "endpoint", "degree": 1, "link_types": "sidewalk"}, "geometry": {"type": "Point", "coordinates": [329658.68, 4699084.68]}}, {"type": "Feature", "properties": {"node_id": 3433, "node_type": "endpoint", "degree": 1, "link_types": "sidewalk"}, "geometry": {"type": "Point", "coordinates": [329633.16, 4699087.32]}}, {"type": "Feature", "properties": {"node_id": 3434, "node_type": "endpoint", "degree": 1, "link_types": "sidewalk"}, "geometry": {"type": "Point", "coordinates": [329847.72, 4699397.16]}}, {"type": "Feature", "properties": {"node_id": 3435, "node_type": "endpoint", "degree": 1, "link_types": "sidewalk"}, "geometry": {"type": "Point", "coordinates": [329939.32, 4699197.72]}}, {"type": "Feature", "properties": {"node_id": 3436, "node_type": "endpoint", "degree": 1, "link_types": "sidewalk"}, "geometry": {"type": "Point", "coordinates": [329946.28, 4699194.52]}}, {"type": "Feature", "properties": {"node_id": 3437, "node_type": "endpoint", "degree": 1, "link_types": "crosswalk"}, "geometry": {"type": "Point", "coordinates": [329706.68, 4699373.4]}}, {"type": "Feature", "properties": {"node_id": 3438, "node_type": "junction", "degree": 3, "link_types": "crosswalk"}, "geometry": {"type": "Point", "coordinates": [329710.68, 4699369.0]}}, {"type": "Feature", "properties": {"node_id": 3439, "node_type": "type_change", "degree": 3, "link_types": "pseudo+sidewalk"}, "geometry": {"type": "Point", "coordinates": [328678.12, 4698696.92]}}, {"type": "Feature", "properties": {"node_id": 3440, "node_type": "junction", "degree": 3, "link_types": "sidewalk"}, "geometry": {"type": "Point", "coordinates": [328707.64, 4698619.08]}}, {"type": "Feature", "properties": {"node_id": 3441, "node_type": "type_change", "degree": 3, "link_types": "pseudo+sidewalk"}, "geometry": {"type": "Point", "coordinates": [328703.4, 4698620.12]}}, {"type": "Feature", "properties": {"node_id": 3442, "node_type": "junction", "degree": 3, "link_types": "sidewalk"}, "geometry": {"type": "Point", "coordinates": [328707.64, 4698619.0]}}, {"type": "Feature", "properties": {"node_id": 3443, "node_type": "type_change", "degree": 3, "link_types": "pseudo+sidewalk"}, "geometry": {"type": "Point", "coordinates": [329825.24, 4698279.8]}}, {"type": "Feature", "properties": {"node_id": 3444, "node_type": "type_change", "degree": 2, "link_types": "crosswalk+pseudo"}, "geometry": {"type": "Point", "coordinates": [328927.4, 4699059.32]}}, {"type": "Feature", "properties": {"node_id": 3445, "node_type": "type_change", "degree": 2, "link_types": "crosswalk+pseudo"}, "geometry": {"type": "Point", "coordinates": [328925.48, 4699067.4]}}, {"type": "Feature", "properties": {"node_id": 3446, "node_type": "type_change", "degree": 3, "link_types": "pseudo+sidewalk"}, "geometry": {"type": "Point", "coordinates": [328923.96, 4699067.72]}}, {"type": "Feature", "properties": {"node_id": 3447, "node_type": "endpoint", "degree": 1, "link_types": "crosswalk"}, "geometry": {"type": "Point", "coordinates": [328776.36, 4698869.4]}}, {"type": "Feature", "properties": {"node_id": 3448, "node_type": "type_change", "degree": 2, "link_types": "crosswalk+pseudo"}, "geometry": {"type": "Point", "coordinates": [328776.28, 4698876.12]}}, {"type": "Feature", "properties": {"node_id": 3449, "node_type": "endpoint", "degree": 1, "link_types": "sidewalk"}, "geometry": {"type": "Point", "coordinates": [328952.12, 4698249.48]}}, {"type": "Feature", "properties": {"node_id": 3450, "node_type": "type_change", "degree": 2, "link_types": "midblock+sidewalk"}, "geometry": {"type": "Point", "coordinates": [328987.085, 4698248.414]}}, {"type": "Feature", "properties": {"node_id": 3451, "node_type": "type_change", "degree": 2, "link_types": "midblock+sidewalk"}, "geometry": {"type": "Point", "coordinates": [328988.429, 4698248.417]}}, {"type": "Feature", "properties": {"node_id": 3452, "node_type": "type_change", "degree": 2, "link_types": "midblock+sidewalk"}, "geometry": {"type": "Point", "coordinates": [329000.981, 4698248.369]}}, {"type": "Feature", "properties": {"node_id": 3453, "node_type": "type_change", "degree": 2, "link_types": "midblock+sidewalk"}, "geometry": {"type": "Point", "coordinates": [329004.41, 4698248.173]}}, {"type": "Feature", "properties": {"node_id": 3454, "node_type": "type_change", "degree": 2, "link_types": "midblock+sidewalk"}, "geometry": {"type": "Point", "coordinates": [329018.766, 4698247.354]}}, {"type": "Feature", "properties": {"node_id": 3455, "node_type": "type_change", "degree": 2, "link_types": "midblock+sidewalk"}, "geometry": {"type": "Point", "coordinates": [329022.257, 4698247.478]}}, {"type": "Feature", "properties": {"node_id": 3456, "node_type": "endpoint", "degree": 1, "link_types": "sidewalk"}, "geometry": {"type": "Point", "coordinates": [329026.6, 4698248.04]}}, {"type": "Feature", "properties": {"node_id": 3457, "node_type": "type_change", "degree": 3, "link_types": "pseudo+sidewalk"}, "geometry": {"type": "Point", "coordinates": [329183.88, 4699176.04]}}, {"type": "Feature", "properties": {"node_id": 3458, "node_type": "type_change", "degree": 3, "link_types": "pseudo+sidewalk"}, "geometry": {"type": "Point", "coordinates": [329183.8, 4699175.96]}}, {"type": "Feature", "properties": {"node_id": 3459, "node_type": "endpoint", "degree": 1, "link_types": "sidewalk"}, "geometry": {"type": "Point", "coordinates": [329085.32, 4699064.68]}}, {"type": "Feature", "properties": {"node_id": 3460, "node_type": "type_change", "degree": 2, "link_types": "midblock+sidewalk"}, "geometry": {"type": "Point", "coordinates": [329065.408, 4699066.118]}}, {"type": "Feature", "properties": {"node_id": 3461, "node_type": "type_change", "degree": 2, "link_types": "midblock+sidewalk"}, "geometry": {"type": "Point", "coordinates": [329062.21, 4699066.227]}}, {"type": "Feature", "properties": {"node_id": 3462, "node_type": "type_change", "degree": 2, "link_types": "midblock+sidewalk"}, "geometry": {"type": "Point", "coordinates": [329031.19, 4699067.28]}}, {"type": "Feature", "properties": {"node_id": 3463, "node_type": "type_change", "degree": 2, "link_types": "midblock+sidewalk"}, "geometry": {"type": "Point", "coordinates": [329022.796, 4699067.565]}}, {"type": "Feature", "properties": {"node_id": 3464, "node_type": "type_change", "degree": 2, "link_types": "midblock+sidewalk"}, "geometry": {"type": "Point", "coordinates": [328996.333, 4699068.463]}}, {"type": "Feature", "properties": {"node_id": 3465, "node_type": "type_change", "degree": 2, "link_types": "midblock+sidewalk"}, "geometry": {"type": "Point", "coordinates": [328988.818, 4699068.718]}}, {"type": "Feature", "properties": {"node_id": 3466, "node_type": "endpoint", "degree": 1, "link_types": "sidewalk"}, "geometry": {"type": "Point", "coordinates": [329764.6, 4699435.88]}}, {"type": "Feature", "properties": {"node_id": 3467, "node_type": "type_change", "degree": 2, "link_types": "pseudo+sidewalk"}, "geometry": {"type": "Point", "coordinates": [329761.08, 4699441.48]}}, {"type": "Feature", "properties": {"node_id": 3468, "node_type": "type_change", "degree": 2, "link_types": "crosswalk+pseudo"}, "geometry": {"type": "Point", "coordinates": [329761.48, 4699442.36]}}, {"type": "Feature", "properties": {"node_id": 3469, "node_type": "type_change", "degree": 2, "link_types": "crosswalk+pseudo"}, "geometry": {"type": "Point", "coordinates": [329768.36, 4699441.96]}}, {"type": "Feature", "properties": {"node_id": 3470, "node_type": "endpoint", "degree": 1, "link_types": "pseudo"}, "geometry": {"type": "Point", "coordinates": [329770.36, 4699442.84]}}, {"type": "Feature", "properties": {"node_id": 3471, "node_type": "endpoint", "degree": 1, "link_types": "midblock"}, "geometry": {"type": "Point", "coordinates": [329800.52, 4698755.16]}}, {"type": "Feature", "properties": {"node_id": 3472, "node_type": "endpoint", "degree": 1, "link_types": "sidewalk"}, "geometry": {"type": "Point", "coordinates": [329786.84, 4698760.84]}}, {"type": "Feature", "properties": {"node_id": 3473, "node_type": "type_change", "degree": 2, "link_types": "midblock+sidewalk"}, "geometry": {"type": "Point", "coordinates": [329792.183, 4698763.566]}}, {"type": "Feature", "properties": {"node_id": 3474, "node_type": "type_change", "degree": 2, "link_types": "midblock+sidewalk"}, "geometry": {"type": "Point", "coordinates": [329795.196, 4698765.461]}}, {"type": "Feature", "properties": {"node_id": 3475, "node_type": "type_change", "degree": 2, "link_types": "midblock+sidewalk"}, "geometry": {"type": "Point", "coordinates": [329818.933, 4698778.946]}}, {"type": "Feature", "properties": {"node_id": 3476, "node_type": "type_change", "degree": 2, "link_types": "midblock+sidewalk"}, "geometry": {"type": "Point", "coordinates": [329822.341, 4698780.91]}}, {"type": "Feature", "properties": {"node_id": 3477, "node_type": "type_change", "degree": 2, "link_types": "midblock+sidewalk"}, "geometry": {"type": "Point", "coordinates": [329828.849, 4698784.466]}}, {"type": "Feature", "properties": {"node_id": 3478, "node_type": "type_change", "degree": 2, "link_types": "midblock+sidewalk"}, "geometry": {"type": "Point", "coordinates": [329835.17, 4698788.348]}}, {"type": "Feature", "properties": {"node_id": 3479, "node_type": "type_change", "degree": 2, "link_types": "midblock+sidewalk"}, "geometry": {"type": "Point", "coordinates": [329853.618, 4698798.734]}}, {"type": "Feature", "properties": {"node_id": 3480, "node_type": "type_change", "degree": 2, "link_types": "midblock+sidewalk"}, "geometry": {"type": "Point", "coordinates": [329857.926, 4698802.06]}}, {"type": "Feature", "properties": {"node_id": 3481, "node_type": "type_change", "degree": 2, "link_types": "midblock+sidewalk"}, "geometry": {"type": "Point", "coordinates": [329872.48, 4698810.002]}}, {"type": "Feature", "properties": {"node_id": 3482, "node_type": "endpoint", "degree": 1, "link_types": "midblock"}, "geometry": {"type": "Point", "coordinates": [329880.84, 4698814.76]}}, {"type": "Feature", "properties": {"node_id": 3483, "node_type": "junction", "degree": 3, "link_types": "pseudo"}, "geometry": {"type": "Point", "coordinates": [329575.0, 4699079.0]}}, {"type": "Feature", "properties": {"node_id": 3484, "node_type": "type_change", "degree": 2, "link_types": "crosswalk+pseudo"}, "geometry": {"type": "Point", "coordinates": [329575.0, 4699080.84]}}, {"type": "Feature", "properties": {"node_id": 3485, "node_type": "type_change", "degree": 2, "link_types": "crosswalk+pseudo"}, "geometry": {"type": "Point", "coordinates": [329578.44, 4699104.6]}}, {"type": "Feature", "properties": {"node_id": 3486, "node_type": "type_change", "degree": 2, "link_types": "pseudo+sidewalk"}, "geometry": {"type": "Point", "coordinates": [329574.92, 4699078.92]}}, {"type": "Feature", "properties": {"node_id": 3487, "node_type": "type_change", "degree": 3, "link_types": "pseudo+sidewalk"}, "geometry": {"type": "Point", "coordinates": [329536.84, 4699081.4]}}, {"type": "Feature", "properties": {"node_id": 3488, "node_type": "type_change", "degree": 2, "link_types": "pseudo+sidewalk"}, "geometry": {"type": "Point", "coordinates": [329575.08, 4699078.92]}}, {"type": "Feature", "properties": {"node_id": 3489, "node_type": "junction", "degree": 3, "link_types": "sidewalk"}, "geometry": {"type": "Point", "coordinates": [329591.24, 4699073.48]}}, {"type": "Feature", "properties": {"node_id": 3490, "node_type": "endpoint", "degree": 1, "link_types": "sidewalk"}, "geometry": {"type": "Point", "coordinates": [328501.24, 4698775.4]}}, {"type": "Feature", "properties": {"node_id": 3491, "node_type": "type_change", "degree": 2, "link_types": "midblock+sidewalk"}, "geometry": {"type": "Point", "coordinates": [328504.437, 4698775.309]}}, {"type": "Feature", "properties": {"node_id": 3492, "node_type": "type_change", "degree": 2, "link_types": "midblock+sidewalk"}, "geometry": {"type": "Point", "coordinates": [328505.556, 4698775.278]}}, {"type": "Feature", "properties": {"node_id": 3493, "node_type": "type_change", "degree": 2, "link_types": "midblock+sidewalk"}, "geometry": {"type": "Point", "coordinates": [328529.054, 4698774.61]}}, {"type": "Feature", "properties": {"node_id": 3494, "node_type": "type_change", "degree": 2, "link_types": "midblock+sidewalk"}, "geometry": {"type": "Point", "coordinates": [328531.851, 4698774.53]}}, {"type": "Feature", "properties": {"node_id": 3495, "node_type": "type_change", "degree": 2, "link_types": "midblock+sidewalk"}, "geometry": {"type": "Point", "coordinates": [328608.1, 4698772.286]}}, {"type": "Feature", "properties": {"node_id": 3496, "node_type": "type_change", "degree": 2, "link_types": "midblock+sidewalk"}, "geometry": {"type": "Point", "coordinates": [328617.286, 4698772.041]}}, {"type": "Feature", "properties": {"node_id": 3497, "node_type": "type_change", "degree": 2, "link_types": "midblock+sidewalk"}, "geometry": {"type": "Point", "coordinates": [328641.089, 4698771.405]}}, {"type": "Feature", "properties": {"node_id": 3498, "node_type": "type_change", "degree": 2, "link_types": "midblock+sidewalk"}, "geometry": {"type": "Point", "coordinates": [328645.002, 4698771.301]}}, {"type": "Feature", "properties": {"node_id": 3499, "node_type": "endpoint", "degree": 1, "link_types": "sidewalk"}, "geometry": {"type": "Point", "coordinates": [328649.88, 4698771.96]}}, {"type": "Feature", "properties": {"node_id": 3500, "node_type": "endpoint", "degree": 1, "link_types": "sidewalk"}, "geometry": {"type": "Point", "coordinates": [329125.32, 4698668.36]}}, {"type": "Feature", "properties": {"node_id": 3501, "node_type": "junction", "degree": 3, "link_types": "sidewalk"}, "geometry": {"type": "Point", "coordinates": [329131.64, 4698683.08]}}, {"type": "Feature", "properties": {"node_id": 3502, "node_type": "endpoint", "degree": 1, "link_types": "sidewalk"}, "geometry": {"type": "Point", "coordinates": [329057.48, 4698333.48]}}, {"type": "Feature", "properties": {"node_id": 3503, "node_type": "type_change", "degree": 2, "link_types": "midblock+sidewalk"}, "geometry": {"type": "Point", "coordinates": [329054.724, 4698281.322]}}, {"type": "Feature", "properties": {"node_id": 3504, "node_type": "type_change", "degree": 2, "link_types": "midblock+sidewalk"}, "geometry": {"type": "Point", "coordinates": [329054.723, 4698279.642]}}, {"type": "Feature", "properties": {"node_id": 3505, "node_type": "endpoint", "degree": 1, "link_types": "sidewalk"}, "geometry": {"type": "Point", "coordinates": [329055.24, 4698270.92]}}, {"type": "Feature", "properties": {"node_id": 3506, "node_type": "type_change", "degree": 2, "link_types": "crosswalk+pseudo"}, "geometry": {"type": "Point", "coordinates": [329916.04, 4698835.48]}}, {"type": "Feature", "properties": {"node_id": 3507, "node_type": "type_change", "degree": 2, "link_types": "crosswalk+pseudo"}, "geometry": {"type": "Point", "coordinates": [329916.52, 4698821.32]}}, {"type": "Feature", "properties": {"node_id": 3508, "node_type": "type_change", "degree": 2, "link_types": "pseudo+sidewalk"}, "geometry": {"type": "Point", "coordinates": [329914.2, 4698835.48]}}, {"type": "Feature", "properties": {"node_id": 3509, "node_type": "endpoint", "degree": 1, "link_types": "sidewalk"}, "geometry": {"type": "Point", "coordinates": [329914.2, 4698835.4]}}, {"type": "Feature", "properties": {"node_id": 3510, "node_type": "type_change", "degree": 3, "link_types": "pseudo+sidewalk"}, "geometry": {"type": "Point", "coordinates": [328926.92, 4698703.32]}}, {"type": "Feature", "properties": {"node_id": 3511, "node_type": "type_change", "degree": 3, "link_types": "pseudo+sidewalk"}, "geometry": {"type": "Point", "coordinates": [328927.0, 4698703.24]}}, {"type": "Feature", "properties": {"node_id": 3512, "node_type": "endpoint", "degree": 1, "link_types": "sidewalk"}, "geometry": {"type": "Point", "coordinates": [329615.0, 4699196.28]}}, {"type": "Feature", "properties": {"node_id": 3513, "node_type": "junction", "degree": 3, "link_types": "sidewalk"}, "geometry": {"type": "Point", "coordinates": [329597.0, 4699191.88]}}, {"type": "Feature", "properties": {"node_id": 3514, "node_type": "endpoint", "degree": 1, "link_types": "sidewalk"}, "geometry": {"type": "Point", "coordinates": [329913.16, 4698459.32]}}, {"type": "Feature", "properties": {"node_id": 3515, "node_type": "junction", "degree": 3, "link_types": "pseudo"}, "geometry": {"type": "Point", "coordinates": [329279.4, 4698729.88]}}, {"type": "Feature", "properties": {"node_id": 3516, "node_type": "type_change", "degree": 2, "link_types": "crosswalk+pseudo"}, "geometry": {"type": "Point", "coordinates": [329276.52, 4698731.16]}}, {"type": "Feature", "properties": {"node_id": 3517, "node_type": "type_change", "degree": 2, "link_types": "crosswalk+pseudo"}, "geometry": {"type": "Point", "coordinates": [329277.48, 4698736.2]}}, {"type": "Feature", "properties": {"node_id": 3518, "node_type": "type_change", "degree": 3, "link_types": "pseudo+sidewalk"}, "geometry": {"type": "Point", "coordinates": [329280.44, 4698735.16]}}, {"type": "Feature", "properties": {"node_id": 3519, "node_type": "type_change", "degree": 3, "link_types": "pseudo+sidewalk"}, "geometry": {"type": "Point", "coordinates": [329279.48, 4698729.88]}}, {"type": "Feature", "properties": {"node_id": 3520, "node_type": "junction", "degree": 3, "link_types": "sidewalk"}, "geometry": {"type": "Point", "coordinates": [329158.84, 4698938.6]}}, {"type": "Feature", "properties": {"node_id": 3521, "node_type": "type_change", "degree": 3, "link_types": "pseudo+sidewalk"}, "geometry": {"type": "Point", "coordinates": [329158.92, 4698938.52]}}, {"type": "Feature", "properties": {"node_id": 3522, "node_type": "type_change", "degree": 2, "link_types": "pseudo+sidewalk"}, "geometry": {"type": "Point", "coordinates": [329941.24, 4698679.96]}}, {"type": "Feature", "properties": {"node_id": 3523, "node_type": "type_change", "degree": 2, "link_types": "crosswalk+pseudo"}, "geometry": {"type": "Point", "coordinates": [329940.44, 4698680.76]}}, {"type": "Feature", "properties": {"node_id": 3524, "node_type": "type_change", "degree": 2, "link_types": "crosswalk+pseudo"}, "geometry": {"type": "Point", "coordinates": [329939.88, 4698691.56]}}, {"type": "Feature", "properties": {"node_id": 3525, "node_type": "endpoint", "degree": 1, "link_types": "sidewalk"}, "geometry": {"type": "Point", "coordinates": [329732.04, 4699262.28]}}, {"type": "Feature", "properties": {"node_id": 3526, "node_type": "type_change", "degree": 2, "link_types": "midblock+sidewalk"}, "geometry": {"type": "Point", "coordinates": [329520.746, 4699434.176]}}, {"type": "Feature", "properties": {"node_id": 3527, "node_type": "endpoint", "degree": 1, "link_types": "midblock"}, "geometry": {"type": "Point", "coordinates": [329511.72, 4699430.84]}}, {"type": "Feature", "properties": {"node_id": 3528, "node_type": "endpoint", "degree": 1, "link_types": "sidewalk"}, "geometry": {"type": "Point", "coordinates": [329732.68, 4698271.96]}}, {"type": "Feature", "properties": {"node_id": 3529, "node_type": "junction", "degree": 3, "link_types": "sidewalk"}, "geometry": {"type": "Point", "coordinates": [329732.12, 4698275.48]}}, {"type": "Feature", "properties": {"node_id": 3530, "node_type": "type_change", "degree": 2, "link_types": "crosswalk+pseudo"}, "geometry": {"type": "Point", "coordinates": [329169.72, 4699025.16]}}, {"type": "Feature", "properties": {"node_id": 3531, "node_type": "type_change", "degree": 2, "link_types": "crosswalk+pseudo"}, "geometry": {"type": "Point", "coordinates": [329177.4, 4699024.92]}}, {"type": "Feature", "properties": {"node_id": 3532, "node_type": "endpoint", "degree": 1, "link_types": "sidewalk"}, "geometry": {"type": "Point", "coordinates": [329291.16, 4698775.56]}}, {"type": "Feature", "properties": {"node_id": 3533, "node_type": "endpoint", "degree": 1, "link_types": "sidewalk"}, "geometry": {"type": "Point", "coordinates": [329691.24, 4698903.24]}}, {"type": "Feature", "properties": {"node_id": 3534, "node_type": "type_change", "degree": 2, "link_types": "pseudo+sidewalk"}, "geometry": {"type": "Point", "coordinates": [329691.32, 4698903.16]}}, {"type": "Feature", "properties": {"node_id": 3535, "node_type": "type_change", "degree": 2, "link_types": "crosswalk+pseudo"}, "geometry": {"type": "Point", "coordinates": [329691.56, 4698902.84]}}, {"type": "Feature", "properties": {"node_id": 3536, "node_type": "type_change", "degree": 2, "link_types": "crosswalk+pseudo"}, "geometry": {"type": "Point", "coordinates": [329688.76, 4698899.72]}}, {"type": "Feature", "properties": {"node_id": 3537, "node_type": "type_change", "degree": 2, "link_types": "crosswalk+pseudo"}, "geometry": {"type": "Point", "coordinates": [329689.4, 4698898.76]}}, {"type": "Feature", "properties": {"node_id": 3538, "node_type": "type_change", "degree": 2, "link_types": "crosswalk+pseudo"}, "geometry": {"type": "Point", "coordinates": [329683.56, 4698897.32]}}, {"type": "Feature", "properties": {"node_id": 3539, "node_type": "type_change", "degree": 3, "link_types": "pseudo+sidewalk"}, "geometry": {"type": "Point", "coordinates": [329681.8, 4698898.04]}}, {"type": "Feature", "properties": {"node_id": 3540, "node_type": "junction", "degree": 3, "link_types": "sidewalk"}, "geometry": {"type": "Point", "coordinates": [329598.2, 4698271.4]}}, {"type": "Feature", "properties": {"node_id": 3541, "node_type": "endpoint", "degree": 1, "link_types": "sidewalk"}, "geometry": {"type": "Point", "coordinates": [329565.32, 4699208.76]}}, {"type": "Feature", "properties": {"node_id": 3542, "node_type": "type_change", "degree": 3, "link_types": "pseudo+sidewalk"}, "geometry": {"type": "Point", "coordinates": [329564.44, 4699209.16]}}, {"type": "Feature", "properties": {"node_id": 3543, "node_type": "junction", "degree": 3, "link_types": "sidewalk"}, "geometry": {"type": "Point", "coordinates": [329947.24, 4698847.24]}}, {"type": "Feature", "properties": {"node_id": 3544, "node_type": "type_change", "degree": 2, "link_types": "midblock+sidewalk"}, "geometry": {"type": "Point", "coordinates": [329941.348, 4698837.82]}}, {"type": "Feature", "properties": {"node_id": 3545, "node_type": "type_change", "degree": 2, "link_types": "midblock+sidewalk"}, "geometry": {"type": "Point", "coordinates": [329940.754, 4698830.939]}}, {"type": "Feature", "properties": {"node_id": 3546, "node_type": "endpoint", "degree": 1, "link_types": "sidewalk"}, "geometry": {"type": "Point", "coordinates": [329940.52, 4698820.44]}}, {"type": "Feature", "properties": {"node_id": 3547, "node_type": "endpoint", "degree": 1, "link_types": "sidewalk"}, "geometry": {"type": "Point", "coordinates": [328699.16, 4699233.4]}}, {"type": "Feature", "properties": {"node_id": 3548, "node_type": "type_change", "degree": 2, "link_types": "midblock+sidewalk"}, "geometry": {"type": "Point", "coordinates": [329735.626, 4698492.509]}}, {"type": "Feature", "properties": {"node_id": 3549, "node_type": "type_change", "degree": 2, "link_types": "midblock+sidewalk"}, "geometry": {"type": "Point", "coordinates": [329736.21, 4698487.936]}}, {"type": "Feature", "properties": {"node_id": 3550, "node_type": "endpoint", "degree": 1, "link_types": "sidewalk"}, "geometry": {"type": "Point", "coordinates": [329736.44, 4698486.68]}}, {"type": "Feature", "properties": {"node_id": 3551, "node_type": "endpoint", "degree": 1, "link_types": "sidewalk"}, "geometry": {"type": "Point", "coordinates": [329521.8, 4699134.6]}}, {"type": "Feature", "properties": {"node_id": 3552, "node_type": "endpoint", "degree": 1, "link_types": "sidewalk"}, "geometry": {"type": "Point", "coordinates": [329525.4, 4699162.76]}}, {"type": "Feature", "properties": {"node_id": 3553, "node_type": "endpoint", "degree": 1, "link_types": "sidewalk"}, "geometry": {"type": "Point", "coordinates": [328748.84, 4698545.8]}}, {"type": "Feature", "properties": {"node_id": 3554, "node_type": "type_change", "degree": 2, "link_types": "midblock+sidewalk"}, "geometry": {"type": "Point", "coordinates": [328744.364, 4698530.789]}}, {"type": "Feature", "properties": {"node_id": 3555, "node_type": "type_change", "degree": 2, "link_types": "midblock+sidewalk"}, "geometry": {"type": "Point", "coordinates": [328745.785, 4698525.911]}}, {"type": "Feature", "properties": {"node_id": 3556, "node_type": "junction", "degree": 3, "link_types": "sidewalk"}, "geometry": {"type": "Point", "coordinates": [328750.68, 4698512.6]}}, {"type": "Feature", "properties": {"node_id": 3557, "node_type": "endpoint", "degree": 1, "link_types": "crosswalk"}, "geometry": {"type": "Point", "coordinates": [329630.6, 4699008.84]}}, {"type": "Feature", "properties": {"node_id": 3558, "node_type": "type_change", "degree": 2, "link_types": "crosswalk+pseudo"}, "geometry": {"type": "Point", "coordinates": [329622.52, 4699008.6]}}, {"type": "Feature", "properties": {"node_id": 3559, "node_type": "type_change", "degree": 3, "link_types": "pseudo+sidewalk"}, "geometry": {"type": "Point", "coordinates": [329621.72, 4699007.72]}}, {"type": "Feature", "properties": {"node_id": 3560, "node_type": "endpoint", "degree": 1, "link_types": "sidewalk"}, "geometry": {"type": "Point", "coordinates": [329902.68, 4699045.08]}}, {"type": "Feature", "properties": {"node_id": 3561, "node_type": "junction", "degree": 3, "link_types": "sidewalk"}, "geometry": {"type": "Point", "coordinates": [329906.2, 4699038.84]}}, {"type": "Feature", "properties": {"node_id": 3562, "node_type": "junction", "degree": 3, "link_types": "sidewalk"}, "geometry": {"type": "Point", "coordinates": [329591.32, 4699073.48]}}, {"type": "Feature", "properties": {"node_id": 3563, "node_type": "endpoint", "degree": 1, "link_types": "sidewalk"}, "geometry": {"type": "Point", "coordinates": [329935.48, 4699437.8]}}, {"type": "Feature", "properties": {"node_id": 3564, "node_type": "junction", "degree": 3, "link_types": "sidewalk"}, "geometry": {"type": "Point", "coordinates": [329942.2, 4699446.44]}}, {"type": "Feature", "properties": {"node_id": 3565, "node_type": "junction", "degree": 3, "link_types": "sidewalk"}, "geometry": {"type": "Point", "coordinates": [329412.28, 4699237.16]}}, {"type": "Feature", "properties": {"node_id": 3566, "node_type": "junction", "degree": 3, "link_types": "sidewalk"}, "geometry": {"type": "Point", "coordinates": [329412.36, 4699237.16]}}, {"type": "Feature", "properties": {"node_id": 3567, "node_type": "type_change", "degree": 2, "link_types": "midblock+sidewalk"}, "geometry": {"type": "Point", "coordinates": [328827.606, 4698357.197]}}, {"type": "Feature", "properties": {"node_id": 3568, "node_type": "type_change", "degree": 2, "link_types": "midblock+sidewalk"}, "geometry": {"type": "Point", "coordinates": [328824.57, 4698357.255]}}, {"type": "Feature", "properties": {"node_id": 3569, "node_type": "type_change", "degree": 2, "link_types": "midblock+sidewalk"}, "geometry": {"type": "Point", "coordinates": [328811.703, 4698357.503]}}, {"type": "Feature", "properties": {"node_id": 3570, "node_type": "type_change", "degree": 2, "link_types": "midblock+sidewalk"}, "geometry": {"type": "Point", "coordinates": [328802.833, 4698357.674]}}, {"type": "Feature", "properties": {"node_id": 3571, "node_type": "junction", "degree": 3, "link_types": "sidewalk"}, "geometry": {"type": "Point", "coordinates": [328796.28, 4698357.8]}}, {"type": "Feature", "properties": {"node_id": 3572, "node_type": "endpoint", "degree": 1, "link_types": "sidewalk"}, "geometry": {"type": "Point", "coordinates": [328997.08, 4699416.12]}}, {"type": "Feature", "properties": {"node_id": 3573, "node_type": "endpoint", "degree": 1, "link_types": "sidewalk"}, "geometry": {"type": "Point", "coordinates": [328829.24, 4698887.72]}}, {"type": "Feature", "properties": {"node_id": 3574, "node_type": "type_change", "degree": 2, "link_types": "pseudo+sidewalk"}, "geometry": {"type": "Point", "coordinates": [328829.32, 4698887.72]}}, {"type": "Feature", "properties": {"node_id": 3575, "node_type": "type_change", "degree": 2, "link_types": "crosswalk+pseudo"}, "geometry": {"type": "Point", "coordinates": [328831.08, 4698888.12]}}, {"type": "Feature", "properties": {"node_id": 3576, "node_type": "type_change", "degree": 2, "link_types": "crosswalk+pseudo"}, "geometry": {"type": "Point", "coordinates": [328831.0, 4698878.44]}}, {"type": "Feature", "properties": {"node_id": 3577, "node_type": "junction", "degree": 3, "link_types": "pseudo"}, "geometry": {"type": "Point", "coordinates": [329386.36, 4699448.28]}}, {"type": "Feature", "properties": {"node_id": 3578, "node_type": "type_change", "degree": 2, "link_types": "crosswalk+pseudo"}, "geometry": {"type": "Point", "coordinates": [329386.44, 4699447.24]}}, {"type": "Feature", "properties": {"node_id": 3579, "node_type": "type_change", "degree": 3, "link_types": "crosswalk+pseudo"}, "geometry": {"type": "Point", "coordinates": [329388.36, 4699443.8]}}, {"type": "Feature", "properties": {"node_id": 3580, "node_type": "endpoint", "degree": 1, "link_types": "sidewalk"}, "geometry": {"type": "Point", "coordinates": [329819.08, 4699153.0]}}, {"type": "Feature", "properties": {"node_id": 3581, "node_type": "endpoint", "degree": 1, "link_types": "sidewalk"}, "geometry": {"type": "Point", "coordinates": [328676.6, 4699499.72]}}, {"type": "Feature", "properties": {"node_id": 3582, "node_type": "type_change", "degree": 2, "link_types": "crosswalk+pseudo"}, "geometry": {"type": "Point", "coordinates": [329936.92, 4699165.56]}}, {"type": "Feature", "properties": {"node_id": 3583, "node_type": "type_change", "degree": 2, "link_types": "midblock+sidewalk"}, "geometry": {"type": "Point", "coordinates": [328910.639, 4698793.442]}}, {"type": "Feature", "properties": {"node_id": 3584, "node_type": "type_change", "degree": 2, "link_types": "midblock+sidewalk"}, "geometry": {"type": "Point", "coordinates": [328908.088, 4698793.431]}}, {"type": "Feature", "properties": {"node_id": 3585, "node_type": "type_change", "degree": 2, "link_types": "midblock+sidewalk"}, "geometry": {"type": "Point", "coordinates": [328893.503, 4698793.673]}}, {"type": "Feature", "properties": {"node_id": 3586, "node_type": "type_change", "degree": 2, "link_types": "midblock+sidewalk"}, "geometry": {"type": "Point", "coordinates": [328886.331, 4698794.013]}}, {"type": "Feature", "properties": {"node_id": 3587, "node_type": "endpoint", "degree": 1, "link_types": "sidewalk"}, "geometry": {"type": "Point", "coordinates": [328879.0, 4698794.36]}}, {"type": "Feature", "properties": {"node_id": 3588, "node_type": "endpoint", "degree": 1, "link_types": "sidewalk"}, "geometry": {"type": "Point", "coordinates": [329491.16, 4699414.6]}}, {"type": "Feature", "properties": {"node_id": 3589, "node_type": "type_change", "degree": 2, "link_types": "midblock+sidewalk"}, "geometry": {"type": "Point", "coordinates": [329485.945, 4699413.578]}}, {"type": "Feature", "properties": {"node_id": 3590, "node_type": "type_change", "degree": 2, "link_types": "midblock+sidewalk"}, "geometry": {"type": "Point", "coordinates": [329484.163, 4699413.761]}}, {"type": "Feature", "properties": {"node_id": 3591, "node_type": "type_change", "degree": 2, "link_types": "midblock+sidewalk"}, "geometry": {"type": "Point", "coordinates": [329461.764, 4699399.048]}}, {"type": "Feature", "properties": {"node_id": 3592, "node_type": "type_change", "degree": 2, "link_types": "midblock+sidewalk"}, "geometry": {"type": "Point", "coordinates": [329462.114, 4699398.181]}}, {"type": "Feature", "properties": {"node_id": 3593, "node_type": "endpoint", "degree": 1, "link_types": "sidewalk"}, "geometry": {"type": "Point", "coordinates": [329463.96, 4699396.6]}}, {"type": "Feature", "properties": {"node_id": 3594, "node_type": "endpoint", "degree": 1, "link_types": "sidewalk"}, "geometry": {"type": "Point", "coordinates": [329072.76, 4698568.68]}}, {"type": "Feature", "properties": {"node_id": 3595, "node_type": "type_change", "degree": 3, "link_types": "crosswalk+sidewalk"}, "geometry": {"type": "Point", "coordinates": [329208.84, 4698244.2]}}, {"type": "Feature", "properties": {"node_id": 3596, "node_type": "endpoint", "degree": 1, "link_types": "crosswalk"}, "geometry": {"type": "Point", "coordinates": [329223.16, 4698089.08]}}, {"type": "Feature", "properties": {"node_id": 3597, "node_type": "type_change", "degree": 2, "link_types": "crosswalk+pseudo"}, "geometry": {"type": "Point", "coordinates": [329225.24, 4698086.76]}}, {"type": "Feature", "properties": {"node_id": 3598, "node_type": "junction", "degree": 3, "link_types": "pseudo"}, "geometry": {"type": "Point", "coordinates": [329227.24, 4698087.16]}}, {"type": "Feature", "properties": {"node_id": 3599, "node_type": "type_change", "degree": 2, "link_types": "midblock+sidewalk"}, "geometry": {"type": "Point", "coordinates": [328521.023, 4698033.387]}}, {"type": "Feature", "properties": {"node_id": 3600, "node_type": "endpoint", "degree": 1, "link_types": "sidewalk"}, "geometry": {"type": "Point", "coordinates": [328520.36, 4698034.92]}}, {"type": "Feature", "properties": {"node_id": 3601, "node_type": "endpoint", "degree": 1, "link_types": "sidewalk"}, "geometry": {"type": "Point", "coordinates": [328527.16, 4698001.4]}}, {"type": "Feature", "properties": {"node_id": 3602, "node_type": "type_change", "degree": 3, "link_types": "pseudo+sidewalk"}, "geometry": {"type": "Point", "coordinates": [328874.28, 4698419.32]}}, {"type": "Feature", "properties": {"node_id": 3603, "node_type": "endpoint", "degree": 1, "link_types": "sidewalk"}, "geometry": {"type": "Point", "coordinates": [329796.92, 4699085.48]}}, {"type": "Feature", "properties": {"node_id": 3604, "node_type": "endpoint", "degree": 1, "link_types": "crosswalk"}, "geometry": {"type": "Point", "coordinates": [329368.36, 4699091.16]}}, {"type": "Feature", "properties": {"node_id": 3605, "node_type": "endpoint", "degree": 1, "link_types": "crosswalk"}, "geometry": {"type": "Point", "coordinates": [329367.08, 4699089.56]}}, {"type": "Feature", "properties": {"node_id": 3606, "node_type": "endpoint", "degree": 1, "link_types": "sidewalk"}, "geometry": {"type": "Point", "coordinates": [329783.08, 4698125.16]}}, {"type": "Feature", "properties": {"node_id": 3607, "node_type": "endpoint", "degree": 1, "link_types": "sidewalk"}, "geometry": {"type": "Point", "coordinates": [329520.92, 4698255.32]}}, {"type": "Feature", "properties": {"node_id": 3608, "node_type": "type_change", "degree": 2, "link_types": "pseudo+sidewalk"}, "geometry": {"type": "Point", "coordinates": [329657.08, 4699427.96]}}, {"type": "Feature", "properties": {"node_id": 3609, "node_type": "type_change", "degree": 2, "link_types": "crosswalk+pseudo"}, "geometry": {"type": "Point", "coordinates": [329654.2, 4699429.56]}}, {"type": "Feature", "properties": {"node_id": 3610, "node_type": "type_change", "degree": 2, "link_types": "crosswalk+pseudo"}, "geometry": {"type": "Point", "coordinates": [329649.56, 4699452.12]}}, {"type": "Feature", "properties": {"node_id": 3611, "node_type": "junction", "degree": 3, "link_types": "pseudo"}, "geometry": {"type": "Point", "coordinates": [329649.72, 4699454.04]}}, {"type": "Feature", "properties": {"node_id": 3612, "node_type": "type_change", "degree": 3, "link_types": "crosswalk+sidewalk"}, "geometry": {"type": "Point", "coordinates": [328938.76, 4698887.72]}}, {"type": "Feature", "properties": {"node_id": 3613, "node_type": "endpoint", "degree": 1, "link_types": "sidewalk"}, "geometry": {"type": "Point", "coordinates": [329282.12, 4698740.04]}}, {"type": "Feature", "properties": {"node_id": 3614, "node_type": "type_change", "degree": 3, "link_types": "pseudo+sidewalk"}, "geometry": {"type": "Point", "coordinates": [329281.88, 4698739.56]}}, {"type": "Feature", "properties": {"node_id": 3615, "node_type": "junction", "degree": 3, "link_types": "sidewalk"}, "geometry": {"type": "Point", "coordinates": [329865.8, 4699431.56]}}, {"type": "Feature", "properties": {"node_id": 3616, "node_type": "junction", "degree": 3, "link_types": "sidewalk"}, "geometry": {"type": "Point", "coordinates": [328984.68, 4699254.28]}}, {"type": "Feature", "properties": {"node_id": 3617, "node_type": "endpoint", "degree": 1, "link_types": "crosswalk"}, "geometry": {"type": "Point", "coordinates": [328820.36, 4698968.6]}}, {"type": "Feature", "properties": {"node_id": 3618, "node_type": "type_change", "degree": 2, "link_types": "crosswalk+pseudo"}, "geometry": {"type": "Point", "coordinates": [328820.76, 4698962.04]}}, {"type": "Feature", "properties": {"node_id": 3619, "node_type": "type_change", "degree": 3, "link_types": "pseudo+sidewalk"}, "geometry": {"type": "Point", "coordinates": [328820.36, 4698961.24]}}, {"type": "Feature", "properties": {"node_id": 3620, "node_type": "type_change", "degree": 2, "link_types": "crosswalk+pseudo"}, "geometry": {"type": "Point", "coordinates": [328502.68, 4698282.92]}}, {"type": "Feature", "properties": {"node_id": 3621, "node_type": "endpoint", "degree": 1, "link_types": "crosswalk"}, "geometry": {"type": "Point", "coordinates": [328504.44, 4698276.2]}}, {"type": "Feature", "properties": {"node_id": 3622, "node_type": "junction", "degree": 3, "link_types": "sidewalk"}, "geometry": {"type": "Point", "coordinates": [329955.48, 4699493.48]}}, {"type": "Feature", "properties": {"node_id": 3623, "node_type": "type_change", "degree": 2, "link_types": "pseudo+sidewalk"}, "geometry": {"type": "Point", "coordinates": [329954.12, 4699497.4]}}, {"type": "Feature", "properties": {"node_id": 3624, "node_type": "type_change", "degree": 2, "link_types": "crosswalk+pseudo"}, "geometry": {"type": "Point", "coordinates": [329952.52, 4699499.0]}}, {"type": "Feature", "properties": {"node_id": 3625, "node_type": "type_change", "degree": 2, "link_types": "crosswalk+pseudo"}, "geometry": {"type": "Point", "coordinates": [329940.52, 4699497.88]}}, {"type": "Feature", "properties": {"node_id": 3626, "node_type": "junction", "degree": 3, "link_types": "pseudo"}, "geometry": {"type": "Point", "coordinates": [329940.6, 4699499.08]}}, {"type": "Feature", "properties": {"node_id": 3627, "node_type": "endpoint", "degree": 1, "link_types": "sidewalk"}, "geometry": {"type": "Point", "coordinates": [329957.24, 4699493.4]}}, {"type": "Feature", "properties": {"node_id": 3628, "node_type": "type_change", "degree": 2, "link_types": "pseudo+sidewalk"}, "geometry": {"type": "Point", "coordinates": [329955.4, 4699493.4]}}, {"type": "Feature", "properties": {"node_id": 3629, "node_type": "type_change", "degree": 2, "link_types": "crosswalk+pseudo"}, "geometry": {"type": "Point", "coordinates": [329955.0, 4699492.76]}}, {"type": "Feature", "properties": {"node_id": 3630, "node_type": "type_change", "degree": 2, "link_types": "crosswalk+pseudo"}, "geometry": {"type": "Point", "coordinates": [329955.4, 4699484.76]}}, {"type": "Feature", "properties": {"node_id": 3631, "node_type": "type_change", "degree": 3, "link_types": "pseudo+sidewalk"}, "geometry": {"type": "Point", "coordinates": [329956.68, 4699484.36]}}, {"type": "Feature", "properties": {"node_id": 3632, "node_type": "endpoint", "degree": 1, "link_types": "sidewalk"}, "geometry": {"type": "Point", "coordinates": [329313.64, 4699183.96]}}, {"type": "Feature", "properties": {"node_id": 3633, "node_type": "type_change", "degree": 2, "link_types": "pseudo+sidewalk"}, "geometry": {"type": "Point", "coordinates": [329313.72, 4699184.04]}}, {"type": "Feature", "properties": {"node_id": 3634, "node_type": "type_change", "degree": 2, "link_types": "crosswalk+pseudo"}, "geometry": {"type": "Point", "coordinates": [329314.92, 4699186.28]}}, {"type": "Feature", "properties": {"node_id": 3635, "node_type": "endpoint", "degree": 1, "link_types": "sidewalk"}, "geometry": {"type": "Point", "coordinates": [329389.16, 4699246.36]}}, {"type": "Feature", "properties": {"node_id": 3636, "node_type": "endpoint", "degree": 1, "link_types": "sidewalk"}, "geometry": {"type": "Point", "coordinates": [329210.44, 4699254.44]}}, {"type": "Feature", "properties": {"node_id": 3637, "node_type": "type_change", "degree": 2, "link_types": "pseudo+sidewalk"}, "geometry": {"type": "Point", "coordinates": [329210.36, 4699254.52]}}, {"type": "Feature", "properties": {"node_id": 3638, "node_type": "type_change", "degree": 2, "link_types": "crosswalk+pseudo"}, "geometry": {"type": "Point", "coordinates": [329208.76, 4699255.72]}}, {"type": "Feature", "properties": {"node_id": 3639, "node_type": "type_change", "degree": 3, "link_types": "crosswalk+pseudo"}, "geometry": {"type": "Point", "coordinates": [329207.64, 4699246.6]}}, {"type": "Feature", "properties": {"node_id": 3640, "node_type": "endpoint", "degree": 1, "link_types": "sidewalk"}, "geometry": {"type": "Point", "coordinates": [329421.24, 4699240.2]}}, {"type": "Feature", "properties": {"node_id": 3641, "node_type": "type_change", "degree": 2, "link_types": "pseudo+sidewalk"}, "geometry": {"type": "Point", "coordinates": [329420.76, 4699240.12]}}, {"type": "Feature", "properties": {"node_id": 3642, "node_type": "type_change", "degree": 2, "link_types": "crosswalk+pseudo"}, "geometry": {"type": "Point", "coordinates": [329419.56, 4699238.2]}}, {"type": "Feature", "properties": {"node_id": 3643, "node_type": "type_change", "degree": 2, "link_types": "crosswalk+pseudo"}, "geometry": {"type": "Point", "coordinates": [329430.92, 4699237.4]}}, {"type": "Feature", "properties": {"node_id": 3644, "node_type": "endpoint", "degree": 1, "link_types": "sidewalk"}, "geometry": {"type": "Point", "coordinates": [329949.64, 4698597.48]}}, {"type": "Feature", "properties": {"node_id": 3645, "node_type": "junction", "degree": 3, "link_types": "sidewalk"}, "geometry": {"type": "Point", "coordinates": [329992.12, 4698513.88]}}, {"type": "Feature", "properties": {"node_id": 3646, "node_type": "endpoint", "degree": 1, "link_types": "sidewalk"}, "geometry": {"type": "Point", "coordinates": [329635.24, 4699499.64]}}, {"type": "Feature", "properties": {"node_id": 3647, "node_type": "type_change", "degree": 2, "link_types": "midblock+sidewalk"}, "geometry": {"type": "Point", "coordinates": [329637.583, 4699494.005]}}, {"type": "Feature", "properties": {"node_id": 3648, "node_type": "type_change", "degree": 2, "link_types": "midblock+sidewalk"}, "geometry": {"type": "Point", "coordinates": [329638.585, 4699488.67]}}, {"type": "Feature", "properties": {"node_id": 3649, "node_type": "type_change", "degree": 2, "link_types": "midblock+sidewalk"}, "geometry": {"type": "Point", "coordinates": [329640.369, 4699479.179]}}, {"type": "Feature", "properties": {"node_id": 3650, "node_type": "type_change", "degree": 2, "link_types": "midblock+sidewalk"}, "geometry": {"type": "Point", "coordinates": [329641.37, 4699473.845]}}, {"type": "Feature", "properties": {"node_id": 3651, "node_type": "endpoint", "degree": 1, "link_types": "sidewalk"}, "geometry": {"type": "Point", "coordinates": [329645.32, 4699460.52]}}, {"type": "Feature", "properties": {"node_id": 3652, "node_type": "endpoint", "degree": 1, "link_types": "sidewalk"}, "geometry": {"type": "Point", "coordinates": [329281.88, 4699287.0]}}, {"type": "Feature", "properties": {"node_id": 3653, "node_type": "junction", "degree": 3, "link_types": "sidewalk"}, "geometry": {"type": "Point", "coordinates": [328796.36, 4699056.36]}}, {"type": "Feature", "properties": {"node_id": 3654, "node_type": "endpoint", "degree": 1, "link_types": "sidewalk"}, "geometry": {"type": "Point", "coordinates": [329547.56, 4699104.2]}}, {"type": "Feature", "properties": {"node_id": 3655, "node_type": "endpoint", "degree": 1, "link_types": "crosswalk"}, "geometry": {"type": "Point", "coordinates": [328853.96, 4698802.76]}}, {"type": "Feature", "properties": {"node_id": 3656, "node_type": "type_change", "degree": 2, "link_types": "crosswalk+pseudo"}, "geometry": {"type": "Point", "coordinates": [328860.12, 4698797.0]}}, {"type": "Feature", "properties": {"node_id": 3657, "node_type": "endpoint", "degree": 1, "link_types": "pseudo"}, "geometry": {"type": "Point", "coordinates": [328860.36, 4698797.48]}}, {"type": "Feature", "properties": {"node_id": 3658, "node_type": "type_change", "degree": 2, "link_types": "pseudo+sidewalk"}, "geometry": {"type": "Point", "coordinates": [328776.36, 4698878.68]}}, {"type": "Feature", "properties": {"node_id": 3659, "node_type": "type_change", "degree": 3, "link_types": "pseudo+sidewalk"}, "geometry": {"type": "Point", "coordinates": [328801.64, 4698878.2]}}, {"type": "Feature", "properties": {"node_id": 3660, "node_type": "junction", "degree": 3, "link_types": "sidewalk"}, "geometry": {"type": "Point", "coordinates": [329992.04, 4698513.8]}}, {"type": "Feature", "properties": {"node_id": 3661, "node_type": "junction", "degree": 3, "link_types": "sidewalk"}, "geometry": {"type": "Point", "coordinates": [329992.12, 4698513.8]}}, {"type": "Feature", "properties": {"node_id": 3662, "node_type": "endpoint", "degree": 1, "link_types": "sidewalk"}, "geometry": {"type": "Point", "coordinates": [329941.88, 4699426.84]}}, {"type": "Feature", "properties": {"node_id": 3663, "node_type": "type_change", "degree": 2, "link_types": "pseudo+sidewalk"}, "geometry": {"type": "Point", "coordinates": [329941.8, 4699426.92]}}, {"type": "Feature", "properties": {"node_id": 3664, "node_type": "type_change", "degree": 3, "link_types": "crosswalk+pseudo"}, "geometry": {"type": "Point", "coordinates": [329939.96, 4699427.8]}}, {"type": "Feature", "properties": {"node_id": 3665, "node_type": "type_change", "degree": 3, "link_types": "pseudo+sidewalk"}, "geometry": {"type": "Point", "coordinates": [329566.68, 4699276.84]}}, {"type": "Feature", "properties": {"node_id": 3666, "node_type": "junction", "degree": 3, "link_types": "pseudo"}, "geometry": {"type": "Point", "coordinates": [328829.56, 4699320.6]}}, {"type": "Feature", "properties": {"node_id": 3667, "node_type": "type_change", "degree": 2, "link_types": "pseudo+sidewalk"}, "geometry": {"type": "Point", "coordinates": [328830.36, 4699322.12]}}, {"type": "Feature", "properties": {"node_id": 3668, "node_type": "junction", "degree": 3, "link_types": "sidewalk"}, "geometry": {"type": "Point", "coordinates": [328831.48, 4699322.92]}}, {"type": "Feature", "properties": {"node_id": 3669, "node_type": "junction", "degree": 3, "link_types": "pseudo"}, "geometry": {"type": "Point", "coordinates": [328829.48, 4699320.52]}}, {"type": "Feature", "properties": {"node_id": 3670, "node_type": "type_change", "degree": 3, "link_types": "crosswalk+pseudo"}, "geometry": {"type": "Point", "coordinates": [328829.64, 4699320.52]}}, {"type": "Feature", "properties": {"node_id": 3671, "node_type": "endpoint", "degree": 1, "link_types": "sidewalk"}, "geometry": {"type": "Point", "coordinates": [329999.72, 4698470.6]}}, {"type": "Feature", "properties": {"node_id": 3672, "node_type": "type_change", "degree": 2, "link_types": "midblock+sidewalk"}, "geometry": {"type": "Point", "coordinates": [329963.996, 4698464.274]}}, {"type": "Feature", "properties": {"node_id": 3673, "node_type": "type_change", "degree": 2, "link_types": "midblock+sidewalk"}, "geometry": {"type": "Point", "coordinates": [329960.513, 4698463.785]}}, {"type": "Feature", "properties": {"node_id": 3674, "node_type": "type_change", "degree": 2, "link_types": "midblock+sidewalk"}, "geometry": {"type": "Point", "coordinates": [329957.03, 4698463.295]}}, {"type": "Feature", "properties": {"node_id": 3675, "node_type": "type_change", "degree": 2, "link_types": "midblock+sidewalk"}, "geometry": {"type": "Point", "coordinates": [329950.934, 4698462.438]}}, {"type": "Feature", "properties": {"node_id": 3676, "node_type": "type_change", "degree": 2, "link_types": "midblock+sidewalk"}, "geometry": {"type": "Point", "coordinates": [329942.701, 4698461.281]}}, {"type": "Feature", "properties": {"node_id": 3677, "node_type": "type_change", "degree": 2, "link_types": "midblock+sidewalk"}, "geometry": {"type": "Point", "coordinates": [329940.009, 4698460.902]}}, {"type": "Feature", "properties": {"node_id": 3678, "node_type": "type_change", "degree": 3, "link_types": "pseudo+sidewalk"}, "geometry": {"type": "Point", "coordinates": [329917.16, 4698458.36]}}, {"type": "Feature", "properties": {"node_id": 3679, "node_type": "endpoint", "degree": 1, "link_types": "sidewalk"}, "geometry": {"type": "Point", "coordinates": [329227.88, 4698085.64]}}, {"type": "Feature", "properties": {"node_id": 3680, "node_type": "type_change", "degree": 3, "link_types": "pseudo+sidewalk"}, "geometry": {"type": "Point", "coordinates": [329227.32, 4698087.16]}}, {"type": "Feature", "properties": {"node_id": 3681, "node_type": "type_change", "degree": 3, "link_types": "crosswalk+sidewalk"}, "geometry": {"type": "Point", "coordinates": [328700.6, 4698706.36]}}, {"type": "Feature", "properties": {"node_id": 3682, "node_type": "endpoint", "degree": 1, "link_types": "sidewalk"}, "geometry": {"type": "Point", "coordinates": [329692.04, 4698486.68]}}, {"type": "Feature", "properties": {"node_id": 3683, "node_type": "junction", "degree": 3, "link_types": "sidewalk"}, "geometry": {"type": "Point", "coordinates": [329723.4, 4698488.44]}}, {"type": "Feature", "properties": {"node_id": 3684, "node_type": "type_change", "degree": 2, "link_types": "crosswalk+pseudo"}, "geometry": {"type": "Point", "coordinates": [329631.96, 4698357.08]}}, {"type": "Feature", "properties": {"node_id": 3685, "node_type": "type_change", "degree": 2, "link_types": "crosswalk+pseudo"}, "geometry": {"type": "Point", "coordinates": [329641.56, 4698357.0]}}, {"type": "Feature", "properties": {"node_id": 3686, "node_type": "junction", "degree": 3, "link_types": "pseudo"}, "geometry": {"type": "Point", "coordinates": [329642.52, 4698357.0]}}, {"type": "Feature", "properties": {"node_id": 3687, "node_type": "endpoint", "degree": 1, "link_types": "sidewalk"}, "geometry": {"type": "Point", "coordinates": [328682.84, 4698803.32]}}, {"type": "Feature", "properties": {"node_id": 3688, "node_type": "type_change", "degree": 2, "link_types": "pseudo+sidewalk"}, "geometry": {"type": "Point", "coordinates": [328682.92, 4698803.32]}}, {"type": "Feature", "properties": {"node_id": 3689, "node_type": "type_change", "degree": 2, "link_types": "crosswalk+pseudo"}, "geometry": {"type": "Point", "coordinates": [328684.68, 4698803.96]}}, {"type": "Feature", "properties": {"node_id": 3690, "node_type": "endpoint", "degree": 1, "link_types": "crosswalk"}, "geometry": {"type": "Point", "coordinates": [328683.24, 4698797.32]}}, {"type": "Feature", "properties": {"node_id": 3691, "node_type": "endpoint", "degree": 1, "link_types": "sidewalk"}, "geometry": {"type": "Point", "coordinates": [329425.96, 4699311.8]}}, {"type": "Feature", "properties": {"node_id": 3692, "node_type": "type_change", "degree": 2, "link_types": "pseudo+sidewalk"}, "geometry": {"type": "Point", "coordinates": [329425.96, 4699311.72]}}, {"type": "Feature", "properties": {"node_id": 3693, "node_type": "type_change", "degree": 3, "link_types": "crosswalk+pseudo"}, "geometry": {"type": "Point", "coordinates": [329426.28, 4699309.24]}}, {"type": "Feature", "properties": {"node_id": 3694, "node_type": "endpoint", "degree": 1, "link_types": "crosswalk"}, "geometry": {"type": "Point", "coordinates": [329633.16, 4698277.0]}}, {"type": "Feature", "properties": {"node_id": 3695, "node_type": "type_change", "degree": 2, "link_types": "crosswalk+pseudo"}, "geometry": {"type": "Point", "coordinates": [329637.32, 4698270.44]}}, {"type": "Feature", "properties": {"node_id": 3696, "node_type": "endpoint", "degree": 1, "link_types": "pseudo"}, "geometry": {"type": "Point", "coordinates": [329635.56, 4698269.56]}}, {"type": "Feature", "properties": {"node_id": 3697, "node_type": "endpoint", "degree": 1, "link_types": "sidewalk"}, "geometry": {"type": "Point", "coordinates": [328930.2, 4698975.8]}}, {"type": "Feature", "properties": {"node_id": 3698, "node_type": "endpoint", "degree": 1, "link_types": "sidewalk"}, "geometry": {"type": "Point", "coordinates": [329959.72, 4699272.44]}}, {"type": "Feature", "properties": {"node_id": 3699, "node_type": "endpoint", "degree": 1, "link_types": "sidewalk"}, "geometry": {"type": "Point", "coordinates": [329962.2, 4699264.76]}}, {"type": "Feature", "properties": {"node_id": 3700, "node_type": "endpoint", "degree": 1, "link_types": "sidewalk"}, "geometry": {"type": "Point", "coordinates": [329333.16, 4699120.84]}}, {"type": "Feature", "properties": {"node_id": 3701, "node_type": "junction", "degree": 3, "link_types": "sidewalk"}, "geometry": {"type": "Point", "coordinates": [329378.84, 4699115.48]}}, {"type": "Feature", "properties": {"node_id": 3702, "node_type": "endpoint", "degree": 1, "link_types": "sidewalk"}, "geometry": {"type": "Point", "coordinates": [328878.68, 4699499.64]}}, {"type": "Feature", "properties": {"node_id": 3703, "node_type": "type_change", "degree": 2, "link_types": "crosswalk+sidewalk"}, "geometry": {"type": "Point", "coordinates": [328880.36, 4699481.64]}}, {"type": "Feature", "properties": {"node_id": 3704, "node_type": "type_change", "degree": 2, "link_types": "crosswalk+sidewalk"}, "geometry": {"type": "Point", "coordinates": [328880.04, 4699481.56]}}, {"type": "Feature", "properties": {"node_id": 3705, "node_type": "endpoint", "degree": 1, "link_types": "sidewalk"}, "geometry": {"type": "Point", "coordinates": [328613.56, 4698866.6]}}, {"type": "Feature", "properties": {"node_id": 3706, "node_type": "type_change", "degree": 2, "link_types": "crosswalk+pseudo"}, "geometry": {"type": "Point", "coordinates": [328505.08, 4698357.16]}}, {"type": "Feature", "properties": {"node_id": 3707, "node_type": "type_change", "degree": 2, "link_types": "crosswalk+pseudo"}, "geometry": {"type": "Point", "coordinates": [328504.6, 4698369.4]}}, {"type": "Feature", "properties": {"node_id": 3708, "node_type": "endpoint", "degree": 1, "link_types": "pseudo"}, "geometry": {"type": "Point", "coordinates": [328502.76, 4698369.88]}}, {"type": "Feature", "properties": {"node_id": 3709, "node_type": "type_change", "degree": 2, "link_types": "crosswalk+pseudo"}, "geometry": {"type": "Point", "coordinates": [328503.8, 4698354.84]}}, {"type": "Feature", "properties": {"node_id": 3710, "node_type": "endpoint", "degree": 1, "link_types": "crosswalk"}, "geometry": {"type": "Point", "coordinates": [328500.44, 4698359.16]}}, {"type": "Feature", "properties": {"node_id": 3711, "node_type": "endpoint", "degree": 1, "link_types": "sidewalk"}, "geometry": {"type": "Point", "coordinates": [328917.16, 4699151.48]}}, {"type": "Feature", "properties": {"node_id": 3712, "node_type": "type_change", "degree": 2, "link_types": "pseudo+sidewalk"}, "geometry": {"type": "Point", "coordinates": [328917.24, 4699151.4]}}, {"type": "Feature", "properties": {"node_id": 3713, "node_type": "endpoint", "degree": 1, "link_types": "sidewalk"}, "geometry": {"type": "Point", "coordinates": [329524.84, 4699107.64]}}, {"type": "Feature", "properties": {"node_id": 3714, "node_type": "type_change", "degree": 2, "link_types": "midblock+sidewalk"}, "geometry": {"type": "Point", "coordinates": [329527.627, 4699107.518]}}, {"type": "Feature", "properties": {"node_id": 3715, "node_type": "type_change", "degree": 2, "link_types": "midblock+sidewalk"}, "geometry": {"type": "Point", "coordinates": [329528.822, 4699107.465]}}, {"type": "Feature", "properties": {"node_id": 3716, "node_type": "junction", "degree": 3, "link_types": "pseudo"}, "geometry": {"type": "Point", "coordinates": [329531.08, 4698861.4]}}, {"type": "Feature", "properties": {"node_id": 3717, "node_type": "type_change", "degree": 2, "link_types": "crosswalk+pseudo"}, "geometry": {"type": "Point", "coordinates": [329531.0, 4698862.52]}}, {"type": "Feature", "properties": {"node_id": 3718, "node_type": "type_change", "degree": 2, "link_types": "crosswalk+pseudo"}, "geometry": {"type": "Point", "coordinates": [329532.36, 4698873.08]}}, {"type": "Feature", "properties": {"node_id": 3719, "node_type": "type_change", "degree": 3, "link_types": "pseudo+sidewalk"}, "geometry": {"type": "Point", "coordinates": [329531.08, 4698861.32]}}, {"type": "Feature", "properties": {"node_id": 3720, "node_type": "type_change", "degree": 2, "link_types": "crosswalk+pseudo"}, "geometry": {"type": "Point", "coordinates": [329251.32, 4698678.2]}}, {"type": "Feature", "properties": {"node_id": 3721, "node_type": "type_change", "degree": 2, "link_types": "crosswalk+pseudo"}, "geometry": {"type": "Point", "coordinates": [329254.2, 4698692.28]}}, {"type": "Feature", "properties": {"node_id": 3722, "node_type": "endpoint", "degree": 1, "link_types": "sidewalk"}, "geometry": {"type": "Point", "coordinates": [329058.04, 4698359.72]}}, {"type": "Feature", "properties": {"node_id": 3723, "node_type": "type_change", "degree": 2, "link_types": "midblock+sidewalk"}, "geometry": {"type": "Point", "coordinates": [329038.611, 4698351.362]}}, {"type": "Feature", "properties": {"node_id": 3724, "node_type": "type_change", "degree": 2, "link_types": "midblock+sidewalk"}, "geometry": {"type": "Point", "coordinates": [329031.977, 4698351.516]}}, {"type": "Feature", "properties": {"node_id": 3725, "node_type": "type_change", "degree": 2, "link_types": "midblock+sidewalk"}, "geometry": {"type": "Point", "coordinates": [329005.362, 4698352.134]}}, {"type": "Feature", "properties": {"node_id": 3726, "node_type": "type_change", "degree": 2, "link_types": "midblock+sidewalk"}, "geometry": {"type": "Point", "coordinates": [328997.209, 4698352.324]}}, {"type": "Feature", "properties": {"node_id": 3727, "node_type": "type_change", "degree": 2, "link_types": "midblock+sidewalk"}, "geometry": {"type": "Point", "coordinates": [328985.939, 4698352.586]}}, {"type": "Feature", "properties": {"node_id": 3728, "node_type": "type_change", "degree": 2, "link_types": "midblock+sidewalk"}, "geometry": {"type": "Point", "coordinates": [328975.788, 4698352.822]}}, {"type": "Feature", "properties": {"node_id": 3729, "node_type": "type_change", "degree": 2, "link_types": "midblock+sidewalk"}, "geometry": {"type": "Point", "coordinates": [328967.076, 4698353.024]}}, {"type": "Feature", "properties": {"node_id": 3730, "node_type": "type_change", "degree": 2, "link_types": "midblock+sidewalk"}, "geometry": {"type": "Point", "coordinates": [328964.119, 4698353.093]}}, {"type": "Feature", "properties": {"node_id": 3731, "node_type": "type_change", "degree": 2, "link_types": "midblock+sidewalk"}, "geometry": {"type": "Point", "coordinates": [328954.641, 4698353.692]}}, {"type": "Feature", "properties": {"node_id": 3732, "node_type": "type_change", "degree": 2, "link_types": "midblock+sidewalk"}, "geometry": {"type": "Point", "coordinates": [328949.865, 4698354.023]}}, {"type": "Feature", "properties": {"node_id": 3733, "node_type": "type_change", "degree": 2, "link_types": "midblock+sidewalk"}, "geometry": {"type": "Point", "coordinates": [328929.858, 4698354.368]}}, {"type": "Feature", "properties": {"node_id": 3734, "node_type": "type_change", "degree": 2, "link_types": "midblock+sidewalk"}, "geometry": {"type": "Point", "coordinates": [328924.995, 4698354.405]}}, {"type": "Feature", "properties": {"node_id": 3735, "node_type": "type_change", "degree": 2, "link_types": "midblock+sidewalk"}, "geometry": {"type": "Point", "coordinates": [328917.806, 4698355.032]}}, {"type": "Feature", "properties": {"node_id": 3736, "node_type": "type_change", "degree": 2, "link_types": "midblock+sidewalk"}, "geometry": {"type": "Point", "coordinates": [328914.218, 4698354.999]}}, {"type": "Feature", "properties": {"node_id": 3737, "node_type": "type_change", "degree": 2, "link_types": "midblock+sidewalk"}, "geometry": {"type": "Point", "coordinates": [328905.051, 4698354.914]}}, {"type": "Feature", "properties": {"node_id": 3738, "node_type": "type_change", "degree": 2, "link_types": "midblock+sidewalk"}, "geometry": {"type": "Point", "coordinates": [328903.856, 4698354.903]}}, {"type": "Feature", "properties": {"node_id": 3739, "node_type": "endpoint", "degree": 1, "link_types": "sidewalk"}, "geometry": {"type": "Point", "coordinates": [328897.08, 4698354.84]}}, {"type": "Feature", "properties": {"node_id": 3740, "node_type": "type_change", "degree": 2, "link_types": "crosswalk+pseudo"}, "geometry": {"type": "Point", "coordinates": [329710.6, 4699368.92]}}, {"type": "Feature", "properties": {"node_id": 3741, "node_type": "type_change", "degree": 2, "link_types": "pseudo+sidewalk"}, "geometry": {"type": "Point", "coordinates": [329708.52, 4699368.76]}}, {"type": "Feature", "properties": {"node_id": 3742, "node_type": "type_change", "degree": 2, "link_types": "pseudo+sidewalk"}, "geometry": {"type": "Point", "coordinates": [329708.44, 4699368.76]}}, {"type": "Feature", "properties": {"node_id": 3743, "node_type": "type_change", "degree": 2, "link_types": "crosswalk+pseudo"}, "geometry": {"type": "Point", "coordinates": [329706.04, 4699369.24]}}, {"type": "Feature", "properties": {"node_id": 3744, "node_type": "endpoint", "degree": 1, "link_types": "crosswalk"}, "geometry": {"type": "Point", "coordinates": [329705.8, 4699372.6]}}, {"type": "Feature", "properties": {"node_id": 3745, "node_type": "endpoint", "degree": 1, "link_types": "crosswalk"}, "geometry": {"type": "Point", "coordinates": [329710.76, 4699368.92]}}, {"type": "Feature", "properties": {"node_id": 3746, "node_type": "endpoint", "degree": 1, "link_types": "crosswalk"}, "geometry": {"type": "Point", "coordinates": [328509.56, 4698859.08]}}, {"type": "Feature", "properties": {"node_id": 3747, "node_type": "junction", "degree": 3, "link_types": "sidewalk"}, "geometry": {"type": "Point", "coordinates": [328936.2, 4698792.68]}}, {"type": "Feature", "properties": {"node_id": 3748, "node_type": "junction", "degree": 3, "link_types": "sidewalk"}, "geometry": {"type": "Point", "coordinates": [328936.12, 4698792.68]}}, {"type": "Feature", "properties": {"node_id": 3749, "node_type": "type_change", "degree": 2, "link_types": "midblock+sidewalk"}, "geometry": {"type": "Point", "coordinates": [328952.829, 4698790.434]}}, {"type": "Feature", "properties": {"node_id": 3750, "node_type": "type_change", "degree": 2, "link_types": "midblock+sidewalk"}, "geometry": {"type": "Point", "coordinates": [328956.709, 4698789.91]}}, {"type": "Feature", "properties": {"node_id": 3751, "node_type": "endpoint", "degree": 1, "link_types": "sidewalk"}, "geometry": {"type": "Point", "coordinates": [328990.68, 4698785.32]}}, {"type": "Feature", "properties": {"node_id": 3752, "node_type": "endpoint", "degree": 1, "link_types": "sidewalk"}, "geometry": {"type": "Point", "coordinates": [329823.8, 4698432.76]}}, {"type": "Feature", "properties": {"node_id": 3753, "node_type": "type_change", "degree": 2, "link_types": "midblock+sidewalk"}, "geometry": {"type": "Point", "coordinates": [329824.526, 4698392.9]}}, {"type": "Feature", "properties": {"node_id": 3754, "node_type": "type_change", "degree": 2, "link_types": "midblock+sidewalk"}, "geometry": {"type": "Point", "coordinates": [329824.559, 4698389.39]}}, {"type": "Feature", "properties": {"node_id": 3755, "node_type": "endpoint", "degree": 1, "link_types": "sidewalk"}, "geometry": {"type": "Point", "coordinates": [328896.84, 4698095.56]}}, {"type": "Feature", "properties": {"node_id": 3756, "node_type": "type_change", "degree": 2, "link_types": "midblock+sidewalk"}, "geometry": {"type": "Point", "coordinates": [328897.651, 4698084.07]}}, {"type": "Feature", "properties": {"node_id": 3757, "node_type": "type_change", "degree": 2, "link_types": "midblock+sidewalk"}, "geometry": {"type": "Point", "coordinates": [328897.995, 4698079.202]}}, {"type": "Feature", "properties": {"node_id": 3758, "node_type": "endpoint", "degree": 1, "link_types": "sidewalk"}, "geometry": {"type": "Point", "coordinates": [328913.72, 4698056.84]}}, {"type": "Feature", "properties": {"node_id": 3759, "node_type": "type_change", "degree": 2, "link_types": "pseudo+sidewalk"}, "geometry": {"type": "Point", "coordinates": [328797.64, 4698890.28]}}, {"type": "Feature", "properties": {"node_id": 3760, "node_type": "type_change", "degree": 2, "link_types": "midblock+sidewalk"}, "geometry": {"type": "Point", "coordinates": [328778.786, 4698890.551]}}, {"type": "Feature", "properties": {"node_id": 3761, "node_type": "type_change", "degree": 2, "link_types": "midblock+sidewalk"}, "geometry": {"type": "Point", "coordinates": [328766.564, 4698890.726]}}, {"type": "Feature", "properties": {"node_id": 3762, "node_type": "type_change", "degree": 2, "link_types": "midblock+sidewalk"}, "geometry": {"type": "Point", "coordinates": [328714.667, 4698891.681]}}, {"type": "Feature", "properties": {"node_id": 3763, "node_type": "type_change", "degree": 2, "link_types": "midblock+sidewalk"}, "geometry": {"type": "Point", "coordinates": [328711.328, 4698891.586]}}, {"type": "Feature", "properties": {"node_id": 3764, "node_type": "type_change", "degree": 2, "link_types": "crosswalk+pseudo"}, "geometry": {"type": "Point", "coordinates": [328797.72, 4698888.84]}}, {"type": "Feature", "properties": {"node_id": 3765, "node_type": "type_change", "degree": 2, "link_types": "crosswalk+pseudo"}, "geometry": {"type": "Point", "coordinates": [328801.64, 4698879.48]}}, {"type": "Feature", "properties": {"node_id": 3766, "node_type": "endpoint", "degree": 1, "link_types": "sidewalk"}, "geometry": {"type": "Point", "coordinates": [328596.84, 4698782.6]}}, {"type": "Feature", "properties": {"node_id": 3767, "node_type": "type_change", "degree": 2, "link_types": "midblock+sidewalk"}, "geometry": {"type": "Point", "coordinates": [328587.213, 4698782.709]}}, {"type": "Feature", "properties": {"node_id": 3768, "node_type": "type_change", "degree": 2, "link_types": "midblock+sidewalk"}, "geometry": {"type": "Point", "coordinates": [328583.394, 4698782.751]}}, {"type": "Feature", "properties": {"node_id": 3769, "node_type": "type_change", "degree": 2, "link_types": "midblock+sidewalk"}, "geometry": {"type": "Point", "coordinates": [328575.495, 4698783.615]}}, {"type": "Feature", "properties": {"node_id": 3770, "node_type": "type_change", "degree": 2, "link_types": "midblock+sidewalk"}, "geometry": {"type": "Point", "coordinates": [328570.602, 4698783.318]}}, {"type": "Feature", "properties": {"node_id": 3771, "node_type": "type_change", "degree": 2, "link_types": "midblock+sidewalk"}, "geometry": {"type": "Point", "coordinates": [328548.626, 4698783.95]}}, {"type": "Feature", "properties": {"node_id": 3772, "node_type": "type_change", "degree": 2, "link_types": "midblock+sidewalk"}, "geometry": {"type": "Point", "coordinates": [328544.631, 4698784.065]}}, {"type": "Feature", "properties": {"node_id": 3773, "node_type": "type_change", "degree": 2, "link_types": "midblock+sidewalk"}, "geometry": {"type": "Point", "coordinates": [328533.603, 4698784.382]}}, {"type": "Feature", "properties": {"node_id": 3774, "node_type": "type_change", "degree": 2, "link_types": "midblock+sidewalk"}, "geometry": {"type": "Point", "coordinates": [328528.969, 4698784.516]}}, {"type": "Feature", "properties": {"node_id": 3775, "node_type": "type_change", "degree": 2, "link_types": "midblock+sidewalk"}, "geometry": {"type": "Point", "coordinates": [328505.555, 4698785.189]}}, {"type": "Feature", "properties": {"node_id": 3776, "node_type": "endpoint", "degree": 1, "link_types": "midblock"}, "geometry": {"type": "Point", "coordinates": [328501.0, 4698785.32]}}, {"type": "Feature", "properties": {"node_id": 3777, "node_type": "type_change", "degree": 3, "link_types": "pseudo+sidewalk"}, "geometry": {"type": "Point", "coordinates": [328701.72, 4698632.2]}}, {"type": "Feature", "properties": {"node_id": 3778, "node_type": "type_change", "degree": 2, "link_types": "crosswalk+pseudo"}, "geometry": {"type": "Point", "coordinates": [329815.4, 4699161.48]}}, {"type": "Feature", "properties": {"node_id": 3779, "node_type": "type_change", "degree": 3, "link_types": "pseudo+sidewalk"}, "geometry": {"type": "Point", "coordinates": [328891.88, 4698540.04]}}, {"type": "Feature", "properties": {"node_id": 3780, "node_type": "endpoint", "degree": 1, "link_types": "crosswalk"}, "geometry": {"type": "Point", "coordinates": [329808.12, 4699170.92]}}, {"type": "Feature", "properties": {"node_id": 3781, "node_type": "endpoint", "degree": 1, "link_types": "crosswalk"}, "geometry": {"type": "Point", "coordinates": [329806.52, 4699171.64]}}, {"type": "Feature", "properties": {"node_id": 3782, "node_type": "endpoint", "degree": 1, "link_types": "sidewalk"}, "geometry": {"type": "Point", "coordinates": [328799.32, 4699247.8]}}, {"type": "Feature", "properties": {"node_id": 3783, "node_type": "type_change", "degree": 3, "link_types": "pseudo+sidewalk"}, "geometry": {"type": "Point", "coordinates": [328795.8, 4699247.88]}}, {"type": "Feature", "properties": {"node_id": 3784, "node_type": "endpoint", "degree": 1, "link_types": "sidewalk"}, "geometry": {"type": "Point", "coordinates": [329743.08, 4699256.6]}}, {"type": "Feature", "properties": {"node_id": 3785, "node_type": "junction", "degree": 3, "link_types": "sidewalk"}, "geometry": {"type": "Point", "coordinates": [328795.72, 4699247.88]}}, {"type": "Feature", "properties": {"node_id": 3786, "node_type": "type_change", "degree": 3, "link_types": "pseudo+sidewalk"}, "geometry": {"type": "Point", "coordinates": [328795.72, 4699247.96]}}, {"type": "Feature", "properties": {"node_id": 3787, "node_type": "junction", "degree": 3, "link_types": "sidewalk"}, "geometry": {"type": "Point", "coordinates": [328792.12, 4699248.6]}}, {"type": "Feature", "properties": {"node_id": 3788, "node_type": "endpoint", "degree": 1, "link_types": "crosswalk"}, "geometry": {"type": "Point", "coordinates": [329911.0, 4698458.44]}}, {"type": "Feature", "properties": {"node_id": 3789, "node_type": "endpoint", "degree": 1, "link_types": "crosswalk"}, "geometry": {"type": "Point", "coordinates": [328501.8, 4698459.72]}}, {"type": "Feature", "properties": {"node_id": 3790, "node_type": "type_change", "degree": 2, "link_types": "crosswalk+pseudo"}, "geometry": {"type": "Point", "coordinates": [328501.96, 4698459.64]}}, {"type": "Feature", "properties": {"node_id": 3791, "node_type": "junction", "degree": 3, "link_types": "sidewalk"}, "geometry": {"type": "Point", "coordinates": [329189.48, 4699234.2]}}, {"type": "Feature", "properties": {"node_id": 3792, "node_type": "junction", "degree": 3, "link_types": "sidewalk"}, "geometry": {"type": "Point", "coordinates": [329176.84, 4699247.08]}}, {"type": "Feature", "properties": {"node_id": 3793, "node_type": "type_change", "degree": 3, "link_types": "pseudo+sidewalk"}, "geometry": {"type": "Point", "coordinates": [329189.56, 4699234.2]}}, {"type": "Feature", "properties": {"node_id": 3794, "node_type": "endpoint", "degree": 1, "link_types": "sidewalk"}, "geometry": {"type": "Point", "coordinates": [328632.6, 4699413.16]}}, {"type": "Feature", "properties": {"node_id": 3795, "node_type": "type_change", "degree": 2, "link_types": "midblock+sidewalk"}, "geometry": {"type": "Point", "coordinates": [328637.15, 4699401.217]}}, {"type": "Feature", "properties": {"node_id": 3796, "node_type": "type_change", "degree": 2, "link_types": "midblock+sidewalk"}, "geometry": {"type": "Point", "coordinates": [328637.6, 4699399.69]}}, {"type": "Feature", "properties": {"node_id": 3797, "node_type": "type_change", "degree": 2, "link_types": "midblock+sidewalk"}, "geometry": {"type": "Point", "coordinates": [328766.402, 4699091.197]}}, {"type": "Feature", "properties": {"node_id": 3798, "node_type": "type_change", "degree": 2, "link_types": "midblock+sidewalk"}, "geometry": {"type": "Point", "coordinates": [328765.142, 4699098.203]}}, {"type": "Feature", "properties": {"node_id": 3799, "node_type": "type_change", "degree": 2, "link_types": "midblock+sidewalk"}, "geometry": {"type": "Point", "coordinates": [328763.513, 4699107.257]}}, {"type": "Feature", "properties": {"node_id": 3800, "node_type": "type_change", "degree": 2, "link_types": "midblock+sidewalk"}, "geometry": {"type": "Point", "coordinates": [328763.144, 4699109.304]}}, {"type": "Feature", "properties": {"node_id": 3801, "node_type": "type_change", "degree": 2, "link_types": "midblock+sidewalk"}, "geometry": {"type": "Point", "coordinates": [328761.034, 4699121.034]}}, {"type": "Feature", "properties": {"node_id": 3802, "node_type": "type_change", "degree": 2, "link_types": "midblock+sidewalk"}, "geometry": {"type": "Point", "coordinates": [328760.722, 4699122.766]}}, {"type": "Feature", "properties": {"node_id": 3803, "node_type": "type_change", "degree": 2, "link_types": "midblock+sidewalk"}, "geometry": {"type": "Point", "coordinates": [328757.337, 4699141.582]}}, {"type": "Feature", "properties": {"node_id": 3804, "node_type": "type_change", "degree": 2, "link_types": "midblock+sidewalk"}, "geometry": {"type": "Point", "coordinates": [328756.047, 4699148.746]}}, {"type": "Feature", "properties": {"node_id": 3805, "node_type": "type_change", "degree": 2, "link_types": "midblock+sidewalk"}, "geometry": {"type": "Point", "coordinates": [328754.163, 4699159.216]}}, {"type": "Feature", "properties": {"node_id": 3806, "node_type": "type_change", "degree": 2, "link_types": "midblock+sidewalk"}, "geometry": {"type": "Point", "coordinates": [328753.271, 4699164.176]}}, {"type": "Feature", "properties": {"node_id": 3807, "node_type": "type_change", "degree": 2, "link_types": "midblock+sidewalk"}, "geometry": {"type": "Point", "coordinates": [328751.628, 4699173.308]}}, {"type": "Feature", "properties": {"node_id": 3808, "node_type": "type_change", "degree": 2, "link_types": "midblock+sidewalk"}, "geometry": {"type": "Point", "coordinates": [328750.395, 4699180.158]}}, {"type": "Feature", "properties": {"node_id": 3809, "node_type": "endpoint", "degree": 1, "link_types": "sidewalk"}, "geometry": {"type": "Point", "coordinates": [328748.2, 4699192.36]}}, {"type": "Feature", "properties": {"node_id": 3810, "node_type": "endpoint", "degree": 1, "link_types": "sidewalk"}, "geometry": {"type": "Point", "coordinates": [329780.52, 4699057.72]}}, {"type": "Feature", "properties": {"node_id": 3811, "node_type": "type_change", "degree": 2, "link_types": "pseudo+sidewalk"}, "geometry": {"type": "Point", "coordinates": [329780.52, 4699057.8]}}, {"type": "Feature", "properties": {"node_id": 3812, "node_type": "type_change", "degree": 2, "link_types": "crosswalk+pseudo"}, "geometry": {"type": "Point", "coordinates": [329780.52, 4699059.64]}}, {"type": "Feature", "properties": {"node_id": 3813, "node_type": "type_change", "degree": 2, "link_types": "crosswalk+pseudo"}, "geometry": {"type": "Point", "coordinates": [329761.48, 4699062.68]}}, {"type": "Feature", "properties": {"node_id": 3814, "node_type": "type_change", "degree": 3, "link_types": "pseudo+sidewalk"}, "geometry": {"type": "Point", "coordinates": [329663.4, 4699213.8]}}, {"type": "Feature", "properties": {"node_id": 3815, "node_type": "endpoint", "degree": 1, "link_types": "sidewalk"}, "geometry": {"type": "Point", "coordinates": [329557.4, 4699212.44]}}, {"type": "Feature", "properties": {"node_id": 3816, "node_type": "type_change", "degree": 2, "link_types": "pseudo+sidewalk"}, "geometry": {"type": "Point", "coordinates": [329555.08, 4699211.0]}}, {"type": "Feature", "properties": {"node_id": 3817, "node_type": "type_change", "degree": 2, "link_types": "crosswalk+pseudo"}, "geometry": {"type": "Point", "coordinates": [329557.08, 4699208.92]}}, {"type": "Feature", "properties": {"node_id": 3818, "node_type": "type_change", "degree": 2, "link_types": "crosswalk+pseudo"}, "geometry": {"type": "Point", "coordinates": [329564.2, 4699208.6]}}, {"type": "Feature", "properties": {"node_id": 3819, "node_type": "type_change", "degree": 3, "link_types": "pseudo+sidewalk"}, "geometry": {"type": "Point", "coordinates": [329564.36, 4699209.08]}}, {"type": "Feature", "properties": {"node_id": 3820, "node_type": "type_change", "degree": 2, "link_types": "pseudo+sidewalk"}, "geometry": {"type": "Point", "coordinates": [329620.12, 4699073.56]}}, {"type": "Feature", "properties": {"node_id": 3821, "node_type": "type_change", "degree": 2, "link_types": "crosswalk+pseudo"}, "geometry": {"type": "Point", "coordinates": [329621.4, 4699074.68]}}, {"type": "Feature", "properties": {"node_id": 3822, "node_type": "type_change", "degree": 2, "link_types": "crosswalk+pseudo"}, "geometry": {"type": "Point", "coordinates": [329637.0, 4699071.8]}}, {"type": "Feature", "properties": {"node_id": 3823, "node_type": "type_change", "degree": 2, "link_types": "pseudo+sidewalk"}, "geometry": {"type": "Point", "coordinates": [329622.44, 4699057.24]}}, {"type": "Feature", "properties": {"node_id": 3824, "node_type": "type_change", "degree": 2, "link_types": "crosswalk+pseudo"}, "geometry": {"type": "Point", "coordinates": [329623.56, 4699055.08]}}, {"type": "Feature", "properties": {"node_id": 3825, "node_type": "endpoint", "degree": 1, "link_types": "crosswalk"}, "geometry": {"type": "Point", "coordinates": [329620.28, 4699050.84]}}, {"type": "Feature", "properties": {"node_id": 3826, "node_type": "type_change", "degree": 3, "link_types": "pseudo+sidewalk"}, "geometry": {"type": "Point", "coordinates": [329133.4, 4698684.52]}}, {"type": "Feature", "properties": {"node_id": 3827, "node_type": "junction", "degree": 3, "link_types": "sidewalk"}, "geometry": {"type": "Point", "coordinates": [329133.4, 4698684.44]}}, {"type": "Feature", "properties": {"node_id": 3828, "node_type": "junction", "degree": 3, "link_types": "sidewalk"}, "geometry": {"type": "Point", "coordinates": [328747.96, 4698463.56]}}, {"type": "Feature", "properties": {"node_id": 3829, "node_type": "endpoint", "degree": 1, "link_types": "sidewalk"}, "geometry": {"type": "Point", "coordinates": [328731.56, 4698463.96]}}, {"type": "Feature", "properties": {"node_id": 3830, "node_type": "junction", "degree": 3, "link_types": "sidewalk"}, "geometry": {"type": "Point", "coordinates": [328748.04, 4698463.56]}}, {"type": "Feature", "properties": {"node_id": 3831, "node_type": "junction", "degree": 3, "link_types": "sidewalk"}, "geometry": {"type": "Point", "coordinates": [329935.96, 4698502.92]}}, {"type": "Feature", "properties": {"node_id": 3832, "node_type": "junction", "degree": 3, "link_types": "sidewalk"}, "geometry": {"type": "Point", "coordinates": [329935.88, 4698502.92]}}, {"type": "Feature", "properties": {"node_id": 3833, "node_type": "type_change", "degree": 2, "link_types": "crosswalk+pseudo"}, "geometry": {"type": "Point", "coordinates": [328980.92, 4698690.76]}}, {"type": "Feature", "properties": {"node_id": 3834, "node_type": "endpoint", "degree": 1, "link_types": "pseudo"}, "geometry": {"type": "Point", "coordinates": [328980.6, 4698690.68]}}, {"type": "Feature", "properties": {"node_id": 3835, "node_type": "type_change", "degree": 2, "link_types": "pseudo+sidewalk"}, "geometry": {"type": "Point", "coordinates": [328866.44, 4698253.8]}}, {"type": "Feature", "properties": {"node_id": 3836, "node_type": "type_change", "degree": 2, "link_types": "crosswalk+pseudo"}, "geometry": {"type": "Point", "coordinates": [328867.72, 4698252.44]}}, {"type": "Feature", "properties": {"node_id": 3837, "node_type": "type_change", "degree": 2, "link_types": "crosswalk+pseudo"}, "geometry": {"type": "Point", "coordinates": [328868.52, 4698238.68]}}, {"type": "Feature", "properties": {"node_id": 3838, "node_type": "type_change", "degree": 3, "link_types": "pseudo+sidewalk"}, "geometry": {"type": "Point", "coordinates": [329888.52, 4698944.92]}}, {"type": "Feature", "properties": {"node_id": 3839, "node_type": "junction", "degree": 3, "link_types": "sidewalk"}, "geometry": {"type": "Point", "coordinates": [328514.2, 4698553.72]}}, {"type": "Feature", "properties": {"node_id": 3840, "node_type": "junction", "degree": 3, "link_types": "sidewalk"}, "geometry": {"type": "Point", "coordinates": [328514.12, 4698553.64]}}, {"type": "Feature", "properties": {"node_id": 3841, "node_type": "type_change", "degree": 2, "link_types": "pseudo+sidewalk"}, "geometry": {"type": "Point", "coordinates": [328893.64, 4698229.88]}}, {"type": "Feature", "properties": {"node_id": 3842, "node_type": "type_change", "degree": 2, "link_types": "crosswalk+pseudo"}, "geometry": {"type": "Point", "coordinates": [328893.08, 4698230.6]}}, {"type": "Feature", "properties": {"node_id": 3843, "node_type": "type_change", "degree": 2, "link_types": "crosswalk+pseudo"}, "geometry": {"type": "Point", "coordinates": [328889.96, 4698236.28]}}, {"type": "Feature", "properties": {"node_id": 3844, "node_type": "type_change", "degree": 3, "link_types": "pseudo+sidewalk"}, "geometry": {"type": "Point", "coordinates": [328891.08, 4698238.36]}}, {"type": "Feature", "properties": {"node_id": 3845, "node_type": "endpoint", "degree": 1, "link_types": "sidewalk"}, "geometry": {"type": "Point", "coordinates": [328892.04, 4698228.52]}}, {"type": "Feature", "properties": {"node_id": 3846, "node_type": "endpoint", "degree": 1, "link_types": "sidewalk"}, "geometry": {"type": "Point", "coordinates": [329093.32, 4699329.0]}}, {"type": "Feature", "properties": {"node_id": 3847, "node_type": "junction", "degree": 3, "link_types": "sidewalk"}, "geometry": {"type": "Point", "coordinates": [329094.52, 4699316.68]}}, {"type": "Feature", "properties": {"node_id": 3848, "node_type": "endpoint", "degree": 1, "link_types": "sidewalk"}, "geometry": {"type": "Point", "coordinates": [329881.56, 4699205.32]}}, {"type": "Feature", "properties": {"node_id": 3849, "node_type": "type_change", "degree": 2, "link_types": "pseudo+sidewalk"}, "geometry": {"type": "Point", "coordinates": [329157.16, 4698929.08]}}, {"type": "Feature", "properties": {"node_id": 3850, "node_type": "type_change", "degree": 2, "link_types": "crosswalk+pseudo"}, "geometry": {"type": "Point", "coordinates": [329157.64, 4698929.88]}}, {"type": "Feature", "properties": {"node_id": 3851, "node_type": "type_change", "degree": 2, "link_types": "crosswalk+pseudo"}, "geometry": {"type": "Point", "coordinates": [329159.0, 4698938.2]}}, {"type": "Feature", "properties": {"node_id": 3852, "node_type": "endpoint", "degree": 1, "link_types": "sidewalk"}, "geometry": {"type": "Point", "coordinates": [329158.36, 4698927.8]}}, {"type": "Feature", "properties": {"node_id": 3853, "node_type": "junction", "degree": 3, "link_types": "pseudo"}, "geometry": {"type": "Point", "coordinates": [329281.8, 4698739.56]}}, {"type": "Feature", "properties": {"node_id": 3854, "node_type": "junction", "degree": 3, "link_types": "pseudo"}, "geometry": {"type": "Point", "coordinates": [329278.52, 4698740.44]}}, {"type": "Feature", "properties": {"node_id": 3855, "node_type": "type_change", "degree": 3, "link_types": "pseudo+sidewalk"}, "geometry": {"type": "Point", "coordinates": [329281.88, 4698739.48]}}, {"type": "Feature", "properties": {"node_id": 3856, "node_type": "junction", "degree": 3, "link_types": "sidewalk"}, "geometry": {"type": "Point", "coordinates": [328603.4, 4699197.64]}}, {"type": "Feature", "properties": {"node_id": 3857, "node_type": "type_change", "degree": 2, "link_types": "midblock+sidewalk"}, "geometry": {"type": "Point", "coordinates": [328638.437, 4699208.536]}}, {"type": "Feature", "properties": {"node_id": 3858, "node_type": "type_change", "degree": 2, "link_types": "midblock+sidewalk"}, "geometry": {"type": "Point", "coordinates": [328644.534, 4699210.613]}}, {"type": "Feature", "properties": {"node_id": 3859, "node_type": "type_change", "degree": 2, "link_types": "midblock+sidewalk"}, "geometry": {"type": "Point", "coordinates": [328653.909, 4699213.849]}}, {"type": "Feature", "properties": {"node_id": 3860, "node_type": "type_change", "degree": 2, "link_types": "midblock+sidewalk"}, "geometry": {"type": "Point", "coordinates": [328660.425, 4699215.771]}}, {"type": "Feature", "properties": {"node_id": 3861, "node_type": "junction", "degree": 3, "link_types": "sidewalk"}, "geometry": {"type": "Point", "coordinates": [328689.96, 4699225.32]}}, {"type": "Feature", "properties": {"node_id": 3862, "node_type": "junction", "degree": 3, "link_types": "sidewalk"}, "geometry": {"type": "Point", "coordinates": [328527.48, 4699174.2]}}, {"type": "Feature", "properties": {"node_id": 3863, "node_type": "type_change", "degree": 2, "link_types": "pseudo+sidewalk"}, "geometry": {"type": "Point", "coordinates": [328603.48, 4699197.56]}}, {"type": "Feature", "properties": {"node_id": 3864, "node_type": "type_change", "degree": 2, "link_types": "crosswalk+pseudo"}, "geometry": {"type": "Point", "coordinates": [328604.12, 4699196.28]}}, {"type": "Feature", "properties": {"node_id": 3865, "node_type": "type_change", "degree": 2, "link_types": "crosswalk+pseudo"}, "geometry": {"type": "Point", "coordinates": [328606.44, 4699185.32]}}, {"type": "Feature", "properties": {"node_id": 3866, "node_type": "type_change", "degree": 2, "link_types": "pseudo+sidewalk"}, "geometry": {"type": "Point", "coordinates": [329642.6, 4698357.08]}}, {"type": "Feature", "properties": {"node_id": 3867, "node_type": "endpoint", "degree": 1, "link_types": "sidewalk"}, "geometry": {"type": "Point", "coordinates": [329637.48, 4698359.8]}}, {"type": "Feature", "properties": {"node_id": 3868, "node_type": "type_change", "degree": 2, "link_types": "pseudo+sidewalk"}, "geometry": {"type": "Point", "coordinates": [329642.6, 4698356.92]}}, {"type": "Feature", "properties": {"node_id": 3869, "node_type": "endpoint", "degree": 1, "link_types": "crosswalk"}, "geometry": {"type": "Point", "coordinates": [329769.16, 4699446.76]}}, {"type": "Feature", "properties": {"node_id": 3870, "node_type": "type_change", "degree": 2, "link_types": "crosswalk+pseudo"}, "geometry": {"type": "Point", "coordinates": [329777.16, 4699443.72]}}, {"type": "Feature", "properties": {"node_id": 3871, "node_type": "endpoint", "degree": 1, "link_types": "pseudo"}, "geometry": {"type": "Point", "coordinates": [329777.32, 4699445.16]}}, {"type": "Feature", "properties": {"node_id": 3872, "node_type": "type_change", "degree": 2, "link_types": "crosswalk+pseudo"}, "geometry": {"type": "Point", "coordinates": [329969.64, 4699266.6]}}, {"type": "Feature", "properties": {"node_id": 3873, "node_type": "type_change", "degree": 2, "link_types": "crosswalk+pseudo"}, "geometry": {"type": "Point", "coordinates": [329981.56, 4699275.56]}}, {"type": "Feature", "properties": {"node_id": 3874, "node_type": "endpoint", "degree": 1, "link_types": "sidewalk"}, "geometry": {"type": "Point", "coordinates": [329337.64, 4699248.6]}}, {"type": "Feature", "properties": {"node_id": 3875, "node_type": "junction", "degree": 3, "link_types": "sidewalk"}, "geometry": {"type": "Point", "coordinates": [329341.16, 4699257.88]}}, {"type": "Feature", "properties": {"node_id": 3876, "node_type": "endpoint", "degree": 1, "link_types": "sidewalk"}, "geometry": {"type": "Point", "coordinates": [329776.2, 4698116.6]}}, {"type": "Feature", "properties": {"node_id": 3877, "node_type": "type_change", "degree": 2, "link_types": "crosswalk+pseudo"}, "geometry": {"type": "Point", "coordinates": [329270.76, 4698676.76]}}, {"type": "Feature", "properties": {"node_id": 3878, "node_type": "endpoint", "degree": 1, "link_types": "crosswalk"}, "geometry": {"type": "Point", "coordinates": [329270.76, 4698677.0]}}, {"type": "Feature", "properties": {"node_id": 3879, "node_type": "type_change", "degree": 2, "link_types": "pseudo+sidewalk"}, "geometry": {"type": "Point", "coordinates": [329270.6, 4698676.52]}}, {"type": "Feature", "properties": {"node_id": 3880, "node_type": "type_change", "degree": 3, "link_types": "pseudo+sidewalk"}, "geometry": {"type": "Point", "coordinates": [329741.0, 4698045.32]}}, {"type": "Feature", "properties": {"node_id": 3881, "node_type": "endpoint", "degree": 1, "link_types": "sidewalk"}, "geometry": {"type": "Point", "coordinates": [329060.12, 4698444.68]}}, {"type": "Feature", "properties": {"node_id": 3882, "node_type": "type_change", "degree": 3, "link_types": "pseudo+sidewalk"}, "geometry": {"type": "Point", "coordinates": [329058.68, 4698444.92]}}, {"type": "Feature", "properties": {"node_id": 3883, "node_type": "junction", "degree": 3, "link_types": "sidewalk"}, "geometry": {"type": "Point", "coordinates": [329188.12, 4699286.44]}}, {"type": "Feature", "properties": {"node_id": 3884, "node_type": "endpoint", "degree": 1, "link_types": "sidewalk"}, "geometry": {"type": "Point", "coordinates": [329243.48, 4698691.08]}}, {"type": "Feature", "properties": {"node_id": 3885, "node_type": "junction", "degree": 3, "link_types": "sidewalk"}, "geometry": {"type": "Point", "coordinates": [328923.88, 4699067.8]}}, {"type": "Feature", "properties": {"node_id": 3886, "node_type": "endpoint", "degree": 1, "link_types": "sidewalk"}, "geometry": {"type": "Point", "coordinates": [328923.88, 4699067.88]}}, {"type": "Feature", "properties": {"node_id": 3887, "node_type": "type_change", "degree": 2, "link_types": "crosswalk+pseudo"}, "geometry": {"type": "Point", "coordinates": [328615.32, 4698780.6]}}, {"type": "Feature", "properties": {"node_id": 3888, "node_type": "type_change", "degree": 2, "link_types": "crosswalk+pseudo"}, "geometry": {"type": "Point", "coordinates": [328611.24, 4698781.0]}}, {"type": "Feature", "properties": {"node_id": 3889, "node_type": "type_change", "degree": 2, "link_types": "pseudo+sidewalk"}, "geometry": {"type": "Point", "coordinates": [329762.12, 4698907.88]}}, {"type": "Feature", "properties": {"node_id": 3890, "node_type": "type_change", "degree": 2, "link_types": "crosswalk+pseudo"}, "geometry": {"type": "Point", "coordinates": [329762.84, 4698907.16]}}, {"type": "Feature", "properties": {"node_id": 3891, "node_type": "type_change", "degree": 2, "link_types": "crosswalk+pseudo"}, "geometry": {"type": "Point", "coordinates": [329785.24, 4698911.64]}}, {"type": "Feature", "properties": {"node_id": 3892, "node_type": "junction", "degree": 3, "link_types": "pseudo"}, "geometry": {"type": "Point", "coordinates": [329913.32, 4698281.64]}}, {"type": "Feature", "properties": {"node_id": 3893, "node_type": "type_change", "degree": 2, "link_types": "pseudo+sidewalk"}, "geometry": {"type": "Point", "coordinates": [329913.4, 4698281.72]}}, {"type": "Feature", "properties": {"node_id": 3894, "node_type": "type_change", "degree": 2, "link_types": "crosswalk+pseudo"}, "geometry": {"type": "Point", "coordinates": [329912.2, 4698281.64]}}, {"type": "Feature", "properties": {"node_id": 3895, "node_type": "type_change", "degree": 2, "link_types": "crosswalk+pseudo"}, "geometry": {"type": "Point", "coordinates": [329903.8, 4698281.8]}}, {"type": "Feature", "properties": {"node_id": 3896, "node_type": "type_change", "degree": 2, "link_types": "pseudo+sidewalk"}, "geometry": {"type": "Point", "coordinates": [329913.4, 4698281.56]}}, {"type": "Feature", "properties": {"node_id": 3897, "node_type": "type_change", "degree": 2, "link_types": "midblock+sidewalk"}, "geometry": {"type": "Point", "coordinates": [329913.816, 4698260.252]}}, {"type": "Feature", "properties": {"node_id": 3898, "node_type": "type_change", "degree": 2, "link_types": "midblock+sidewalk"}, "geometry": {"type": "Point", "coordinates": [329913.861, 4698257.938]}}, {"type": "Feature", "properties": {"node_id": 3899, "node_type": "endpoint", "degree": 1, "link_types": "sidewalk"}, "geometry": {"type": "Point", "coordinates": [329914.04, 4698248.76]}}, {"type": "Feature", "properties": {"node_id": 3900, "node_type": "junction", "degree": 3, "link_types": "sidewalk"}, "geometry": {"type": "Point", "coordinates": [329139.72, 4698763.48]}}, {"type": "Feature", "properties": {"node_id": 3901, "node_type": "junction", "degree": 3, "link_types": "sidewalk"}, "geometry": {"type": "Point", "coordinates": [329139.64, 4698763.56]}}, {"type": "Feature", "properties": {"node_id": 3902, "node_type": "endpoint", "degree": 1, "link_types": "sidewalk"}, "geometry": {"type": "Point", "coordinates": [329136.6, 4698731.32]}}, {"type": "Feature", "properties": {"node_id": 3903, "node_type": "junction", "degree": 3, "link_types": "sidewalk"}, "geometry": {"type": "Point", "coordinates": [329984.28, 4698508.6]}}, {"type": "Feature", "properties": {"node_id": 3904, "node_type": "junction", "degree": 3, "link_types": "sidewalk"}, "geometry": {"type": "Point", "coordinates": [329984.2, 4698508.6]}}, {"type": "Feature", "properties": {"node_id": 3905, "node_type": "junction", "degree": 3, "link_types": "sidewalk"}, "geometry": {"type": "Point", "coordinates": [329784.52, 4698087.0]}}, {"type": "Feature", "properties": {"node_id": 3906, "node_type": "type_change", "degree": 2, "link_types": "midblock+sidewalk"}, "geometry": {"type": "Point", "coordinates": [329774.494, 4698099.3]}}, {"type": "Feature", "properties": {"node_id": 3907, "node_type": "type_change", "degree": 2, "link_types": "midblock+sidewalk"}, "geometry": {"type": "Point", "coordinates": [329771.827, 4698102.022]}}, {"type": "Feature", "properties": {"node_id": 3908, "node_type": "endpoint", "degree": 1, "link_types": "sidewalk"}, "geometry": {"type": "Point", "coordinates": [329736.68, 4698124.68]}}, {"type": "Feature", "properties": {"node_id": 3909, "node_type": "junction", "degree": 3, "link_types": "sidewalk"}, "geometry": {"type": "Point", "coordinates": [329784.52, 4698086.92]}}, {"type": "Feature", "properties": {"node_id": 3910, "node_type": "type_change", "degree": 2, "link_types": "pseudo+sidewalk"}, "geometry": {"type": "Point", "coordinates": [328933.64, 4699067.88]}}, {"type": "Feature", "properties": {"node_id": 3911, "node_type": "junction", "degree": 3, "link_types": "midblock"}, "geometry": {"type": "Point", "coordinates": [329140.04, 4699301.72]}}, {"type": "Feature", "properties": {"node_id": 3912, "node_type": "type_change", "degree": 2, "link_types": "crosswalk+pseudo"}, "geometry": {"type": "Point", "coordinates": [328848.76, 4698877.4]}}, {"type": "Feature", "properties": {"node_id": 3913, "node_type": "type_change", "degree": 2, "link_types": "crosswalk+pseudo"}, "geometry": {"type": "Point", "coordinates": [328834.2, 4698876.36]}}, {"type": "Feature", "properties": {"node_id": 3914, "node_type": "endpoint", "degree": 1, "link_types": "pseudo"}, "geometry": {"type": "Point", "coordinates": [328834.44, 4698878.12]}}, {"type": "Feature", "properties": {"node_id": 3915, "node_type": "type_change", "degree": 2, "link_types": "midblock+sidewalk"}, "geometry": {"type": "Point", "coordinates": [328571.782, 4699173.458]}}, {"type": "Feature", "properties": {"node_id": 3916, "node_type": "type_change", "degree": 2, "link_types": "midblock+sidewalk"}, "geometry": {"type": "Point", "coordinates": [328563.716, 4699170.869]}}, {"type": "Feature", "properties": {"node_id": 3917, "node_type": "type_change", "degree": 2, "link_types": "midblock+sidewalk"}, "geometry": {"type": "Point", "coordinates": [328554.368, 4699167.807]}}, {"type": "Feature", "properties": {"node_id": 3918, "node_type": "type_change", "degree": 2, "link_types": "midblock+sidewalk"}, "geometry": {"type": "Point", "coordinates": [328541.379, 4699163.955]}}, {"type": "Feature", "properties": {"node_id": 3919, "node_type": "type_change", "degree": 2, "link_types": "midblock+sidewalk"}, "geometry": {"type": "Point", "coordinates": [328527.536, 4699159.482]}}, {"type": "Feature", "properties": {"node_id": 3920, "node_type": "type_change", "degree": 2, "link_types": "midblock+sidewalk"}, "geometry": {"type": "Point", "coordinates": [328524.494, 4699158.543]}}, {"type": "Feature", "properties": {"node_id": 3921, "node_type": "type_change", "degree": 2, "link_types": "midblock+sidewalk"}, "geometry": {"type": "Point", "coordinates": [328515.888, 4699132.419]}}, {"type": "Feature", "properties": {"node_id": 3922, "node_type": "type_change", "degree": 2, "link_types": "midblock+sidewalk"}, "geometry": {"type": "Point", "coordinates": [328519.37, 4699125.315]}}, {"type": "Feature", "properties": {"node_id": 3923, "node_type": "type_change", "degree": 2, "link_types": "midblock+sidewalk"}, "geometry": {"type": "Point", "coordinates": [328522.314, 4699119.466]}}, {"type": "Feature", "properties": {"node_id": 3924, "node_type": "type_change", "degree": 2, "link_types": "midblock+sidewalk"}, "geometry": {"type": "Point", "coordinates": [328523.314, 4699117.926]}}, {"type": "Feature", "properties": {"node_id": 3925, "node_type": "endpoint", "degree": 1, "link_types": "sidewalk"}, "geometry": {"type": "Point", "coordinates": [328536.6, 4699103.08]}}, {"type": "Feature", "properties": {"node_id": 3926, "node_type": "endpoint", "degree": 1, "link_types": "sidewalk"}, "geometry": {"type": "Point", "coordinates": [329908.76, 4698947.16]}}, {"type": "Feature", "properties": {"node_id": 3927, "node_type": "type_change", "degree": 3, "link_types": "pseudo+sidewalk"}, "geometry": {"type": "Point", "coordinates": [329908.44, 4698949.24]}}, {"type": "Feature", "properties": {"node_id": 3928, "node_type": "junction", "degree": 3, "link_types": "sidewalk"}, "geometry": {"type": "Point", "coordinates": [329430.04, 4699320.52]}}, {"type": "Feature", "properties": {"node_id": 3929, "node_type": "junction", "degree": 3, "link_types": "sidewalk"}, "geometry": {"type": "Point", "coordinates": [329429.96, 4699320.52]}}, {"type": "Feature", "properties": {"node_id": 3930, "node_type": "type_change", "degree": 2, "link_types": "pseudo+sidewalk"}, "geometry": {"type": "Point", "coordinates": [329432.04, 4699321.0]}}, {"type": "Feature", "properties": {"node_id": 3931, "node_type": "type_change", "degree": 2, "link_types": "crosswalk+pseudo"}, "geometry": {"type": "Point", "coordinates": [329432.2, 4699321.08]}}, {"type": "Feature", "properties": {"node_id": 3932, "node_type": "endpoint", "degree": 1, "link_types": "crosswalk"}, "geometry": {"type": "Point", "coordinates": [329438.76, 4699324.68]}}, {"type": "Feature", "properties": {"node_id": 3933, "node_type": "type_change", "degree": 3, "link_types": "pseudo+sidewalk"}, "geometry": {"type": "Point", "coordinates": [329429.96, 4699320.44]}}, {"type": "Feature", "properties": {"node_id": 3934, "node_type": "endpoint", "degree": 1, "link_types": "sidewalk"}, "geometry": {"type": "Point", "coordinates": [329656.12, 4698035.0]}}, {"type": "Feature", "properties": {"node_id": 3935, "node_type": "endpoint", "degree": 1, "link_types": "sidewalk"}, "geometry": {"type": "Point", "coordinates": [329593.4, 4699493.16]}}, {"type": "Feature", "properties": {"node_id": 3936, "node_type": "type_change", "degree": 2, "link_types": "midblock+sidewalk"}, "geometry": {"type": "Point", "coordinates": [329587.182, 4699492.165]}}, {"type": "Feature", "properties": {"node_id": 3937, "node_type": "type_change", "degree": 2, "link_types": "midblock+sidewalk"}, "geometry": {"type": "Point", "coordinates": [329585.293, 4699491.863]}}, {"type": "Feature", "properties": {"node_id": 3938, "node_type": "endpoint", "degree": 1, "link_types": "sidewalk"}, "geometry": {"type": "Point", "coordinates": [329575.24, 4699492.04]}}, {"type": "Feature", "properties": {"node_id": 3939, "node_type": "endpoint", "degree": 1, "link_types": "sidewalk"}, "geometry": {"type": "Point", "coordinates": [329937.96, 4698725.32]}}, {"type": "Feature", "properties": {"node_id": 3940, "node_type": "type_change", "degree": 2, "link_types": "crosswalk+pseudo"}, "geometry": {"type": "Point", "coordinates": [329198.92, 4699232.52]}}, {"type": "Feature", "properties": {"node_id": 3941, "node_type": "type_change", "degree": 2, "link_types": "crosswalk+pseudo"}, "geometry": {"type": "Point", "coordinates": [329190.28, 4699234.36]}}, {"type": "Feature", "properties": {"node_id": 3942, "node_type": "endpoint", "degree": 1, "link_types": "sidewalk"}, "geometry": {"type": "Point", "coordinates": [329781.88, 4699035.96]}}, {"type": "Feature", "properties": {"node_id": 3943, "node_type": "junction", "degree": 3, "link_types": "sidewalk"}, "geometry": {"type": "Point", "coordinates": [328721.96, 4698619.08]}}, {"type": "Feature", "properties": {"node_id": 3944, "node_type": "type_change", "degree": 3, "link_types": "pseudo+sidewalk"}, "geometry": {"type": "Point", "coordinates": [328721.96, 4698619.16]}}, {"type": "Feature", "properties": {"node_id": 3945, "node_type": "type_change", "degree": 2, "link_types": "midblock+sidewalk"}, "geometry": {"type": "Point", "coordinates": [328724.126, 4698605.221]}}, {"type": "Feature", "properties": {"node_id": 3946, "node_type": "type_change", "degree": 2, "link_types": "midblock+sidewalk"}, "geometry": {"type": "Point", "coordinates": [328724.97, 4698602.135]}}, {"type": "Feature", "properties": {"node_id": 3947, "node_type": "type_change", "degree": 2, "link_types": "midblock+sidewalk"}, "geometry": {"type": "Point", "coordinates": [328732.369, 4698575.138]}}, {"type": "Feature", "properties": {"node_id": 3948, "node_type": "type_change", "degree": 2, "link_types": "midblock+sidewalk"}, "geometry": {"type": "Point", "coordinates": [328733.087, 4698572.515]}}, {"type": "Feature", "properties": {"node_id": 3949, "node_type": "type_change", "degree": 2, "link_types": "midblock+sidewalk"}, "geometry": {"type": "Point", "coordinates": [328734.44, 4698567.578]}}, {"type": "Feature", "properties": {"node_id": 3950, "node_type": "type_change", "degree": 2, "link_types": "midblock+sidewalk"}, "geometry": {"type": "Point", "coordinates": [328735.202, 4698564.802]}}, {"type": "Feature", "properties": {"node_id": 3951, "node_type": "endpoint", "degree": 1, "link_types": "sidewalk"}, "geometry": {"type": "Point", "coordinates": [328747.56, 4698554.52]}}, {"type": "Feature", "properties": {"node_id": 3952, "node_type": "junction", "degree": 3, "link_types": "sidewalk"}, "geometry": {"type": "Point", "coordinates": [329523.08, 4698296.76]}}, {"type": "Feature", "properties": {"node_id": 3953, "node_type": "endpoint", "degree": 1, "link_types": "sidewalk"}, "geometry": {"type": "Point", "coordinates": [329525.4, 4698295.24]}}, {"type": "Feature", "properties": {"node_id": 3954, "node_type": "type_change", "degree": 3, "link_types": "pseudo+sidewalk"}, "geometry": {"type": "Point", "coordinates": [329523.0, 4698296.68]}}, {"type": "Feature", "properties": {"node_id": 3955, "node_type": "endpoint", "degree": 1, "link_types": "midblock"}, "geometry": {"type": "Point", "coordinates": [328661.64, 4699477.24]}}, {"type": "Feature", "properties": {"node_id": 3956, "node_type": "type_change", "degree": 2, "link_types": "midblock+sidewalk"}, "geometry": {"type": "Point", "coordinates": [328663.445, 4699475.797]}}, {"type": "Feature", "properties": {"node_id": 3957, "node_type": "endpoint", "degree": 1, "link_types": "sidewalk"}, "geometry": {"type": "Point", "coordinates": [328664.44, 4699475.0]}}, {"type": "Feature", "properties": {"node_id": 3958, "node_type": "endpoint", "degree": 1, "link_types": "sidewalk"}, "geometry": {"type": "Point", "coordinates": [329055.4, 4699497.56]}}, {"type": "Feature", "properties": {"node_id": 3959, "node_type": "type_change", "degree": 3, "link_types": "pseudo+sidewalk"}, "geometry": {"type": "Point", "coordinates": [329062.04, 4699498.68]}}, {"type": "Feature", "properties": {"node_id": 3960, "node_type": "junction", "degree": 3, "link_types": "sidewalk"}, "geometry": {"type": "Point", "coordinates": [329641.56, 4699271.4]}}, {"type": "Feature", "properties": {"node_id": 3961, "node_type": "endpoint", "degree": 1, "link_types": "sidewalk"}, "geometry": {"type": "Point", "coordinates": [329653.48, 4699274.76]}}, {"type": "Feature", "properties": {"node_id": 3962, "node_type": "endpoint", "degree": 1, "link_types": "sidewalk"}, "geometry": {"type": "Point", "coordinates": [329612.44, 4699274.44]}}, {"type": "Feature", "properties": {"node_id": 3963, "node_type": "junction", "degree": 3, "link_types": "sidewalk"}, "geometry": {"type": "Point", "coordinates": [329663.88, 4699270.2]}}, {"type": "Feature", "properties": {"node_id": 3964, "node_type": "endpoint", "degree": 1, "link_types": "sidewalk"}, "geometry": {"type": "Point", "coordinates": [328502.84, 4699049.48]}}, {"type": "Feature", "properties": {"node_id": 3965, "node_type": "junction", "degree": 3, "link_types": "sidewalk"}, "geometry": {"type": "Point", "coordinates": [328529.16, 4699086.04]}}, {"type": "Feature", "properties": {"node_id": 3966, "node_type": "endpoint", "degree": 1, "link_types": "sidewalk"}, "geometry": {"type": "Point", "coordinates": [328790.36, 4699449.48]}}, {"type": "Feature", "properties": {"node_id": 3967, "node_type": "junction", "degree": 3, "link_types": "pseudo"}, "geometry": {"type": "Point", "coordinates": [328918.92, 4699099.96]}}, {"type": "Feature", "properties": {"node_id": 3968, "node_type": "type_change", "degree": 2, "link_types": "pseudo+sidewalk"}, "geometry": {"type": "Point", "coordinates": [328918.84, 4699100.04]}}, {"type": "Feature", "properties": {"node_id": 3969, "node_type": "type_change", "degree": 2, "link_types": "midblock+sidewalk"}, "geometry": {"type": "Point", "coordinates": [328916.967, 4699114.466]}}, {"type": "Feature", "properties": {"node_id": 3970, "node_type": "type_change", "degree": 2, "link_types": "midblock+sidewalk"}, "geometry": {"type": "Point", "coordinates": [328916.751, 4699116.131]}}, {"type": "Feature", "properties": {"node_id": 3971, "node_type": "type_change", "degree": 2, "link_types": "midblock+sidewalk"}, "geometry": {"type": "Point", "coordinates": [328915.023, 4699129.447]}}, {"type": "Feature", "properties": {"node_id": 3972, "node_type": "type_change", "degree": 2, "link_types": "midblock+sidewalk"}, "geometry": {"type": "Point", "coordinates": [328914.457, 4699133.807]}}, {"type": "Feature", "properties": {"node_id": 3973, "node_type": "type_change", "degree": 2, "link_types": "midblock+sidewalk"}, "geometry": {"type": "Point", "coordinates": [328912.574, 4699148.313]}}, {"type": "Feature", "properties": {"node_id": 3974, "node_type": "type_change", "degree": 2, "link_types": "midblock+sidewalk"}, "geometry": {"type": "Point", "coordinates": [328912.266, 4699150.69]}}, {"type": "Feature", "properties": {"node_id": 3975, "node_type": "endpoint", "degree": 1, "link_types": "sidewalk"}, "geometry": {"type": "Point", "coordinates": [328911.0, 4699160.44]}}, {"type": "Feature", "properties": {"node_id": 3976, "node_type": "type_change", "degree": 2, "link_types": "crosswalk+pseudo"}, "geometry": {"type": "Point", "coordinates": [328919.96, 4699099.96]}}, {"type": "Feature", "properties": {"node_id": 3977, "node_type": "type_change", "degree": 2, "link_types": "crosswalk+pseudo"}, "geometry": {"type": "Point", "coordinates": [328927.64, 4699101.0]}}, {"type": "Feature", "properties": {"node_id": 3978, "node_type": "junction", "degree": 3, "link_types": "pseudo"}, "geometry": {"type": "Point", "coordinates": [328928.76, 4699101.4]}}, {"type": "Feature", "properties": {"node_id": 3979, "node_type": "type_change", "degree": 2, "link_types": "pseudo+sidewalk"}, "geometry": {"type": "Point", "coordinates": [328918.84, 4699099.88]}}, {"type": "Feature", "properties": {"node_id": 3980, "node_type": "type_change", "degree": 2, "link_types": "crosswalk+sidewalk"}, "geometry": {"type": "Point", "coordinates": [328919.0, 4699098.04]}}, {"type": "Feature", "properties": {"node_id": 3981, "node_type": "type_change", "degree": 3, "link_types": "pseudo+sidewalk"}, "geometry": {"type": "Point", "coordinates": [329341.08, 4699257.96]}}, {"type": "Feature", "properties": {"node_id": 3982, "node_type": "junction", "degree": 3, "link_types": "sidewalk"}, "geometry": {"type": "Point", "coordinates": [329341.16, 4699257.96]}}, {"type": "Feature", "properties": {"node_id": 3983, "node_type": "endpoint", "degree": 1, "link_types": "sidewalk"}, "geometry": {"type": "Point", "coordinates": [329099.8, 4698935.88]}}, {"type": "Feature", "properties": {"node_id": 3984, "node_type": "type_change", "degree": 2, "link_types": "midblock+sidewalk"}, "geometry": {"type": "Point", "coordinates": [329094.415, 4698935.518]}}, {"type": "Feature", "properties": {"node_id": 3985, "node_type": "type_change", "degree": 2, "link_types": "midblock+sidewalk"}, "geometry": {"type": "Point", "coordinates": [329089.482, 4698935.415]}}, {"type": "Feature", "properties": {"node_id": 3986, "node_type": "type_change", "degree": 2, "link_types": "midblock+sidewalk"}, "geometry": {"type": "Point", "coordinates": [329042.313, 4698936.606]}}, {"type": "Feature", "properties": {"node_id": 3987, "node_type": "type_change", "degree": 2, "link_types": "midblock+sidewalk"}, "geometry": {"type": "Point", "coordinates": [329040.794, 4698936.645]}}, {"type": "Feature", "properties": {"node_id": 3988, "node_type": "type_change", "degree": 2, "link_types": "midblock+sidewalk"}, "geometry": {"type": "Point", "coordinates": [328997.463, 4698937.739]}}, {"type": "Feature", "properties": {"node_id": 3989, "node_type": "type_change", "degree": 2, "link_types": "midblock+sidewalk"}, "geometry": {"type": "Point", "coordinates": [328995.944, 4698937.778]}}, {"type": "Feature", "properties": {"node_id": 3990, "node_type": "type_change", "degree": 2, "link_types": "crosswalk+pseudo"}, "geometry": {"type": "Point", "coordinates": [329727.56, 4698349.24]}}, {"type": "Feature", "properties": {"node_id": 3991, "node_type": "type_change", "degree": 2, "link_types": "crosswalk+pseudo"}, "geometry": {"type": "Point", "coordinates": [329734.6, 4698345.72]}}, {"type": "Feature", "properties": {"node_id": 3992, "node_type": "endpoint", "degree": 1, "link_types": "pseudo"}, "geometry": {"type": "Point", "coordinates": [329734.68, 4698345.64]}}, {"type": "Feature", "properties": {"node_id": 3993, "node_type": "type_change", "degree": 2, "link_types": "pseudo+sidewalk"}, "geometry": {"type": "Point", "coordinates": [329727.4, 4698345.56]}}, {"type": "Feature", "properties": {"node_id": 3994, "node_type": "endpoint", "degree": 1, "link_types": "sidewalk"}, "geometry": {"type": "Point", "coordinates": [329695.96, 4698343.08]}}, {"type": "Feature", "properties": {"node_id": 3995, "node_type": "endpoint", "degree": 1, "link_types": "sidewalk"}, "geometry": {"type": "Point", "coordinates": [328887.0, 4699411.48]}}, {"type": "Feature", "properties": {"node_id": 3996, "node_type": "type_change", "degree": 2, "link_types": "midblock+sidewalk"}, "geometry": {"type": "Point", "coordinates": [328885.86, 4699439.569]}}, {"type": "Feature", "properties": {"node_id": 3997, "node_type": "type_change", "degree": 2, "link_types": "midblock+sidewalk"}, "geometry": {"type": "Point", "coordinates": [328884.918, 4699448.867]}}, {"type": "Feature", "properties": {"node_id": 3998, "node_type": "type_change", "degree": 3, "link_types": "crosswalk+sidewalk"}, "geometry": {"type": "Point", "coordinates": [328880.84, 4699468.76]}}, {"type": "Feature", "properties": {"node_id": 3999, "node_type": "endpoint", "degree": 1, "link_types": "sidewalk"}, "geometry": {"type": "Point", "coordinates": [329089.32, 4698246.52]}}, {"type": "Feature", "properties": {"node_id": 4000, "node_type": "type_change", "degree": 2, "link_types": "pseudo+sidewalk"}, "geometry": {"type": "Point", "coordinates": [329068.36, 4698247.08]}}, {"type": "Feature", "properties": {"node_id": 4001, "node_type": "type_change", "degree": 2, "link_types": "crosswalk+pseudo"}, "geometry": {"type": "Point", "coordinates": [329068.2, 4698246.84]}}, {"type": "Feature", "properties": {"node_id": 4002, "node_type": "type_change", "degree": 2, "link_types": "crosswalk+pseudo"}, "geometry": {"type": "Point", "coordinates": [329063.88, 4698229.16]}}, {"type": "Feature", "properties": {"node_id": 4003, "node_type": "endpoint", "degree": 1, "link_types": "pseudo"}, "geometry": {"type": "Point", "coordinates": [329065.16, 4698228.52]}}, {"type": "Feature", "properties": {"node_id": 4004, "node_type": "type_change", "degree": 2, "link_types": "pseudo+sidewalk"}, "geometry": {"type": "Point", "coordinates": [329740.92, 4698045.4]}}, {"type": "Feature", "properties": {"node_id": 4005, "node_type": "type_change", "degree": 3, "link_types": "pseudo+sidewalk"}, "geometry": {"type": "Point", "coordinates": [329737.32, 4698044.36]}}, {"type": "Feature", "properties": {"node_id": 4006, "node_type": "type_change", "degree": 2, "link_types": "crosswalk+pseudo"}, "geometry": {"type": "Point", "coordinates": [329740.92, 4698044.92]}}, {"type": "Feature", "properties": {"node_id": 4007, "node_type": "type_change", "degree": 2, "link_types": "crosswalk+pseudo"}, "geometry": {"type": "Point", "coordinates": [329738.28, 4698044.36]}}, {"type": "Feature", "properties": {"node_id": 4008, "node_type": "endpoint", "degree": 1, "link_types": "sidewalk"}, "geometry": {"type": "Point", "coordinates": [328815.88, 4699229.72]}}, {"type": "Feature", "properties": {"node_id": 4009, "node_type": "type_change", "degree": 3, "link_types": "crosswalk+pseudo+sidewalk"}, "geometry": {"type": "Point", "coordinates": [328816.2, 4699229.8]}}, {"type": "Feature", "properties": {"node_id": 4010, "node_type": "endpoint", "degree": 1, "link_types": "sidewalk"}, "geometry": {"type": "Point", "coordinates": [329137.96, 4698700.52]}}, {"type": "Feature", "properties": {"node_id": 4011, "node_type": "endpoint", "degree": 1, "link_types": "sidewalk"}, "geometry": {"type": "Point", "coordinates": [329143.48, 4698693.48]}}, {"type": "Feature", "properties": {"node_id": 4012, "node_type": "endpoint", "degree": 1, "link_types": "sidewalk"}, "geometry": {"type": "Point", "coordinates": [329229.0, 4698158.44]}}, {"type": "Feature", "properties": {"node_id": 4013, "node_type": "type_change", "degree": 2, "link_types": "midblock+sidewalk"}, "geometry": {"type": "Point", "coordinates": [329228.437, 4698103.891]}}, {"type": "Feature", "properties": {"node_id": 4014, "node_type": "type_change", "degree": 2, "link_types": "midblock+sidewalk"}, "geometry": {"type": "Point", "coordinates": [329228.202, 4698100.386]}}, {"type": "Feature", "properties": {"node_id": 4015, "node_type": "type_change", "degree": 3, "link_types": "pseudo+sidewalk"}, "geometry": {"type": "Point", "coordinates": [329227.32, 4698087.24]}}, {"type": "Feature", "properties": {"node_id": 4016, "node_type": "junction", "degree": 3, "link_types": "sidewalk"}, "geometry": {"type": "Point", "coordinates": [329906.2, 4699038.76]}}, {"type": "Feature", "properties": {"node_id": 4017, "node_type": "endpoint", "degree": 1, "link_types": "sidewalk"}, "geometry": {"type": "Point", "coordinates": [329723.4, 4699260.44]}}, {"type": "Feature", "properties": {"node_id": 4018, "node_type": "endpoint", "degree": 1, "link_types": "sidewalk"}, "geometry": {"type": "Point", "coordinates": [329063.8, 4698148.12]}}, {"type": "Feature", "properties": {"node_id": 4019, "node_type": "endpoint", "degree": 1, "link_types": "sidewalk"}, "geometry": {"type": "Point", "coordinates": [329061.56, 4698077.96]}}, {"type": "Feature", "properties": {"node_id": 4020, "node_type": "endpoint", "degree": 1, "link_types": "sidewalk"}, "geometry": {"type": "Point", "coordinates": [329241.4, 4698498.28]}}, {"type": "Feature", "properties": {"node_id": 4021, "node_type": "type_change", "degree": 2, "link_types": "midblock+sidewalk"}, "geometry": {"type": "Point", "coordinates": [329240.704, 4698492.495]}}, {"type": "Feature", "properties": {"node_id": 4022, "node_type": "type_change", "degree": 2, "link_types": "midblock+sidewalk"}, "geometry": {"type": "Point", "coordinates": [329240.361, 4698489.642]}}, {"type": "Feature", "properties": {"node_id": 4023, "node_type": "type_change", "degree": 2, "link_types": "midblock+sidewalk"}, "geometry": {"type": "Point", "coordinates": [329239.023, 4698475.662]}}, {"type": "Feature", "properties": {"node_id": 4024, "node_type": "type_change", "degree": 2, "link_types": "midblock+sidewalk"}, "geometry": {"type": "Point", "coordinates": [329238.73, 4698470.879]}}, {"type": "Feature", "properties": {"node_id": 4025, "node_type": "type_change", "degree": 2, "link_types": "midblock+sidewalk"}, "geometry": {"type": "Point", "coordinates": [329238.55, 4698467.93]}}, {"type": "Feature", "properties": {"node_id": 4026, "node_type": "type_change", "degree": 2, "link_types": "midblock+sidewalk"}, "geometry": {"type": "Point", "coordinates": [329238.482, 4698466.814]}}, {"type": "Feature", "properties": {"node_id": 4027, "node_type": "type_change", "degree": 2, "link_types": "midblock+sidewalk"}, "geometry": {"type": "Point", "coordinates": [329236.665, 4698400.593]}}, {"type": "Feature", "properties": {"node_id": 4028, "node_type": "type_change", "degree": 2, "link_types": "midblock+sidewalk"}, "geometry": {"type": "Point", "coordinates": [329236.546, 4698395.559]}}, {"type": "Feature", "properties": {"node_id": 4029, "node_type": "type_change", "degree": 2, "link_types": "midblock+sidewalk"}, "geometry": {"type": "Point", "coordinates": [329235.522, 4698378.234]}}, {"type": "Feature", "properties": {"node_id": 4030, "node_type": "type_change", "degree": 2, "link_types": "midblock+sidewalk"}, "geometry": {"type": "Point", "coordinates": [329235.536, 4698374.891]}}, {"type": "Feature", "properties": {"node_id": 4031, "node_type": "endpoint", "degree": 1, "link_types": "sidewalk"}, "geometry": {"type": "Point", "coordinates": [329235.56, 4698369.24]}}, {"type": "Feature", "properties": {"node_id": 4032, "node_type": "endpoint", "degree": 1, "link_types": "sidewalk"}, "geometry": {"type": "Point", "coordinates": [329997.64, 4698543.96]}}, {"type": "Feature", "properties": {"node_id": 4033, "node_type": "endpoint", "degree": 1, "link_types": "sidewalk"}, "geometry": {"type": "Point", "coordinates": [329673.64, 4699287.24]}}, {"type": "Feature", "properties": {"node_id": 4034, "node_type": "type_change", "degree": 2, "link_types": "pseudo+sidewalk"}, "geometry": {"type": "Point", "coordinates": [328796.28, 4698357.72]}}, {"type": "Feature", "properties": {"node_id": 4035, "node_type": "type_change", "degree": 2, "link_types": "crosswalk+pseudo"}, "geometry": {"type": "Point", "coordinates": [328795.72, 4698356.2]}}, {"type": "Feature", "properties": {"node_id": 4036, "node_type": "type_change", "degree": 2, "link_types": "crosswalk+pseudo"}, "geometry": {"type": "Point", "coordinates": [328790.36, 4698357.0]}}, {"type": "Feature", "properties": {"node_id": 4037, "node_type": "endpoint", "degree": 1, "link_types": "sidewalk"}, "geometry": {"type": "Point", "coordinates": [329897.56, 4699118.68]}}, {"type": "Feature", "properties": {"node_id": 4038, "node_type": "endpoint", "degree": 1, "link_types": "sidewalk"}, "geometry": {"type": "Point", "coordinates": [329155.96, 4698938.04]}}, {"type": "Feature", "properties": {"node_id": 4039, "node_type": "endpoint", "degree": 1, "link_types": "sidewalk"}, "geometry": {"type": "Point", "coordinates": [329823.72, 4699178.6]}}, {"type": "Feature", "properties": {"node_id": 4040, "node_type": "junction", "degree": 3, "link_types": "pseudo"}, "geometry": {"type": "Point", "coordinates": [329504.36, 4698861.96]}}, {"type": "Feature", "properties": {"node_id": 4041, "node_type": "type_change", "degree": 2, "link_types": "crosswalk+pseudo"}, "geometry": {"type": "Point", "coordinates": [329504.36, 4698863.72]}}, {"type": "Feature", "properties": {"node_id": 4042, "node_type": "type_change", "degree": 2, "link_types": "crosswalk+pseudo"}, "geometry": {"type": "Point", "coordinates": [329509.72, 4698879.64]}}, {"type": "Feature", "properties": {"node_id": 4043, "node_type": "type_change", "degree": 3, "link_types": "pseudo+sidewalk"}, "geometry": {"type": "Point", "coordinates": [329509.16, 4698880.76]}}, {"type": "Feature", "properties": {"node_id": 4044, "node_type": "type_change", "degree": 2, "link_types": "pseudo+sidewalk"}, "geometry": {"type": "Point", "coordinates": [329504.28, 4698861.88]}}, {"type": "Feature", "properties": {"node_id": 4045, "node_type": "endpoint", "degree": 1, "link_types": "sidewalk"}, "geometry": {"type": "Point", "coordinates": [329501.56, 4698862.76]}}, {"type": "Feature", "properties": {"node_id": 4046, "node_type": "type_change", "degree": 2, "link_types": "pseudo+sidewalk"}, "geometry": {"type": "Point", "coordinates": [329504.44, 4698861.88]}}, {"type": "Feature", "properties": {"node_id": 4047, "node_type": "endpoint", "degree": 1, "link_types": "sidewalk"}, "geometry": {"type": "Point", "coordinates": [329505.64, 4698861.56]}}, {"type": "Feature", "properties": {"node_id": 4048, "node_type": "endpoint", "degree": 1, "link_types": "crosswalk"}, "geometry": {"type": "Point", "coordinates": [329494.2, 4698269.88]}}, {"type": "Feature", "properties": {"node_id": 4049, "node_type": "endpoint", "degree": 1, "link_types": "crosswalk"}, "geometry": {"type": "Point", "coordinates": [329490.2, 4698270.92]}}, {"type": "Feature", "properties": {"node_id": 4050, "node_type": "endpoint", "degree": 1, "link_types": "sidewalk"}, "geometry": {"type": "Point", "coordinates": [329579.56, 4699154.36]}}, {"type": "Feature", "properties": {"node_id": 4051, "node_type": "endpoint", "degree": 1, "link_types": "midblock"}, "geometry": {"type": "Point", "coordinates": [328783.24, 4699383.24]}}, {"type": "Feature", "properties": {"node_id": 4052, "node_type": "type_change", "degree": 2, "link_types": "midblock+sidewalk"}, "geometry": {"type": "Point", "coordinates": [328783.516, 4699377.434]}}, {"type": "Feature", "properties": {"node_id": 4053, "node_type": "type_change", "degree": 2, "link_types": "midblock+sidewalk"}, "geometry": {"type": "Point", "coordinates": [328788.058, 4699320.529]}}, {"type": "Feature", "properties": {"node_id": 4054, "node_type": "type_change", "degree": 2, "link_types": "midblock+sidewalk"}, "geometry": {"type": "Point", "coordinates": [328788.244, 4699316.55]}}, {"type": "Feature", "properties": {"node_id": 4055, "node_type": "type_change", "degree": 3, "link_types": "midblock+sidewalk"}, "geometry": {"type": "Point", "coordinates": [329740.28, 4699270.76]}}, {"type": "Feature", "properties": {"node_id": 4056, "node_type": "type_change", "degree": 3, "link_types": "pseudo+sidewalk"}, "geometry": {"type": "Point", "coordinates": [329731.72, 4698276.04]}}, {"type": "Feature", "properties": {"node_id": 4057, "node_type": "junction", "degree": 3, "link_types": "pseudo"}, "geometry": {"type": "Point", "coordinates": [329525.88, 4698282.04]}}, {"type": "Feature", "properties": {"node_id": 4058, "node_type": "type_change", "degree": 3, "link_types": "pseudo+sidewalk"}, "geometry": {"type": "Point", "coordinates": [329525.88, 4698282.12]}}, {"type": "Feature", "properties": {"node_id": 4059, "node_type": "type_change", "degree": 3, "link_types": "pseudo+sidewalk"}, "geometry": {"type": "Point", "coordinates": [329525.96, 4698282.12]}}, {"type": "Feature", "properties": {"node_id": 4060, "node_type": "type_change", "degree": 2, "link_types": "crosswalk+pseudo"}, "geometry": {"type": "Point", "coordinates": [329525.64, 4698281.64]}}, {"type": "Feature", "properties": {"node_id": 4061, "node_type": "type_change", "degree": 2, "link_types": "crosswalk+pseudo"}, "geometry": {"type": "Point", "coordinates": [329507.88, 4698281.16]}}, {"type": "Feature", "properties": {"node_id": 4062, "node_type": "endpoint", "degree": 1, "link_types": "sidewalk"}, "geometry": {"type": "Point", "coordinates": [328882.84, 4698063.96]}}, {"type": "Feature", "properties": {"node_id": 4063, "node_type": "type_change", "degree": 2, "link_types": "midblock+sidewalk"}, "geometry": {"type": "Point", "coordinates": [328851.87, 4698056.477]}}, {"type": "Feature", "properties": {"node_id": 4064, "node_type": "type_change", "degree": 2, "link_types": "midblock+sidewalk"}, "geometry": {"type": "Point", "coordinates": [328843.85, 4698056.941]}}, {"type": "Feature", "properties": {"node_id": 4065, "node_type": "endpoint", "degree": 1, "link_types": "sidewalk"}, "geometry": {"type": "Point", "coordinates": [328833.72, 4698056.6]}}, {"type": "Feature", "properties": {"node_id": 4066, "node_type": "type_change", "degree": 2, "link_types": "midblock+sidewalk"}, "geometry": {"type": "Point", "coordinates": [328595.31, 4698261.868]}}, {"type": "Feature", "properties": {"node_id": 4067, "node_type": "type_change", "degree": 2, "link_types": "midblock+sidewalk"}, "geometry": {"type": "Point", "coordinates": [328592.17, 4698262.453]}}, {"type": "Feature", "properties": {"node_id": 4068, "node_type": "type_change", "degree": 2, "link_types": "midblock+sidewalk"}, "geometry": {"type": "Point", "coordinates": [328582.906, 4698264.179]}}, {"type": "Feature", "properties": {"node_id": 4069, "node_type": "type_change", "degree": 2, "link_types": "midblock+sidewalk"}, "geometry": {"type": "Point", "coordinates": [328580.159, 4698264.692]}}, {"type": "Feature", "properties": {"node_id": 4070, "node_type": "junction", "degree": 3, "link_types": "crosswalk"}, "geometry": {"type": "Point", "coordinates": [329292.28, 4698868.2]}}, {"type": "Feature", "properties": {"node_id": 4071, "node_type": "type_change", "degree": 3, "link_types": "crosswalk+pseudo"}, "geometry": {"type": "Point", "coordinates": [329292.36, 4698868.28]}}, {"type": "Feature", "properties": {"node_id": 4072, "node_type": "endpoint", "degree": 1, "link_types": "crosswalk"}, "geometry": {"type": "Point", "coordinates": [329292.2, 4698868.2]}}, {"type": "Feature", "properties": {"node_id": 4073, "node_type": "type_change", "degree": 3, "link_types": "crosswalk+pseudo"}, "geometry": {"type": "Point", "coordinates": [329292.36, 4698868.2]}}, {"type": "Feature", "properties": {"node_id": 4074, "node_type": "type_change", "degree": 2, "link_types": "pseudo+sidewalk"}, "geometry": {"type": "Point", "coordinates": [329196.04, 4699299.16]}}, {"type": "Feature", "properties": {"node_id": 4075, "node_type": "type_change", "degree": 2, "link_types": "crosswalk+pseudo"}, "geometry": {"type": "Point", "coordinates": [329195.72, 4699298.68]}}, {"type": "Feature", "properties": {"node_id": 4076, "node_type": "type_change", "degree": 2, "link_types": "crosswalk+pseudo"}, "geometry": {"type": "Point", "coordinates": [329188.44, 4699298.12]}}, {"type": "Feature", "properties": {"node_id": 4077, "node_type": "endpoint", "degree": 1, "link_types": "sidewalk"}, "geometry": {"type": "Point", "coordinates": [329798.12, 4699151.64]}}, {"type": "Feature", "properties": {"node_id": 4078, "node_type": "endpoint", "degree": 1, "link_types": "sidewalk"}, "geometry": {"type": "Point", "coordinates": [329793.24, 4699134.52]}}, {"type": "Feature", "properties": {"node_id": 4079, "node_type": "endpoint", "degree": 1, "link_types": "sidewalk"}, "geometry": {"type": "Point", "coordinates": [328939.72, 4698877.16]}}, {"type": "Feature", "properties": {"node_id": 4080, "node_type": "type_change", "degree": 2, "link_types": "pseudo+sidewalk"}, "geometry": {"type": "Point", "coordinates": [328939.64, 4698877.24]}}, {"type": "Feature", "properties": {"node_id": 4081, "node_type": "type_change", "degree": 2, "link_types": "crosswalk+pseudo"}, "geometry": {"type": "Point", "coordinates": [328939.56, 4698877.4]}}, {"type": "Feature", "properties": {"node_id": 4082, "node_type": "type_change", "degree": 2, "link_types": "crosswalk+pseudo"}, "geometry": {"type": "Point", "coordinates": [328936.6, 4698876.2]}}, {"type": "Feature", "properties": {"node_id": 4083, "node_type": "junction", "degree": 3, "link_types": "sidewalk"}, "geometry": {"type": "Point", "coordinates": [329008.6, 4699352.28]}}, {"type": "Feature", "properties": {"node_id": 4084, "node_type": "endpoint", "degree": 1, "link_types": "sidewalk"}, "geometry": {"type": "Point", "coordinates": [329900.92, 4698352.84]}}, {"type": "Feature", "properties": {"node_id": 4085, "node_type": "type_change", "degree": 2, "link_types": "midblock+sidewalk"}, "geometry": {"type": "Point", "coordinates": [329900.458, 4698356.324]}}, {"type": "Feature", "properties": {"node_id": 4086, "node_type": "type_change", "degree": 2, "link_types": "midblock+sidewalk"}, "geometry": {"type": "Point", "coordinates": [329899.474, 4698369.383]}}, {"type": "Feature", "properties": {"node_id": 4087, "node_type": "type_change", "degree": 2, "link_types": "midblock+sidewalk"}, "geometry": {"type": "Point", "coordinates": [329898.958, 4698380.082]}}, {"type": "Feature", "properties": {"node_id": 4088, "node_type": "type_change", "degree": 2, "link_types": "midblock+sidewalk"}, "geometry": {"type": "Point", "coordinates": [329898.804, 4698383.277]}}, {"type": "Feature", "properties": {"node_id": 4089, "node_type": "endpoint", "degree": 1, "link_types": "sidewalk"}, "geometry": {"type": "Point", "coordinates": [329897.88, 4698402.44]}}, {"type": "Feature", "properties": {"node_id": 4090, "node_type": "type_change", "degree": 2, "link_types": "crosswalk+pseudo"}, "geometry": {"type": "Point", "coordinates": [329832.2, 4698292.2]}}, {"type": "Feature", "properties": {"node_id": 4091, "node_type": "type_change", "degree": 2, "link_types": "crosswalk+pseudo"}, "geometry": {"type": "Point", "coordinates": [329827.0, 4698288.68]}}, {"type": "Feature", "properties": {"node_id": 4092, "node_type": "endpoint", "degree": 1, "link_types": "pseudo"}, "geometry": {"type": "Point", "coordinates": [329827.32, 4698288.04]}}, {"type": "Feature", "properties": {"node_id": 4093, "node_type": "junction", "degree": 3, "link_types": "sidewalk"}, "geometry": {"type": "Point", "coordinates": [329874.2, 4699053.56]}}, {"type": "Feature", "properties": {"node_id": 4094, "node_type": "type_change", "degree": 3, "link_types": "pseudo+sidewalk"}, "geometry": {"type": "Point", "coordinates": [329874.2, 4699053.64]}}, {"type": "Feature", "properties": {"node_id": 4095, "node_type": "junction", "degree": 3, "link_types": "sidewalk"}, "geometry": {"type": "Point", "coordinates": [329874.12, 4699053.56]}}, {"type": "Feature", "properties": {"node_id": 4096, "node_type": "junction", "degree": 3, "link_types": "sidewalk"}, "geometry": {"type": "Point", "coordinates": [329902.04, 4698297.56]}}, {"type": "Feature", "properties": {"node_id": 4097, "node_type": "endpoint", "degree": 1, "link_types": "crosswalk"}, "geometry": {"type": "Point", "coordinates": [328600.68, 4699005.88]}}, {"type": "Feature", "properties": {"node_id": 4098, "node_type": "type_change", "degree": 2, "link_types": "crosswalk+pseudo"}, "geometry": {"type": "Point", "coordinates": [328591.64, 4698995.56]}}, {"type": "Feature", "properties": {"node_id": 4099, "node_type": "endpoint", "degree": 1, "link_types": "pseudo"}, "geometry": {"type": "Point", "coordinates": [328591.96, 4698995.4]}}, {"type": "Feature", "properties": {"node_id": 4100, "node_type": "type_change", "degree": 2, "link_types": "pseudo+sidewalk"}, "geometry": {"type": "Point", "coordinates": [328926.84, 4698885.64]}}, {"type": "Feature", "properties": {"node_id": 4101, "node_type": "endpoint", "degree": 1, "link_types": "sidewalk"}, "geometry": {"type": "Point", "coordinates": [328919.0, 4698885.4]}}, {"type": "Feature", "properties": {"node_id": 4102, "node_type": "type_change", "degree": 2, "link_types": "pseudo+sidewalk"}, "geometry": {"type": "Point", "coordinates": [328927.0, 4698885.64]}}, {"type": "Feature", "properties": {"node_id": 4103, "node_type": "type_change", "degree": 3, "link_types": "pseudo+sidewalk"}, "geometry": {"type": "Point", "coordinates": [328928.68, 4698887.56]}}, {"type": "Feature", "properties": {"node_id": 4104, "node_type": "type_change", "degree": 2, "link_types": "midblock+sidewalk"}, "geometry": {"type": "Point", "coordinates": [328989.654, 4699492.19]}}, {"type": "Feature", "properties": {"node_id": 4105, "node_type": "type_change", "degree": 2, "link_types": "midblock+sidewalk"}, "geometry": {"type": "Point", "coordinates": [328996.329, 4699492.761]}}, {"type": "Feature", "properties": {"node_id": 4106, "node_type": "type_change", "degree": 3, "link_types": "pseudo+sidewalk"}, "geometry": {"type": "Point", "coordinates": [329050.36, 4699498.52]}}, {"type": "Feature", "properties": {"node_id": 4107, "node_type": "endpoint", "degree": 1, "link_types": "sidewalk"}, "geometry": {"type": "Point", "coordinates": [329519.96, 4699081.88]}}, {"type": "Feature", "properties": {"node_id": 4108, "node_type": "type_change", "degree": 2, "link_types": "pseudo+sidewalk"}, "geometry": {"type": "Point", "coordinates": [329519.96, 4699081.96]}}, {"type": "Feature", "properties": {"node_id": 4109, "node_type": "type_change", "degree": 2, "link_types": "crosswalk+pseudo"}, "geometry": {"type": "Point", "coordinates": [329519.8, 4699083.8]}}, {"type": "Feature", "properties": {"node_id": 4110, "node_type": "type_change", "degree": 3, "link_types": "crosswalk+pseudo+sidewalk"}, "geometry": {"type": "Point", "coordinates": [329536.76, 4699081.48]}}, {"type": "Feature", "properties": {"node_id": 4111, "node_type": "endpoint", "degree": 1, "link_types": "pseudo"}, "geometry": {"type": "Point", "coordinates": [329523.8, 4699424.36]}}, {"type": "Feature", "properties": {"node_id": 4112, "node_type": "type_change", "degree": 3, "link_types": "pseudo+sidewalk"}, "geometry": {"type": "Point", "coordinates": [329517.48, 4698883.72]}}, {"type": "Feature", "properties": {"node_id": 4113, "node_type": "type_change", "degree": 2, "link_types": "crosswalk+pseudo"}, "geometry": {"type": "Point", "coordinates": [329652.04, 4699376.04]}}, {"type": "Feature", "properties": {"node_id": 4114, "node_type": "type_change", "degree": 2, "link_types": "crosswalk+pseudo"}, "geometry": {"type": "Point", "coordinates": [329657.88, 4699376.68]}}, {"type": "Feature", "properties": {"node_id": 4115, "node_type": "type_change", "degree": 2, "link_types": "crosswalk+pseudo"}, "geometry": {"type": "Point", "coordinates": [328703.4, 4698621.48]}}, {"type": "Feature", "properties": {"node_id": 4116, "node_type": "type_change", "degree": 2, "link_types": "crosswalk+pseudo"}, "geometry": {"type": "Point", "coordinates": [328701.72, 4698630.92]}}, {"type": "Feature", "properties": {"node_id": 4117, "node_type": "type_change", "degree": 2, "link_types": "pseudo+sidewalk"}, "geometry": {"type": "Point", "coordinates": [328703.32, 4698620.04]}}, {"type": "Feature", "properties": {"node_id": 4118, "node_type": "type_change", "degree": 2, "link_types": "midblock+sidewalk"}, "geometry": {"type": "Point", "coordinates": [328687.23, 4698620.6]}}, {"type": "Feature", "properties": {"node_id": 4119, "node_type": "type_change", "degree": 2, "link_types": "midblock+sidewalk"}, "geometry": {"type": "Point", "coordinates": [328684.37, 4698620.722]}}, {"type": "Feature", "properties": {"node_id": 4120, "node_type": "type_change", "degree": 2, "link_types": "midblock+sidewalk"}, "geometry": {"type": "Point", "coordinates": [328656.163, 4698621.088]}}, {"type": "Feature", "properties": {"node_id": 4121, "node_type": "type_change", "degree": 2, "link_types": "midblock+sidewalk"}, "geometry": {"type": "Point", "coordinates": [328650.463, 4698621.325]}}, {"type": "Feature", "properties": {"node_id": 4122, "node_type": "type_change", "degree": 2, "link_types": "midblock+sidewalk"}, "geometry": {"type": "Point", "coordinates": [328635.96, 4698621.687]}}, {"type": "Feature", "properties": {"node_id": 4123, "node_type": "type_change", "degree": 2, "link_types": "midblock+sidewalk"}, "geometry": {"type": "Point", "coordinates": [328628.281, 4698621.608]}}, {"type": "Feature", "properties": {"node_id": 4124, "node_type": "type_change", "degree": 2, "link_types": "midblock+sidewalk"}, "geometry": {"type": "Point", "coordinates": [328612.119, 4698622.328]}}, {"type": "Feature", "properties": {"node_id": 4125, "node_type": "type_change", "degree": 2, "link_types": "midblock+sidewalk"}, "geometry": {"type": "Point", "coordinates": [328609.319, 4698622.295]}}, {"type": "Feature", "properties": {"node_id": 4126, "node_type": "endpoint", "degree": 1, "link_types": "sidewalk"}, "geometry": {"type": "Point", "coordinates": [328601.32, 4698622.92]}}, {"type": "Feature", "properties": {"node_id": 4127, "node_type": "type_change", "degree": 3, "link_types": "pseudo+sidewalk"}, "geometry": {"type": "Point", "coordinates": [329940.6, 4699499.16]}}, {"type": "Feature", "properties": {"node_id": 4128, "node_type": "endpoint", "degree": 1, "link_types": "crosswalk"}, "geometry": {"type": "Point", "coordinates": [329426.2, 4699309.0]}}, {"type": "Feature", "properties": {"node_id": 4129, "node_type": "type_change", "degree": 2, "link_types": "midblock+sidewalk"}, "geometry": {"type": "Point", "coordinates": [329258.026, 4698707.975]}}, {"type": "Feature", "properties": {"node_id": 4130, "node_type": "type_change", "degree": 2, "link_types": "midblock+sidewalk"}, "geometry": {"type": "Point", "coordinates": [329259.735, 4698715.533]}}, {"type": "Feature", "properties": {"node_id": 4131, "node_type": "type_change", "degree": 2, "link_types": "midblock+sidewalk"}, "geometry": {"type": "Point", "coordinates": [329262.837, 4698729.246]}}, {"type": "Feature", "properties": {"node_id": 4132, "node_type": "type_change", "degree": 2, "link_types": "midblock+sidewalk"}, "geometry": {"type": "Point", "coordinates": [329263.894, 4698733.92]}}, {"type": "Feature", "properties": {"node_id": 4133, "node_type": "type_change", "degree": 3, "link_types": "pseudo+sidewalk"}, "geometry": {"type": "Point", "coordinates": [328939.48, 4698885.64]}}, {"type": "Feature", "properties": {"node_id": 4134, "node_type": "type_change", "degree": 3, "link_types": "pseudo+sidewalk"}, "geometry": {"type": "Point", "coordinates": [328939.4, 4698885.56]}}, {"type": "Feature", "properties": {"node_id": 4135, "node_type": "type_change", "degree": 2, "link_types": "crosswalk+pseudo"}, "geometry": {"type": "Point", "coordinates": [329207.72, 4698226.52]}}, {"type": "Feature", "properties": {"node_id": 4136, "node_type": "junction", "degree": 3, "link_types": "crosswalk"}, "geometry": {"type": "Point", "coordinates": [329388.44, 4699443.64]}}, {"type": "Feature", "properties": {"node_id": 4137, "node_type": "type_change", "degree": 2, "link_types": "crosswalk+pseudo"}, "geometry": {"type": "Point", "coordinates": [328799.4, 4698240.36]}}, {"type": "Feature", "properties": {"node_id": 4138, "node_type": "type_change", "degree": 2, "link_types": "crosswalk+pseudo"}, "geometry": {"type": "Point", "coordinates": [328817.56, 4698240.44]}}, {"type": "Feature", "properties": {"node_id": 4139, "node_type": "type_change", "degree": 3, "link_types": "pseudo+sidewalk"}, "geometry": {"type": "Point", "coordinates": [328818.04, 4698239.56]}}, {"type": "Feature", "properties": {"node_id": 4140, "node_type": "endpoint", "degree": 1, "link_types": "sidewalk"}, "geometry": {"type": "Point", "coordinates": [329874.76, 4699068.52]}}, {"type": "Feature", "properties": {"node_id": 4141, "node_type": "endpoint", "degree": 1, "link_types": "sidewalk"}, "geometry": {"type": "Point", "coordinates": [328914.52, 4698134.2]}}, {"type": "Feature", "properties": {"node_id": 4142, "node_type": "type_change", "degree": 2, "link_types": "midblock+sidewalk"}, "geometry": {"type": "Point", "coordinates": [328911.496, 4698134.142]}}, {"type": "Feature", "properties": {"node_id": 4143, "node_type": "type_change", "degree": 2, "link_types": "midblock+sidewalk"}, "geometry": {"type": "Point", "coordinates": [328909.586, 4698134.106]}}, {"type": "Feature", "properties": {"node_id": 4144, "node_type": "endpoint", "degree": 1, "link_types": "midblock"}, "geometry": {"type": "Point", "coordinates": [329190.52, 4699283.96]}}, {"type": "Feature", "properties": {"node_id": 4145, "node_type": "type_change", "degree": 2, "link_types": "midblock+sidewalk"}, "geometry": {"type": "Point", "coordinates": [329189.338, 4699284.427]}}, {"type": "Feature", "properties": {"node_id": 4146, "node_type": "endpoint", "degree": 1, "link_types": "sidewalk"}, "geometry": {"type": "Point", "coordinates": [329384.28, 4699185.0]}}, {"type": "Feature", "properties": {"node_id": 4147, "node_type": "type_change", "degree": 2, "link_types": "pseudo+sidewalk"}, "geometry": {"type": "Point", "coordinates": [329384.2, 4699185.0]}}, {"type": "Feature", "properties": {"node_id": 4148, "node_type": "type_change", "degree": 2, "link_types": "crosswalk+pseudo"}, "geometry": {"type": "Point", "coordinates": [329382.44, 4699185.64]}}, {"type": "Feature", "properties": {"node_id": 4149, "node_type": "type_change", "degree": 2, "link_types": "crosswalk+pseudo"}, "geometry": {"type": "Point", "coordinates": [329380.12, 4699170.36]}}, {"type": "Feature", "properties": {"node_id": 4150, "node_type": "endpoint", "degree": 1, "link_types": "pseudo"}, "geometry": {"type": "Point", "coordinates": [329381.32, 4699170.12]}}, {"type": "Feature", "properties": {"node_id": 4151, "node_type": "junction", "degree": 3, "link_types": "midblock"}, "geometry": {"type": "Point", "coordinates": [329743.8, 4699269.08]}}, {"type": "Feature", "properties": {"node_id": 4152, "node_type": "junction", "degree": 3, "link_types": "midblock"}, "geometry": {"type": "Point", "coordinates": [329743.88, 4699269.08]}}, {"type": "Feature", "properties": {"node_id": 4153, "node_type": "endpoint", "degree": 1, "link_types": "sidewalk"}, "geometry": {"type": "Point", "coordinates": [329781.48, 4698986.52]}}, {"type": "Feature", "properties": {"node_id": 4154, "node_type": "junction", "degree": 3, "link_types": "sidewalk"}, "geometry": {"type": "Point", "coordinates": [329003.32, 4699303.24]}}, {"type": "Feature", "properties": {"node_id": 4155, "node_type": "junction", "degree": 3, "link_types": "sidewalk"}, "geometry": {"type": "Point", "coordinates": [329003.4, 4699303.24]}}, {"type": "Feature", "properties": {"node_id": 4156, "node_type": "endpoint", "degree": 1, "link_types": "sidewalk"}, "geometry": {"type": "Point", "coordinates": [329961.72, 4699097.16]}}, {"type": "Feature", "properties": {"node_id": 4157, "node_type": "type_change", "degree": 2, "link_types": "midblock+sidewalk"}, "geometry": {"type": "Point", "coordinates": [329935.935, 4699104.982]}}, {"type": "Feature", "properties": {"node_id": 4158, "node_type": "type_change", "degree": 2, "link_types": "midblock+sidewalk"}, "geometry": {"type": "Point", "coordinates": [329931.496, 4699106.205]}}, {"type": "Feature", "properties": {"node_id": 4159, "node_type": "type_change", "degree": 2, "link_types": "midblock+sidewalk"}, "geometry": {"type": "Point", "coordinates": [328774.124, 4699050.663]}}, {"type": "Feature", "properties": {"node_id": 4160, "node_type": "type_change", "degree": 2, "link_types": "midblock+sidewalk"}, "geometry": {"type": "Point", "coordinates": [328767.384, 4699048.936]}}, {"type": "Feature", "properties": {"node_id": 4161, "node_type": "type_change", "degree": 2, "link_types": "midblock+sidewalk"}, "geometry": {"type": "Point", "coordinates": [328749.022, 4699044.232]}}, {"type": "Feature", "properties": {"node_id": 4162, "node_type": "type_change", "degree": 2, "link_types": "midblock+sidewalk"}, "geometry": {"type": "Point", "coordinates": [328742.437, 4699042.545]}}, {"type": "Feature", "properties": {"node_id": 4163, "node_type": "type_change", "degree": 2, "link_types": "midblock+sidewalk"}, "geometry": {"type": "Point", "coordinates": [328726.477, 4699038.455]}}, {"type": "Feature", "properties": {"node_id": 4164, "node_type": "type_change", "degree": 2, "link_types": "midblock+sidewalk"}, "geometry": {"type": "Point", "coordinates": [328720.278, 4699036.867]}}, {"type": "Feature", "properties": {"node_id": 4165, "node_type": "type_change", "degree": 2, "link_types": "midblock+sidewalk"}, "geometry": {"type": "Point", "coordinates": [328699.592, 4699031.567]}}, {"type": "Feature", "properties": {"node_id": 4166, "node_type": "type_change", "degree": 2, "link_types": "midblock+sidewalk"}, "geometry": {"type": "Point", "coordinates": [328695.254, 4699030.456]}}, {"type": "Feature", "properties": {"node_id": 4167, "node_type": "type_change", "degree": 2, "link_types": "midblock+sidewalk"}, "geometry": {"type": "Point", "coordinates": [328686.266, 4699028.154]}}, {"type": "Feature", "properties": {"node_id": 4168, "node_type": "type_change", "degree": 2, "link_types": "midblock+sidewalk"}, "geometry": {"type": "Point", "coordinates": [328678.519, 4699026.169]}}, {"type": "Feature", "properties": {"node_id": 4169, "node_type": "type_change", "degree": 2, "link_types": "midblock+sidewalk"}, "geometry": {"type": "Point", "coordinates": [328667.285, 4699023.29]}}, {"type": "Feature", "properties": {"node_id": 4170, "node_type": "type_change", "degree": 2, "link_types": "midblock+sidewalk"}, "geometry": {"type": "Point", "coordinates": [328663.798, 4699022.397]}}, {"type": "Feature", "properties": {"node_id": 4171, "node_type": "type_change", "degree": 2, "link_types": "midblock+sidewalk"}, "geometry": {"type": "Point", "coordinates": [328629.089, 4699013.504]}}, {"type": "Feature", "properties": {"node_id": 4172, "node_type": "type_change", "degree": 2, "link_types": "midblock+sidewalk"}, "geometry": {"type": "Point", "coordinates": [328617.002, 4699010.408]}}, {"type": "Feature", "properties": {"node_id": 4173, "node_type": "endpoint", "degree": 1, "link_types": "sidewalk"}, "geometry": {"type": "Point", "coordinates": [328604.12, 4699006.6]}}, {"type": "Feature", "properties": {"node_id": 4174, "node_type": "endpoint", "degree": 1, "link_types": "sidewalk"}, "geometry": {"type": "Point", "coordinates": [329734.44, 4698287.88]}}, {"type": "Feature", "properties": {"node_id": 4175, "node_type": "type_change", "degree": 2, "link_types": "pseudo+sidewalk"}, "geometry": {"type": "Point", "coordinates": [329734.52, 4698287.96]}}, {"type": "Feature", "properties": {"node_id": 4176, "node_type": "type_change", "degree": 2, "link_types": "crosswalk+pseudo"}, "geometry": {"type": "Point", "coordinates": [329736.04, 4698290.2]}}, {"type": "Feature", "properties": {"node_id": 4177, "node_type": "type_change", "degree": 2, "link_types": "crosswalk+pseudo"}, "geometry": {"type": "Point", "coordinates": [329743.96, 4698288.52]}}, {"type": "Feature", "properties": {"node_id": 4178, "node_type": "endpoint", "degree": 1, "link_types": "sidewalk"}, "geometry": {"type": "Point", "coordinates": [329165.64, 4698865.88]}}, {"type": "Feature", "properties": {"node_id": 4179, "node_type": "type_change", "degree": 2, "link_types": "pseudo+sidewalk"}, "geometry": {"type": "Point", "coordinates": [329165.64, 4698865.96]}}, {"type": "Feature", "properties": {"node_id": 4180, "node_type": "type_change", "degree": 2, "link_types": "crosswalk+pseudo"}, "geometry": {"type": "Point", "coordinates": [329165.8, 4698866.2]}}, {"type": "Feature", "properties": {"node_id": 4181, "node_type": "type_change", "degree": 2, "link_types": "crosswalk+pseudo"}, "geometry": {"type": "Point", "coordinates": [329159.72, 4698886.44]}}, {"type": "Feature", "properties": {"node_id": 4182, "node_type": "endpoint", "degree": 1, "link_types": "pseudo"}, "geometry": {"type": "Point", "coordinates": [329158.6, 4698886.68]}}, {"type": "Feature", "properties": {"node_id": 4183, "node_type": "endpoint", "degree": 1, "link_types": "sidewalk"}, "geometry": {"type": "Point", "coordinates": [329170.52, 4699276.68]}}, {"type": "Feature", "properties": {"node_id": 4184, "node_type": "type_change", "degree": 3, "link_types": "pseudo+sidewalk"}, "geometry": {"type": "Point", "coordinates": [329378.92, 4699115.48]}}, {"type": "Feature", "properties": {"node_id": 4185, "node_type": "junction", "degree": 3, "link_types": "sidewalk"}, "geometry": {"type": "Point", "coordinates": [329378.84, 4699115.4]}}, {"type": "Feature", "properties": {"node_id": 4186, "node_type": "endpoint", "degree": 1, "link_types": "sidewalk"}, "geometry": {"type": "Point", "coordinates": [329999.72, 4698497.56]}}, {"type": "Feature", "properties": {"node_id": 4187, "node_type": "endpoint", "degree": 1, "link_types": "sidewalk"}, "geometry": {"type": "Point", "coordinates": [328530.92, 4698471.4]}}, {"type": "Feature", "properties": {"node_id": 4188, "node_type": "endpoint", "degree": 1, "link_types": "sidewalk"}, "geometry": {"type": "Point", "coordinates": [329822.68, 4698282.76]}}, {"type": "Feature", "properties": {"node_id": 4189, "node_type": "type_change", "degree": 2, "link_types": "pseudo+sidewalk"}, "geometry": {"type": "Point", "coordinates": [329822.76, 4698282.84]}}, {"type": "Feature", "properties": {"node_id": 4190, "node_type": "type_change", "degree": 2, "link_types": "crosswalk+pseudo"}, "geometry": {"type": "Point", "coordinates": [329824.04, 4698283.56]}}, {"type": "Feature", "properties": {"node_id": 4191, "node_type": "type_change", "degree": 2, "link_types": "crosswalk+pseudo"}, "geometry": {"type": "Point", "coordinates": [329827.8, 4698279.96]}}, {"type": "Feature", "properties": {"node_id": 4192, "node_type": "type_change", "degree": 2, "link_types": "pseudo+sidewalk"}, "geometry": {"type": "Point", "coordinates": [329131.56, 4698683.16]}}, {"type": "Feature", "properties": {"node_id": 4193, "node_type": "type_change", "degree": 2, "link_types": "crosswalk+pseudo"}, "geometry": {"type": "Point", "coordinates": [329129.88, 4698684.28]}}, {"type": "Feature", "properties": {"node_id": 4194, "node_type": "type_change", "degree": 2, "link_types": "crosswalk+pseudo"}, "geometry": {"type": "Point", "coordinates": [329133.4, 4698686.12]}}, {"type": "Feature", "properties": {"node_id": 4195, "node_type": "junction", "degree": 3, "link_types": "sidewalk"}, "geometry": {"type": "Point", "coordinates": [329389.32, 4699148.6]}}, {"type": "Feature", "properties": {"node_id": 4196, "node_type": "junction", "degree": 3, "link_types": "sidewalk"}, "geometry": {"type": "Point", "coordinates": [329374.04, 4699170.44]}}, {"type": "Feature", "properties": {"node_id": 4197, "node_type": "type_change", "degree": 2, "link_types": "pseudo+sidewalk"}, "geometry": {"type": "Point", "coordinates": [329389.4, 4699148.52]}}, {"type": "Feature", "properties": {"node_id": 4198, "node_type": "type_change", "degree": 2, "link_types": "crosswalk+pseudo"}, "geometry": {"type": "Point", "coordinates": [329390.36, 4699147.56]}}, {"type": "Feature", "properties": {"node_id": 4199, "node_type": "type_change", "degree": 2, "link_types": "crosswalk+pseudo"}, "geometry": {"type": "Point", "coordinates": [329404.92, 4699139.72]}}, {"type": "Feature", "properties": {"node_id": 4200, "node_type": "endpoint", "degree": 1, "link_types": "pseudo"}, "geometry": {"type": "Point", "coordinates": [329405.08, 4699139.32]}}, {"type": "Feature", "properties": {"node_id": 4201, "node_type": "type_change", "degree": 2, "link_types": "crosswalk+pseudo"}, "geometry": {"type": "Point", "coordinates": [328798.36, 4699462.28]}}, {"type": "Feature", "properties": {"node_id": 4202, "node_type": "type_change", "degree": 2, "link_types": "crosswalk+pseudo"}, "geometry": {"type": "Point", "coordinates": [328792.28, 4699461.32]}}, {"type": "Feature", "properties": {"node_id": 4203, "node_type": "type_change", "degree": 3, "link_types": "pseudo+sidewalk"}, "geometry": {"type": "Point", "coordinates": [329870.12, 4699454.04]}}, {"type": "Feature", "properties": {"node_id": 4204, "node_type": "type_change", "degree": 2, "link_types": "crosswalk+pseudo"}, "geometry": {"type": "Point", "coordinates": [329063.96, 4698545.4]}}, {"type": "Feature", "properties": {"node_id": 4205, "node_type": "type_change", "degree": 2, "link_types": "crosswalk+pseudo"}, "geometry": {"type": "Point", "coordinates": [329063.16, 4698535.24]}}, {"type": "Feature", "properties": {"node_id": 4206, "node_type": "junction", "degree": 3, "link_types": "pseudo"}, "geometry": {"type": "Point", "coordinates": [329061.96, 4698534.92]}}, {"type": "Feature", "properties": {"node_id": 4207, "node_type": "endpoint", "degree": 1, "link_types": "sidewalk"}, "geometry": {"type": "Point", "coordinates": [329941.72, 4698781.4]}}, {"type": "Feature", "properties": {"node_id": 4208, "node_type": "type_change", "degree": 2, "link_types": "pseudo+sidewalk"}, "geometry": {"type": "Point", "coordinates": [329941.64, 4698781.4]}}, {"type": "Feature", "properties": {"node_id": 4209, "node_type": "type_change", "degree": 2, "link_types": "crosswalk+pseudo"}, "geometry": {"type": "Point", "coordinates": [329939.8, 4698780.92]}}, {"type": "Feature", "properties": {"node_id": 4210, "node_type": "type_change", "degree": 2, "link_types": "crosswalk+pseudo"}, "geometry": {"type": "Point", "coordinates": [329939.08, 4698789.16]}}, {"type": "Feature", "properties": {"node_id": 4211, "node_type": "type_change", "degree": 3, "link_types": "pseudo+sidewalk"}, "geometry": {"type": "Point", "coordinates": [329213.24, 4699225.16]}}, {"type": "Feature", "properties": {"node_id": 4212, "node_type": "junction", "degree": 3, "link_types": "sidewalk"}, "geometry": {"type": "Point", "coordinates": [329443.0, 4699292.84]}}, {"type": "Feature", "properties": {"node_id": 4213, "node_type": "junction", "degree": 3, "link_types": "sidewalk"}, "geometry": {"type": "Point", "coordinates": [329443.0, 4699292.76]}}, {"type": "Feature", "properties": {"node_id": 4214, "node_type": "endpoint", "degree": 1, "link_types": "sidewalk"}, "geometry": {"type": "Point", "coordinates": [329069.4, 4699498.92]}}, {"type": "Feature", "properties": {"node_id": 4215, "node_type": "type_change", "degree": 2, "link_types": "midblock+sidewalk"}, "geometry": {"type": "Point", "coordinates": [329067.738, 4699498.866]}}, {"type": "Feature", "properties": {"node_id": 4216, "node_type": "type_change", "degree": 2, "link_types": "midblock+sidewalk"}, "geometry": {"type": "Point", "coordinates": [329063.306, 4699498.722]}}, {"type": "Feature", "properties": {"node_id": 4217, "node_type": "endpoint", "degree": 1, "link_types": "sidewalk"}, "geometry": {"type": "Point", "coordinates": [328541.16, 4699103.4]}}, {"type": "Feature", "properties": {"node_id": 4218, "node_type": "type_change", "degree": 2, "link_types": "midblock+sidewalk"}, "geometry": {"type": "Point", "coordinates": [328550.77, 4699106.537]}}, {"type": "Feature", "properties": {"node_id": 4219, "node_type": "type_change", "degree": 2, "link_types": "midblock+sidewalk"}, "geometry": {"type": "Point", "coordinates": [328555.214, 4699107.503]}}, {"type": "Feature", "properties": {"node_id": 4220, "node_type": "type_change", "degree": 2, "link_types": "midblock+sidewalk"}, "geometry": {"type": "Point", "coordinates": [328569.248, 4699110.841]}}, {"type": "Feature", "properties": {"node_id": 4221, "node_type": "type_change", "degree": 2, "link_types": "midblock+sidewalk"}, "geometry": {"type": "Point", "coordinates": [328572.308, 4699111.36]}}, {"type": "Feature", "properties": {"node_id": 4222, "node_type": "type_change", "degree": 2, "link_types": "midblock+sidewalk"}, "geometry": {"type": "Point", "coordinates": [328597.102, 4699116.833]}}, {"type": "Feature", "properties": {"node_id": 4223, "node_type": "type_change", "degree": 2, "link_types": "midblock+sidewalk"}, "geometry": {"type": "Point", "coordinates": [328603.732, 4699118.642]}}, {"type": "Feature", "properties": {"node_id": 4224, "node_type": "type_change", "degree": 2, "link_types": "midblock+sidewalk"}, "geometry": {"type": "Point", "coordinates": [328617.29, 4699150.645]}}, {"type": "Feature", "properties": {"node_id": 4225, "node_type": "type_change", "degree": 2, "link_types": "midblock+sidewalk"}, "geometry": {"type": "Point", "coordinates": [328616.275, 4699153.927]}}, {"type": "Feature", "properties": {"node_id": 4226, "node_type": "type_change", "degree": 2, "link_types": "midblock+sidewalk"}, "geometry": {"type": "Point", "coordinates": [328615.992, 4699154.843]}}, {"type": "Feature", "properties": {"node_id": 4227, "node_type": "type_change", "degree": 2, "link_types": "midblock+sidewalk"}, "geometry": {"type": "Point", "coordinates": [328614.694, 4699159.041]}}, {"type": "Feature", "properties": {"node_id": 4228, "node_type": "junction", "degree": 3, "link_types": "sidewalk"}, "geometry": {"type": "Point", "coordinates": [329000.28, 4699305.24]}}, {"type": "Feature", "properties": {"node_id": 4229, "node_type": "junction", "degree": 3, "link_types": "sidewalk"}, "geometry": {"type": "Point", "coordinates": [329000.28, 4699305.16]}}, {"type": "Feature", "properties": {"node_id": 4230, "node_type": "endpoint", "degree": 1, "link_types": "sidewalk"}, "geometry": {"type": "Point", "coordinates": [329411.96, 4699244.52]}}, {"type": "Feature", "properties": {"node_id": 4231, "node_type": "endpoint", "degree": 1, "link_types": "sidewalk"}, "geometry": {"type": "Point", "coordinates": [329814.12, 4699059.4]}}, {"type": "Feature", "properties": {"node_id": 4232, "node_type": "endpoint", "degree": 1, "link_types": "sidewalk"}, "geometry": {"type": "Point", "coordinates": [329449.16, 4699295.0]}}, {"type": "Feature", "properties": {"node_id": 4233, "node_type": "endpoint", "degree": 1, "link_types": "sidewalk"}, "geometry": {"type": "Point", "coordinates": [329743.64, 4699343.8]}}, {"type": "Feature", "properties": {"node_id": 4234, "node_type": "type_change", "degree": 2, "link_types": "crosswalk+pseudo"}, "geometry": {"type": "Point", "coordinates": [329660.28, 4699196.84]}}, {"type": "Feature", "properties": {"node_id": 4235, "node_type": "type_change", "degree": 2, "link_types": "crosswalk+pseudo"}, "geometry": {"type": "Point", "coordinates": [329661.08, 4699208.2]}}, {"type": "Feature", "properties": {"node_id": 4236, "node_type": "endpoint", "degree": 1, "link_types": "sidewalk"}, "geometry": {"type": "Point", "coordinates": [328625.64, 4699021.72]}}, {"type": "Feature", "properties": {"node_id": 4237, "node_type": "type_change", "degree": 2, "link_types": "pseudo+sidewalk"}, "geometry": {"type": "Point", "coordinates": [328624.92, 4699021.32]}}, {"type": "Feature", "properties": {"node_id": 4238, "node_type": "type_change", "degree": 2, "link_types": "crosswalk+pseudo"}, "geometry": {"type": "Point", "coordinates": [328625.32, 4699020.68]}}, {"type": "Feature", "properties": {"node_id": 4239, "node_type": "type_change", "degree": 2, "link_types": "crosswalk+pseudo"}, "geometry": {"type": "Point", "coordinates": [328631.08, 4699016.76]}}, {"type": "Feature", "properties": {"node_id": 4240, "node_type": "endpoint", "degree": 1, "link_types": "pseudo"}, "geometry": {"type": "Point", "coordinates": [328632.36, 4699018.2]}}, {"type": "Feature", "properties": {"node_id": 4241, "node_type": "type_change", "degree": 2, "link_types": "crosswalk+pseudo"}, "geometry": {"type": "Point", "coordinates": [328514.76, 4698857.0]}}, {"type": "Feature", "properties": {"node_id": 4242, "node_type": "type_change", "degree": 2, "link_types": "crosswalk+pseudo"}, "geometry": {"type": "Point", "coordinates": [328514.84, 4698857.0]}}, {"type": "Feature", "properties": {"node_id": 4243, "node_type": "endpoint", "degree": 1, "link_types": "crosswalk"}, "geometry": {"type": "Point", "coordinates": [328514.92, 4698857.0]}}, {"type": "Feature", "properties": {"node_id": 4244, "node_type": "type_change", "degree": 3, "link_types": "pseudo+sidewalk"}, "geometry": {"type": "Point", "coordinates": [329902.04, 4698297.64]}}, {"type": "Feature", "properties": {"node_id": 4245, "node_type": "junction", "degree": 3, "link_types": "sidewalk"}, "geometry": {"type": "Point", "coordinates": [329812.84, 4699162.2]}}, {"type": "Feature", "properties": {"node_id": 4246, "node_type": "endpoint", "degree": 1, "link_types": "sidewalk"}, "geometry": {"type": "Point", "coordinates": [329538.28, 4699416.28]}}, {"type": "Feature", "properties": {"node_id": 4247, "node_type": "type_change", "degree": 2, "link_types": "midblock+sidewalk"}, "geometry": {"type": "Point", "coordinates": [329550.898, 4699417.826]}}, {"type": "Feature", "properties": {"node_id": 4248, "node_type": "type_change", "degree": 2, "link_types": "midblock+sidewalk"}, "geometry": {"type": "Point", "coordinates": [329556.294, 4699418.488]}}, {"type": "Feature", "properties": {"node_id": 4249, "node_type": "endpoint", "degree": 1, "link_types": "sidewalk"}, "geometry": {"type": "Point", "coordinates": [329587.88, 4699422.36]}}, {"type": "Feature", "properties": {"node_id": 4250, "node_type": "type_change", "degree": 2, "link_types": "crosswalk+pseudo"}, "geometry": {"type": "Point", "coordinates": [329657.16, 4699272.12]}}, {"type": "Feature", "properties": {"node_id": 4251, "node_type": "type_change", "degree": 2, "link_types": "crosswalk+pseudo"}, "geometry": {"type": "Point", "coordinates": [329659.72, 4699281.0]}}, {"type": "Feature", "properties": {"node_id": 4252, "node_type": "endpoint", "degree": 1, "link_types": "sidewalk"}, "geometry": {"type": "Point", "coordinates": [329738.68, 4698132.36]}}, {"type": "Feature", "properties": {"node_id": 4253, "node_type": "endpoint", "degree": 1, "link_types": "sidewalk"}, "geometry": {"type": "Point", "coordinates": [329615.72, 4699017.88]}}, {"type": "Feature", "properties": {"node_id": 4254, "node_type": "junction", "degree": 3, "link_types": "sidewalk"}, "geometry": {"type": "Point", "coordinates": [329179.32, 4699248.36]}}, {"type": "Feature", "properties": {"node_id": 4255, "node_type": "type_change", "degree": 3, "link_types": "pseudo+sidewalk"}, "geometry": {"type": "Point", "coordinates": [329179.32, 4699248.28]}}, {"type": "Feature", "properties": {"node_id": 4256, "node_type": "type_change", "degree": 3, "link_types": "pseudo+sidewalk"}, "geometry": {"type": "Point", "coordinates": [328775.96, 4699457.88]}}, {"type": "Feature", "properties": {"node_id": 4257, "node_type": "type_change", "degree": 2, "link_types": "pseudo+sidewalk"}, "geometry": {"type": "Point", "coordinates": [329050.44, 4699498.6]}}, {"type": "Feature", "properties": {"node_id": 4258, "node_type": "type_change", "degree": 2, "link_types": "pseudo+sidewalk"}, "geometry": {"type": "Point", "coordinates": [329052.84, 4699498.76]}}, {"type": "Feature", "properties": {"node_id": 4259, "node_type": "type_change", "degree": 2, "link_types": "crosswalk+pseudo"}, "geometry": {"type": "Point", "coordinates": [329053.32, 4699498.6]}}, {"type": "Feature", "properties": {"node_id": 4260, "node_type": "type_change", "degree": 2, "link_types": "crosswalk+pseudo"}, "geometry": {"type": "Point", "coordinates": [329062.04, 4699499.32]}}, {"type": "Feature", "properties": {"node_id": 4261, "node_type": "type_change", "degree": 2, "link_types": "crosswalk+pseudo"}, "geometry": {"type": "Point", "coordinates": [329050.36, 4699496.92]}}, {"type": "Feature", "properties": {"node_id": 4262, "node_type": "type_change", "degree": 2, "link_types": "crosswalk+pseudo"}, "geometry": {"type": "Point", "coordinates": [329051.08, 4699487.8]}}, {"type": "Feature", "properties": {"node_id": 4263, "node_type": "endpoint", "degree": 1, "link_types": "sidewalk"}, "geometry": {"type": "Point", "coordinates": [329772.36, 4699354.36]}}, {"type": "Feature", "properties": {"node_id": 4264, "node_type": "type_change", "degree": 2, "link_types": "midblock+sidewalk"}, "geometry": {"type": "Point", "coordinates": [329842.203, 4699354.064]}}, {"type": "Feature", "properties": {"node_id": 4265, "node_type": "type_change", "degree": 2, "link_types": "midblock+sidewalk"}, "geometry": {"type": "Point", "coordinates": [329847.945, 4699355.384]}}, {"type": "Feature", "properties": {"node_id": 4266, "node_type": "endpoint", "degree": 1, "link_types": "sidewalk"}, "geometry": {"type": "Point", "coordinates": [329851.72, 4699359.16]}}, {"type": "Feature", "properties": {"node_id": 4267, "node_type": "endpoint", "degree": 1, "link_types": "sidewalk"}, "geometry": {"type": "Point", "coordinates": [329515.96, 4698848.76]}}, {"type": "Feature", "properties": {"node_id": 4268, "node_type": "endpoint", "degree": 1, "link_types": "sidewalk"}, "geometry": {"type": "Point", "coordinates": [329511.96, 4699085.48]}}, {"type": "Feature", "properties": {"node_id": 4269, "node_type": "type_change", "degree": 2, "link_types": "pseudo+sidewalk"}, "geometry": {"type": "Point", "coordinates": [329517.4, 4699083.48]}}, {"type": "Feature", "properties": {"node_id": 4270, "node_type": "type_change", "degree": 2, "link_types": "crosswalk+pseudo"}, "geometry": {"type": "Point", "coordinates": [329518.6, 4699084.68]}}, {"type": "Feature", "properties": {"node_id": 4271, "node_type": "type_change", "degree": 2, "link_types": "crosswalk+pseudo"}, "geometry": {"type": "Point", "coordinates": [329519.8, 4699093.72]}}, {"type": "Feature", "properties": {"node_id": 4272, "node_type": "endpoint", "degree": 1, "link_types": "sidewalk"}, "geometry": {"type": "Point", "coordinates": [328886.84, 4698337.16]}}, {"type": "Feature", "properties": {"node_id": 4273, "node_type": "endpoint", "degree": 1, "link_types": "sidewalk"}, "geometry": {"type": "Point", "coordinates": [329215.8, 4699223.88]}}, {"type": "Feature", "properties": {"node_id": 4274, "node_type": "type_change", "degree": 2, "link_types": "crosswalk+pseudo"}, "geometry": {"type": "Point", "coordinates": [328715.48, 4698635.56]}}, {"type": "Feature", "properties": {"node_id": 4275, "node_type": "type_change", "degree": 2, "link_types": "crosswalk+pseudo"}, "geometry": {"type": "Point", "coordinates": [328704.36, 4698635.24]}}, {"type": "Feature", "properties": {"node_id": 4276, "node_type": "endpoint", "degree": 1, "link_types": "sidewalk"}, "geometry": {"type": "Point", "coordinates": [329911.48, 4698471.0]}}, {"type": "Feature", "properties": {"node_id": 4277, "node_type": "junction", "degree": 3, "link_types": "sidewalk"}, "geometry": {"type": "Point", "coordinates": [329373.96, 4699170.52]}}, {"type": "Feature", "properties": {"node_id": 4278, "node_type": "junction", "degree": 3, "link_types": "sidewalk"}, "geometry": {"type": "Point", "coordinates": [329373.96, 4699170.44]}}, {"type": "Feature", "properties": {"node_id": 4279, "node_type": "endpoint", "degree": 1, "link_types": "crosswalk"}, "geometry": {"type": "Point", "coordinates": [329249.0, 4698672.28]}}, {"type": "Feature", "properties": {"node_id": 4280, "node_type": "type_change", "degree": 3, "link_types": "crosswalk+pseudo"}, "geometry": {"type": "Point", "coordinates": [329249.08, 4698672.28]}}, {"type": "Feature", "properties": {"node_id": 4281, "node_type": "type_change", "degree": 3, "link_types": "crosswalk+pseudo"}, "geometry": {"type": "Point", "coordinates": [329737.08, 4698510.84]}}, {"type": "Feature", "properties": {"node_id": 4282, "node_type": "junction", "degree": 3, "link_types": "crosswalk"}, "geometry": {"type": "Point", "coordinates": [329737.0, 4698510.76]}}, {"type": "Feature", "properties": {"node_id": 4283, "node_type": "endpoint", "degree": 1, "link_types": "sidewalk"}, "geometry": {"type": "Point", "coordinates": [328654.2, 4698940.44]}}, {"type": "Feature", "properties": {"node_id": 4284, "node_type": "endpoint", "degree": 1, "link_types": "sidewalk"}, "geometry": {"type": "Point", "coordinates": [328507.0, 4698542.12]}}, {"type": "Feature", "properties": {"node_id": 4285, "node_type": "type_change", "degree": 3, "link_types": "pseudo+sidewalk"}, "geometry": {"type": "Point", "coordinates": [329865.88, 4699431.64]}}, {"type": "Feature", "properties": {"node_id": 4286, "node_type": "type_change", "degree": 3, "link_types": "pseudo+sidewalk"}, "geometry": {"type": "Point", "coordinates": [329865.88, 4699431.56]}}, {"type": "Feature", "properties": {"node_id": 4287, "node_type": "junction", "degree": 3, "link_types": "sidewalk"}, "geometry": {"type": "Point", "coordinates": [329876.84, 4699068.36]}}, {"type": "Feature", "properties": {"node_id": 4288, "node_type": "type_change", "degree": 3, "link_types": "pseudo+sidewalk"}, "geometry": {"type": "Point", "coordinates": [329876.92, 4699068.36]}}, {"type": "Feature", "properties": {"node_id": 4289, "node_type": "type_change", "degree": 3, "link_types": "pseudo+sidewalk"}, "geometry": {"type": "Point", "coordinates": [329876.84, 4699068.28]}}, {"type": "Feature", "properties": {"node_id": 4290, "node_type": "type_change", "degree": 3, "link_types": "pseudo+sidewalk"}, "geometry": {"type": "Point", "coordinates": [329061.88, 4698534.92]}}, {"type": "Feature", "properties": {"node_id": 4291, "node_type": "type_change", "degree": 2, "link_types": "crosswalk+pseudo"}, "geometry": {"type": "Point", "coordinates": [329067.4, 4699278.04]}}, {"type": "Feature", "properties": {"node_id": 4292, "node_type": "type_change", "degree": 2, "link_types": "crosswalk+pseudo"}, "geometry": {"type": "Point", "coordinates": [329065.4, 4699266.84]}}, {"type": "Feature", "properties": {"node_id": 4293, "node_type": "junction", "degree": 3, "link_types": "pseudo"}, "geometry": {"type": "Point", "coordinates": [329065.4, 4699265.32]}}, {"type": "Feature", "properties": {"node_id": 4294, "node_type": "type_change", "degree": 2, "link_types": "midblock+sidewalk"}, "geometry": {"type": "Point", "coordinates": [329816.342, 4699105.304]}}, {"type": "Feature", "properties": {"node_id": 4295, "node_type": "type_change", "degree": 2, "link_types": "midblock+sidewalk"}, "geometry": {"type": "Point", "coordinates": [329813.006, 4699101.925]}}, {"type": "Feature", "properties": {"node_id": 4296, "node_type": "endpoint", "degree": 1, "link_types": "sidewalk"}, "geometry": {"type": "Point", "coordinates": [329811.32, 4699087.72]}}, {"type": "Feature", "properties": {"node_id": 4297, "node_type": "endpoint", "degree": 1, "link_types": "sidewalk"}, "geometry": {"type": "Point", "coordinates": [328867.48, 4698607.32]}}, {"type": "Feature", "properties": {"node_id": 4298, "node_type": "junction", "degree": 3, "link_types": "sidewalk"}, "geometry": {"type": "Point", "coordinates": [329496.52, 4698595.96]}}, {"type": "Feature", "properties": {"node_id": 4299, "node_type": "junction", "degree": 3, "link_types": "sidewalk"}, "geometry": {"type": "Point", "coordinates": [329496.52, 4698596.04]}}, {"type": "Feature", "properties": {"node_id": 4300, "node_type": "junction", "degree": 3, "link_types": "sidewalk"}, "geometry": {"type": "Point", "coordinates": [329496.6, 4698596.04]}}, {"type": "Feature", "properties": {"node_id": 4301, "node_type": "endpoint", "degree": 1, "link_types": "sidewalk"}, "geometry": {"type": "Point", "coordinates": [329498.52, 4698582.6]}}, {"type": "Feature", "properties": {"node_id": 4302, "node_type": "type_change", "degree": 2, "link_types": "crosswalk+pseudo"}, "geometry": {"type": "Point", "coordinates": [329586.36, 4699191.4]}}, {"type": "Feature", "properties": {"node_id": 4303, "node_type": "type_change", "degree": 2, "link_types": "crosswalk+pseudo"}, "geometry": {"type": "Point", "coordinates": [329596.12, 4699192.28]}}, {"type": "Feature", "properties": {"node_id": 4304, "node_type": "type_change", "degree": 3, "link_types": "pseudo+sidewalk"}, "geometry": {"type": "Point", "coordinates": [329596.92, 4699191.88]}}, {"type": "Feature", "properties": {"node_id": 4305, "node_type": "type_change", "degree": 2, "link_types": "midblock+sidewalk"}, "geometry": {"type": "Point", "coordinates": [329342.222, 4699261.95]}}, {"type": "Feature", "properties": {"node_id": 4306, "node_type": "endpoint", "degree": 1, "link_types": "midblock"}, "geometry": {"type": "Point", "coordinates": [329343.16, 4699265.48]}}, {"type": "Feature", "properties": {"node_id": 4307, "node_type": "junction", "degree": 3, "link_types": "sidewalk"}, "geometry": {"type": "Point", "coordinates": [328812.44, 4699248.04]}}, {"type": "Feature", "properties": {"node_id": 4308, "node_type": "endpoint", "degree": 1, "link_types": "sidewalk"}, "geometry": {"type": "Point", "coordinates": [328809.32, 4699252.68]}}, {"type": "Feature", "properties": {"node_id": 4309, "node_type": "type_change", "degree": 2, "link_types": "pseudo+sidewalk"}, "geometry": {"type": "Point", "coordinates": [328812.36, 4699247.96]}}, {"type": "Feature", "properties": {"node_id": 4310, "node_type": "type_change", "degree": 2, "link_types": "crosswalk+pseudo"}, "geometry": {"type": "Point", "coordinates": [328811.88, 4699247.72]}}, {"type": "Feature", "properties": {"node_id": 4311, "node_type": "type_change", "degree": 2, "link_types": "crosswalk+pseudo"}, "geometry": {"type": "Point", "coordinates": [328795.16, 4699250.52]}}, {"type": "Feature", "properties": {"node_id": 4312, "node_type": "type_change", "degree": 2, "link_types": "midblock+sidewalk"}, "geometry": {"type": "Point", "coordinates": [328905.899, 4699257.239]}}, {"type": "Feature", "properties": {"node_id": 4313, "node_type": "endpoint", "degree": 1, "link_types": "midblock"}, "geometry": {"type": "Point", "coordinates": [328910.6, 4699257.0]}}, {"type": "Feature", "properties": {"node_id": 4314, "node_type": "endpoint", "degree": 1, "link_types": "sidewalk"}, "geometry": {"type": "Point", "coordinates": [328911.08, 4699162.44]}}, {"type": "Feature", "properties": {"node_id": 4315, "node_type": "endpoint", "degree": 1, "link_types": "sidewalk"}, "geometry": {"type": "Point", "coordinates": [328958.36, 4698142.28]}}, {"type": "Feature", "properties": {"node_id": 4316, "node_type": "type_change", "degree": 2, "link_types": "midblock+sidewalk"}, "geometry": {"type": "Point", "coordinates": [328924.618, 4698143.666]}}, {"type": "Feature", "properties": {"node_id": 4317, "node_type": "type_change", "degree": 2, "link_types": "midblock+sidewalk"}, "geometry": {"type": "Point", "coordinates": [328918.952, 4698143.716]}}, {"type": "Feature", "properties": {"node_id": 4318, "node_type": "junction", "degree": 3, "link_types": "sidewalk"}, "geometry": {"type": "Point", "coordinates": [328894.28, 4698145.0]}}, {"type": "Feature", "properties": {"node_id": 4319, "node_type": "junction", "degree": 3, "link_types": "pseudo"}, "geometry": {"type": "Point", "coordinates": [329888.52, 4698945.0]}}, {"type": "Feature", "properties": {"node_id": 4320, "node_type": "type_change", "degree": 2, "link_types": "crosswalk+pseudo"}, "geometry": {"type": "Point", "coordinates": [329888.28, 4698946.84]}}, {"type": "Feature", "properties": {"node_id": 4321, "node_type": "type_change", "degree": 2, "link_types": "crosswalk+pseudo"}, "geometry": {"type": "Point", "coordinates": [329907.08, 4698949.24]}}, {"type": "Feature", "properties": {"node_id": 4322, "node_type": "type_change", "degree": 2, "link_types": "midblock+sidewalk"}, "geometry": {"type": "Point", "coordinates": [328903.889, 4698948.382]}}, {"type": "Feature", "properties": {"node_id": 4323, "node_type": "type_change", "degree": 2, "link_types": "midblock+sidewalk"}, "geometry": {"type": "Point", "coordinates": [328899.542, 4698948.124]}}, {"type": "Feature", "properties": {"node_id": 4324, "node_type": "endpoint", "degree": 1, "link_types": "sidewalk"}, "geometry": {"type": "Point", "coordinates": [328898.12, 4698948.04]}}, {"type": "Feature", "properties": {"node_id": 4325, "node_type": "junction", "degree": 3, "link_types": "sidewalk"}, "geometry": {"type": "Point", "coordinates": [329906.28, 4699038.84]}}, {"type": "Feature", "properties": {"node_id": 4326, "node_type": "endpoint", "degree": 1, "link_types": "crosswalk"}, "geometry": {"type": "Point", "coordinates": [329184.6, 4699245.24]}}, {"type": "Feature", "properties": {"node_id": 4327, "node_type": "type_change", "degree": 2, "link_types": "crosswalk+pseudo"}, "geometry": {"type": "Point", "coordinates": [329184.6, 4699245.32]}}, {"type": "Feature", "properties": {"node_id": 4328, "node_type": "junction", "degree": 3, "link_types": "pseudo"}, "geometry": {"type": "Point", "coordinates": [329184.52, 4699245.4]}}, {"type": "Feature", "properties": {"node_id": 4329, "node_type": "type_change", "degree": 2, "link_types": "pseudo+sidewalk"}, "geometry": {"type": "Point", "coordinates": [329717.88, 4699461.88]}}, {"type": "Feature", "properties": {"node_id": 4330, "node_type": "type_change", "degree": 2, "link_types": "crosswalk+pseudo"}, "geometry": {"type": "Point", "coordinates": [329717.64, 4699461.0]}}, {"type": "Feature", "properties": {"node_id": 4331, "node_type": "type_change", "degree": 2, "link_types": "crosswalk+pseudo"}, "geometry": {"type": "Point", "coordinates": [329704.52, 4699458.92]}}, {"type": "Feature", "properties": {"node_id": 4332, "node_type": "type_change", "degree": 3, "link_types": "pseudo+sidewalk"}, "geometry": {"type": "Point", "coordinates": [329703.32, 4699458.28]}}, {"type": "Feature", "properties": {"node_id": 4333, "node_type": "endpoint", "degree": 1, "link_types": "sidewalk"}, "geometry": {"type": "Point", "coordinates": [328859.08, 4698778.68]}}, {"type": "Feature", "properties": {"node_id": 4334, "node_type": "endpoint", "degree": 1, "link_types": "sidewalk"}, "geometry": {"type": "Point", "coordinates": [328857.4, 4698794.6]}}, {"type": "Feature", "properties": {"node_id": 4335, "node_type": "endpoint", "degree": 1, "link_types": "sidewalk"}, "geometry": {"type": "Point", "coordinates": [329184.04, 4699246.44]}}, {"type": "Feature", "properties": {"node_id": 4336, "node_type": "type_change", "degree": 2, "link_types": "pseudo+sidewalk"}, "geometry": {"type": "Point", "coordinates": [329184.04, 4699246.36]}}, {"type": "Feature", "properties": {"node_id": 4337, "node_type": "endpoint", "degree": 1, "link_types": "midblock"}, "geometry": {"type": "Point", "coordinates": [328650.68, 4698707.48]}}, {"type": "Feature", "properties": {"node_id": 4338, "node_type": "type_change", "degree": 2, "link_types": "midblock+sidewalk"}, "geometry": {"type": "Point", "coordinates": [328640.208, 4698707.784]}}, {"type": "Feature", "properties": {"node_id": 4339, "node_type": "type_change", "degree": 2, "link_types": "midblock+sidewalk"}, "geometry": {"type": "Point", "coordinates": [328627.179, 4698708.162]}}, {"type": "Feature", "properties": {"node_id": 4340, "node_type": "type_change", "degree": 2, "link_types": "midblock+sidewalk"}, "geometry": {"type": "Point", "coordinates": [328621.903, 4698708.315]}}, {"type": "Feature", "properties": {"node_id": 4341, "node_type": "type_change", "degree": 2, "link_types": "midblock+sidewalk"}, "geometry": {"type": "Point", "coordinates": [328580.976, 4698709.503]}}, {"type": "Feature", "properties": {"node_id": 4342, "node_type": "type_change", "degree": 2, "link_types": "midblock+sidewalk"}, "geometry": {"type": "Point", "coordinates": [328571.703, 4698709.772]}}, {"type": "Feature", "properties": {"node_id": 4343, "node_type": "type_change", "degree": 2, "link_types": "midblock+sidewalk"}, "geometry": {"type": "Point", "coordinates": [328538.377, 4698710.652]}}, {"type": "Feature", "properties": {"node_id": 4344, "node_type": "type_change", "degree": 2, "link_types": "midblock+sidewalk"}, "geometry": {"type": "Point", "coordinates": [328533.514, 4698710.803]}}, {"type": "Feature", "properties": {"node_id": 4345, "node_type": "type_change", "degree": 2, "link_types": "midblock+sidewalk"}, "geometry": {"type": "Point", "coordinates": [328527.138, 4698711.002]}}, {"type": "Feature", "properties": {"node_id": 4346, "node_type": "type_change", "degree": 2, "link_types": "midblock+sidewalk"}, "geometry": {"type": "Point", "coordinates": [328524.668, 4698711.078]}}, {"type": "Feature", "properties": {"node_id": 4347, "node_type": "endpoint", "degree": 1, "link_types": "sidewalk"}, "geometry": {"type": "Point", "coordinates": [328500.2, 4698713.56]}}, {"type": "Feature", "properties": {"node_id": 4348, "node_type": "endpoint", "degree": 1, "link_types": "sidewalk"}, "geometry": {"type": "Point", "coordinates": [329744.28, 4698325.0]}}, {"type": "Feature", "properties": {"node_id": 4349, "node_type": "type_change", "degree": 2, "link_types": "crosswalk+pseudo"}, "geometry": {"type": "Point", "coordinates": [329916.6, 4698457.32]}}, {"type": "Feature", "properties": {"node_id": 4350, "node_type": "endpoint", "degree": 1, "link_types": "crosswalk"}, "geometry": {"type": "Point", "coordinates": [328923.64, 4698791.4]}}, {"type": "Feature", "properties": {"node_id": 4351, "node_type": "endpoint", "degree": 1, "link_types": "sidewalk"}, "geometry": {"type": "Point", "coordinates": [328997.4, 4699310.68]}}, {"type": "Feature", "properties": {"node_id": 4352, "node_type": "endpoint", "degree": 1, "link_types": "sidewalk"}, "geometry": {"type": "Point", "coordinates": [329829.64, 4698000.68]}}, {"type": "Feature", "properties": {"node_id": 4353, "node_type": "type_change", "degree": 2, "link_types": "midblock+sidewalk"}, "geometry": {"type": "Point", "coordinates": [329769.034, 4698052.319]}}, {"type": "Feature", "properties": {"node_id": 4354, "node_type": "type_change", "degree": 2, "link_types": "midblock+sidewalk"}, "geometry": {"type": "Point", "coordinates": [329764.949, 4698048.352]}}, {"type": "Feature", "properties": {"node_id": 4355, "node_type": "endpoint", "degree": 1, "link_types": "sidewalk"}, "geometry": {"type": "Point", "coordinates": [329657.0, 4698015.16]}}, {"type": "Feature", "properties": {"node_id": 4356, "node_type": "type_change", "degree": 2, "link_types": "crosswalk+pseudo"}, "geometry": {"type": "Point", "coordinates": [329429.96, 4699317.24]}}, {"type": "Feature", "properties": {"node_id": 4357, "node_type": "type_change", "degree": 2, "link_types": "pseudo+sidewalk"}, "geometry": {"type": "Point", "coordinates": [328933.64, 4699068.84]}}, {"type": "Feature", "properties": {"node_id": 4358, "node_type": "type_change", "degree": 2, "link_types": "crosswalk+pseudo"}, "geometry": {"type": "Point", "coordinates": [328933.32, 4699069.4]}}, {"type": "Feature", "properties": {"node_id": 4359, "node_type": "type_change", "degree": 2, "link_types": "crosswalk+pseudo"}, "geometry": {"type": "Point", "coordinates": [328933.0, 4699079.32]}}, {"type": "Feature", "properties": {"node_id": 4360, "node_type": "endpoint", "degree": 1, "link_types": "sidewalk"}, "geometry": {"type": "Point", "coordinates": [328950.52, 4698247.0]}}, {"type": "Feature", "properties": {"node_id": 4361, "node_type": "type_change", "degree": 2, "link_types": "pseudo+sidewalk"}, "geometry": {"type": "Point", "coordinates": [328950.6, 4698247.0]}}, {"type": "Feature", "properties": {"node_id": 4362, "node_type": "junction", "degree": 3, "link_types": "sidewalk"}, "geometry": {"type": "Point", "coordinates": [328875.56, 4698146.28]}}, {"type": "Feature", "properties": {"node_id": 4363, "node_type": "endpoint", "degree": 1, "link_types": "sidewalk"}, "geometry": {"type": "Point", "coordinates": [328876.12, 4698152.36]}}, {"type": "Feature", "properties": {"node_id": 4364, "node_type": "endpoint", "degree": 1, "link_types": "sidewalk"}, "geometry": {"type": "Point", "coordinates": [328874.28, 4698145.08]}}, {"type": "Feature", "properties": {"node_id": 4365, "node_type": "type_change", "degree": 2, "link_types": "pseudo+sidewalk"}, "geometry": {"type": "Point", "coordinates": [328875.64, 4698146.2]}}, {"type": "Feature", "properties": {"node_id": 4366, "node_type": "type_change", "degree": 2, "link_types": "crosswalk+pseudo"}, "geometry": {"type": "Point", "coordinates": [328876.2, 4698145.8]}}, {"type": "Feature", "properties": {"node_id": 4367, "node_type": "type_change", "degree": 2, "link_types": "crosswalk+pseudo"}, "geometry": {"type": "Point", "coordinates": [328877.24, 4698134.76]}}, {"type": "Feature", "properties": {"node_id": 4368, "node_type": "type_change", "degree": 2, "link_types": "pseudo+sidewalk"}, "geometry": {"type": "Point", "coordinates": [328701.64, 4698632.28]}}, {"type": "Feature", "properties": {"node_id": 4369, "node_type": "type_change", "degree": 2, "link_types": "midblock+sidewalk"}, "geometry": {"type": "Point", "coordinates": [328688.392, 4698632.558]}}, {"type": "Feature", "properties": {"node_id": 4370, "node_type": "type_change", "degree": 2, "link_types": "midblock+sidewalk"}, "geometry": {"type": "Point", "coordinates": [328677.857, 4698632.778]}}, {"type": "Feature", "properties": {"node_id": 4371, "node_type": "type_change", "degree": 2, "link_types": "midblock+sidewalk"}, "geometry": {"type": "Point", "coordinates": [328633.137, 4698634.076]}}, {"type": "Feature", "properties": {"node_id": 4372, "node_type": "type_change", "degree": 2, "link_types": "midblock+sidewalk"}, "geometry": {"type": "Point", "coordinates": [328625.172, 4698634.41]}}, {"type": "Feature", "properties": {"node_id": 4373, "node_type": "type_change", "degree": 2, "link_types": "midblock+sidewalk"}, "geometry": {"type": "Point", "coordinates": [328616.626, 4698635.035]}}, {"type": "Feature", "properties": {"node_id": 4374, "node_type": "type_change", "degree": 2, "link_types": "midblock+sidewalk"}, "geometry": {"type": "Point", "coordinates": [328611.348, 4698635.027]}}, {"type": "Feature", "properties": {"node_id": 4375, "node_type": "type_change", "degree": 2, "link_types": "midblock+sidewalk"}, "geometry": {"type": "Point", "coordinates": [328602.609, 4698635.059]}}, {"type": "Feature", "properties": {"node_id": 4376, "node_type": "type_change", "degree": 2, "link_types": "midblock+sidewalk"}, "geometry": {"type": "Point", "coordinates": [328598.654, 4698635.206]}}, {"type": "Feature", "properties": {"node_id": 4377, "node_type": "type_change", "degree": 2, "link_types": "midblock+sidewalk"}, "geometry": {"type": "Point", "coordinates": [328596.755, 4698635.277]}}, {"type": "Feature", "properties": {"node_id": 4378, "node_type": "type_change", "degree": 2, "link_types": "midblock+sidewalk"}, "geometry": {"type": "Point", "coordinates": [328591.87, 4698634.506]}}, {"type": "Feature", "properties": {"node_id": 4379, "node_type": "type_change", "degree": 2, "link_types": "midblock+sidewalk"}, "geometry": {"type": "Point", "coordinates": [328579.628, 4698635.736]}}, {"type": "Feature", "properties": {"node_id": 4380, "node_type": "type_change", "degree": 2, "link_types": "midblock+sidewalk"}, "geometry": {"type": "Point", "coordinates": [328570.565, 4698636.306]}}, {"type": "Feature", "properties": {"node_id": 4381, "node_type": "type_change", "degree": 2, "link_types": "midblock+sidewalk"}, "geometry": {"type": "Point", "coordinates": [328536.777, 4698636.812]}}, {"type": "Feature", "properties": {"node_id": 4382, "node_type": "type_change", "degree": 2, "link_types": "midblock+sidewalk"}, "geometry": {"type": "Point", "coordinates": [328535.028, 4698636.886]}}, {"type": "Feature", "properties": {"node_id": 4383, "node_type": "type_change", "degree": 2, "link_types": "midblock+sidewalk"}, "geometry": {"type": "Point", "coordinates": [328520.735, 4698637.576]}}, {"type": "Feature", "properties": {"node_id": 4384, "node_type": "type_change", "degree": 2, "link_types": "midblock+sidewalk"}, "geometry": {"type": "Point", "coordinates": [328516.853, 4698637.471]}}, {"type": "Feature", "properties": {"node_id": 4385, "node_type": "endpoint", "degree": 1, "link_types": "sidewalk"}, "geometry": {"type": "Point", "coordinates": [328500.44, 4698639.56]}}, {"type": "Feature", "properties": {"node_id": 4386, "node_type": "endpoint", "degree": 1, "link_types": "sidewalk"}, "geometry": {"type": "Point", "coordinates": [328647.96, 4699344.04]}}, {"type": "Feature", "properties": {"node_id": 4387, "node_type": "type_change", "degree": 2, "link_types": "midblock+sidewalk"}, "geometry": {"type": "Point", "coordinates": [328648.379, 4699342.505]}}, {"type": "Feature", "properties": {"node_id": 4388, "node_type": "type_change", "degree": 2, "link_types": "midblock+sidewalk"}, "geometry": {"type": "Point", "coordinates": [328649.24, 4699339.357]}}, {"type": "Feature", "properties": {"node_id": 4389, "node_type": "type_change", "degree": 2, "link_types": "midblock+sidewalk"}, "geometry": {"type": "Point", "coordinates": [328661.962, 4699305.1]}}, {"type": "Feature", "properties": {"node_id": 4390, "node_type": "endpoint", "degree": 1, "link_types": "midblock"}, "geometry": {"type": "Point", "coordinates": [328664.12, 4699299.96]}}, {"type": "Feature", "properties": {"node_id": 4391, "node_type": "endpoint", "degree": 1, "link_types": "sidewalk"}, "geometry": {"type": "Point", "coordinates": [328529.16, 4699188.84]}}, {"type": "Feature", "properties": {"node_id": 4392, "node_type": "type_change", "degree": 2, "link_types": "midblock+sidewalk"}, "geometry": {"type": "Point", "coordinates": [328510.762, 4699168.354]}}, {"type": "Feature", "properties": {"node_id": 4393, "node_type": "type_change", "degree": 2, "link_types": "midblock+sidewalk"}, "geometry": {"type": "Point", "coordinates": [328506.379, 4699167.199]}}, {"type": "Feature", "properties": {"node_id": 4394, "node_type": "endpoint", "degree": 1, "link_types": "sidewalk"}, "geometry": {"type": "Point", "coordinates": [328500.84, 4699164.84]}}, {"type": "Feature", "properties": {"node_id": 4395, "node_type": "junction", "degree": 3, "link_types": "sidewalk"}, "geometry": {"type": "Point", "coordinates": [329502.6, 4698278.76]}}, {"type": "Feature", "properties": {"node_id": 4396, "node_type": "junction", "degree": 3, "link_types": "sidewalk"}, "geometry": {"type": "Point", "coordinates": [329502.52, 4698278.76]}}, {"type": "Feature", "properties": {"node_id": 4397, "node_type": "type_change", "degree": 3, "link_types": "pseudo+sidewalk"}, "geometry": {"type": "Point", "coordinates": [329502.6, 4698278.68]}}, {"type": "Feature", "properties": {"node_id": 4398, "node_type": "endpoint", "degree": 1, "link_types": "crosswalk"}, "geometry": {"type": "Point", "coordinates": [329532.12, 4699328.68]}}, {"type": "Feature", "properties": {"node_id": 4399, "node_type": "type_change", "degree": 2, "link_types": "crosswalk+pseudo"}, "geometry": {"type": "Point", "coordinates": [329534.84, 4699328.12]}}, {"type": "Feature", "properties": {"node_id": 4400, "node_type": "type_change", "degree": 2, "link_types": "pseudo+sidewalk"}, "geometry": {"type": "Point", "coordinates": [329537.0, 4699325.4]}}, {"type": "Feature", "properties": {"node_id": 4401, "node_type": "endpoint", "degree": 1, "link_types": "sidewalk"}, "geometry": {"type": "Point", "coordinates": [329567.08, 4699321.88]}}, {"type": "Feature", "properties": {"node_id": 4402, "node_type": "junction", "degree": 3, "link_types": "pseudo"}, "geometry": {"type": "Point", "coordinates": [328840.68, 4699465.16]}}, {"type": "Feature", "properties": {"node_id": 4403, "node_type": "type_change", "degree": 2, "link_types": "crosswalk+pseudo"}, "geometry": {"type": "Point", "coordinates": [328840.6, 4699466.44]}}, {"type": "Feature", "properties": {"node_id": 4404, "node_type": "type_change", "degree": 2, "link_types": "crosswalk+pseudo"}, "geometry": {"type": "Point", "coordinates": [328838.52, 4699465.32]}}, {"type": "Feature", "properties": {"node_id": 4405, "node_type": "type_change", "degree": 3, "link_types": "pseudo+sidewalk"}, "geometry": {"type": "Point", "coordinates": [328838.52, 4699464.76]}}, {"type": "Feature", "properties": {"node_id": 4406, "node_type": "type_change", "degree": 2, "link_types": "pseudo+sidewalk"}, "geometry": {"type": "Point", "coordinates": [328840.6, 4699465.08]}}, {"type": "Feature", "properties": {"node_id": 4407, "node_type": "type_change", "degree": 2, "link_types": "pseudo+sidewalk"}, "geometry": {"type": "Point", "coordinates": [328840.76, 4699465.08]}}, {"type": "Feature", "properties": {"node_id": 4408, "node_type": "type_change", "degree": 2, "link_types": "midblock+sidewalk"}, "geometry": {"type": "Point", "coordinates": [328842.985, 4699465.312]}}, {"type": "Feature", "properties": {"node_id": 4409, "node_type": "type_change", "degree": 2, "link_types": "midblock+sidewalk"}, "geometry": {"type": "Point", "coordinates": [328853.546, 4699466.27]}}, {"type": "Feature", "properties": {"node_id": 4410, "node_type": "type_change", "degree": 2, "link_types": "crosswalk+sidewalk"}, "geometry": {"type": "Point", "coordinates": [328879.56, 4699468.68]}}, {"type": "Feature", "properties": {"node_id": 4411, "node_type": "type_change", "degree": 2, "link_types": "crosswalk+sidewalk"}, "geometry": {"type": "Point", "coordinates": [328880.6, 4699468.76]}}, {"type": "Feature", "properties": {"node_id": 4412, "node_type": "junction", "degree": 3, "link_types": "sidewalk"}, "geometry": {"type": "Point", "coordinates": [329663.96, 4699270.28]}}, {"type": "Feature", "properties": {"node_id": 4413, "node_type": "junction", "degree": 3, "link_types": "sidewalk"}, "geometry": {"type": "Point", "coordinates": [329663.96, 4699270.2]}}, {"type": "Feature", "properties": {"node_id": 4414, "node_type": "endpoint", "degree": 1, "link_types": "sidewalk"}, "geometry": {"type": "Point", "coordinates": [328519.32, 4698142.36]}}, {"type": "Feature", "properties": {"node_id": 4415, "node_type": "type_change", "degree": 2, "link_types": "midblock+sidewalk"}, "geometry": {"type": "Point", "coordinates": [328533.317, 4698153.199]}}, {"type": "Feature", "properties": {"node_id": 4416, "node_type": "type_change", "degree": 2, "link_types": "midblock+sidewalk"}, "geometry": {"type": "Point", "coordinates": [328534.347, 4698154.524]}}, {"type": "Feature", "properties": {"node_id": 4417, "node_type": "type_change", "degree": 2, "link_types": "midblock+sidewalk"}, "geometry": {"type": "Point", "coordinates": [328538.57, 4698159.95]}}, {"type": "Feature", "properties": {"node_id": 4418, "node_type": "type_change", "degree": 2, "link_types": "midblock+sidewalk"}, "geometry": {"type": "Point", "coordinates": [328542.448, 4698164.934]}}, {"type": "Feature", "properties": {"node_id": 4419, "node_type": "type_change", "degree": 2, "link_types": "midblock+sidewalk"}, "geometry": {"type": "Point", "coordinates": [328558.584, 4698187.727]}}, {"type": "Feature", "properties": {"node_id": 4420, "node_type": "type_change", "degree": 2, "link_types": "midblock+sidewalk"}, "geometry": {"type": "Point", "coordinates": [328561.206, 4698191.354]}}, {"type": "Feature", "properties": {"node_id": 4421, "node_type": "type_change", "degree": 2, "link_types": "midblock+sidewalk"}, "geometry": {"type": "Point", "coordinates": [328566.152, 4698198.328]}}, {"type": "Feature", "properties": {"node_id": 4422, "node_type": "type_change", "degree": 2, "link_types": "midblock+sidewalk"}, "geometry": {"type": "Point", "coordinates": [328574.025, 4698209.597]}}, {"type": "Feature", "properties": {"node_id": 4423, "node_type": "type_change", "degree": 2, "link_types": "midblock+sidewalk"}, "geometry": {"type": "Point", "coordinates": [328585.01, 4698225.32]}}, {"type": "Feature", "properties": {"node_id": 4424, "node_type": "type_change", "degree": 2, "link_types": "midblock+sidewalk"}, "geometry": {"type": "Point", "coordinates": [328589.405, 4698231.61]}}, {"type": "Feature", "properties": {"node_id": 4425, "node_type": "type_change", "degree": 2, "link_types": "crosswalk+sidewalk"}, "geometry": {"type": "Point", "coordinates": [328816.28, 4699229.96]}}, {"type": "Feature", "properties": {"node_id": 4426, "node_type": "endpoint", "degree": 1, "link_types": "sidewalk"}, "geometry": {"type": "Point", "coordinates": [328976.36, 4699499.72]}}, {"type": "Feature", "properties": {"node_id": 4427, "node_type": "type_change", "degree": 3, "link_types": "pseudo+sidewalk"}, "geometry": {"type": "Point", "coordinates": [329943.72, 4699451.08]}}, {"type": "Feature", "properties": {"node_id": 4428, "node_type": "type_change", "degree": 2, "link_types": "midblock+sidewalk"}, "geometry": {"type": "Point", "coordinates": [329701.942, 4699484.31]}}, {"type": "Feature", "properties": {"node_id": 4429, "node_type": "endpoint", "degree": 1, "link_types": "midblock"}, "geometry": {"type": "Point", "coordinates": [329700.76, 4699491.64]}}, {"type": "Feature", "properties": {"node_id": 4430, "node_type": "endpoint", "degree": 1, "link_types": "sidewalk"}, "geometry": {"type": "Point", "coordinates": [329705.32, 4699457.0]}}, {"type": "Feature", "properties": {"node_id": 4431, "node_type": "type_change", "degree": 2, "link_types": "midblock+sidewalk"}, "geometry": {"type": "Point", "coordinates": [328858.207, 4698239.189]}}, {"type": "Feature", "properties": {"node_id": 4432, "node_type": "type_change", "degree": 2, "link_types": "midblock+sidewalk"}, "geometry": {"type": "Point", "coordinates": [328853.634, 4698238.864]}}, {"type": "Feature", "properties": {"node_id": 4433, "node_type": "type_change", "degree": 3, "link_types": "pseudo+sidewalk"}, "geometry": {"type": "Point", "coordinates": [328940.52, 4698936.84]}}, {"type": "Feature", "properties": {"node_id": 4434, "node_type": "endpoint", "degree": 1, "link_types": "sidewalk"}, "geometry": {"type": "Point", "coordinates": [328900.2, 4698940.36]}}, {"type": "Feature", "properties": {"node_id": 4435, "node_type": "endpoint", "degree": 1, "link_types": "sidewalk"}, "geometry": {"type": "Point", "coordinates": [329861.24, 4699078.36]}}, {"type": "Feature", "properties": {"node_id": 4436, "node_type": "endpoint", "degree": 1, "link_types": "sidewalk"}, "geometry": {"type": "Point", "coordinates": [329674.2, 4699216.76]}}, {"type": "Feature", "properties": {"node_id": 4437, "node_type": "type_change", "degree": 2, "link_types": "pseudo+sidewalk"}, "geometry": {"type": "Point", "coordinates": [329675.72, 4699212.68]}}, {"type": "Feature", "properties": {"node_id": 4438, "node_type": "type_change", "degree": 2, "link_types": "crosswalk+pseudo"}, "geometry": {"type": "Point", "coordinates": [329675.32, 4699212.36]}}, {"type": "Feature", "properties": {"node_id": 4439, "node_type": "type_change", "degree": 2, "link_types": "crosswalk+pseudo"}, "geometry": {"type": "Point", "coordinates": [329665.48, 4699212.92]}}, {"type": "Feature", "properties": {"node_id": 4440, "node_type": "endpoint", "degree": 1, "link_types": "sidewalk"}, "geometry": {"type": "Point", "coordinates": [328837.88, 4698956.2]}}, {"type": "Feature", "properties": {"node_id": 4441, "node_type": "endpoint", "degree": 1, "link_types": "sidewalk"}, "geometry": {"type": "Point", "coordinates": [329396.12, 4699484.28]}}, {"type": "Feature", "properties": {"node_id": 4442, "node_type": "type_change", "degree": 2, "link_types": "midblock+sidewalk"}, "geometry": {"type": "Point", "coordinates": [329399.428, 4699461.448]}}, {"type": "Feature", "properties": {"node_id": 4443, "node_type": "type_change", "degree": 2, "link_types": "midblock+sidewalk"}, "geometry": {"type": "Point", "coordinates": [329399.59, 4699459.618]}}, {"type": "Feature", "properties": {"node_id": 4444, "node_type": "endpoint", "degree": 1, "link_types": "sidewalk"}, "geometry": {"type": "Point", "coordinates": [329402.52, 4699438.68]}}, {"type": "Feature", "properties": {"node_id": 4445, "node_type": "type_change", "degree": 2, "link_types": "midblock+sidewalk"}, "geometry": {"type": "Point", "coordinates": [329132.946, 4699302.786]}}, {"type": "Feature", "properties": {"node_id": 4446, "node_type": "type_change", "degree": 2, "link_types": "pseudo+sidewalk"}, "geometry": {"type": "Point", "coordinates": [328967.64, 4699476.84]}}, {"type": "Feature", "properties": {"node_id": 4447, "node_type": "type_change", "degree": 2, "link_types": "crosswalk+pseudo"}, "geometry": {"type": "Point", "coordinates": [328969.32, 4699477.72]}}, {"type": "Feature", "properties": {"node_id": 4448, "node_type": "type_change", "degree": 2, "link_types": "crosswalk+pseudo"}, "geometry": {"type": "Point", "coordinates": [328978.76, 4699478.28]}}, {"type": "Feature", "properties": {"node_id": 4449, "node_type": "type_change", "degree": 2, "link_types": "midblock+sidewalk"}, "geometry": {"type": "Point", "coordinates": [328970.401, 4699451.021]}}, {"type": "Feature", "properties": {"node_id": 4450, "node_type": "type_change", "degree": 2, "link_types": "midblock+sidewalk"}, "geometry": {"type": "Point", "coordinates": [328970.886, 4699448.918]}}, {"type": "Feature", "properties": {"node_id": 4451, "node_type": "type_change", "degree": 2, "link_types": "midblock+sidewalk"}, "geometry": {"type": "Point", "coordinates": [328972.105, 4699437.723]}}, {"type": "Feature", "properties": {"node_id": 4452, "node_type": "type_change", "degree": 2, "link_types": "midblock+sidewalk"}, "geometry": {"type": "Point", "coordinates": [328972.414, 4699434.865]}}, {"type": "Feature", "properties": {"node_id": 4453, "node_type": "type_change", "degree": 2, "link_types": "midblock+sidewalk"}, "geometry": {"type": "Point", "coordinates": [328972.817, 4699431.133]}}, {"type": "Feature", "properties": {"node_id": 4454, "node_type": "type_change", "degree": 2, "link_types": "midblock+sidewalk"}, "geometry": {"type": "Point", "coordinates": [328973.322, 4699426.448]}}, {"type": "Feature", "properties": {"node_id": 4455, "node_type": "type_change", "degree": 2, "link_types": "midblock+sidewalk"}, "geometry": {"type": "Point", "coordinates": [328974.232, 4699418.031]}}, {"type": "Feature", "properties": {"node_id": 4456, "node_type": "type_change", "degree": 2, "link_types": "midblock+sidewalk"}, "geometry": {"type": "Point", "coordinates": [328975.483, 4699405.168]}}, {"type": "Feature", "properties": {"node_id": 4457, "node_type": "endpoint", "degree": 1, "link_types": "sidewalk"}, "geometry": {"type": "Point", "coordinates": [328975.24, 4699395.8]}}, {"type": "Feature", "properties": {"node_id": 4458, "node_type": "endpoint", "degree": 1, "link_types": "sidewalk"}, "geometry": {"type": "Point", "coordinates": [329033.08, 4698883.48]}}, {"type": "Feature", "properties": {"node_id": 4459, "node_type": "type_change", "degree": 2, "link_types": "midblock+sidewalk"}, "geometry": {"type": "Point", "coordinates": [328979.645, 4698884.777]}}, {"type": "Feature", "properties": {"node_id": 4460, "node_type": "type_change", "degree": 2, "link_types": "midblock+sidewalk"}, "geometry": {"type": "Point", "coordinates": [328975.909, 4698884.619]}}, {"type": "Feature", "properties": {"node_id": 4461, "node_type": "endpoint", "degree": 1, "link_types": "sidewalk"}, "geometry": {"type": "Point", "coordinates": [328967.88, 4698884.28]}}, {"type": "Feature", "properties": {"node_id": 4462, "node_type": "endpoint", "degree": 1, "link_types": "sidewalk"}, "geometry": {"type": "Point", "coordinates": [328983.48, 4699246.84]}}, {"type": "Feature", "properties": {"node_id": 4463, "node_type": "type_change", "degree": 2, "link_types": "pseudo+sidewalk"}, "geometry": {"type": "Point", "coordinates": [328983.56, 4699246.92]}}, {"type": "Feature", "properties": {"node_id": 4464, "node_type": "type_change", "degree": 2, "link_types": "crosswalk+pseudo"}, "geometry": {"type": "Point", "coordinates": [328984.36, 4699248.6]}}, {"type": "Feature", "properties": {"node_id": 4465, "node_type": "type_change", "degree": 2, "link_types": "crosswalk+pseudo"}, "geometry": {"type": "Point", "coordinates": [328978.76, 4699251.4]}}, {"type": "Feature", "properties": {"node_id": 4466, "node_type": "endpoint", "degree": 1, "link_types": "sidewalk"}, "geometry": {"type": "Point", "coordinates": [328792.52, 4698193.16]}}, {"type": "Feature", "properties": {"node_id": 4467, "node_type": "type_change", "degree": 2, "link_types": "midblock+sidewalk"}, "geometry": {"type": "Point", "coordinates": [328800.006, 4698207.286]}}, {"type": "Feature", "properties": {"node_id": 4468, "node_type": "type_change", "degree": 2, "link_types": "midblock+sidewalk"}, "geometry": {"type": "Point", "coordinates": [328804.236, 4698215.267]}}, {"type": "Feature", "properties": {"node_id": 4469, "node_type": "junction", "degree": 3, "link_types": "sidewalk"}, "geometry": {"type": "Point", "coordinates": [329737.0, 4698041.88]}}, {"type": "Feature", "properties": {"node_id": 4470, "node_type": "junction", "degree": 3, "link_types": "sidewalk"}, "geometry": {"type": "Point", "coordinates": [329737.32, 4698043.0]}}, {"type": "Feature", "properties": {"node_id": 4471, "node_type": "junction", "degree": 3, "link_types": "sidewalk"}, "geometry": {"type": "Point", "coordinates": [329737.0, 4698041.8]}}, {"type": "Feature", "properties": {"node_id": 4472, "node_type": "endpoint", "degree": 1, "link_types": "sidewalk"}, "geometry": {"type": "Point", "coordinates": [328935.48, 4698719.24]}}, {"type": "Feature", "properties": {"node_id": 4473, "node_type": "type_change", "degree": 2, "link_types": "midblock+sidewalk"}, "geometry": {"type": "Point", "coordinates": [328935.326, 4698736.736]}}, {"type": "Feature", "properties": {"node_id": 4474, "node_type": "type_change", "degree": 2, "link_types": "midblock+sidewalk"}, "geometry": {"type": "Point", "coordinates": [328935.171, 4698740.408]}}, {"type": "Feature", "properties": {"node_id": 4475, "node_type": "type_change", "degree": 2, "link_types": "midblock+sidewalk"}, "geometry": {"type": "Point", "coordinates": [328934.482, 4698756.771]}}, {"type": "Feature", "properties": {"node_id": 4476, "node_type": "type_change", "degree": 2, "link_types": "midblock+sidewalk"}, "geometry": {"type": "Point", "coordinates": [328934.39, 4698758.926]}}, {"type": "Feature", "properties": {"node_id": 4477, "node_type": "type_change", "degree": 2, "link_types": "midblock+sidewalk"}, "geometry": {"type": "Point", "coordinates": [328934.304, 4698765.559]}}, {"type": "Feature", "properties": {"node_id": 4478, "node_type": "type_change", "degree": 2, "link_types": "midblock+sidewalk"}, "geometry": {"type": "Point", "coordinates": [328934.514, 4698773.455]}}, {"type": "Feature", "properties": {"node_id": 4479, "node_type": "type_change", "degree": 2, "link_types": "midblock+sidewalk"}, "geometry": {"type": "Point", "coordinates": [328972.115, 4698797.326]}}, {"type": "Feature", "properties": {"node_id": 4480, "node_type": "type_change", "degree": 2, "link_types": "midblock+sidewalk"}, "geometry": {"type": "Point", "coordinates": [328978.128, 4698796.664]}}, {"type": "Feature", "properties": {"node_id": 4481, "node_type": "endpoint", "degree": 1, "link_types": "sidewalk"}, "geometry": {"type": "Point", "coordinates": [328985.96, 4698795.8]}}, {"type": "Feature", "properties": {"node_id": 4482, "node_type": "type_change", "degree": 2, "link_types": "crosswalk+pseudo"}, "geometry": {"type": "Point", "coordinates": [329899.56, 4698294.04]}}, {"type": "Feature", "properties": {"node_id": 4483, "node_type": "type_change", "degree": 2, "link_types": "crosswalk+pseudo"}, "geometry": {"type": "Point", "coordinates": [329899.88, 4698284.68]}}, {"type": "Feature", "properties": {"node_id": 4484, "node_type": "type_change", "degree": 3, "link_types": "pseudo+sidewalk"}, "geometry": {"type": "Point", "coordinates": [329899.88, 4698283.4]}}, {"type": "Feature", "properties": {"node_id": 4485, "node_type": "endpoint", "degree": 1, "link_types": "sidewalk"}, "geometry": {"type": "Point", "coordinates": [329014.68, 4699353.56]}}, {"type": "Feature", "properties": {"node_id": 4486, "node_type": "junction", "degree": 3, "link_types": "sidewalk"}, "geometry": {"type": "Point", "coordinates": [329008.6, 4699352.36]}}, {"type": "Feature", "properties": {"node_id": 4487, "node_type": "type_change", "degree": 2, "link_types": "midblock+sidewalk"}, "geometry": {"type": "Point", "coordinates": [328855.997, 4699334.057]}}, {"type": "Feature", "properties": {"node_id": 4488, "node_type": "type_change", "degree": 2, "link_types": "midblock+sidewalk"}, "geometry": {"type": "Point", "coordinates": [328844.658, 4699329.774]}}, {"type": "Feature", "properties": {"node_id": 4489, "node_type": "type_change", "degree": 2, "link_types": "pseudo+sidewalk"}, "geometry": {"type": "Point", "coordinates": [328893.24, 4699469.48]}}, {"type": "Feature", "properties": {"node_id": 4490, "node_type": "type_change", "degree": 2, "link_types": "crosswalk+pseudo"}, "geometry": {"type": "Point", "coordinates": [328891.88, 4699470.28]}}, {"type": "Feature", "properties": {"node_id": 4491, "node_type": "type_change", "degree": 2, "link_types": "crosswalk+pseudo"}, "geometry": {"type": "Point", "coordinates": [328699.64, 4698707.88]}}, {"type": "Feature", "properties": {"node_id": 4492, "node_type": "type_change", "degree": 3, "link_types": "pseudo+sidewalk"}, "geometry": {"type": "Point", "coordinates": [328699.0, 4698706.6]}}, {"type": "Feature", "properties": {"node_id": 4493, "node_type": "type_change", "degree": 2, "link_types": "crosswalk+sidewalk"}, "geometry": {"type": "Point", "coordinates": [328700.52, 4698706.28]}}, {"type": "Feature", "properties": {"node_id": 4494, "node_type": "junction", "degree": 3, "link_types": "pseudo"}, "geometry": {"type": "Point", "coordinates": [328748.92, 4698466.36]}}, {"type": "Feature", "properties": {"node_id": 4495, "node_type": "type_change", "degree": 3, "link_types": "pseudo+sidewalk"}, "geometry": {"type": "Point", "coordinates": [328748.84, 4698466.36]}}, {"type": "Feature", "properties": {"node_id": 4496, "node_type": "type_change", "degree": 2, "link_types": "crosswalk+pseudo"}, "geometry": {"type": "Point", "coordinates": [328750.2, 4698466.44]}}, {"type": "Feature", "properties": {"node_id": 4497, "node_type": "type_change", "degree": 2, "link_types": "crosswalk+pseudo"}, "geometry": {"type": "Point", "coordinates": [328760.84, 4698466.04]}}, {"type": "Feature", "properties": {"node_id": 4498, "node_type": "type_change", "degree": 3, "link_types": "pseudo+sidewalk"}, "geometry": {"type": "Point", "coordinates": [328761.88, 4698466.44]}}, {"type": "Feature", "properties": {"node_id": 4499, "node_type": "type_change", "degree": 3, "link_types": "pseudo+sidewalk"}, "geometry": {"type": "Point", "coordinates": [328748.84, 4698466.28]}}, {"type": "Feature", "properties": {"node_id": 4500, "node_type": "type_change", "degree": 2, "link_types": "midblock+sidewalk"}, "geometry": {"type": "Point", "coordinates": [328702.294, 4698685.991]}}, {"type": "Feature", "properties": {"node_id": 4501, "node_type": "type_change", "degree": 2, "link_types": "midblock+sidewalk"}, "geometry": {"type": "Point", "coordinates": [328702.742, 4698683.892]}}, {"type": "Feature", "properties": {"node_id": 4502, "node_type": "endpoint", "degree": 1, "link_types": "sidewalk"}, "geometry": {"type": "Point", "coordinates": [328703.24, 4698681.56]}}, {"type": "Feature", "properties": {"node_id": 4503, "node_type": "junction", "degree": 3, "link_types": "sidewalk"}, "geometry": {"type": "Point", "coordinates": [328965.96, 4699490.12]}}, {"type": "Feature", "properties": {"node_id": 4504, "node_type": "type_change", "degree": 2, "link_types": "midblock+sidewalk"}, "geometry": {"type": "Point", "coordinates": [328933.719, 4699487.202]}}, {"type": "Feature", "properties": {"node_id": 4505, "node_type": "type_change", "degree": 2, "link_types": "midblock+sidewalk"}, "geometry": {"type": "Point", "coordinates": [328930.563, 4699486.778]}}, {"type": "Feature", "properties": {"node_id": 4506, "node_type": "type_change", "degree": 2, "link_types": "midblock+sidewalk"}, "geometry": {"type": "Point", "coordinates": [328915.167, 4699484.732]}}, {"type": "Feature", "properties": {"node_id": 4507, "node_type": "type_change", "degree": 2, "link_types": "midblock+sidewalk"}, "geometry": {"type": "Point", "coordinates": [328913.256, 4699484.609]}}, {"type": "Feature", "properties": {"node_id": 4508, "node_type": "type_change", "degree": 2, "link_types": "pseudo+sidewalk"}, "geometry": {"type": "Point", "coordinates": [328966.04, 4699490.04]}}, {"type": "Feature", "properties": {"node_id": 4509, "node_type": "type_change", "degree": 2, "link_types": "crosswalk+pseudo"}, "geometry": {"type": "Point", "coordinates": [328966.84, 4699488.68]}}, {"type": "Feature", "properties": {"node_id": 4510, "node_type": "endpoint", "degree": 1, "link_types": "sidewalk"}, "geometry": {"type": "Point", "coordinates": [328872.28, 4698415.88]}}, {"type": "Feature", "properties": {"node_id": 4511, "node_type": "endpoint", "degree": 1, "link_types": "sidewalk"}, "geometry": {"type": "Point", "coordinates": [329065.16, 4698219.0]}}, {"type": "Feature", "properties": {"node_id": 4512, "node_type": "endpoint", "degree": 1, "link_types": "sidewalk"}, "geometry": {"type": "Point", "coordinates": [329070.52, 4698229.72]}}, {"type": "Feature", "properties": {"node_id": 4513, "node_type": "type_change", "degree": 2, "link_types": "crosswalk+pseudo"}, "geometry": {"type": "Point", "coordinates": [329185.08, 4699176.28]}}, {"type": "Feature", "properties": {"node_id": 4514, "node_type": "type_change", "degree": 2, "link_types": "crosswalk+pseudo"}, "geometry": {"type": "Point", "coordinates": [329193.0, 4699175.48]}}, {"type": "Feature", "properties": {"node_id": 4515, "node_type": "type_change", "degree": 2, "link_types": "crosswalk+pseudo"}, "geometry": {"type": "Point", "coordinates": [329400.84, 4699106.52]}}, {"type": "Feature", "properties": {"node_id": 4516, "node_type": "type_change", "degree": 2, "link_types": "crosswalk+pseudo"}, "geometry": {"type": "Point", "coordinates": [329380.12, 4699115.88]}}, {"type": "Feature", "properties": {"node_id": 4517, "node_type": "junction", "degree": 3, "link_types": "sidewalk"}, "geometry": {"type": "Point", "coordinates": [329956.76, 4699484.28]}}, {"type": "Feature", "properties": {"node_id": 4518, "node_type": "type_change", "degree": 2, "link_types": "midblock+sidewalk"}, "geometry": {"type": "Point", "coordinates": [329957.355, 4699467.568]}}, {"type": "Feature", "properties": {"node_id": 4519, "node_type": "type_change", "degree": 2, "link_types": "midblock+sidewalk"}, "geometry": {"type": "Point", "coordinates": [329959.143, 4699449.238]}}, {"type": "Feature", "properties": {"node_id": 4520, "node_type": "type_change", "degree": 3, "link_types": "pseudo+sidewalk"}, "geometry": {"type": "Point", "coordinates": [329959.08, 4699442.68]}}, {"type": "Feature", "properties": {"node_id": 4521, "node_type": "endpoint", "degree": 1, "link_types": "sidewalk"}, "geometry": {"type": "Point", "coordinates": [329125.64, 4699445.16]}}, {"type": "Feature", "properties": {"node_id": 4522, "node_type": "type_change", "degree": 2, "link_types": "midblock+sidewalk"}, "geometry": {"type": "Point", "coordinates": [329121.093, 4699489.953]}}, {"type": "Feature", "properties": {"node_id": 4523, "node_type": "junction", "degree": 3, "link_types": "midblock"}, "geometry": {"type": "Point", "coordinates": [329120.12, 4699492.36]}}, {"type": "Feature", "properties": {"node_id": 4524, "node_type": "junction", "degree": 3, "link_types": "sidewalk"}, "geometry": {"type": "Point", "coordinates": [328887.96, 4698254.6]}}, {"type": "Feature", "properties": {"node_id": 4525, "node_type": "endpoint", "degree": 1, "link_types": "sidewalk"}, "geometry": {"type": "Point", "coordinates": [328885.0, 4698263.8]}}, {"type": "Feature", "properties": {"node_id": 4526, "node_type": "type_change", "degree": 2, "link_types": "pseudo+sidewalk"}, "geometry": {"type": "Point", "coordinates": [328887.88, 4698254.52]}}, {"type": "Feature", "properties": {"node_id": 4527, "node_type": "type_change", "degree": 2, "link_types": "crosswalk+pseudo"}, "geometry": {"type": "Point", "coordinates": [328886.52, 4698253.32]}}, {"type": "Feature", "properties": {"node_id": 4528, "node_type": "type_change", "degree": 2, "link_types": "crosswalk+pseudo"}, "geometry": {"type": "Point", "coordinates": [328868.36, 4698253.4]}}, {"type": "Feature", "properties": {"node_id": 4529, "node_type": "junction", "degree": 3, "link_types": "sidewalk"}, "geometry": {"type": "Point", "coordinates": [328775.16, 4699472.12]}}, {"type": "Feature", "properties": {"node_id": 4530, "node_type": "endpoint", "degree": 1, "link_types": "sidewalk"}, "geometry": {"type": "Point", "coordinates": [328772.04, 4699499.64]}}, {"type": "Feature", "properties": {"node_id": 4531, "node_type": "type_change", "degree": 2, "link_types": "crosswalk+pseudo"}, "geometry": {"type": "Point", "coordinates": [329278.6, 4698740.52]}}, {"type": "Feature", "properties": {"node_id": 4532, "node_type": "type_change", "degree": 2, "link_types": "crosswalk+pseudo"}, "geometry": {"type": "Point", "coordinates": [329283.72, 4698744.04]}}, {"type": "Feature", "properties": {"node_id": 4533, "node_type": "endpoint", "degree": 1, "link_types": "pseudo"}, "geometry": {"type": "Point", "coordinates": [329283.0, 4698744.52]}}, {"type": "Feature", "properties": {"node_id": 4534, "node_type": "endpoint", "degree": 1, "link_types": "pseudo"}, "geometry": {"type": "Point", "coordinates": [329278.44, 4698740.44]}}, {"type": "Feature", "properties": {"node_id": 4535, "node_type": "type_change", "degree": 2, "link_types": "crosswalk+pseudo"}, "geometry": {"type": "Point", "coordinates": [328928.52, 4698702.44]}}, {"type": "Feature", "properties": {"node_id": 4536, "node_type": "type_change", "degree": 2, "link_types": "crosswalk+pseudo"}, "geometry": {"type": "Point", "coordinates": [328935.64, 4698701.8]}}, {"type": "Feature", "properties": {"node_id": 4537, "node_type": "endpoint", "degree": 1, "link_types": "crosswalk"}, "geometry": {"type": "Point", "coordinates": [329508.28, 4698430.12]}}, {"type": "Feature", "properties": {"node_id": 4538, "node_type": "endpoint", "degree": 1, "link_types": "crosswalk"}, "geometry": {"type": "Point", "coordinates": [329509.88, 4698428.04]}}, {"type": "Feature", "properties": {"node_id": 4539, "node_type": "type_change", "degree": 2, "link_types": "pseudo+sidewalk"}, "geometry": {"type": "Point", "coordinates": [329065.32, 4699265.24]}}, {"type": "Feature", "properties": {"node_id": 4540, "node_type": "type_change", "degree": 2, "link_types": "pseudo+sidewalk"}, "geometry": {"type": "Point", "coordinates": [329065.48, 4699265.24]}}, {"type": "Feature", "properties": {"node_id": 4541, "node_type": "type_change", "degree": 2, "link_types": "midblock+sidewalk"}, "geometry": {"type": "Point", "coordinates": [329069.464, 4699265.587]}}, {"type": "Feature", "properties": {"node_id": 4542, "node_type": "type_change", "degree": 2, "link_types": "midblock+sidewalk"}, "geometry": {"type": "Point", "coordinates": [329081.973, 4699266.676]}}, {"type": "Feature", "properties": {"node_id": 4543, "node_type": "endpoint", "degree": 1, "link_types": "sidewalk"}, "geometry": {"type": "Point", "coordinates": [329101.8, 4699266.84]}}, {"type": "Feature", "properties": {"node_id": 4544, "node_type": "endpoint", "degree": 1, "link_types": "crosswalk"}, "geometry": {"type": "Point", "coordinates": [328968.2, 4699479.0]}}, {"type": "Feature", "properties": {"node_id": 4545, "node_type": "junction", "degree": 3, "link_types": "crosswalk"}, "geometry": {"type": "Point", "coordinates": [329939.88, 4699427.8]}}, {"type": "Feature", "properties": {"node_id": 4546, "node_type": "endpoint", "degree": 1, "link_types": "crosswalk"}, "geometry": {"type": "Point", "coordinates": [329939.72, 4699427.96]}}, {"type": "Feature", "properties": {"node_id": 4547, "node_type": "junction", "degree": 3, "link_types": "sidewalk"}, "geometry": {"type": "Point", "coordinates": [329280.52, 4698735.08]}}, {"type": "Feature", "properties": {"node_id": 4548, "node_type": "type_change", "degree": 2, "link_types": "pseudo+sidewalk"}, "geometry": {"type": "Point", "coordinates": [328943.08, 4698938.28]}}, {"type": "Feature", "properties": {"node_id": 4549, "node_type": "type_change", "degree": 2, "link_types": "midblock+sidewalk"}, "geometry": {"type": "Point", "coordinates": [328691.859, 4698724.975]}}, {"type": "Feature", "properties": {"node_id": 4550, "node_type": "type_change", "degree": 2, "link_types": "midblock+sidewalk"}, "geometry": {"type": "Point", "coordinates": [328690.626, 4698729.766]}}, {"type": "Feature", "properties": {"node_id": 4551, "node_type": "type_change", "degree": 2, "link_types": "midblock+sidewalk"}, "geometry": {"type": "Point", "coordinates": [328689.372, 4698734.633]}}, {"type": "Feature", "properties": {"node_id": 4552, "node_type": "type_change", "degree": 2, "link_types": "midblock+sidewalk"}, "geometry": {"type": "Point", "coordinates": [328688.675, 4698737.337]}}, {"type": "Feature", "properties": {"node_id": 4553, "node_type": "type_change", "degree": 2, "link_types": "midblock+sidewalk"}, "geometry": {"type": "Point", "coordinates": [328688.566, 4698739.478]}}, {"type": "Feature", "properties": {"node_id": 4554, "node_type": "type_change", "degree": 2, "link_types": "midblock+sidewalk"}, "geometry": {"type": "Point", "coordinates": [328688.595, 4698744.191]}}, {"type": "Feature", "properties": {"node_id": 4555, "node_type": "type_change", "degree": 2, "link_types": "midblock+sidewalk"}, "geometry": {"type": "Point", "coordinates": [328688.655, 4698753.938]}}, {"type": "Feature", "properties": {"node_id": 4556, "node_type": "type_change", "degree": 2, "link_types": "midblock+sidewalk"}, "geometry": {"type": "Point", "coordinates": [328688.683, 4698758.572]}}, {"type": "Feature", "properties": {"node_id": 4557, "node_type": "type_change", "degree": 2, "link_types": "midblock+sidewalk"}, "geometry": {"type": "Point", "coordinates": [328688.718, 4698764.324]}}, {"type": "Feature", "properties": {"node_id": 4558, "node_type": "type_change", "degree": 2, "link_types": "midblock+sidewalk"}, "geometry": {"type": "Point", "coordinates": [328688.742, 4698768.239]}}, {"type": "Feature", "properties": {"node_id": 4559, "node_type": "type_change", "degree": 2, "link_types": "midblock+sidewalk"}, "geometry": {"type": "Point", "coordinates": [328688.81, 4698779.184]}}, {"type": "Feature", "properties": {"node_id": 4560, "node_type": "type_change", "degree": 2, "link_types": "midblock+sidewalk"}, "geometry": {"type": "Point", "coordinates": [328688.87, 4698789.091]}}, {"type": "Feature", "properties": {"node_id": 4561, "node_type": "endpoint", "degree": 1, "link_types": "sidewalk"}, "geometry": {"type": "Point", "coordinates": [329543.64, 4698282.2]}}, {"type": "Feature", "properties": {"node_id": 4562, "node_type": "endpoint", "degree": 1, "link_types": "sidewalk"}, "geometry": {"type": "Point", "coordinates": [329606.84, 4698269.0]}}, {"type": "Feature", "properties": {"node_id": 4563, "node_type": "endpoint", "degree": 1, "link_types": "pseudo"}, "geometry": {"type": "Point", "coordinates": [329293.64, 4698868.92]}}, {"type": "Feature", "properties": {"node_id": 4564, "node_type": "type_change", "degree": 3, "link_types": "crosswalk+pseudo"}, "geometry": {"type": "Point", "coordinates": [328829.56, 4699320.44]}}, {"type": "Feature", "properties": {"node_id": 4565, "node_type": "type_change", "degree": 2, "link_types": "pseudo+sidewalk"}, "geometry": {"type": "Point", "coordinates": [329121.48, 4698694.44]}}, {"type": "Feature", "properties": {"node_id": 4566, "node_type": "type_change", "degree": 2, "link_types": "midblock+sidewalk"}, "geometry": {"type": "Point", "coordinates": [329109.206, 4698695.083]}}, {"type": "Feature", "properties": {"node_id": 4567, "node_type": "type_change", "degree": 2, "link_types": "midblock+sidewalk"}, "geometry": {"type": "Point", "coordinates": [329103.547, 4698695.379]}}, {"type": "Feature", "properties": {"node_id": 4568, "node_type": "type_change", "degree": 2, "link_types": "midblock+sidewalk"}, "geometry": {"type": "Point", "coordinates": [329096.075, 4698695.422]}}, {"type": "Feature", "properties": {"node_id": 4569, "node_type": "type_change", "degree": 2, "link_types": "midblock+sidewalk"}, "geometry": {"type": "Point", "coordinates": [329093.617, 4698695.34]}}, {"type": "Feature", "properties": {"node_id": 4570, "node_type": "type_change", "degree": 2, "link_types": "midblock+sidewalk"}, "geometry": {"type": "Point", "coordinates": [329085.49, 4698695.404]}}, {"type": "Feature", "properties": {"node_id": 4571, "node_type": "type_change", "degree": 2, "link_types": "midblock+sidewalk"}, "geometry": {"type": "Point", "coordinates": [329080.858, 4698695.533]}}, {"type": "Feature", "properties": {"node_id": 4572, "node_type": "type_change", "degree": 2, "link_types": "midblock+sidewalk"}, "geometry": {"type": "Point", "coordinates": [329037.957, 4698697.028]}}, {"type": "Feature", "properties": {"node_id": 4573, "node_type": "type_change", "degree": 2, "link_types": "midblock+sidewalk"}, "geometry": {"type": "Point", "coordinates": [329031.322, 4698696.938]}}, {"type": "Feature", "properties": {"node_id": 4574, "node_type": "type_change", "degree": 2, "link_types": "midblock+sidewalk"}, "geometry": {"type": "Point", "coordinates": [328974.96, 4698698.556]}}, {"type": "Feature", "properties": {"node_id": 4575, "node_type": "type_change", "degree": 2, "link_types": "midblock+sidewalk"}, "geometry": {"type": "Point", "coordinates": [328967.609, 4698698.768]}}, {"type": "Feature", "properties": {"node_id": 4576, "node_type": "type_change", "degree": 2, "link_types": "pseudo+sidewalk"}, "geometry": {"type": "Point", "coordinates": [329121.64, 4698694.44]}}, {"type": "Feature", "properties": {"node_id": 4577, "node_type": "type_change", "degree": 2, "link_types": "pseudo+sidewalk"}, "geometry": {"type": "Point", "coordinates": [329125.48, 4698695.72]}}, {"type": "Feature", "properties": {"node_id": 4578, "node_type": "type_change", "degree": 2, "link_types": "crosswalk+pseudo"}, "geometry": {"type": "Point", "coordinates": [329127.08, 4698695.96]}}, {"type": "Feature", "properties": {"node_id": 4579, "node_type": "type_change", "degree": 2, "link_types": "pseudo+sidewalk"}, "geometry": {"type": "Point", "coordinates": [329531.24, 4698873.16]}}, {"type": "Feature", "properties": {"node_id": 4580, "node_type": "endpoint", "degree": 1, "link_types": "sidewalk"}, "geometry": {"type": "Point", "coordinates": [329530.76, 4698881.08]}}, {"type": "Feature", "properties": {"node_id": 4581, "node_type": "endpoint", "degree": 1, "link_types": "sidewalk"}, "geometry": {"type": "Point", "coordinates": [329833.32, 4698159.32]}}, {"type": "Feature", "properties": {"node_id": 4582, "node_type": "endpoint", "degree": 1, "link_types": "sidewalk"}, "geometry": {"type": "Point", "coordinates": [329433.16, 4699325.08]}}, {"type": "Feature", "properties": {"node_id": 4583, "node_type": "junction", "degree": 3, "link_types": "pseudo"}, "geometry": {"type": "Point", "coordinates": [328930.28, 4698936.52]}}, {"type": "Feature", "properties": {"node_id": 4584, "node_type": "type_change", "degree": 2, "link_types": "pseudo+sidewalk"}, "geometry": {"type": "Point", "coordinates": [328930.2, 4698936.6]}}, {"type": "Feature", "properties": {"node_id": 4585, "node_type": "type_change", "degree": 2, "link_types": "crosswalk+pseudo"}, "geometry": {"type": "Point", "coordinates": [328931.4, 4698936.52]}}, {"type": "Feature", "properties": {"node_id": 4586, "node_type": "type_change", "degree": 2, "link_types": "crosswalk+pseudo"}, "geometry": {"type": "Point", "coordinates": [328939.56, 4698936.84]}}, {"type": "Feature", "properties": {"node_id": 4587, "node_type": "type_change", "degree": 2, "link_types": "pseudo+sidewalk"}, "geometry": {"type": "Point", "coordinates": [328930.2, 4698936.44]}}, {"type": "Feature", "properties": {"node_id": 4588, "node_type": "endpoint", "degree": 1, "link_types": "sidewalk"}, "geometry": {"type": "Point", "coordinates": [329377.96, 4699101.48]}}, {"type": "Feature", "properties": {"node_id": 4589, "node_type": "type_change", "degree": 2, "link_types": "crosswalk+sidewalk"}, "geometry": {"type": "Point", "coordinates": [329736.12, 4698511.64]}}, {"type": "Feature", "properties": {"node_id": 4590, "node_type": "type_change", "degree": 2, "link_types": "pseudo+sidewalk"}, "geometry": {"type": "Point", "coordinates": [329736.52, 4698511.56]}}, {"type": "Feature", "properties": {"node_id": 4591, "node_type": "endpoint", "degree": 1, "link_types": "sidewalk"}, "geometry": {"type": "Point", "coordinates": [328806.68, 4698878.52]}}, {"type": "Feature", "properties": {"node_id": 4592, "node_type": "endpoint", "degree": 1, "link_types": "sidewalk"}, "geometry": {"type": "Point", "coordinates": [328527.32, 4698572.44]}}, {"type": "Feature", "properties": {"node_id": 4593, "node_type": "type_change", "degree": 2, "link_types": "crosswalk+pseudo"}, "geometry": {"type": "Point", "coordinates": [329870.44, 4699453.48]}}, {"type": "Feature", "properties": {"node_id": 4594, "node_type": "type_change", "degree": 2, "link_types": "crosswalk+pseudo"}, "geometry": {"type": "Point", "coordinates": [329866.12, 4699433.8]}}, {"type": "Feature", "properties": {"node_id": 4595, "node_type": "junction", "degree": 3, "link_types": "sidewalk"}, "geometry": {"type": "Point", "coordinates": [329815.08, 4699174.04]}}, {"type": "Feature", "properties": {"node_id": 4596, "node_type": "type_change", "degree": 3, "link_types": "pseudo+sidewalk"}, "geometry": {"type": "Point", "coordinates": [329815.08, 4699173.96]}}, {"type": "Feature", "properties": {"node_id": 4597, "node_type": "endpoint", "degree": 1, "link_types": "sidewalk"}, "geometry": {"type": "Point", "coordinates": [328871.32, 4698574.84]}}, {"type": "Feature", "properties": {"node_id": 4598, "node_type": "endpoint", "degree": 1, "link_types": "sidewalk"}, "geometry": {"type": "Point", "coordinates": [328752.68, 4698510.6]}}, {"type": "Feature", "properties": {"node_id": 4599, "node_type": "type_change", "degree": 3, "link_types": "pseudo+sidewalk"}, "geometry": {"type": "Point", "coordinates": [328750.76, 4698512.6]}}, {"type": "Feature", "properties": {"node_id": 4600, "node_type": "endpoint", "degree": 1, "link_types": "sidewalk"}, "geometry": {"type": "Point", "coordinates": [329833.88, 4699056.2]}}, {"type": "Feature", "properties": {"node_id": 4601, "node_type": "endpoint", "degree": 1, "link_types": "sidewalk"}, "geometry": {"type": "Point", "coordinates": [329879.48, 4699146.2]}}, {"type": "Feature", "properties": {"node_id": 4602, "node_type": "type_change", "degree": 2, "link_types": "midblock+sidewalk"}, "geometry": {"type": "Point", "coordinates": [329846.504, 4699161.454]}}, {"type": "Feature", "properties": {"node_id": 4603, "node_type": "type_change", "degree": 2, "link_types": "midblock+sidewalk"}, "geometry": {"type": "Point", "coordinates": [329845.352, 4699162.003]}}, {"type": "Feature", "properties": {"node_id": 4604, "node_type": "endpoint", "degree": 1, "link_types": "sidewalk"}, "geometry": {"type": "Point", "coordinates": [329833.0, 4699167.24]}}, {"type": "Feature", "properties": {"node_id": 4605, "node_type": "endpoint", "degree": 1, "link_types": "sidewalk"}, "geometry": {"type": "Point", "coordinates": [328563.56, 4698254.68]}}, {"type": "Feature", "properties": {"node_id": 4606, "node_type": "type_change", "degree": 2, "link_types": "midblock+sidewalk"}, "geometry": {"type": "Point", "coordinates": [328566.63, 4698254.468]}}, {"type": "Feature", "properties": {"node_id": 4607, "node_type": "type_change", "degree": 2, "link_types": "midblock+sidewalk"}, "geometry": {"type": "Point", "coordinates": [328574.252, 4698253.233]}}, {"type": "Feature", "properties": {"node_id": 4608, "node_type": "type_change", "degree": 2, "link_types": "midblock+sidewalk"}, "geometry": {"type": "Point", "coordinates": [328769.584, 4698439.605]}}, {"type": "Feature", "properties": {"node_id": 4609, "node_type": "type_change", "degree": 2, "link_types": "midblock+sidewalk"}, "geometry": {"type": "Point", "coordinates": [328769.888, 4698438.444]}}, {"type": "Feature", "properties": {"node_id": 4610, "node_type": "type_change", "degree": 2, "link_types": "midblock+sidewalk"}, "geometry": {"type": "Point", "coordinates": [328772.906, 4698426.915]}}, {"type": "Feature", "properties": {"node_id": 4611, "node_type": "type_change", "degree": 2, "link_types": "midblock+sidewalk"}, "geometry": {"type": "Point", "coordinates": [328775.54, 4698416.856]}}, {"type": "Feature", "properties": {"node_id": 4612, "node_type": "type_change", "degree": 2, "link_types": "midblock+sidewalk"}, "geometry": {"type": "Point", "coordinates": [328776.715, 4698412.368]}}, {"type": "Feature", "properties": {"node_id": 4613, "node_type": "type_change", "degree": 2, "link_types": "midblock+sidewalk"}, "geometry": {"type": "Point", "coordinates": [328778.902, 4698404.011]}}, {"type": "Feature", "properties": {"node_id": 4614, "node_type": "type_change", "degree": 2, "link_types": "midblock+sidewalk"}, "geometry": {"type": "Point", "coordinates": [328779.794, 4698400.606]}}, {"type": "Feature", "properties": {"node_id": 4615, "node_type": "type_change", "degree": 2, "link_types": "midblock+sidewalk"}, "geometry": {"type": "Point", "coordinates": [328780.644, 4698397.788]}}, {"type": "Feature", "properties": {"node_id": 4616, "node_type": "endpoint", "degree": 1, "link_types": "sidewalk"}, "geometry": {"type": "Point", "coordinates": [328786.84, 4698372.52]}}, {"type": "Feature", "properties": {"node_id": 4617, "node_type": "endpoint", "degree": 1, "link_types": "sidewalk"}, "geometry": {"type": "Point", "coordinates": [329019.4, 4698130.84]}}, {"type": "Feature", "properties": {"node_id": 4618, "node_type": "type_change", "degree": 2, "link_types": "midblock+sidewalk"}, "geometry": {"type": "Point", "coordinates": [329050.155, 4698121.912]}}, {"type": "Feature", "properties": {"node_id": 4619, "node_type": "type_change", "degree": 2, "link_types": "midblock+sidewalk"}, "geometry": {"type": "Point", "coordinates": [329050.121, 4698120.325]}}, {"type": "Feature", "properties": {"node_id": 4620, "node_type": "endpoint", "degree": 1, "link_types": "sidewalk"}, "geometry": {"type": "Point", "coordinates": [329015.48, 4698052.6]}}, {"type": "Feature", "properties": {"node_id": 4621, "node_type": "endpoint", "degree": 1, "link_types": "sidewalk"}, "geometry": {"type": "Point", "coordinates": [329495.24, 4698607.96]}}, {"type": "Feature", "properties": {"node_id": 4622, "node_type": "endpoint", "degree": 1, "link_types": "sidewalk"}, "geometry": {"type": "Point", "coordinates": [329241.4, 4698679.96]}}, {"type": "Feature", "properties": {"node_id": 4623, "node_type": "type_change", "degree": 2, "link_types": "pseudo+sidewalk"}, "geometry": {"type": "Point", "coordinates": [329241.48, 4698680.04]}}, {"type": "Feature", "properties": {"node_id": 4624, "node_type": "type_change", "degree": 2, "link_types": "crosswalk+pseudo"}, "geometry": {"type": "Point", "coordinates": [329242.12, 4698680.68]}}, {"type": "Feature", "properties": {"node_id": 4625, "node_type": "type_change", "degree": 2, "link_types": "crosswalk+pseudo"}, "geometry": {"type": "Point", "coordinates": [329251.24, 4698676.04]}}, {"type": "Feature", "properties": {"node_id": 4626, "node_type": "junction", "degree": 3, "link_types": "sidewalk"}, "geometry": {"type": "Point", "coordinates": [328761.96, 4698466.52]}}, {"type": "Feature", "properties": {"node_id": 4627, "node_type": "type_change", "degree": 2, "link_types": "pseudo+sidewalk"}, "geometry": {"type": "Point", "coordinates": [328751.72, 4698504.84]}}, {"type": "Feature", "properties": {"node_id": 4628, "node_type": "type_change", "degree": 2, "link_types": "crosswalk+pseudo"}, "geometry": {"type": "Point", "coordinates": [328751.4, 4698506.36]}}, {"type": "Feature", "properties": {"node_id": 4629, "node_type": "type_change", "degree": 2, "link_types": "crosswalk+pseudo"}, "geometry": {"type": "Point", "coordinates": [328750.36, 4698511.96]}}, {"type": "Feature", "properties": {"node_id": 4630, "node_type": "type_change", "degree": 3, "link_types": "pseudo+sidewalk"}, "geometry": {"type": "Point", "coordinates": [328750.68, 4698512.52]}}, {"type": "Feature", "properties": {"node_id": 4631, "node_type": "junction", "degree": 3, "link_types": "sidewalk"}, "geometry": {"type": "Point", "coordinates": [328761.96, 4698466.44]}}, {"type": "Feature", "properties": {"node_id": 4632, "node_type": "endpoint", "degree": 1, "link_types": "midblock"}, "geometry": {"type": "Point", "coordinates": [329729.72, 4698149.96]}}, {"type": "Feature", "properties": {"node_id": 4633, "node_type": "type_change", "degree": 2, "link_types": "midblock+sidewalk"}, "geometry": {"type": "Point", "coordinates": [329732.338, 4698150.416]}}, {"type": "Feature", "properties": {"node_id": 4634, "node_type": "endpoint", "degree": 1, "link_types": "sidewalk"}, "geometry": {"type": "Point", "coordinates": [329624.28, 4699007.0]}}, {"type": "Feature", "properties": {"node_id": 4635, "node_type": "type_change", "degree": 3, "link_types": "pseudo+sidewalk"}, "geometry": {"type": "Point", "coordinates": [329649.72, 4699454.12]}}, {"type": "Feature", "properties": {"node_id": 4636, "node_type": "type_change", "degree": 2, "link_types": "pseudo+sidewalk"}, "geometry": {"type": "Point", "coordinates": [329212.36, 4698220.44]}}, {"type": "Feature", "properties": {"node_id": 4637, "node_type": "type_change", "degree": 2, "link_types": "crosswalk+pseudo"}, "geometry": {"type": "Point", "coordinates": [329213.8, 4698220.36]}}, {"type": "Feature", "properties": {"node_id": 4638, "node_type": "endpoint", "degree": 1, "link_types": "crosswalk"}, "geometry": {"type": "Point", "coordinates": [329235.0, 4698221.08]}}, {"type": "Feature", "properties": {"node_id": 4639, "node_type": "junction", "degree": 3, "link_types": "pseudo"}, "geometry": {"type": "Point", "coordinates": [328511.32, 4698459.0]}}, {"type": "Feature", "properties": {"node_id": 4640, "node_type": "type_change", "degree": 2, "link_types": "crosswalk+pseudo"}, "geometry": {"type": "Point", "coordinates": [328510.04, 4698459.56]}}, {"type": "Feature", "properties": {"node_id": 4641, "node_type": "endpoint", "degree": 1, "link_types": "sidewalk"}, "geometry": {"type": "Point", "coordinates": [329744.68, 4699091.88]}}, {"type": "Feature", "properties": {"node_id": 4642, "node_type": "type_change", "degree": 2, "link_types": "midblock+sidewalk"}, "geometry": {"type": "Point", "coordinates": [329736.05, 4699091.496]}}, {"type": "Feature", "properties": {"node_id": 4643, "node_type": "type_change", "degree": 2, "link_types": "midblock+sidewalk"}, "geometry": {"type": "Point", "coordinates": [329733.785, 4699091.174]}}, {"type": "Feature", "properties": {"node_id": 4644, "node_type": "type_change", "degree": 2, "link_types": "midblock+sidewalk"}, "geometry": {"type": "Point", "coordinates": [329718.655, 4699092.338]}}, {"type": "Feature", "properties": {"node_id": 4645, "node_type": "type_change", "degree": 2, "link_types": "midblock+sidewalk"}, "geometry": {"type": "Point", "coordinates": [329710.741, 4699093.59]}}, {"type": "Feature", "properties": {"node_id": 4646, "node_type": "type_change", "degree": 2, "link_types": "midblock+sidewalk"}, "geometry": {"type": "Point", "coordinates": [329684.199, 4699095.729]}}, {"type": "Feature", "properties": {"node_id": 4647, "node_type": "type_change", "degree": 2, "link_types": "midblock+sidewalk"}, "geometry": {"type": "Point", "coordinates": [329678.471, 4699095.605]}}, {"type": "Feature", "properties": {"node_id": 4648, "node_type": "type_change", "degree": 2, "link_types": "midblock+sidewalk"}, "geometry": {"type": "Point", "coordinates": [329674.899, 4699095.982]}}, {"type": "Feature", "properties": {"node_id": 4649, "node_type": "type_change", "degree": 2, "link_types": "midblock+sidewalk"}, "geometry": {"type": "Point", "coordinates": [329673.629, 4699096.115]}}, {"type": "Feature", "properties": {"node_id": 4650, "node_type": "endpoint", "degree": 1, "link_types": "sidewalk"}, "geometry": {"type": "Point", "coordinates": [329650.12, 4699097.48]}}, {"type": "Feature", "properties": {"node_id": 4651, "node_type": "type_change", "degree": 3, "link_types": "pseudo+sidewalk"}, "geometry": {"type": "Point", "coordinates": [329354.44, 4699289.56]}}, {"type": "Feature", "properties": {"node_id": 4652, "node_type": "junction", "degree": 3, "link_types": "sidewalk"}, "geometry": {"type": "Point", "coordinates": [329737.64, 4699268.04]}}, {"type": "Feature", "properties": {"node_id": 4653, "node_type": "junction", "degree": 3, "link_types": "pseudo"}, "geometry": {"type": "Point", "coordinates": [328875.88, 4698461.08]}}, {"type": "Feature", "properties": {"node_id": 4654, "node_type": "type_change", "degree": 3, "link_types": "pseudo+sidewalk"}, "geometry": {"type": "Point", "coordinates": [328875.8, 4698461.16]}}, {"type": "Feature", "properties": {"node_id": 4655, "node_type": "type_change", "degree": 2, "link_types": "crosswalk+pseudo"}, "geometry": {"type": "Point", "coordinates": [328877.0, 4698460.68]}}, {"type": "Feature", "properties": {"node_id": 4656, "node_type": "type_change", "degree": 2, "link_types": "crosswalk+pseudo"}, "geometry": {"type": "Point", "coordinates": [328883.4, 4698458.04]}}, {"type": "Feature", "properties": {"node_id": 4657, "node_type": "endpoint", "degree": 1, "link_types": "pseudo"}, "geometry": {"type": "Point", "coordinates": [328883.8, 4698458.36]}}, {"type": "Feature", "properties": {"node_id": 4658, "node_type": "junction", "degree": 3, "link_types": "crosswalk"}, "geometry": {"type": "Point", "coordinates": [329736.92, 4698510.84]}}, {"type": "Feature", "properties": {"node_id": 4659, "node_type": "type_change", "degree": 2, "link_types": "midblock+sidewalk"}, "geometry": {"type": "Point", "coordinates": [329124.154, 4698765.706]}}, {"type": "Feature", "properties": {"node_id": 4660, "node_type": "type_change", "degree": 2, "link_types": "midblock+sidewalk"}, "geometry": {"type": "Point", "coordinates": [329122.416, 4698765.946]}}, {"type": "Feature", "properties": {"node_id": 4661, "node_type": "type_change", "degree": 2, "link_types": "midblock+sidewalk"}, "geometry": {"type": "Point", "coordinates": [329091.542, 4698770.354]}}, {"type": "Feature", "properties": {"node_id": 4662, "node_type": "type_change", "degree": 2, "link_types": "midblock+sidewalk"}, "geometry": {"type": "Point", "coordinates": [329079.468, 4698772.261]}}, {"type": "Feature", "properties": {"node_id": 4663, "node_type": "endpoint", "degree": 1, "link_types": "sidewalk"}, "geometry": {"type": "Point", "coordinates": [329072.76, 4698773.32]}}, {"type": "Feature", "properties": {"node_id": 4664, "node_type": "type_change", "degree": 2, "link_types": "pseudo+sidewalk"}, "geometry": {"type": "Point", "coordinates": [328938.04, 4698871.88]}}, {"type": "Feature", "properties": {"node_id": 4665, "node_type": "type_change", "degree": 2, "link_types": "midblock+sidewalk"}, "geometry": {"type": "Point", "coordinates": [328937.53, 4698858.702]}}, {"type": "Feature", "properties": {"node_id": 4666, "node_type": "type_change", "degree": 2, "link_types": "midblock+sidewalk"}, "geometry": {"type": "Point", "coordinates": [328937.224, 4698850.796]}}, {"type": "Feature", "properties": {"node_id": 4667, "node_type": "type_change", "degree": 2, "link_types": "midblock+sidewalk"}, "geometry": {"type": "Point", "coordinates": [328936.476, 4698831.469]}}, {"type": "Feature", "properties": {"node_id": 4668, "node_type": "type_change", "degree": 2, "link_types": "midblock+sidewalk"}, "geometry": {"type": "Point", "coordinates": [328936.355, 4698828.354]}}, {"type": "Feature", "properties": {"node_id": 4669, "node_type": "type_change", "degree": 2, "link_types": "pseudo+sidewalk"}, "geometry": {"type": "Point", "coordinates": [329942.28, 4699446.36]}}, {"type": "Feature", "properties": {"node_id": 4670, "node_type": "type_change", "degree": 2, "link_types": "crosswalk+pseudo"}, "geometry": {"type": "Point", "coordinates": [329943.72, 4699445.24]}}, {"type": "Feature", "properties": {"node_id": 4671, "node_type": "type_change", "degree": 2, "link_types": "crosswalk+pseudo"}, "geometry": {"type": "Point", "coordinates": [329945.48, 4699451.0]}}, {"type": "Feature", "properties": {"node_id": 4672, "node_type": "endpoint", "degree": 1, "link_types": "sidewalk"}, "geometry": {"type": "Point", "coordinates": [328684.76, 4699244.2]}}, {"type": "Feature", "properties": {"node_id": 4673, "node_type": "type_change", "degree": 2, "link_types": "pseudo+sidewalk"}, "geometry": {"type": "Point", "coordinates": [328690.04, 4699225.24]}}, {"type": "Feature", "properties": {"node_id": 4674, "node_type": "type_change", "degree": 2, "link_types": "crosswalk+pseudo"}, "geometry": {"type": "Point", "coordinates": [328690.76, 4699224.84]}}, {"type": "Feature", "properties": {"node_id": 4675, "node_type": "type_change", "degree": 2, "link_types": "crosswalk+pseudo"}, "geometry": {"type": "Point", "coordinates": [328701.56, 4699228.36]}}, {"type": "Feature", "properties": {"node_id": 4676, "node_type": "type_change", "degree": 2, "link_types": "midblock+sidewalk"}, "geometry": {"type": "Point", "coordinates": [329005.526, 4698537.981]}}, {"type": "Feature", "properties": {"node_id": 4677, "node_type": "type_change", "degree": 2, "link_types": "midblock+sidewalk"}, "geometry": {"type": "Point", "coordinates": [328993.616, 4698538.351]}}, {"type": "Feature", "properties": {"node_id": 4678, "node_type": "type_change", "degree": 2, "link_types": "midblock+sidewalk"}, "geometry": {"type": "Point", "coordinates": [328984.663, 4698538.63]}}, {"type": "Feature", "properties": {"node_id": 4679, "node_type": "type_change", "degree": 2, "link_types": "midblock+sidewalk"}, "geometry": {"type": "Point", "coordinates": [328983.704, 4698538.659]}}, {"type": "Feature", "properties": {"node_id": 4680, "node_type": "type_change", "degree": 2, "link_types": "midblock+sidewalk"}, "geometry": {"type": "Point", "coordinates": [328978.03, 4698538.836]}}, {"type": "Feature", "properties": {"node_id": 4681, "node_type": "type_change", "degree": 2, "link_types": "midblock+sidewalk"}, "geometry": {"type": "Point", "coordinates": [328969.477, 4698539.102]}}, {"type": "Feature", "properties": {"node_id": 4682, "node_type": "type_change", "degree": 2, "link_types": "midblock+sidewalk"}, "geometry": {"type": "Point", "coordinates": [328955.182, 4698539.332]}}, {"type": "Feature", "properties": {"node_id": 4683, "node_type": "type_change", "degree": 2, "link_types": "midblock+sidewalk"}, "geometry": {"type": "Point", "coordinates": [328951.351, 4698539.372]}}, {"type": "Feature", "properties": {"node_id": 4684, "node_type": "type_change", "degree": 2, "link_types": "midblock+sidewalk"}, "geometry": {"type": "Point", "coordinates": [328948.557, 4698539.401]}}, {"type": "Feature", "properties": {"node_id": 4685, "node_type": "type_change", "degree": 2, "link_types": "midblock+sidewalk"}, "geometry": {"type": "Point", "coordinates": [328941.612, 4698539.474]}}, {"type": "Feature", "properties": {"node_id": 4686, "node_type": "junction", "degree": 3, "link_types": "pseudo"}, "geometry": {"type": "Point", "coordinates": [329435.32, 4699206.84]}}, {"type": "Feature", "properties": {"node_id": 4687, "node_type": "type_change", "degree": 2, "link_types": "crosswalk+pseudo"}, "geometry": {"type": "Point", "coordinates": [329435.32, 4699208.12]}}, {"type": "Feature", "properties": {"node_id": 4688, "node_type": "type_change", "degree": 2, "link_types": "crosswalk+pseudo"}, "geometry": {"type": "Point", "coordinates": [329436.28, 4699216.92]}}, {"type": "Feature", "properties": {"node_id": 4689, "node_type": "type_change", "degree": 3, "link_types": "pseudo+sidewalk"}, "geometry": {"type": "Point", "coordinates": [329437.8, 4699218.52]}}, {"type": "Feature", "properties": {"node_id": 4690, "node_type": "type_change", "degree": 2, "link_types": "pseudo+sidewalk"}, "geometry": {"type": "Point", "coordinates": [329435.24, 4699206.76]}}, {"type": "Feature", "properties": {"node_id": 4691, "node_type": "endpoint", "degree": 1, "link_types": "sidewalk"}, "geometry": {"type": "Point", "coordinates": [329433.48, 4699208.28]}}, {"type": "Feature", "properties": {"node_id": 4692, "node_type": "type_change", "degree": 2, "link_types": "pseudo+sidewalk"}, "geometry": {"type": "Point", "coordinates": [329435.4, 4699206.76]}}, {"type": "Feature", "properties": {"node_id": 4693, "node_type": "endpoint", "degree": 1, "link_types": "sidewalk"}, "geometry": {"type": "Point", "coordinates": [329437.24, 4699206.76]}}, {"type": "Feature", "properties": {"node_id": 4694, "node_type": "type_change", "degree": 2, "link_types": "crosswalk+pseudo"}, "geometry": {"type": "Point", "coordinates": [329876.52, 4699067.64]}}, {"type": "Feature", "properties": {"node_id": 4695, "node_type": "type_change", "degree": 2, "link_types": "crosswalk+pseudo"}, "geometry": {"type": "Point", "coordinates": [329874.6, 4699055.08]}}, {"type": "Feature", "properties": {"node_id": 4696, "node_type": "endpoint", "degree": 1, "link_types": "sidewalk"}, "geometry": {"type": "Point", "coordinates": [329426.6, 4699219.88]}}, {"type": "Feature", "properties": {"node_id": 4697, "node_type": "endpoint", "degree": 1, "link_types": "sidewalk"}, "geometry": {"type": "Point", "coordinates": [329449.64, 4699217.0]}}, {"type": "Feature", "properties": {"node_id": 4698, "node_type": "endpoint", "degree": 1, "link_types": "sidewalk"}, "geometry": {"type": "Point", "coordinates": [328876.6, 4698468.76]}}, {"type": "Feature", "properties": {"node_id": 4699, "node_type": "endpoint", "degree": 1, "link_types": "sidewalk"}, "geometry": {"type": "Point", "coordinates": [328996.52, 4699309.4]}}, {"type": "Feature", "properties": {"node_id": 4700, "node_type": "type_change", "degree": 2, "link_types": "midblock+sidewalk"}, "geometry": {"type": "Point", "coordinates": [328996.642, 4699308.224]}}, {"type": "Feature", "properties": {"node_id": 4701, "node_type": "type_change", "degree": 2, "link_types": "midblock+sidewalk"}, "geometry": {"type": "Point", "coordinates": [328997.362, 4699306.617]}}, {"type": "Feature", "properties": {"node_id": 4702, "node_type": "type_change", "degree": 2, "link_types": "crosswalk+pseudo"}, "geometry": {"type": "Point", "coordinates": [329339.72, 4699258.44]}}, {"type": "Feature", "properties": {"node_id": 4703, "node_type": "type_change", "degree": 2, "link_types": "crosswalk+pseudo"}, "geometry": {"type": "Point", "coordinates": [329324.52, 4699261.8]}}, {"type": "Feature", "properties": {"node_id": 4704, "node_type": "endpoint", "degree": 1, "link_types": "pseudo"}, "geometry": {"type": "Point", "coordinates": [329323.72, 4699260.44]}}, {"type": "Feature", "properties": {"node_id": 4705, "node_type": "type_change", "degree": 2, "link_types": "pseudo+sidewalk"}, "geometry": {"type": "Point", "coordinates": [328680.28, 4698706.92]}}, {"type": "Feature", "properties": {"node_id": 4706, "node_type": "endpoint", "degree": 1, "link_types": "sidewalk"}, "geometry": {"type": "Point", "coordinates": [328663.0, 4698706.84]}}, {"type": "Feature", "properties": {"node_id": 4707, "node_type": "type_change", "degree": 2, "link_types": "crosswalk+pseudo"}, "geometry": {"type": "Point", "coordinates": [328680.36, 4698705.72]}}, {"type": "Feature", "properties": {"node_id": 4708, "node_type": "type_change", "degree": 2, "link_types": "crosswalk+pseudo"}, "geometry": {"type": "Point", "coordinates": [328678.12, 4698697.96]}}, {"type": "Feature", "properties": {"node_id": 4709, "node_type": "endpoint", "degree": 1, "link_types": "sidewalk"}, "geometry": {"type": "Point", "coordinates": [329165.96, 4699251.08]}}, {"type": "Feature", "properties": {"node_id": 4710, "node_type": "endpoint", "degree": 1, "link_types": "sidewalk"}, "geometry": {"type": "Point", "coordinates": [329172.36, 4699023.24]}}, {"type": "Feature", "properties": {"node_id": 4711, "node_type": "type_change", "degree": 2, "link_types": "crosswalk+pseudo"}, "geometry": {"type": "Point", "coordinates": [328952.04, 4698247.24]}}, {"type": "Feature", "properties": {"node_id": 4712, "node_type": "endpoint", "degree": 1, "link_types": "crosswalk"}, "geometry": {"type": "Point", "coordinates": [328952.12, 4698247.24]}}, {"type": "Feature", "properties": {"node_id": 4713, "node_type": "type_change", "degree": 2, "link_types": "crosswalk+sidewalk"}, "geometry": {"type": "Point", "coordinates": [329512.52, 4698859.16]}}, {"type": "Feature", "properties": {"node_id": 4714, "node_type": "endpoint", "degree": 1, "link_types": "pseudo"}, "geometry": {"type": "Point", "coordinates": [328801.0, 4699279.96]}}, {"type": "Feature", "properties": {"node_id": 4715, "node_type": "endpoint", "degree": 1, "link_types": "sidewalk"}, "geometry": {"type": "Point", "coordinates": [329447.88, 4699305.72]}}, {"type": "Feature", "properties": {"node_id": 4716, "node_type": "type_change", "degree": 3, "link_types": "pseudo+sidewalk"}, "geometry": {"type": "Point", "coordinates": [329447.8, 4699305.72]}}, {"type": "Feature", "properties": {"node_id": 4717, "node_type": "endpoint", "degree": 1, "link_types": "sidewalk"}, "geometry": {"type": "Point", "coordinates": [329636.52, 4699070.12]}}, {"type": "Feature", "properties": {"node_id": 4718, "node_type": "endpoint", "degree": 1, "link_types": "sidewalk"}, "geometry": {"type": "Point", "coordinates": [329864.2, 4699230.76]}}, {"type": "Feature", "properties": {"node_id": 4719, "node_type": "endpoint", "degree": 1, "link_types": "sidewalk"}, "geometry": {"type": "Point", "coordinates": [329359.32, 4698169.4]}}, {"type": "Feature", "properties": {"node_id": 4720, "node_type": "endpoint", "degree": 1, "link_types": "sidewalk"}, "geometry": {"type": "Point", "coordinates": [329355.96, 4698111.08]}}, {"type": "Feature", "properties": {"node_id": 4721, "node_type": "type_change", "degree": 2, "link_types": "midblock+sidewalk"}, "geometry": {"type": "Point", "coordinates": [328787.971, 4699063.293]}}, {"type": "Feature", "properties": {"node_id": 4722, "node_type": "type_change", "degree": 2, "link_types": "midblock+sidewalk"}, "geometry": {"type": "Point", "coordinates": [328789.989, 4699063.771]}}, {"type": "Feature", "properties": {"node_id": 4723, "node_type": "type_change", "degree": 2, "link_types": "pseudo+sidewalk"}, "geometry": {"type": "Point", "coordinates": [328793.48, 4699064.6]}}, {"type": "Feature", "properties": {"node_id": 4724, "node_type": "type_change", "degree": 2, "link_types": "crosswalk+pseudo"}, "geometry": {"type": "Point", "coordinates": [328794.28, 4699064.68]}}, {"type": "Feature", "properties": {"node_id": 4725, "node_type": "endpoint", "degree": 1, "link_types": "crosswalk"}, "geometry": {"type": "Point", "coordinates": [328797.56, 4699065.64]}}, {"type": "Feature", "properties": {"node_id": 4726, "node_type": "endpoint", "degree": 1, "link_types": "sidewalk"}, "geometry": {"type": "Point", "coordinates": [328870.84, 4698699.88]}}, {"type": "Feature", "properties": {"node_id": 4727, "node_type": "type_change", "degree": 2, "link_types": "pseudo+sidewalk"}, "geometry": {"type": "Point", "coordinates": [328870.76, 4698699.8]}}, {"type": "Feature", "properties": {"node_id": 4728, "node_type": "type_change", "degree": 2, "link_types": "crosswalk+pseudo"}, "geometry": {"type": "Point", "coordinates": [328869.24, 4698698.36]}}, {"type": "Feature", "properties": {"node_id": 4729, "node_type": "type_change", "degree": 2, "link_types": "crosswalk+pseudo"}, "geometry": {"type": "Point", "coordinates": [328859.56, 4698701.4]}}, {"type": "Feature", "properties": {"node_id": 4730, "node_type": "endpoint", "degree": 1, "link_types": "pseudo"}, "geometry": {"type": "Point", "coordinates": [328858.44, 4698700.6]}}, {"type": "Feature", "properties": {"node_id": 4731, "node_type": "type_change", "degree": 2, "link_types": "crosswalk+pseudo"}, "geometry": {"type": "Point", "coordinates": [329522.12, 4698293.4]}}, {"type": "Feature", "properties": {"node_id": 4732, "node_type": "type_change", "degree": 2, "link_types": "crosswalk+pseudo"}, "geometry": {"type": "Point", "coordinates": [329521.0, 4698289.08]}}, {"type": "Feature", "properties": {"node_id": 4733, "node_type": "type_change", "degree": 2, "link_types": "pseudo+sidewalk"}, "geometry": {"type": "Point", "coordinates": [329523.16, 4698288.36]}}, {"type": "Feature", "properties": {"node_id": 4734, "node_type": "endpoint", "degree": 1, "link_types": "sidewalk"}, "geometry": {"type": "Point", "coordinates": [329073.96, 4698454.68]}}, {"type": "Feature", "properties": {"node_id": 4735, "node_type": "type_change", "degree": 2, "link_types": "midblock+sidewalk"}, "geometry": {"type": "Point", "coordinates": [329072.734, 4698466.583]}}, {"type": "Feature", "properties": {"node_id": 4736, "node_type": "type_change", "degree": 2, "link_types": "midblock+sidewalk"}, "geometry": {"type": "Point", "coordinates": [329073.029, 4698472.397]}}, {"type": "Feature", "properties": {"node_id": 4737, "node_type": "type_change", "degree": 2, "link_types": "midblock+sidewalk"}, "geometry": {"type": "Point", "coordinates": [329073.427, 4698493.494]}}, {"type": "Feature", "properties": {"node_id": 4738, "node_type": "type_change", "degree": 2, "link_types": "midblock+sidewalk"}, "geometry": {"type": "Point", "coordinates": [329073.89, 4698498.756]}}, {"type": "Feature", "properties": {"node_id": 4739, "node_type": "type_change", "degree": 2, "link_types": "midblock+sidewalk"}, "geometry": {"type": "Point", "coordinates": [329075.634, 4698539.259]}}, {"type": "Feature", "properties": {"node_id": 4740, "node_type": "type_change", "degree": 2, "link_types": "midblock+sidewalk"}, "geometry": {"type": "Point", "coordinates": [329076.494, 4698541.583]}}, {"type": "Feature", "properties": {"node_id": 4741, "node_type": "type_change", "degree": 2, "link_types": "midblock+sidewalk"}, "geometry": {"type": "Point", "coordinates": [329079.52, 4698549.753]}}, {"type": "Feature", "properties": {"node_id": 4742, "node_type": "type_change", "degree": 2, "link_types": "midblock+sidewalk"}, "geometry": {"type": "Point", "coordinates": [329081.63, 4698555.45]}}, {"type": "Feature", "properties": {"node_id": 4743, "node_type": "type_change", "degree": 2, "link_types": "midblock+sidewalk"}, "geometry": {"type": "Point", "coordinates": [329085.57, 4698565.748]}}, {"type": "Feature", "properties": {"node_id": 4744, "node_type": "type_change", "degree": 2, "link_types": "midblock+sidewalk"}, "geometry": {"type": "Point", "coordinates": [329089.116, 4698574.137]}}, {"type": "Feature", "properties": {"node_id": 4745, "node_type": "endpoint", "degree": 1, "link_types": "sidewalk"}, "geometry": {"type": "Point", "coordinates": [329090.36, 4698577.08]}}, {"type": "Feature", "properties": {"node_id": 4746, "node_type": "type_change", "degree": 2, "link_types": "midblock+sidewalk"}, "geometry": {"type": "Point", "coordinates": [329464.822, 4698270.657]}}, {"type": "Feature", "properties": {"node_id": 4747, "node_type": "type_change", "degree": 2, "link_types": "midblock+sidewalk"}, "geometry": {"type": "Point", "coordinates": [329463.803, 4698270.453]}}, {"type": "Feature", "properties": {"node_id": 4748, "node_type": "type_change", "degree": 2, "link_types": "midblock+sidewalk"}, "geometry": {"type": "Point", "coordinates": [329462.315, 4698270.154]}}, {"type": "Feature", "properties": {"node_id": 4749, "node_type": "type_change", "degree": 2, "link_types": "midblock+sidewalk"}, "geometry": {"type": "Point", "coordinates": [329445.392, 4698266.762]}}, {"type": "Feature", "properties": {"node_id": 4750, "node_type": "endpoint", "degree": 1, "link_types": "sidewalk"}, "geometry": {"type": "Point", "coordinates": [329418.52, 4698263.32]}}, {"type": "Feature", "properties": {"node_id": 4751, "node_type": "type_change", "degree": 2, "link_types": "crosswalk+pseudo"}, "geometry": {"type": "Point", "coordinates": [329524.44, 4699435.16]}}, {"type": "Feature", "properties": {"node_id": 4752, "node_type": "type_change", "degree": 2, "link_types": "crosswalk+pseudo"}, "geometry": {"type": "Point", "coordinates": [329530.68, 4699436.84]}}, {"type": "Feature", "properties": {"node_id": 4753, "node_type": "endpoint", "degree": 1, "link_types": "crosswalk"}, "geometry": {"type": "Point", "coordinates": [328813.88, 4699225.08]}}, {"type": "Feature", "properties": {"node_id": 4754, "node_type": "type_change", "degree": 2, "link_types": "crosswalk+pseudo"}, "geometry": {"type": "Point", "coordinates": [329503.08, 4698277.56]}}, {"type": "Feature", "properties": {"node_id": 4755, "node_type": "type_change", "degree": 2, "link_types": "crosswalk+pseudo"}, "geometry": {"type": "Point", "coordinates": [329504.76, 4698263.32]}}, {"type": "Feature", "properties": {"node_id": 4756, "node_type": "endpoint", "degree": 1, "link_types": "sidewalk"}, "geometry": {"type": "Point", "coordinates": [329497.88, 4698604.2]}}, {"type": "Feature", "properties": {"node_id": 4757, "node_type": "endpoint", "degree": 1, "link_types": "sidewalk"}, "geometry": {"type": "Point", "coordinates": [329858.6, 4698027.72]}}, {"type": "Feature", "properties": {"node_id": 4758, "node_type": "type_change", "degree": 2, "link_types": "midblock+sidewalk"}, "geometry": {"type": "Point", "coordinates": [329962.2, 4698032.178]}}, {"type": "Feature", "properties": {"node_id": 4759, "node_type": "type_change", "degree": 2, "link_types": "midblock+sidewalk"}, "geometry": {"type": "Point", "coordinates": [329963.943, 4698032.11]}}, {"type": "Feature", "properties": {"node_id": 4760, "node_type": "type_change", "degree": 2, "link_types": "midblock+sidewalk"}, "geometry": {"type": "Point", "coordinates": [329992.724, 4698033.12]}}, {"type": "Feature", "properties": {"node_id": 4761, "node_type": "type_change", "degree": 2, "link_types": "midblock+sidewalk"}, "geometry": {"type": "Point", "coordinates": [329993.88, 4698033.35]}}, {"type": "Feature", "properties": {"node_id": 4762, "node_type": "endpoint", "degree": 1, "link_types": "sidewalk"}, "geometry": {"type": "Point", "coordinates": [329999.8, 4698034.04]}}, {"type": "Feature", "properties": {"node_id": 4763, "node_type": "junction", "degree": 3, "link_types": "sidewalk"}, "geometry": {"type": "Point", "coordinates": [329280.52, 4698735.16]}}, {"type": "Feature", "properties": {"node_id": 4764, "node_type": "endpoint", "degree": 1, "link_types": "sidewalk"}, "geometry": {"type": "Point", "coordinates": [328727.0, 4698552.04]}}, {"type": "Feature", "properties": {"node_id": 4765, "node_type": "endpoint", "degree": 1, "link_types": "sidewalk"}, "geometry": {"type": "Point", "coordinates": [328501.16, 4699136.04]}}, {"type": "Feature", "properties": {"node_id": 4766, "node_type": "type_change", "degree": 2, "link_types": "midblock+sidewalk"}, "geometry": {"type": "Point", "coordinates": [328511.662, 4699117.263]}}, {"type": "Feature", "properties": {"node_id": 4767, "node_type": "type_change", "degree": 2, "link_types": "midblock+sidewalk"}, "geometry": {"type": "Point", "coordinates": [328514.47, 4699112.701]}}, {"type": "Feature", "properties": {"node_id": 4768, "node_type": "type_change", "degree": 2, "link_types": "crosswalk+pseudo"}, "geometry": {"type": "Point", "coordinates": [328919.8, 4699247.0]}}, {"type": "Feature", "properties": {"node_id": 4769, "node_type": "endpoint", "degree": 1, "link_types": "crosswalk"}, "geometry": {"type": "Point", "coordinates": [328919.8, 4699257.96]}}, {"type": "Feature", "properties": {"node_id": 4770, "node_type": "endpoint", "degree": 1, "link_types": "sidewalk"}, "geometry": {"type": "Point", "coordinates": [329490.44, 4698433.08]}}, {"type": "Feature", "properties": {"node_id": 4771, "node_type": "endpoint", "degree": 1, "link_types": "sidewalk"}, "geometry": {"type": "Point", "coordinates": [329533.08, 4698891.88]}}, {"type": "Feature", "properties": {"node_id": 4772, "node_type": "endpoint", "degree": 1, "link_types": "midblock"}, "geometry": {"type": "Point", "coordinates": [329374.36, 4699089.4]}}, {"type": "Feature", "properties": {"node_id": 4773, "node_type": "type_change", "degree": 2, "link_types": "midblock+sidewalk"}, "geometry": {"type": "Point", "coordinates": [329372.042, 4699082.247]}}, {"type": "Feature", "properties": {"node_id": 4774, "node_type": "type_change", "degree": 2, "link_types": "midblock+sidewalk"}, "geometry": {"type": "Point", "coordinates": [329369.378, 4699074.03]}}, {"type": "Feature", "properties": {"node_id": 4775, "node_type": "type_change", "degree": 2, "link_types": "midblock+sidewalk"}, "geometry": {"type": "Point", "coordinates": [329367.011, 4699066.725]}}, {"type": "Feature", "properties": {"node_id": 4776, "node_type": "type_change", "degree": 2, "link_types": "midblock+sidewalk"}, "geometry": {"type": "Point", "coordinates": [329364.643, 4699059.421]}}, {"type": "Feature", "properties": {"node_id": 4777, "node_type": "type_change", "degree": 2, "link_types": "midblock+sidewalk"}, "geometry": {"type": "Point", "coordinates": [329362.769, 4699053.638]}}, {"type": "Feature", "properties": {"node_id": 4778, "node_type": "type_change", "degree": 3, "link_types": "pseudo+sidewalk"}, "geometry": {"type": "Point", "coordinates": [328821.72, 4698960.44]}}, {"type": "Feature", "properties": {"node_id": 4779, "node_type": "type_change", "degree": 2, "link_types": "crosswalk+pseudo"}, "geometry": {"type": "Point", "coordinates": [328719.24, 4698630.36]}}, {"type": "Feature", "properties": {"node_id": 4780, "node_type": "type_change", "degree": 2, "link_types": "crosswalk+pseudo"}, "geometry": {"type": "Point", "coordinates": [328721.64, 4698620.52]}}, {"type": "Feature", "properties": {"node_id": 4781, "node_type": "endpoint", "degree": 1, "link_types": "sidewalk"}, "geometry": {"type": "Point", "coordinates": [329725.4, 4698035.8]}}, {"type": "Feature", "properties": {"node_id": 4782, "node_type": "junction", "degree": 3, "link_types": "sidewalk"}, "geometry": {"type": "Point", "coordinates": [328894.2, 4698145.0]}}, {"type": "Feature", "properties": {"node_id": 4783, "node_type": "type_change", "degree": 3, "link_types": "pseudo+sidewalk"}, "geometry": {"type": "Point", "coordinates": [328894.2, 4698144.92]}}, {"type": "Feature", "properties": {"node_id": 4784, "node_type": "type_change", "degree": 2, "link_types": "midblock+sidewalk"}, "geometry": {"type": "Point", "coordinates": [328746.015, 4698478.223]}}, {"type": "Feature", "properties": {"node_id": 4785, "node_type": "type_change", "degree": 2, "link_types": "midblock+sidewalk"}, "geometry": {"type": "Point", "coordinates": [328744.575, 4698484.271]}}, {"type": "Feature", "properties": {"node_id": 4786, "node_type": "endpoint", "degree": 1, "link_types": "sidewalk"}, "geometry": {"type": "Point", "coordinates": [328744.04, 4698486.52]}}, {"type": "Feature", "properties": {"node_id": 4787, "node_type": "endpoint", "degree": 1, "link_types": "midblock"}, "geometry": {"type": "Point", "coordinates": [329830.28, 4698257.0]}}, {"type": "Feature", "properties": {"node_id": 4788, "node_type": "type_change", "degree": 2, "link_types": "midblock+sidewalk"}, "geometry": {"type": "Point", "coordinates": [329829.942, 4698263.766]}}, {"type": "Feature", "properties": {"node_id": 4789, "node_type": "endpoint", "degree": 1, "link_types": "sidewalk"}, "geometry": {"type": "Point", "coordinates": [328798.12, 4699211.56]}}, {"type": "Feature", "properties": {"node_id": 4790, "node_type": "endpoint", "degree": 1, "link_types": "midblock"}, "geometry": {"type": "Point", "coordinates": [329761.4, 4699261.16]}}, {"type": "Feature", "properties": {"node_id": 4791, "node_type": "endpoint", "degree": 1, "link_types": "sidewalk"}, "geometry": {"type": "Point", "coordinates": [329496.68, 4698442.52]}}, {"type": "Feature", "properties": {"node_id": 4792, "node_type": "endpoint", "degree": 1, "link_types": "sidewalk"}, "geometry": {"type": "Point", "coordinates": [328817.48, 4699312.2]}}, {"type": "Feature", "properties": {"node_id": 4793, "node_type": "endpoint", "degree": 1, "link_types": "sidewalk"}, "geometry": {"type": "Point", "coordinates": [329370.04, 4699356.76]}}, {"type": "Feature", "properties": {"node_id": 4794, "node_type": "type_change", "degree": 2, "link_types": "midblock+sidewalk"}, "geometry": {"type": "Point", "coordinates": [329373.286, 4699364.009]}}, {"type": "Feature", "properties": {"node_id": 4795, "node_type": "type_change", "degree": 2, "link_types": "midblock+sidewalk"}, "geometry": {"type": "Point", "coordinates": [329374.746, 4699366.564]}}, {"type": "Feature", "properties": {"node_id": 4796, "node_type": "endpoint", "degree": 1, "link_types": "sidewalk"}, "geometry": {"type": "Point", "coordinates": [329385.56, 4699400.6]}}, {"type": "Feature", "properties": {"node_id": 4797, "node_type": "type_change", "degree": 2, "link_types": "pseudo+sidewalk"}, "geometry": {"type": "Point", "coordinates": [328838.44, 4699464.68]}}, {"type": "Feature", "properties": {"node_id": 4798, "node_type": "endpoint", "degree": 1, "link_types": "sidewalk"}, "geometry": {"type": "Point", "coordinates": [328836.92, 4699464.52]}}, {"type": "Feature", "properties": {"node_id": 4799, "node_type": "endpoint", "degree": 1, "link_types": "midblock"}, "geometry": {"type": "Point", "coordinates": [328965.4, 4698884.2]}}, {"type": "Feature", "properties": {"node_id": 4800, "node_type": "type_change", "degree": 2, "link_types": "midblock+sidewalk"}, "geometry": {"type": "Point", "coordinates": [328962.39, 4698884.538]}}, {"type": "Feature", "properties": {"node_id": 4801, "node_type": "type_change", "degree": 2, "link_types": "pseudo+sidewalk"}, "geometry": {"type": "Point", "coordinates": [329643.4, 4699392.04]}}, {"type": "Feature", "properties": {"node_id": 4802, "node_type": "endpoint", "degree": 1, "link_types": "sidewalk"}, "geometry": {"type": "Point", "coordinates": [329530.12, 4699415.24]}}, {"type": "Feature", "properties": {"node_id": 4803, "node_type": "type_change", "degree": 2, "link_types": "pseudo+sidewalk"}, "geometry": {"type": "Point", "coordinates": [329732.2, 4698275.56]}}, {"type": "Feature", "properties": {"node_id": 4804, "node_type": "type_change", "degree": 2, "link_types": "crosswalk+pseudo"}, "geometry": {"type": "Point", "coordinates": [329733.88, 4698276.44]}}, {"type": "Feature", "properties": {"node_id": 4805, "node_type": "type_change", "degree": 2, "link_types": "crosswalk+pseudo"}, "geometry": {"type": "Point", "coordinates": [329744.28, 4698276.6]}}, {"type": "Feature", "properties": {"node_id": 4806, "node_type": "type_change", "degree": 2, "link_types": "crosswalk+pseudo"}, "geometry": {"type": "Point", "coordinates": [329299.48, 4698867.08]}}, {"type": "Feature", "properties": {"node_id": 4807, "node_type": "endpoint", "degree": 1, "link_types": "midblock"}, "geometry": {"type": "Point", "coordinates": [329922.84, 4698718.76]}}, {"type": "Feature", "properties": {"node_id": 4808, "node_type": "type_change", "degree": 2, "link_types": "midblock+sidewalk"}, "geometry": {"type": "Point", "coordinates": [329921.874, 4698727.878]}}, {"type": "Feature", "properties": {"node_id": 4809, "node_type": "type_change", "degree": 2, "link_types": "midblock+sidewalk"}, "geometry": {"type": "Point", "coordinates": [329919.948, 4698760.842]}}, {"type": "Feature", "properties": {"node_id": 4810, "node_type": "type_change", "degree": 2, "link_types": "midblock+sidewalk"}, "geometry": {"type": "Point", "coordinates": [329920.286, 4698766.624]}}, {"type": "Feature", "properties": {"node_id": 4811, "node_type": "type_change", "degree": 2, "link_types": "midblock+sidewalk"}, "geometry": {"type": "Point", "coordinates": [329918.625, 4698787.915]}}, {"type": "Feature", "properties": {"node_id": 4812, "node_type": "type_change", "degree": 2, "link_types": "midblock+sidewalk"}, "geometry": {"type": "Point", "coordinates": [329918.315, 4698798.337]}}, {"type": "Feature", "properties": {"node_id": 4813, "node_type": "endpoint", "degree": 1, "link_types": "sidewalk"}, "geometry": {"type": "Point", "coordinates": [329021.08, 4698445.72]}}, {"type": "Feature", "properties": {"node_id": 4814, "node_type": "type_change", "degree": 2, "link_types": "midblock+sidewalk"}, "geometry": {"type": "Point", "coordinates": [328990.069, 4698446.634]}}, {"type": "Feature", "properties": {"node_id": 4815, "node_type": "type_change", "degree": 2, "link_types": "midblock+sidewalk"}, "geometry": {"type": "Point", "coordinates": [328987.594, 4698446.71]}}, {"type": "Feature", "properties": {"node_id": 4816, "node_type": "type_change", "degree": 2, "link_types": "midblock+sidewalk"}, "geometry": {"type": "Point", "coordinates": [328973.069, 4698447.154]}}, {"type": "Feature", "properties": {"node_id": 4817, "node_type": "type_change", "degree": 2, "link_types": "midblock+sidewalk"}, "geometry": {"type": "Point", "coordinates": [328971.233, 4698447.211]}}, {"type": "Feature", "properties": {"node_id": 4818, "node_type": "endpoint", "degree": 1, "link_types": "sidewalk"}, "geometry": {"type": "Point", "coordinates": [328962.28, 4698448.2]}}, {"type": "Feature", "properties": {"node_id": 4819, "node_type": "type_change", "degree": 3, "link_types": "pseudo+sidewalk"}, "geometry": {"type": "Point", "coordinates": [328928.84, 4699101.48]}}, {"type": "Feature", "properties": {"node_id": 4820, "node_type": "type_change", "degree": 3, "link_types": "pseudo+sidewalk"}, "geometry": {"type": "Point", "coordinates": [328928.84, 4699101.4]}}, {"type": "Feature", "properties": {"node_id": 4821, "node_type": "type_change", "degree": 2, "link_types": "pseudo+sidewalk"}, "geometry": {"type": "Point", "coordinates": [328794.6, 4699222.28]}}, {"type": "Feature", "properties": {"node_id": 4822, "node_type": "type_change", "degree": 2, "link_types": "crosswalk+pseudo"}, "geometry": {"type": "Point", "coordinates": [328794.76, 4699222.6]}}, {"type": "Feature", "properties": {"node_id": 4823, "node_type": "endpoint", "degree": 1, "link_types": "sidewalk"}, "geometry": {"type": "Point", "coordinates": [329087.4, 4698609.32]}}, {"type": "Feature", "properties": {"node_id": 4824, "node_type": "type_change", "degree": 2, "link_types": "midblock+sidewalk"}, "geometry": {"type": "Point", "coordinates": [329063.45, 4698610.306]}}, {"type": "Feature", "properties": {"node_id": 4825, "node_type": "type_change", "degree": 2, "link_types": "midblock+sidewalk"}, "geometry": {"type": "Point", "coordinates": [329059.139, 4698610.484]}}, {"type": "Feature", "properties": {"node_id": 4826, "node_type": "type_change", "degree": 2, "link_types": "midblock+sidewalk"}, "geometry": {"type": "Point", "coordinates": [329019.915, 4698610.878]}}, {"type": "Feature", "properties": {"node_id": 4827, "node_type": "type_change", "degree": 2, "link_types": "midblock+sidewalk"}, "geometry": {"type": "Point", "coordinates": [329018.491, 4698611.041]}}, {"type": "Feature", "properties": {"node_id": 4828, "node_type": "type_change", "degree": 2, "link_types": "midblock+sidewalk"}, "geometry": {"type": "Point", "coordinates": [328988.926, 4698612.136]}}, {"type": "Feature", "properties": {"node_id": 4829, "node_type": "type_change", "degree": 2, "link_types": "midblock+sidewalk"}, "geometry": {"type": "Point", "coordinates": [328985.342, 4698612.252]}}, {"type": "Feature", "properties": {"node_id": 4830, "node_type": "type_change", "degree": 2, "link_types": "midblock+sidewalk"}, "geometry": {"type": "Point", "coordinates": [328957.515, 4698612.567]}}, {"type": "Feature", "properties": {"node_id": 4831, "node_type": "type_change", "degree": 2, "link_types": "midblock+sidewalk"}, "geometry": {"type": "Point", "coordinates": [328953.32, 4698613.054]}}, {"type": "Feature", "properties": {"node_id": 4832, "node_type": "type_change", "degree": 2, "link_types": "midblock+sidewalk"}, "geometry": {"type": "Point", "coordinates": [328933.889, 4698613.734]}}, {"type": "Feature", "properties": {"node_id": 4833, "node_type": "type_change", "degree": 2, "link_types": "midblock+sidewalk"}, "geometry": {"type": "Point", "coordinates": [328929.099, 4698613.893]}}, {"type": "Feature", "properties": {"node_id": 4834, "node_type": "type_change", "degree": 2, "link_types": "midblock+sidewalk"}, "geometry": {"type": "Point", "coordinates": [328883.806, 4698590.815]}}, {"type": "Feature", "properties": {"node_id": 4835, "node_type": "endpoint", "degree": 1, "link_types": "midblock"}, "geometry": {"type": "Point", "coordinates": [328883.64, 4698580.52]}}, {"type": "Feature", "properties": {"node_id": 4836, "node_type": "endpoint", "degree": 1, "link_types": "sidewalk"}, "geometry": {"type": "Point", "coordinates": [329008.28, 4699309.0]}}, {"type": "Feature", "properties": {"node_id": 4837, "node_type": "endpoint", "degree": 1, "link_types": "sidewalk"}, "geometry": {"type": "Point", "coordinates": [329786.6, 4699058.28]}}, {"type": "Feature", "properties": {"node_id": 4838, "node_type": "endpoint", "degree": 1, "link_types": "sidewalk"}, "geometry": {"type": "Point", "coordinates": [329813.24, 4698621.32]}}, {"type": "Feature", "properties": {"node_id": 4839, "node_type": "type_change", "degree": 2, "link_types": "pseudo+sidewalk"}, "geometry": {"type": "Point", "coordinates": [328831.56, 4699322.84]}}, {"type": "Feature", "properties": {"node_id": 4840, "node_type": "type_change", "degree": 2, "link_types": "crosswalk+pseudo"}, "geometry": {"type": "Point", "coordinates": [328831.96, 4699322.04]}}, {"type": "Feature", "properties": {"node_id": 4841, "node_type": "endpoint", "degree": 1, "link_types": "sidewalk"}, "geometry": {"type": "Point", "coordinates": [328927.16, 4698705.64]}}, {"type": "Feature", "properties": {"node_id": 4842, "node_type": "type_change", "degree": 2, "link_types": "crosswalk+pseudo"}, "geometry": {"type": "Point", "coordinates": [328860.6, 4698617.08]}}, {"type": "Feature", "properties": {"node_id": 4843, "node_type": "type_change", "degree": 2, "link_types": "crosswalk+pseudo"}, "geometry": {"type": "Point", "coordinates": [328860.6, 4698626.52]}}, {"type": "Feature", "properties": {"node_id": 4844, "node_type": "type_change", "degree": 3, "link_types": "pseudo+sidewalk"}, "geometry": {"type": "Point", "coordinates": [328820.36, 4698961.16]}}, {"type": "Feature", "properties": {"node_id": 4845, "node_type": "type_change", "degree": 2, "link_types": "crosswalk+pseudo"}, "geometry": {"type": "Point", "coordinates": [329184.44, 4699245.32]}}, {"type": "Feature", "properties": {"node_id": 4846, "node_type": "type_change", "degree": 2, "link_types": "crosswalk+pseudo"}, "geometry": {"type": "Point", "coordinates": [329179.24, 4699248.12]}}, {"type": "Feature", "properties": {"node_id": 4847, "node_type": "endpoint", "degree": 1, "link_types": "sidewalk"}, "geometry": {"type": "Point", "coordinates": [328982.04, 4699312.76]}}, {"type": "Feature", "properties": {"node_id": 4848, "node_type": "endpoint", "degree": 1, "link_types": "sidewalk"}, "geometry": {"type": "Point", "coordinates": [328971.88, 4699321.4]}}, {"type": "Feature", "properties": {"node_id": 4849, "node_type": "endpoint", "degree": 1, "link_types": "sidewalk"}, "geometry": {"type": "Point", "coordinates": [329020.84, 4699333.88]}}, {"type": "Feature", "properties": {"node_id": 4850, "node_type": "type_change", "degree": 2, "link_types": "midblock+sidewalk"}, "geometry": {"type": "Point", "coordinates": [329023.806, 4699332.681]}}, {"type": "Feature", "properties": {"node_id": 4851, "node_type": "type_change", "degree": 2, "link_types": "midblock+sidewalk"}, "geometry": {"type": "Point", "coordinates": [329052.948, 4699320.902]}}, {"type": "Feature", "properties": {"node_id": 4852, "node_type": "type_change", "degree": 2, "link_types": "midblock+sidewalk"}, "geometry": {"type": "Point", "coordinates": [329058.583, 4699318.624]}}, {"type": "Feature", "properties": {"node_id": 4853, "node_type": "type_change", "degree": 2, "link_types": "midblock+sidewalk"}, "geometry": {"type": "Point", "coordinates": [329073.488, 4699312.6]}}, {"type": "Feature", "properties": {"node_id": 4854, "node_type": "endpoint", "degree": 1, "link_types": "sidewalk"}, "geometry": {"type": "Point", "coordinates": [328501.0, 4698626.44]}}, {"type": "Feature", "properties": {"node_id": 4855, "node_type": "type_change", "degree": 2, "link_types": "midblock+sidewalk"}, "geometry": {"type": "Point", "coordinates": [328530.523, 4698624.858]}}, {"type": "Feature", "properties": {"node_id": 4856, "node_type": "type_change", "degree": 2, "link_types": "midblock+sidewalk"}, "geometry": {"type": "Point", "coordinates": [328533.274, 4698624.566]}}, {"type": "Feature", "properties": {"node_id": 4857, "node_type": "endpoint", "degree": 1, "link_types": "sidewalk"}, "geometry": {"type": "Point", "coordinates": [328584.04, 4698623.96]}}, {"type": "Feature", "properties": {"node_id": 4858, "node_type": "endpoint", "degree": 1, "link_types": "crosswalk"}, "geometry": {"type": "Point", "coordinates": [329569.56, 4699109.8]}}, {"type": "Feature", "properties": {"node_id": 4859, "node_type": "endpoint", "degree": 1, "link_types": "crosswalk"}, "geometry": {"type": "Point", "coordinates": [329574.6, 4699109.24]}}, {"type": "Feature", "properties": {"node_id": 4860, "node_type": "junction", "degree": 3, "link_types": "sidewalk"}, "geometry": {"type": "Point", "coordinates": [329536.76, 4699081.4]}}, {"type": "Feature", "properties": {"node_id": 4861, "node_type": "endpoint", "degree": 1, "link_types": "sidewalk"}, "geometry": {"type": "Point", "coordinates": [329532.12, 4699057.72]}}, {"type": "Feature", "properties": {"node_id": 4862, "node_type": "endpoint", "degree": 1, "link_types": "sidewalk"}, "geometry": {"type": "Point", "coordinates": [328940.36, 4699143.48]}}, {"type": "Feature", "properties": {"node_id": 4863, "node_type": "type_change", "degree": 2, "link_types": "midblock+sidewalk"}, "geometry": {"type": "Point", "coordinates": [328967.054, 4699147.682]}}, {"type": "Feature", "properties": {"node_id": 4864, "node_type": "type_change", "degree": 2, "link_types": "midblock+sidewalk"}, "geometry": {"type": "Point", "coordinates": [328971.253, 4699148.249]}}, {"type": "Feature", "properties": {"node_id": 4865, "node_type": "type_change", "degree": 2, "link_types": "midblock+sidewalk"}, "geometry": {"type": "Point", "coordinates": [328982.502, 4699149.769]}}, {"type": "Feature", "properties": {"node_id": 4866, "node_type": "type_change", "degree": 2, "link_types": "midblock+sidewalk"}, "geometry": {"type": "Point", "coordinates": [328984.562, 4699150.047]}}, {"type": "Feature", "properties": {"node_id": 4867, "node_type": "type_change", "degree": 2, "link_types": "midblock+sidewalk"}, "geometry": {"type": "Point", "coordinates": [329010.861, 4699153.6]}}, {"type": "Feature", "properties": {"node_id": 4868, "node_type": "type_change", "degree": 2, "link_types": "midblock+sidewalk"}, "geometry": {"type": "Point", "coordinates": [329013.238, 4699153.921]}}, {"type": "Feature", "properties": {"node_id": 4869, "node_type": "endpoint", "degree": 1, "link_types": "sidewalk"}, "geometry": {"type": "Point", "coordinates": [329028.68, 4699155.4]}}, {"type": "Feature", "properties": {"node_id": 4870, "node_type": "endpoint", "degree": 1, "link_types": "sidewalk"}, "geometry": {"type": "Point", "coordinates": [329347.56, 4699289.56]}}, {"type": "Feature", "properties": {"node_id": 4871, "node_type": "endpoint", "degree": 1, "link_types": "sidewalk"}, "geometry": {"type": "Point", "coordinates": [329566.52, 4699275.96]}}, {"type": "Feature", "properties": {"node_id": 4872, "node_type": "type_change", "degree": 2, "link_types": "pseudo+sidewalk"}, "geometry": {"type": "Point", "coordinates": [328678.04, 4698696.84]}}, {"type": "Feature", "properties": {"node_id": 4873, "node_type": "type_change", "degree": 2, "link_types": "midblock+sidewalk"}, "geometry": {"type": "Point", "coordinates": [328665.445, 4698697.242]}}, {"type": "Feature", "properties": {"node_id": 4874, "node_type": "type_change", "degree": 2, "link_types": "midblock+sidewalk"}, "geometry": {"type": "Point", "coordinates": [328659.068, 4698697.445]}}, {"type": "Feature", "properties": {"node_id": 4875, "node_type": "type_change", "degree": 2, "link_types": "midblock+sidewalk"}, "geometry": {"type": "Point", "coordinates": [328647.696, 4698697.613]}}, {"type": "Feature", "properties": {"node_id": 4876, "node_type": "type_change", "degree": 2, "link_types": "midblock+sidewalk"}, "geometry": {"type": "Point", "coordinates": [328643.979, 4698697.778]}}, {"type": "Feature", "properties": {"node_id": 4877, "node_type": "type_change", "degree": 2, "link_types": "midblock+sidewalk"}, "geometry": {"type": "Point", "coordinates": [328617.466, 4698698.541]}}, {"type": "Feature", "properties": {"node_id": 4878, "node_type": "type_change", "degree": 2, "link_types": "midblock+sidewalk"}, "geometry": {"type": "Point", "coordinates": [328612.769, 4698698.701]}}, {"type": "Feature", "properties": {"node_id": 4879, "node_type": "type_change", "degree": 2, "link_types": "midblock+sidewalk"}, "geometry": {"type": "Point", "coordinates": [328603.268, 4698698.635]}}, {"type": "Feature", "properties": {"node_id": 4880, "node_type": "type_change", "degree": 2, "link_types": "midblock+sidewalk"}, "geometry": {"type": "Point", "coordinates": [328597.71, 4698699.1]}}, {"type": "Feature", "properties": {"node_id": 4881, "node_type": "type_change", "degree": 2, "link_types": "midblock+sidewalk"}, "geometry": {"type": "Point", "coordinates": [328570.571, 4698699.621]}}, {"type": "Feature", "properties": {"node_id": 4882, "node_type": "type_change", "degree": 2, "link_types": "midblock+sidewalk"}, "geometry": {"type": "Point", "coordinates": [328563.626, 4698699.73]}}, {"type": "Feature", "properties": {"node_id": 4883, "node_type": "endpoint", "degree": 1, "link_types": "sidewalk"}, "geometry": {"type": "Point", "coordinates": [328500.2, 4698700.76]}}, {"type": "Feature", "properties": {"node_id": 4884, "node_type": "endpoint", "degree": 1, "link_types": "sidewalk"}, "geometry": {"type": "Point", "coordinates": [328807.48, 4699269.24]}}, {"type": "Feature", "properties": {"node_id": 4885, "node_type": "endpoint", "degree": 1, "link_types": "midblock"}, "geometry": {"type": "Point", "coordinates": [329367.56, 4699187.8]}}, {"type": "Feature", "properties": {"node_id": 4886, "node_type": "type_change", "degree": 2, "link_types": "midblock+sidewalk"}, "geometry": {"type": "Point", "coordinates": [329367.424, 4699186.474]}}, {"type": "Feature", "properties": {"node_id": 4887, "node_type": "type_change", "degree": 2, "link_types": "crosswalk+pseudo"}, "geometry": {"type": "Point", "coordinates": [328728.04, 4698058.2]}}, {"type": "Feature", "properties": {"node_id": 4888, "node_type": "type_change", "degree": 2, "link_types": "crosswalk+pseudo"}, "geometry": {"type": "Point", "coordinates": [328724.28, 4698058.84]}}, {"type": "Feature", "properties": {"node_id": 4889, "node_type": "type_change", "degree": 2, "link_types": "pseudo+sidewalk"}, "geometry": {"type": "Point", "coordinates": [329902.52, 4698281.88]}}, {"type": "Feature", "properties": {"node_id": 4890, "node_type": "endpoint", "degree": 1, "link_types": "crosswalk"}, "geometry": {"type": "Point", "coordinates": [329888.68, 4699464.68]}}, {"type": "Feature", "properties": {"node_id": 4891, "node_type": "type_change", "degree": 2, "link_types": "crosswalk+pseudo"}, "geometry": {"type": "Point", "coordinates": [329885.96, 4699463.32]}}, {"type": "Feature", "properties": {"node_id": 4892, "node_type": "type_change", "degree": 2, "link_types": "pseudo+sidewalk"}, "geometry": {"type": "Point", "coordinates": [329885.24, 4699462.12]}}, {"type": "Feature", "properties": {"node_id": 4893, "node_type": "junction", "degree": 3, "link_types": "pseudo"}, "geometry": {"type": "Point", "coordinates": [329446.6, 4699295.96]}}, {"type": "Feature", "properties": {"node_id": 4894, "node_type": "type_change", "degree": 2, "link_types": "crosswalk+pseudo"}, "geometry": {"type": "Point", "coordinates": [329446.68, 4699296.04]}}, {"type": "Feature", "properties": {"node_id": 4895, "node_type": "type_change", "degree": 2, "link_types": "crosswalk+pseudo"}, "geometry": {"type": "Point", "coordinates": [329447.24, 4699305.16]}}, {"type": "Feature", "properties": {"node_id": 4896, "node_type": "endpoint", "degree": 1, "link_types": "pseudo"}, "geometry": {"type": "Point", "coordinates": [329446.68, 4699295.88]}}, {"type": "Feature", "properties": {"node_id": 4897, "node_type": "endpoint", "degree": 1, "link_types": "sidewalk"}, "geometry": {"type": "Point", "coordinates": [329880.12, 4699047.4]}}, {"type": "Feature", "properties": {"node_id": 4898, "node_type": "type_change", "degree": 2, "link_types": "crosswalk+pseudo"}, "geometry": {"type": "Point", "coordinates": [329740.76, 4698043.08]}}, {"type": "Feature", "properties": {"node_id": 4899, "node_type": "endpoint", "degree": 1, "link_types": "sidewalk"}, "geometry": {"type": "Point", "coordinates": [329436.36, 4699307.88]}}, {"type": "Feature", "properties": {"node_id": 4900, "node_type": "endpoint", "degree": 1, "link_types": "sidewalk"}, "geometry": {"type": "Point", "coordinates": [329058.92, 4698401.0]}}, {"type": "Feature", "properties": {"node_id": 4901, "node_type": "endpoint", "degree": 1, "link_types": "sidewalk"}, "geometry": {"type": "Point", "coordinates": [329060.76, 4698441.96]}}, {"type": "Feature", "properties": {"node_id": 4902, "node_type": "endpoint", "degree": 1, "link_types": "sidewalk"}, "geometry": {"type": "Point", "coordinates": [329504.12, 4698636.44]}}, {"type": "Feature", "properties": {"node_id": 4903, "node_type": "type_change", "degree": 2, "link_types": "midblock+sidewalk"}, "geometry": {"type": "Point", "coordinates": [329505.891, 4698670.054]}}, {"type": "Feature", "properties": {"node_id": 4904, "node_type": "type_change", "degree": 2, "link_types": "midblock+sidewalk"}, "geometry": {"type": "Point", "coordinates": [329506.022, 4698672.53]}}, {"type": "Feature", "properties": {"node_id": 4905, "node_type": "endpoint", "degree": 1, "link_types": "sidewalk"}, "geometry": {"type": "Point", "coordinates": [329508.44, 4698718.44]}}, {"type": "Feature", "properties": {"node_id": 4906, "node_type": "endpoint", "degree": 1, "link_types": "sidewalk"}, "geometry": {"type": "Point", "coordinates": [329721.0, 4698967.48]}}, {"type": "Feature", "properties": {"node_id": 4907, "node_type": "type_change", "degree": 2, "link_types": "pseudo+sidewalk"}, "geometry": {"type": "Point", "coordinates": [329723.24, 4698966.52]}}, {"type": "Feature", "properties": {"node_id": 4908, "node_type": "type_change", "degree": 2, "link_types": "crosswalk+pseudo"}, "geometry": {"type": "Point", "coordinates": [329722.6, 4698965.8]}}, {"type": "Feature", "properties": {"node_id": 4909, "node_type": "type_change", "degree": 2, "link_types": "crosswalk+pseudo"}, "geometry": {"type": "Point", "coordinates": [329714.52, 4698966.28]}}, {"type": "Feature", "properties": {"node_id": 4910, "node_type": "type_change", "degree": 2, "link_types": "pseudo+sidewalk"}, "geometry": {"type": "Point", "coordinates": [329713.24, 4698965.88]}}, {"type": "Feature", "properties": {"node_id": 4911, "node_type": "endpoint", "degree": 1, "link_types": "sidewalk"}, "geometry": {"type": "Point", "coordinates": [329707.96, 4698966.04]}}, {"type": "Feature", "properties": {"node_id": 4912, "node_type": "endpoint", "degree": 1, "link_types": "sidewalk"}, "geometry": {"type": "Point", "coordinates": [328891.16, 4698238.44]}}, {"type": "Feature", "properties": {"node_id": 4913, "node_type": "type_change", "degree": 2, "link_types": "pseudo+sidewalk"}, "geometry": {"type": "Point", "coordinates": [329405.4, 4699296.52]}}, {"type": "Feature", "properties": {"node_id": 4914, "node_type": "type_change", "degree": 3, "link_types": "pseudo+sidewalk"}, "geometry": {"type": "Point", "coordinates": [329812.76, 4699162.28]}}, {"type": "Feature", "properties": {"node_id": 4915, "node_type": "endpoint", "degree": 1, "link_types": "sidewalk"}, "geometry": {"type": "Point", "coordinates": [329361.08, 4699302.68]}}, {"type": "Feature", "properties": {"node_id": 4916, "node_type": "type_change", "degree": 2, "link_types": "crosswalk+sidewalk"}, "geometry": {"type": "Point", "coordinates": [329889.96, 4699426.84]}}, {"type": "Feature", "properties": {"node_id": 4917, "node_type": "type_change", "degree": 2, "link_types": "crosswalk+pseudo"}, "geometry": {"type": "Point", "coordinates": [329896.12, 4699425.56]}}, {"type": "Feature", "properties": {"node_id": 4918, "node_type": "type_change", "degree": 2, "link_types": "pseudo+sidewalk"}, "geometry": {"type": "Point", "coordinates": [329895.96, 4699426.04]}}, {"type": "Feature", "properties": {"node_id": 4919, "node_type": "type_change", "degree": 2, "link_types": "pseudo+sidewalk"}, "geometry": {"type": "Point", "coordinates": [329895.96, 4699426.12]}}, {"type": "Feature", "properties": {"node_id": 4920, "node_type": "type_change", "degree": 2, "link_types": "crosswalk+pseudo"}, "geometry": {"type": "Point", "coordinates": [329895.96, 4699426.52]}}, {"type": "Feature", "properties": {"node_id": 4921, "node_type": "type_change", "degree": 2, "link_types": "crosswalk+pseudo"}, "geometry": {"type": "Point", "coordinates": [329902.52, 4699425.24]}}, {"type": "Feature", "properties": {"node_id": 4922, "node_type": "type_change", "degree": 2, "link_types": "pseudo+sidewalk"}, "geometry": {"type": "Point", "coordinates": [329902.68, 4699423.8]}}, {"type": "Feature", "properties": {"node_id": 4923, "node_type": "endpoint", "degree": 1, "link_types": "sidewalk"}, "geometry": {"type": "Point", "coordinates": [329946.28, 4699406.6]}}, {"type": "Feature", "properties": {"node_id": 4924, "node_type": "endpoint", "degree": 1, "link_types": "crosswalk"}, "geometry": {"type": "Point", "coordinates": [329726.12, 4699318.6]}}, {"type": "Feature", "properties": {"node_id": 4925, "node_type": "endpoint", "degree": 1, "link_types": "sidewalk"}, "geometry": {"type": "Point", "coordinates": [329878.76, 4699067.88]}}, {"type": "Feature", "properties": {"node_id": 4926, "node_type": "type_change", "degree": 2, "link_types": "midblock+sidewalk"}, "geometry": {"type": "Point", "coordinates": [329655.357, 4698351.509]}}, {"type": "Feature", "properties": {"node_id": 4927, "node_type": "endpoint", "degree": 1, "link_types": "midblock"}, "geometry": {"type": "Point", "coordinates": [329664.68, 4698351.8]}}, {"type": "Feature", "properties": {"node_id": 4928, "node_type": "type_change", "degree": 2, "link_types": "pseudo+sidewalk"}, "geometry": {"type": "Point", "coordinates": [329915.8, 4698283.56]}}, {"type": "Feature", "properties": {"node_id": 4929, "node_type": "endpoint", "degree": 1, "link_types": "sidewalk"}, "geometry": {"type": "Point", "coordinates": [329935.96, 4698283.72]}}, {"type": "Feature", "properties": {"node_id": 4930, "node_type": "endpoint", "degree": 1, "link_types": "sidewalk"}, "geometry": {"type": "Point", "coordinates": [329139.88, 4699282.2]}}, {"type": "Feature", "properties": {"node_id": 4931, "node_type": "type_change", "degree": 2, "link_types": "midblock+sidewalk"}, "geometry": {"type": "Point", "coordinates": [329167.35, 4699279.905]}}, {"type": "Feature", "properties": {"node_id": 4932, "node_type": "type_change", "degree": 2, "link_types": "midblock+sidewalk"}, "geometry": {"type": "Point", "coordinates": [329169.818, 4699279.698]}}, {"type": "Feature", "properties": {"node_id": 4933, "node_type": "type_change", "degree": 2, "link_types": "crosswalk+pseudo"}, "geometry": {"type": "Point", "coordinates": [328929.8, 4698887.56]}}, {"type": "Feature", "properties": {"node_id": 4934, "node_type": "endpoint", "degree": 1, "link_types": "sidewalk"}, "geometry": {"type": "Point", "coordinates": [329747.88, 4698448.12]}}, {"type": "Feature", "properties": {"node_id": 4935, "node_type": "type_change", "degree": 2, "link_types": "midblock+sidewalk"}, "geometry": {"type": "Point", "coordinates": [329750.667, 4698448.376]}}, {"type": "Feature", "properties": {"node_id": 4936, "node_type": "type_change", "degree": 2, "link_types": "midblock+sidewalk"}, "geometry": {"type": "Point", "coordinates": [329755.524, 4698448.822]}}, {"type": "Feature", "properties": {"node_id": 4937, "node_type": "type_change", "degree": 2, "link_types": "midblock+sidewalk"}, "geometry": {"type": "Point", "coordinates": [329769.303, 4698449.714]}}, {"type": "Feature", "properties": {"node_id": 4938, "node_type": "type_change", "degree": 2, "link_types": "midblock+sidewalk"}, "geometry": {"type": "Point", "coordinates": [329776.714, 4698449.756]}}, {"type": "Feature", "properties": {"node_id": 4939, "node_type": "type_change", "degree": 2, "link_types": "midblock+sidewalk"}, "geometry": {"type": "Point", "coordinates": [329804.968, 4698450.816]}}, {"type": "Feature", "properties": {"node_id": 4940, "node_type": "type_change", "degree": 2, "link_types": "midblock+sidewalk"}, "geometry": {"type": "Point", "coordinates": [329806.406, 4698450.89]}}, {"type": "Feature", "properties": {"node_id": 4941, "node_type": "type_change", "degree": 2, "link_types": "midblock+sidewalk"}, "geometry": {"type": "Point", "coordinates": [329816.23, 4698451.394]}}, {"type": "Feature", "properties": {"node_id": 4942, "node_type": "type_change", "degree": 2, "link_types": "midblock+sidewalk"}, "geometry": {"type": "Point", "coordinates": [329817.748, 4698451.471]}}, {"type": "Feature", "properties": {"node_id": 4943, "node_type": "endpoint", "degree": 1, "link_types": "sidewalk"}, "geometry": {"type": "Point", "coordinates": [329835.08, 4698452.36]}}, {"type": "Feature", "properties": {"node_id": 4944, "node_type": "endpoint", "degree": 1, "link_types": "sidewalk"}, "geometry": {"type": "Point", "coordinates": [329725.8, 4699321.4]}}, {"type": "Feature", "properties": {"node_id": 4945, "node_type": "type_change", "degree": 2, "link_types": "pseudo+sidewalk"}, "geometry": {"type": "Point", "coordinates": [329725.8, 4699321.32]}}, {"type": "Feature", "properties": {"node_id": 4946, "node_type": "endpoint", "degree": 1, "link_types": "midblock"}, "geometry": {"type": "Point", "coordinates": [329900.44, 4698337.96]}}, {"type": "Feature", "properties": {"node_id": 4947, "node_type": "type_change", "degree": 2, "link_types": "midblock+sidewalk"}, "geometry": {"type": "Point", "coordinates": [329900.822, 4698334.653]}}, {"type": "Feature", "properties": {"node_id": 4948, "node_type": "type_change", "degree": 2, "link_types": "midblock+sidewalk"}, "geometry": {"type": "Point", "coordinates": [329901.049, 4698324.1]}}, {"type": "Feature", "properties": {"node_id": 4949, "node_type": "type_change", "degree": 2, "link_types": "midblock+sidewalk"}, "geometry": {"type": "Point", "coordinates": [329901.738, 4698319.153]}}, {"type": "Feature", "properties": {"node_id": 4950, "node_type": "type_change", "degree": 2, "link_types": "pseudo+sidewalk"}, "geometry": {"type": "Point", "coordinates": [329619.4, 4698909.88]}}, {"type": "Feature", "properties": {"node_id": 4951, "node_type": "endpoint", "degree": 1, "link_types": "sidewalk"}, "geometry": {"type": "Point", "coordinates": [329612.2, 4698909.64]}}, {"type": "Feature", "properties": {"node_id": 4952, "node_type": "type_change", "degree": 2, "link_types": "midblock+sidewalk"}, "geometry": {"type": "Point", "coordinates": [328892.004, 4698157.923]}}, {"type": "Feature", "properties": {"node_id": 4953, "node_type": "type_change", "degree": 2, "link_types": "midblock+sidewalk"}, "geometry": {"type": "Point", "coordinates": [328891.435, 4698165.648]}}, {"type": "Feature", "properties": {"node_id": 4954, "node_type": "endpoint", "degree": 1, "link_types": "sidewalk"}, "geometry": {"type": "Point", "coordinates": [328890.04, 4698184.6]}}, {"type": "Feature", "properties": {"node_id": 4955, "node_type": "endpoint", "degree": 1, "link_types": "sidewalk"}, "geometry": {"type": "Point", "coordinates": [329381.16, 4699498.36]}}, {"type": "Feature", "properties": {"node_id": 4956, "node_type": "endpoint", "degree": 1, "link_types": "sidewalk"}, "geometry": {"type": "Point", "coordinates": [329387.8, 4699453.0]}}, {"type": "Feature", "properties": {"node_id": 4957, "node_type": "endpoint", "degree": 1, "link_types": "sidewalk"}, "geometry": {"type": "Point", "coordinates": [329749.64, 4698151.88]}}, {"type": "Feature", "properties": {"node_id": 4958, "node_type": "type_change", "degree": 2, "link_types": "midblock+sidewalk"}, "geometry": {"type": "Point", "coordinates": [329786.975, 4698137.809]}}, {"type": "Feature", "properties": {"node_id": 4959, "node_type": "type_change", "degree": 2, "link_types": "midblock+sidewalk"}, "geometry": {"type": "Point", "coordinates": [329790.41, 4698137.964]}}, {"type": "Feature", "properties": {"node_id": 4960, "node_type": "type_change", "degree": 2, "link_types": "midblock+sidewalk"}, "geometry": {"type": "Point", "coordinates": [329798.398, 4698138.326]}}, {"type": "Feature", "properties": {"node_id": 4961, "node_type": "type_change", "degree": 2, "link_types": "midblock+sidewalk"}, "geometry": {"type": "Point", "coordinates": [329802.311, 4698138.503]}}, {"type": "Feature", "properties": {"node_id": 4962, "node_type": "endpoint", "degree": 1, "link_types": "midblock"}, "geometry": {"type": "Point", "coordinates": [328587.08, 4698562.12]}}, {"type": "Feature", "properties": {"node_id": 4963, "node_type": "type_change", "degree": 2, "link_types": "midblock+sidewalk"}, "geometry": {"type": "Point", "coordinates": [328585.483, 4698562.214]}}, {"type": "Feature", "properties": {"node_id": 4964, "node_type": "type_change", "degree": 2, "link_types": "midblock+sidewalk"}, "geometry": {"type": "Point", "coordinates": [328581.897, 4698563.116]}}, {"type": "Feature", "properties": {"node_id": 4965, "node_type": "endpoint", "degree": 1, "link_types": "sidewalk"}, "geometry": {"type": "Point", "coordinates": [329940.04, 4699439.56]}}, {"type": "Feature", "properties": {"node_id": 4966, "node_type": "type_change", "degree": 2, "link_types": "pseudo+sidewalk"}, "geometry": {"type": "Point", "coordinates": [329940.04, 4699439.64]}}, {"type": "Feature", "properties": {"node_id": 4967, "node_type": "type_change", "degree": 2, "link_types": "crosswalk+pseudo"}, "geometry": {"type": "Point", "coordinates": [329940.36, 4699441.0]}}, {"type": "Feature", "properties": {"node_id": 4968, "node_type": "type_change", "degree": 2, "link_types": "crosswalk+pseudo"}, "geometry": {"type": "Point", "coordinates": [329957.16, 4699442.68]}}, {"type": "Feature", "properties": {"node_id": 4969, "node_type": "endpoint", "degree": 1, "link_types": "sidewalk"}, "geometry": {"type": "Point", "coordinates": [329904.04, 4698971.0]}}, {"type": "Feature", "properties": {"node_id": 4970, "node_type": "endpoint", "degree": 1, "link_types": "sidewalk"}, "geometry": {"type": "Point", "coordinates": [329297.32, 4698874.36]}}, {"type": "Feature", "properties": {"node_id": 4971, "node_type": "junction", "degree": 3, "link_types": "sidewalk"}, "geometry": {"type": "Point", "coordinates": [329737.32, 4698043.08]}}, {"type": "Feature", "properties": {"node_id": 4972, "node_type": "endpoint", "degree": 1, "link_types": "pseudo"}, "geometry": {"type": "Point", "coordinates": [329205.88, 4699248.04]}}, {"type": "Feature", "properties": {"node_id": 4973, "node_type": "endpoint", "degree": 1, "link_types": "pseudo"}, "geometry": {"type": "Point", "coordinates": [329207.72, 4699246.52]}}, {"type": "Feature", "properties": {"node_id": 4974, "node_type": "endpoint", "degree": 1, "link_types": "sidewalk"}, "geometry": {"type": "Point", "coordinates": [329270.6, 4698649.48]}}, {"type": "Feature", "properties": {"node_id": 4975, "node_type": "type_change", "degree": 2, "link_types": "pseudo+sidewalk"}, "geometry": {"type": "Point", "coordinates": [329297.16, 4699194.6]}}, {"type": "Feature", "properties": {"node_id": 4976, "node_type": "endpoint", "degree": 1, "link_types": "sidewalk"}, "geometry": {"type": "Point", "coordinates": [329286.04, 4699201.88]}}, {"type": "Feature", "properties": {"node_id": 4977, "node_type": "endpoint", "degree": 1, "link_types": "sidewalk"}, "geometry": {"type": "Point", "coordinates": [328877.24, 4698451.16]}}, {"type": "Feature", "properties": {"node_id": 4978, "node_type": "type_change", "degree": 2, "link_types": "pseudo+sidewalk"}, "geometry": {"type": "Point", "coordinates": [328877.16, 4698451.16]}}, {"type": "Feature", "properties": {"node_id": 4979, "node_type": "type_change", "degree": 2, "link_types": "crosswalk+pseudo"}, "geometry": {"type": "Point", "coordinates": [328875.56, 4698450.68]}}, {"type": "Feature", "properties": {"node_id": 4980, "node_type": "type_change", "degree": 2, "link_types": "crosswalk+pseudo"}, "geometry": {"type": "Point", "coordinates": [328875.8, 4698459.08]}}, {"type": "Feature", "properties": {"node_id": 4981, "node_type": "endpoint", "degree": 1, "link_types": "sidewalk"}, "geometry": {"type": "Point", "coordinates": [329838.76, 4698589.48]}}, {"type": "Feature", "properties": {"node_id": 4982, "node_type": "type_change", "degree": 2, "link_types": "midblock+sidewalk"}, "geometry": {"type": "Point", "coordinates": [329855.666, 4698529.751]}}, {"type": "Feature", "properties": {"node_id": 4983, "node_type": "type_change", "degree": 2, "link_types": "midblock+sidewalk"}, "geometry": {"type": "Point", "coordinates": [329856.375, 4698527.462]}}, {"type": "Feature", "properties": {"node_id": 4984, "node_type": "type_change", "degree": 2, "link_types": "midblock+sidewalk"}, "geometry": {"type": "Point", "coordinates": [329862.744, 4698505.638]}}, {"type": "Feature", "properties": {"node_id": 4985, "node_type": "endpoint", "degree": 1, "link_types": "midblock"}, "geometry": {"type": "Point", "coordinates": [329864.52, 4698497.96]}}, {"type": "Feature", "properties": {"node_id": 4986, "node_type": "type_change", "degree": 2, "link_types": "pseudo+sidewalk"}, "geometry": {"type": "Point", "coordinates": [328689.64, 4698878.12]}}, {"type": "Feature", "properties": {"node_id": 4987, "node_type": "type_change", "degree": 2, "link_types": "crosswalk+pseudo"}, "geometry": {"type": "Point", "coordinates": [329814.28, 4699171.64]}}, {"type": "Feature", "properties": {"node_id": 4988, "node_type": "type_change", "degree": 2, "link_types": "crosswalk+pseudo"}, "geometry": {"type": "Point", "coordinates": [329811.96, 4699163.8]}}, {"type": "Feature", "properties": {"node_id": 4989, "node_type": "endpoint", "degree": 1, "link_types": "sidewalk"}, "geometry": {"type": "Point", "coordinates": [329911.16, 4698589.48]}}, {"type": "Feature", "properties": {"node_id": 4990, "node_type": "type_change", "degree": 2, "link_types": "pseudo+sidewalk"}, "geometry": {"type": "Point", "coordinates": [328789.64, 4699283.64]}}, {"type": "Feature", "properties": {"node_id": 4991, "node_type": "type_change", "degree": 2, "link_types": "crosswalk+pseudo"}, "geometry": {"type": "Point", "coordinates": [328791.4, 4699280.6]}}, {"type": "Feature", "properties": {"node_id": 4992, "node_type": "type_change", "degree": 2, "link_types": "crosswalk+pseudo"}, "geometry": {"type": "Point", "coordinates": [328791.0, 4699268.44]}}, {"type": "Feature", "properties": {"node_id": 4993, "node_type": "type_change", "degree": 2, "link_types": "pseudo+sidewalk"}, "geometry": {"type": "Point", "coordinates": [328790.28, 4699266.84]}}, {"type": "Feature", "properties": {"node_id": 4994, "node_type": "type_change", "degree": 3, "link_types": "pseudo+sidewalk"}, "geometry": {"type": "Point", "coordinates": [329907.64, 4698143.4]}}, {"type": "Feature", "properties": {"node_id": 4995, "node_type": "endpoint", "degree": 1, "link_types": "sidewalk"}, "geometry": {"type": "Point", "coordinates": [329964.92, 4698780.2]}}, {"type": "Feature", "properties": {"node_id": 4996, "node_type": "type_change", "degree": 2, "link_types": "midblock+sidewalk"}, "geometry": {"type": "Point", "coordinates": [329961.385, 4698781.448]}}, {"type": "Feature", "properties": {"node_id": 4997, "node_type": "type_change", "degree": 2, "link_types": "midblock+sidewalk"}, "geometry": {"type": "Point", "coordinates": [329955.969, 4698783.361]}}, {"type": "Feature", "properties": {"node_id": 4998, "node_type": "type_change", "degree": 2, "link_types": "midblock+sidewalk"}, "geometry": {"type": "Point", "coordinates": [329758.776, 4699266.594]}}, {"type": "Feature", "properties": {"node_id": 4999, "node_type": "type_change", "degree": 2, "link_types": "midblock+sidewalk"}, "geometry": {"type": "Point", "coordinates": [329745.942, 4699268.894]}}, {"type": "Feature", "properties": {"node_id": 5000, "node_type": "type_change", "degree": 2, "link_types": "crosswalk+pseudo"}, "geometry": {"type": "Point", "coordinates": [329822.2, 4698139.56]}}, {"type": "Feature", "properties": {"node_id": 5001, "node_type": "type_change", "degree": 2, "link_types": "pseudo+sidewalk"}, "geometry": {"type": "Point", "coordinates": [329725.24, 4698418.2]}}, {"type": "Feature", "properties": {"node_id": 5002, "node_type": "endpoint", "degree": 1, "link_types": "sidewalk"}, "geometry": {"type": "Point", "coordinates": [329718.2, 4698417.48]}}, {"type": "Feature", "properties": {"node_id": 5003, "node_type": "type_change", "degree": 2, "link_types": "midblock+sidewalk"}, "geometry": {"type": "Point", "coordinates": [328827.626, 4698460.949]}}, {"type": "Feature", "properties": {"node_id": 5004, "node_type": "type_change", "degree": 2, "link_types": "midblock+sidewalk"}, "geometry": {"type": "Point", "coordinates": [328822.275, 4698461.097]}}, {"type": "Feature", "properties": {"node_id": 5005, "node_type": "type_change", "degree": 2, "link_types": "midblock+sidewalk"}, "geometry": {"type": "Point", "coordinates": [328790.578, 4698462.217]}}, {"type": "Feature", "properties": {"node_id": 5006, "node_type": "type_change", "degree": 2, "link_types": "midblock+sidewalk"}, "geometry": {"type": "Point", "coordinates": [328785.321, 4698462.5]}}, {"type": "Feature", "properties": {"node_id": 5007, "node_type": "endpoint", "degree": 1, "link_types": "sidewalk"}, "geometry": {"type": "Point", "coordinates": [329183.48, 4699169.08]}}, {"type": "Feature", "properties": {"node_id": 5008, "node_type": "junction", "degree": 3, "link_types": "midblock"}, "geometry": {"type": "Point", "coordinates": [329120.04, 4699492.44]}}, {"type": "Feature", "properties": {"node_id": 5009, "node_type": "type_change", "degree": 2, "link_types": "pseudo+sidewalk"}, "geometry": {"type": "Point", "coordinates": [328889.24, 4698253.08]}}, {"type": "Feature", "properties": {"node_id": 5010, "node_type": "type_change", "degree": 2, "link_types": "crosswalk+pseudo"}, "geometry": {"type": "Point", "coordinates": [328888.2, 4698251.96]}}, {"type": "Feature", "properties": {"node_id": 5011, "node_type": "type_change", "degree": 2, "link_types": "crosswalk+pseudo"}, "geometry": {"type": "Point", "coordinates": [328888.76, 4698238.76]}}, {"type": "Feature", "properties": {"node_id": 5012, "node_type": "endpoint", "degree": 1, "link_types": "sidewalk"}, "geometry": {"type": "Point", "coordinates": [329647.32, 4699455.4]}}, {"type": "Feature", "properties": {"node_id": 5013, "node_type": "endpoint", "degree": 1, "link_types": "sidewalk"}, "geometry": {"type": "Point", "coordinates": [329931.32, 4698563.16]}}, {"type": "Feature", "properties": {"node_id": 5014, "node_type": "endpoint", "degree": 1, "link_types": "sidewalk"}, "geometry": {"type": "Point", "coordinates": [329473.8, 4698873.88]}}, {"type": "Feature", "properties": {"node_id": 5015, "node_type": "type_change", "degree": 2, "link_types": "crosswalk+pseudo"}, "geometry": {"type": "Point", "coordinates": [329638.84, 4698131.64]}}, {"type": "Feature", "properties": {"node_id": 5016, "node_type": "type_change", "degree": 2, "link_types": "crosswalk+pseudo"}, "geometry": {"type": "Point", "coordinates": [329651.56, 4698133.48]}}, {"type": "Feature", "properties": {"node_id": 5017, "node_type": "type_change", "degree": 2, "link_types": "pseudo+sidewalk"}, "geometry": {"type": "Point", "coordinates": [329959.16, 4699442.6]}}, {"type": "Feature", "properties": {"node_id": 5018, "node_type": "endpoint", "degree": 1, "link_types": "sidewalk"}, "geometry": {"type": "Point", "coordinates": [329959.72, 4699434.68]}}, {"type": "Feature", "properties": {"node_id": 5019, "node_type": "endpoint", "degree": 1, "link_types": "sidewalk"}, "geometry": {"type": "Point", "coordinates": [329533.8, 4699438.92]}}, {"type": "Feature", "properties": {"node_id": 5020, "node_type": "endpoint", "degree": 1, "link_types": "sidewalk"}, "geometry": {"type": "Point", "coordinates": [329537.96, 4699437.96]}}, {"type": "Feature", "properties": {"node_id": 5021, "node_type": "type_change", "degree": 2, "link_types": "pseudo+sidewalk"}, "geometry": {"type": "Point", "coordinates": [328821.64, 4698960.52]}}, {"type": "Feature", "properties": {"node_id": 5022, "node_type": "type_change", "degree": 2, "link_types": "crosswalk+pseudo"}, "geometry": {"type": "Point", "coordinates": [328823.48, 4698960.44]}}, {"type": "Feature", "properties": {"node_id": 5023, "node_type": "type_change", "degree": 2, "link_types": "crosswalk+pseudo"}, "geometry": {"type": "Point", "coordinates": [328835.16, 4698961.4]}}, {"type": "Feature", "properties": {"node_id": 5024, "node_type": "type_change", "degree": 2, "link_types": "pseudo+sidewalk"}, "geometry": {"type": "Point", "coordinates": [328966.6, 4699490.76]}}, {"type": "Feature", "properties": {"node_id": 5025, "node_type": "type_change", "degree": 2, "link_types": "crosswalk+pseudo"}, "geometry": {"type": "Point", "coordinates": [328967.8, 4699489.96]}}, {"type": "Feature", "properties": {"node_id": 5026, "node_type": "type_change", "degree": 2, "link_types": "crosswalk+pseudo"}, "geometry": {"type": "Point", "coordinates": [328977.72, 4699490.76]}}, {"type": "Feature", "properties": {"node_id": 5027, "node_type": "type_change", "degree": 2, "link_types": "pseudo+sidewalk"}, "geometry": {"type": "Point", "coordinates": [328660.68, 4699338.6]}}, {"type": "Feature", "properties": {"node_id": 5028, "node_type": "endpoint", "degree": 1, "link_types": "sidewalk"}, "geometry": {"type": "Point", "coordinates": [328662.68, 4699338.6]}}, {"type": "Feature", "properties": {"node_id": 5029, "node_type": "type_change", "degree": 2, "link_types": "crosswalk+pseudo"}, "geometry": {"type": "Point", "coordinates": [328894.12, 4698144.36]}}, {"type": "Feature", "properties": {"node_id": 5030, "node_type": "type_change", "degree": 2, "link_types": "crosswalk+pseudo"}, "geometry": {"type": "Point", "coordinates": [328894.2, 4698133.8]}}, {"type": "Feature", "properties": {"node_id": 5031, "node_type": "endpoint", "degree": 1, "link_types": "sidewalk"}, "geometry": {"type": "Point", "coordinates": [329509.64, 4698260.44]}}, {"type": "Feature", "properties": {"node_id": 5032, "node_type": "endpoint", "degree": 1, "link_types": "crosswalk"}, "geometry": {"type": "Point", "coordinates": [328876.76, 4698234.92]}}, {"type": "Feature", "properties": {"node_id": 5033, "node_type": "endpoint", "degree": 1, "link_types": "sidewalk"}, "geometry": {"type": "Point", "coordinates": [328571.48, 4698988.2]}}, {"type": "Feature", "properties": {"node_id": 5034, "node_type": "type_change", "degree": 2, "link_types": "midblock+sidewalk"}, "geometry": {"type": "Point", "coordinates": [328585.45, 4699007.856]}}, {"type": "Feature", "properties": {"node_id": 5035, "node_type": "type_change", "degree": 2, "link_types": "midblock+sidewalk"}, "geometry": {"type": "Point", "coordinates": [328582.777, 4699011.324]}}, {"type": "Feature", "properties": {"node_id": 5036, "node_type": "endpoint", "degree": 1, "link_types": "sidewalk"}, "geometry": {"type": "Point", "coordinates": [329585.4, 4699190.84]}}, {"type": "Feature", "properties": {"node_id": 5037, "node_type": "type_change", "degree": 2, "link_types": "crosswalk+sidewalk"}, "geometry": {"type": "Point", "coordinates": [329298.04, 4699194.52]}}, {"type": "Feature", "properties": {"node_id": 5038, "node_type": "endpoint", "degree": 1, "link_types": "sidewalk"}, "geometry": {"type": "Point", "coordinates": [329304.76, 4699203.48]}}, {"type": "Feature", "properties": {"node_id": 5039, "node_type": "endpoint", "degree": 1, "link_types": "sidewalk"}, "geometry": {"type": "Point", "coordinates": [329999.64, 4698285.88]}}, {"type": "Feature", "properties": {"node_id": 5040, "node_type": "type_change", "degree": 2, "link_types": "midblock+sidewalk"}, "geometry": {"type": "Point", "coordinates": [329982.01, 4698289.954]}}, {"type": "Feature", "properties": {"node_id": 5041, "node_type": "type_change", "degree": 2, "link_types": "midblock+sidewalk"}, "geometry": {"type": "Point", "coordinates": [329981.059, 4698290.077]}}, {"type": "Feature", "properties": {"node_id": 5042, "node_type": "type_change", "degree": 2, "link_types": "midblock+sidewalk"}, "geometry": {"type": "Point", "coordinates": [329979.395, 4698290.29]}}, {"type": "Feature", "properties": {"node_id": 5043, "node_type": "type_change", "degree": 2, "link_types": "midblock+sidewalk"}, "geometry": {"type": "Point", "coordinates": [329977.176, 4698290.575]}}, {"type": "Feature", "properties": {"node_id": 5044, "node_type": "type_change", "degree": 2, "link_types": "midblock+sidewalk"}, "geometry": {"type": "Point", "coordinates": [329954.906, 4698293.437]}}, {"type": "Feature", "properties": {"node_id": 5045, "node_type": "type_change", "degree": 2, "link_types": "midblock+sidewalk"}, "geometry": {"type": "Point", "coordinates": [329950.157, 4698294.94]}}, {"type": "Feature", "properties": {"node_id": 5046, "node_type": "endpoint", "degree": 1, "link_types": "sidewalk"}, "geometry": {"type": "Point", "coordinates": [329946.84, 4698296.28]}}, {"type": "Feature", "properties": {"node_id": 5047, "node_type": "type_change", "degree": 2, "link_types": "midblock+sidewalk"}, "geometry": {"type": "Point", "coordinates": [329885.759, 4698141.69]}}, {"type": "Feature", "properties": {"node_id": 5048, "node_type": "type_change", "degree": 2, "link_types": "midblock+sidewalk"}, "geometry": {"type": "Point", "coordinates": [329884.083, 4698141.676]}}, {"type": "Feature", "properties": {"node_id": 5049, "node_type": "type_change", "degree": 2, "link_types": "midblock+sidewalk"}, "geometry": {"type": "Point", "coordinates": [329858.869, 4698140.506]}}, {"type": "Feature", "properties": {"node_id": 5050, "node_type": "type_change", "degree": 2, "link_types": "midblock+sidewalk"}, "geometry": {"type": "Point", "coordinates": [329849.566, 4698140.169]}}, {"type": "Feature", "properties": {"node_id": 5051, "node_type": "type_change", "degree": 2, "link_types": "crosswalk+sidewalk"}, "geometry": {"type": "Point", "coordinates": [329835.48, 4698140.68]}}, {"type": "Feature", "properties": {"node_id": 5052, "node_type": "endpoint", "degree": 1, "link_types": "sidewalk"}, "geometry": {"type": "Point", "coordinates": [329846.76, 4698280.52]}}, {"type": "Feature", "properties": {"node_id": 5053, "node_type": "type_change", "degree": 2, "link_types": "midblock+sidewalk"}, "geometry": {"type": "Point", "coordinates": [329850.373, 4698281.522]}}, {"type": "Feature", "properties": {"node_id": 5054, "node_type": "type_change", "degree": 2, "link_types": "midblock+sidewalk"}, "geometry": {"type": "Point", "coordinates": [329855.07, 4698281.876]}}, {"type": "Feature", "properties": {"node_id": 5055, "node_type": "type_change", "degree": 2, "link_types": "midblock+sidewalk"}, "geometry": {"type": "Point", "coordinates": [329856.108, 4698281.939]}}, {"type": "Feature", "properties": {"node_id": 5056, "node_type": "type_change", "degree": 2, "link_types": "midblock+sidewalk"}, "geometry": {"type": "Point", "coordinates": [329859.94, 4698282.174]}}, {"type": "Feature", "properties": {"node_id": 5057, "node_type": "type_change", "degree": 2, "link_types": "midblock+sidewalk"}, "geometry": {"type": "Point", "coordinates": [329879.738, 4698283.383]}}, {"type": "Feature", "properties": {"node_id": 5058, "node_type": "type_change", "degree": 2, "link_types": "midblock+sidewalk"}, "geometry": {"type": "Point", "coordinates": [329887.648, 4698283.521]}}, {"type": "Feature", "properties": {"node_id": 5059, "node_type": "type_change", "degree": 2, "link_types": "pseudo+sidewalk"}, "geometry": {"type": "Point", "coordinates": [328529.24, 4699086.04]}}, {"type": "Feature", "properties": {"node_id": 5060, "node_type": "type_change", "degree": 2, "link_types": "crosswalk+pseudo"}, "geometry": {"type": "Point", "coordinates": [328530.36, 4699086.12]}}, {"type": "Feature", "properties": {"node_id": 5061, "node_type": "type_change", "degree": 2, "link_types": "crosswalk+pseudo"}, "geometry": {"type": "Point", "coordinates": [328534.6, 4699074.84]}}, {"type": "Feature", "properties": {"node_id": 5062, "node_type": "type_change", "degree": 2, "link_types": "midblock+sidewalk"}, "geometry": {"type": "Point", "coordinates": [329118.368, 4699492.361]}}, {"type": "Feature", "properties": {"node_id": 5063, "node_type": "type_change", "degree": 2, "link_types": "midblock+sidewalk"}, "geometry": {"type": "Point", "coordinates": [329075.596, 4699488.612]}}, {"type": "Feature", "properties": {"node_id": 5064, "node_type": "type_change", "degree": 2, "link_types": "midblock+sidewalk"}, "geometry": {"type": "Point", "coordinates": [329067.0, 4699487.833]}}, {"type": "Feature", "properties": {"node_id": 5065, "node_type": "type_change", "degree": 2, "link_types": "midblock+sidewalk"}, "geometry": {"type": "Point", "coordinates": [329063.021, 4699487.472]}}, {"type": "Feature", "properties": {"node_id": 5066, "node_type": "type_change", "degree": 2, "link_types": "midblock+sidewalk"}, "geometry": {"type": "Point", "coordinates": [329054.903, 4699486.736]}}, {"type": "Feature", "properties": {"node_id": 5067, "node_type": "endpoint", "degree": 1, "link_types": "pseudo"}, "geometry": {"type": "Point", "coordinates": [328816.28, 4699229.72]}}], "crs": {"type": "name", "properties": {"name": "EPSG:6348"}}}