{"type": "FeatureCollection", "crs": {"type": "name", "properties": {"name": "urn:ogc:def:crs:EPSG::32619"}}, "features": [{"type": "Feature", "properties": {"id": 0, "gap_m": 0.5, "facing": 0.7, "along": 5.0, "lat_m": 0.04, "line_a": 2445, "line_b": 2446, "type_a": "BikeOnly", "type_b": "BikeOnly", "crossing": 0}, "geometry": {"type": "LineString", "coordinates": [[327799.1875, 4691177.5], [327799.0625, 4691178.0]]}}, {"type": "Feature", "properties": {"id": 1, "gap_m": 0.5, "facing": 0.1, "along": 1.4, "lat_m": 0.01, "line_a": 2432, "line_b": 2443, "type_a": "BikeOnly", "type_b": "BikeOnly", "crossing": 0}, "geometry": {"type": "LineString", "coordinates": [[327687.59375, 4691509.0], [327687.75, 4691508.5]]}}, {"type": "Feature", "properties": {"id": 2, "gap_m": 0.6, "facing": 2.0, "along": 0.1, "lat_m": 0.0, "line_a": 1642, "line_b": 1643, "type_a": "BikeOnly", "type_b": "BikeOnly", "crossing": 0}, "geometry": {"type": "LineString", "coordinates": [[325381.5, 4689158.0], [325381.8125, 4689157.5]]}}, {"type": "Feature", "properties": {"id": 3, "gap_m": 1.0, "facing": 0.6, "along": 6.9, "lat_m": 0.12, "line_a": 2105, "line_b": 2106, "type_a": "BikeOnly", "type_b": "BikeOnly", "crossing": 0}, "geometry": {"type": "LineString", "coordinates": [[326639.09375, 4684071.0], [326640.0, 4684071.5]]}}, {"type": "Feature", "properties": {"id": 4, "gap_m": 1.1, "facing": 1.6, "along": 5.2, "lat_m": 0.1, "line_a": 293, "line_b": 294, "type_a": "Sharrow", "type_b": "Sharrow", "crossing": 0}, "geometry": {"type": "LineString", "coordinates": [[336072.0, 4693196.0], [336072.4375, 4693195.0]]}}, {"type": "Feature", "properties": {"id": 5, "gap_m": 1.2, "facing": 0.1, "along": 5.1, "lat_m": 0.1, "line_a": 1988, "line_b": 1991, "type_a": "BikeOnly", "type_b": "BikeOnly", "crossing": 0}, "geometry": {"type": "LineString", "coordinates": [[326254.1875, 4678937.0], [326253.59375, 4678936.0]]}}, {"type": "Feature", "properties": {"id": 6, "gap_m": 1.2, "facing": 0.5, "along": 6.2, "lat_m": 0.12, "line_a": 2328, "line_b": 2333, "type_a": "BikeOnly", "type_b": "BikeOnly", "crossing": 0}, "geometry": {"type": "LineString", "coordinates": [[327361.34375, 4684504.5], [327361.9375, 4684505.5]]}}, {"type": "Feature", "properties": {"id": 7, "gap_m": 1.2, "facing": 2.5, "along": 0.5, "lat_m": 0.01, "line_a": 2333, "line_b": 2334, "type_a": "BikeOnly", "type_b": "BikeOnly", "crossing": 0}, "geometry": {"type": "LineString", "coordinates": [[327368.5625, 4684514.5], [327369.3125, 4684515.5]]}}, {"type": "Feature", "properties": {"id": 8, "gap_m": 1.2, "facing": 0.3, "along": 0.8, "lat_m": 0.02, "line_a": 790, "line_b": 794, "type_a": "Sharrow", "type_b": "Sharrow", "crossing": 0}, "geometry": {"type": "LineString", "coordinates": [[322552.34375, 4689635.5], [322553.09375, 4689634.5]]}}, {"type": "Feature", "properties": {"id": 9, "gap_m": 1.4, "facing": 6.9, "along": 1.4, "lat_m": 0.04, "line_a": 2599, "line_b": 2600, "type_a": "BikeOnly", "type_b": "BikeOnly", "crossing": 0}, "geometry": {"type": "LineString", "coordinates": [[328214.40625, 4680585.5], [328215.75, 4680585.0]]}}, {"type": "Feature", "properties": {"id": 10, "gap_m": 1.5, "facing": 1.2, "along": 2.3, "lat_m": 0.06, "line_a": 164, "line_b": 170, "type_a": "BikeOnly", "type_b": "BikeOnly", "crossing": 0}, "geometry": {"type": "LineString", "coordinates": [[335613.4375, 4678529.5], [335614.8125, 4678529.0]]}}, {"type": "Feature", "properties": {"id": 11, "gap_m": 1.5, "facing": 0.1, "along": 0.2, "lat_m": 0.01, "line_a": 3542, "line_b": 3548, "type_a": "Sharrow", "type_b": "Sharrow", "crossing": 0}, "geometry": {"type": "LineString", "coordinates": [[332115.59375, 4695800.5], [332115.90625, 4695799.0]]}}, {"type": "Feature", "properties": {"id": 12, "gap_m": 1.6, "facing": 0.3, "along": 5.7, "lat_m": 0.16, "line_a": 3548, "line_b": 3549, "type_a": "Sharrow", "type_b": "Sharrow", "crossing": 0}, "geometry": {"type": "LineString", "coordinates": [[332120.84375, 4695775.0], [332121.3125, 4695773.5]]}}, {"type": "Feature", "properties": {"id": 13, "gap_m": 1.7, "facing": 0.2, "along": 10.8, "lat_m": 0.31, "line_a": 1810, "line_b": 1817, "type_a": "BikeOnly", "type_b": "BikeOnly", "crossing": 0}, "geometry": {"type": "LineString", "coordinates": [[325983.90625, 4690902.5], [325982.25, 4690902.5]]}}, {"type": "Feature", "properties": {"id": 14, "gap_m": 1.7, "facing": 6.2, "along": 2.7, "lat_m": 0.08, "line_a": 2941, "line_b": 3125, "type_a": "BikeOnly", "type_b": "BikeOnly", "crossing": 0}, "geometry": {"type": "LineString", "coordinates": [[329095.5, 4689877.5], [329096.84375, 4689878.5]]}}, {"type": "Feature", "properties": {"id": 15, "gap_m": 1.7, "facing": 5.4, "along": 0.3, "lat_m": 0.01, "line_a": 3262, "line_b": 3362, "type_a": "Sharrow", "type_b": "Sharrow", "crossing": 0}, "geometry": {"type": "LineString", "coordinates": [[330117.90625, 4683673.5], [330116.25, 4683673.0]]}}, {"type": "Feature", "properties": {"id": 16, "gap_m": 1.8, "facing": 0.4, "along": 5.1, "lat_m": 0.16, "line_a": 2330, "line_b": 2340, "type_a": "BikeOnly", "type_b": "BikeOnly", "crossing": 0}, "geometry": {"type": "LineString", "coordinates": [[327129.0, 4684538.5], [327129.90625, 4684537.0]]}}, {"type": "Feature", "properties": {"id": 17, "gap_m": 1.9, "facing": 1.6, "along": 0.3, "lat_m": 0.01, "line_a": 304, "line_b": 305, "type_a": "BikeOnly", "type_b": "BikeOnly", "crossing": 0}, "geometry": {"type": "LineString", "coordinates": [[337553.40625, 4678864.0], [337551.59375, 4678864.5]]}}, {"type": "Feature", "properties": {"id": 18, "gap_m": 1.9, "facing": 7.2, "along": 3.7, "lat_m": 0.13, "line_a": 600, "line_b": 607, "type_a": "Sharrow", "type_b": "Sharrow", "crossing": 0}, "geometry": {"type": "LineString", "coordinates": [[348788.25, 4680973.5], [348786.3125, 4680973.5]]}}, {"type": "Feature", "properties": {"id": 19, "gap_m": 2.0, "facing": 4.4, "along": 4.0, "lat_m": 0.14, "line_a": 2637, "line_b": 2649, "type_a": "BikeOnly", "type_b": "BikeOnly", "crossing": 0}, "geometry": {"type": "LineString", "coordinates": [[328392.0, 4694240.5], [328390.0625, 4694240.0]]}}, {"type": "Feature", "properties": {"id": 20, "gap_m": 2.0, "facing": 1.0, "along": 0.8, "lat_m": 0.03, "line_a": 3069, "line_b": 3073, "type_a": "BikeOnly", "type_b": "BikeOnly", "crossing": 0}, "geometry": {"type": "LineString", "coordinates": [[329100.90625, 4696921.0], [329100.75, 4696919.0]]}}, {"type": "Feature", "properties": {"id": 21, "gap_m": 2.0, "facing": 0.1, "along": 6.7, "lat_m": 0.24, "line_a": 1327, "line_b": 1330, "type_a": "BikeOnly", "type_b": "BikeOnly", "crossing": 0}, "geometry": {"type": "LineString", "coordinates": [[324849.59375, 4694481.5], [324850.9375, 4694480.0]]}}, {"type": "Feature", "properties": {"id": 22, "gap_m": 2.0, "facing": 2.5, "along": 12.0, "lat_m": 0.42, "line_a": 1937, "line_b": 1940, "type_a": "BikeOnly", "type_b": "BikeOnly", "crossing": 0}, "geometry": {"type": "LineString", "coordinates": [[325695.4375, 4683350.5], [325693.65625, 4683349.5]]}}, {"type": "Feature", "properties": {"id": 23, "gap_m": 2.1, "facing": 0.9, "along": 7.7, "lat_m": 0.28, "line_a": 349, "line_b": 354, "type_a": "BikeOnly", "type_b": "BikeOnly", "crossing": 0}, "geometry": {"type": "LineString", "coordinates": [[337907.84375, 4678753.0], [337909.65625, 4678752.0]]}}, {"type": "Feature", "properties": {"id": 24, "gap_m": 2.3, "facing": 2.6, "along": 2.7, "lat_m": 0.11, "line_a": 511, "line_b": 513, "type_a": "BikeOnly", "type_b": "BikeOnly", "crossing": 0}, "geometry": {"type": "LineString", "coordinates": [[321345.15625, 4678786.0], [321346.1875, 4678784.0]]}}, {"type": "Feature", "properties": {"id": 25, "gap_m": 2.5, "facing": 0.3, "along": 9.8, "lat_m": 0.43, "line_a": 1887, "line_b": 1889, "type_a": "BikeOnly", "type_b": "Sharrow", "crossing": 0}, "geometry": {"type": "LineString", "coordinates": [[325714.65625, 4696380.0], [325716.15625, 4696382.0]]}}, {"type": "Feature", "properties": {"id": 26, "gap_m": 2.6, "facing": 0.1, "along": 9.7, "lat_m": 0.44, "line_a": 1649, "line_b": 1652, "type_a": "BikeOnly", "type_b": "BikeOnly", "crossing": 0}, "geometry": {"type": "LineString", "coordinates": [[325558.9375, 4688717.0], [325561.5, 4688716.5]]}}, {"type": "Feature", "properties": {"id": 27, "gap_m": 2.6, "facing": 1.1, "along": 2.3, "lat_m": 0.11, "line_a": 2612, "line_b": 2615, "type_a": "BikeOnly", "type_b": "BikeOnly", "crossing": 0}, "geometry": {"type": "LineString", "coordinates": [[328496.6875, 4696131.5], [328495.8125, 4696129.0]]}}, {"type": "Feature", "properties": {"id": 28, "gap_m": 2.8, "facing": 2.3, "along": 8.7, "lat_m": 0.42, "line_a": 504, "line_b": 510, "type_a": "BikeOnly", "type_b": "BikeOnly", "crossing": 0}, "geometry": {"type": "LineString", "coordinates": [[321262.5, 4678885.5], [321264.4375, 4678883.5]]}}, {"type": "Feature", "properties": {"id": 29, "gap_m": 2.9, "facing": 0.5, "along": 0.6, "lat_m": 0.03, "line_a": 1759, "line_b": 1767, "type_a": "BikeOnly", "type_b": "BikeOnly", "crossing": 0}, "geometry": {"type": "LineString", "coordinates": [[325907.84375, 4695092.5], [325909.34375, 4695095.0]]}}, {"type": "Feature", "properties": {"id": 30, "gap_m": 3.0, "facing": 2.1, "along": 8.5, "lat_m": 0.45, "line_a": 2634, "line_b": 2872, "type_a": "BikeOnly", "type_b": "BikeOnly", "crossing": 0}, "geometry": {"type": "LineString", "coordinates": [[328518.75, 4694898.5], [328521.59375, 4694897.5]]}}, {"type": "Feature", "properties": {"id": 31, "gap_m": 3.0, "facing": 4.4, "along": 8.7, "lat_m": 0.46, "line_a": 693, "line_b": 694, "type_a": "BikeOnly", "type_b": "BikeOnly", "crossing": 0}, "geometry": {"type": "LineString", "coordinates": [[321921.75, 4689109.0], [321918.75, 4689109.5]]}}, {"type": "Feature", "properties": {"id": 32, "gap_m": 3.1, "facing": 1.1, "along": 0.3, "lat_m": 0.02, "line_a": 177, "line_b": 180, "type_a": "Sharrow", "type_b": "Sharrow", "crossing": 0}, "geometry": {"type": "LineString", "coordinates": [[335541.75, 4694284.5], [335539.0625, 4694286.0]]}}, {"type": "Feature", "properties": {"id": 33, "gap_m": 3.1, "facing": 7.4, "along": 5.2, "lat_m": 0.28, "line_a": 97, "line_b": 98, "type_a": "BikeOnly", "type_b": "BikeOnly", "crossing": 0}, "geometry": {"type": "LineString", "coordinates": [[334518.90625, 4680827.0], [334516.1875, 4680828.5]]}}, {"type": "Feature", "properties": {"id": 34, "gap_m": 3.2, "facing": 7.2, "along": 2.8, "lat_m": 0.15, "line_a": 165, "line_b": 167, "type_a": "BikeOnly", "type_b": "BikeOnly", "crossing": 0}, "geometry": {"type": "LineString", "coordinates": [[335904.90625, 4678442.5], [335907.90625, 4678441.5]]}}, {"type": "Feature", "properties": {"id": 35, "gap_m": 3.2, "facing": 0.3, "along": 4.6, "lat_m": 0.26, "line_a": 470, "line_b": 483, "type_a": "BikeOnly", "type_b": "BikeOnly", "crossing": 0}, "geometry": {"type": "LineString", "coordinates": [[344962.65625, 4684257.5], [344961.59375, 4684260.5]]}}, {"type": "Feature", "properties": {"id": 36, "gap_m": 3.2, "facing": 0.4, "along": 0.9, "lat_m": 0.05, "line_a": 742, "line_b": 749, "type_a": "BikeOnly", "type_b": "BikeOnly", "crossing": 0}, "geometry": {"type": "LineString", "coordinates": [[322217.25, 4692328.5], [322214.09375, 4692329.0]]}}, {"type": "Feature", "properties": {"id": 37, "gap_m": 3.2, "facing": 3.3, "along": 9.3, "lat_m": 0.52, "line_a": 2111, "line_b": 2120, "type_a": "BikeOnly", "type_b": "BikeOnly", "crossing": 0}, "geometry": {"type": "LineString", "coordinates": [[326390.84375, 4683914.5], [326393.6875, 4683916.0]]}}, {"type": "Feature", "properties": {"id": 38, "gap_m": 3.4, "facing": 2.7, "along": 8.0, "lat_m": 0.46, "line_a": 179, "line_b": 182, "type_a": "BikeOnly", "type_b": "BikeOnly", "crossing": 0}, "geometry": {"type": "LineString", "coordinates": [[335656.34375, 4694221.0], [335653.34375, 4694222.5]]}}, {"type": "Feature", "properties": {"id": 39, "gap_m": 3.4, "facing": 2.6, "along": 3.5, "lat_m": 0.2, "line_a": 1682, "line_b": 1684, "type_a": "BikeOnly", "type_b": "BikeOnly", "crossing": 0}, "geometry": {"type": "LineString", "coordinates": [[325546.9375, 4696631.5], [325549.65625, 4696629.5]]}}, {"type": "Feature", "properties": {"id": 40, "gap_m": 3.4, "facing": 0.6, "along": 5.2, "lat_m": 0.31, "line_a": 2874, "line_b": 2879, "type_a": "BikeOnly", "type_b": "BikeOnly", "crossing": 0}, "geometry": {"type": "LineString", "coordinates": [[328631.84375, 4694849.0], [328628.5625, 4694850.0]]}}, {"type": "Feature", "properties": {"id": 41, "gap_m": 3.5, "facing": 2.7, "along": 2.2, "lat_m": 0.13, "line_a": 242, "line_b": 244, "type_a": "BikeOnly", "type_b": "BikeOnly", "crossing": 0}, "geometry": {"type": "LineString", "coordinates": [[319981.8125, 4688903.5], [319985.25, 4688904.0]]}}, {"type": "Feature", "properties": {"id": 42, "gap_m": 3.5, "facing": 5.0, "along": 3.7, "lat_m": 0.23, "line_a": 1938, "line_b": 1940, "type_a": "BikeOnly", "type_b": "BikeOnly", "crossing": 0}, "geometry": {"type": "LineString", "coordinates": [[325680.90625, 4683338.0], [325683.75, 4683340.0]]}}, {"type": "Feature", "properties": {"id": 43, "gap_m": 3.5, "facing": 10.5, "along": 4.7, "lat_m": 0.29, "line_a": 3248, "line_b": 3249, "type_a": "BikeOnly", "type_b": "BikeOnly", "crossing": 0}, "geometry": {"type": "LineString", "coordinates": [[330215.09375, 4687380.0], [330211.9375, 4687381.5]]}}, {"type": "Feature", "properties": {"id": 44, "gap_m": 3.5, "facing": 4.8, "along": 9.1, "lat_m": 0.55, "line_a": 310, "line_b": 320, "type_a": "Sharrow", "type_b": "Sharrow", "crossing": 0}, "geometry": {"type": "LineString", "coordinates": [[337328.6875, 4693879.5], [337328.6875, 4693876.0]]}}, {"type": "Feature", "properties": {"id": 45, "gap_m": 3.5, "facing": 0.8, "along": 0.6, "lat_m": 0.04, "line_a": 3007, "line_b": 3009, "type_a": "BikeOnly", "type_b": "BikeOnly", "crossing": 0}, "geometry": {"type": "LineString", "coordinates": [[329144.6875, 4697635.5], [329144.5625, 4697632.0]]}}, {"type": "Feature", "properties": {"id": 46, "gap_m": 3.6, "facing": 0.7, "along": 1.4, "lat_m": 0.09, "line_a": 2650, "line_b": 2657, "type_a": "BikeOnly", "type_b": "BikeOnly", "crossing": 0}, "geometry": {"type": "LineString", "coordinates": [[328016.6875, 4693928.5], [328016.09375, 4693932.0]]}}, {"type": "Feature", "properties": {"id": 47, "gap_m": 3.6, "facing": 2.9, "along": 1.0, "lat_m": 0.06, "line_a": 1604, "line_b": 1621, "type_a": "BikeOnly", "type_b": "BikeOnly", "crossing": 0}, "geometry": {"type": "LineString", "coordinates": [[325142.5625, 4690149.0], [325144.5, 4690152.0]]}}, {"type": "Feature", "properties": {"id": 48, "gap_m": 3.6, "facing": 0.4, "along": 1.0, "lat_m": 0.06, "line_a": 41, "line_b": 48, "type_a": "BikeOnly", "type_b": "BikeOnly", "crossing": 0}, "geometry": {"type": "LineString", "coordinates": [[318223.34375, 4688605.0], [318224.09375, 4688601.5]]}}, {"type": "Feature", "properties": {"id": 49, "gap_m": 3.6, "facing": 0.1, "along": 1.9, "lat_m": 0.12, "line_a": 2337, "line_b": 2549, "type_a": "BikeOnly", "type_b": "BikeOnly", "crossing": 0}, "geometry": {"type": "LineString", "coordinates": [[327388.9375, 4684505.5], [327390.90625, 4684508.5]]}}, {"type": "Feature", "properties": {"id": 50, "gap_m": 3.6, "facing": 0.2, "along": 2.2, "lat_m": 0.14, "line_a": 1941, "line_b": 1944, "type_a": "BikeOnly", "type_b": "BikeOnly", "crossing": 0}, "geometry": {"type": "LineString", "coordinates": [[325828.34375, 4682579.5], [325825.34375, 4682581.5]]}}, {"type": "Feature", "properties": {"id": 51, "gap_m": 3.6, "facing": 0.7, "along": 0.3, "lat_m": 0.02, "line_a": 2164, "line_b": 2166, "type_a": "BikeOnly", "type_b": "BikeOnly", "crossing": 0}, "geometry": {"type": "LineString", "coordinates": [[326943.15625, 4695986.0], [326946.4375, 4695984.5]]}}, {"type": "Feature", "properties": {"id": 52, "gap_m": 3.6, "facing": 1.2, "along": 0.5, "lat_m": 0.03, "line_a": 1603, "line_b": 1629, "type_a": "BikeOnly", "type_b": "BikeOnly", "crossing": 0}, "geometry": {"type": "LineString", "coordinates": [[325200.75, 4690251.0], [325199.84375, 4690247.5]]}}, {"type": "Feature", "properties": {"id": 53, "gap_m": 3.6, "facing": 0.2, "along": 1.7, "lat_m": 0.11, "line_a": 1835, "line_b": 1837, "type_a": "Sharrow", "type_b": "Sharrow", "crossing": 0}, "geometry": {"type": "LineString", "coordinates": [[326024.09375, 4688699.0], [326025.0, 4688695.5]]}}, {"type": "Feature", "properties": {"id": 54, "gap_m": 3.6, "facing": 0.8, "along": 7.7, "lat_m": 0.49, "line_a": 1038, "line_b": 1043, "type_a": "BikeOnly", "type_b": "BikeOnly", "crossing": 0}, "geometry": {"type": "LineString", "coordinates": [[323620.9375, 4689538.5], [323617.34375, 4689538.0]]}}, {"type": "Feature", "properties": {"id": 55, "gap_m": 3.6, "facing": 0.5, "along": 2.6, "lat_m": 0.17, "line_a": 24, "line_b": 26, "type_a": "BikeOnly", "type_b": "BikeOnly", "crossing": 0}, "geometry": {"type": "LineString", "coordinates": [[318116.84375, 4689199.5], [318115.8125, 4689196.0]]}}, {"type": "Feature", "properties": {"id": 56, "gap_m": 3.7, "facing": 0.2, "along": 2.7, "lat_m": 0.17, "line_a": 1329, "line_b": 1339, "type_a": "BikeOnly", "type_b": "BikeOnly", "crossing": 0}, "geometry": {"type": "LineString", "coordinates": [[324502.1875, 4694374.0], [324499.5, 4694371.5]]}}, {"type": "Feature", "properties": {"id": 57, "gap_m": 3.7, "facing": 0.1, "along": 2.0, "lat_m": 0.13, "line_a": 839, "line_b": 852, "type_a": "BikeOnly", "type_b": "BikeOnly", "crossing": 0}, "geometry": {"type": "LineString", "coordinates": [[323304.3125, 4693798.5], [323305.5, 4693795.0]]}}, {"type": "Feature", "properties": {"id": 58, "gap_m": 3.7, "facing": 2.5, "along": 0.5, "lat_m": 0.03, "line_a": 353, "line_b": 380, "type_a": "BikeOnly", "type_b": "BikeOnly", "crossing": 0}, "geometry": {"type": "LineString", "coordinates": [[338195.6875, 4678581.5], [338192.09375, 4678582.5]]}}, {"type": "Feature", "properties": {"id": 59, "gap_m": 3.7, "facing": 0.3, "along": 1.8, "lat_m": 0.11, "line_a": 862, "line_b": 863, "type_a": "BikeOnly", "type_b": "BikeOnly", "crossing": 0}, "geometry": {"type": "LineString", "coordinates": [[323016.59375, 4696838.0], [323020.1875, 4696839.0]]}}, {"type": "Feature", "properties": {"id": 60, "gap_m": 3.7, "facing": 0.2, "along": 3.8, "lat_m": 0.25, "line_a": 1945, "line_b": 1948, "type_a": "BikeOnly", "type_b": "BikeOnly", "crossing": 0}, "geometry": {"type": "LineString", "coordinates": [[325787.09375, 4682622.5], [325790.25, 4682620.5]]}}, {"type": "Feature", "properties": {"id": 61, "gap_m": 3.8, "facing": 1.6, "along": 0.2, "lat_m": 0.01, "line_a": 1974, "line_b": 1979, "type_a": "BikeOnly", "type_b": "BikeOnly", "crossing": 0}, "geometry": {"type": "LineString", "coordinates": [[326746.8125, 4696076.0], [326750.25, 4696074.5]]}}, {"type": "Feature", "properties": {"id": 62, "gap_m": 3.8, "facing": 0.2, "along": 4.4, "lat_m": 0.29, "line_a": 2884, "line_b": 2889, "type_a": "BikeOnly", "type_b": "BikeOnly", "crossing": 0}, "geometry": {"type": "LineString", "coordinates": [[328589.5625, 4694288.0], [328593.3125, 4694288.5]]}}, {"type": "Feature", "properties": {"id": 63, "gap_m": 3.9, "facing": 3.2, "along": 10.1, "lat_m": 0.68, "line_a": 2724, "line_b": 2727, "type_a": "BikeOnly", "type_b": "BikeOnly", "crossing": 0}, "geometry": {"type": "LineString", "coordinates": [[328053.4375, 4688956.0], [328056.75, 4688954.0]]}}, {"type": "Feature", "properties": {"id": 64, "gap_m": 3.9, "facing": 2.4, "along": 0.5, "lat_m": 0.03, "line_a": 2584, "line_b": 2818, "type_a": "BikeOnly", "type_b": "BikeOnly", "crossing": 0}, "geometry": {"type": "LineString", "coordinates": [[328526.84375, 4697280.5], [328528.5, 4697277.0]]}}, {"type": "Feature", "properties": {"id": 65, "gap_m": 3.9, "facing": 2.4, "along": 0.6, "lat_m": 0.04, "line_a": 2838, "line_b": 2847, "type_a": "BikeOnly", "type_b": "BikeOnly", "crossing": 0}, "geometry": {"type": "LineString", "coordinates": [[328608.90625, 4680604.5], [328605.15625, 4680603.5]]}}, {"type": "Feature", "properties": {"id": 66, "gap_m": 3.9, "facing": 1.2, "along": 1.7, "lat_m": 0.11, "line_a": 1887, "line_b": 1897, "type_a": "BikeOnly", "type_b": "BikeOnly", "crossing": 0}, "geometry": {"type": "LineString", "coordinates": [[325663.65625, 4696332.5], [325660.65625, 4696330.0]]}}, {"type": "Feature", "properties": {"id": 67, "gap_m": 3.9, "facing": 1.6, "along": 3.0, "lat_m": 0.2, "line_a": 577, "line_b": 581, "type_a": "Sharrow", "type_b": "Sharrow", "crossing": 0}, "geometry": {"type": "LineString", "coordinates": [[347586.3125, 4680923.0], [347582.40625, 4680923.0]]}}, {"type": "Feature", "properties": {"id": 68, "gap_m": 3.9, "facing": 1.0, "along": 5.1, "lat_m": 0.35, "line_a": 937, "line_b": 944, "type_a": "BikeOnly", "type_b": "BikeOnly", "crossing": 0}, "geometry": {"type": "LineString", "coordinates": [[323583.75, 4695824.0], [323579.84375, 4695824.5]]}}, {"type": "Feature", "properties": {"id": 69, "gap_m": 4.0, "facing": 0.2, "along": 2.4, "lat_m": 0.17, "line_a": 2492, "line_b": 2512, "type_a": "BikeOnly", "type_b": "BikeOnly", "crossing": 0}, "geometry": {"type": "LineString", "coordinates": [[327847.65625, 4687463.5], [327851.09375, 4687461.5]]}}, {"type": "Feature", "properties": {"id": 70, "gap_m": 4.0, "facing": 2.0, "along": 0.9, "lat_m": 0.06, "line_a": 1172, "line_b": 1388, "type_a": "BikeOnly", "type_b": "BikeOnly", "crossing": 0}, "geometry": {"type": "LineString", "coordinates": [[324565.0625, 4689551.0], [324568.9375, 4689552.0]]}}, {"type": "Feature", "properties": {"id": 71, "gap_m": 4.0, "facing": 0.0, "along": 0.4, "lat_m": 0.03, "line_a": 1354, "line_b": 1355, "type_a": "BikeOnly", "type_b": "BikeOnly", "crossing": 0}, "geometry": {"type": "LineString", "coordinates": [[324925.65625, 4697077.5], [324922.1875, 4697079.5]]}}, {"type": "Feature", "properties": {"id": 72, "gap_m": 4.0, "facing": 0.8, "along": 0.8, "lat_m": 0.06, "line_a": 320, "line_b": 328, "type_a": "Sharrow", "type_b": "Sharrow", "crossing": 0}, "geometry": {"type": "LineString", "coordinates": [[337327.5, 4693816.5], [337327.8125, 4693812.5]]}}, {"type": "Feature", "properties": {"id": 73, "gap_m": 4.0, "facing": 0.4, "along": 1.0, "lat_m": 0.07, "line_a": 1931, "line_b": 1935, "type_a": "BikeOnly", "type_b": "BikeOnly", "crossing": 0}, "geometry": {"type": "LineString", "coordinates": [[325941.15625, 4683596.0], [325944.3125, 4683598.5]]}}, {"type": "Feature", "properties": {"id": 74, "gap_m": 4.0, "facing": 0.3, "along": 2.2, "lat_m": 0.15, "line_a": 3531, "line_b": 3536, "type_a": "BikeOnly", "type_b": "BikeOnly", "crossing": 0}, "geometry": {"type": "LineString", "coordinates": [[331791.3125, 4686517.0], [331788.15625, 4686519.5]]}}, {"type": "Feature", "properties": {"id": 75, "gap_m": 4.0, "facing": 2.9, "along": 7.1, "lat_m": 0.5, "line_a": 3495, "line_b": 3500, "type_a": "BikeOnly", "type_b": "BikeOnly", "crossing": 0}, "geometry": {"type": "LineString", "coordinates": [[331833.15625, 4690192.0], [331830.0, 4690194.5]]}}, {"type": "Feature", "properties": {"id": 76, "gap_m": 4.0, "facing": 2.2, "along": 3.5, "lat_m": 0.24, "line_a": 1610, "line_b": 1824, "type_a": "Sharrow", "type_b": "Sharrow", "crossing": 0}, "geometry": {"type": "LineString", "coordinates": [[325652.84375, 4690404.0], [325653.3125, 4690408.0]]}}, {"type": "Feature", "properties": {"id": 77, "gap_m": 4.0, "facing": 2.9, "along": 3.4, "lat_m": 0.24, "line_a": 801, "line_b": 803, "type_a": "BikeOnly", "type_b": "BikeOnly", "crossing": 0}, "geometry": {"type": "LineString", "coordinates": [[322452.15625, 4688953.0], [322454.84375, 4688956.0]]}}, {"type": "Feature", "properties": {"id": 78, "gap_m": 4.0, "facing": 1.7, "along": 5.5, "lat_m": 0.39, "line_a": 1731, "line_b": 1796, "type_a": "BikeOnly", "type_b": "Sharrow", "crossing": 0}, "geometry": {"type": "LineString", "coordinates": [[325668.4375, 4697388.5], [325665.75, 4697391.5]]}}, {"type": "Feature", "properties": {"id": 79, "gap_m": 4.0, "facing": 5.2, "along": 5.2, "lat_m": 0.37, "line_a": 128, "line_b": 132, "type_a": "BikeOnly", "type_b": "BikeOnly", "crossing": 0}, "geometry": {"type": "LineString", "coordinates": [[335384.40625, 4679472.5], [335388.4375, 4679472.5]]}}, {"type": "Feature", "properties": {"id": 80, "gap_m": 4.0, "facing": 0.8, "along": 0.2, "lat_m": 0.02, "line_a": 1998, "line_b": 2007, "type_a": "BikeOnly", "type_b": "BikeOnly", "crossing": 0}, "geometry": {"type": "LineString", "coordinates": [[326380.0625, 4694172.5], [326377.34375, 4694175.5]]}}, {"type": "Feature", "properties": {"id": 81, "gap_m": 4.1, "facing": 0.4, "along": 1.0, "lat_m": 0.07, "line_a": 30, "line_b": 40, "type_a": "BikeOnly", "type_b": "BikeOnly", "crossing": 0}, "geometry": {"type": "LineString", "coordinates": [[318206.6875, 4688688.5], [318207.4375, 4688684.5]]}}, {"type": "Feature", "properties": {"id": 82, "gap_m": 4.1, "facing": 0.3, "along": 1.8, "lat_m": 0.13, "line_a": 2577, "line_b": 2580, "type_a": "BikeOnly", "type_b": "BikeOnly", "crossing": 0}, "geometry": {"type": "LineString", "coordinates": [[328450.34375, 4697432.0], [328449.59375, 4697436.0]]}}, {"type": "Feature", "properties": {"id": 83, "gap_m": 4.1, "facing": 1.2, "along": 5.4, "lat_m": 0.38, "line_a": 3511, "line_b": 3517, "type_a": "BikeOnly", "type_b": "BikeOnly", "crossing": 0}, "geometry": {"type": "LineString", "coordinates": [[331901.25, 4686931.5], [331903.34375, 4686935.0]]}}, {"type": "Feature", "properties": {"id": 84, "gap_m": 4.1, "facing": 0.0, "along": 4.0, "lat_m": 0.29, "line_a": 61, "line_b": 63, "type_a": "BikeOnly", "type_b": "BikeOnly", "crossing": 0}, "geometry": {"type": "LineString", "coordinates": [[334200.75, 4680835.0], [334196.6875, 4680834.5]]}}, {"type": "Feature", "properties": {"id": 85, "gap_m": 4.1, "facing": 0.9, "along": 0.4, "lat_m": 0.03, "line_a": 2530, "line_b": 2532, "type_a": "BikeOnly", "type_b": "BikeOnly", "crossing": 0}, "geometry": {"type": "LineString", "coordinates": [[327771.15625, 4686109.5], [327774.0, 4686106.5]]}}, {"type": "Feature", "properties": {"id": 86, "gap_m": 4.1, "facing": 2.7, "along": 5.5, "lat_m": 0.4, "line_a": 2213, "line_b": 2216, "type_a": "BikeOnly", "type_b": "BikeOnly", "crossing": 0}, "geometry": {"type": "LineString", "coordinates": [[327096.59375, 4693343.0], [327099.4375, 4693340.0]]}}, {"type": "Feature", "properties": {"id": 87, "gap_m": 4.2, "facing": 0.4, "along": 3.7, "lat_m": 0.27, "line_a": 2254, "line_b": 2259, "type_a": "BikeOnly", "type_b": "BikeOnly", "crossing": 0}, "geometry": {"type": "LineString", "coordinates": [[326882.84375, 4690728.5], [326878.8125, 4690729.5]]}}, {"type": "Feature", "properties": {"id": 88, "gap_m": 4.2, "facing": 4.3, "along": 0.6, "lat_m": 0.04, "line_a": 2431, "line_b": 2435, "type_a": "BikeOnly", "type_b": "BikeOnly", "crossing": 0}, "geometry": {"type": "LineString", "coordinates": [[327567.3125, 4691809.5], [327565.0625, 4691813.0]]}}, {"type": "Feature", "properties": {"id": 89, "gap_m": 4.2, "facing": 1.9, "along": 5.4, "lat_m": 0.39, "line_a": 775, "line_b": 791, "type_a": "Sharrow", "type_b": "Sharrow", "crossing": 0}, "geometry": {"type": "LineString", "coordinates": [[322733.25, 4689767.5], [322731.0, 4689764.0]]}}, {"type": "Feature", "properties": {"id": 90, "gap_m": 4.2, "facing": 0.7, "along": 0.7, "lat_m": 0.05, "line_a": 962, "line_b": 1115, "type_a": "BikeOnly", "type_b": "BikeOnly", "crossing": 0}, "geometry": {"type": "LineString", "coordinates": [[323930.84375, 4694309.5], [323934.90625, 4694310.5]]}}, {"type": "Feature", "properties": {"id": 91, "gap_m": 4.2, "facing": 1.2, "along": 3.4, "lat_m": 0.25, "line_a": 2644, "line_b": 2649, "type_a": "BikeOnly", "type_b": "BikeOnly", "crossing": 0}, "geometry": {"type": "LineString", "coordinates": [[328359.75, 4694235.0], [328363.8125, 4694236.0]]}}, {"type": "Feature", "properties": {"id": 92, "gap_m": 4.2, "facing": 0.0, "along": 4.0, "lat_m": 0.29, "line_a": 3015, "line_b": 3180, "type_a": "Sharrow", "type_b": "Sharrow", "crossing": 0}, "geometry": {"type": "LineString", "coordinates": [[329786.84375, 4680464.0], [329790.90625, 4680465.0]]}}, {"type": "Feature", "properties": {"id": 93, "gap_m": 4.2, "facing": 0.2, "along": 4.8, "lat_m": 0.35, "line_a": 2697, "line_b": 2934, "type_a": "BikeOnly", "type_b": "BikeOnly", "crossing": 0}, "geometry": {"type": "LineString", "coordinates": [[328562.6875, 4690862.5], [328566.75, 4690863.5]]}}, {"type": "Feature", "properties": {"id": 94, "gap_m": 4.2, "facing": 3.7, "along": 7.2, "lat_m": 0.52, "line_a": 72, "line_b": 75, "type_a": "BikeOnly", "type_b": "BikeOnly", "crossing": 0}, "geometry": {"type": "LineString", "coordinates": [[333833.84375, 4678981.5], [333837.75, 4678980.0]]}}, {"type": "Feature", "properties": {"id": 95, "gap_m": 4.2, "facing": 0.2, "along": 0.6, "lat_m": 0.04, "line_a": 2916, "line_b": 2919, "type_a": "BikeOnly", "type_b": "BikeOnly", "crossing": 0}, "geometry": {"type": "LineString", "coordinates": [[329083.1875, 4691991.0], [329079.0, 4691991.5]]}}, {"type": "Feature", "properties": {"id": 96, "gap_m": 4.2, "facing": 1.1, "along": 2.7, "lat_m": 0.2, "line_a": 1119, "line_b": 1125, "type_a": "BikeOnly", "type_b": "BikeOnly", "crossing": 0}, "geometry": {"type": "LineString", "coordinates": [[324395.6875, 4694326.5], [324391.5, 4694327.0]]}}, {"type": "Feature", "properties": {"id": 97, "gap_m": 4.2, "facing": 1.1, "along": 3.3, "lat_m": 0.24, "line_a": 1580, "line_b": 1586, "type_a": "BikeOnly", "type_b": "BikeOnly", "crossing": 0}, "geometry": {"type": "LineString", "coordinates": [[325140.3125, 4691056.0], [325144.5, 4691055.5]]}}, {"type": "Feature", "properties": {"id": 98, "gap_m": 4.2, "facing": 0.5, "along": 2.4, "lat_m": 0.18, "line_a": 1601, "line_b": 1614, "type_a": "Sharrow", "type_b": "Sharrow", "crossing": 0}, "geometry": {"type": "LineString", "coordinates": [[325149.15625, 4690147.5], [325151.5625, 4690151.0]]}}, {"type": "Feature", "properties": {"id": 99, "gap_m": 4.3, "facing": 0.2, "along": 1.2, "lat_m": 0.09, "line_a": 2597, "line_b": 2606, "type_a": "BikeOnly", "type_b": "BikeOnly", "crossing": 0}, "geometry": {"type": "LineString", "coordinates": [[328455.4375, 4680961.5], [328453.9375, 4680957.5]]}}, {"type": "Feature", "properties": {"id": 100, "gap_m": 4.3, "facing": 0.4, "along": 11.6, "lat_m": 0.87, "line_a": 176, "line_b": 186, "type_a": "BikeOnly", "type_b": "BikeOnly", "crossing": 0}, "geometry": {"type": "LineString", "coordinates": [[335606.25, 4694255.0], [335610.4375, 4694254.0]]}}, {"type": "Feature", "properties": {"id": 101, "gap_m": 4.3, "facing": 0.1, "along": 0.2, "lat_m": 0.02, "line_a": 2311, "line_b": 2320, "type_a": "BikeOnly", "type_b": "BikeOnly", "crossing": 0}, "geometry": {"type": "LineString", "coordinates": [[326825.5625, 4684923.5], [326828.09375, 4684920.0]]}}, {"type": "Feature", "properties": {"id": 102, "gap_m": 4.3, "facing": 0.4, "along": 0.1, "lat_m": 0.0, "line_a": 754, "line_b": 760, "type_a": "BikeOnly", "type_b": "BikeOnly", "crossing": 0}, "geometry": {"type": "LineString", "coordinates": [[322749.15625, 4691660.0], [322745.09375, 4691661.5]]}}, {"type": "Feature", "properties": {"id": 103, "gap_m": 4.3, "facing": 2.2, "along": 6.2, "lat_m": 0.47, "line_a": 61, "line_b": 98, "type_a": "BikeOnly", "type_b": "BikeOnly", "crossing": 0}, "geometry": {"type": "LineString", "coordinates": [[334491.59375, 4680836.0], [334495.65625, 4680834.5]]}}, {"type": "Feature", "properties": {"id": 104, "gap_m": 4.3, "facing": 0.3, "along": 0.5, "lat_m": 0.04, "line_a": 1039, "line_b": 1045, "type_a": "BikeOnly", "type_b": "BikeOnly", "crossing": 0}, "geometry": {"type": "LineString", "coordinates": [[323456.6875, 4689497.0], [323460.90625, 4689498.0]]}}, {"type": "Feature", "properties": {"id": 105, "gap_m": 4.3, "facing": 2.0, "along": 0.5, "lat_m": 0.03, "line_a": 506, "line_b": 508, "type_a": "BikeOnly", "type_b": "BikeOnly", "crossing": 0}, "geometry": {"type": "LineString", "coordinates": [[321268.9375, 4678890.5], [321271.5, 4678887.0]]}}, {"type": "Feature", "properties": {"id": 106, "gap_m": 4.3, "facing": 0.3, "along": 0.5, "lat_m": 0.04, "line_a": 2099, "line_b": 2323, "type_a": "BikeOnly", "type_b": "BikeOnly", "crossing": 0}, "geometry": {"type": "LineString", "coordinates": [[326824.1875, 4684922.5], [326826.75, 4684919.0]]}}, {"type": "Feature", "properties": {"id": 107, "gap_m": 4.4, "facing": 1.9, "along": 0.6, "lat_m": 0.04, "line_a": 503, "line_b": 638, "type_a": "Sharrow", "type_b": "Sharrow", "crossing": 0}, "geometry": {"type": "LineString", "coordinates": [[322062.15625, 4679230.5], [322066.0625, 4679228.5]]}}, {"type": "Feature", "properties": {"id": 108, "gap_m": 4.4, "facing": 9.7, "along": 5.7, "lat_m": 0.44, "line_a": 1213, "line_b": 1216, "type_a": "Sharrow", "type_b": "Sharrow", "crossing": 0}, "geometry": {"type": "LineString", "coordinates": [[324345.59375, 4684381.0], [324342.90625, 4684377.5]]}}, {"type": "Feature", "properties": {"id": 109, "gap_m": 4.5, "facing": 5.1, "along": 2.7, "lat_m": 0.21, "line_a": 2568, "line_b": 2573, "type_a": "Sharrow", "type_b": "Sharrow", "crossing": 0}, "geometry": {"type": "LineString", "coordinates": [[327643.9375, 4682788.0], [327647.25, 4682791.0]]}}, {"type": "Feature", "properties": {"id": 110, "gap_m": 4.5, "facing": 0.8, "along": 0.7, "lat_m": 0.05, "line_a": 1223, "line_b": 1238, "type_a": "BikeOnly", "type_b": "BikeOnly", "crossing": 0}, "geometry": {"type": "LineString", "coordinates": [[324030.15625, 4683777.0], [324025.65625, 4683777.0]]}}, {"type": "Feature", "properties": {"id": 111, "gap_m": 4.5, "facing": 0.1, "along": 1.5, "lat_m": 0.11, "line_a": 2176, "line_b": 2188, "type_a": "BikeOnly", "type_b": "BikeOnly", "crossing": 0}, "geometry": {"type": "LineString", "coordinates": [[327313.9375, 4680141.0], [327313.9375, 4680145.5]]}}, {"type": "Feature", "properties": {"id": 112, "gap_m": 4.5, "facing": 0.3, "along": 1.6, "lat_m": 0.12, "line_a": 3346, "line_b": 3349, "type_a": "BikeOnly", "type_b": "BikeOnly", "crossing": 0}, "geometry": {"type": "LineString", "coordinates": [[330515.84375, 4686903.0], [330515.6875, 4686898.5]]}}, {"type": "Feature", "properties": {"id": 113, "gap_m": 4.5, "facing": 2.4, "along": 0.8, "lat_m": 0.06, "line_a": 2583, "line_b": 2590, "type_a": "BikeOnly", "type_b": "BikeOnly", "crossing": 0}, "geometry": {"type": "LineString", "coordinates": [[328327.34375, 4697443.0], [328323.59375, 4697445.5]]}}, {"type": "Feature", "properties": {"id": 114, "gap_m": 4.5, "facing": 0.9, "along": 10.8, "lat_m": 0.84, "line_a": 2543, "line_b": 2547, "type_a": "BikeOnly", "type_b": "BikeOnly", "crossing": 0}, "geometry": {"type": "LineString", "coordinates": [[327625.5, 4684894.5], [327621.75, 4684892.0]]}}, {"type": "Feature", "properties": {"id": 115, "gap_m": 4.5, "facing": 3.1, "along": 0.1, "lat_m": 0.01, "line_a": 1317, "line_b": 1319, "type_a": "BikeOnly", "type_b": "BikeOnly", "crossing": 0}, "geometry": {"type": "LineString", "coordinates": [[324567.90625, 4679133.5], [324568.1875, 4679138.0]]}}, {"type": "Feature", "properties": {"id": 116, "gap_m": 4.5, "facing": 1.5, "along": 0.0, "lat_m": 0.0, "line_a": 1469, "line_b": 1734, "type_a": "BikeOnly", "type_b": "BikeOnly", "crossing": 0}, "geometry": {"type": "LineString", "coordinates": [[325668.15625, 4697404.0], [325671.0, 4697400.5]]}}, {"type": "Feature", "properties": {"id": 117, "gap_m": 4.5, "facing": 0.1, "along": 0.9, "lat_m": 0.07, "line_a": 1478, "line_b": 1507, "type_a": "BikeOnly", "type_b": "BikeOnly", "crossing": 0}, "geometry": {"type": "LineString", "coordinates": [[325104.75, 4695544.5], [325107.59375, 4695541.0]]}}, {"type": "Feature", "properties": {"id": 118, "gap_m": 4.5, "facing": 0.2, "along": 2.9, "lat_m": 0.23, "line_a": 2317, "line_b": 2323, "type_a": "BikeOnly", "type_b": "BikeOnly", "crossing": 0}, "geometry": {"type": "LineString", "coordinates": [[326898.75, 4684820.5], [326895.90625, 4684824.0]]}}, {"type": "Feature", "properties": {"id": 119, "gap_m": 4.5, "facing": 0.2, "along": 0.4, "lat_m": 0.03, "line_a": 777, "line_b": 781, "type_a": "BikeOnly", "type_b": "BikeOnly", "crossing": 0}, "geometry": {"type": "LineString", "coordinates": [[322549.1875, 4690015.5], [322547.09375, 4690011.5]]}}, {"type": "Feature", "properties": {"id": 120, "gap_m": 4.5, "facing": 0.1, "along": 4.7, "lat_m": 0.37, "line_a": 1173, "line_b": 1179, "type_a": "BikeOnly", "type_b": "BikeOnly", "crossing": 0}, "geometry": {"type": "LineString", "coordinates": [[324285.3125, 4689708.5], [324289.8125, 4689708.0]]}}, {"type": "Feature", "properties": {"id": 121, "gap_m": 4.5, "facing": 0.3, "along": 2.3, "lat_m": 0.18, "line_a": 3652, "line_b": 3657, "type_a": "BikeOnly", "type_b": "BikeOnly", "crossing": 0}, "geometry": {"type": "LineString", "coordinates": [[333093.0, 4679465.0], [333088.9375, 4679467.0]]}}, {"type": "Feature", "properties": {"id": 122, "gap_m": 4.5, "facing": 0.1, "along": 1.6, "lat_m": 0.13, "line_a": 1912, "line_b": 1919, "type_a": "BikeOnly", "type_b": "BikeOnly", "crossing": 0}, "geometry": {"type": "LineString", "coordinates": [[325993.8125, 4685559.0], [325990.9375, 4685555.5]]}}, {"type": "Feature", "properties": {"id": 123, "gap_m": 4.6, "facing": 4.7, "along": 2.5, "lat_m": 0.2, "line_a": 1117, "line_b": 1339, "type_a": "BikeOnly", "type_b": "BikeOnly", "crossing": 0}, "geometry": {"type": "LineString", "coordinates": [[324469.8125, 4694342.0], [324473.25, 4694345.0]]}}, {"type": "Feature", "properties": {"id": 124, "gap_m": 4.6, "facing": 0.7, "along": 0.6, "lat_m": 0.05, "line_a": 2370, "line_b": 2375, "type_a": "BikeOnly", "type_b": "BikeOnly", "crossing": 0}, "geometry": {"type": "LineString", "coordinates": [[327826.65625, 4695697.0], [327824.40625, 4695693.0]]}}, {"type": "Feature", "properties": {"id": 125, "gap_m": 4.6, "facing": 2.7, "along": 2.6, "lat_m": 0.21, "line_a": 1135, "line_b": 1137, "type_a": "Sharrow", "type_b": "Sharrow", "crossing": 0}, "geometry": {"type": "LineString", "coordinates": [[324378.59375, 4692324.0], [324383.09375, 4692323.0]]}}, {"type": "Feature", "properties": {"id": 126, "gap_m": 4.6, "facing": 1.4, "along": 0.5, "lat_m": 0.04, "line_a": 46, "line_b": 47, "type_a": "BikeOnly", "type_b": "BikeOnly", "crossing": 0}, "geometry": {"type": "LineString", "coordinates": [[318169.9375, 4688212.0], [318171.0, 4688216.5]]}}, {"type": "Feature", "properties": {"id": 127, "gap_m": 4.6, "facing": 0.3, "along": 0.2, "lat_m": 0.01, "line_a": 89, "line_b": 92, "type_a": "Sharrow", "type_b": "Sharrow", "crossing": 0}, "geometry": {"type": "LineString", "coordinates": [[333899.09375, 4694265.5], [333894.90625, 4694263.5]]}}, {"type": "Feature", "properties": {"id": 128, "gap_m": 4.6, "facing": 2.8, "along": 3.4, "lat_m": 0.27, "line_a": 701, "line_b": 703, "type_a": "BikeOnly", "type_b": "BikeOnly", "crossing": 0}, "geometry": {"type": "LineString", "coordinates": [[322084.9375, 4684852.0], [322080.75, 4684850.0]]}}, {"type": "Feature", "properties": {"id": 129, "gap_m": 4.7, "facing": 3.3, "along": 0.9, "lat_m": 0.08, "line_a": 464, "line_b": 467, "type_a": "BikeOnly", "type_b": "BikeOnly", "crossing": 0}, "geometry": {"type": "LineString", "coordinates": [[344755.1875, 4685032.0], [344756.40625, 4685027.5]]}}, {"type": "Feature", "properties": {"id": 130, "gap_m": 4.7, "facing": 0.3, "along": 2.0, "lat_m": 0.16, "line_a": 2443, "line_b": 2448, "type_a": "BikeOnly", "type_b": "BikeOnly", "crossing": 0}, "geometry": {"type": "LineString", "coordinates": [[327726.0, 4691395.0], [327727.34375, 4691390.5]]}}, {"type": "Feature", "properties": {"id": 131, "gap_m": 4.7, "facing": 0.1, "along": 2.1, "lat_m": 0.17, "line_a": 2110, "line_b": 2122, "type_a": "BikeOnly", "type_b": "BikeOnly", "crossing": 0}, "geometry": {"type": "LineString", "coordinates": [[326256.4375, 4683813.0], [326260.0625, 4683816.0]]}}, {"type": "Feature", "properties": {"id": 132, "gap_m": 4.7, "facing": 0.3, "along": 12.0, "lat_m": 0.98, "line_a": 1287, "line_b": 1477, "type_a": "BikeOnly", "type_b": "BikeOnly", "crossing": 0}, "geometry": {"type": "LineString", "coordinates": [[325078.1875, 4695603.5], [325081.8125, 4695600.5]]}}, {"type": "Feature", "properties": {"id": 133, "gap_m": 4.7, "facing": 0.3, "along": 1.6, "lat_m": 0.13, "line_a": 2464, "line_b": 2470, "type_a": "BikeOnly", "type_b": "BikeOnly", "crossing": 0}, "geometry": {"type": "LineString", "coordinates": [[327479.5625, 4690424.0], [327476.40625, 4690420.5]]}}, {"type": "Feature", "properties": {"id": 134, "gap_m": 4.7, "facing": 0.1, "along": 1.9, "lat_m": 0.15, "line_a": 836, "line_b": 843, "type_a": "BikeOnly", "type_b": "BikeOnly", "crossing": 0}, "geometry": {"type": "LineString", "coordinates": [[323268.15625, 4693919.0], [323269.65625, 4693914.5]]}}, {"type": "Feature", "properties": {"id": 135, "gap_m": 4.7, "facing": 0.4, "along": 3.4, "lat_m": 0.28, "line_a": 2326, "line_b": 2327, "type_a": "BikeOnly", "type_b": "BikeOnly", "crossing": 0}, "geometry": {"type": "LineString", "coordinates": [[326896.1875, 4684173.5], [326891.6875, 4684172.0]]}}, {"type": "Feature", "properties": {"id": 136, "gap_m": 4.7, "facing": 7.6, "along": 9.5, "lat_m": 0.79, "line_a": 1686, "line_b": 1699, "type_a": "BikeOnly", "type_b": "BikeOnly", "crossing": 0}, "geometry": {"type": "LineString", "coordinates": [[325163.84375, 4686325.5], [325165.34375, 4686321.0]]}}, {"type": "Feature", "properties": {"id": 137, "gap_m": 4.7, "facing": 0.6, "along": 0.3, "lat_m": 0.03, "line_a": 2491, "line_b": 2501, "type_a": "BikeOnly", "type_b": "BikeOnly", "crossing": 0}, "geometry": {"type": "LineString", "coordinates": [[327828.15625, 4687454.0], [327832.1875, 4687451.5]]}}, {"type": "Feature", "properties": {"id": 138, "gap_m": 4.8, "facing": 1.5, "along": 1.6, "lat_m": 0.13, "line_a": 2638, "line_b": 2884, "type_a": "BikeOnly", "type_b": "BikeOnly", "crossing": 0}, "geometry": {"type": "LineString", "coordinates": [[328509.90625, 4694271.0], [328514.5625, 4694272.0]]}}, {"type": "Feature", "properties": {"id": 139, "gap_m": 4.8, "facing": 0.6, "along": 3.3, "lat_m": 0.28, "line_a": 2004, "line_b": 2008, "type_a": "BikeOnly", "type_b": "BikeOnly", "crossing": 0}, "geometry": {"type": "LineString", "coordinates": [[326643.15625, 4693868.5], [326646.4375, 4693865.0]]}}, {"type": "Feature", "properties": {"id": 140, "gap_m": 4.8, "facing": 4.6, "along": 1.3, "lat_m": 0.11, "line_a": 159, "line_b": 269, "type_a": "BikeOnly", "type_b": "BikeOnly", "crossing": 0}, "geometry": {"type": "LineString", "coordinates": [[336042.59375, 4679353.5], [336047.40625, 4679353.5]]}}, {"type": "Feature", "properties": {"id": 141, "gap_m": 4.8, "facing": 1.6, "along": 4.0, "lat_m": 0.34, "line_a": 3079, "line_b": 3082, "type_a": "BikeOnly", "type_b": "BikeOnly", "crossing": 0}, "geometry": {"type": "LineString", "coordinates": [[329388.90625, 4691978.0], [329384.09375, 4691978.0]]}}, {"type": "Feature", "properties": {"id": 142, "gap_m": 4.8, "facing": 0.5, "along": 1.0, "lat_m": 0.09, "line_a": 3416, "line_b": 3490, "type_a": "BikeOnly", "type_b": "BikeOnly", "crossing": 0}, "geometry": {"type": "LineString", "coordinates": [[331443.59375, 4689863.5], [331446.90625, 4689867.0]]}}, {"type": "Feature", "properties": {"id": 143, "gap_m": 4.8, "facing": 0.1, "along": 1.4, "lat_m": 0.12, "line_a": 3599, "line_b": 3602, "type_a": "BikeOnly", "type_b": "BikeOnly", "crossing": 0}, "geometry": {"type": "LineString", "coordinates": [[332213.6875, 4692941.5], [332217.0, 4692945.0]]}}, {"type": "Feature", "properties": {"id": 144, "gap_m": 4.9, "facing": 0.3, "along": 3.6, "lat_m": 0.31, "line_a": 3682, "line_b": 3683, "type_a": "BikeOnly", "type_b": "BikeOnly", "crossing": 0}, "geometry": {"type": "LineString", "coordinates": [[333402.0, 4679278.5], [333397.8125, 4679281.0]]}}, {"type": "Feature", "properties": {"id": 145, "gap_m": 4.9, "facing": 0.3, "along": 1.8, "lat_m": 0.16, "line_a": 265, "line_b": 270, "type_a": "BikeOnly", "type_b": "BikeOnly", "crossing": 0}, "geometry": {"type": "LineString", "coordinates": [[336236.25, 4679306.0], [336240.90625, 4679304.5]]}}, {"type": "Feature", "properties": {"id": 146, "gap_m": 4.9, "facing": 0.7, "along": 0.1, "lat_m": 0.01, "line_a": 3208, "line_b": 3209, "type_a": "BikeOnly", "type_b": "BikeOnly", "crossing": 0}, "geometry": {"type": "LineString", "coordinates": [[330051.4375, 4691246.0], [330049.5, 4691241.5]]}}, {"type": "Feature", "properties": {"id": 147, "gap_m": 4.9, "facing": 0.4, "along": 0.6, "lat_m": 0.05, "line_a": 325, "line_b": 333, "type_a": "Sharrow", "type_b": "Sharrow", "crossing": 0}, "geometry": {"type": "LineString", "coordinates": [[337720.8125, 4693406.0], [337722.75, 4693401.5]]}}, {"type": "Feature", "properties": {"id": 148, "gap_m": 4.9, "facing": 0.2, "along": 1.3, "lat_m": 0.11, "line_a": 2529, "line_b": 2533, "type_a": "BikeOnly", "type_b": "BikeOnly", "crossing": 0}, "geometry": {"type": "LineString", "coordinates": [[327740.25, 4686112.5], [327743.6875, 4686109.0]]}}, {"type": "Feature", "properties": {"id": 149, "gap_m": 4.9, "facing": 4.0, "along": 4.7, "lat_m": 0.4, "line_a": 1631, "line_b": 1642, "type_a": "BikeOnly", "type_b": "BikeOnly", "crossing": 0}, "geometry": {"type": "LineString", "coordinates": [[325364.40625, 4689183.5], [325367.25, 4689179.5]]}}, {"type": "Feature", "properties": {"id": 150, "gap_m": 5.0, "facing": 1.0, "along": 2.0, "lat_m": 0.18, "line_a": 1129, "line_b": 1130, "type_a": "BikeOnly", "type_b": "BikeOnly", "crossing": 0}, "geometry": {"type": "LineString", "coordinates": [[324108.15625, 4694334.5], [324113.09375, 4694335.0]]}}, {"type": "Feature", "properties": {"id": 151, "gap_m": 5.0, "facing": 0.2, "along": 1.6, "lat_m": 0.14, "line_a": 3081, "line_b": 3085, "type_a": "BikeOnly", "type_b": "BikeOnly", "crossing": 0}, "geometry": {"type": "LineString", "coordinates": [[329168.40625, 4692002.5], [329163.4375, 4692003.0]]}}, {"type": "Feature", "properties": {"id": 152, "gap_m": 5.0, "facing": 0.2, "along": 0.2, "lat_m": 0.02, "line_a": 1251, "line_b": 1255, "type_a": "BikeOnly", "type_b": "BikeOnly", "crossing": 0}, "geometry": {"type": "LineString", "coordinates": [[319230.0, 4688344.0], [319230.0, 4688349.0]]}}, {"type": "Feature", "properties": {"id": 153, "gap_m": 5.0, "facing": 0.1, "along": 0.9, "lat_m": 0.08, "line_a": 2319, "line_b": 2325, "type_a": "BikeOnly", "type_b": "BikeOnly", "crossing": 0}, "geometry": {"type": "LineString", "coordinates": [[327015.0, 4684692.0], [327018.0, 4684688.0]]}}, {"type": "Feature", "properties": {"id": 154, "gap_m": 5.0, "facing": 3.5, "along": 4.2, "lat_m": 0.37, "line_a": 1062, "line_b": 1069, "type_a": "BikeOnly", "type_b": "BikeOnly", "crossing": 0}, "geometry": {"type": "LineString", "coordinates": [[323669.5625, 4686525.5], [323672.5625, 4686529.5]]}}, {"type": "Feature", "properties": {"id": 155, "gap_m": 5.0, "facing": 0.4, "along": 2.7, "lat_m": 0.24, "line_a": 94, "line_b": 96, "type_a": "BikeOnly", "type_b": "BikeOnly", "crossing": 0}, "geometry": {"type": "LineString", "coordinates": [[334629.59375, 4680750.5], [334625.25, 4680753.0]]}}, {"type": "Feature", "properties": {"id": 156, "gap_m": 5.0, "facing": 0.4, "along": 0.0, "lat_m": 0.0, "line_a": 1248, "line_b": 1249, "type_a": "BikeOnly", "type_b": "BikeOnly", "crossing": 0}, "geometry": {"type": "LineString", "coordinates": [[319222.0625, 4688147.0], [319222.5, 4688152.0]]}}, {"type": "Feature", "properties": {"id": 157, "gap_m": 5.0, "facing": 0.1, "along": 2.7, "lat_m": 0.24, "line_a": 2895, "line_b": 2900, "type_a": "BikeOnly", "type_b": "BikeOnly", "crossing": 0}, "geometry": {"type": "LineString", "coordinates": [[329035.0625, 4693200.0], [329039.09375, 4693197.0]]}}, {"type": "Feature", "properties": {"id": 158, "gap_m": 5.1, "facing": 0.7, "along": 0.7, "lat_m": 0.06, "line_a": 3385, "line_b": 3394, "type_a": "BikeOnly", "type_b": "BikeOnly", "crossing": 0}, "geometry": {"type": "LineString", "coordinates": [[331235.6875, 4691066.0], [331239.75, 4691063.0]]}}, {"type": "Feature", "properties": {"id": 159, "gap_m": 5.1, "facing": 0.0, "along": 0.2, "lat_m": 0.02, "line_a": 2365, "line_b": 2373, "type_a": "BikeOnly", "type_b": "BikeOnly", "crossing": 0}, "geometry": {"type": "LineString", "coordinates": [[327926.84375, 4695788.5], [327931.8125, 4695789.5]]}}, {"type": "Feature", "properties": {"id": 160, "gap_m": 5.1, "facing": 0.1, "along": 3.3, "lat_m": 0.29, "line_a": 1765, "line_b": 1770, "type_a": "BikeOnly", "type_b": "BikeOnly", "crossing": 0}, "geometry": {"type": "LineString", "coordinates": [[325967.5625, 4694650.0], [325970.6875, 4694646.0]]}}, {"type": "Feature", "properties": {"id": 161, "gap_m": 5.1, "facing": 0.6, "along": 0.0, "lat_m": 0.0, "line_a": 1914, "line_b": 1915, "type_a": "Sharrow", "type_b": "Sharrow", "crossing": 0}, "geometry": {"type": "LineString", "coordinates": [[326057.84375, 4685634.0], [326054.6875, 4685630.0]]}}, {"type": "Feature", "properties": {"id": 162, "gap_m": 5.1, "facing": 0.4, "along": 0.8, "lat_m": 0.07, "line_a": 2289, "line_b": 2290, "type_a": "Sharrow", "type_b": "Sharrow", "crossing": 0}, "geometry": {"type": "LineString", "coordinates": [[327144.4375, 4687058.0], [327147.59375, 4687062.0]]}}, {"type": "Feature", "properties": {"id": 163, "gap_m": 5.1, "facing": 4.3, "along": 9.1, "lat_m": 0.81, "line_a": 1950, "line_b": 1957, "type_a": "Sharrow", "type_b": "Sharrow", "crossing": 0}, "geometry": {"type": "LineString", "coordinates": [[326555.09375, 4697731.0], [326551.9375, 4697735.0]]}}, {"type": "Feature", "properties": {"id": 164, "gap_m": 5.1, "facing": 0.6, "along": 0.6, "lat_m": 0.05, "line_a": 2374, "line_b": 2377, "type_a": "BikeOnly", "type_b": "BikeOnly", "crossing": 0}, "geometry": {"type": "LineString", "coordinates": [[327830.84375, 4695720.5], [327828.4375, 4695716.0]]}}, {"type": "Feature", "properties": {"id": 165, "gap_m": 5.1, "facing": 4.0, "along": 3.8, "lat_m": 0.34, "line_a": 1467, "line_b": 1470, "type_a": "BikeOnly", "type_b": "BikeOnly", "crossing": 0}, "geometry": {"type": "LineString", "coordinates": [[325292.84375, 4697755.5], [325289.09375, 4697759.0]]}}, {"type": "Feature", "properties": {"id": 166, "gap_m": 5.1, "facing": 0.4, "along": 0.3, "lat_m": 0.02, "line_a": 1742, "line_b": 1744, "type_a": "BikeOnly", "type_b": "BikeOnly", "crossing": 0}, "geometry": {"type": "LineString", "coordinates": [[325759.65625, 4680607.0], [325755.15625, 4680604.5]]}}, {"type": "Feature", "properties": {"id": 167, "gap_m": 5.2, "facing": 1.1, "along": 4.1, "lat_m": 0.37, "line_a": 801, "line_b": 806, "type_a": "BikeOnly", "type_b": "BikeOnly", "crossing": 0}, "geometry": {"type": "LineString", "coordinates": [[322395.15625, 4688909.5], [322390.9375, 4688906.5]]}}, {"type": "Feature", "properties": {"id": 168, "gap_m": 5.2, "facing": 1.1, "along": 0.7, "lat_m": 0.07, "line_a": 1340, "line_b": 1541, "type_a": "BikeOnly", "type_b": "BikeOnly", "crossing": 0}, "geometry": {"type": "LineString", "coordinates": [[325079.09375, 4694135.0], [325081.65625, 4694130.5]]}}, {"type": "Feature", "properties": {"id": 169, "gap_m": 5.2, "facing": 0.7, "along": 4.6, "lat_m": 0.42, "line_a": 2455, "line_b": 2456, "type_a": "BikeOnly", "type_b": "BikeOnly", "crossing": 0}, "geometry": {"type": "LineString", "coordinates": [[327573.15625, 4690738.5], [327568.34375, 4690736.5]]}}, {"type": "Feature", "properties": {"id": 170, "gap_m": 5.2, "facing": 4.0, "along": 2.7, "lat_m": 0.24, "line_a": 3233, "line_b": 3238, "type_a": "BikeOnly", "type_b": "BikeOnly", "crossing": 0}, "geometry": {"type": "LineString", "coordinates": [[329765.84375, 4688007.5], [329763.15625, 4688012.0]]}}, {"type": "Feature", "properties": {"id": 171, "gap_m": 5.3, "facing": 0.4, "along": 1.2, "lat_m": 0.11, "line_a": 1418, "line_b": 1421, "type_a": "BikeOnly", "type_b": "BikeOnly", "crossing": 0}, "geometry": {"type": "LineString", "coordinates": [[324771.4375, 4685531.5], [324774.15625, 4685536.0]]}}, {"type": "Feature", "properties": {"id": 172, "gap_m": 5.3, "facing": 0.1, "along": 1.9, "lat_m": 0.17, "line_a": 2908, "line_b": 2912, "type_a": "Sharrow", "type_b": "Sharrow", "crossing": 0}, "geometry": {"type": "LineString", "coordinates": [[328803.59375, 4697181.0], [328805.25, 4697186.0]]}}, {"type": "Feature", "properties": {"id": 173, "gap_m": 5.3, "facing": 0.8, "along": 0.8, "lat_m": 0.08, "line_a": 3124, "line_b": 3136, "type_a": "Sharrow", "type_b": "Sharrow", "crossing": 0}, "geometry": {"type": "LineString", "coordinates": [[329290.1875, 4689782.5], [329293.65625, 4689778.5]]}}, {"type": "Feature", "properties": {"id": 174, "gap_m": 5.3, "facing": 0.1, "along": 0.0, "lat_m": 0.0, "line_a": 2821, "line_b": 2827, "type_a": "Sharrow", "type_b": "Sharrow", "crossing": 0}, "geometry": {"type": "LineString", "coordinates": [[328754.6875, 4697289.0], [328749.59375, 4697290.5]]}}, {"type": "Feature", "properties": {"id": 175, "gap_m": 5.3, "facing": 4.4, "along": 2.1, "lat_m": 0.19, "line_a": 82, "line_b": 83, "type_a": "Sharrow", "type_b": "Sharrow", "crossing": 0}, "geometry": {"type": "LineString", "coordinates": [[333710.6875, 4677442.0], [333706.65625, 4677438.5]]}}, {"type": "Feature", "properties": {"id": 176, "gap_m": 5.3, "facing": 0.2, "along": 0.7, "lat_m": 0.07, "line_a": 3181, "line_b": 3182, "type_a": "Sharrow", "type_b": "Sharrow", "crossing": 0}, "geometry": {"type": "LineString", "coordinates": [[329802.3125, 4680463.5], [329797.0625, 4680462.5]]}}, {"type": "Feature", "properties": {"id": 177, "gap_m": 5.5, "facing": 3.8, "along": 0.0, "lat_m": 0.0, "line_a": 997, "line_b": 1019, "type_a": "BikeOnly", "type_b": "BikeOnly", "crossing": 0}, "geometry": {"type": "LineString", "coordinates": [[323416.34375, 4691012.0], [323411.09375, 4691010.5]]}}, {"type": "Feature", "properties": {"id": 178, "gap_m": 5.5, "facing": 0.5, "along": 3.4, "lat_m": 0.32, "line_a": 3666, "line_b": 3669, "type_a": "BikeOnly", "type_b": "BikeOnly", "crossing": 0}, "geometry": {"type": "LineString", "coordinates": [[332865.15625, 4694635.5], [332859.90625, 4694637.0]]}}, {"type": "Feature", "properties": {"id": 179, "gap_m": 5.5, "facing": 0.1, "along": 1.5, "lat_m": 0.14, "line_a": 2194, "line_b": 2198, "type_a": "BikeOnly", "type_b": "BikeOnly", "crossing": 0}, "geometry": {"type": "LineString", "coordinates": [[327293.6875, 4679340.0], [327293.6875, 4679334.5]]}}, {"type": "Feature", "properties": {"id": 180, "gap_m": 5.5, "facing": 2.5, "along": 1.3, "lat_m": 0.13, "line_a": 2135, "line_b": 2141, "type_a": "BikeOnly", "type_b": "Sharrow", "crossing": 0}, "geometry": {"type": "LineString", "coordinates": [[327300.59375, 4681523.0], [327300.4375, 4681517.5]]}}, {"type": "Feature", "properties": {"id": 181, "gap_m": 5.5, "facing": 0.7, "along": 0.8, "lat_m": 0.07, "line_a": 211, "line_b": 212, "type_a": "BikeOnly", "type_b": "BikeOnly", "crossing": 0}, "geometry": {"type": "LineString", "coordinates": [[320333.84375, 4677286.0], [320333.25, 4677291.5]]}}, {"type": "Feature", "properties": {"id": 182, "gap_m": 5.5, "facing": 2.1, "along": 2.5, "lat_m": 0.24, "line_a": 3429, "line_b": 3430, "type_a": "BikeOnly", "type_b": "BikeOnly", "crossing": 0}, "geometry": {"type": "LineString", "coordinates": [[331177.0625, 4687941.0], [331177.65625, 4687946.5]]}}, {"type": "Feature", "properties": {"id": 183, "gap_m": 5.5, "facing": 1.5, "along": 0.4, "lat_m": 0.04, "line_a": 351, "line_b": 355, "type_a": "BikeOnly", "type_b": "BikeOnly", "crossing": 0}, "geometry": {"type": "LineString", "coordinates": [[337943.09375, 4678717.0], [337938.15625, 4678719.5]]}}, {"type": "Feature", "properties": {"id": 184, "gap_m": 5.6, "facing": 1.3, "along": 3.0, "lat_m": 0.29, "line_a": 45, "line_b": 49, "type_a": "BikeOnly", "type_b": "BikeOnly", "crossing": 0}, "geometry": {"type": "LineString", "coordinates": [[318214.65625, 4688426.5], [318215.40625, 4688432.0]]}}, {"type": "Feature", "properties": {"id": 185, "gap_m": 5.6, "facing": 0.2, "along": 0.1, "lat_m": 0.01, "line_a": 1661, "line_b": 1662, "type_a": "BikeOnly", "type_b": "BikeOnly", "crossing": 0}, "geometry": {"type": "LineString", "coordinates": [[325440.15625, 4689010.0], [325439.25, 4689015.5]]}}, {"type": "Feature", "properties": {"id": 186, "gap_m": 5.6, "facing": 0.4, "along": 3.4, "lat_m": 0.33, "line_a": 1950, "line_b": 1951, "type_a": "Sharrow", "type_b": "Sharrow", "crossing": 0}, "geometry": {"type": "LineString", "coordinates": [[326570.6875, 4697706.0], [326574.0, 4697701.5]]}}, {"type": "Feature", "properties": {"id": 187, "gap_m": 5.6, "facing": 0.0, "along": 1.5, "lat_m": 0.14, "line_a": 2609, "line_b": 2841, "type_a": "BikeOnly", "type_b": "BikeOnly", "crossing": 0}, "geometry": {"type": "LineString", "coordinates": [[328367.84375, 4680678.5], [328368.90625, 4680684.0]]}}, {"type": "Feature", "properties": {"id": 188, "gap_m": 5.6, "facing": 0.0, "along": 1.0, "lat_m": 0.1, "line_a": 2326, "line_b": 2332, "type_a": "BikeOnly", "type_b": "BikeOnly", "crossing": 0}, "geometry": {"type": "LineString", "coordinates": [[326933.5625, 4684188.5], [326938.8125, 4684190.5]]}}, {"type": "Feature", "properties": {"id": 189, "gap_m": 5.6, "facing": 0.7, "along": 1.5, "lat_m": 0.14, "line_a": 2925, "line_b": 2929, "type_a": "BikeOnly", "type_b": "BikeOnly", "crossing": 0}, "geometry": {"type": "LineString", "coordinates": [[328845.59375, 4690725.0], [328840.34375, 4690723.0]]}}, {"type": "Feature", "properties": {"id": 190, "gap_m": 5.6, "facing": 1.5, "along": 2.8, "lat_m": 0.28, "line_a": 1884, "line_b": 1886, "type_a": "BikeOnly", "type_b": "BikeOnly", "crossing": 0}, "geometry": {"type": "LineString", "coordinates": [[325830.59375, 4686596.5], [325825.34375, 4686598.5]]}}, {"type": "Feature", "properties": {"id": 191, "gap_m": 5.6, "facing": 0.1, "along": 1.1, "lat_m": 0.11, "line_a": 402, "line_b": 407, "type_a": "Sharrow", "type_b": "Sharrow", "crossing": 0}, "geometry": {"type": "LineString", "coordinates": [[320948.5625, 4694878.0], [320949.75, 4694883.5]]}}, {"type": "Feature", "properties": {"id": 192, "gap_m": 5.6, "facing": 0.4, "along": 2.6, "lat_m": 0.25, "line_a": 575, "line_b": 594, "type_a": "Sharrow", "type_b": "Sharrow", "crossing": 0}, "geometry": {"type": "LineString", "coordinates": [[348110.5625, 4681010.0], [348115.34375, 4681013.0]]}}, {"type": "Feature", "properties": {"id": 193, "gap_m": 5.8, "facing": 4.6, "along": 0.5, "lat_m": 0.05, "line_a": 1701, "line_b": 1704, "type_a": "BikeOnly", "type_b": "BikeOnly", "crossing": 0}, "geometry": {"type": "LineString", "coordinates": [[325493.25, 4685547.5], [325498.9375, 4685546.5]]}}, {"type": "Feature", "properties": {"id": 194, "gap_m": 5.8, "facing": 0.7, "along": 0.3, "lat_m": 0.03, "line_a": 2632, "line_b": 2634, "type_a": "BikeOnly", "type_b": "BikeOnly", "crossing": 0}, "geometry": {"type": "LineString", "coordinates": [[328435.1875, 4694944.5], [328440.15625, 4694941.5]]}}, {"type": "Feature", "properties": {"id": 195, "gap_m": 5.9, "facing": 0.3, "along": 1.0, "lat_m": 0.1, "line_a": 1163, "line_b": 1168, "type_a": "BikeOnly", "type_b": "BikeOnly", "crossing": 0}, "geometry": {"type": "LineString", "coordinates": [[324090.59375, 4689805.0], [324087.4375, 4689810.0]]}}, {"type": "Feature", "properties": {"id": 196, "gap_m": 6.0, "facing": 0.1, "along": 0.4, "lat_m": 0.04, "line_a": 2212, "line_b": 2219, "type_a": "BikeOnly", "type_b": "BikeOnly", "crossing": 0}, "geometry": {"type": "LineString", "coordinates": [[326877.0, 4693583.5], [326880.90625, 4693579.0]]}}, {"type": "Feature", "properties": {"id": 197, "gap_m": 6.0, "facing": 1.3, "along": 2.6, "lat_m": 0.27, "line_a": 3010, "line_b": 3068, "type_a": "BikeOnly", "type_b": "BikeOnly", "crossing": 0}, "geometry": {"type": "LineString", "coordinates": [[329127.3125, 4697190.0], [329126.84375, 4697184.0]]}}, {"type": "Feature", "properties": {"id": 198, "gap_m": 6.0, "facing": 11.7, "along": 7.6, "lat_m": 0.8, "line_a": 26, "line_b": 32, "type_a": "BikeOnly", "type_b": "BikeOnly", "crossing": 0}, "geometry": {"type": "LineString", "coordinates": [[318111.3125, 4689158.0], [318112.0625, 4689152.0]]}}, {"type": "Feature", "properties": {"id": 199, "gap_m": 6.1, "facing": 0.0, "along": 0.8, "lat_m": 0.08, "line_a": 192, "line_b": 194, "type_a": "BikeOnly", "type_b": "BikeOnly", "crossing": 0}, "geometry": {"type": "LineString", "coordinates": [[320380.9375, 4681161.0], [320381.84375, 4681167.0]]}}, {"type": "Feature", "properties": {"id": 200, "gap_m": 6.1, "facing": 1.2, "along": 0.6, "lat_m": 0.06, "line_a": 2774, "line_b": 2776, "type_a": "BikeOnly", "type_b": "BikeOnly", "crossing": 0}, "geometry": {"type": "LineString", "coordinates": [[328033.8125, 4685882.0], [328038.4375, 4685878.0]]}}, {"type": "Feature", "properties": {"id": 201, "gap_m": 6.1, "facing": 0.3, "along": 0.7, "lat_m": 0.08, "line_a": 342, "line_b": 375, "type_a": "Sharrow", "type_b": "Sharrow", "crossing": 0}, "geometry": {"type": "LineString", "coordinates": [[337755.3125, 4691969.0], [337756.5, 4691975.0]]}}, {"type": "Feature", "properties": {"id": 202, "gap_m": 6.1, "facing": 1.7, "along": 0.7, "lat_m": 0.07, "line_a": 3512, "line_b": 3535, "type_a": "BikeOnly", "type_b": "BikeOnly", "crossing": 0}, "geometry": {"type": "LineString", "coordinates": [[331871.25, 4686891.0], [331868.5625, 4686885.5]]}}, {"type": "Feature", "properties": {"id": 203, "gap_m": 6.1, "facing": 0.2, "along": 1.4, "lat_m": 0.15, "line_a": 1266, "line_b": 1273, "type_a": "BikeOnly", "type_b": "BikeOnly", "crossing": 0}, "geometry": {"type": "LineString", "coordinates": [[319143.59375, 4687352.5], [319142.25, 4687346.5]]}}, {"type": "Feature", "properties": {"id": 204, "gap_m": 6.2, "facing": 1.0, "along": 6.6, "lat_m": 0.7, "line_a": 3642, "line_b": 3654, "type_a": "BikeOnly", "type_b": "BikeOnly", "crossing": 0}, "geometry": {"type": "LineString", "coordinates": [[332737.0625, 4680008.0], [332742.4375, 4680005.0]]}}, {"type": "Feature", "properties": {"id": 205, "gap_m": 6.2, "facing": 0.2, "along": 0.2, "lat_m": 0.03, "line_a": 2338, "line_b": 2340, "type_a": "BikeOnly", "type_b": "BikeOnly", "crossing": 0}, "geometry": {"type": "LineString", "coordinates": [[327155.84375, 4684501.0], [327152.25, 4684506.0]]}}, {"type": "Feature", "properties": {"id": 206, "gap_m": 6.2, "facing": 0.7, "along": 1.9, "lat_m": 0.2, "line_a": 2388, "line_b": 2389, "type_a": "Sharrow", "type_b": "Sharrow", "crossing": 0}, "geometry": {"type": "LineString", "coordinates": [[327560.84375, 4679348.0], [327555.75, 4679344.5]]}}, {"type": "Feature", "properties": {"id": 207, "gap_m": 6.2, "facing": 4.5, "along": 3.5, "lat_m": 0.38, "line_a": 179, "line_b": 181, "type_a": "BikeOnly", "type_b": "BikeOnly", "crossing": 0}, "geometry": {"type": "LineString", "coordinates": [[335689.1875, 4694211.0], [335695.0625, 4694209.0]]}}, {"type": "Feature", "properties": {"id": 208, "gap_m": 6.2, "facing": 0.1, "along": 0.8, "lat_m": 0.09, "line_a": 2315, "line_b": 2319, "type_a": "BikeOnly", "type_b": "BikeOnly", "crossing": 0}, "geometry": {"type": "LineString", "coordinates": [[326969.5625, 4684754.5], [326973.3125, 4684749.5]]}}, {"type": "Feature", "properties": {"id": 209, "gap_m": 6.4, "facing": 0.7, "along": 0.9, "lat_m": 0.1, "line_a": 2682, "line_b": 2696, "type_a": "BikeOnly", "type_b": "BikeOnly", "crossing": 0}, "geometry": {"type": "LineString", "coordinates": [[328202.84375, 4690650.5], [328200.75, 4690656.5]]}}, {"type": "Feature", "properties": {"id": 210, "gap_m": 6.4, "facing": 2.2, "along": 0.8, "lat_m": 0.09, "line_a": 3115, "line_b": 3118, "type_a": "BikeOnly", "type_b": "BikeOnly", "crossing": 0}, "geometry": {"type": "LineString", "coordinates": [[329448.0, 4690649.0], [329452.5, 4690653.5]]}}, {"type": "Feature", "properties": {"id": 211, "gap_m": 6.4, "facing": 0.5, "along": 0.2, "lat_m": 0.02, "line_a": 84, "line_b": 121, "type_a": "Sharrow", "type_b": "Sharrow", "crossing": 0}, "geometry": {"type": "LineString", "coordinates": [[334244.6875, 4694424.5], [334250.5625, 4694427.0]]}}, {"type": "Feature", "properties": {"id": 212, "gap_m": 6.4, "facing": 0.0, "along": 2.7, "lat_m": 0.3, "line_a": 1093, "line_b": 1094, "type_a": "Sharrow", "type_b": "Sharrow", "crossing": 0}, "geometry": {"type": "LineString", "coordinates": [[323935.1875, 4697955.0], [323939.25, 4697960.0]]}}, {"type": "Feature", "properties": {"id": 213, "gap_m": 6.5, "facing": 1.5, "along": 2.2, "lat_m": 0.25, "line_a": 937, "line_b": 941, "type_a": "BikeOnly", "type_b": "BikeOnly", "crossing": 0}, "geometry": {"type": "LineString", "coordinates": [[323609.84375, 4695823.0], [323616.3125, 4695822.5]]}}, {"type": "Feature", "properties": {"id": 214, "gap_m": 6.5, "facing": 0.8, "along": 2.2, "lat_m": 0.25, "line_a": 690, "line_b": 697, "type_a": "BikeOnly", "type_b": "BikeOnly", "crossing": 0}, "geometry": {"type": "LineString", "coordinates": [[321703.1875, 4689112.0], [321709.65625, 4689112.5]]}}, {"type": "Feature", "properties": {"id": 215, "gap_m": 6.5, "facing": 0.2, "along": 1.2, "lat_m": 0.14, "line_a": 984, "line_b": 986, "type_a": "Sharrow", "type_b": "Sharrow", "crossing": 0}, "geometry": {"type": "LineString", "coordinates": [[323485.5, 4696960.0], [323479.5, 4696957.5]]}}, {"type": "Feature", "properties": {"id": 216, "gap_m": 6.5, "facing": 8.4, "along": 5.4, "lat_m": 0.61, "line_a": 1213, "line_b": 1427, "type_a": "Sharrow", "type_b": "Sharrow", "crossing": 0}, "geometry": {"type": "LineString", "coordinates": [[324359.40625, 4684416.5], [324360.0, 4684423.0]]}}, {"type": "Feature", "properties": {"id": 217, "gap_m": 6.5, "facing": 2.2, "along": 1.5, "lat_m": 0.18, "line_a": 2360, "line_b": 2363, "type_a": "BikeOnly", "type_b": "BikeOnly", "crossing": 0}, "geometry": {"type": "LineString", "coordinates": [[327679.1875, 4681015.5], [327673.65625, 4681019.0]]}}, {"type": "Feature", "properties": {"id": 218, "gap_m": 6.6, "facing": 0.1, "along": 0.1, "lat_m": 0.01, "line_a": 189, "line_b": 193, "type_a": "BikeOnly", "type_b": "BikeOnly", "crossing": 0}, "geometry": {"type": "LineString", "coordinates": [[320389.5, 4681157.5], [320390.5625, 4681164.0]]}}, {"type": "Feature", "properties": {"id": 219, "gap_m": 6.6, "facing": 2.1, "along": 0.8, "lat_m": 0.09, "line_a": 2253, "line_b": 2261, "type_a": "BikeOnly", "type_b": "BikeOnly", "crossing": 0}, "geometry": {"type": "LineString", "coordinates": [[326803.65625, 4690488.0], [326809.9375, 4690490.0]]}}, {"type": "Feature", "properties": {"id": 220, "gap_m": 6.6, "facing": 2.1, "along": 2.9, "lat_m": 0.34, "line_a": 2695, "line_b": 2700, "type_a": "BikeOnly", "type_b": "BikeOnly", "crossing": 0}, "geometry": {"type": "LineString", "coordinates": [[328044.59375, 4690668.5], [328038.15625, 4690667.0]]}}, {"type": "Feature", "properties": {"id": 221, "gap_m": 6.6, "facing": 0.0, "along": 0.4, "lat_m": 0.05, "line_a": 2598, "line_b": 2841, "type_a": "BikeOnly", "type_b": "BikeOnly", "crossing": 0}, "geometry": {"type": "LineString", "coordinates": [[328384.1875, 4680754.0], [328382.84375, 4680747.5]]}}, {"type": "Feature", "properties": {"id": 222, "gap_m": 6.7, "facing": 0.8, "along": 2.0, "lat_m": 0.24, "line_a": 33, "line_b": 36, "type_a": "BikeOnly", "type_b": "BikeOnly", "crossing": 0}, "geometry": {"type": "LineString", "coordinates": [[318131.5625, 4689053.5], [318133.0625, 4689047.0]]}}, {"type": "Feature", "properties": {"id": 223, "gap_m": 6.7, "facing": 0.2, "along": 0.2, "lat_m": 0.02, "line_a": 463, "line_b": 466, "type_a": "BikeOnly", "type_b": "BikeOnly", "crossing": 0}, "geometry": {"type": "LineString", "coordinates": [[344798.09375, 4684847.0], [344799.90625, 4684840.5]]}}, {"type": "Feature", "properties": {"id": 224, "gap_m": 6.8, "facing": 3.4, "along": 2.2, "lat_m": 0.26, "line_a": 2636, "line_b": 2873, "type_a": "BikeOnly", "type_b": "BikeOnly", "crossing": 0}, "geometry": {"type": "LineString", "coordinates": [[328516.9375, 4694913.5], [328523.09375, 4694910.5]]}}, {"type": "Feature", "properties": {"id": 225, "gap_m": 6.9, "facing": 0.1, "along": 2.8, "lat_m": 0.34, "line_a": 2924, "line_b": 2927, "type_a": "BikeOnly", "type_b": "BikeOnly", "crossing": 0}, "geometry": {"type": "LineString", "coordinates": [[328570.34375, 4690831.5], [328563.90625, 4690829.0]]}}, {"type": "Feature", "properties": {"id": 226, "gap_m": 6.9, "facing": 0.0, "along": 1.1, "lat_m": 0.14, "line_a": 1287, "line_b": 1295, "type_a": "BikeOnly", "type_b": "BikeOnly", "crossing": 0}, "geometry": {"type": "LineString", "coordinates": [[325029.0, 4695665.5], [325024.8125, 4695671.0]]}}, {"type": "Feature", "properties": {"id": 227, "gap_m": 6.9, "facing": 0.5, "along": 0.4, "lat_m": 0.04, "line_a": 161, "line_b": 162, "type_a": "BikeOnly", "type_b": "BikeOnly", "crossing": 0}, "geometry": {"type": "LineString", "coordinates": [[335684.6875, 4679405.5], [335677.9375, 4679407.0]]}}, {"type": "Feature", "properties": {"id": 228, "gap_m": 7.0, "facing": 0.4, "along": 2.7, "lat_m": 0.33, "line_a": 2211, "line_b": 2216, "type_a": "BikeOnly", "type_b": "BikeOnly", "crossing": 0}, "geometry": {"type": "LineString", "coordinates": [[327148.34375, 4693282.5], [327144.0, 4693288.0]]}}, {"type": "Feature", "properties": {"id": 229, "gap_m": 7.0, "facing": 0.2, "along": 0.8, "lat_m": 0.09, "line_a": 312, "line_b": 316, "type_a": "Sharrow", "type_b": "Sharrow", "crossing": 0}, "geometry": {"type": "LineString", "coordinates": [[337603.9375, 4694063.5], [337603.34375, 4694056.5]]}}, {"type": "Feature", "properties": {"id": 230, "gap_m": 7.0, "facing": 0.2, "along": 0.9, "lat_m": 0.11, "line_a": 1316, "line_b": 1321, "type_a": "BikeOnly", "type_b": "BikeOnly", "crossing": 0}, "geometry": {"type": "LineString", "coordinates": [[324726.4375, 4679495.5], [324730.8125, 4679501.0]]}}, {"type": "Feature", "properties": {"id": 231, "gap_m": 7.0, "facing": 2.9, "along": 4.6, "lat_m": 0.57, "line_a": 2528, "line_b": 2534, "type_a": "BikeOnly", "type_b": "BikeOnly", "crossing": 0}, "geometry": {"type": "LineString", "coordinates": [[327768.4375, 4686109.5], [327772.8125, 4686104.0]]}}, {"type": "Feature", "properties": {"id": 232, "gap_m": 7.0, "facing": 0.6, "along": 0.6, "lat_m": 0.07, "line_a": 263, "line_b": 268, "type_a": "BikeOnly", "type_b": "BikeOnly", "crossing": 0}, "geometry": {"type": "LineString", "coordinates": [[336249.15625, 4679293.5], [336255.90625, 4679291.5]]}}, {"type": "Feature", "properties": {"id": 233, "gap_m": 7.0, "facing": 0.6, "along": 1.1, "lat_m": 0.13, "line_a": 683, "line_b": 684, "type_a": "BikeOnly", "type_b": "BikeOnly", "crossing": 0}, "geometry": {"type": "LineString", "coordinates": [[321789.15625, 4689818.0], [321796.1875, 4689817.5]]}}, {"type": "Feature", "properties": {"id": 234, "gap_m": 7.1, "facing": 1.6, "along": 3.7, "lat_m": 0.46, "line_a": 314, "line_b": 315, "type_a": "Sharrow", "type_b": "Sharrow", "crossing": 0}, "geometry": {"type": "LineString", "coordinates": [[337603.65625, 4693844.5], [337604.5625, 4693837.5]]}}, {"type": "Feature", "properties": {"id": 235, "gap_m": 7.1, "facing": 2.2, "along": 0.1, "lat_m": 0.01, "line_a": 1855, "line_b": 1857, "type_a": "BikeOnly", "type_b": "BikeOnly", "crossing": 0}, "geometry": {"type": "LineString", "coordinates": [[325950.90625, 4687983.5], [325951.9375, 4687990.5]]}}, {"type": "Feature", "properties": {"id": 236, "gap_m": 7.1, "facing": 0.2, "along": 1.7, "lat_m": 0.22, "line_a": 3617, "line_b": 3618, "type_a": "BikeOnly", "type_b": "BikeOnly", "crossing": 0}, "geometry": {"type": "LineString", "coordinates": [[332191.34375, 4689887.5], [332196.4375, 4689882.5]]}}, {"type": "Feature", "properties": {"id": 237, "gap_m": 7.2, "facing": 0.4, "along": 0.9, "lat_m": 0.11, "line_a": 1745, "line_b": 1749, "type_a": "BikeOnly", "type_b": "BikeOnly", "crossing": 0}, "geometry": {"type": "LineString", "coordinates": [[326122.8125, 4678665.5], [326125.8125, 4678672.0]]}}, {"type": "Feature", "properties": {"id": 238, "gap_m": 7.2, "facing": 0.4, "along": 0.0, "lat_m": 0.0, "line_a": 1955, "line_b": 1960, "type_a": "Sharrow", "type_b": "Sharrow", "crossing": 0}, "geometry": {"type": "LineString", "coordinates": [[326669.40625, 4697556.5], [326665.5, 4697562.5]]}}, {"type": "Feature", "properties": {"id": 239, "gap_m": 7.3, "facing": 1.0, "along": 0.8, "lat_m": 0.11, "line_a": 731, "line_b": 732, "type_a": "BikeOnly", "type_b": "BikeOnly", "crossing": 0}, "geometry": {"type": "LineString", "coordinates": [[322684.1875, 4693675.0], [322677.0, 4693676.0]]}}, {"type": "Feature", "properties": {"id": 240, "gap_m": 7.3, "facing": 2.0, "along": 3.2, "lat_m": 0.4, "line_a": 467, "line_b": 468, "type_a": "BikeOnly", "type_b": "BikeOnly", "crossing": 0}, "geometry": {"type": "LineString", "coordinates": [[344774.6875, 4684961.0], [344776.8125, 4684954.0]]}}, {"type": "Feature", "properties": {"id": 241, "gap_m": 7.5, "facing": 4.4, "along": 0.5, "lat_m": 0.07, "line_a": 401, "line_b": 408, "type_a": "Sharrow", "type_b": "Sharrow", "crossing": 0}, "geometry": {"type": "LineString", "coordinates": [[320921.25, 4694625.5], [320921.84375, 4694618.0]]}}, {"type": "Feature", "properties": {"id": 242, "gap_m": 7.5, "facing": 1.6, "along": 1.4, "lat_m": 0.19, "line_a": 2871, "line_b": 2873, "type_a": "BikeOnly", "type_b": "BikeOnly", "crossing": 0}, "geometry": {"type": "LineString", "coordinates": [[328608.15625, 4694873.0], [328601.25, 4694876.0]]}}, {"type": "Feature", "properties": {"id": 243, "gap_m": 7.6, "facing": 0.4, "along": 1.0, "lat_m": 0.14, "line_a": 1860, "line_b": 1866, "type_a": "BikeOnly", "type_b": "BikeOnly", "crossing": 0}, "geometry": {"type": "LineString", "coordinates": [[325961.84375, 4687596.5], [325962.75, 4687589.0]]}}, {"type": "Feature", "properties": {"id": 244, "gap_m": 7.6, "facing": 1.1, "along": 1.2, "lat_m": 0.16, "line_a": 1962, "line_b": 1964, "type_a": "BikeOnly", "type_b": "BikeOnly", "crossing": 0}, "geometry": {"type": "LineString", "coordinates": [[326623.65625, 4680766.0], [326617.1875, 4680762.0]]}}, {"type": "Feature", "properties": {"id": 245, "gap_m": 7.6, "facing": 0.4, "along": 0.7, "lat_m": 0.09, "line_a": 2603, "line_b": 2616, "type_a": "BikeOnly", "type_b": "BikeOnly", "crossing": 0}, "geometry": {"type": "LineString", "coordinates": [[328366.8125, 4680665.0], [328368.3125, 4680672.5]]}}, {"type": "Feature", "properties": {"id": 246, "gap_m": 7.6, "facing": 3.3, "along": 0.9, "lat_m": 0.12, "line_a": 815, "line_b": 818, "type_a": "BikeOnly", "type_b": "BikeOnly", "crossing": 0}, "geometry": {"type": "LineString", "coordinates": [[322627.9375, 4683941.0], [322635.4375, 4683939.5]]}}, {"type": "Feature", "properties": {"id": 247, "gap_m": 7.7, "facing": 0.4, "along": 0.6, "lat_m": 0.08, "line_a": 2574, "line_b": 2589, "type_a": "BikeOnly", "type_b": "BikeOnly", "crossing": 0}, "geometry": {"type": "LineString", "coordinates": [[328468.0625, 4697730.0], [328466.40625, 4697722.5]]}}, {"type": "Feature", "properties": {"id": 248, "gap_m": 7.8, "facing": 0.1, "along": 1.3, "lat_m": 0.18, "line_a": 2023, "line_b": 2220, "type_a": "BikeOnly", "type_b": "BikeOnly", "crossing": 0}, "geometry": {"type": "LineString", "coordinates": [[326793.3125, 4693694.0], [326798.25, 4693688.0]]}}, {"type": "Feature", "properties": {"id": 249, "gap_m": 7.8, "facing": 0.2, "along": 1.1, "lat_m": 0.15, "line_a": 1117, "line_b": 1118, "type_a": "BikeOnly", "type_b": "BikeOnly", "crossing": 0}, "geometry": {"type": "LineString", "coordinates": [[324407.09375, 4694333.0], [324399.3125, 4694334.0]]}}, {"type": "Feature", "properties": {"id": 250, "gap_m": 7.9, "facing": 0.1, "along": 0.8, "lat_m": 0.11, "line_a": 770, "line_b": 771, "type_a": "Sharrow", "type_b": "Sharrow", "crossing": 0}, "geometry": {"type": "LineString", "coordinates": [[322750.34375, 4690530.0], [322746.75, 4690523.0]]}}, {"type": "Feature", "properties": {"id": 251, "gap_m": 8.0, "facing": 3.8, "along": 2.4, "lat_m": 0.34, "line_a": 1479, "line_b": 1480, "type_a": "BikeOnly", "type_b": "BikeOnly", "crossing": 0}, "geometry": {"type": "LineString", "coordinates": [[325461.4375, 4695712.0], [325466.6875, 4695718.0]]}}, {"type": "Feature", "properties": {"id": 252, "gap_m": 8.0, "facing": 0.1, "along": 0.7, "lat_m": 0.1, "line_a": 3337, "line_b": 3339, "type_a": "BikeOnly", "type_b": "BikeOnly", "crossing": 0}, "geometry": {"type": "LineString", "coordinates": [[330525.0, 4687643.0], [330525.0, 4687635.0]]}}, {"type": "Feature", "properties": {"id": 253, "gap_m": 8.1, "facing": 1.2, "along": 4.8, "lat_m": 0.68, "line_a": 1679, "line_b": 1686, "type_a": "BikeOnly", "type_b": "BikeOnly", "crossing": 0}, "geometry": {"type": "LineString", "coordinates": [[325112.84375, 4686475.5], [325113.75, 4686467.5]]}}, {"type": "Feature", "properties": {"id": 254, "gap_m": 8.1, "facing": 2.6, "along": 1.4, "lat_m": 0.2, "line_a": 355, "line_b": 356, "type_a": "BikeOnly", "type_b": "BikeOnly", "crossing": 0}, "geometry": {"type": "LineString", "coordinates": [[337836.90625, 4678761.0], [337829.25, 4678763.5]]}}, {"type": "Feature", "properties": {"id": 255, "gap_m": 8.1, "facing": 0.1, "along": 0.3, "lat_m": 0.04, "line_a": 2325, "line_b": 2339, "type_a": "BikeOnly", "type_b": "BikeOnly", "crossing": 0}, "geometry": {"type": "LineString", "coordinates": [[327072.90625, 4684612.5], [327077.6875, 4684606.0]]}}, {"type": "Feature", "properties": {"id": 256, "gap_m": 8.1, "facing": 0.1, "along": 0.4, "lat_m": 0.06, "line_a": 2321, "line_b": 2329, "type_a": "BikeOnly", "type_b": "BikeOnly", "crossing": 0}, "geometry": {"type": "LineString", "coordinates": [[327074.40625, 4684613.0], [327079.1875, 4684606.5]]}}, {"type": "Feature", "properties": {"id": 257, "gap_m": 8.1, "facing": 0.3, "along": 2.5, "lat_m": 0.35, "line_a": 1003, "line_b": 1010, "type_a": "BikeOnly", "type_b": "BikeOnly", "crossing": 0}, "geometry": {"type": "LineString", "coordinates": [[323596.5, 4691084.0], [323589.0, 4691081.0]]}}, {"type": "Feature", "properties": {"id": 258, "gap_m": 8.1, "facing": 0.1, "along": 0.3, "lat_m": 0.05, "line_a": 3041, "line_b": 3042, "type_a": "BikeOnly", "type_b": "BikeOnly", "crossing": 0}, "geometry": {"type": "LineString", "coordinates": [[329166.75, 4693271.0], [329174.6875, 4693269.5]]}}, {"type": "Feature", "properties": {"id": 259, "gap_m": 8.1, "facing": 2.5, "along": 1.7, "lat_m": 0.23, "line_a": 3504, "line_b": 3505, "type_a": "BikeOnly", "type_b": "BikeOnly", "crossing": 0}, "geometry": {"type": "LineString", "coordinates": [[331799.25, 4688467.5], [331807.34375, 4688467.0]]}}, {"type": "Feature", "properties": {"id": 260, "gap_m": 8.2, "facing": 3.1, "along": 2.8, "lat_m": 0.39, "line_a": 2242, "line_b": 2243, "type_a": "BikeOnly", "type_b": "BikeOnly", "crossing": 0}, "geometry": {"type": "LineString", "coordinates": [[326910.4375, 4691973.5], [326904.90625, 4691967.5]]}}, {"type": "Feature", "properties": {"id": 261, "gap_m": 8.3, "facing": 1.9, "along": 0.7, "lat_m": 0.11, "line_a": 130, "line_b": 135, "type_a": "BikeOnly", "type_b": "BikeOnly", "crossing": 0}, "geometry": {"type": "LineString", "coordinates": [[335350.1875, 4679460.5], [335358.4375, 4679461.5]]}}, {"type": "Feature", "properties": {"id": 262, "gap_m": 8.3, "facing": 2.0, "along": 3.4, "lat_m": 0.5, "line_a": 2433, "line_b": 2437, "type_a": "BikeOnly", "type_b": "Sharrow", "crossing": 0}, "geometry": {"type": "LineString", "coordinates": [[327448.1875, 4691931.0], [327441.90625, 4691936.5]]}}, {"type": "Feature", "properties": {"id": 263, "gap_m": 8.4, "facing": 1.4, "along": 2.0, "lat_m": 0.3, "line_a": 1120, "line_b": 1128, "type_a": "BikeOnly", "type_b": "BikeOnly", "crossing": 0}, "geometry": {"type": "LineString", "coordinates": [[323932.8125, 4694318.5], [323924.6875, 4694316.5]]}}, {"type": "Feature", "properties": {"id": 264, "gap_m": 8.4, "facing": 0.5, "along": 1.3, "lat_m": 0.19, "line_a": 3278, "line_b": 3279, "type_a": "BikeOnly", "type_b": "BikeOnly", "crossing": 0}, "geometry": {"type": "LineString", "coordinates": [[319380.3125, 4688668.0], [319372.9375, 4688664.0]]}}, {"type": "Feature", "properties": {"id": 265, "gap_m": 8.4, "facing": 0.0, "along": 0.0, "lat_m": 0.0, "line_a": 3506, "line_b": 3509, "type_a": "BikeOnly", "type_b": "BikeOnly", "crossing": 0}, "geometry": {"type": "LineString", "coordinates": [[331694.84375, 4688467.0], [331703.25, 4688467.0]]}}, {"type": "Feature", "properties": {"id": 266, "gap_m": 8.5, "facing": 1.2, "along": 2.4, "lat_m": 0.36, "line_a": 2270, "line_b": 2273, "type_a": "Sharrow", "type_b": "Sharrow", "crossing": 0}, "geometry": {"type": "LineString", "coordinates": [[327060.75, 4689260.0], [327068.6875, 4689263.0]]}}, {"type": "Feature", "properties": {"id": 267, "gap_m": 8.5, "facing": 0.5, "along": 1.0, "lat_m": 0.14, "line_a": 213, "line_b": 214, "type_a": "BikeOnly", "type_b": "BikeOnly", "crossing": 0}, "geometry": {"type": "LineString", "coordinates": [[320317.5, 4677390.5], [320317.8125, 4677382.0]]}}, {"type": "Feature", "properties": {"id": 268, "gap_m": 8.5, "facing": 0.2, "along": 0.3, "lat_m": 0.05, "line_a": 311, "line_b": 313, "type_a": "Sharrow", "type_b": "Sharrow", "crossing": 0}, "geometry": {"type": "LineString", "coordinates": [[337611.15625, 4694118.0], [337610.5625, 4694109.5]]}}, {"type": "Feature", "properties": {"id": 269, "gap_m": 8.5, "facing": 2.1, "along": 4.9, "lat_m": 0.73, "line_a": 1922, "line_b": 1928, "type_a": "Sharrow", "type_b": "Sharrow", "crossing": 0}, "geometry": {"type": "LineString", "coordinates": [[325676.6875, 4684599.5], [325683.59375, 4684594.5]]}}, {"type": "Feature", "properties": {"id": 270, "gap_m": 8.6, "facing": 0.2, "along": 0.3, "lat_m": 0.04, "line_a": 2459, "line_b": 2471, "type_a": "BikeOnly", "type_b": "BikeOnly", "crossing": 0}, "geometry": {"type": "LineString", "coordinates": [[327480.15625, 4690428.0], [327474.59375, 4690421.5]]}}, {"type": "Feature", "properties": {"id": 271, "gap_m": 8.6, "facing": 0.1, "along": 0.6, "lat_m": 0.09, "line_a": 373, "line_b": 374, "type_a": "Sharrow", "type_b": "Sharrow", "crossing": 0}, "geometry": {"type": "LineString", "coordinates": [[337809.75, 4692138.5], [337812.90625, 4692146.5]]}}, {"type": "Feature", "properties": {"id": 272, "gap_m": 8.6, "facing": 2.8, "along": 5.2, "lat_m": 0.78, "line_a": 1533, "line_b": 1537, "type_a": "BikeOnly", "type_b": "BikeOnly", "crossing": 0}, "geometry": {"type": "LineString", "coordinates": [[325119.75, 4694208.5], [325112.40625, 4694204.0]]}}, {"type": "Feature", "properties": {"id": 273, "gap_m": 8.6, "facing": 0.6, "along": 0.0, "lat_m": 0.0, "line_a": 518, "line_b": 520, "type_a": "Sharrow", "type_b": "Sharrow", "crossing": 0}, "geometry": {"type": "LineString", "coordinates": [[321058.34375, 4695260.0], [321059.84375, 4695268.5]]}}, {"type": "Feature", "properties": {"id": 274, "gap_m": 8.6, "facing": 0.8, "along": 1.1, "lat_m": 0.17, "line_a": 960, "line_b": 964, "type_a": "BikeOnly", "type_b": "BikeOnly", "crossing": 0}, "geometry": {"type": "LineString", "coordinates": [[323537.84375, 4694226.0], [323546.25, 4694228.0]]}}, {"type": "Feature", "properties": {"id": 275, "gap_m": 8.7, "facing": 0.7, "along": 0.3, "lat_m": 0.05, "line_a": 1761, "line_b": 1772, "type_a": "BikeOnly", "type_b": "BikeOnly", "crossing": 0}, "geometry": {"type": "LineString", "coordinates": [[326119.0625, 4694475.5], [326113.34375, 4694482.0]]}}, {"type": "Feature", "properties": {"id": 276, "gap_m": 8.7, "facing": 2.1, "along": 1.0, "lat_m": 0.16, "line_a": 1060, "line_b": 1064, "type_a": "Sharrow", "type_b": "Sharrow", "crossing": 0}, "geometry": {"type": "LineString", "coordinates": [[323724.75, 4686673.5], [323723.09375, 4686665.0]]}}, {"type": "Feature", "properties": {"id": 277, "gap_m": 8.7, "facing": 0.3, "along": 0.0, "lat_m": 0.0, "line_a": 742, "line_b": 745, "type_a": "BikeOnly", "type_b": "BikeOnly", "crossing": 0}, "geometry": {"type": "LineString", "coordinates": [[322282.8125, 4692317.0], [322291.34375, 4692315.5]]}}, {"type": "Feature", "properties": {"id": 278, "gap_m": 8.8, "facing": 3.0, "along": 1.8, "lat_m": 0.28, "line_a": 3013, "line_b": 3016, "type_a": "Sharrow", "type_b": "Sharrow", "crossing": 0}, "geometry": {"type": "LineString", "coordinates": [[329477.5625, 4680387.5], [329484.4375, 4680393.0]]}}, {"type": "Feature", "properties": {"id": 279, "gap_m": 8.8, "facing": 0.6, "along": 1.5, "lat_m": 0.23, "line_a": 2638, "line_b": 2641, "type_a": "BikeOnly", "type_b": "BikeOnly", "crossing": 0}, "geometry": {"type": "LineString", "coordinates": [[328441.34375, 4694259.5], [328432.65625, 4694258.0]]}}, {"type": "Feature", "properties": {"id": 280, "gap_m": 8.9, "facing": 0.2, "along": 1.1, "lat_m": 0.16, "line_a": 1588, "line_b": 1602, "type_a": "BikeOnly", "type_b": "BikeOnly", "crossing": 0}, "geometry": {"type": "LineString", "coordinates": [[325224.4375, 4690341.0], [325221.90625, 4690332.5]]}}, {"type": "Feature", "properties": {"id": 281, "gap_m": 9.0, "facing": 0.6, "along": 2.2, "lat_m": 0.35, "line_a": 1974, "line_b": 1980, "type_a": "BikeOnly", "type_b": "BikeOnly", "crossing": 0}, "geometry": {"type": "LineString", "coordinates": [[326696.40625, 4696097.0], [326688.15625, 4696100.5]]}}, {"type": "Feature", "properties": {"id": 282, "gap_m": 9.0, "facing": 2.1, "along": 0.2, "lat_m": 0.03, "line_a": 1909, "line_b": 1920, "type_a": "Sharrow", "type_b": "Sharrow", "crossing": 0}, "geometry": {"type": "LineString", "coordinates": [[325693.9375, 4685670.5], [325693.8125, 4685679.5]]}}, {"type": "Feature", "properties": {"id": 283, "gap_m": 9.1, "facing": 7.3, "along": 2.6, "lat_m": 0.41, "line_a": 844, "line_b": 847, "type_a": "BikeOnly", "type_b": "BikeOnly", "crossing": 0}, "geometry": {"type": "LineString", "coordinates": [[322797.3125, 4693659.5], [322788.3125, 4693660.5]]}}, {"type": "Feature", "properties": {"id": 284, "gap_m": 9.1, "facing": 0.8, "along": 0.9, "lat_m": 0.14, "line_a": 1612, "line_b": 1616, "type_a": "Sharrow", "type_b": "Sharrow", "crossing": 0}, "geometry": {"type": "LineString", "coordinates": [[325348.5, 4689955.0], [325357.0625, 4689958.0]]}}, {"type": "Feature", "properties": {"id": 285, "gap_m": 9.2, "facing": 2.4, "along": 1.7, "lat_m": 0.28, "line_a": 1810, "line_b": 1812, "type_a": "BikeOnly", "type_b": "BikeOnly", "crossing": 0}, "geometry": {"type": "LineString", "coordinates": [[326031.0, 4690893.5], [326040.0, 4690891.5]]}}, {"type": "Feature", "properties": {"id": 286, "gap_m": 9.3, "facing": 5.5, "along": 2.8, "lat_m": 0.46, "line_a": 1570, "line_b": 1571, "type_a": "BikeOnly", "type_b": "BikeOnly", "crossing": 0}, "geometry": {"type": "LineString", "coordinates": [[325410.4375, 4696770.0], [325417.5, 4696764.0]]}}, {"type": "Feature", "properties": {"id": 287, "gap_m": 9.3, "facing": 0.3, "along": 3.2, "lat_m": 0.52, "line_a": 1290, "line_b": 1293, "type_a": "BikeOnly", "type_b": "BikeOnly", "crossing": 0}, "geometry": {"type": "LineString", "coordinates": [[325037.5625, 4695629.0], [325043.6875, 4695622.0]]}}, {"type": "Feature", "properties": {"id": 288, "gap_m": 9.3, "facing": 3.8, "along": 0.9, "lat_m": 0.15, "line_a": 976, "line_b": 979, "type_a": "BikeOnly", "type_b": "BikeOnly", "crossing": 0}, "geometry": {"type": "LineString", "coordinates": [[323412.90625, 4693690.0], [323422.1875, 4693691.0]]}}, {"type": "Feature", "properties": {"id": 289, "gap_m": 9.3, "facing": 0.1, "along": 0.3, "lat_m": 0.04, "line_a": 1608, "line_b": 1628, "type_a": "BikeOnly", "type_b": "BikeOnly", "crossing": 0}, "geometry": {"type": "LineString", "coordinates": [[325450.9375, 4690028.0], [325442.09375, 4690025.0]]}}, {"type": "Feature", "properties": {"id": 290, "gap_m": 9.4, "facing": 0.3, "along": 1.9, "lat_m": 0.3, "line_a": 1002, "line_b": 1012, "type_a": "BikeOnly", "type_b": "BikeOnly", "crossing": 0}, "geometry": {"type": "LineString", "coordinates": [[323474.5625, 4691379.0], [323465.84375, 4691382.5]]}}, {"type": "Feature", "properties": {"id": 291, "gap_m": 9.5, "facing": 0.0, "along": 0.2, "lat_m": 0.04, "line_a": 2893, "line_b": 2901, "type_a": "BikeOnly", "type_b": "BikeOnly", "crossing": 0}, "geometry": {"type": "LineString", "coordinates": [[329034.0, 4693211.0], [329026.65625, 4693217.0]]}}, {"type": "Feature", "properties": {"id": 292, "gap_m": 9.5, "facing": 5.5, "along": 3.2, "lat_m": 0.53, "line_a": 588, "line_b": 592, "type_a": "BikeOnly", "type_b": "BikeOnly", "crossing": 0}, "geometry": {"type": "LineString", "coordinates": [[348243.75, 4681078.5], [348253.1875, 4681079.5]]}}, {"type": "Feature", "properties": {"id": 293, "gap_m": 9.5, "facing": 0.4, "along": 0.8, "lat_m": 0.13, "line_a": 961, "line_b": 966, "type_a": "BikeOnly", "type_b": "BikeOnly", "crossing": 0}, "geometry": {"type": "LineString", "coordinates": [[323624.6875, 4694238.0], [323634.0, 4694240.0]]}}, {"type": "Feature", "properties": {"id": 294, "gap_m": 9.5, "facing": 0.2, "along": 0.8, "lat_m": 0.13, "line_a": 1519, "line_b": 1522, "type_a": "BikeOnly", "type_b": "BikeOnly", "crossing": 0}, "geometry": {"type": "LineString", "coordinates": [[325533.0, 4694747.0], [325532.09375, 4694737.5]]}}, {"type": "Feature", "properties": {"id": 295, "gap_m": 9.6, "facing": 0.5, "along": 1.6, "lat_m": 0.27, "line_a": 3641, "line_b": 3647, "type_a": "BikeOnly", "type_b": "BikeOnly", "crossing": 0}, "geometry": {"type": "LineString", "coordinates": [[332598.90625, 4680082.5], [332590.1875, 4680086.5]]}}, {"type": "Feature", "properties": {"id": 296, "gap_m": 9.7, "facing": 7.0, "along": 3.3, "lat_m": 0.57, "line_a": 3614, "line_b": 3620, "type_a": "BikeOnly", "type_b": "BikeOnly", "crossing": 0}, "geometry": {"type": "LineString", "coordinates": [[332271.15625, 4689787.0], [332276.6875, 4689779.0]]}}, {"type": "Feature", "properties": {"id": 297, "gap_m": 9.9, "facing": 0.1, "along": 1.7, "lat_m": 0.29, "line_a": 2914, "line_b": 2917, "type_a": "BikeOnly", "type_b": "BikeOnly", "crossing": 0}, "geometry": {"type": "LineString", "coordinates": [[328972.9375, 4692027.5], [328982.6875, 4692026.0]]}}, {"type": "Feature", "properties": {"id": 298, "gap_m": 9.9, "facing": 0.1, "along": 0.9, "lat_m": 0.15, "line_a": 1514, "line_b": 1515, "type_a": "BikeOnly", "type_b": "BikeOnly", "crossing": 0}, "geometry": {"type": "LineString", "coordinates": [[325311.4375, 4695355.0], [325319.6875, 4695349.5]]}}, {"type": "Feature", "properties": {"id": 299, "gap_m": 9.9, "facing": 4.7, "along": 1.5, "lat_m": 0.26, "line_a": 2536, "line_b": 2537, "type_a": "BikeOnly", "type_b": "BikeOnly", "crossing": 0}, "geometry": {"type": "LineString", "coordinates": [[327554.6875, 4685723.5], [327547.1875, 4685730.0]]}}, {"type": "Feature", "properties": {"id": 300, "gap_m": 10.0, "facing": 0.1, "along": 1.5, "lat_m": 0.26, "line_a": 2917, "line_b": 3085, "type_a": "BikeOnly", "type_b": "BikeOnly", "crossing": 0}, "geometry": {"type": "LineString", "coordinates": [[329086.65625, 4692013.0], [329096.5625, 4692011.5]]}}, {"type": "Feature", "properties": {"id": 301, "gap_m": 10.1, "facing": 3.5, "along": 0.6, "lat_m": 0.1, "line_a": 3233, "line_b": 3237, "type_a": "BikeOnly", "type_b": "BikeOnly", "crossing": 0}, "geometry": {"type": "LineString", "coordinates": [[329776.8125, 4687991.0], [329782.34375, 4687982.5]]}}, {"type": "Feature", "properties": {"id": 302, "gap_m": 10.2, "facing": 0.0, "along": 1.3, "lat_m": 0.23, "line_a": 2594, "line_b": 2601, "type_a": "BikeOnly", "type_b": "BikeOnly", "crossing": 0}, "geometry": {"type": "LineString", "coordinates": [[328384.65625, 4680747.5], [328386.59375, 4680757.5]]}}, {"type": "Feature", "properties": {"id": 303, "gap_m": 10.2, "facing": 0.0, "along": 0.1, "lat_m": 0.02, "line_a": 1303, "line_b": 1304, "type_a": "BikeOnly", "type_b": "BikeOnly", "crossing": 0}, "geometry": {"type": "LineString", "coordinates": [[324855.0, 4695860.0], [324848.6875, 4695868.0]]}}, {"type": "Feature", "properties": {"id": 304, "gap_m": 10.3, "facing": 0.2, "along": 1.3, "lat_m": 0.23, "line_a": 591, "line_b": 595, "type_a": "Sharrow", "type_b": "Sharrow", "crossing": 0}, "geometry": {"type": "LineString", "coordinates": [[348117.59375, 4681011.5], [348109.1875, 4681005.5]]}}, {"type": "Feature", "properties": {"id": 305, "gap_m": 10.4, "facing": 0.1, "along": 1.6, "lat_m": 0.29, "line_a": 1164, "line_b": 1166, "type_a": "Sharrow", "type_b": "Sharrow", "crossing": 0}, "geometry": {"type": "LineString", "coordinates": [[324343.65625, 4690308.5], [324353.40625, 4690305.0]]}}, {"type": "Feature", "properties": {"id": 306, "gap_m": 10.4, "facing": 0.1, "along": 0.5, "lat_m": 0.09, "line_a": 471, "line_b": 484, "type_a": "BikeOnly", "type_b": "BikeOnly", "crossing": 0}, "geometry": {"type": "LineString", "coordinates": [[344974.0625, 4684248.0], [344971.1875, 4684258.0]]}}, {"type": "Feature", "properties": {"id": 307, "gap_m": 10.5, "facing": 0.1, "along": 2.5, "lat_m": 0.45, "line_a": 1155, "line_b": 1159, "type_a": "BikeOnly", "type_b": "BikeOnly", "crossing": 0}, "geometry": {"type": "LineString", "coordinates": [[324208.8125, 4691369.5], [324199.34375, 4691365.0]]}}, {"type": "Feature", "properties": {"id": 308, "gap_m": 10.5, "facing": 10.3, "along": 5.3, "lat_m": 0.97, "line_a": 689, "line_b": 693, "type_a": "BikeOnly", "type_b": "BikeOnly", "crossing": 0}, "geometry": {"type": "LineString", "coordinates": [[321995.5625, 4689068.5], [321987.75, 4689075.5]]}}, {"type": "Feature", "properties": {"id": 309, "gap_m": 10.5, "facing": 3.6, "along": 1.3, "lat_m": 0.24, "line_a": 1577, "line_b": 1590, "type_a": "Sharrow", "type_b": "Sharrow", "crossing": 0}, "geometry": {"type": "LineString", "coordinates": [[325266.59375, 4690865.5], [325267.34375, 4690855.0]]}}, {"type": "Feature", "properties": {"id": 310, "gap_m": 10.5, "facing": 0.3, "along": 1.1, "lat_m": 0.2, "line_a": 146, "line_b": 147, "type_a": "BikeOnly", "type_b": "BikeOnly", "crossing": 0}, "geometry": {"type": "LineString", "coordinates": [[335359.0625, 4694371.0], [335368.34375, 4694366.0]]}}, {"type": "Feature", "properties": {"id": 311, "gap_m": 10.6, "facing": 1.9, "along": 0.3, "lat_m": 0.06, "line_a": 3487, "line_b": 3492, "type_a": "BikeOnly", "type_b": "BikeOnly", "crossing": 0}, "geometry": {"type": "LineString", "coordinates": [[331538.09375, 4689970.5], [331545.0, 4689978.5]]}}, {"type": "Feature", "properties": {"id": 312, "gap_m": 10.6, "facing": 5.6, "along": 0.4, "lat_m": 0.08, "line_a": 1646, "line_b": 1662, "type_a": "BikeOnly", "type_b": "BikeOnly", "crossing": 0}, "geometry": {"type": "LineString", "coordinates": [[325426.8125, 4689073.0], [325430.25, 4689063.0]]}}, {"type": "Feature", "properties": {"id": 313, "gap_m": 10.6, "facing": 0.3, "along": 2.3, "lat_m": 0.42, "line_a": 1166, "line_b": 1167, "type_a": "Sharrow", "type_b": "Sharrow", "crossing": 0}, "geometry": {"type": "LineString", "coordinates": [[324468.90625, 4690259.5], [324478.9375, 4690256.0]]}}, {"type": "Feature", "properties": {"id": 314, "gap_m": 10.7, "facing": 1.4, "along": 2.7, "lat_m": 0.5, "line_a": 946, "line_b": 948, "type_a": "BikeOnly", "type_b": "BikeOnly", "crossing": 0}, "geometry": {"type": "LineString", "coordinates": [[323567.5625, 4695816.0], [323556.90625, 4695816.5]]}}, {"type": "Feature", "properties": {"id": 315, "gap_m": 10.7, "facing": 1.3, "along": 0.2, "lat_m": 0.03, "line_a": 1844, "line_b": 1847, "type_a": "BikeOnly", "type_b": "BikeOnly", "crossing": 0}, "geometry": {"type": "LineString", "coordinates": [[326044.0625, 4688240.0], [326047.8125, 4688250.0]]}}, {"type": "Feature", "properties": {"id": 316, "gap_m": 10.8, "facing": 0.2, "along": 1.8, "lat_m": 0.34, "line_a": 2626, "line_b": 2628, "type_a": "BikeOnly", "type_b": "BikeOnly", "crossing": 0}, "geometry": {"type": "LineString", "coordinates": [[328015.8125, 4695241.5], [328007.25, 4695248.0]]}}, {"type": "Feature", "properties": {"id": 317, "gap_m": 10.8, "facing": 0.0, "along": 0.3, "lat_m": 0.06, "line_a": 3414, "line_b": 3494, "type_a": "BikeOnly", "type_b": "BikeOnly", "crossing": 0}, "geometry": {"type": "LineString", "coordinates": [[331398.75, 4689800.5], [331405.9375, 4689808.5]]}}, {"type": "Feature", "properties": {"id": 318, "gap_m": 11.0, "facing": 0.1, "along": 2.0, "lat_m": 0.38, "line_a": 334, "line_b": 338, "type_a": "Sharrow", "type_b": "Sharrow", "crossing": 0}, "geometry": {"type": "LineString", "coordinates": [[337716.75, 4692729.5], [337722.3125, 4692739.0]]}}, {"type": "Feature", "properties": {"id": 319, "gap_m": 11.1, "facing": 0.1, "along": 0.2, "lat_m": 0.03, "line_a": 0, "line_b": 5, "type_a": "Sharrow", "type_b": "Sharrow", "crossing": 0}, "geometry": {"type": "LineString", "coordinates": [[318116.09375, 4682127.0], [318114.90625, 4682116.0]]}}, {"type": "Feature", "properties": {"id": 320, "gap_m": 11.1, "facing": 2.9, "along": 0.3, "lat_m": 0.05, "line_a": 1322, "line_b": 1323, "type_a": "BikeOnly", "type_b": "BikeOnly", "crossing": 0}, "geometry": {"type": "LineString", "coordinates": [[324639.75, 4678363.5], [324638.09375, 4678374.5]]}}, {"type": "Feature", "properties": {"id": 321, "gap_m": 11.2, "facing": 0.4, "along": 0.8, "lat_m": 0.15, "line_a": 1423, "line_b": 1718, "type_a": "BikeOnly", "type_b": "BikeOnly", "crossing": 0}, "geometry": {"type": "LineString", "coordinates": [[325064.84375, 4684395.5], [325072.0625, 4684404.0]]}}, {"type": "Feature", "properties": {"id": 322, "gap_m": 11.2, "facing": 1.8, "along": 0.5, "lat_m": 0.1, "line_a": 2165, "line_b": 2170, "type_a": "BikeOnly", "type_b": "BikeOnly", "crossing": 0}, "geometry": {"type": "LineString", "coordinates": [[326877.90625, 4695998.0], [326867.6875, 4696002.5]]}}, {"type": "Feature", "properties": {"id": 323, "gap_m": 11.2, "facing": 4.9, "along": 4.5, "lat_m": 0.88, "line_a": 1650, "line_b": 1660, "type_a": "BikeOnly", "type_b": "BikeOnly", "crossing": 0}, "geometry": {"type": "LineString", "coordinates": [[325419.75, 4689062.5], [325417.8125, 4689073.5]]}}, {"type": "Feature", "properties": {"id": 324, "gap_m": 11.2, "facing": 1.7, "along": 1.9, "lat_m": 0.37, "line_a": 977, "line_b": 1126, "type_a": "BikeOnly", "type_b": "BikeOnly", "crossing": 0}, "geometry": {"type": "LineString", "coordinates": [[323877.3125, 4693794.0], [323888.25, 4693796.5]]}}, {"type": "Feature", "properties": {"id": 325, "gap_m": 11.2, "facing": 1.7, "along": 1.1, "lat_m": 0.22, "line_a": 32, "line_b": 33, "type_a": "BikeOnly", "type_b": "BikeOnly", "crossing": 0}, "geometry": {"type": "LineString", "coordinates": [[318124.1875, 4689091.0], [318126.4375, 4689080.0]]}}, {"type": "Feature", "properties": {"id": 326, "gap_m": 11.2, "facing": 1.4, "along": 0.3, "lat_m": 0.06, "line_a": 3487, "line_b": 3490, "type_a": "BikeOnly", "type_b": "BikeOnly", "crossing": 0}, "geometry": {"type": "LineString", "coordinates": [[331509.90625, 4689937.5], [331502.5625, 4689929.0]]}}, {"type": "Feature", "properties": {"id": 327, "gap_m": 11.2, "facing": 4.4, "along": 1.7, "lat_m": 0.32, "line_a": 1384, "line_b": 1386, "type_a": "BikeOnly", "type_b": "BikeOnly", "crossing": 0}, "geometry": {"type": "LineString", "coordinates": [[324793.5, 4689431.5], [324786.75, 4689440.5]]}}, {"type": "Feature", "properties": {"id": 328, "gap_m": 11.3, "facing": 0.2, "along": 0.6, "lat_m": 0.11, "line_a": 2605, "line_b": 2606, "type_a": "BikeOnly", "type_b": "BikeOnly", "crossing": 0}, "geometry": {"type": "LineString", "coordinates": [[328380.75, 4680766.5], [328383.15625, 4680777.5]]}}, {"type": "Feature", "properties": {"id": 329, "gap_m": 11.3, "facing": 1.6, "along": 1.8, "lat_m": 0.36, "line_a": 300, "line_b": 336, "type_a": "Sharrow", "type_b": "Sharrow", "crossing": 0}, "geometry": {"type": "LineString", "coordinates": [[337103.84375, 4693004.0], [337115.09375, 4693003.5]]}}, {"type": "Feature", "properties": {"id": 330, "gap_m": 11.3, "facing": 2.1, "along": 3.7, "lat_m": 0.74, "line_a": 2711, "line_b": 2723, "type_a": "BikeOnly", "type_b": "BikeOnly", "crossing": 0}, "geometry": {"type": "LineString", "coordinates": [[328076.84375, 4689281.0], [328067.25, 4689275.0]]}}, {"type": "Feature", "properties": {"id": 331, "gap_m": 11.3, "facing": 0.3, "along": 1.5, "lat_m": 0.3, "line_a": 2329, "line_b": 2330, "type_a": "BikeOnly", "type_b": "BikeOnly", "crossing": 0}, "geometry": {"type": "LineString", "coordinates": [[327112.9375, 4684560.0], [327119.84375, 4684551.0]]}}, {"type": "Feature", "properties": {"id": 332, "gap_m": 11.4, "facing": 2.9, "along": 3.8, "lat_m": 0.75, "line_a": 3132, "line_b": 3134, "type_a": "BikeOnly", "type_b": "BikeOnly", "crossing": 0}, "geometry": {"type": "LineString", "coordinates": [[329237.84375, 4689974.0], [329229.3125, 4689966.5]]}}, {"type": "Feature", "properties": {"id": 333, "gap_m": 11.4, "facing": 7.6, "along": 3.9, "lat_m": 0.78, "line_a": 974, "line_b": 979, "type_a": "BikeOnly", "type_b": "BikeOnly", "crossing": 0}, "geometry": {"type": "LineString", "coordinates": [[323466.3125, 4693699.0], [323455.0625, 4693697.0]]}}, {"type": "Feature", "properties": {"id": 334, "gap_m": 11.5, "facing": 0.8, "along": 1.5, "lat_m": 0.3, "line_a": 284, "line_b": 291, "type_a": "Sharrow", "type_b": "Sharrow", "crossing": 0}, "geometry": {"type": "LineString", "coordinates": [[336250.65625, 4694134.0], [336262.0625, 4694132.5]]}}, {"type": "Feature", "properties": {"id": 335, "gap_m": 11.5, "facing": 0.2, "along": 1.5, "lat_m": 0.3, "line_a": 3094, "line_b": 3098, "type_a": "BikeOnly", "type_b": "BikeOnly", "crossing": 0}, "geometry": {"type": "LineString", "coordinates": [[329425.65625, 4691026.0], [329429.09375, 4691015.0]]}}, {"type": "Feature", "properties": {"id": 336, "gap_m": 11.5, "facing": 0.1, "along": 1.8, "lat_m": 0.37, "line_a": 289, "line_b": 299, "type_a": "Sharrow", "type_b": "Sharrow", "crossing": 0}, "geometry": {"type": "LineString", "coordinates": [[336573.3125, 4694088.0], [336584.6875, 4694086.0]]}}, {"type": "Feature", "properties": {"id": 337, "gap_m": 11.6, "facing": 0.8, "along": 4.8, "lat_m": 0.96, "line_a": 3511, "line_b": 3524, "type_a": "BikeOnly", "type_b": "BikeOnly", "crossing": 0}, "geometry": {"type": "LineString", "coordinates": [[331891.9375, 4686912.0], [331886.09375, 4686902.0]]}}, {"type": "Feature", "properties": {"id": 338, "gap_m": 11.6, "facing": 8.8, "along": 2.5, "lat_m": 0.51, "line_a": 13, "line_b": 14, "type_a": "BikeOnly", "type_b": "BikeOnly", "crossing": 0}, "geometry": {"type": "LineString", "coordinates": [[318229.8125, 4690049.0], [318231.4375, 4690060.5]]}}, {"type": "Feature", "properties": {"id": 339, "gap_m": 11.7, "facing": 0.3, "along": 0.4, "lat_m": 0.08, "line_a": 2476, "line_b": 2481, "type_a": "Sharrow", "type_b": "Sharrow", "crossing": 0}, "geometry": {"type": "LineString", "coordinates": [[327922.5, 4689667.0], [327932.84375, 4689672.5]]}}, {"type": "Feature", "properties": {"id": 340, "gap_m": 11.8, "facing": 7.2, "along": 1.5, "lat_m": 0.31, "line_a": 105, "line_b": 110, "type_a": "BikeOnly", "type_b": "BikeOnly", "crossing": 0}, "geometry": {"type": "LineString", "coordinates": [[334754.40625, 4679158.0], [334766.25, 4679158.0]]}}, {"type": "Feature", "properties": {"id": 341, "gap_m": 11.9, "facing": 0.2, "along": 3.8, "lat_m": 0.78, "line_a": 3515, "line_b": 3522, "type_a": "BikeOnly", "type_b": "BikeOnly", "crossing": 0}, "geometry": {"type": "LineString", "coordinates": [[331738.1875, 4687076.0], [331748.40625, 4687070.0]]}}, {"type": "Feature", "properties": {"id": 342, "gap_m": 12.0, "facing": 0.1, "along": 0.1, "lat_m": 0.02, "line_a": 2119, "line_b": 2327, "type_a": "BikeOnly", "type_b": "BikeOnly", "crossing": 0}, "geometry": {"type": "LineString", "coordinates": [[326861.09375, 4684159.5], [326872.1875, 4684164.0]]}}, {"type": "Feature", "properties": {"id": 343, "gap_m": 12.2, "facing": 0.7, "along": 0.5, "lat_m": 0.1, "line_a": 1292, "line_b": 1310, "type_a": "BikeOnly", "type_b": "BikeOnly", "crossing": 0}, "geometry": {"type": "LineString", "coordinates": [[324658.1875, 4696136.0], [324650.5625, 4696145.5]]}}, {"type": "Feature", "properties": {"id": 344, "gap_m": 12.2, "facing": 0.8, "along": 1.4, "lat_m": 0.29, "line_a": 3260, "line_b": 3361, "type_a": "Sharrow", "type_b": "Sharrow", "crossing": 0}, "geometry": {"type": "LineString", "coordinates": [[330241.0625, 4683711.5], [330252.75, 4683715.0]]}}, {"type": "Feature", "properties": {"id": 345, "gap_m": 12.3, "facing": 3.1, "along": 1.0, "lat_m": 0.22, "line_a": 1490, "line_b": 1491, "type_a": "BikeOnly", "type_b": "BikeOnly", "crossing": 0}, "geometry": {"type": "LineString", "coordinates": [[325346.40625, 4680135.5], [325353.59375, 4680145.5]]}}, {"type": "Feature", "properties": {"id": 346, "gap_m": 12.3, "facing": 8.2, "along": 3.0, "lat_m": 0.65, "line_a": 1643, "line_b": 1660, "type_a": "BikeOnly", "type_b": "BikeOnly", "crossing": 0}, "geometry": {"type": "LineString", "coordinates": [[325392.4375, 4689139.0], [325398.0, 4689128.0]]}}, {"type": "Feature", "properties": {"id": 347, "gap_m": 12.3, "facing": 0.2, "along": 0.9, "lat_m": 0.2, "line_a": 359, "line_b": 362, "type_a": "Sharrow", "type_b": "Sharrow", "crossing": 0}, "geometry": {"type": "LineString", "coordinates": [[337943.5625, 4692865.0], [337940.6875, 4692877.0]]}}, {"type": "Feature", "properties": {"id": 348, "gap_m": 12.5, "facing": 1.5, "along": 0.9, "lat_m": 0.19, "line_a": 3005, "line_b": 3007, "type_a": "BikeOnly", "type_b": "BikeOnly", "crossing": 0}, "geometry": {"type": "LineString", "coordinates": [[329147.5625, 4697728.0], [329147.09375, 4697715.5]]}}, {"type": "Feature", "properties": {"id": 349, "gap_m": 12.5, "facing": 2.3, "along": 0.9, "lat_m": 0.2, "line_a": 364, "line_b": 366, "type_a": "Sharrow", "type_b": "Sharrow", "crossing": 0}, "geometry": {"type": "LineString", "coordinates": [[337924.9375, 4692950.5], [337928.5625, 4692938.5]]}}, {"type": "Feature", "properties": {"id": 350, "gap_m": 12.6, "facing": 3.7, "along": 0.2, "lat_m": 0.04, "line_a": 788, "line_b": 799, "type_a": "BikeOnly", "type_b": "BikeOnly", "crossing": 0}, "geometry": {"type": "LineString", "coordinates": [[322366.1875, 4689695.5], [322355.40625, 4689702.0]]}}, {"type": "Feature", "properties": {"id": 351, "gap_m": 12.8, "facing": 1.9, "along": 1.7, "lat_m": 0.39, "line_a": 2065, "line_b": 2066, "type_a": "Sharrow", "type_b": "Sharrow", "crossing": 0}, "geometry": {"type": "LineString", "coordinates": [[326769.15625, 4689098.5], [326757.59375, 4689093.0]]}}, {"type": "Feature", "properties": {"id": 352, "gap_m": 12.9, "facing": 0.1, "along": 0.9, "lat_m": 0.21, "line_a": 1001, "line_b": 1003, "type_a": "BikeOnly", "type_b": "BikeOnly", "crossing": 0}, "geometry": {"type": "LineString", "coordinates": [[323665.8125, 4691115.5], [323654.09375, 4691110.0]]}}, {"type": "Feature", "properties": {"id": 353, "gap_m": 12.9, "facing": 0.1, "along": 0.3, "lat_m": 0.07, "line_a": 859, "line_b": 862, "type_a": "BikeOnly", "type_b": "BikeOnly", "crossing": 0}, "geometry": {"type": "LineString", "coordinates": [[322961.25, 4696824.5], [322973.84375, 4696827.5]]}}, {"type": "Feature", "properties": {"id": 354, "gap_m": 13.0, "facing": 0.4, "along": 0.1, "lat_m": 0.01, "line_a": 1773, "line_b": 2007, "type_a": "BikeOnly", "type_b": "BikeOnly", "crossing": 0}, "geometry": {"type": "LineString", "coordinates": [[326217.15625, 4694361.5], [326225.40625, 4694351.5]]}}, {"type": "Feature", "properties": {"id": 355, "gap_m": 13.0, "facing": 2.1, "along": 0.3, "lat_m": 0.06, "line_a": 1277, "line_b": 1280, "type_a": "BikeOnly", "type_b": "BikeOnly", "crossing": 0}, "geometry": {"type": "LineString", "coordinates": [[318906.15625, 4686512.5], [318902.5625, 4686500.0]]}}, {"type": "Feature", "properties": {"id": 356, "gap_m": 13.0, "facing": 1.1, "along": 3.0, "lat_m": 0.67, "line_a": 3372, "line_b": 3375, "type_a": "BikeOnly", "type_b": "BikeOnly", "crossing": 0}, "geometry": {"type": "LineString", "coordinates": [[331112.40625, 4692181.0], [331111.9375, 4692194.0]]}}, {"type": "Feature", "properties": {"id": 357, "gap_m": 13.0, "facing": 0.2, "along": 0.1, "lat_m": 0.03, "line_a": 1540, "line_b": 1541, "type_a": "BikeOnly", "type_b": "BikeOnly", "crossing": 0}, "geometry": {"type": "LineString", "coordinates": [[325098.90625, 4694098.0], [325092.75, 4694109.5]]}}, {"type": "Feature", "properties": {"id": 358, "gap_m": 13.1, "facing": 1.7, "along": 3.7, "lat_m": 0.85, "line_a": 2867, "line_b": 2878, "type_a": "BikeOnly", "type_b": "BikeOnly", "crossing": 0}, "geometry": {"type": "LineString", "coordinates": [[329004.90625, 4694966.5], [329006.09375, 4694953.5]]}}, {"type": "Feature", "properties": {"id": 359, "gap_m": 13.2, "facing": 7.6, "along": 1.0, "lat_m": 0.23, "line_a": 3036, "line_b": 3038, "type_a": "BikeOnly", "type_b": "BikeOnly", "crossing": 0}, "geometry": {"type": "LineString", "coordinates": [[329456.5625, 4694299.5], [329460.75, 4694287.0]]}}, {"type": "Feature", "properties": {"id": 360, "gap_m": 13.2, "facing": 0.2, "along": 1.3, "lat_m": 0.31, "line_a": 60, "line_b": 96, "type_a": "BikeOnly", "type_b": "BikeOnly", "crossing": 0}, "geometry": {"type": "LineString", "coordinates": [[334287.0, 4680829.0], [334300.1875, 4680830.0]]}}, {"type": "Feature", "properties": {"id": 361, "gap_m": 13.4, "facing": 0.5, "along": 1.3, "lat_m": 0.3, "line_a": 577, "line_b": 578, "type_a": "Sharrow", "type_b": "Sharrow", "crossing": 0}, "geometry": {"type": "LineString", "coordinates": [[347681.84375, 4680918.0], [347695.1875, 4680917.0]]}}, {"type": "Feature", "properties": {"id": 362, "gap_m": 13.4, "facing": 4.2, "along": 3.7, "lat_m": 0.85, "line_a": 1500, "line_b": 1513, "type_a": "BikeOnly", "type_b": "BikeOnly", "crossing": 0}, "geometry": {"type": "LineString", "coordinates": [[325374.4375, 4695311.5], [325363.34375, 4695319.0]]}}, {"type": "Feature", "properties": {"id": 363, "gap_m": 13.5, "facing": 1.3, "along": 0.4, "lat_m": 0.1, "line_a": 324, "line_b": 327, "type_a": "Sharrow", "type_b": "Sharrow", "crossing": 0}, "geometry": {"type": "LineString", "coordinates": [[337700.25, 4693446.5], [337695.15625, 4693459.0]]}}, {"type": "Feature", "properties": {"id": 364, "gap_m": 13.5, "facing": 0.5, "along": 2.1, "lat_m": 0.5, "line_a": 2804, "line_b": 2812, "type_a": "BikeOnly", "type_b": "BikeOnly", "crossing": 0}, "geometry": {"type": "LineString", "coordinates": [[328143.0, 4683311.0], [328154.84375, 4683317.5]]}}, {"type": "Feature", "properties": {"id": 365, "gap_m": 13.5, "facing": 0.0, "along": 0.6, "lat_m": 0.14, "line_a": 839, "line_b": 843, "type_a": "BikeOnly", "type_b": "BikeOnly", "crossing": 0}, "geometry": {"type": "LineString", "coordinates": [[323284.65625, 4693864.0], [323280.90625, 4693877.0]]}}, {"type": "Feature", "properties": {"id": 366, "gap_m": 13.6, "facing": 2.8, "along": 1.0, "lat_m": 0.23, "line_a": 2589, "line_b": 2593, "type_a": "BikeOnly", "type_b": "BikeOnly", "crossing": 0}, "geometry": {"type": "LineString", "coordinates": [[328455.4375, 4697636.0], [328454.25, 4697622.5]]}}, {"type": "Feature", "properties": {"id": 367, "gap_m": 13.6, "facing": 4.8, "along": 3.5, "lat_m": 0.83, "line_a": 538, "line_b": 540, "type_a": "BikeOnly", "type_b": "BikeOnly", "crossing": 0}, "geometry": {"type": "LineString", "coordinates": [[321548.6875, 4691075.5], [321561.3125, 4691080.5]]}}, {"type": "Feature", "properties": {"id": 368, "gap_m": 13.6, "facing": 0.4, "along": 1.5, "lat_m": 0.35, "line_a": 2016, "line_b": 2017, "type_a": "BikeOnly", "type_b": "BikeOnly", "crossing": 0}, "geometry": {"type": "LineString", "coordinates": [[326610.4375, 4693499.5], [326623.8125, 4693497.0]]}}, {"type": "Feature", "properties": {"id": 369, "gap_m": 13.6, "facing": 2.7, "along": 1.7, "lat_m": 0.4, "line_a": 1477, "line_b": 1508, "type_a": "BikeOnly", "type_b": "BikeOnly", "crossing": 0}, "geometry": {"type": "LineString", "coordinates": [[325121.5625, 4695550.5], [325130.25, 4695540.0]]}}, {"type": "Feature", "properties": {"id": 370, "gap_m": 13.7, "facing": 0.4, "along": 3.8, "lat_m": 0.9, "line_a": 2111, "line_b": 2112, "type_a": "BikeOnly", "type_b": "BikeOnly", "crossing": 0}, "geometry": {"type": "LineString", "coordinates": [[326366.40625, 4683896.0], [326355.0, 4683888.5]]}}, {"type": "Feature", "properties": {"id": 371, "gap_m": 13.8, "facing": 0.1, "along": 0.0, "lat_m": 0.0, "line_a": 359, "line_b": 361, "type_a": "Sharrow", "type_b": "Sharrow", "crossing": 0}, "geometry": {"type": "LineString", "coordinates": [[337955.5625, 4692811.0], [337958.5625, 4692797.5]]}}, {"type": "Feature", "properties": {"id": 372, "gap_m": 13.9, "facing": 1.3, "along": 0.8, "lat_m": 0.19, "line_a": 1289, "line_b": 1298, "type_a": "BikeOnly", "type_b": "BikeOnly", "crossing": 0}, "geometry": {"type": "LineString", "coordinates": [[324602.6875, 4696201.0], [324593.5625, 4696211.5]]}}, {"type": "Feature", "properties": {"id": 373, "gap_m": 14.0, "facing": 5.9, "along": 3.3, "lat_m": 0.79, "line_a": 164, "line_b": 166, "type_a": "BikeOnly", "type_b": "BikeOnly", "crossing": 0}, "geometry": {"type": "LineString", "coordinates": [[335580.59375, 4678540.0], [335567.5625, 4678545.0]]}}, {"type": "Feature", "properties": {"id": 374, "gap_m": 14.0, "facing": 8.5, "along": 0.6, "lat_m": 0.14, "line_a": 1700, "line_b": 1705, "type_a": "BikeOnly", "type_b": "BikeOnly", "crossing": 0}, "geometry": {"type": "LineString", "coordinates": [[325273.65625, 4685739.5], [325277.25, 4685726.0]]}}, {"type": "Feature", "properties": {"id": 375, "gap_m": 14.0, "facing": 0.3, "along": 3.3, "lat_m": 0.8, "line_a": 1296, "line_b": 1301, "type_a": "Sharrow", "type_b": "BikeOnly", "crossing": 0}, "geometry": {"type": "LineString", "coordinates": [[324787.5, 4695972.5], [324795.4375, 4695961.0]]}}, {"type": "Feature", "properties": {"id": 376, "gap_m": 14.0, "facing": 0.5, "along": 0.4, "lat_m": 0.09, "line_a": 874, "line_b": 1011, "type_a": "BikeOnly", "type_b": "BikeOnly", "crossing": 0}, "geometry": {"type": "LineString", "coordinates": [[323320.1875, 4691436.5], [323333.25, 4691431.5]]}}, {"type": "Feature", "properties": {"id": 377, "gap_m": 14.0, "facing": 1.2, "along": 0.5, "lat_m": 0.12, "line_a": 322, "line_b": 325, "type_a": "Sharrow", "type_b": "Sharrow", "crossing": 0}, "geometry": {"type": "LineString", "coordinates": [[337698.0, 4693461.0], [337703.25, 4693448.0]]}}, {"type": "Feature", "properties": {"id": 378, "gap_m": 14.0, "facing": 3.9, "along": 0.2, "lat_m": 0.05, "line_a": 2663, "line_b": 2668, "type_a": "BikeOnly", "type_b": "BikeOnly", "crossing": 0}, "geometry": {"type": "LineString", "coordinates": [[328406.84375, 4692119.0], [328395.3125, 4692127.0]]}}, {"type": "Feature", "properties": {"id": 379, "gap_m": 14.1, "facing": 0.7, "along": 2.9, "lat_m": 0.72, "line_a": 1460, "line_b": 1461, "type_a": "BikeOnly", "type_b": "BikeOnly", "crossing": 0}, "geometry": {"type": "LineString", "coordinates": [[325041.0, 4683212.5], [325050.90625, 4683202.5]]}}, {"type": "Feature", "properties": {"id": 380, "gap_m": 14.1, "facing": 3.3, "along": 2.6, "lat_m": 0.65, "line_a": 2576, "line_b": 2580, "type_a": "BikeOnly", "type_b": "BikeOnly", "crossing": 0}, "geometry": {"type": "LineString", "coordinates": [[328435.8125, 4697521.0], [328437.4375, 4697507.0]]}}, {"type": "Feature", "properties": {"id": 381, "gap_m": 14.1, "facing": 1.8, "along": 1.2, "lat_m": 0.28, "line_a": 362, "line_b": 363, "type_a": "Sharrow", "type_b": "Sharrow", "crossing": 0}, "geometry": {"type": "LineString", "coordinates": [[337925.40625, 4692937.0], [337921.34375, 4692950.5]]}}, {"type": "Feature", "properties": {"id": 382, "gap_m": 14.1, "facing": 2.0, "along": 0.4, "lat_m": 0.11, "line_a": 1853, "line_b": 1863, "type_a": "BikeOnly", "type_b": "BikeOnly", "crossing": 0}, "geometry": {"type": "LineString", "coordinates": [[325980.3125, 4687569.0], [325978.5, 4687583.0]]}}, {"type": "Feature", "properties": {"id": 383, "gap_m": 14.2, "facing": 1.4, "along": 1.2, "lat_m": 0.29, "line_a": 1630, "line_b": 1637, "type_a": "BikeOnly", "type_b": "BikeOnly", "crossing": 0}, "geometry": {"type": "LineString", "coordinates": [[325272.4375, 4689652.0], [325267.9375, 4689638.5]]}}, {"type": "Feature", "properties": {"id": 384, "gap_m": 14.3, "facing": 0.6, "along": 3.6, "lat_m": 0.9, "line_a": 1876, "line_b": 1878, "type_a": "BikeOnly", "type_b": "BikeOnly", "crossing": 0}, "geometry": {"type": "LineString", "coordinates": [[325955.5625, 4686641.5], [325967.6875, 4686634.0]]}}, {"type": "Feature", "properties": {"id": 385, "gap_m": 14.4, "facing": 0.1, "along": 1.5, "lat_m": 0.39, "line_a": 1309, "line_b": 1326, "type_a": "BikeOnly", "type_b": "BikeOnly", "crossing": 0}, "geometry": {"type": "LineString", "coordinates": [[325040.6875, 4695653.5], [325032.0, 4695665.0]]}}, {"type": "Feature", "properties": {"id": 386, "gap_m": 14.4, "facing": 2.0, "along": 0.8, "lat_m": 0.21, "line_a": 1845, "line_b": 1848, "type_a": "BikeOnly", "type_b": "BikeOnly", "crossing": 0}, "geometry": {"type": "LineString", "coordinates": [[326020.34375, 4688147.5], [326014.0625, 4688134.5]]}}, {"type": "Feature", "properties": {"id": 387, "gap_m": 14.5, "facing": 2.0, "along": 1.8, "lat_m": 0.45, "line_a": 1990, "line_b": 1994, "type_a": "BikeOnly", "type_b": "BikeOnly", "crossing": 0}, "geometry": {"type": "LineString", "coordinates": [[326272.5, 4678997.5], [326266.1875, 4678984.5]]}}, {"type": "Feature", "properties": {"id": 388, "gap_m": 14.5, "facing": 2.3, "along": 1.6, "lat_m": 0.39, "line_a": 364, "line_b": 368, "type_a": "Sharrow", "type_b": "Sharrow", "crossing": 0}, "geometry": {"type": "LineString", "coordinates": [[337906.65625, 4693004.0], [337901.40625, 4693017.5]]}}, {"type": "Feature", "properties": {"id": 389, "gap_m": 14.5, "facing": 2.6, "along": 1.6, "lat_m": 0.41, "line_a": 2305, "line_b": 2308, "type_a": "BikeOnly", "type_b": "BikeOnly", "crossing": 0}, "geometry": {"type": "LineString", "coordinates": [[326801.40625, 4685470.5], [326810.84375, 4685481.5]]}}, {"type": "Feature", "properties": {"id": 390, "gap_m": 14.5, "facing": 0.2, "along": 0.4, "lat_m": 0.09, "line_a": 2145, "line_b": 2160, "type_a": "BikeOnly", "type_b": "BikeOnly", "crossing": 0}, "geometry": {"type": "LineString", "coordinates": [[327309.59375, 4680919.5], [327309.90625, 4680934.0]]}}, {"type": "Feature", "properties": {"id": 391, "gap_m": 14.5, "facing": 1.4, "along": 0.4, "lat_m": 0.11, "line_a": 357, "line_b": 370, "type_a": "Sharrow", "type_b": "Sharrow", "crossing": 0}, "geometry": {"type": "LineString", "coordinates": [[337807.65625, 4693206.0], [337814.09375, 4693193.0]]}}, {"type": "Feature", "properties": {"id": 392, "gap_m": 14.6, "facing": 0.1, "along": 1.0, "lat_m": 0.25, "line_a": 280, "line_b": 283, "type_a": "Sharrow", "type_b": "Sharrow", "crossing": 0}, "geometry": {"type": "LineString", "coordinates": [[336036.0, 4694013.5], [336034.34375, 4693999.0]]}}, {"type": "Feature", "properties": {"id": 393, "gap_m": 14.7, "facing": 2.0, "along": 1.2, "lat_m": 0.3, "line_a": 315, "line_b": 326, "type_a": "Sharrow", "type_b": "Sharrow", "crossing": 0}, "geometry": {"type": "LineString", "coordinates": [[337611.0, 4693783.0], [337613.25, 4693768.5]]}}, {"type": "Feature", "properties": {"id": 394, "gap_m": 14.7, "facing": 0.6, "along": 0.6, "lat_m": 0.15, "line_a": 2489, "line_b": 2493, "type_a": "Sharrow", "type_b": "Sharrow", "crossing": 0}, "geometry": {"type": "LineString", "coordinates": [[327553.65625, 4687551.5], [327564.4375, 4687561.5]]}}, {"type": "Feature", "properties": {"id": 395, "gap_m": 14.7, "facing": 2.3, "along": 0.1, "lat_m": 0.03, "line_a": 3261, "line_b": 3365, "type_a": "Sharrow", "type_b": "Sharrow", "crossing": 0}, "geometry": {"type": "LineString", "coordinates": [[330089.6875, 4683662.5], [330104.09375, 4683665.5]]}}, {"type": "Feature", "properties": {"id": 396, "gap_m": 14.8, "facing": 2.0, "along": 0.9, "lat_m": 0.22, "line_a": 2563, "line_b": 2564, "type_a": "BikeOnly", "type_b": "BikeOnly", "crossing": 0}, "geometry": {"type": "LineString", "coordinates": [[327876.59375, 4683103.0], [327885.3125, 4683115.0]]}}, {"type": "Feature", "properties": {"id": 397, "gap_m": 14.9, "facing": 0.1, "along": 0.9, "lat_m": 0.23, "line_a": 341, "line_b": 343, "type_a": "Sharrow", "type_b": "Sharrow", "crossing": 0}, "geometry": {"type": "LineString", "coordinates": [[337726.0625, 4691849.5], [337729.34375, 4691864.0]]}}, {"type": "Feature", "properties": {"id": 398, "gap_m": 14.9, "facing": 2.5, "along": 0.5, "lat_m": 0.13, "line_a": 367, "line_b": 368, "type_a": "Sharrow", "type_b": "Sharrow", "crossing": 0}, "geometry": {"type": "LineString", "coordinates": [[337877.5625, 4693074.5], [337883.84375, 4693061.0]]}}, {"type": "Feature", "properties": {"id": 399, "gap_m": 15.0, "facing": 0.7, "along": 0.7, "lat_m": 0.18, "line_a": 358, "line_b": 367, "type_a": "Sharrow", "type_b": "Sharrow", "crossing": 0}, "geometry": {"type": "LineString", "coordinates": [[337810.8125, 4693208.0], [337817.25, 4693194.5]]}}, {"type": "Feature", "properties": {"id": 400, "gap_m": 15.0, "facing": 0.4, "along": 0.6, "lat_m": 0.16, "line_a": 1714, "line_b": 1716, "type_a": "BikeOnly", "type_b": "BikeOnly", "crossing": 0}, "geometry": {"type": "LineString", "coordinates": [[325206.90625, 4684563.0], [325197.3125, 4684551.5]]}}, {"type": "Feature", "properties": {"id": 401, "gap_m": 15.0, "facing": 5.9, "along": 2.1, "lat_m": 0.56, "line_a": 2357, "line_b": 2358, "type_a": "BikeOnly", "type_b": "BikeOnly", "crossing": 0}, "geometry": {"type": "LineString", "coordinates": [[327532.34375, 4681075.5], [327517.34375, 4681075.5]]}}, {"type": "Feature", "properties": {"id": 402, "gap_m": 15.1, "facing": 0.2, "along": 0.8, "lat_m": 0.21, "line_a": 1763, "line_b": 1765, "type_a": "BikeOnly", "type_b": "BikeOnly", "crossing": 0}, "geometry": {"type": "LineString", "coordinates": [[325927.5, 4694696.0], [325937.25, 4694684.5]]}}, {"type": "Feature", "properties": {"id": 403, "gap_m": 15.1, "facing": 0.2, "along": 0.3, "lat_m": 0.07, "line_a": 1, "line_b": 3, "type_a": "Sharrow", "type_b": "Sharrow", "crossing": 0}, "geometry": {"type": "LineString", "coordinates": [[318111.4375, 4682115.5], [318113.09375, 4682130.5]]}}, {"type": "Feature", "properties": {"id": 404, "gap_m": 15.1, "facing": 0.0, "along": 0.6, "lat_m": 0.16, "line_a": 1593, "line_b": 1597, "type_a": "Sharrow", "type_b": "Sharrow", "crossing": 0}, "geometry": {"type": "LineString", "coordinates": [[325284.3125, 4690705.0], [325282.5, 4690720.0]]}}, {"type": "Feature", "properties": {"id": 405, "gap_m": 15.2, "facing": 6.4, "along": 2.1, "lat_m": 0.56, "line_a": 2304, "line_b": 2535, "type_a": "BikeOnly", "type_b": "BikeOnly", "crossing": 0}, "geometry": {"type": "LineString", "coordinates": [[327648.90625, 4685544.5], [327655.8125, 4685531.0]]}}, {"type": "Feature", "properties": {"id": 406, "gap_m": 15.3, "facing": 7.1, "along": 0.5, "lat_m": 0.14, "line_a": 973, "line_b": 974, "type_a": "BikeOnly", "type_b": "BikeOnly", "crossing": 0}, "geometry": {"type": "LineString", "coordinates": [[323512.1875, 4693707.5], [323497.34375, 4693704.0]]}}, {"type": "Feature", "properties": {"id": 407, "gap_m": 15.4, "facing": 0.7, "along": 0.4, "lat_m": 0.1, "line_a": 2828, "line_b": 2910, "type_a": "Sharrow", "type_b": "Sharrow", "crossing": 0}, "geometry": {"type": "LineString", "coordinates": [[328740.4375, 4697289.5], [328755.15625, 4697285.0]]}}, {"type": "Feature", "properties": {"id": 408, "gap_m": 15.5, "facing": 0.6, "along": 1.3, "lat_m": 0.35, "line_a": 1877, "line_b": 1883, "type_a": "BikeOnly", "type_b": "BikeOnly", "crossing": 0}, "geometry": {"type": "LineString", "coordinates": [[325779.75, 4686775.0], [325779.15625, 4686759.5]]}}, {"type": "Feature", "properties": {"id": 409, "gap_m": 15.5, "facing": 1.1, "along": 0.8, "lat_m": 0.21, "line_a": 363, "line_b": 365, "type_a": "Sharrow", "type_b": "Sharrow", "crossing": 0}, "geometry": {"type": "LineString", "coordinates": [[337903.5, 4693002.5], [337897.9375, 4693017.0]]}}, {"type": "Feature", "properties": {"id": 410, "gap_m": 15.5, "facing": 0.0, "along": 0.9, "lat_m": 0.24, "line_a": 1837, "line_b": 1841, "type_a": "Sharrow", "type_b": "Sharrow", "crossing": 0}, "geometry": {"type": "LineString", "coordinates": [[326032.1875, 4688670.5], [326036.25, 4688655.5]]}}, {"type": "Feature", "properties": {"id": 411, "gap_m": 15.6, "facing": 0.3, "along": 0.1, "lat_m": 0.02, "line_a": 481, "line_b": 484, "type_a": "BikeOnly", "type_b": "BikeOnly", "crossing": 0}, "geometry": {"type": "LineString", "coordinates": [[344952.4375, 4684325.5], [344956.65625, 4684310.5]]}}, {"type": "Feature", "properties": {"id": 412, "gap_m": 15.6, "facing": 0.4, "along": 0.4, "lat_m": 0.11, "line_a": 1527, "line_b": 1535, "type_a": "BikeOnly", "type_b": "BikeOnly", "crossing": 0}, "geometry": {"type": "LineString", "coordinates": [[325454.5625, 4694022.0], [325452.90625, 4694006.5]]}}, {"type": "Feature", "properties": {"id": 413, "gap_m": 15.7, "facing": 1.8, "along": 0.4, "lat_m": 0.1, "line_a": 321, "line_b": 323, "type_a": "Sharrow", "type_b": "Sharrow", "crossing": 0}, "geometry": {"type": "LineString", "coordinates": [[337607.6875, 4693783.0], [337609.9375, 4693767.5]]}}, {"type": "Feature", "properties": {"id": 414, "gap_m": 15.7, "facing": 0.1, "along": 1.1, "lat_m": 0.29, "line_a": 3048, "line_b": 3060, "type_a": "BikeOnly", "type_b": "BikeOnly", "crossing": 0}, "geometry": {"type": "LineString", "coordinates": [[329217.59375, 4693083.0], [329202.75, 4693088.0]]}}, {"type": "Feature", "properties": {"id": 415, "gap_m": 15.7, "facing": 2.6, "along": 1.1, "lat_m": 0.3, "line_a": 610, "line_b": 612, "type_a": "Sharrow", "type_b": "Sharrow", "crossing": 0}, "geometry": {"type": "LineString", "coordinates": [[349545.75, 4680646.0], [349561.0625, 4680642.5]]}}, {"type": "Feature", "properties": {"id": 416, "gap_m": 15.7, "facing": 0.3, "along": 0.5, "lat_m": 0.13, "line_a": 1648, "line_b": 1655, "type_a": "BikeOnly", "type_b": "BikeOnly", "crossing": 0}, "geometry": {"type": "LineString", "coordinates": [[325440.4375, 4689019.0], [325443.0, 4689003.5]]}}, {"type": "Feature", "properties": {"id": 417, "gap_m": 15.9, "facing": 0.1, "along": 1.2, "lat_m": 0.32, "line_a": 1730, "line_b": 1737, "type_a": "BikeOnly", "type_b": "BikeOnly", "crossing": 0}, "geometry": {"type": "LineString", "coordinates": [[325980.75, 4697350.0], [325971.0, 4697337.5]]}}, {"type": "Feature", "properties": {"id": 418, "gap_m": 15.9, "facing": 0.0, "along": 0.9, "lat_m": 0.26, "line_a": 124, "line_b": 125, "type_a": "Sharrow", "type_b": "Sharrow", "crossing": 0}, "geometry": {"type": "LineString", "coordinates": [[334426.0625, 4694502.0], [334440.75, 4694508.0]]}}, {"type": "Feature", "properties": {"id": 419, "gap_m": 15.9, "facing": 0.6, "along": 0.5, "lat_m": 0.14, "line_a": 365, "line_b": 370, "type_a": "Sharrow", "type_b": "Sharrow", "crossing": 0}, "geometry": {"type": "LineString", "coordinates": [[337880.5625, 4693059.5], [337874.09375, 4693074.0]]}}, {"type": "Feature", "properties": {"id": 420, "gap_m": 15.9, "facing": 0.2, "along": 0.3, "lat_m": 0.08, "line_a": 2500, "line_b": 2748, "type_a": "Sharrow", "type_b": "Sharrow", "crossing": 0}, "geometry": {"type": "LineString", "coordinates": [[327943.9375, 4687980.0], [327949.1875, 4687995.0]]}}, {"type": "Feature", "properties": {"id": 421, "gap_m": 16.1, "facing": 0.7, "along": 0.7, "lat_m": 0.2, "line_a": 475, "line_b": 476, "type_a": "BikeOnly", "type_b": "BikeOnly", "crossing": 0}, "geometry": {"type": "LineString", "coordinates": [[345024.75, 4684067.5], [345028.9375, 4684052.0]]}}, {"type": "Feature", "properties": {"id": 422, "gap_m": 16.1, "facing": 0.3, "along": 0.1, "lat_m": 0.03, "line_a": 471, "line_b": 472, "type_a": "BikeOnly", "type_b": "BikeOnly", "crossing": 0}, "geometry": {"type": "LineString", "coordinates": [[344989.5, 4684192.5], [344993.84375, 4684177.0]]}}, {"type": "Feature", "properties": {"id": 423, "gap_m": 16.2, "facing": 0.1, "along": 0.4, "lat_m": 0.1, "line_a": 1474, "line_b": 1483, "type_a": "BikeOnly", "type_b": "BikeOnly", "crossing": 0}, "geometry": {"type": "LineString", "coordinates": [[325511.40625, 4695768.0], [325521.75, 4695780.5]]}}, {"type": "Feature", "properties": {"id": 424, "gap_m": 16.3, "facing": 2.4, "along": 0.5, "lat_m": 0.14, "line_a": 1008, "line_b": 1015, "type_a": "BikeOnly", "type_b": "BikeOnly", "crossing": 0}, "geometry": {"type": "LineString", "coordinates": [[323622.0, 4691324.0], [323606.6875, 4691329.5]]}}, {"type": "Feature", "properties": {"id": 425, "gap_m": 16.3, "facing": 0.7, "along": 0.2, "lat_m": 0.07, "line_a": 285, "line_b": 287, "type_a": "Sharrow", "type_b": "Sharrow", "crossing": 0}, "geometry": {"type": "LineString", "coordinates": [[336145.5, 4694149.5], [336129.3125, 4694151.5]]}}, {"type": "Feature", "properties": {"id": 426, "gap_m": 16.3, "facing": 2.1, "along": 0.6, "lat_m": 0.17, "line_a": 653, "line_b": 663, "type_a": "BikeOnly", "type_b": "BikeOnly", "crossing": 0}, "geometry": {"type": "LineString", "coordinates": [[321675.0, 4692118.5], [321684.15625, 4692105.0]]}}, {"type": "Feature", "properties": {"id": 427, "gap_m": 16.4, "facing": 1.5, "along": 0.9, "lat_m": 0.27, "line_a": 3076, "line_b": 3154, "type_a": "BikeOnly", "type_b": "BikeOnly", "crossing": 0}, "geometry": {"type": "LineString", "coordinates": [[329504.25, 4696700.5], [329519.5625, 4696694.5]]}}, {"type": "Feature", "properties": {"id": 428, "gap_m": 16.5, "facing": 0.1, "along": 0.1, "lat_m": 0.04, "line_a": 2151, "line_b": 2183, "type_a": "BikeOnly", "type_b": "BikeOnly", "crossing": 0}, "geometry": {"type": "LineString", "coordinates": [[327296.5625, 4680425.0], [327296.09375, 4680408.5]]}}, {"type": "Feature", "properties": {"id": 429, "gap_m": 16.5, "facing": 1.5, "along": 1.3, "lat_m": 0.36, "line_a": 322, "line_b": 329, "type_a": "Sharrow", "type_b": "Sharrow", "crossing": 0}, "geometry": {"type": "LineString", "coordinates": [[337677.90625, 4693512.0], [337672.1875, 4693527.5]]}}, {"type": "Feature", "properties": {"id": 430, "gap_m": 16.5, "facing": 0.6, "along": 1.3, "lat_m": 0.36, "line_a": 297, "line_b": 298, "type_a": "Sharrow", "type_b": "Sharrow", "crossing": 0}, "geometry": {"type": "LineString", "coordinates": [[336745.5, 4694063.0], [336729.15625, 4694065.5]]}}, {"type": "Feature", "properties": {"id": 431, "gap_m": 16.7, "facing": 0.3, "along": 0.0, "lat_m": 0.01, "line_a": 871, "line_b": 872, "type_a": "BikeOnly", "type_b": "BikeOnly", "crossing": 0}, "geometry": {"type": "LineString", "coordinates": [[323222.40625, 4691976.5], [323215.0625, 4691961.5]]}}, {"type": "Feature", "properties": {"id": 432, "gap_m": 16.8, "facing": 0.2, "along": 0.9, "lat_m": 0.27, "line_a": 1337, "line_b": 1338, "type_a": "BikeOnly", "type_b": "BikeOnly", "crossing": 0}, "geometry": {"type": "LineString", "coordinates": [[324569.5625, 4694052.5], [324577.0625, 4694037.5]]}}, {"type": "Feature", "properties": {"id": 433, "gap_m": 16.8, "facing": 0.4, "along": 1.1, "lat_m": 0.32, "line_a": 3313, "line_b": 3314, "type_a": "BikeOnly", "type_b": "BikeOnly", "crossing": 0}, "geometry": {"type": "LineString", "coordinates": [[330565.1875, 4690980.0], [330581.25, 4690985.0]]}}, {"type": "Feature", "properties": {"id": 434, "gap_m": 16.9, "facing": 0.4, "along": 2.0, "lat_m": 0.58, "line_a": 1153, "line_b": 1155, "type_a": "BikeOnly", "type_b": "BikeOnly", "crossing": 0}, "geometry": {"type": "LineString", "coordinates": [[324258.3125, 4691396.5], [324243.75, 4691388.0]]}}, {"type": "Feature", "properties": {"id": 435, "gap_m": 16.9, "facing": 0.7, "along": 0.7, "lat_m": 0.21, "line_a": 1169, "line_b": 1178, "type_a": "BikeOnly", "type_b": "BikeOnly", "crossing": 0}, "geometry": {"type": "LineString", "coordinates": [[324421.1875, 4689544.5], [324404.6875, 4689548.0]]}}, {"type": "Feature", "properties": {"id": 436, "gap_m": 16.9, "facing": 3.5, "along": 2.0, "lat_m": 0.6, "line_a": 1621, "line_b": 1629, "type_a": "BikeOnly", "type_b": "BikeOnly", "crossing": 0}, "geometry": {"type": "LineString", "coordinates": [[325161.3125, 4690174.5], [325172.09375, 4690187.5]]}}, {"type": "Feature", "properties": {"id": 437, "gap_m": 16.9, "facing": 0.4, "along": 1.5, "lat_m": 0.43, "line_a": 1708, "line_b": 1926, "type_a": "Sharrow", "type_b": "Sharrow", "crossing": 0}, "geometry": {"type": "LineString", "coordinates": [[325772.09375, 4684486.5], [325780.8125, 4684472.0]]}}, {"type": "Feature", "properties": {"id": 438, "gap_m": 17.0, "facing": 0.0, "along": 1.5, "lat_m": 0.46, "line_a": 43, "line_b": 47, "type_a": "BikeOnly", "type_b": "BikeOnly", "crossing": 0}, "geometry": {"type": "LineString", "coordinates": [[318195.90625, 4688314.5], [318192.0, 4688298.0]]}}, {"type": "Feature", "properties": {"id": 439, "gap_m": 17.0, "facing": 0.9, "along": 1.7, "lat_m": 0.51, "line_a": 733, "line_b": 741, "type_a": "Sharrow", "type_b": "Sharrow", "crossing": 0}, "geometry": {"type": "LineString", "coordinates": [[322495.65625, 4692956.0], [322496.09375, 4692939.0]]}}, {"type": "Feature", "properties": {"id": 440, "gap_m": 17.0, "facing": 0.0, "along": 0.2, "lat_m": 0.06, "line_a": 2125, "line_b": 2126, "type_a": "BikeOnly", "type_b": "BikeOnly", "crossing": 0}, "geometry": {"type": "LineString", "coordinates": [[327328.8125, 4682000.0], [327329.5625, 4682017.0]]}}, {"type": "Feature", "properties": {"id": 441, "gap_m": 17.0, "facing": 0.3, "along": 0.2, "lat_m": 0.06, "line_a": 228, "line_b": 237, "type_a": "Sharrow", "type_b": "BikeOnly", "crossing": 0}, "geometry": {"type": "LineString", "coordinates": [[319883.5625, 4694077.0], [319879.34375, 4694060.5]]}}, {"type": "Feature", "properties": {"id": 442, "gap_m": 17.1, "facing": 1.7, "along": 1.8, "lat_m": 0.53, "line_a": 333, "line_b": 358, "type_a": "Sharrow", "type_b": "Sharrow", "crossing": 0}, "geometry": {"type": "LineString", "coordinates": [[337756.65625, 4693322.0], [337763.84375, 4693306.5]]}}, {"type": "Feature", "properties": {"id": 443, "gap_m": 17.1, "facing": 0.3, "along": 1.9, "lat_m": 0.56, "line_a": 2268, "line_b": 2269, "type_a": "BikeOnly", "type_b": "BikeOnly", "crossing": 0}, "geometry": {"type": "LineString", "coordinates": [[326935.34375, 4690066.0], [326919.0, 4690061.0]]}}, {"type": "Feature", "properties": {"id": 444, "gap_m": 17.2, "facing": 0.0, "along": 0.1, "lat_m": 0.02, "line_a": 515, "line_b": 520, "type_a": "Sharrow", "type_b": "Sharrow", "crossing": 0}, "geometry": {"type": "LineString", "coordinates": [[321067.34375, 4695313.5], [321064.5, 4695296.5]]}}, {"type": "Feature", "properties": {"id": 445, "gap_m": 17.4, "facing": 0.6, "along": 2.8, "lat_m": 0.86, "line_a": 1174, "line_b": 1182, "type_a": "BikeOnly", "type_b": "BikeOnly", "crossing": 0}, "geometry": {"type": "LineString", "coordinates": [[324421.5, 4689547.0], [324404.40625, 4689550.0]]}}, {"type": "Feature", "properties": {"id": 446, "gap_m": 17.4, "facing": 0.2, "along": 0.2, "lat_m": 0.05, "line_a": 3678, "line_b": 3679, "type_a": "Sharrow", "type_b": "Sharrow", "crossing": 0}, "geometry": {"type": "LineString", "coordinates": [[333438.90625, 4695770.0], [333424.0625, 4695761.0]]}}, {"type": "Feature", "properties": {"id": 447, "gap_m": 17.4, "facing": 0.2, "along": 0.7, "lat_m": 0.23, "line_a": 2491, "line_b": 2494, "type_a": "BikeOnly", "type_b": "BikeOnly", "crossing": 0}, "geometry": {"type": "LineString", "coordinates": [[327751.5, 4687502.0], [327736.9375, 4687511.5]]}}, {"type": "Feature", "properties": {"id": 448, "gap_m": 17.5, "facing": 0.1, "along": 0.6, "lat_m": 0.18, "line_a": 3601, "line_b": 3605, "type_a": "BikeOnly", "type_b": "BikeOnly", "crossing": 0}, "geometry": {"type": "LineString", "coordinates": [[332190.75, 4692931.5], [332179.0625, 4692918.5]]}}, {"type": "Feature", "properties": {"id": 449, "gap_m": 17.5, "facing": 0.0, "along": 0.6, "lat_m": 0.17, "line_a": 2151, "line_b": 2152, "type_a": "BikeOnly", "type_b": "BikeOnly", "crossing": 0}, "geometry": {"type": "LineString", "coordinates": [[327301.8125, 4680627.0], [327302.09375, 4680644.5]]}}, {"type": "Feature", "properties": {"id": 450, "gap_m": 17.5, "facing": 0.9, "along": 0.1, "lat_m": 0.04, "line_a": 2954, "line_b": 2955, "type_a": "Sharrow", "type_b": "Sharrow", "crossing": 0}, "geometry": {"type": "LineString", "coordinates": [[328941.0, 4688689.5], [328954.65625, 4688700.5]]}}, {"type": "Feature", "properties": {"id": 451, "gap_m": 17.6, "facing": 0.2, "along": 0.7, "lat_m": 0.21, "line_a": 278, "line_b": 283, "type_a": "Sharrow", "type_b": "Sharrow", "crossing": 0}, "geometry": {"type": "LineString", "coordinates": [[336027.15625, 4693926.5], [336029.09375, 4693944.0]]}}, {"type": "Feature", "properties": {"id": 452, "gap_m": 17.6, "facing": 0.0, "along": 0.4, "lat_m": 0.11, "line_a": 1524, "line_b": 1538, "type_a": "BikeOnly", "type_b": "BikeOnly", "crossing": 0}, "geometry": {"type": "LineString", "coordinates": [[325529.40625, 4694559.5], [325527.4375, 4694542.0]]}}, {"type": "Feature", "properties": {"id": 453, "gap_m": 17.7, "facing": 0.5, "along": 1.8, "lat_m": 0.57, "line_a": 34, "line_b": 39, "type_a": "BikeOnly", "type_b": "BikeOnly", "crossing": 0}, "geometry": {"type": "LineString", "coordinates": [[318618.15625, 4688823.0], [318635.84375, 4688822.5]]}}, {"type": "Feature", "properties": {"id": 454, "gap_m": 17.9, "facing": 0.1, "along": 0.8, "lat_m": 0.24, "line_a": 2144, "line_b": 2148, "type_a": "BikeOnly", "type_b": "BikeOnly", "crossing": 0}, "geometry": {"type": "LineString", "coordinates": [[327071.5625, 4681130.5], [327059.84375, 4681117.0]]}}, {"type": "Feature", "properties": {"id": 455, "gap_m": 17.9, "facing": 5.8, "along": 2.4, "lat_m": 0.73, "line_a": 712, "line_b": 714, "type_a": "BikeOnly", "type_b": "BikeOnly", "crossing": 0}, "geometry": {"type": "LineString", "coordinates": [[322080.0, 4683302.5], [322085.5625, 4683319.5]]}}, {"type": "Feature", "properties": {"id": 456, "gap_m": 17.9, "facing": 8.3, "along": 0.0, "lat_m": 0.01, "line_a": 2161, "line_b": 2379, "type_a": "BikeOnly", "type_b": "BikeOnly", "crossing": 0}, "geometry": {"type": "LineString", "coordinates": [[327418.9375, 4695708.0], [327434.6875, 4695699.5]]}}, {"type": "Feature", "properties": {"id": 457, "gap_m": 17.9, "facing": 10.7, "along": 0.1, "lat_m": 0.04, "line_a": 3113, "line_b": 3119, "type_a": "BikeOnly", "type_b": "BikeOnly", "crossing": 0}, "geometry": {"type": "LineString", "coordinates": [[329392.8125, 4690614.0], [329405.6875, 4690626.5]]}}, {"type": "Feature", "properties": {"id": 458, "gap_m": 18.0, "facing": 4.1, "along": 2.8, "lat_m": 0.88, "line_a": 514, "line_b": 519, "type_a": "Sharrow", "type_b": "Sharrow", "crossing": 0}, "geometry": {"type": "LineString", "coordinates": [[321076.65625, 4695456.0], [321076.65625, 4695438.0]]}}, {"type": "Feature", "properties": {"id": 459, "gap_m": 18.1, "facing": 0.2, "along": 0.9, "lat_m": 0.27, "line_a": 398, "line_b": 517, "type_a": "Sharrow", "type_b": "Sharrow", "crossing": 0}, "geometry": {"type": "LineString", "coordinates": [[320989.1875, 4695040.0], [321000.59375, 4695054.0]]}}, {"type": "Feature", "properties": {"id": 460, "gap_m": 18.3, "facing": 2.9, "along": 0.5, "lat_m": 0.14, "line_a": 1509, "line_b": 1511, "type_a": "BikeOnly", "type_b": "BikeOnly", "crossing": 0}, "geometry": {"type": "LineString", "coordinates": [[325185.0, 4695445.0], [325172.09375, 4695458.0]]}}, {"type": "Feature", "properties": {"id": 461, "gap_m": 18.4, "facing": 0.9, "along": 0.9, "lat_m": 0.3, "line_a": 2099, "line_b": 2100, "type_a": "BikeOnly", "type_b": "BikeOnly", "crossing": 0}, "geometry": {"type": "LineString", "coordinates": [[326787.59375, 4684972.5], [326776.34375, 4684987.0]]}}, {"type": "Feature", "properties": {"id": 462, "gap_m": 18.4, "facing": 0.4, "along": 0.7, "lat_m": 0.21, "line_a": 904, "line_b": 1039, "type_a": "BikeOnly", "type_b": "BikeOnly", "crossing": 0}, "geometry": {"type": "LineString", "coordinates": [[323361.90625, 4689473.5], [323379.75, 4689478.0]]}}, {"type": "Feature", "properties": {"id": 463, "gap_m": 18.5, "facing": 0.5, "along": 0.3, "lat_m": 0.09, "line_a": 3064, "line_b": 3068, "type_a": "BikeOnly", "type_b": "BikeOnly", "crossing": 0}, "geometry": {"type": "LineString", "coordinates": [[329122.0625, 4697065.5], [329122.5, 4697084.0]]}}, {"type": "Feature", "properties": {"id": 464, "gap_m": 18.5, "facing": 7.7, "along": 1.6, "lat_m": 0.51, "line_a": 2354, "line_b": 2356, "type_a": "BikeOnly", "type_b": "BikeOnly", "crossing": 0}, "geometry": {"type": "LineString", "coordinates": [[327679.9375, 4681017.5], [327664.34375, 4681027.5]]}}, {"type": "Feature", "properties": {"id": 465, "gap_m": 18.6, "facing": 0.1, "along": 1.2, "lat_m": 0.4, "line_a": 265, "line_b": 269, "type_a": "BikeOnly", "type_b": "BikeOnly", "crossing": 0}, "geometry": {"type": "LineString", "coordinates": [[336140.40625, 4679333.5], [336122.6875, 4679339.0]]}}, {"type": "Feature", "properties": {"id": 466, "gap_m": 18.6, "facing": 6.4, "along": 0.7, "lat_m": 0.22, "line_a": 2815, "line_b": 2820, "type_a": "BikeOnly", "type_b": "BikeOnly", "crossing": 0}, "geometry": {"type": "LineString", "coordinates": [[328920.75, 4697554.5], [328925.5625, 4697572.5]]}}, {"type": "Feature", "properties": {"id": 467, "gap_m": 18.7, "facing": 0.3, "along": 0.2, "lat_m": 0.05, "line_a": 1595, "line_b": 1607, "type_a": "Sharrow", "type_b": "Sharrow", "crossing": 0}, "geometry": {"type": "LineString", "coordinates": [[325231.34375, 4690347.5], [325226.40625, 4690329.5]]}}, {"type": "Feature", "properties": {"id": 468, "gap_m": 18.7, "facing": 8.0, "along": 1.5, "lat_m": 0.5, "line_a": 1008, "line_b": 1017, "type_a": "BikeOnly", "type_b": "BikeOnly", "crossing": 0}, "geometry": {"type": "LineString", "coordinates": [[323687.09375, 4691300.0], [323704.8125, 4691294.0]]}}, {"type": "Feature", "properties": {"id": 469, "gap_m": 18.8, "facing": 0.1, "along": 0.2, "lat_m": 0.08, "line_a": 923, "line_b": 927, "type_a": "Sharrow", "type_b": "Sharrow", "crossing": 0}, "geometry": {"type": "LineString", "coordinates": [[323860.0625, 4697853.5], [323848.8125, 4697838.5]]}}, {"type": "Feature", "properties": {"id": 470, "gap_m": 18.8, "facing": 0.5, "along": 1.3, "lat_m": 0.43, "line_a": 190, "line_b": 194, "type_a": "BikeOnly", "type_b": "BikeOnly", "crossing": 0}, "geometry": {"type": "LineString", "coordinates": [[320402.25, 4681289.5], [320398.9375, 4681271.0]]}}, {"type": "Feature", "properties": {"id": 471, "gap_m": 18.8, "facing": 0.8, "along": 1.1, "lat_m": 0.35, "line_a": 1694, "line_b": 1697, "type_a": "Sharrow", "type_b": "Sharrow", "crossing": 0}, "geometry": {"type": "LineString", "coordinates": [[325502.40625, 4686255.5], [325484.25, 4686250.5]]}}, {"type": "Feature", "properties": {"id": 472, "gap_m": 18.9, "facing": 0.3, "along": 0.3, "lat_m": 0.1, "line_a": 3446, "line_b": 3447, "type_a": "BikeOnly", "type_b": "BikeOnly", "crossing": 0}, "geometry": {"type": "LineString", "coordinates": [[331177.9375, 4683928.0], [331168.8125, 4683944.5]]}}, {"type": "Feature", "properties": {"id": 473, "gap_m": 18.9, "facing": 0.8, "along": 2.5, "lat_m": 0.83, "line_a": 2667, "line_b": 2670, "type_a": "BikeOnly", "type_b": "BikeOnly", "crossing": 0}, "geometry": {"type": "LineString", "coordinates": [[328105.0625, 4692144.5], [328123.8125, 4692142.5]]}}, {"type": "Feature", "properties": {"id": 474, "gap_m": 18.9, "facing": 0.1, "along": 1.3, "lat_m": 0.41, "line_a": 1764, "line_b": 1770, "type_a": "BikeOnly", "type_b": "BikeOnly", "crossing": 0}, "geometry": {"type": "LineString", "coordinates": [[326016.75, 4694593.0], [326004.59375, 4694607.5]]}}, {"type": "Feature", "properties": {"id": 475, "gap_m": 19.0, "facing": 0.1, "along": 2.8, "lat_m": 0.94, "line_a": 1594, "line_b": 1598, "type_a": "Sharrow", "type_b": "Sharrow", "crossing": 0}, "geometry": {"type": "LineString", "coordinates": [[325279.8125, 4690520.5], [325285.8125, 4690538.5]]}}, {"type": "Feature", "properties": {"id": 476, "gap_m": 19.0, "facing": 0.5, "along": 0.7, "lat_m": 0.23, "line_a": 2740, "line_b": 2750, "type_a": "BikeOnly", "type_b": "BikeOnly", "crossing": 0}, "geometry": {"type": "LineString", "coordinates": [[328410.4375, 4687778.0], [328414.8125, 4687759.5]]}}, {"type": "Feature", "properties": {"id": 477, "gap_m": 19.0, "facing": 0.5, "along": 1.3, "lat_m": 0.42, "line_a": 780, "line_b": 781, "type_a": "BikeOnly", "type_b": "BikeOnly", "crossing": 0}, "geometry": {"type": "LineString", "coordinates": [[322510.8125, 4689941.0], [322519.34375, 4689958.0]]}}, {"type": "Feature", "properties": {"id": 478, "gap_m": 19.2, "facing": 0.0, "along": 0.4, "lat_m": 0.14, "line_a": 472, "line_b": 475, "type_a": "BikeOnly", "type_b": "BikeOnly", "crossing": 0}, "geometry": {"type": "LineString", "coordinates": [[345006.3125, 4684133.0], [345011.40625, 4684114.5]]}}, {"type": "Feature", "properties": {"id": 479, "gap_m": 19.2, "facing": 1.7, "along": 1.6, "lat_m": 0.55, "line_a": 1411, "line_b": 1412, "type_a": "BikeOnly", "type_b": "BikeOnly", "crossing": 0}, "geometry": {"type": "LineString", "coordinates": [[325008.75, 4686124.0], [324998.84375, 4686107.5]]}}, {"type": "Feature", "properties": {"id": 480, "gap_m": 19.3, "facing": 2.1, "along": 2.5, "lat_m": 0.83, "line_a": 54, "line_b": 57, "type_a": "BikeOnly", "type_b": "BikeOnly", "crossing": 0}, "geometry": {"type": "LineString", "coordinates": [[318631.8125, 4685130.0], [318615.3125, 4685120.0]]}}, {"type": "Feature", "properties": {"id": 481, "gap_m": 19.4, "facing": 0.9, "along": 0.2, "lat_m": 0.07, "line_a": 303, "line_b": 304, "type_a": "BikeOnly", "type_b": "BikeOnly", "crossing": 0}, "geometry": {"type": "LineString", "coordinates": [[337602.15625, 4678850.0], [337583.5625, 4678855.5]]}}, {"type": "Feature", "properties": {"id": 482, "gap_m": 19.4, "facing": 1.7, "along": 0.1, "lat_m": 0.03, "line_a": 284, "line_b": 285, "type_a": "Sharrow", "type_b": "Sharrow", "crossing": 0}, "geometry": {"type": "LineString", "coordinates": [[336199.9375, 4694142.0], [336180.75, 4694145.0]]}}, {"type": "Feature", "properties": {"id": 483, "gap_m": 19.5, "facing": 0.4, "along": 0.2, "lat_m": 0.07, "line_a": 2743, "line_b": 2750, "type_a": "BikeOnly", "type_b": "BikeOnly", "crossing": 0}, "geometry": {"type": "LineString", "coordinates": [[328429.34375, 4687696.0], [328425.15625, 4687715.0]]}}, {"type": "Feature", "properties": {"id": 484, "gap_m": 19.5, "facing": 2.0, "along": 1.8, "lat_m": 0.6, "line_a": 2672, "line_b": 2913, "type_a": "BikeOnly", "type_b": "BikeOnly", "crossing": 0}, "geometry": {"type": "LineString", "coordinates": [[328533.3125, 4697218.0], [328543.65625, 4697201.5]]}}, {"type": "Feature", "properties": {"id": 485, "gap_m": 19.5, "facing": 0.1, "along": 0.2, "lat_m": 0.08, "line_a": 2152, "line_b": 2154, "type_a": "BikeOnly", "type_b": "BikeOnly", "crossing": 0}, "geometry": {"type": "LineString", "coordinates": [[327304.34375, 4680730.0], [327304.9375, 4680749.5]]}}, {"type": "Feature", "properties": {"id": 486, "gap_m": 19.5, "facing": 1.2, "along": 0.1, "lat_m": 0.03, "line_a": 1892, "line_b": 1893, "type_a": "Sharrow", "type_b": "Sharrow", "crossing": 0}, "geometry": {"type": "LineString", "coordinates": [[325664.6875, 4696343.5], [325679.25, 4696356.5]]}}, {"type": "Feature", "properties": {"id": 487, "gap_m": 19.6, "facing": 2.2, "along": 0.9, "lat_m": 0.29, "line_a": 214, "line_b": 215, "type_a": "BikeOnly", "type_b": "BikeOnly", "crossing": 0}, "geometry": {"type": "LineString", "coordinates": [[320321.40625, 4677324.0], [320322.90625, 4677304.5]]}}, {"type": "Feature", "properties": {"id": 488, "gap_m": 19.6, "facing": 0.4, "along": 0.3, "lat_m": 0.11, "line_a": 2852, "line_b": 2853, "type_a": "Sharrow", "type_b": "Sharrow", "crossing": 0}, "geometry": {"type": "LineString", "coordinates": [[328743.15625, 4680472.0], [328749.75, 4680490.5]]}}, {"type": "Feature", "properties": {"id": 489, "gap_m": 19.6, "facing": 0.8, "along": 1.8, "lat_m": 0.61, "line_a": 2652, "line_b": 2656, "type_a": "BikeOnly", "type_b": "Sharrow", "crossing": 0}, "geometry": {"type": "LineString", "coordinates": [[328000.65625, 4693723.0], [327998.25, 4693742.5]]}}, {"type": "Feature", "properties": {"id": 490, "gap_m": 19.7, "facing": 0.1, "along": 0.2, "lat_m": 0.06, "line_a": 1951, "line_b": 1960, "type_a": "Sharrow", "type_b": "Sharrow", "crossing": 0}, "geometry": {"type": "LineString", "coordinates": [[326613.15625, 4697642.0], [326623.9375, 4697625.5]]}}, {"type": "Feature", "properties": {"id": 491, "gap_m": 19.7, "facing": 0.9, "along": 0.2, "lat_m": 0.08, "line_a": 1613, "line_b": 1627, "type_a": "BikeOnly", "type_b": "BikeOnly", "crossing": 0}, "geometry": {"type": "LineString", "coordinates": [[325618.5, 4690200.5], [325621.5, 4690220.0]]}}, {"type": "Feature", "properties": {"id": 492, "gap_m": 19.7, "facing": 2.1, "along": 0.6, "lat_m": 0.2, "line_a": 3420, "line_b": 3425, "type_a": "BikeOnly", "type_b": "BikeOnly", "crossing": 0}, "geometry": {"type": "LineString", "coordinates": [[331281.15625, 4688231.5], [331269.59375, 4688215.5]]}}, {"type": "Feature", "properties": {"id": 493, "gap_m": 19.8, "facing": 0.1, "along": 2.4, "lat_m": 0.84, "line_a": 137, "line_b": 143, "type_a": "BikeOnly", "type_b": "BikeOnly", "crossing": 0}, "geometry": {"type": "LineString", "coordinates": [[335168.6875, 4694471.0], [335185.8125, 4694461.0]]}}, {"type": "Feature", "properties": {"id": 494, "gap_m": 20.0, "facing": 0.0, "along": 0.9, "lat_m": 0.31, "line_a": 3371, "line_b": 3376, "type_a": "BikeOnly", "type_b": "BikeOnly", "crossing": 0}, "geometry": {"type": "LineString", "coordinates": [[331112.25, 4692356.0], [331112.09375, 4692376.0]]}}, {"type": "Feature", "properties": {"id": 495, "gap_m": 20.0, "facing": 0.2, "along": 0.1, "lat_m": 0.04, "line_a": 86, "line_b": 91, "type_a": "Sharrow", "type_b": "Sharrow", "crossing": 0}, "geometry": {"type": "LineString", "coordinates": [[333681.90625, 4694163.0], [333663.75, 4694154.5]]}}, {"type": "Feature", "properties": {"id": 496, "gap_m": 20.1, "facing": 0.1, "along": 1.6, "lat_m": 0.57, "line_a": 1559, "line_b": 1790, "type_a": "BikeOnly", "type_b": "BikeOnly", "crossing": 0}, "geometry": {"type": "LineString", "coordinates": [[325627.8125, 4693216.0], [325645.8125, 4693207.0]]}}, {"type": "Feature", "properties": {"id": 497, "gap_m": 20.2, "facing": 4.0, "along": 1.2, "lat_m": 0.41, "line_a": 1846, "line_b": 1849, "type_a": "BikeOnly", "type_b": "BikeOnly", "crossing": 0}, "geometry": {"type": "LineString", "coordinates": [[326086.0625, 4688336.5], [326091.15625, 4688356.0]]}}, {"type": "Feature", "properties": {"id": 498, "gap_m": 20.2, "facing": 0.9, "along": 0.6, "lat_m": 0.23, "line_a": 1306, "line_b": 1310, "type_a": "BikeOnly", "type_b": "BikeOnly", "crossing": 0}, "geometry": {"type": "LineString", "coordinates": [[324591.4375, 4696216.0], [324604.9375, 4696201.0]]}}, {"type": "Feature", "properties": {"id": 499, "gap_m": 20.2, "facing": 0.3, "along": 0.4, "lat_m": 0.16, "line_a": 473, "line_b": 479, "type_a": "BikeOnly", "type_b": "BikeOnly", "crossing": 0}, "geometry": {"type": "LineString", "coordinates": [[344897.5625, 4684521.5], [344902.8125, 4684502.0]]}}, {"type": "Feature", "properties": {"id": 500, "gap_m": 20.2, "facing": 0.1, "along": 0.7, "lat_m": 0.26, "line_a": 1143, "line_b": 1149, "type_a": "Sharrow", "type_b": "Sharrow", "crossing": 0}, "geometry": {"type": "LineString", "coordinates": [[324082.1875, 4692065.0], [324075.3125, 4692046.0]]}}, {"type": "Feature", "properties": {"id": 501, "gap_m": 20.2, "facing": 1.6, "along": 0.2, "lat_m": 0.08, "line_a": 244, "line_b": 246, "type_a": "BikeOnly", "type_b": "BikeOnly", "crossing": 0}, "geometry": {"type": "LineString", "coordinates": [[320036.84375, 4688910.5], [320056.9375, 4688913.0]]}}, {"type": "Feature", "properties": {"id": 502, "gap_m": 20.3, "facing": 0.7, "along": 0.7, "lat_m": 0.25, "line_a": 3089, "line_b": 3095, "type_a": "BikeOnly", "type_b": "BikeOnly", "crossing": 0}, "geometry": {"type": "LineString", "coordinates": [[329607.75, 4691284.5], [329614.8125, 4691265.5]]}}, {"type": "Feature", "properties": {"id": 503, "gap_m": 20.3, "facing": 0.2, "along": 1.4, "lat_m": 0.5, "line_a": 1619, "line_b": 1827, "type_a": "Sharrow", "type_b": "Sharrow", "crossing": 0}, "geometry": {"type": "LineString", "coordinates": [[325750.34375, 4690096.0], [325769.40625, 4690103.0]]}}, {"type": "Feature", "properties": {"id": 504, "gap_m": 20.4, "facing": 0.0, "along": 1.4, "lat_m": 0.51, "line_a": 3285, "line_b": 3286, "type_a": "BikeOnly", "type_b": "BikeOnly", "crossing": 0}, "geometry": {"type": "LineString", "coordinates": [[330724.8125, 4679938.0], [330708.75, 4679925.5]]}}, {"type": "Feature", "properties": {"id": 505, "gap_m": 20.5, "facing": 0.0, "along": 0.7, "lat_m": 0.24, "line_a": 3337, "line_b": 3342, "type_a": "BikeOnly", "type_b": "BikeOnly", "crossing": 0}, "geometry": {"type": "LineString", "coordinates": [[330525.90625, 4687719.0], [330525.90625, 4687739.5]]}}, {"type": "Feature", "properties": {"id": 506, "gap_m": 20.5, "facing": 0.1, "along": 2.6, "lat_m": 0.93, "line_a": 456, "line_b": 460, "type_a": "BikeOnly", "type_b": "BikeOnly", "crossing": 0}, "geometry": {"type": "LineString", "coordinates": [[344714.40625, 4685173.5], [344720.84375, 4685154.0]]}}, {"type": "Feature", "properties": {"id": 507, "gap_m": 20.5, "facing": 0.3, "along": 0.3, "lat_m": 0.11, "line_a": 2444, "line_b": 2446, "type_a": "BikeOnly", "type_b": "BikeOnly", "crossing": 0}, "geometry": {"type": "LineString", "coordinates": [[327790.9375, 4691202.5], [327797.40625, 4691183.0]]}}, {"type": "Feature", "properties": {"id": 508, "gap_m": 20.7, "facing": 1.5, "along": 1.6, "lat_m": 0.57, "line_a": 1442, "line_b": 1450, "type_a": "BikeOnly", "type_b": "BikeOnly", "crossing": 0}, "geometry": {"type": "LineString", "coordinates": [[324789.90625, 4683536.0], [324775.65625, 4683551.0]]}}, {"type": "Feature", "properties": {"id": 509, "gap_m": 20.7, "facing": 0.2, "along": 0.5, "lat_m": 0.19, "line_a": 462, "line_b": 468, "type_a": "BikeOnly", "type_b": "BikeOnly", "crossing": 0}, "geometry": {"type": "LineString", "coordinates": [[344794.1875, 4684891.5], [344788.8125, 4684911.5]]}}, {"type": "Feature", "properties": {"id": 510, "gap_m": 20.9, "facing": 0.1, "along": 0.1, "lat_m": 0.02, "line_a": 1437, "line_b": 1441, "type_a": "BikeOnly", "type_b": "BikeOnly", "crossing": 0}, "geometry": {"type": "LineString", "coordinates": [[324598.9375, 4683836.0], [324612.3125, 4683852.0]]}}, {"type": "Feature", "properties": {"id": 511, "gap_m": 21.1, "facing": 0.0, "along": 0.1, "lat_m": 0.02, "line_a": 2439, "line_b": 2452, "type_a": "BikeOnly", "type_b": "BikeOnly", "crossing": 0}, "geometry": {"type": "LineString", "coordinates": [[327729.4375, 4691342.5], [327736.1875, 4691322.5]]}}, {"type": "Feature", "properties": {"id": 512, "gap_m": 21.1, "facing": 0.5, "along": 0.4, "lat_m": 0.16, "line_a": 2002, "line_b": 2009, "type_a": "BikeOnly", "type_b": "BikeOnly", "crossing": 0}, "geometry": {"type": "LineString", "coordinates": [[326519.5625, 4694014.5], [326533.34375, 4693998.5]]}}, {"type": "Feature", "properties": {"id": 513, "gap_m": 21.1, "facing": 0.1, "along": 2.7, "lat_m": 1.0, "line_a": 1733, "line_b": 1736, "type_a": "BikeOnly", "type_b": "BikeOnly", "crossing": 0}, "geometry": {"type": "LineString", "coordinates": [[325975.0625, 4697357.5], [325963.1875, 4697340.0]]}}, {"type": "Feature", "properties": {"id": 514, "gap_m": 21.2, "facing": 0.3, "along": 0.3, "lat_m": 0.1, "line_a": 1147, "line_b": 1149, "type_a": "Sharrow", "type_b": "Sharrow", "crossing": 0}, "geometry": {"type": "LineString", "coordinates": [[324047.6875, 4691966.0], [324054.59375, 4691986.0]]}}, {"type": "Feature", "properties": {"id": 515, "gap_m": 21.2, "facing": 0.0, "along": 0.1, "lat_m": 0.03, "line_a": 298, "line_b": 299, "type_a": "Sharrow", "type_b": "Sharrow", "crossing": 0}, "geometry": {"type": "LineString", "coordinates": [[336686.6875, 4694071.5], [336665.6875, 4694074.5]]}}, {"type": "Feature", "properties": {"id": 516, "gap_m": 21.4, "facing": 0.0, "along": 0.2, "lat_m": 0.09, "line_a": 2909, "line_b": 2911, "type_a": "Sharrow", "type_b": "Sharrow", "crossing": 0}, "geometry": {"type": "LineString", "coordinates": [[328804.0625, 4697170.5], [328810.1875, 4697191.0]]}}, {"type": "Feature", "properties": {"id": 517, "gap_m": 21.4, "facing": 1.0, "along": 0.3, "lat_m": 0.12, "line_a": 2872, "line_b": 2879, "type_a": "BikeOnly", "type_b": "BikeOnly", "crossing": 0}, "geometry": {"type": "LineString", "coordinates": [[328580.25, 4694870.5], [328599.90625, 4694862.0]]}}, {"type": "Feature", "properties": {"id": 518, "gap_m": 21.5, "facing": 2.2, "along": 0.0, "lat_m": 0.0, "line_a": 2461, "line_b": 2463, "type_a": "Sharrow", "type_b": "Sharrow", "crossing": 0}, "geometry": {"type": "LineString", "coordinates": [[327814.9375, 4690538.0], [327836.40625, 4690538.0]]}}, {"type": "Feature", "properties": {"id": 519, "gap_m": 21.5, "facing": 0.7, "along": 1.4, "lat_m": 0.53, "line_a": 596, "line_b": 598, "type_a": "Sharrow", "type_b": "Sharrow", "crossing": 0}, "geometry": {"type": "LineString", "coordinates": [[348336.0, 4680401.5], [348318.90625, 4680388.5]]}}, {"type": "Feature", "properties": {"id": 520, "gap_m": 21.5, "facing": 0.2, "along": 0.3, "lat_m": 0.1, "line_a": 3575, "line_b": 3578, "type_a": "BikeOnly", "type_b": "BikeOnly", "crossing": 0}, "geometry": {"type": "LineString", "coordinates": [[332116.8125, 4694213.5], [332116.65625, 4694192.0]]}}, {"type": "Feature", "properties": {"id": 521, "gap_m": 21.5, "facing": 0.1, "along": 2.4, "lat_m": 0.91, "line_a": 3589, "line_b": 3593, "type_a": "Sharrow", "type_b": "Sharrow", "crossing": 0}, "geometry": {"type": "LineString", "coordinates": [[332117.25, 4693652.0], [332116.34375, 4693673.5]]}}, {"type": "Feature", "properties": {"id": 522, "gap_m": 21.6, "facing": 0.2, "along": 0.2, "lat_m": 0.08, "line_a": 3050, "line_b": 3055, "type_a": "BikeOnly", "type_b": "BikeOnly", "crossing": 0}, "geometry": {"type": "LineString", "coordinates": [[329205.75, 4693095.0], [329226.3125, 4693088.5]]}}, {"type": "Feature", "properties": {"id": 523, "gap_m": 21.6, "facing": 0.7, "along": 0.2, "lat_m": 0.09, "line_a": 2949, "line_b": 2953, "type_a": "BikeOnly", "type_b": "BikeOnly", "crossing": 0}, "geometry": {"type": "LineString", "coordinates": [[328578.59375, 4689748.5], [328563.59375, 4689733.0]]}}, {"type": "Feature", "properties": {"id": 524, "gap_m": 21.6, "facing": 1.7, "along": 2.4, "lat_m": 0.9, "line_a": 1989, "line_b": 1992, "type_a": "BikeOnly", "type_b": "BikeOnly", "crossing": 0}, "geometry": {"type": "LineString", "coordinates": [[326432.5625, 4679312.5], [326440.65625, 4679332.5]]}}, {"type": "Feature", "properties": {"id": 525, "gap_m": 21.7, "facing": 0.2, "along": 0.8, "lat_m": 0.31, "line_a": 2620, "line_b": 2623, "type_a": "Sharrow", "type_b": "Sharrow", "crossing": 0}, "geometry": {"type": "LineString", "coordinates": [[328473.75, 4680356.5], [328486.5, 4680339.0]]}}, {"type": "Feature", "properties": {"id": 526, "gap_m": 21.7, "facing": 1.1, "along": 0.1, "lat_m": 0.03, "line_a": 1037, "line_b": 1041, "type_a": "Sharrow", "type_b": "Sharrow", "crossing": 0}, "geometry": {"type": "LineString", "coordinates": [[323624.40625, 4689506.5], [323645.40625, 4689512.0]]}}, {"type": "Feature", "properties": {"id": 527, "gap_m": 21.7, "facing": 0.1, "along": 0.4, "lat_m": 0.16, "line_a": 2560, "line_b": 2566, "type_a": "BikeOnly", "type_b": "BikeOnly", "crossing": 0}, "geometry": {"type": "LineString", "coordinates": [[327741.0, 4682919.0], [327728.09375, 4682901.5]]}}, {"type": "Feature", "properties": {"id": 528, "gap_m": 21.8, "facing": 0.3, "along": 1.1, "lat_m": 0.41, "line_a": 2937, "line_b": 2943, "type_a": "BikeOnly", "type_b": "BikeOnly", "crossing": 0}, "geometry": {"type": "LineString", "coordinates": [[328902.3125, 4690102.5], [328887.0, 4690087.0]]}}, {"type": "Feature", "properties": {"id": 529, "gap_m": 21.9, "facing": 0.4, "along": 0.2, "lat_m": 0.09, "line_a": 157, "line_b": 162, "type_a": "BikeOnly", "type_b": "BikeOnly", "crossing": 0}, "geometry": {"type": "LineString", "coordinates": [[335561.84375, 4679431.0], [335583.3125, 4679426.5]]}}, {"type": "Feature", "properties": {"id": 530, "gap_m": 22.0, "facing": 9.7, "along": 0.0, "lat_m": 0.01, "line_a": 341, "line_b": 344, "type_a": "Sharrow", "type_b": "Sharrow", "crossing": 0}, "geometry": {"type": "LineString", "coordinates": [[337703.09375, 4691740.0], [337698.59375, 4691718.5]]}}, {"type": "Feature", "properties": {"id": 531, "gap_m": 22.0, "facing": 0.3, "along": 1.0, "lat_m": 0.38, "line_a": 1436, "line_b": 1441, "type_a": "BikeOnly", "type_b": "BikeOnly", "crossing": 0}, "geometry": {"type": "LineString", "coordinates": [[324707.25, 4683965.5], [324693.3125, 4683948.5]]}}, {"type": "Feature", "properties": {"id": 532, "gap_m": 22.0, "facing": 0.0, "along": 0.1, "lat_m": 0.02, "line_a": 1323, "line_b": 1324, "type_a": "BikeOnly", "type_b": "BikeOnly", "crossing": 0}, "geometry": {"type": "LineString", "coordinates": [[324616.0625, 4678479.0], [324611.40625, 4678500.5]]}}, {"type": "Feature", "properties": {"id": 533, "gap_m": 22.0, "facing": 0.1, "along": 0.3, "lat_m": 0.11, "line_a": 342, "line_b": 345, "type_a": "Sharrow", "type_b": "Sharrow", "crossing": 0}, "geometry": {"type": "LineString", "coordinates": [[337733.5625, 4691866.0], [337728.90625, 4691844.5]]}}, {"type": "Feature", "properties": {"id": 534, "gap_m": 22.1, "facing": 1.2, "along": 1.8, "lat_m": 0.71, "line_a": 3648, "line_b": 3651, "type_a": "BikeOnly", "type_b": "BikeOnly", "crossing": 0}, "geometry": {"type": "LineString", "coordinates": [[332985.4375, 4679504.0], [333005.40625, 4679494.5]]}}, {"type": "Feature", "properties": {"id": 535, "gap_m": 22.2, "facing": 0.8, "along": 0.0, "lat_m": 0.01, "line_a": 2739, "line_b": 2748, "type_a": "Sharrow", "type_b": "Sharrow", "crossing": 0}, "geometry": {"type": "LineString", "coordinates": [[327971.40625, 4688059.0], [327964.34375, 4688038.0]]}}, {"type": "Feature", "properties": {"id": 536, "gap_m": 22.2, "facing": 3.2, "along": 0.9, "lat_m": 0.35, "line_a": 219, "line_b": 220, "type_a": "Sharrow", "type_b": "Sharrow", "crossing": 0}, "geometry": {"type": "LineString", "coordinates": [[319758.4375, 4694749.0], [319766.84375, 4694728.5]]}}, {"type": "Feature", "properties": {"id": 537, "gap_m": 22.2, "facing": 0.2, "along": 0.7, "lat_m": 0.26, "line_a": 1111, "line_b": 1113, "type_a": "BikeOnly", "type_b": "BikeOnly", "crossing": 0}, "geometry": {"type": "LineString", "coordinates": [[324331.5, 4694776.0], [324351.75, 4694767.0]]}}, {"type": "Feature", "properties": {"id": 538, "gap_m": 22.3, "facing": 3.3, "along": 0.1, "lat_m": 0.05, "line_a": 1026, "line_b": 1028, "type_a": "Sharrow", "type_b": "Sharrow", "crossing": 0}, "geometry": {"type": "LineString", "coordinates": [[323656.65625, 4690583.0], [323662.5, 4690604.5]]}}, {"type": "Feature", "properties": {"id": 539, "gap_m": 22.3, "facing": 0.2, "along": 1.1, "lat_m": 0.43, "line_a": 866, "line_b": 868, "type_a": "BikeOnly", "type_b": "BikeOnly", "crossing": 0}, "geometry": {"type": "LineString", "coordinates": [[322905.75, 4691591.0], [322884.75, 4691598.5]]}}, {"type": "Feature", "properties": {"id": 540, "gap_m": 22.5, "facing": 1.2, "along": 0.4, "lat_m": 0.16, "line_a": 324, "line_b": 357, "type_a": "Sharrow", "type_b": "Sharrow", "crossing": 0}, "geometry": {"type": "LineString", "coordinates": [[337751.84375, 4693325.0], [337761.0, 4693304.5]]}}, {"type": "Feature", "properties": {"id": 541, "gap_m": 22.5, "facing": 0.8, "along": 0.3, "lat_m": 0.11, "line_a": 84, "line_b": 85, "type_a": "Sharrow", "type_b": "Sharrow", "crossing": 0}, "geometry": {"type": "LineString", "coordinates": [[334125.4375, 4694373.0], [334105.0625, 4694363.5]]}}, {"type": "Feature", "properties": {"id": 542, "gap_m": 22.5, "facing": 0.2, "along": 0.2, "lat_m": 0.1, "line_a": 733, "line_b": 736, "type_a": "Sharrow", "type_b": "Sharrow", "crossing": 0}, "geometry": {"type": "LineString", "coordinates": [[322496.09375, 4693058.0], [322496.09375, 4693080.5]]}}, {"type": "Feature", "properties": {"id": 543, "gap_m": 22.5, "facing": 0.0, "along": 0.9, "lat_m": 0.37, "line_a": 3018, "line_b": 3183, "type_a": "BikeOnly", "type_b": "BikeOnly", "crossing": 0}, "geometry": {"type": "LineString", "coordinates": [[329748.4375, 4679589.0], [329767.1875, 4679601.5]]}}, {"type": "Feature", "properties": {"id": 544, "gap_m": 22.6, "facing": 0.1, "along": 0.5, "lat_m": 0.2, "line_a": 1259, "line_b": 1265, "type_a": "BikeOnly", "type_b": "BikeOnly", "crossing": 0}, "geometry": {"type": "LineString", "coordinates": [[319203.90625, 4687923.0], [319205.84375, 4687945.5]]}}, {"type": "Feature", "properties": {"id": 545, "gap_m": 22.7, "facing": 0.2, "along": 0.0, "lat_m": 0.02, "line_a": 228, "line_b": 235, "type_a": "Sharrow", "type_b": "Sharrow", "crossing": 0}, "geometry": {"type": "LineString", "coordinates": [[319916.09375, 4694202.5], [319921.8125, 4694224.5]]}}, {"type": "Feature", "properties": {"id": 546, "gap_m": 22.7, "facing": 1.6, "along": 0.3, "lat_m": 0.11, "line_a": 3665, "line_b": 3668, "type_a": "BikeOnly", "type_b": "BikeOnly", "crossing": 0}, "geometry": {"type": "LineString", "coordinates": [[332863.5, 4694647.0], [332841.3125, 4694652.0]]}}, {"type": "Feature", "properties": {"id": 547, "gap_m": 22.7, "facing": 1.8, "along": 2.0, "lat_m": 0.79, "line_a": 2067, "line_b": 2069, "type_a": "Sharrow", "type_b": "Sharrow", "crossing": 0}, "geometry": {"type": "LineString", "coordinates": [[326324.84375, 4688925.0], [326347.5, 4688923.0]]}}, {"type": "Feature", "properties": {"id": 548, "gap_m": 22.8, "facing": 0.0, "along": 0.6, "lat_m": 0.24, "line_a": 1899, "line_b": 1900, "type_a": "Sharrow", "type_b": "Sharrow", "crossing": 0}, "geometry": {"type": "LineString", "coordinates": [[326169.4375, 4685781.0], [326155.5, 4685763.0]]}}, {"type": "Feature", "properties": {"id": 549, "gap_m": 22.8, "facing": 0.4, "along": 0.5, "lat_m": 0.19, "line_a": 3158, "line_b": 3160, "type_a": "Sharrow", "type_b": "Sharrow", "crossing": 0}, "geometry": {"type": "LineString", "coordinates": [[329317.8125, 4685497.5], [329300.25, 4685512.0]]}}, {"type": "Feature", "properties": {"id": 550, "gap_m": 22.8, "facing": 0.1, "along": 0.1, "lat_m": 0.04, "line_a": 2556, "line_b": 2562, "type_a": "BikeOnly", "type_b": "BikeOnly", "crossing": 0}, "geometry": {"type": "LineString", "coordinates": [[327472.5, 4683093.5], [327466.5, 4683071.5]]}}, {"type": "Feature", "properties": {"id": 551, "gap_m": 22.8, "facing": 1.4, "along": 0.3, "lat_m": 0.12, "line_a": 933, "line_b": 935, "type_a": "Sharrow", "type_b": "Sharrow", "crossing": 0}, "geometry": {"type": "LineString", "coordinates": [[323484.0, 4697947.0], [323498.6875, 4697929.5]]}}, {"type": "Feature", "properties": {"id": 552, "gap_m": 22.8, "facing": 4.0, "along": 2.1, "lat_m": 0.82, "line_a": 2277, "line_b": 2287, "type_a": "BikeOnly", "type_b": "BikeOnly", "crossing": 0}, "geometry": {"type": "LineString", "coordinates": [[327168.75, 4688750.5], [327147.0, 4688757.5]]}}, {"type": "Feature", "properties": {"id": 553, "gap_m": 22.9, "facing": 1.9, "along": 0.8, "lat_m": 0.31, "line_a": 1808, "line_b": 2051, "type_a": "BikeOnly", "type_b": "BikeOnly", "crossing": 0}, "geometry": {"type": "LineString", "coordinates": [[326179.65625, 4690828.0], [326202.0, 4690823.0]]}}, {"type": "Feature", "properties": {"id": 554, "gap_m": 22.9, "facing": 1.1, "along": 1.4, "lat_m": 0.56, "line_a": 1152, "line_b": 1160, "type_a": "BikeOnly", "type_b": "BikeOnly", "crossing": 0}, "geometry": {"type": "LineString", "coordinates": [[324203.09375, 4691377.5], [324223.1875, 4691388.5]]}}, {"type": "Feature", "properties": {"id": 555, "gap_m": 22.9, "facing": 0.4, "along": 0.5, "lat_m": 0.2, "line_a": 2938, "line_b": 2939, "type_a": "BikeOnly", "type_b": "BikeOnly", "crossing": 0}, "geometry": {"type": "LineString", "coordinates": [[328734.59375, 4689928.5], [328718.6875, 4689912.0]]}}, {"type": "Feature", "properties": {"id": 556, "gap_m": 23.0, "facing": 0.2, "along": 1.0, "lat_m": 0.41, "line_a": 2509, "line_b": 2511, "type_a": "Sharrow", "type_b": "Sharrow", "crossing": 0}, "geometry": {"type": "LineString", "coordinates": [[327472.34375, 4686944.5], [327467.5625, 4686922.0]]}}, {"type": "Feature", "properties": {"id": 557, "gap_m": 23.0, "facing": 4.6, "along": 1.8, "lat_m": 0.72, "line_a": 1952, "line_b": 1958, "type_a": "BikeOnly", "type_b": "BikeOnly", "crossing": 0}, "geometry": {"type": "LineString", "coordinates": [[326319.75, 4697773.0], [326319.3125, 4697796.0]]}}, {"type": "Feature", "properties": {"id": 558, "gap_m": 23.0, "facing": 0.1, "along": 0.0, "lat_m": 0.0, "line_a": 2156, "line_b": 2158, "type_a": "BikeOnly", "type_b": "BikeOnly", "crossing": 0}, "geometry": {"type": "LineString", "coordinates": [[327324.90625, 4680658.0], [327324.3125, 4680635.0]]}}, {"type": "Feature", "properties": {"id": 559, "gap_m": 23.0, "facing": 1.3, "along": 2.3, "lat_m": 0.91, "line_a": 881, "line_b": 884, "type_a": "BikeOnly", "type_b": "BikeOnly", "crossing": 0}, "geometry": {"type": "LineString", "coordinates": [[323268.0, 4690953.5], [323287.9375, 4690965.0]]}}, {"type": "Feature", "properties": {"id": 560, "gap_m": 23.1, "facing": 0.4, "along": 1.3, "lat_m": 0.54, "line_a": 1911, "line_b": 1912, "type_a": "BikeOnly", "type_b": "BikeOnly", "crossing": 0}, "geometry": {"type": "LineString", "coordinates": [[326050.8125, 4685632.0], [326036.40625, 4685614.0]]}}, {"type": "Feature", "properties": {"id": 561, "gap_m": 23.1, "facing": 0.4, "along": 0.1, "lat_m": 0.05, "line_a": 925, "line_b": 931, "type_a": "BikeOnly", "type_b": "BikeOnly", "crossing": 0}, "geometry": {"type": "LineString", "coordinates": [[323505.0, 4697289.0], [323489.40625, 4697306.0]]}}, {"type": "Feature", "properties": {"id": 562, "gap_m": 23.2, "facing": 0.5, "along": 0.1, "lat_m": 0.02, "line_a": 821, "line_b": 823, "type_a": "BikeOnly", "type_b": "BikeOnly", "crossing": 0}, "geometry": {"type": "LineString", "coordinates": [[323252.84375, 4697616.5], [323244.15625, 4697638.0]]}}, {"type": "Feature", "properties": {"id": 563, "gap_m": 23.2, "facing": 0.4, "along": 0.7, "lat_m": 0.29, "line_a": 2281, "line_b": 2283, "type_a": "BikeOnly", "type_b": "BikeOnly", "crossing": 0}, "geometry": {"type": "LineString", "coordinates": [[326960.6875, 4689058.0], [326950.8125, 4689037.0]]}}, {"type": "Feature", "properties": {"id": 564, "gap_m": 23.3, "facing": 0.1, "along": 0.2, "lat_m": 0.07, "line_a": 2852, "line_b": 2856, "type_a": "Sharrow", "type_b": "Sharrow", "crossing": 0}, "geometry": {"type": "LineString", "coordinates": [[328720.9375, 4680408.5], [328713.3125, 4680386.5]]}}, {"type": "Feature", "properties": {"id": 565, "gap_m": 23.3, "facing": 0.3, "along": 0.2, "lat_m": 0.07, "line_a": 828, "line_b": 947, "type_a": "BikeOnly", "type_b": "BikeOnly", "crossing": 0}, "geometry": {"type": "LineString", "coordinates": [[323311.65625, 4695871.5], [323334.15625, 4695865.5]]}}, {"type": "Feature", "properties": {"id": 566, "gap_m": 23.3, "facing": 0.9, "along": 0.2, "lat_m": 0.07, "line_a": 2497, "line_b": 2499, "type_a": "BikeOnly", "type_b": "BikeOnly", "crossing": 0}, "geometry": {"type": "LineString", "coordinates": [[327755.84375, 4687497.0], [327736.1875, 4687509.5]]}}, {"type": "Feature", "properties": {"id": 567, "gap_m": 23.4, "facing": 0.2, "along": 0.1, "lat_m": 0.04, "line_a": 456, "line_b": 457, "type_a": "BikeOnly", "type_b": "BikeOnly", "crossing": 0}, "geometry": {"type": "LineString", "coordinates": [[344703.59375, 4685212.0], [344697.3125, 4685234.5]]}}, {"type": "Feature", "properties": {"id": 568, "gap_m": 23.4, "facing": 0.3, "along": 0.1, "lat_m": 0.05, "line_a": 2369, "line_b": 2384, "type_a": "BikeOnly", "type_b": "BikeOnly", "crossing": 0}, "geometry": {"type": "LineString", "coordinates": [[327538.9375, 4695622.0], [327557.6875, 4695608.0]]}}, {"type": "Feature", "properties": {"id": 569, "gap_m": 23.4, "facing": 0.4, "along": 0.1, "lat_m": 0.05, "line_a": 2778, "line_b": 2779, "type_a": "BikeOnly", "type_b": "BikeOnly", "crossing": 0}, "geometry": {"type": "LineString", "coordinates": [[328045.8125, 4685522.0], [328027.0625, 4685508.0]]}}, {"type": "Feature", "properties": {"id": 570, "gap_m": 23.5, "facing": 0.2, "along": 0.1, "lat_m": 0.03, "line_a": 2223, "line_b": 2242, "type_a": "BikeOnly", "type_b": "BikeOnly", "crossing": 0}, "geometry": {"type": "LineString", "coordinates": [[326969.09375, 4692043.5], [326953.9375, 4692025.5]]}}, {"type": "Feature", "properties": {"id": 571, "gap_m": 23.5, "facing": 0.7, "along": 2.2, "lat_m": 0.92, "line_a": 1428, "line_b": 1433, "type_a": "BikeOnly", "type_b": "BikeOnly", "crossing": 0}, "geometry": {"type": "LineString", "coordinates": [[324985.0625, 4684296.5], [324969.3125, 4684279.0]]}}, {"type": "Feature", "properties": {"id": 572, "gap_m": 23.6, "facing": 2.4, "along": 1.2, "lat_m": 0.48, "line_a": 3091, "line_b": 3096, "type_a": "BikeOnly", "type_b": "BikeOnly", "crossing": 0}, "geometry": {"type": "LineString", "coordinates": [[329566.1875, 4690962.5], [329588.84375, 4690969.0]]}}, {"type": "Feature", "properties": {"id": 573, "gap_m": 23.6, "facing": 0.7, "along": 1.5, "lat_m": 0.61, "line_a": 2001, "line_b": 2002, "type_a": "BikeOnly", "type_b": "BikeOnly", "crossing": 0}, "geometry": {"type": "LineString", "coordinates": [[326457.4375, 4694086.0], [326472.75, 4694068.0]]}}, {"type": "Feature", "properties": {"id": 574, "gap_m": 23.7, "facing": 0.2, "along": 0.0, "lat_m": 0.0, "line_a": 2016, "line_b": 2018, "type_a": "BikeOnly", "type_b": "BikeOnly", "crossing": 0}, "geometry": {"type": "LineString", "coordinates": [[326532.0, 4693515.5], [326508.75, 4693520.0]]}}, {"type": "Feature", "properties": {"id": 575, "gap_m": 23.7, "facing": 0.0, "along": 2.4, "lat_m": 1.0, "line_a": 2880, "line_b": 2882, "type_a": "BikeOnly", "type_b": "BikeOnly", "crossing": 0}, "geometry": {"type": "LineString", "coordinates": [[328789.8125, 4694592.0], [328777.0625, 4694572.0]]}}, {"type": "Feature", "properties": {"id": 576, "gap_m": 23.7, "facing": 0.2, "along": 0.6, "lat_m": 0.27, "line_a": 2247, "line_b": 2260, "type_a": "BikeOnly", "type_b": "BikeOnly", "crossing": 0}, "geometry": {"type": "LineString", "coordinates": [[327166.34375, 4690593.5], [327188.6875, 4690601.5]]}}, {"type": "Feature", "properties": {"id": 577, "gap_m": 23.8, "facing": 0.7, "along": 1.6, "lat_m": 0.65, "line_a": 2749, "line_b": 2756, "type_a": "Sharrow", "type_b": "Sharrow", "crossing": 0}, "geometry": {"type": "LineString", "coordinates": [[328198.8125, 4687677.0], [328210.8125, 4687697.5]]}}, {"type": "Feature", "properties": {"id": 578, "gap_m": 23.8, "facing": 4.3, "along": 0.8, "lat_m": 0.32, "line_a": 2535, "line_b": 2539, "type_a": "BikeOnly", "type_b": "BikeOnly", "crossing": 0}, "geometry": {"type": "LineString", "coordinates": [[327755.25, 4685432.0], [327776.40625, 4685421.0]]}}, {"type": "Feature", "properties": {"id": 579, "gap_m": 23.9, "facing": 1.4, "along": 1.4, "lat_m": 0.59, "line_a": 2782, "line_b": 2785, "type_a": "BikeOnly", "type_b": "BikeOnly", "crossing": 0}, "geometry": {"type": "LineString", "coordinates": [[328359.4375, 4685629.0], [328375.65625, 4685646.5]]}}, {"type": "Feature", "properties": {"id": 580, "gap_m": 23.9, "facing": 1.2, "along": 1.2, "lat_m": 0.5, "line_a": 2248, "line_b": 2256, "type_a": "BikeOnly", "type_b": "BikeOnly", "crossing": 0}, "geometry": {"type": "LineString", "coordinates": [[327187.34375, 4690598.5], [327164.6875, 4690591.0]]}}, {"type": "Feature", "properties": {"id": 581, "gap_m": 23.9, "facing": 0.2, "along": 1.2, "lat_m": 0.5, "line_a": 90, "line_b": 120, "type_a": "Sharrow", "type_b": "Sharrow", "crossing": 0}, "geometry": {"type": "LineString", "coordinates": [[334110.0, 4694351.0], [334131.4375, 4694361.5]]}}, {"type": "Feature", "properties": {"id": 582, "gap_m": 23.9, "facing": 0.1, "along": 0.1, "lat_m": 0.06, "line_a": 965, "line_b": 966, "type_a": "BikeOnly", "type_b": "BikeOnly", "crossing": 0}, "geometry": {"type": "LineString", "coordinates": [[323733.3125, 4694263.5], [323710.0625, 4694258.0]]}}, {"type": "Feature", "properties": {"id": 583, "gap_m": 23.9, "facing": 0.2, "along": 0.2, "lat_m": 0.07, "line_a": 478, "line_b": 481, "type_a": "BikeOnly", "type_b": "BikeOnly", "crossing": 0}, "geometry": {"type": "LineString", "coordinates": [[344933.6875, 4684392.0], [344940.15625, 4684369.0]]}}, {"type": "Feature", "properties": {"id": 584, "gap_m": 23.9, "facing": 0.5, "along": 0.5, "lat_m": 0.22, "line_a": 2163, "line_b": 2171, "type_a": "BikeOnly", "type_b": "BikeOnly", "crossing": 0}, "geometry": {"type": "LineString", "coordinates": [[327206.09375, 4695829.0], [327185.6875, 4695841.5]]}}, {"type": "Feature", "properties": {"id": 585, "gap_m": 23.9, "facing": 0.3, "along": 1.9, "lat_m": 0.78, "line_a": 139, "line_b": 145, "type_a": "BikeOnly", "type_b": "BikeOnly", "crossing": 0}, "geometry": {"type": "LineString", "coordinates": [[335000.84375, 4694556.5], [335022.59375, 4694546.5]]}}, {"type": "Feature", "properties": {"id": 586, "gap_m": 24.0, "facing": 0.1, "along": 0.1, "lat_m": 0.03, "line_a": 2153, "line_b": 2159, "type_a": "BikeOnly", "type_b": "BikeOnly", "crossing": 0}, "geometry": {"type": "LineString", "coordinates": [[327326.40625, 4680635.0], [327327.0, 4680659.0]]}}, {"type": "Feature", "properties": {"id": 587, "gap_m": 24.0, "facing": 0.0, "along": 0.1, "lat_m": 0.04, "line_a": 2145, "line_b": 2154, "type_a": "BikeOnly", "type_b": "BikeOnly", "crossing": 0}, "geometry": {"type": "LineString", "coordinates": [[327307.8125, 4680855.5], [327307.1875, 4680831.5]]}}, {"type": "Feature", "properties": {"id": 588, "gap_m": 24.0, "facing": 0.3, "along": 2.2, "lat_m": 0.92, "line_a": 3579, "line_b": 3581, "type_a": "BikeOnly", "type_b": "BikeOnly", "crossing": 0}, "geometry": {"type": "LineString", "coordinates": [[332116.65625, 4694121.5], [332117.6875, 4694145.5]]}}, {"type": "Feature", "properties": {"id": 589, "gap_m": 24.1, "facing": 0.7, "along": 0.0, "lat_m": 0.02, "line_a": 1249, "line_b": 1251, "type_a": "BikeOnly", "type_b": "BikeOnly", "crossing": 0}, "geometry": {"type": "LineString", "coordinates": [[319227.75, 4688216.5], [319229.6875, 4688240.5]]}}, {"type": "Feature", "properties": {"id": 590, "gap_m": 24.1, "facing": 0.9, "along": 0.2, "lat_m": 0.09, "line_a": 1257, "line_b": 1263, "type_a": "BikeOnly", "type_b": "BikeOnly", "crossing": 0}, "geometry": {"type": "LineString", "coordinates": [[319190.84375, 4687654.0], [319188.59375, 4687630.0]]}}, {"type": "Feature", "properties": {"id": 591, "gap_m": 24.1, "facing": 0.4, "along": 0.1, "lat_m": 0.03, "line_a": 3145, "line_b": 3147, "type_a": "BikeOnly", "type_b": "BikeOnly", "crossing": 0}, "geometry": {"type": "LineString", "coordinates": [[329608.8125, 4688276.0], [329620.65625, 4688255.0]]}}, {"type": "Feature", "properties": {"id": 592, "gap_m": 24.1, "facing": 0.1, "along": 0.8, "lat_m": 0.32, "line_a": 161, "line_b": 163, "type_a": "BikeOnly", "type_b": "BikeOnly", "crossing": 0}, "geometry": {"type": "LineString", "coordinates": [[335797.8125, 4679377.0], [335821.1875, 4679371.0]]}}, {"type": "Feature", "properties": {"id": 593, "gap_m": 24.2, "facing": 0.6, "along": 1.8, "lat_m": 0.77, "line_a": 2698, "line_b": 2705, "type_a": "BikeOnly", "type_b": "BikeOnly", "crossing": 0}, "geometry": {"type": "LineString", "coordinates": [[328074.4375, 4690364.5], [328081.8125, 4690341.5]]}}, {"type": "Feature", "properties": {"id": 594, "gap_m": 24.2, "facing": 0.1, "along": 0.5, "lat_m": 0.2, "line_a": 1590, "line_b": 1597, "type_a": "Sharrow", "type_b": "Sharrow", "crossing": 0}, "geometry": {"type": "LineString", "coordinates": [[325274.6875, 4690789.0], [325277.5625, 4690765.0]]}}, {"type": "Feature", "properties": {"id": 595, "gap_m": 24.2, "facing": 2.7, "along": 1.8, "lat_m": 0.76, "line_a": 1270, "line_b": 1272, "type_a": "BikeOnly", "type_b": "BikeOnly", "crossing": 0}, "geometry": {"type": "LineString", "coordinates": [[319078.9375, 4687063.5], [319084.8125, 4687087.0]]}}, {"type": "Feature", "properties": {"id": 596, "gap_m": 24.2, "facing": 3.5, "along": 0.1, "lat_m": 0.03, "line_a": 3389, "line_b": 3391, "type_a": "BikeOnly", "type_b": "BikeOnly", "crossing": 0}, "geometry": {"type": "LineString", "coordinates": [[331102.8125, 4691331.5], [331099.34375, 4691307.5]]}}, {"type": "Feature", "properties": {"id": 597, "gap_m": 24.3, "facing": 0.0, "along": 0.0, "lat_m": 0.0, "line_a": 2369, "line_b": 2379, "type_a": "BikeOnly", "type_b": "BikeOnly", "crossing": 0}, "geometry": {"type": "LineString", "coordinates": [[327495.90625, 4695654.0], [327476.40625, 4695668.5]]}}, {"type": "Feature", "properties": {"id": 598, "gap_m": 24.3, "facing": 2.3, "along": 0.9, "lat_m": 0.39, "line_a": 2633, "line_b": 2636, "type_a": "BikeOnly", "type_b": "BikeOnly", "crossing": 0}, "geometry": {"type": "LineString", "coordinates": [[328455.59375, 4694947.0], [328476.75, 4694935.0]]}}, {"type": "Feature", "properties": {"id": 599, "gap_m": 24.4, "facing": 0.1, "along": 0.8, "lat_m": 0.33, "line_a": 574, "line_b": 576, "type_a": "Sharrow", "type_b": "Sharrow", "crossing": 0}, "geometry": {"type": "LineString", "coordinates": [[347709.90625, 4680914.5], [347685.59375, 4680916.0]]}}, {"type": "Feature", "properties": {"id": 600, "gap_m": 24.4, "facing": 3.0, "along": 0.7, "lat_m": 0.31, "line_a": 3509, "line_b": 3623, "type_a": "BikeOnly", "type_b": "BikeOnly", "crossing": 0}, "geometry": {"type": "LineString", "coordinates": [[331799.5625, 4688466.0], [331824.0, 4688465.5]]}}, {"type": "Feature", "properties": {"id": 601, "gap_m": 24.5, "facing": 1.3, "along": 0.1, "lat_m": 0.06, "line_a": 3275, "line_b": 3276, "type_a": "BikeOnly", "type_b": "BikeOnly", "crossing": 0}, "geometry": {"type": "LineString", "coordinates": [[319697.25, 4689433.5], [319672.8125, 4689432.5]]}}, {"type": "Feature", "properties": {"id": 602, "gap_m": 24.5, "facing": 0.0, "along": 0.6, "lat_m": 0.27, "line_a": 3595, "line_b": 3597, "type_a": "BikeOnly", "type_b": "BikeOnly", "crossing": 0}, "geometry": {"type": "LineString", "coordinates": [[332123.40625, 4693256.5], [332123.5625, 4693232.0]]}}, {"type": "Feature", "properties": {"id": 603, "gap_m": 24.6, "facing": 2.3, "along": 1.7, "lat_m": 0.74, "line_a": 2161, "line_b": 2167, "type_a": "BikeOnly", "type_b": "BikeOnly", "crossing": 0}, "geometry": {"type": "LineString", "coordinates": [[327359.40625, 4695747.5], [327339.59375, 4695762.0]]}}, {"type": "Feature", "properties": {"id": 604, "gap_m": 24.6, "facing": 1.4, "along": 1.2, "lat_m": 0.5, "line_a": 1228, "line_b": 1238, "type_a": "BikeOnly", "type_b": "BikeOnly", "crossing": 0}, "geometry": {"type": "LineString", "coordinates": [[323938.0625, 4683777.0], [323962.65625, 4683776.5]]}}, {"type": "Feature", "properties": {"id": 605, "gap_m": 24.7, "facing": 0.1, "along": 0.6, "lat_m": 0.24, "line_a": 567, "line_b": 700, "type_a": "Sharrow", "type_b": "Sharrow", "crossing": 0}, "geometry": {"type": "LineString", "coordinates": [[321631.8125, 4696421.0], [321654.59375, 4696430.5]]}}, {"type": "Feature", "properties": {"id": 606, "gap_m": 24.7, "facing": 0.2, "along": 0.7, "lat_m": 0.32, "line_a": 106, "line_b": 116, "type_a": "BikeOnly", "type_b": "BikeOnly", "crossing": 0}, "geometry": {"type": "LineString", "coordinates": [[334764.75, 4679327.0], [334752.59375, 4679348.5]]}}, {"type": "Feature", "properties": {"id": 607, "gap_m": 24.7, "facing": 0.4, "along": 0.6, "lat_m": 0.25, "line_a": 1267, "line_b": 1274, "type_a": "BikeOnly", "type_b": "BikeOnly", "crossing": 0}, "geometry": {"type": "LineString", "coordinates": [[319076.09375, 4687087.5], [319070.25, 4687063.5]]}}, {"type": "Feature", "properties": {"id": 608, "gap_m": 24.7, "facing": 0.6, "along": 1.1, "lat_m": 0.48, "line_a": 43, "line_b": 50, "type_a": "BikeOnly", "type_b": "BikeOnly", "crossing": 0}, "geometry": {"type": "LineString", "coordinates": [[318210.0, 4688370.5], [318216.0, 4688394.5]]}}, {"type": "Feature", "properties": {"id": 609, "gap_m": 24.8, "facing": 1.7, "along": 0.2, "lat_m": 0.11, "line_a": 1063, "line_b": 1070, "type_a": "BikeOnly", "type_b": "BikeOnly", "crossing": 0}, "geometry": {"type": "LineString", "coordinates": [[323870.5625, 4686384.5], [323847.3125, 4686393.0]]}}, {"type": "Feature", "properties": {"id": 610, "gap_m": 24.8, "facing": 0.1, "along": 0.1, "lat_m": 0.06, "line_a": 926, "line_b": 932, "type_a": "Sharrow", "type_b": "Sharrow", "crossing": 0}, "geometry": {"type": "LineString", "coordinates": [[323566.0625, 4697503.5], [323583.59375, 4697521.0]]}}, {"type": "Feature", "properties": {"id": 611, "gap_m": 24.8, "facing": 3.8, "along": 1.0, "lat_m": 0.44, "line_a": 2874, "line_b": 2881, "type_a": "BikeOnly", "type_b": "BikeOnly", "crossing": 0}, "geometry": {"type": "LineString", "coordinates": [[328705.34375, 4694819.0], [328728.4375, 4694810.0]]}}, {"type": "Feature", "properties": {"id": 612, "gap_m": 24.8, "facing": 0.4, "along": 0.5, "lat_m": 0.22, "line_a": 3629, "line_b": 3630, "type_a": "BikeOnly", "type_b": "BikeOnly", "crossing": 0}, "geometry": {"type": "LineString", "coordinates": [[332190.59375, 4686665.5], [332207.09375, 4686684.0]]}}, {"type": "Feature", "properties": {"id": 613, "gap_m": 24.8, "facing": 0.4, "along": 0.7, "lat_m": 0.31, "line_a": 191, "line_b": 195, "type_a": "BikeOnly", "type_b": "BikeOnly", "crossing": 0}, "geometry": {"type": "LineString", "coordinates": [[320428.34375, 4681395.0], [320424.4375, 4681370.5]]}}, {"type": "Feature", "properties": {"id": 614, "gap_m": 24.9, "facing": 7.5, "along": 1.3, "lat_m": 0.58, "line_a": 1466, "line_b": 1469, "type_a": "Sharrow", "type_b": "BikeOnly", "crossing": 0}, "geometry": {"type": "LineString", "coordinates": [[325573.34375, 4697511.5], [325591.5, 4697494.5]]}}, {"type": "Feature", "properties": {"id": 615, "gap_m": 24.9, "facing": 1.1, "along": 0.3, "lat_m": 0.13, "line_a": 405, "line_b": 518, "type_a": "Sharrow", "type_b": "Sharrow", "crossing": 0}, "geometry": {"type": "LineString", "coordinates": [[321044.25, 4695182.0], [321048.90625, 4695206.5]]}}, {"type": "Feature", "properties": {"id": 616, "gap_m": 25.0, "facing": 0.6, "along": 0.6, "lat_m": 0.28, "line_a": 1371, "line_b": 1372, "type_a": "Sharrow", "type_b": "Sharrow", "crossing": 0}, "geometry": {"type": "LineString", "coordinates": [[324568.5, 4690205.5], [324588.4375, 4690190.5]]}}, {"type": "Feature", "properties": {"id": 617, "gap_m": 25.0, "facing": 0.7, "along": 0.4, "lat_m": 0.18, "line_a": 1433, "line_b": 1713, "type_a": "BikeOnly", "type_b": "BikeOnly", "crossing": 0}, "geometry": {"type": "LineString", "coordinates": [[324947.40625, 4684252.0], [324931.8125, 4684232.5]]}}, {"type": "Feature", "properties": {"id": 618, "gap_m": 25.0, "facing": 0.1, "along": 0.4, "lat_m": 0.19, "line_a": 1594, "line_b": 1595, "type_a": "Sharrow", "type_b": "Sharrow", "crossing": 0}, "geometry": {"type": "LineString", "coordinates": [[325245.59375, 4690398.0], [325238.6875, 4690374.0]]}}]}