{"type": "FeatureCollection", "crs": {"type": "name", "properties": {"name": "urn:ogc:def:crs:EPSG::32619"}}, "features": [{"type": "Feature", "properties": {"node_id": 0, "degree": 1, "node_type": "endpoint", "node_kind": null}, "geometry": {"type": "Point", "coordinates": [318126.3125, 4682205.5]}}, {"type": "Feature", "properties": {"node_id": 1, "degree": 1, "node_type": "endpoint", "node_kind": null}, "geometry": {"type": "Point", "coordinates": [318112.0625, 4682035.5]}}, {"type": "Feature", "properties": {"node_id": 2, "degree": 1, "node_type": "endpoint", "node_kind": null}, "geometry": {"type": "Point", "coordinates": [318109.34375, 4682028.5]}}, {"type": "Feature", "properties": {"node_id": 3, "degree": 1, "node_type": "endpoint", "node_kind": null}, "geometry": {"type": "Point", "coordinates": [318122.6875, 4682218.0]}}, {"type": "Feature", "properties": {"node_id": 4, "degree": 1, "node_type": "endpoint", "node_kind": null}, "geometry": {"type": "Point", "coordinates": [318154.0625, 4681721.5]}}, {"type": "Feature", "properties": {"node_id": 5, "degree": 1, "node_type": "endpoint", "node_kind": null}, "geometry": {"type": "Point", "coordinates": [318129.0, 4681870.0]}}, {"type": "Feature", "properties": {"node_id": 6, "degree": 1, "node_type": "endpoint", "node_kind": null}, "geometry": {"type": "Point", "coordinates": [318125.09375, 4681872.0]}}, {"type": "Feature", "properties": {"node_id": 7, "degree": 1, "node_type": "endpoint", "node_kind": null}, "geometry": {"type": "Point", "coordinates": [318148.9375, 4681720.5]}}, {"type": "Feature", "properties": {"node_id": 8, "degree": 1, "node_type": "endpoint", "node_kind": null}, "geometry": {"type": "Point", "coordinates": [318129.15625, 4681869.5]}}, {"type": "Feature", "properties": {"node_id": 9, "degree": 1, "node_type": "endpoint", "node_kind": null}, "geometry": {"type": "Point", "coordinates": [318000.0, 4681623.0]}}, {"type": "Feature", "properties": {"node_id": 10, "degree": 1, "node_type": "endpoint", "node_kind": null}, "geometry": {"type": "Point", "coordinates": [318125.6875, 4681869.0]}}, {"type": "Feature", "properties": {"node_id": 11, "degree": 1, "node_type": "endpoint", "node_kind": null}, "geometry": {"type": "Point", "coordinates": [318000.0, 4681628.0]}}, {"type": "Feature", "properties": {"node_id": 12, "degree": 1, "node_type": "endpoint", "node_kind": null}, "geometry": {"type": "Point", "coordinates": [318419.6875, 4681261.0]}}, {"type": "Feature", "properties": {"node_id": 13, "degree": 1, "node_type": "endpoint", "node_kind": null}, "geometry": {"type": "Point", "coordinates": [318729.4375, 4680924.5]}}, {"type": "Feature", "properties": {"node_id": 14, "degree": 1, "node_type": "endpoint", "node_kind": null}, "geometry": {"type": "Point", "coordinates": [318386.6875, 4678629.5]}}, {"type": "Feature", "properties": {"node_id": 15, "degree": 1, "node_type": "endpoint", "node_kind": null}, "geometry": {"type": "Point", "coordinates": [318561.3125, 4678481.5]}}, {"type": "Feature", "properties": {"node_id": 16, "degree": 1, "node_type": "endpoint", "node_kind": null}, "geometry": {"type": "Point", "coordinates": [318302.84375, 4690421.0]}}, {"type": "Feature", "properties": {"node_id": 17, "degree": 1, "node_type": "endpoint", "node_kind": null}, "geometry": {"type": "Point", "coordinates": [318297.15625, 4690451.0]}}, {"type": "Feature", "properties": {"node_id": 18, "degree": 1, "node_type": "endpoint", "node_kind": null}, "geometry": {"type": "Point", "coordinates": [318294.90625, 4690278.0]}}, {"type": "Feature", "properties": {"node_id": 19, "degree": 1, "node_type": "endpoint", "node_kind": null}, "geometry": {"type": "Point", "coordinates": [318304.34375, 4690325.0]}}, {"type": "Feature", "properties": {"node_id": 20, "degree": 1, "node_type": "endpoint", "node_kind": null}, "geometry": {"type": "Point", "coordinates": [318218.84375, 4689936.5]}}, {"type": "Feature", "properties": {"node_id": 21, "degree": 1, "node_type": "endpoint", "node_kind": null}, "geometry": {"type": "Point", "coordinates": [318238.8125, 4690089.5]}}, {"type": "Feature", "properties": {"node_id": 22, "degree": 1, "node_type": "endpoint", "node_kind": null}, "geometry": {"type": "Point", "coordinates": [318244.65625, 4690136.0]}}, {"type": "Feature", "properties": {"node_id": 23, "degree": 1, "node_type": "endpoint", "node_kind": null}, "geometry": {"type": "Point", "coordinates": [318273.4375, 4690202.5]}}, {"type": "Feature", "properties": {"node_id": 24, "degree": 1, "node_type": "endpoint", "node_kind": null}, "geometry": {"type": "Point", "coordinates": [318214.9375, 4689985.5]}}, {"type": "Feature", "properties": {"node_id": 25, "degree": 1, "node_type": "endpoint", "node_kind": null}, "geometry": {"type": "Point", "coordinates": [318218.5625, 4690023.0]}}, {"type": "Feature", "properties": {"node_id": 26, "degree": 1, "node_type": "endpoint", "node_kind": null}, "geometry": {"type": "Point", "coordinates": [318131.25, 4689291.5]}}, {"type": "Feature", "properties": {"node_id": 27, "degree": 1, "node_type": "endpoint", "node_kind": null}, "geometry": {"type": "Point", "coordinates": [318168.90625, 4689445.5]}}, {"type": "Feature", "properties": {"node_id": 28, "degree": 1, "node_type": "endpoint", "node_kind": null}, "geometry": {"type": "Point", "coordinates": [318078.75, 4689681.5]}}, {"type": "Feature", "properties": {"node_id": 29, "degree": 1, "node_type": "endpoint", "node_kind": null}, "geometry": {"type": "Point", "coordinates": [318022.1875, 4689661.0]}}, {"type": "Feature", "properties": {"node_id": 30, "degree": 1, "node_type": "endpoint", "node_kind": null}, "geometry": {"type": "Point", "coordinates": [318124.1875, 4689712.0]}}, {"type": "Feature", "properties": {"node_id": 31, "degree": 1, "node_type": "endpoint", "node_kind": null}, "geometry": {"type": "Point", "coordinates": [318013.65625, 4689666.0]}}, {"type": "Feature", "properties": {"node_id": 32, "degree": 1, "node_type": "endpoint", "node_kind": null}, "geometry": {"type": "Point", "coordinates": [318197.09375, 4689624.5]}}, {"type": "Feature", "properties": {"node_id": 33, "degree": 1, "node_type": "endpoint", "node_kind": null}, "geometry": {"type": "Point", "coordinates": [318182.84375, 4689481.0]}}, {"type": "Feature", "properties": {"node_id": 34, "degree": 1, "node_type": "endpoint", "node_kind": null}, "geometry": {"type": "Point", "coordinates": [318178.8125, 4689726.0]}}, {"type": "Feature", "properties": {"node_id": 35, "degree": 1, "node_type": "endpoint", "node_kind": null}, "geometry": {"type": "Point", "coordinates": [318100.65625, 4689699.5]}}, {"type": "Feature", "properties": {"node_id": 36, "degree": 1, "node_type": "endpoint", "node_kind": null}, "geometry": {"type": "Point", "coordinates": [318022.0625, 4689662.5]}}, {"type": "Feature", "properties": {"node_id": 37, "degree": 1, "node_type": "endpoint", "node_kind": null}, "geometry": {"type": "Point", "coordinates": [318103.5, 4689695.0]}}, {"type": "Feature", "properties": {"node_id": 38, "degree": 1, "node_type": "endpoint", "node_kind": null}, "geometry": {"type": "Point", "coordinates": [318132.90625, 4689265.0]}}, {"type": "Feature", "properties": {"node_id": 39, "degree": 1, "node_type": "endpoint", "node_kind": null}, "geometry": {"type": "Point", "coordinates": [318150.15625, 4688964.5]}}, {"type": "Feature", "properties": {"node_id": 40, "degree": 1, "node_type": "endpoint", "node_kind": null}, "geometry": {"type": "Point", "coordinates": [318002.09375, 4688891.0]}}, {"type": "Feature", "properties": {"node_id": 41, "degree": 1, "node_type": "endpoint", "node_kind": null}, "geometry": {"type": "Point", "coordinates": [318116.84375, 4688878.0]}}, {"type": "Feature", "properties": {"node_id": 42, "degree": 1, "node_type": "endpoint", "node_kind": null}, "geometry": {"type": "Point", "coordinates": [318201.90625, 4688668.5]}}, {"type": "Feature", "properties": {"node_id": 43, "degree": 1, "node_type": "endpoint", "node_kind": null}, "geometry": {"type": "Point", "coordinates": [318170.84375, 4688821.5]}}, {"type": "Feature", "properties": {"node_id": 44, "degree": 1, "node_type": "endpoint", "node_kind": null}, "geometry": {"type": "Point", "coordinates": [318451.34375, 4688837.0]}}, {"type": "Feature", "properties": {"node_id": 45, "degree": 1, "node_type": "endpoint", "node_kind": null}, "geometry": {"type": "Point", "coordinates": [318627.3125, 4688828.5]}}, {"type": "Feature", "properties": {"node_id": 46, "degree": 1, "node_type": "endpoint", "node_kind": null}, "geometry": {"type": "Point", "coordinates": [318195.59375, 4688742.0]}}, {"type": "Feature", "properties": {"node_id": 47, "degree": 1, "node_type": "endpoint", "node_kind": null}, "geometry": {"type": "Point", "coordinates": [318231.3125, 4688544.5]}}, {"type": "Feature", "properties": {"node_id": 48, "degree": 1, "node_type": "endpoint", "node_kind": null}, "geometry": {"type": "Point", "coordinates": [318563.40625, 4688825.5]}}, {"type": "Feature", "properties": {"node_id": 49, "degree": 1, "node_type": "endpoint", "node_kind": null}, "geometry": {"type": "Point", "coordinates": [318723.59375, 4688818.5]}}, {"type": "Feature", "properties": {"node_id": 50, "degree": 1, "node_type": "endpoint", "node_kind": null}, "geometry": {"type": "Point", "coordinates": [318285.4375, 4688858.0]}}, {"type": "Feature", "properties": {"node_id": 51, "degree": 1, "node_type": "endpoint", "node_kind": null}, "geometry": {"type": "Point", "coordinates": [318313.0625, 4688854.5]}}, {"type": "Feature", "properties": {"node_id": 52, "degree": 1, "node_type": "endpoint", "node_kind": null}, "geometry": {"type": "Point", "coordinates": [318453.3125, 4688839.5]}}, {"type": "Feature", "properties": {"node_id": 53, "degree": 1, "node_type": "endpoint", "node_kind": null}, "geometry": {"type": "Point", "coordinates": [318615.3125, 4688832.0]}}, {"type": "Feature", "properties": {"node_id": 54, "degree": 1, "node_type": "endpoint", "node_kind": null}, "geometry": {"type": "Point", "coordinates": [318180.4375, 4688286.5]}}, {"type": "Feature", "properties": {"node_id": 55, "degree": 1, "node_type": "endpoint", "node_kind": null}, "geometry": {"type": "Point", "coordinates": [318174.59375, 4688263.5]}}, {"type": "Feature", "properties": {"node_id": 56, "degree": 1, "node_type": "endpoint", "node_kind": null}, "geometry": {"type": "Point", "coordinates": [318152.5625, 4688168.0]}}, {"type": "Feature", "properties": {"node_id": 57, "degree": 1, "node_type": "endpoint", "node_kind": null}, "geometry": {"type": "Point", "coordinates": [318140.09375, 4688101.5]}}, {"type": "Feature", "properties": {"node_id": 58, "degree": 1, "node_type": "endpoint", "node_kind": null}, "geometry": {"type": "Point", "coordinates": [318207.4375, 4688394.0]}}, {"type": "Feature", "properties": {"node_id": 59, "degree": 1, "node_type": "endpoint", "node_kind": null}, "geometry": {"type": "Point", "coordinates": [318216.75, 4688597.5]}}, {"type": "Feature", "properties": {"node_id": 60, "degree": 1, "node_type": "endpoint", "node_kind": null}, "geometry": {"type": "Point", "coordinates": [318164.25, 4688185.5]}}, {"type": "Feature", "properties": {"node_id": 61, "degree": 1, "node_type": "endpoint", "node_kind": null}, "geometry": {"type": "Point", "coordinates": [318227.84375, 4688460.0]}}, {"type": "Feature", "properties": {"node_id": 62, "degree": 1, "node_type": "endpoint", "node_kind": null}, "geometry": {"type": "Point", "coordinates": [318307.1875, 4687719.5]}}, {"type": "Feature", "properties": {"node_id": 63, "degree": 1, "node_type": "endpoint", "node_kind": null}, "geometry": {"type": "Point", "coordinates": [318462.90625, 4687841.0]}}, {"type": "Feature", "properties": {"node_id": 64, "degree": 1, "node_type": "endpoint", "node_kind": null}, "geometry": {"type": "Point", "coordinates": [318209.40625, 4685152.5]}}, {"type": "Feature", "properties": {"node_id": 65, "degree": 1, "node_type": "endpoint", "node_kind": null}, "geometry": {"type": "Point", "coordinates": [318316.5, 4685112.0]}}, {"type": "Feature", "properties": {"node_id": 66, "degree": 1, "node_type": "endpoint", "node_kind": null}, "geometry": {"type": "Point", "coordinates": [318668.40625, 4685160.5]}}, {"type": "Feature", "properties": {"node_id": 67, "degree": 1, "node_type": "endpoint", "node_kind": null}, "geometry": {"type": "Point", "coordinates": [318577.0625, 4685101.5]}}, {"type": "Feature", "properties": {"node_id": 68, "degree": 1, "node_type": "endpoint", "node_kind": null}, "geometry": {"type": "Point", "coordinates": [318574.65625, 4685104.0]}}, {"type": "Feature", "properties": {"node_id": 69, "degree": 1, "node_type": "endpoint", "node_kind": null}, "geometry": {"type": "Point", "coordinates": [318633.59375, 4685135.0]}}, {"type": "Feature", "properties": {"node_id": 70, "degree": 1, "node_type": "endpoint", "node_kind": null}, "geometry": {"type": "Point", "coordinates": [318296.25, 4685133.5]}}, {"type": "Feature", "properties": {"node_id": 71, "degree": 1, "node_type": "endpoint", "node_kind": null}, "geometry": {"type": "Point", "coordinates": [318424.5, 4685085.0]}}, {"type": "Feature", "properties": {"node_id": 72, "degree": 1, "node_type": "endpoint", "node_kind": null}, "geometry": {"type": "Point", "coordinates": [318626.25, 4685118.5]}}, {"type": "Feature", "properties": {"node_id": 73, "degree": 1, "node_type": "endpoint", "node_kind": null}, "geometry": {"type": "Point", "coordinates": [318569.40625, 4685090.5]}}, {"type": "Feature", "properties": {"node_id": 74, "degree": 1, "node_type": "endpoint", "node_kind": null}, "geometry": {"type": "Point", "coordinates": [318085.1875, 4683565.0]}}, {"type": "Feature", "properties": {"node_id": 75, "degree": 1, "node_type": "endpoint", "node_kind": null}, "geometry": {"type": "Point", "coordinates": [318151.8125, 4683471.0]}}, {"type": "Feature", "properties": {"node_id": 76, "degree": 1, "node_type": "endpoint", "node_kind": null}, "geometry": {"type": "Point", "coordinates": [334181.84375, 4680823.5]}}, {"type": "Feature", "properties": {"node_id": 77, "degree": 1, "node_type": "endpoint", "node_kind": null}, "geometry": {"type": "Point", "coordinates": [334696.1875, 4680703.5]}}, {"type": "Feature", "properties": {"node_id": 78, "degree": 1, "node_type": "endpoint", "node_kind": null}, "geometry": {"type": "Point", "coordinates": [334196.6875, 4680832.0]}}, {"type": "Feature", "properties": {"node_id": 79, "degree": 1, "node_type": "endpoint", "node_kind": null}, "geometry": {"type": "Point", "coordinates": [334168.1875, 4680831.0]}}, {"type": "Feature", "properties": {"node_id": 80, "degree": 1, "node_type": "endpoint", "node_kind": null}, "geometry": {"type": "Point", "coordinates": [334168.1875, 4680833.0]}}, {"type": "Feature", "properties": {"node_id": 81, "degree": 1, "node_type": "endpoint", "node_kind": null}, "geometry": {"type": "Point", "coordinates": [334713.90625, 4680701.5]}}, {"type": "Feature", "properties": {"node_id": 82, "degree": 1, "node_type": "endpoint", "node_kind": null}, "geometry": {"type": "Point", "coordinates": [333643.34375, 4681109.0]}}, {"type": "Feature", "properties": {"node_id": 83, "degree": 1, "node_type": "endpoint", "node_kind": null}, "geometry": {"type": "Point", "coordinates": [333609.4375, 4681131.0]}}, {"type": "Feature", "properties": {"node_id": 84, "degree": 1, "node_type": "endpoint", "node_kind": null}, "geometry": {"type": "Point", "coordinates": [333846.4375, 4695967.5]}}, {"type": "Feature", "properties": {"node_id": 85, "degree": 1, "node_type": "endpoint", "node_kind": null}, "geometry": {"type": "Point", "coordinates": [333883.5, 4695988.5]}}, {"type": "Feature", "properties": {"node_id": 86, "degree": 1, "node_type": "endpoint", "node_kind": null}, "geometry": {"type": "Point", "coordinates": [333652.5, 4695700.0]}}, {"type": "Feature", "properties": {"node_id": 87, "degree": 1, "node_type": "endpoint", "node_kind": null}, "geometry": {"type": "Point", "coordinates": [333687.15625, 4695836.5]}}, {"type": "Feature", "properties": {"node_id": 88, "degree": 1, "node_type": "endpoint", "node_kind": null}, "geometry": {"type": "Point", "coordinates": [333581.5625, 4695852.5]}}, {"type": "Feature", "properties": {"node_id": 89, "degree": 1, "node_type": "endpoint", "node_kind": null}, "geometry": {"type": "Point", "coordinates": [333408.0, 4695747.0]}}, {"type": "Feature", "properties": {"node_id": 90, "degree": 1, "node_type": "endpoint", "node_kind": null}, "geometry": {"type": "Point", "coordinates": [334022.5625, 4680125.0]}}, {"type": "Feature", "properties": {"node_id": 91, "degree": 1, "node_type": "endpoint", "node_kind": null}, "geometry": {"type": "Point", "coordinates": [334060.0625, 4680124.0]}}, {"type": "Feature", "properties": {"node_id": 92, "degree": 1, "node_type": "endpoint", "node_kind": null}, "geometry": {"type": "Point", "coordinates": [333750.0, 4679574.5]}}, {"type": "Feature", "properties": {"node_id": 93, "degree": 1, "node_type": "endpoint", "node_kind": null}, "geometry": {"type": "Point", "coordinates": [333729.4375, 4679589.0]}}, {"type": "Feature", "properties": {"node_id": 94, "degree": 1, "node_type": "endpoint", "node_kind": null}, "geometry": {"type": "Point", "coordinates": [333628.0625, 4679134.5]}}, {"type": "Feature", "properties": {"node_id": 95, "degree": 1, "node_type": "endpoint", "node_kind": null}, "geometry": {"type": "Point", "coordinates": [333667.1875, 4679078.0]}}, {"type": "Feature", "properties": {"node_id": 96, "degree": 1, "node_type": "endpoint", "node_kind": null}, "geometry": {"type": "Point", "coordinates": [334152.4375, 4678876.0]}}, {"type": "Feature", "properties": {"node_id": 97, "degree": 1, "node_type": "endpoint", "node_kind": null}, "geometry": {"type": "Point", "coordinates": [334330.9375, 4678888.0]}}, {"type": "Feature", "properties": {"node_id": 98, "degree": 1, "node_type": "endpoint", "node_kind": null}, "geometry": {"type": "Point", "coordinates": [333784.8125, 4678992.0]}}, {"type": "Feature", "properties": {"node_id": 99, "degree": 1, "node_type": "endpoint", "node_kind": null}, "geometry": {"type": "Point", "coordinates": [334083.59375, 4678882.0]}}, {"type": "Feature", "properties": {"node_id": 100, "degree": 1, "node_type": "endpoint", "node_kind": null}, "geometry": {"type": "Point", "coordinates": [334152.4375, 4678873.5]}}, {"type": "Feature", "properties": {"node_id": 101, "degree": 1, "node_type": "endpoint", "node_kind": null}, "geometry": {"type": "Point", "coordinates": [334254.59375, 4678875.0]}}, {"type": "Feature", "properties": {"node_id": 102, "degree": 1, "node_type": "endpoint", "node_kind": null}, "geometry": {"type": "Point", "coordinates": [333754.5, 4678993.0]}}, {"type": "Feature", "properties": {"node_id": 103, "degree": 1, "node_type": "endpoint", "node_kind": null}, "geometry": {"type": "Point", "coordinates": [333686.40625, 4679039.0]}}, {"type": "Feature", "properties": {"node_id": 104, "degree": 1, "node_type": "endpoint", "node_kind": null}, "geometry": {"type": "Point", "coordinates": [334084.1875, 4678882.5]}}, {"type": "Feature", "properties": {"node_id": 105, "degree": 1, "node_type": "endpoint", "node_kind": null}, "geometry": {"type": "Point", "coordinates": [333787.8125, 4678993.5]}}, {"type": "Feature", "properties": {"node_id": 106, "degree": 1, "node_type": "endpoint", "node_kind": null}, "geometry": {"type": "Point", "coordinates": [334005.59375, 4679455.0]}}, {"type": "Feature", "properties": {"node_id": 107, "degree": 1, "node_type": "endpoint", "node_kind": null}, "geometry": {"type": "Point", "coordinates": [334278.4375, 4679350.0]}}, {"type": "Feature", "properties": {"node_id": 108, "degree": 1, "node_type": "endpoint", "node_kind": null}, "geometry": {"type": "Point", "coordinates": [333563.5625, 4678397.0]}}, {"type": "Feature", "properties": {"node_id": 109, "degree": 1, "node_type": "endpoint", "node_kind": null}, "geometry": {"type": "Point", "coordinates": [333301.1875, 4678567.5]}}, {"type": "Feature", "properties": {"node_id": 110, "degree": 1, "node_type": "endpoint", "node_kind": null}, "geometry": {"type": "Point", "coordinates": [333561.4375, 4678415.0]}}, {"type": "Feature", "properties": {"node_id": 111, "degree": 1, "node_type": "endpoint", "node_kind": null}, "geometry": {"type": "Point", "coordinates": [333587.5625, 4678380.0]}}, {"type": "Feature", "properties": {"node_id": 112, "degree": 1, "node_type": "endpoint", "node_kind": null}, "geometry": {"type": "Point", "coordinates": [333925.9375, 4677905.5]}}, {"type": "Feature", "properties": {"node_id": 113, "degree": 1, "node_type": "endpoint", "node_kind": null}, "geometry": {"type": "Point", "coordinates": [333938.6875, 4677887.5]}}, {"type": "Feature", "properties": {"node_id": 114, "degree": 1, "node_type": "endpoint", "node_kind": null}, "geometry": {"type": "Point", "coordinates": [333742.9375, 4677468.0]}}, {"type": "Feature", "properties": {"node_id": 115, "degree": 1, "node_type": "endpoint", "node_kind": null}, "geometry": {"type": "Point", "coordinates": [333602.40625, 4677399.0]}}, {"type": "Feature", "properties": {"node_id": 116, "degree": 1, "node_type": "endpoint", "node_kind": null}, "geometry": {"type": "Point", "coordinates": [333533.25, 4694092.5]}}, {"type": "Feature", "properties": {"node_id": 117, "degree": 2, "node_type": "endpoint", "node_kind": null}, "geometry": {"type": "Point", "coordinates": [334495.65625, 4694531.5]}}, {"type": "Feature", "properties": {"node_id": 118, "degree": 1, "node_type": "endpoint", "node_kind": null}, "geometry": {"type": "Point", "coordinates": [333711.90625, 4694163.0]}}, {"type": "Feature", "properties": {"node_id": 119, "degree": 1, "node_type": "endpoint", "node_kind": null}, "geometry": {"type": "Point", "coordinates": [334317.3125, 4694441.5]}}, {"type": "Feature", "properties": {"node_id": 120, "degree": 1, "node_type": "endpoint", "node_kind": null}, "geometry": {"type": "Point", "coordinates": [334494.75, 4680832.5]}}, {"type": "Feature", "properties": {"node_id": 121, "degree": 1, "node_type": "endpoint", "node_kind": null}, "geometry": {"type": "Point", "coordinates": [334722.90625, 4680688.0]}}, {"type": "Feature", "properties": {"node_id": 122, "degree": 1, "node_type": "endpoint", "node_kind": null}, "geometry": {"type": "Point", "coordinates": [334709.84375, 4680689.5]}}, {"type": "Feature", "properties": {"node_id": 123, "degree": 1, "node_type": "endpoint", "node_kind": null}, "geometry": {"type": "Point", "coordinates": [334181.84375, 4680825.5]}}, {"type": "Feature", "properties": {"node_id": 124, "degree": 1, "node_type": "endpoint", "node_kind": null}, "geometry": {"type": "Point", "coordinates": [334705.65625, 4680709.0]}}, {"type": "Feature", "properties": {"node_id": 125, "degree": 1, "node_type": "endpoint", "node_kind": null}, "geometry": {"type": "Point", "coordinates": [334724.84375, 4680689.5]}}, {"type": "Feature", "properties": {"node_id": 126, "degree": 1, "node_type": "endpoint", "node_kind": null}, "geometry": {"type": "Point", "coordinates": [334634.25, 4679794.0]}}, {"type": "Feature", "properties": {"node_id": 127, "degree": 1, "node_type": "endpoint", "node_kind": null}, "geometry": {"type": "Point", "coordinates": [334684.34375, 4679693.0]}}, {"type": "Feature", "properties": {"node_id": 128, "degree": 1, "node_type": "endpoint", "node_kind": null}, "geometry": {"type": "Point", "coordinates": [334854.0, 4679688.0]}}, {"type": "Feature", "properties": {"node_id": 129, "degree": 1, "node_type": "endpoint", "node_kind": null}, "geometry": {"type": "Point", "coordinates": [334827.75, 4679651.5]}}, {"type": "Feature", "properties": {"node_id": 130, "degree": 1, "node_type": "endpoint", "node_kind": null}, "geometry": {"type": "Point", "coordinates": [334755.75, 4679644.0]}}, {"type": "Feature", "properties": {"node_id": 131, "degree": 1, "node_type": "endpoint", "node_kind": null}, "geometry": {"type": "Point", "coordinates": [334792.8125, 4679632.0]}}, {"type": "Feature", "properties": {"node_id": 132, "degree": 1, "node_type": "endpoint", "node_kind": null}, "geometry": {"type": "Point", "coordinates": [334592.40625, 4679884.0]}}, {"type": "Feature", "properties": {"node_id": 133, "degree": 1, "node_type": "endpoint", "node_kind": null}, "geometry": {"type": "Point", "coordinates": [334610.09375, 4679856.0]}}, {"type": "Feature", "properties": {"node_id": 134, "degree": 1, "node_type": "endpoint", "node_kind": null}, "geometry": {"type": "Point", "coordinates": [334635.59375, 4679796.0]}}, {"type": "Feature", "properties": {"node_id": 135, "degree": 1, "node_type": "endpoint", "node_kind": null}, "geometry": {"type": "Point", "coordinates": [334686.0, 4679694.0]}}, {"type": "Feature", "properties": {"node_id": 136, "degree": 1, "node_type": "endpoint", "node_kind": null}, "geometry": {"type": "Point", "coordinates": [334705.8125, 4679163.0]}}, {"type": "Feature", "properties": {"node_id": 137, "degree": 1, "node_type": "endpoint", "node_kind": null}, "geometry": {"type": "Point", "coordinates": [334793.25, 4679162.0]}}, {"type": "Feature", "properties": {"node_id": 138, "degree": 1, "node_type": "endpoint", "node_kind": null}, "geometry": {"type": "Point", "coordinates": [334738.1875, 4679373.0]}}, {"type": "Feature", "properties": {"node_id": 139, "degree": 1, "node_type": "endpoint", "node_kind": null}, "geometry": {"type": "Point", "coordinates": [334810.5, 4679244.0]}}, {"type": "Feature", "properties": {"node_id": 140, "degree": 1, "node_type": "endpoint", "node_kind": null}, "geometry": {"type": "Point", "coordinates": [334671.75, 4679282.5]}}, {"type": "Feature", "properties": {"node_id": 141, "degree": 1, "node_type": "endpoint", "node_kind": null}, "geometry": {"type": "Point", "coordinates": [334523.6875, 4679071.0]}}, {"type": "Feature", "properties": {"node_id": 142, "degree": 1, "node_type": "endpoint", "node_kind": null}, "geometry": {"type": "Point", "coordinates": [334778.25, 4679416.5]}}, {"type": "Feature", "properties": {"node_id": 143, "degree": 1, "node_type": "endpoint", "node_kind": null}, "geometry": {"type": "Point", "coordinates": [334756.5, 4679403.0]}}, {"type": "Feature", "properties": {"node_id": 144, "degree": 1, "node_type": "endpoint", "node_kind": null}, "geometry": {"type": "Point", "coordinates": [334605.4375, 4679230.0]}}, {"type": "Feature", "properties": {"node_id": 145, "degree": 1, "node_type": "endpoint", "node_kind": null}, "geometry": {"type": "Point", "coordinates": [334641.59375, 4679262.5]}}, {"type": "Feature", "properties": {"node_id": 146, "degree": 1, "node_type": "endpoint", "node_kind": null}, "geometry": {"type": "Point", "coordinates": [334517.5625, 4679071.5]}}, {"type": "Feature", "properties": {"node_id": 147, "degree": 1, "node_type": "endpoint", "node_kind": null}, "geometry": {"type": "Point", "coordinates": [334569.4375, 4679184.5]}}, {"type": "Feature", "properties": {"node_id": 148, "degree": 1, "node_type": "endpoint", "node_kind": null}, "geometry": {"type": "Point", "coordinates": [334609.5, 4679228.0]}}, {"type": "Feature", "properties": {"node_id": 149, "degree": 1, "node_type": "endpoint", "node_kind": null}, "geometry": {"type": "Point", "coordinates": [334643.6875, 4679259.5]}}, {"type": "Feature", "properties": {"node_id": 150, "degree": 1, "node_type": "endpoint", "node_kind": null}, "geometry": {"type": "Point", "coordinates": [334476.75, 4679013.5]}}, {"type": "Feature", "properties": {"node_id": 151, "degree": 1, "node_type": "endpoint", "node_kind": null}, "geometry": {"type": "Point", "coordinates": [334495.5, 4679042.0]}}, {"type": "Feature", "properties": {"node_id": 152, "degree": 1, "node_type": "endpoint", "node_kind": null}, "geometry": {"type": "Point", "coordinates": [334298.09375, 4676738.5]}}, {"type": "Feature", "properties": {"node_id": 153, "degree": 1, "node_type": "endpoint", "node_kind": null}, "geometry": {"type": "Point", "coordinates": [334130.6875, 4676788.5]}}, {"type": "Feature", "properties": {"node_id": 154, "degree": 1, "node_type": "endpoint", "node_kind": null}, "geometry": {"type": "Point", "coordinates": [334476.75, 4676621.5]}}, {"type": "Feature", "properties": {"node_id": 155, "degree": 1, "node_type": "endpoint", "node_kind": null}, "geometry": {"type": "Point", "coordinates": [334429.9375, 4676655.5]}}, {"type": "Feature", "properties": {"node_id": 156, "degree": 1, "node_type": "endpoint", "node_kind": null}, "geometry": {"type": "Point", "coordinates": [334522.9375, 4694529.5]}}, {"type": "Feature", "properties": {"node_id": 157, "degree": 1, "node_type": "endpoint", "node_kind": null}, "geometry": {"type": "Point", "coordinates": [334682.84375, 4694598.0]}}, {"type": "Feature", "properties": {"node_id": 158, "degree": 1, "node_type": "endpoint", "node_kind": null}, "geometry": {"type": "Point", "coordinates": [334662.90625, 4694603.0]}}, {"type": "Feature", "properties": {"node_id": 159, "degree": 2, "node_type": "endpoint", "node_kind": null}, "geometry": {"type": "Point", "coordinates": [334521.0, 4694542.5]}}, {"type": "Feature", "properties": {"node_id": 160, "degree": 1, "node_type": "endpoint", "node_kind": null}, "geometry": {"type": "Point", "coordinates": [334913.09375, 4679598.5]}}, {"type": "Feature", "properties": {"node_id": 161, "degree": 1, "node_type": "endpoint", "node_kind": null}, "geometry": {"type": "Point", "coordinates": [335107.0625, 4679523.0]}}, {"type": "Feature", "properties": {"node_id": 162, "degree": 1, "node_type": "endpoint", "node_kind": null}, "geometry": {"type": "Point", "coordinates": [335077.5, 4679522.5]}}, {"type": "Feature", "properties": {"node_id": 163, "degree": 2, "node_type": "endpoint", "node_kind": null}, "geometry": {"type": "Point", "coordinates": [335001.0, 4679553.5]}}, {"type": "Feature", "properties": {"node_id": 164, "degree": 1, "node_type": "endpoint", "node_kind": null}, "geometry": {"type": "Point", "coordinates": [335277.90625, 4679461.5]}}, {"type": "Feature", "properties": {"node_id": 165, "degree": 1, "node_type": "endpoint", "node_kind": null}, "geometry": {"type": "Point", "coordinates": [335498.5625, 4679453.5]}}, {"type": "Feature", "properties": {"node_id": 166, "degree": 1, "node_type": "endpoint", "node_kind": null}, "geometry": {"type": "Point", "coordinates": [335095.1875, 4679528.5]}}, {"type": "Feature", "properties": {"node_id": 167, "degree": 1, "node_type": "endpoint", "node_kind": null}, "geometry": {"type": "Point", "coordinates": [334996.8125, 4679568.0]}}, {"type": "Feature", "properties": {"node_id": 168, "degree": 1, "node_type": "endpoint", "node_kind": null}, "geometry": {"type": "Point", "coordinates": [335274.15625, 4679452.5]}}, {"type": "Feature", "properties": {"node_id": 169, "degree": 1, "node_type": "endpoint", "node_kind": null}, "geometry": {"type": "Point", "coordinates": [335385.4375, 4679463.5]}}, {"type": "Feature", "properties": {"node_id": 170, "degree": 1, "node_type": "endpoint", "node_kind": null}, "geometry": {"type": "Point", "coordinates": [334908.4375, 4679588.0]}}, {"type": "Feature", "properties": {"node_id": 171, "degree": 1, "node_type": "endpoint", "node_kind": null}, "geometry": {"type": "Point", "coordinates": [334966.5, 4679565.0]}}, {"type": "Feature", "properties": {"node_id": 172, "degree": 1, "node_type": "endpoint", "node_kind": null}, "geometry": {"type": "Point", "coordinates": [334927.0625, 4679582.5]}}, {"type": "Feature", "properties": {"node_id": 173, "degree": 2, "node_type": "endpoint", "node_kind": null}, "geometry": {"type": "Point", "coordinates": [334993.0625, 4679556.5]}}, {"type": "Feature", "properties": {"node_id": 174, "degree": 1, "node_type": "endpoint", "node_kind": null}, "geometry": {"type": "Point", "coordinates": [335273.40625, 4679450.0]}}, {"type": "Feature", "properties": {"node_id": 175, "degree": 1, "node_type": "endpoint", "node_kind": null}, "geometry": {"type": "Point", "coordinates": [335350.34375, 4679458.5]}}, {"type": "Feature", "properties": {"node_id": 176, "degree": 1, "node_type": "endpoint", "node_kind": null}, "geometry": {"type": "Point", "coordinates": [335315.40625, 4678672.0]}}, {"type": "Feature", "properties": {"node_id": 177, "degree": 1, "node_type": "endpoint", "node_kind": null}, "geometry": {"type": "Point", "coordinates": [335258.40625, 4678723.0]}}, {"type": "Feature", "properties": {"node_id": 178, "degree": 1, "node_type": "endpoint", "node_kind": null}, "geometry": {"type": "Point", "coordinates": [335138.40625, 4694487.0]}}, {"type": "Feature", "properties": {"node_id": 179, "degree": 1, "node_type": "endpoint", "node_kind": null}, "geometry": {"type": "Point", "coordinates": [335406.3125, 4694348.5]}}, {"type": "Feature", "properties": {"node_id": 180, "degree": 1, "node_type": "endpoint", "node_kind": null}, "geometry": {"type": "Point", "coordinates": [335293.1875, 4694413.5]}}, {"type": "Feature", "properties": {"node_id": 181, "degree": 1, "node_type": "endpoint", "node_kind": null}, "geometry": {"type": "Point", "coordinates": [335023.8125, 4694549.0]}}, {"type": "Feature", "properties": {"node_id": 182, "degree": 1, "node_type": "endpoint", "node_kind": null}, "geometry": {"type": "Point", "coordinates": [334979.84375, 4694567.0]}}, {"type": "Feature", "properties": {"node_id": 183, "degree": 1, "node_type": "endpoint", "node_kind": null}, "geometry": {"type": "Point", "coordinates": [335065.0625, 4694525.0]}}, {"type": "Feature", "properties": {"node_id": 184, "degree": 1, "node_type": "endpoint", "node_kind": null}, "geometry": {"type": "Point", "coordinates": [335064.4375, 4694523.0]}}, {"type": "Feature", "properties": {"node_id": 185, "degree": 1, "node_type": "endpoint", "node_kind": null}, "geometry": {"type": "Point", "coordinates": [335002.5, 4694554.5]}}, {"type": "Feature", "properties": {"node_id": 186, "degree": 1, "node_type": "endpoint", "node_kind": null}, "geometry": {"type": "Point", "coordinates": [334868.5625, 4694633.0]}}, {"type": "Feature", "properties": {"node_id": 187, "degree": 1, "node_type": "endpoint", "node_kind": null}, "geometry": {"type": "Point", "coordinates": [334839.75, 4694649.0]}}, {"type": "Feature", "properties": {"node_id": 188, "degree": 1, "node_type": "endpoint", "node_kind": null}, "geometry": {"type": "Point", "coordinates": [335306.5625, 4694398.0]}}, {"type": "Feature", "properties": {"node_id": 189, "degree": 1, "node_type": "endpoint", "node_kind": null}, "geometry": {"type": "Point", "coordinates": [335785.9375, 4694191.5]}}, {"type": "Feature", "properties": {"node_id": 190, "degree": 1, "node_type": "endpoint", "node_kind": null}, "geometry": {"type": "Point", "coordinates": [335513.6875, 4680652.0]}}, {"type": "Feature", "properties": {"node_id": 191, "degree": 1, "node_type": "endpoint", "node_kind": null}, "geometry": {"type": "Point", "coordinates": [335482.34375, 4680619.0]}}, {"type": "Feature", "properties": {"node_id": 192, "degree": 1, "node_type": "endpoint", "node_kind": null}, "geometry": {"type": "Point", "coordinates": [335427.90625, 4680554.0]}}, {"type": "Feature", "properties": {"node_id": 193, "degree": 1, "node_type": "endpoint", "node_kind": null}, "geometry": {"type": "Point", "coordinates": [335445.0, 4680605.0]}}, {"type": "Feature", "properties": {"node_id": 194, "degree": 1, "node_type": "endpoint", "node_kind": null}, "geometry": {"type": "Point", "coordinates": [335757.0, 4680774.5]}}, {"type": "Feature", "properties": {"node_id": 195, "degree": 1, "node_type": "endpoint", "node_kind": null}, "geometry": {"type": "Point", "coordinates": [335925.4375, 4680812.5]}}, {"type": "Feature", "properties": {"node_id": 196, "degree": 2, "node_type": "endpoint", "node_kind": null}, "geometry": {"type": "Point", "coordinates": [335760.4375, 4695883.5]}}, {"type": "Feature", "properties": {"node_id": 197, "degree": 1, "node_type": "endpoint", "node_kind": null}, "geometry": {"type": "Point", "coordinates": [335731.5, 4695971.5]}}, {"type": "Feature", "properties": {"node_id": 198, "degree": 1, "node_type": "endpoint", "node_kind": null}, "geometry": {"type": "Point", "coordinates": [335796.15625, 4695779.0]}}, {"type": "Feature", "properties": {"node_id": 199, "degree": 2, "node_type": "endpoint", "node_kind": null}, "geometry": {"type": "Point", "coordinates": [335763.90625, 4695876.5]}}, {"type": "Feature", "properties": {"node_id": 200, "degree": 1, "node_type": "endpoint", "node_kind": null}, "geometry": {"type": "Point", "coordinates": [335769.3125, 4695887.0]}}, {"type": "Feature", "properties": {"node_id": 201, "degree": 1, "node_type": "endpoint", "node_kind": null}, "geometry": {"type": "Point", "coordinates": [335742.15625, 4695969.0]}}, {"type": "Feature", "properties": {"node_id": 202, "degree": 1, "node_type": "endpoint", "node_kind": null}, "geometry": {"type": "Point", "coordinates": [335808.90625, 4696020.5]}}, {"type": "Feature", "properties": {"node_id": 203, "degree": 1, "node_type": "endpoint", "node_kind": null}, "geometry": {"type": "Point", "coordinates": [335747.6875, 4695982.5]}}, {"type": "Feature", "properties": {"node_id": 204, "degree": 1, "node_type": "endpoint", "node_kind": null}, "geometry": {"type": "Point", "coordinates": [335680.34375, 4679415.5]}}, {"type": "Feature", "properties": {"node_id": 205, "degree": 1, "node_type": "endpoint", "node_kind": null}, "geometry": {"type": "Point", "coordinates": [335574.0, 4679437.5]}}, {"type": "Feature", "properties": {"node_id": 206, "degree": 1, "node_type": "endpoint", "node_kind": null}, "geometry": {"type": "Point", "coordinates": [335475.4375, 4679449.5]}}, {"type": "Feature", "properties": {"node_id": 207, "degree": 1, "node_type": "endpoint", "node_kind": null}, "geometry": {"type": "Point", "coordinates": [336065.25, 4679343.5]}}, {"type": "Feature", "properties": {"node_id": 208, "degree": 1, "node_type": "endpoint", "node_kind": null}, "geometry": {"type": "Point", "coordinates": [335374.8125, 4679474.0]}}, {"type": "Feature", "properties": {"node_id": 209, "degree": 1, "node_type": "endpoint", "node_kind": null}, "geometry": {"type": "Point", "coordinates": [335444.25, 4679468.0]}}, {"type": "Feature", "properties": {"node_id": 210, "degree": 1, "node_type": "endpoint", "node_kind": null}, "geometry": {"type": "Point", "coordinates": [335927.40625, 4679353.5]}}, {"type": "Feature", "properties": {"node_id": 211, "degree": 1, "node_type": "endpoint", "node_kind": null}, "geometry": {"type": "Point", "coordinates": [336351.15625, 4679272.5]}}, {"type": "Feature", "properties": {"node_id": 212, "degree": 1, "node_type": "endpoint", "node_kind": null}, "geometry": {"type": "Point", "coordinates": [335842.65625, 4679374.5]}}, {"type": "Feature", "properties": {"node_id": 213, "degree": 1, "node_type": "endpoint", "node_kind": null}, "geometry": {"type": "Point", "coordinates": [335764.0625, 4679395.5]}}, {"type": "Feature", "properties": {"node_id": 214, "degree": 1, "node_type": "endpoint", "node_kind": null}, "geometry": {"type": "Point", "coordinates": [335885.25, 4678448.0]}}, {"type": "Feature", "properties": {"node_id": 215, "degree": 1, "node_type": "endpoint", "node_kind": null}, "geometry": {"type": "Point", "coordinates": [335961.4375, 4678419.0]}}, {"type": "Feature", "properties": {"node_id": 216, "degree": 1, "node_type": "endpoint", "node_kind": null}, "geometry": {"type": "Point", "coordinates": [335454.4375, 4678596.0]}}, {"type": "Feature", "properties": {"node_id": 217, "degree": 1, "node_type": "endpoint", "node_kind": null}, "geometry": {"type": "Point", "coordinates": [335648.5625, 4678519.0]}}, {"type": "Feature", "properties": {"node_id": 218, "degree": 1, "node_type": "endpoint", "node_kind": null}, "geometry": {"type": "Point", "coordinates": [335771.40625, 4678470.5]}}, {"type": "Feature", "properties": {"node_id": 219, "degree": 1, "node_type": "endpoint", "node_kind": null}, "geometry": {"type": "Point", "coordinates": [336165.75, 4678301.5]}}, {"type": "Feature", "properties": {"node_id": 220, "degree": 1, "node_type": "endpoint", "node_kind": null}, "geometry": {"type": "Point", "coordinates": [335667.75, 4678501.0]}}, {"type": "Feature", "properties": {"node_id": 221, "degree": 1, "node_type": "endpoint", "node_kind": null}, "geometry": {"type": "Point", "coordinates": [335468.09375, 4678576.0]}}, {"type": "Feature", "properties": {"node_id": 222, "degree": 1, "node_type": "endpoint", "node_kind": null}, "geometry": {"type": "Point", "coordinates": [335826.4375, 4678464.0]}}, {"type": "Feature", "properties": {"node_id": 223, "degree": 1, "node_type": "endpoint", "node_kind": null}, "geometry": {"type": "Point", "coordinates": [335774.40625, 4678479.5]}}, {"type": "Feature", "properties": {"node_id": 224, "degree": 1, "node_type": "endpoint", "node_kind": null}, "geometry": {"type": "Point", "coordinates": [336006.90625, 4678386.0]}}, {"type": "Feature", "properties": {"node_id": 225, "degree": 1, "node_type": "endpoint", "node_kind": null}, "geometry": {"type": "Point", "coordinates": [335938.1875, 4678416.0]}}, {"type": "Feature", "properties": {"node_id": 226, "degree": 1, "node_type": "endpoint", "node_kind": null}, "geometry": {"type": "Point", "coordinates": [335590.34375, 4676861.0]}}, {"type": "Feature", "properties": {"node_id": 227, "degree": 1, "node_type": "endpoint", "node_kind": null}, "geometry": {"type": "Point", "coordinates": [335521.34375, 4676825.5]}}, {"type": "Feature", "properties": {"node_id": 228, "degree": 1, "node_type": "endpoint", "node_kind": null}, "geometry": {"type": "Point", "coordinates": [335795.6875, 4694202.0]}}, {"type": "Feature", "properties": {"node_id": 229, "degree": 1, "node_type": "endpoint", "node_kind": null}, "geometry": {"type": "Point", "coordinates": [335432.09375, 4694342.0]}}, {"type": "Feature", "properties": {"node_id": 230, "degree": 1, "node_type": "endpoint", "node_kind": null}, "geometry": {"type": "Point", "coordinates": [335547.3125, 4694285.5]}}, {"type": "Feature", "properties": {"node_id": 231, "degree": 1, "node_type": "endpoint", "node_kind": null}, "geometry": {"type": "Point", "coordinates": [335683.1875, 4694226.5]}}, {"type": "Feature", "properties": {"node_id": 232, "degree": 1, "node_type": "endpoint", "node_kind": null}, "geometry": {"type": "Point", "coordinates": [335694.15625, 4694211.0]}}, {"type": "Feature", "properties": {"node_id": 233, "degree": 1, "node_type": "endpoint", "node_kind": null}, "geometry": {"type": "Point", "coordinates": [335793.15625, 4694191.0]}}, {"type": "Feature", "properties": {"node_id": 234, "degree": 1, "node_type": "endpoint", "node_kind": null}, "geometry": {"type": "Point", "coordinates": [335646.90625, 4694236.0]}}, {"type": "Feature", "properties": {"node_id": 235, "degree": 1, "node_type": "endpoint", "node_kind": null}, "geometry": {"type": "Point", "coordinates": [335682.4375, 4694225.0]}}, {"type": "Feature", "properties": {"node_id": 236, "degree": 1, "node_type": "endpoint", "node_kind": null}, "geometry": {"type": "Point", "coordinates": [335992.34375, 4693570.5]}}, {"type": "Feature", "properties": {"node_id": 237, "degree": 1, "node_type": "endpoint", "node_kind": null}, "geometry": {"type": "Point", "coordinates": [335998.1875, 4693631.5]}}, {"type": "Feature", "properties": {"node_id": 238, "degree": 1, "node_type": "endpoint", "node_kind": null}, "geometry": {"type": "Point", "coordinates": [335984.5625, 4693462.5]}}, {"type": "Feature", "properties": {"node_id": 239, "degree": 1, "node_type": "endpoint", "node_kind": null}, "geometry": {"type": "Point", "coordinates": [336016.8125, 4693364.0]}}, {"type": "Feature", "properties": {"node_id": 240, "degree": 1, "node_type": "endpoint", "node_kind": null}, "geometry": {"type": "Point", "coordinates": [320378.09375, 4681088.5]}}, {"type": "Feature", "properties": {"node_id": 241, "degree": 1, "node_type": "endpoint", "node_kind": null}, "geometry": {"type": "Point", "coordinates": [320435.40625, 4681436.0]}}, {"type": "Feature", "properties": {"node_id": 242, "degree": 1, "node_type": "endpoint", "node_kind": null}, "geometry": {"type": "Point", "coordinates": [320404.8125, 4681306.0]}}, {"type": "Feature", "properties": {"node_id": 243, "degree": 1, "node_type": "endpoint", "node_kind": null}, "geometry": {"type": "Point", "coordinates": [320366.40625, 4681073.0]}}, {"type": "Feature", "properties": {"node_id": 244, "degree": 1, "node_type": "endpoint", "node_kind": null}, "geometry": {"type": "Point", "coordinates": [320314.0625, 4680819.0]}}, {"type": "Feature", "properties": {"node_id": 245, "degree": 1, "node_type": "endpoint", "node_kind": null}, "geometry": {"type": "Point", "coordinates": [320305.1875, 4680797.0]}}, {"type": "Feature", "properties": {"node_id": 246, "degree": 1, "node_type": "endpoint", "node_kind": null}, "geometry": {"type": "Point", "coordinates": [320275.34375, 4680740.5]}}, {"type": "Feature", "properties": {"node_id": 247, "degree": 1, "node_type": "endpoint", "node_kind": null}, "geometry": {"type": "Point", "coordinates": [320255.09375, 4680689.0]}}, {"type": "Feature", "properties": {"node_id": 248, "degree": 1, "node_type": "endpoint", "node_kind": null}, "geometry": {"type": "Point", "coordinates": [320315.6875, 4680854.5]}}, {"type": "Feature", "properties": {"node_id": 249, "degree": 1, "node_type": "endpoint", "node_kind": null}, "geometry": {"type": "Point", "coordinates": [320350.8125, 4680995.5]}}, {"type": "Feature", "properties": {"node_id": 250, "degree": 1, "node_type": "endpoint", "node_kind": null}, "geometry": {"type": "Point", "coordinates": [320381.5625, 4680511.0]}}, {"type": "Feature", "properties": {"node_id": 251, "degree": 1, "node_type": "endpoint", "node_kind": null}, "geometry": {"type": "Point", "coordinates": [320323.1875, 4680681.0]}}, {"type": "Feature", "properties": {"node_id": 252, "degree": 1, "node_type": "endpoint", "node_kind": null}, "geometry": {"type": "Point", "coordinates": [320329.1875, 4680642.0]}}, {"type": "Feature", "properties": {"node_id": 253, "degree": 1, "node_type": "endpoint", "node_kind": null}, "geometry": {"type": "Point", "coordinates": [320340.90625, 4680613.0]}}, {"type": "Feature", "properties": {"node_id": 254, "degree": 1, "node_type": "endpoint", "node_kind": null}, "geometry": {"type": "Point", "coordinates": [320312.5625, 4680703.5]}}, {"type": "Feature", "properties": {"node_id": 255, "degree": 1, "node_type": "endpoint", "node_kind": null}, "geometry": {"type": "Point", "coordinates": [320340.75, 4680629.0]}}, {"type": "Feature", "properties": {"node_id": 256, "degree": 1, "node_type": "endpoint", "node_kind": null}, "geometry": {"type": "Point", "coordinates": [320070.15625, 4696265.5]}}, {"type": "Feature", "properties": {"node_id": 257, "degree": 1, "node_type": "endpoint", "node_kind": null}, "geometry": {"type": "Point", "coordinates": [320053.5, 4696233.0]}}, {"type": "Feature", "properties": {"node_id": 258, "degree": 1, "node_type": "endpoint", "node_kind": null}, "geometry": {"type": "Point", "coordinates": [320456.84375, 4695738.0]}}, {"type": "Feature", "properties": {"node_id": 259, "degree": 1, "node_type": "endpoint", "node_kind": null}, "geometry": {"type": "Point", "coordinates": [320304.0, 4695642.0]}}, {"type": "Feature", "properties": {"node_id": 260, "degree": 1, "node_type": "endpoint", "node_kind": null}, "geometry": {"type": "Point", "coordinates": [319803.59375, 4680083.0]}}, {"type": "Feature", "properties": {"node_id": 261, "degree": 1, "node_type": "endpoint", "node_kind": null}, "geometry": {"type": "Point", "coordinates": [319757.5625, 4680150.5]}}, {"type": "Feature", "properties": {"node_id": 262, "degree": 1, "node_type": "endpoint", "node_kind": null}, "geometry": {"type": "Point", "coordinates": [320403.59375, 4680392.0]}}, {"type": "Feature", "properties": {"node_id": 263, "degree": 1, "node_type": "endpoint", "node_kind": null}, "geometry": {"type": "Point", "coordinates": [320427.90625, 4680298.0]}}, {"type": "Feature", "properties": {"node_id": 264, "degree": 1, "node_type": "endpoint", "node_kind": null}, "geometry": {"type": "Point", "coordinates": [320442.4375, 4680277.5]}}, {"type": "Feature", "properties": {"node_id": 265, "degree": 1, "node_type": "endpoint", "node_kind": null}, "geometry": {"type": "Point", "coordinates": [320473.8125, 4680150.0]}}, {"type": "Feature", "properties": {"node_id": 266, "degree": 1, "node_type": "endpoint", "node_kind": null}, "geometry": {"type": "Point", "coordinates": [320135.6875, 4680373.0]}}, {"type": "Feature", "properties": {"node_id": 267, "degree": 1, "node_type": "endpoint", "node_kind": null}, "geometry": {"type": "Point", "coordinates": [320172.59375, 4680471.5]}}, {"type": "Feature", "properties": {"node_id": 268, "degree": 1, "node_type": "endpoint", "node_kind": null}, "geometry": {"type": "Point", "coordinates": [320269.9375, 4677583.5]}}, {"type": "Feature", "properties": {"node_id": 269, "degree": 1, "node_type": "endpoint", "node_kind": null}, "geometry": {"type": "Point", "coordinates": [320251.5, 4677608.0]}}, {"type": "Feature", "properties": {"node_id": 270, "degree": 1, "node_type": "endpoint", "node_kind": null}, "geometry": {"type": "Point", "coordinates": [320343.0, 4677247.0]}}, {"type": "Feature", "properties": {"node_id": 271, "degree": 1, "node_type": "endpoint", "node_kind": null}, "geometry": {"type": "Point", "coordinates": [320325.59375, 4677421.0]}}, {"type": "Feature", "properties": {"node_id": 272, "degree": 1, "node_type": "endpoint", "node_kind": null}, "geometry": {"type": "Point", "coordinates": [320315.09375, 4677435.5]}}, {"type": "Feature", "properties": {"node_id": 273, "degree": 1, "node_type": "endpoint", "node_kind": null}, "geometry": {"type": "Point", "coordinates": [320325.3125, 4677280.5]}}, {"type": "Feature", "properties": {"node_id": 274, "degree": 1, "node_type": "endpoint", "node_kind": null}, "geometry": {"type": "Point", "coordinates": [320491.9375, 4677256.0]}}, {"type": "Feature", "properties": {"node_id": 275, "degree": 1, "node_type": "endpoint", "node_kind": null}, "geometry": {"type": "Point", "coordinates": [320433.3125, 4677226.5]}}, {"type": "Feature", "properties": {"node_id": 276, "degree": 1, "node_type": "endpoint", "node_kind": null}, "geometry": {"type": "Point", "coordinates": [320383.0625, 4677213.0]}}, {"type": "Feature", "properties": {"node_id": 277, "degree": 1, "node_type": "endpoint", "node_kind": null}, "geometry": {"type": "Point", "coordinates": [320356.9375, 4677221.0]}}, {"type": "Feature", "properties": {"node_id": 278, "degree": 1, "node_type": "endpoint", "node_kind": null}, "geometry": {"type": "Point", "coordinates": [319833.90625, 4695098.0]}}, {"type": "Feature", "properties": {"node_id": 279, "degree": 1, "node_type": "endpoint", "node_kind": null}, "geometry": {"type": "Point", "coordinates": [319868.25, 4695084.0]}}, {"type": "Feature", "properties": {"node_id": 280, "degree": 1, "node_type": "endpoint", "node_kind": null}, "geometry": {"type": "Point", "coordinates": [319705.34375, 4694870.0]}}, {"type": "Feature", "properties": {"node_id": 281, "degree": 1, "node_type": "endpoint", "node_kind": null}, "geometry": {"type": "Point", "coordinates": [319788.4375, 4694638.0]}}, {"type": "Feature", "properties": {"node_id": 282, "degree": 1, "node_type": "endpoint", "node_kind": null}, "geometry": {"type": "Point", "coordinates": [319794.15625, 4694594.5]}}, {"type": "Feature", "properties": {"node_id": 283, "degree": 1, "node_type": "endpoint", "node_kind": null}, "geometry": {"type": "Point", "coordinates": [319676.25, 4694940.5]}}, {"type": "Feature", "properties": {"node_id": 284, "degree": 1, "node_type": "endpoint", "node_kind": null}, "geometry": {"type": "Point", "coordinates": [320349.3125, 4694794.0]}}, {"type": "Feature", "properties": {"node_id": 285, "degree": 1, "node_type": "endpoint", "node_kind": null}, "geometry": {"type": "Point", "coordinates": [320316.90625, 4694833.5]}}, {"type": "Feature", "properties": {"node_id": 286, "degree": 1, "node_type": "endpoint", "node_kind": null}, "geometry": {"type": "Point", "coordinates": [319912.1875, 4694643.5]}}, {"type": "Feature", "properties": {"node_id": 287, "degree": 1, "node_type": "endpoint", "node_kind": null}, "geometry": {"type": "Point", "coordinates": [319909.5, 4694668.5]}}, {"type": "Feature", "properties": {"node_id": 288, "degree": 1, "node_type": "endpoint", "node_kind": null}, "geometry": {"type": "Point", "coordinates": [319861.9375, 4694944.0]}}, {"type": "Feature", "properties": {"node_id": 289, "degree": 1, "node_type": "endpoint", "node_kind": null}, "geometry": {"type": "Point", "coordinates": [319881.4375, 4694868.0]}}, {"type": "Feature", "properties": {"node_id": 290, "degree": 1, "node_type": "endpoint", "node_kind": null}, "geometry": {"type": "Point", "coordinates": [319900.5, 4694166.0]}}, {"type": "Feature", "properties": {"node_id": 291, "degree": 1, "node_type": "endpoint", "node_kind": null}, "geometry": {"type": "Point", "coordinates": [319864.1875, 4694026.0]}}, {"type": "Feature", "properties": {"node_id": 292, "degree": 1, "node_type": "endpoint", "node_kind": null}, "geometry": {"type": "Point", "coordinates": [319908.0, 4694160.5]}}, {"type": "Feature", "properties": {"node_id": 293, "degree": 1, "node_type": "endpoint", "node_kind": null}, "geometry": {"type": "Point", "coordinates": [319886.5625, 4694078.0]}}, {"type": "Feature", "properties": {"node_id": 294, "degree": 1, "node_type": "endpoint", "node_kind": null}, "geometry": {"type": "Point", "coordinates": [320008.5, 4693912.0]}}, {"type": "Feature", "properties": {"node_id": 295, "degree": 1, "node_type": "endpoint", "node_kind": null}, "geometry": {"type": "Point", "coordinates": [320089.34375, 4693884.5]}}, {"type": "Feature", "properties": {"node_id": 296, "degree": 1, "node_type": "endpoint", "node_kind": null}, "geometry": {"type": "Point", "coordinates": [319825.1875, 4693885.5]}}, {"type": "Feature", "properties": {"node_id": 297, "degree": 1, "node_type": "endpoint", "node_kind": null}, "geometry": {"type": "Point", "coordinates": [319809.3125, 4693839.5]}}, {"type": "Feature", "properties": {"node_id": 298, "degree": 1, "node_type": "endpoint", "node_kind": null}, "geometry": {"type": "Point", "coordinates": [319926.0, 4694263.5]}}, {"type": "Feature", "properties": {"node_id": 299, "degree": 1, "node_type": "endpoint", "node_kind": null}, "geometry": {"type": "Point", "coordinates": [319881.0, 4694081.0]}}, {"type": "Feature", "properties": {"node_id": 300, "degree": 1, "node_type": "endpoint", "node_kind": null}, "geometry": {"type": "Point", "coordinates": [319932.59375, 4694265.5]}}, {"type": "Feature", "properties": {"node_id": 301, "degree": 1, "node_type": "endpoint", "node_kind": null}, "geometry": {"type": "Point", "coordinates": [319869.4375, 4694021.5]}}, {"type": "Feature", "properties": {"node_id": 302, "degree": 1, "node_type": "endpoint", "node_kind": null}, "geometry": {"type": "Point", "coordinates": [319822.1875, 4693886.5]}}, {"type": "Feature", "properties": {"node_id": 303, "degree": 1, "node_type": "endpoint", "node_kind": null}, "geometry": {"type": "Point", "coordinates": [319813.9375, 4693864.0]}}, {"type": "Feature", "properties": {"node_id": 304, "degree": 1, "node_type": "endpoint", "node_kind": null}, "geometry": {"type": "Point", "coordinates": [319947.4375, 4691111.0]}}, {"type": "Feature", "properties": {"node_id": 305, "degree": 1, "node_type": "endpoint", "node_kind": null}, "geometry": {"type": "Point", "coordinates": [319945.0625, 4691047.5]}}, {"type": "Feature", "properties": {"node_id": 306, "degree": 1, "node_type": "endpoint", "node_kind": null}, "geometry": {"type": "Point", "coordinates": [319933.5, 4691436.5]}}, {"type": "Feature", "properties": {"node_id": 307, "degree": 1, "node_type": "endpoint", "node_kind": null}, "geometry": {"type": "Point", "coordinates": [319942.1875, 4691493.5]}}, {"type": "Feature", "properties": {"node_id": 308, "degree": 1, "node_type": "endpoint", "node_kind": null}, "geometry": {"type": "Point", "coordinates": [319815.0, 4690821.0]}}, {"type": "Feature", "properties": {"node_id": 309, "degree": 1, "node_type": "endpoint", "node_kind": null}, "geometry": {"type": "Point", "coordinates": [319791.59375, 4690778.5]}}, {"type": "Feature", "properties": {"node_id": 310, "degree": 1, "node_type": "endpoint", "node_kind": null}, "geometry": {"type": "Point", "coordinates": [319879.0625, 4689444.0]}}, {"type": "Feature", "properties": {"node_id": 311, "degree": 1, "node_type": "endpoint", "node_kind": null}, "geometry": {"type": "Point", "coordinates": [319839.15625, 4689439.5]}}, {"type": "Feature", "properties": {"node_id": 312, "degree": 1, "node_type": "endpoint", "node_kind": null}, "geometry": {"type": "Point", "coordinates": [319906.1875, 4688889.5]}}, {"type": "Feature", "properties": {"node_id": 313, "degree": 1, "node_type": "endpoint", "node_kind": null}, "geometry": {"type": "Point", "coordinates": [320198.6875, 4688931.5]}}, {"type": "Feature", "properties": {"node_id": 314, "degree": 1, "node_type": "endpoint", "node_kind": null}, "geometry": {"type": "Point", "coordinates": [320203.65625, 4688943.5]}}, {"type": "Feature", "properties": {"node_id": 315, "degree": 1, "node_type": "endpoint", "node_kind": null}, "geometry": {"type": "Point", "coordinates": [320072.09375, 4688925.0]}}, {"type": "Feature", "properties": {"node_id": 316, "degree": 1, "node_type": "endpoint", "node_kind": null}, "geometry": {"type": "Point", "coordinates": [320154.3125, 4688925.0]}}, {"type": "Feature", "properties": {"node_id": 317, "degree": 1, "node_type": "endpoint", "node_kind": null}, "geometry": {"type": "Point", "coordinates": [320218.34375, 4688937.5]}}, {"type": "Feature", "properties": {"node_id": 318, "degree": 1, "node_type": "endpoint", "node_kind": null}, "geometry": {"type": "Point", "coordinates": [320052.0, 4688914.0]}}, {"type": "Feature", "properties": {"node_id": 319, "degree": 1, "node_type": "endpoint", "node_kind": null}, "geometry": {"type": "Point", "coordinates": [319906.0625, 4688891.0]}}, {"type": "Feature", "properties": {"node_id": 320, "degree": 1, "node_type": "endpoint", "node_kind": null}, "geometry": {"type": "Point", "coordinates": [320178.4375, 4688940.0]}}, {"type": "Feature", "properties": {"node_id": 321, "degree": 1, "node_type": "endpoint", "node_kind": null}, "geometry": {"type": "Point", "coordinates": [320203.5, 4688946.0]}}, {"type": "Feature", "properties": {"node_id": 322, "degree": 1, "node_type": "endpoint", "node_kind": null}, "geometry": {"type": "Point", "coordinates": [320101.0625, 4687525.0]}}, {"type": "Feature", "properties": {"node_id": 323, "degree": 1, "node_type": "endpoint", "node_kind": null}, "geometry": {"type": "Point", "coordinates": [320454.4375, 4687552.0]}}, {"type": "Feature", "properties": {"node_id": 324, "degree": 1, "node_type": "endpoint", "node_kind": null}, "geometry": {"type": "Point", "coordinates": [320424.0, 4687553.0]}}, {"type": "Feature", "properties": {"node_id": 325, "degree": 1, "node_type": "endpoint", "node_kind": null}, "geometry": {"type": "Point", "coordinates": [320277.59375, 4687541.5]}}, {"type": "Feature", "properties": {"node_id": 326, "degree": 1, "node_type": "endpoint", "node_kind": null}, "geometry": {"type": "Point", "coordinates": [319961.09375, 4686928.5]}}, {"type": "Feature", "properties": {"node_id": 327, "degree": 1, "node_type": "endpoint", "node_kind": null}, "geometry": {"type": "Point", "coordinates": [319942.1875, 4686952.0]}}, {"type": "Feature", "properties": {"node_id": 328, "degree": 1, "node_type": "endpoint", "node_kind": null}, "geometry": {"type": "Point", "coordinates": [319959.15625, 4686943.5]}}, {"type": "Feature", "properties": {"node_id": 329, "degree": 1, "node_type": "endpoint", "node_kind": null}, "geometry": {"type": "Point", "coordinates": [319975.9375, 4686919.0]}}, {"type": "Feature", "properties": {"node_id": 330, "degree": 1, "node_type": "endpoint", "node_kind": null}, "geometry": {"type": "Point", "coordinates": [319808.84375, 4686992.5]}}, {"type": "Feature", "properties": {"node_id": 331, "degree": 1, "node_type": "endpoint", "node_kind": null}, "geometry": {"type": "Point", "coordinates": [319839.59375, 4686998.0]}}, {"type": "Feature", "properties": {"node_id": 332, "degree": 1, "node_type": "endpoint", "node_kind": null}, "geometry": {"type": "Point", "coordinates": [319763.84375, 4687006.5]}}, {"type": "Feature", "properties": {"node_id": 333, "degree": 1, "node_type": "endpoint", "node_kind": null}, "geometry": {"type": "Point", "coordinates": [319540.34375, 4687052.5]}}, {"type": "Feature", "properties": {"node_id": 334, "degree": 1, "node_type": "endpoint", "node_kind": null}, "geometry": {"type": "Point", "coordinates": [319963.5, 4686659.5]}}, {"type": "Feature", "properties": {"node_id": 335, "degree": 1, "node_type": "endpoint", "node_kind": null}, "geometry": {"type": "Point", "coordinates": [319972.65625, 4686558.0]}}, {"type": "Feature", "properties": {"node_id": 336, "degree": 1, "node_type": "endpoint", "node_kind": null}, "geometry": {"type": "Point", "coordinates": [319953.0, 4686736.0]}}, {"type": "Feature", "properties": {"node_id": 337, "degree": 1, "node_type": "endpoint", "node_kind": null}, "geometry": {"type": "Point", "coordinates": [319970.84375, 4686540.0]}}, {"type": "Feature", "properties": {"node_id": 338, "degree": 1, "node_type": "endpoint", "node_kind": null}, "geometry": {"type": "Point", "coordinates": [319644.75, 4685424.0]}}, {"type": "Feature", "properties": {"node_id": 339, "degree": 1, "node_type": "endpoint", "node_kind": null}, "geometry": {"type": "Point", "coordinates": [319749.59375, 4685303.0]}}, {"type": "Feature", "properties": {"node_id": 340, "degree": 1, "node_type": "endpoint", "node_kind": null}, "geometry": {"type": "Point", "coordinates": [319749.59375, 4685294.0]}}, {"type": "Feature", "properties": {"node_id": 341, "degree": 1, "node_type": "endpoint", "node_kind": null}, "geometry": {"type": "Point", "coordinates": [319643.6875, 4685413.5]}}, {"type": "Feature", "properties": {"node_id": 342, "degree": 1, "node_type": "endpoint", "node_kind": null}, "geometry": {"type": "Point", "coordinates": [336339.59375, 4680799.0]}}, {"type": "Feature", "properties": {"node_id": 343, "degree": 1, "node_type": "endpoint", "node_kind": null}, "geometry": {"type": "Point", "coordinates": [336582.75, 4680733.0]}}, {"type": "Feature", "properties": {"node_id": 344, "degree": 1, "node_type": "endpoint", "node_kind": null}, "geometry": {"type": "Point", "coordinates": [336277.8125, 4680806.5]}}, {"type": "Feature", "properties": {"node_id": 345, "degree": 1, "node_type": "endpoint", "node_kind": null}, "geometry": {"type": "Point", "coordinates": [336582.75, 4680736.5]}}, {"type": "Feature", "properties": {"node_id": 346, "degree": 1, "node_type": "endpoint", "node_kind": null}, "geometry": {"type": "Point", "coordinates": [336097.65625, 4680790.5]}}, {"type": "Feature", "properties": {"node_id": 347, "degree": 1, "node_type": "endpoint", "node_kind": null}, "geometry": {"type": "Point", "coordinates": [335997.90625, 4680808.5]}}, {"type": "Feature", "properties": {"node_id": 348, "degree": 1, "node_type": "endpoint", "node_kind": null}, "geometry": {"type": "Point", "coordinates": [336137.09375, 4679325.5]}}, {"type": "Feature", "properties": {"node_id": 349, "degree": 1, "node_type": "endpoint", "node_kind": null}, "geometry": {"type": "Point", "coordinates": [336319.34375, 4679272.0]}}, {"type": "Feature", "properties": {"node_id": 350, "degree": 1, "node_type": "endpoint", "node_kind": null}, "geometry": {"type": "Point", "coordinates": [336299.84375, 4679276.0]}}, {"type": "Feature", "properties": {"node_id": 351, "degree": 1, "node_type": "endpoint", "node_kind": null}, "geometry": {"type": "Point", "coordinates": [336424.9375, 4679234.5]}}, {"type": "Feature", "properties": {"node_id": 352, "degree": 1, "node_type": "endpoint", "node_kind": null}, "geometry": {"type": "Point", "coordinates": [336244.65625, 4679306.0]}}, {"type": "Feature", "properties": {"node_id": 353, "degree": 1, "node_type": "endpoint", "node_kind": null}, "geometry": {"type": "Point", "coordinates": [336320.40625, 4679283.0]}}, {"type": "Feature", "properties": {"node_id": 354, "degree": 1, "node_type": "endpoint", "node_kind": null}, "geometry": {"type": "Point", "coordinates": [336024.15625, 4678391.0]}}, {"type": "Feature", "properties": {"node_id": 355, "degree": 1, "node_type": "endpoint", "node_kind": null}, "geometry": {"type": "Point", "coordinates": [336168.15625, 4678316.5]}}, {"type": "Feature", "properties": {"node_id": 356, "degree": 1, "node_type": "endpoint", "node_kind": null}, "geometry": {"type": "Point", "coordinates": [336600.0, 4678023.5]}}, {"type": "Feature", "properties": {"node_id": 357, "degree": 1, "node_type": "endpoint", "node_kind": null}, "geometry": {"type": "Point", "coordinates": [336575.09375, 4677993.0]}}, {"type": "Feature", "properties": {"node_id": 358, "degree": 1, "node_type": "endpoint", "node_kind": null}, "geometry": {"type": "Point", "coordinates": [336501.59375, 4677345.0]}}, {"type": "Feature", "properties": {"node_id": 359, "degree": 1, "node_type": "endpoint", "node_kind": null}, "geometry": {"type": "Point", "coordinates": [336486.90625, 4677264.5]}}, {"type": "Feature", "properties": {"node_id": 360, "degree": 1, "node_type": "endpoint", "node_kind": null}, "geometry": {"type": "Point", "coordinates": [336120.59375, 4675653.0]}}, {"type": "Feature", "properties": {"node_id": 361, "degree": 1, "node_type": "endpoint", "node_kind": null}, "geometry": {"type": "Point", "coordinates": [336193.5, 4675722.0]}}, {"type": "Feature", "properties": {"node_id": 362, "degree": 1, "node_type": "endpoint", "node_kind": null}, "geometry": {"type": "Point", "coordinates": [336122.40625, 4675651.0]}}, {"type": "Feature", "properties": {"node_id": 363, "degree": 1, "node_type": "endpoint", "node_kind": null}, "geometry": {"type": "Point", "coordinates": [336153.15625, 4675681.0]}}, {"type": "Feature", "properties": {"node_id": 364, "degree": 1, "node_type": "endpoint", "node_kind": null}, "geometry": {"type": "Point", "coordinates": [336011.6875, 4693770.0]}}, {"type": "Feature", "properties": {"node_id": 365, "degree": 1, "node_type": "endpoint", "node_kind": null}, "geometry": {"type": "Point", "coordinates": [336047.6875, 4694134.0]}}, {"type": "Feature", "properties": {"node_id": 366, "degree": 1, "node_type": "endpoint", "node_kind": null}, "geometry": {"type": "Point", "coordinates": [336043.65625, 4694134.0]}}, {"type": "Feature", "properties": {"node_id": 367, "degree": 1, "node_type": "endpoint", "node_kind": null}, "geometry": {"type": "Point", "coordinates": [336030.4375, 4693996.0]}}, {"type": "Feature", "properties": {"node_id": 368, "degree": 1, "node_type": "endpoint", "node_kind": null}, "geometry": {"type": "Point", "coordinates": [336202.8125, 4694136.0]}}, {"type": "Feature", "properties": {"node_id": 369, "degree": 1, "node_type": "endpoint", "node_kind": null}, "geometry": {"type": "Point", "coordinates": [336125.09375, 4694147.5]}}, {"type": "Feature", "properties": {"node_id": 370, "degree": 1, "node_type": "endpoint", "node_kind": null}, "geometry": {"type": "Point", "coordinates": [336023.6875, 4693929.5]}}, {"type": "Feature", "properties": {"node_id": 371, "degree": 1, "node_type": "endpoint", "node_kind": null}, "geometry": {"type": "Point", "coordinates": [335980.8125, 4693495.0]}}, {"type": "Feature", "properties": {"node_id": 372, "degree": 1, "node_type": "endpoint", "node_kind": null}, "geometry": {"type": "Point", "coordinates": [336281.40625, 4694124.5]}}, {"type": "Feature", "properties": {"node_id": 373, "degree": 1, "node_type": "endpoint", "node_kind": null}, "geometry": {"type": "Point", "coordinates": [336393.59375, 4694108.5]}}, {"type": "Feature", "properties": {"node_id": 374, "degree": 1, "node_type": "endpoint", "node_kind": null}, "geometry": {"type": "Point", "coordinates": [336076.0625, 4694159.0]}}, {"type": "Feature", "properties": {"node_id": 375, "degree": 2, "node_type": "endpoint", "node_kind": null}, "geometry": {"type": "Point", "coordinates": [336396.59375, 4694113.0]}}, {"type": "Feature", "properties": {"node_id": 376, "degree": 1, "node_type": "endpoint", "node_kind": null}, "geometry": {"type": "Point", "coordinates": [336791.40625, 4694057.0]}}, {"type": "Feature", "properties": {"node_id": 377, "degree": 2, "node_type": "endpoint", "node_kind": null}, "geometry": {"type": "Point", "coordinates": [336420.15625, 4694109.5]}}, {"type": "Feature", "properties": {"node_id": 378, "degree": 1, "node_type": "endpoint", "node_kind": null}, "geometry": {"type": "Point", "coordinates": [336054.15625, 4693250.0]}}, {"type": "Feature", "properties": {"node_id": 379, "degree": 1, "node_type": "endpoint", "node_kind": null}, "geometry": {"type": "Point", "coordinates": [336076.5, 4693181.5]}}, {"type": "Feature", "properties": {"node_id": 380, "degree": 1, "node_type": "endpoint", "node_kind": null}, "geometry": {"type": "Point", "coordinates": [336799.1875, 4679085.0]}}, {"type": "Feature", "properties": {"node_id": 381, "degree": 1, "node_type": "endpoint", "node_kind": null}, "geometry": {"type": "Point", "coordinates": [336730.65625, 4679112.0]}}, {"type": "Feature", "properties": {"node_id": 382, "degree": 1, "node_type": "endpoint", "node_kind": null}, "geometry": {"type": "Point", "coordinates": [337002.75, 4695037.0]}}, {"type": "Feature", "properties": {"node_id": 383, "degree": 1, "node_type": "endpoint", "node_kind": null}, "geometry": {"type": "Point", "coordinates": [337014.0, 4695002.0]}}, {"type": "Feature", "properties": {"node_id": 384, "degree": 1, "node_type": "endpoint", "node_kind": null}, "geometry": {"type": "Point", "coordinates": [337032.75, 4693007.5]}}, {"type": "Feature", "properties": {"node_id": 385, "degree": 1, "node_type": "endpoint", "node_kind": null}, "geometry": {"type": "Point", "coordinates": [337336.1875, 4692967.5]}}, {"type": "Feature", "properties": {"node_id": 386, "degree": 1, "node_type": "endpoint", "node_kind": null}, "geometry": {"type": "Point", "coordinates": [336712.8125, 4693043.0]}}, {"type": "Feature", "properties": {"node_id": 387, "degree": 1, "node_type": "endpoint", "node_kind": null}, "geometry": {"type": "Point", "coordinates": [336821.5625, 4693023.5]}}, {"type": "Feature", "properties": {"node_id": 388, "degree": 1, "node_type": "endpoint", "node_kind": null}, "geometry": {"type": "Point", "coordinates": [336843.4375, 4693015.5]}}, {"type": "Feature", "properties": {"node_id": 389, "degree": 1, "node_type": "endpoint", "node_kind": null}, "geometry": {"type": "Point", "coordinates": [336624.59375, 4693055.0]}}, {"type": "Feature", "properties": {"node_id": 390, "degree": 1, "node_type": "endpoint", "node_kind": null}, "geometry": {"type": "Point", "coordinates": [337627.1875, 4678842.5]}}, {"type": "Feature", "properties": {"node_id": 391, "degree": 1, "node_type": "endpoint", "node_kind": null}, "geometry": {"type": "Point", "coordinates": [337364.25, 4678910.0]}}, {"type": "Feature", "properties": {"node_id": 392, "degree": 1, "node_type": "endpoint", "node_kind": null}, "geometry": {"type": "Point", "coordinates": [337375.9375, 4678890.5]}}, {"type": "Feature", "properties": {"node_id": 393, "degree": 1, "node_type": "endpoint", "node_kind": null}, "geometry": {"type": "Point", "coordinates": [337635.59375, 4678821.5]}}, {"type": "Feature", "properties": {"node_id": 394, "degree": 1, "node_type": "endpoint", "node_kind": null}, "geometry": {"type": "Point", "coordinates": [337219.5, 4694715.0]}}, {"type": "Feature", "properties": {"node_id": 395, "degree": 1, "node_type": "endpoint", "node_kind": null}, "geometry": {"type": "Point", "coordinates": [337245.4375, 4694693.5]}}, {"type": "Feature", "properties": {"node_id": 396, "degree": 1, "node_type": "endpoint", "node_kind": null}, "geometry": {"type": "Point", "coordinates": [337262.09375, 4694465.0]}}, {"type": "Feature", "properties": {"node_id": 397, "degree": 1, "node_type": "endpoint", "node_kind": null}, "geometry": {"type": "Point", "coordinates": [337194.15625, 4694416.5]}}, {"type": "Feature", "properties": {"node_id": 398, "degree": 1, "node_type": "endpoint", "node_kind": null}, "geometry": {"type": "Point", "coordinates": [337364.25, 4693984.5]}}, {"type": "Feature", "properties": {"node_id": 399, "degree": 1, "node_type": "endpoint", "node_kind": null}, "geometry": {"type": "Point", "coordinates": [337333.34375, 4693759.5]}}, {"type": "Feature", "properties": {"node_id": 400, "degree": 2, "node_type": "endpoint", "node_kind": null}, "geometry": {"type": "Point", "coordinates": [337616.09375, 4694194.5]}}, {"type": "Feature", "properties": {"node_id": 401, "degree": 1, "node_type": "endpoint", "node_kind": null}, "geometry": {"type": "Point", "coordinates": [337602.3125, 4693989.5]}}, {"type": "Feature", "properties": {"node_id": 402, "degree": 1, "node_type": "endpoint", "node_kind": null}, "geometry": {"type": "Point", "coordinates": [337607.25, 4694110.0]}}, {"type": "Feature", "properties": {"node_id": 403, "degree": 1, "node_type": "endpoint", "node_kind": null}, "geometry": {"type": "Point", "coordinates": [337598.84375, 4693989.5]}}, {"type": "Feature", "properties": {"node_id": 404, "degree": 1, "node_type": "endpoint", "node_kind": null}, "geometry": {"type": "Point", "coordinates": [337600.5, 4693907.0]}}, {"type": "Feature", "properties": {"node_id": 405, "degree": 1, "node_type": "endpoint", "node_kind": null}, "geometry": {"type": "Point", "coordinates": [337622.6875, 4693713.0]}}, {"type": "Feature", "properties": {"node_id": 406, "degree": 2, "node_type": "endpoint", "node_kind": null}, "geometry": {"type": "Point", "coordinates": [337615.8125, 4694232.5]}}, {"type": "Feature", "properties": {"node_id": 407, "degree": 1, "node_type": "endpoint", "node_kind": null}, "geometry": {"type": "Point", "coordinates": [337588.5, 4694335.0]}}, {"type": "Feature", "properties": {"node_id": 408, "degree": 1, "node_type": "endpoint", "node_kind": null}, "geometry": {"type": "Point", "coordinates": [337359.0, 4694004.5]}}, {"type": "Feature", "properties": {"node_id": 409, "degree": 1, "node_type": "endpoint", "node_kind": null}, "geometry": {"type": "Point", "coordinates": [337341.0, 4694021.5]}}, {"type": "Feature", "properties": {"node_id": 410, "degree": 1, "node_type": "endpoint", "node_kind": null}, "geometry": {"type": "Point", "coordinates": [337321.5, 4693838.0]}}, {"type": "Feature", "properties": {"node_id": 411, "degree": 1, "node_type": "endpoint", "node_kind": null}, "geometry": {"type": "Point", "coordinates": [337321.9375, 4693859.5]}}, {"type": "Feature", "properties": {"node_id": 412, "degree": 1, "node_type": "endpoint", "node_kind": null}, "geometry": {"type": "Point", "coordinates": [337601.25, 4693834.5]}}, {"type": "Feature", "properties": {"node_id": 413, "degree": 1, "node_type": "endpoint", "node_kind": null}, "geometry": {"type": "Point", "coordinates": [337619.25, 4693713.0]}}, {"type": "Feature", "properties": {"node_id": 414, "degree": 1, "node_type": "endpoint", "node_kind": null}, "geometry": {"type": "Point", "coordinates": [337675.0625, 4693510.5]}}, {"type": "Feature", "properties": {"node_id": 415, "degree": 1, "node_type": "endpoint", "node_kind": null}, "geometry": {"type": "Point", "coordinates": [337976.5625, 4692717.0]}}, {"type": "Feature", "properties": {"node_id": 416, "degree": 1, "node_type": "endpoint", "node_kind": null}, "geometry": {"type": "Point", "coordinates": [337654.5, 4693580.0]}}, {"type": "Feature", "properties": {"node_id": 417, "degree": 1, "node_type": "endpoint", "node_kind": null}, "geometry": {"type": "Point", "coordinates": [337944.59375, 4692875.5]}}, {"type": "Feature", "properties": {"node_id": 418, "degree": 1, "node_type": "endpoint", "node_kind": null}, "geometry": {"type": "Point", "coordinates": [337355.40625, 4693686.0]}}, {"type": "Feature", "properties": {"node_id": 419, "degree": 1, "node_type": "endpoint", "node_kind": null}, "geometry": {"type": "Point", "coordinates": [337432.0625, 4693486.5]}}, {"type": "Feature", "properties": {"node_id": 420, "degree": 1, "node_type": "endpoint", "node_kind": null}, "geometry": {"type": "Point", "coordinates": [337369.1875, 4693634.5]}}, {"type": "Feature", "properties": {"node_id": 421, "degree": 1, "node_type": "endpoint", "node_kind": null}, "geometry": {"type": "Point", "coordinates": [337409.5625, 4693529.0]}}, {"type": "Feature", "properties": {"node_id": 422, "degree": 1, "node_type": "endpoint", "node_kind": null}, "geometry": {"type": "Point", "coordinates": [337479.0, 4693389.5]}}, {"type": "Feature", "properties": {"node_id": 423, "degree": 1, "node_type": "endpoint", "node_kind": null}, "geometry": {"type": "Point", "coordinates": [337558.65625, 4693240.5]}}, {"type": "Feature", "properties": {"node_id": 424, "degree": 1, "node_type": "endpoint", "node_kind": null}, "geometry": {"type": "Point", "coordinates": [337692.3125, 4692681.0]}}, {"type": "Feature", "properties": {"node_id": 425, "degree": 1, "node_type": "endpoint", "node_kind": null}, "geometry": {"type": "Point", "coordinates": [337735.8125, 4692763.0]}}, {"type": "Feature", "properties": {"node_id": 426, "degree": 1, "node_type": "endpoint", "node_kind": null}, "geometry": {"type": "Point", "coordinates": [337583.40625, 4693003.0]}}, {"type": "Feature", "properties": {"node_id": 427, "degree": 1, "node_type": "endpoint", "node_kind": null}, "geometry": {"type": "Point", "coordinates": [337493.09375, 4692977.0]}}, {"type": "Feature", "properties": {"node_id": 428, "degree": 1, "node_type": "endpoint", "node_kind": null}, "geometry": {"type": "Point", "coordinates": [337364.6875, 4692958.5]}}, {"type": "Feature", "properties": {"node_id": 429, "degree": 1, "node_type": "endpoint", "node_kind": null}, "geometry": {"type": "Point", "coordinates": [337008.0, 4693003.5]}}, {"type": "Feature", "properties": {"node_id": 430, "degree": 1, "node_type": "endpoint", "node_kind": null}, "geometry": {"type": "Point", "coordinates": [337636.5, 4691597.5]}}, {"type": "Feature", "properties": {"node_id": 431, "degree": 1, "node_type": "endpoint", "node_kind": null}, "geometry": {"type": "Point", "coordinates": [337764.4375, 4692026.0]}}, {"type": "Feature", "properties": {"node_id": 432, "degree": 1, "node_type": "endpoint", "node_kind": null}, "geometry": {"type": "Point", "coordinates": [337684.5, 4691677.0]}}, {"type": "Feature", "properties": {"node_id": 433, "degree": 1, "node_type": "endpoint", "node_kind": null}, "geometry": {"type": "Point", "coordinates": [337837.34375, 4692206.5]}}, {"type": "Feature", "properties": {"node_id": 434, "degree": 1, "node_type": "endpoint", "node_kind": null}, "geometry": {"type": "Point", "coordinates": [338135.5625, 4678624.5]}}, {"type": "Feature", "properties": {"node_id": 435, "degree": 1, "node_type": "endpoint", "node_kind": null}, "geometry": {"type": "Point", "coordinates": [337806.15625, 4678788.5]}}, {"type": "Feature", "properties": {"node_id": 436, "degree": 1, "node_type": "endpoint", "node_kind": null}, "geometry": {"type": "Point", "coordinates": [337988.09375, 4678692.5]}}, {"type": "Feature", "properties": {"node_id": 437, "degree": 1, "node_type": "endpoint", "node_kind": null}, "geometry": {"type": "Point", "coordinates": [337776.59375, 4678779.5]}}, {"type": "Feature", "properties": {"node_id": 438, "degree": 1, "node_type": "endpoint", "node_kind": null}, "geometry": {"type": "Point", "coordinates": [338321.6875, 4678577.0]}}, {"type": "Feature", "properties": {"node_id": 439, "degree": 1, "node_type": "endpoint", "node_kind": null}, "geometry": {"type": "Point", "coordinates": [338197.5, 4678595.5]}}, {"type": "Feature", "properties": {"node_id": 440, "degree": 1, "node_type": "endpoint", "node_kind": null}, "geometry": {"type": "Point", "coordinates": [338162.5625, 4678593.0]}}, {"type": "Feature", "properties": {"node_id": 441, "degree": 1, "node_type": "endpoint", "node_kind": null}, "geometry": {"type": "Point", "coordinates": [338327.25, 4678563.0]}}, {"type": "Feature", "properties": {"node_id": 442, "degree": 1, "node_type": "endpoint", "node_kind": null}, "geometry": {"type": "Point", "coordinates": [337777.9375, 4692896.0]}}, {"type": "Feature", "properties": {"node_id": 443, "degree": 1, "node_type": "endpoint", "node_kind": null}, "geometry": {"type": "Point", "coordinates": [337781.09375, 4692869.5]}}, {"type": "Feature", "properties": {"node_id": 444, "degree": 1, "node_type": "endpoint", "node_kind": null}, "geometry": {"type": "Point", "coordinates": [337782.4375, 4692895.0]}}, {"type": "Feature", "properties": {"node_id": 445, "degree": 1, "node_type": "endpoint", "node_kind": null}, "geometry": {"type": "Point", "coordinates": [337785.15625, 4692874.0]}}, {"type": "Feature", "properties": {"node_id": 446, "degree": 1, "node_type": "endpoint", "node_kind": null}, "geometry": {"type": "Point", "coordinates": [337979.5625, 4692718.5]}}, {"type": "Feature", "properties": {"node_id": 447, "degree": 1, "node_type": "endpoint", "node_kind": null}, "geometry": {"type": "Point", "coordinates": [337962.0, 4692798.0]}}, {"type": "Feature", "properties": {"node_id": 448, "degree": 1, "node_type": "endpoint", "node_kind": null}, "geometry": {"type": "Point", "coordinates": [337848.3125, 4692220.5]}}, {"type": "Feature", "properties": {"node_id": 449, "degree": 1, "node_type": "endpoint", "node_kind": null}, "geometry": {"type": "Point", "coordinates": [337871.40625, 4692278.0]}}, {"type": "Feature", "properties": {"node_id": 450, "degree": 1, "node_type": "endpoint", "node_kind": null}, "geometry": {"type": "Point", "coordinates": [337836.4375, 4692191.0]}}, {"type": "Feature", "properties": {"node_id": 451, "degree": 1, "node_type": "endpoint", "node_kind": null}, "geometry": {"type": "Point", "coordinates": [337855.0625, 4692237.0]}}, {"type": "Feature", "properties": {"node_id": 452, "degree": 1, "node_type": "endpoint", "node_kind": null}, "geometry": {"type": "Point", "coordinates": [337804.5, 4691250.5]}}, {"type": "Feature", "properties": {"node_id": 453, "degree": 1, "node_type": "endpoint", "node_kind": null}, "geometry": {"type": "Point", "coordinates": [337815.0, 4691221.5]}}, {"type": "Feature", "properties": {"node_id": 454, "degree": 1, "node_type": "endpoint", "node_kind": null}, "geometry": {"type": "Point", "coordinates": [337818.0, 4691227.0]}}, {"type": "Feature", "properties": {"node_id": 455, "degree": 1, "node_type": "endpoint", "node_kind": null}, "geometry": {"type": "Point", "coordinates": [337803.15625, 4691264.5]}}, {"type": "Feature", "properties": {"node_id": 456, "degree": 1, "node_type": "endpoint", "node_kind": null}, "geometry": {"type": "Point", "coordinates": [338741.84375, 4675727.5]}}, {"type": "Feature", "properties": {"node_id": 457, "degree": 1, "node_type": "endpoint", "node_kind": null}, "geometry": {"type": "Point", "coordinates": [338721.75, 4675729.5]}}, {"type": "Feature", "properties": {"node_id": 458, "degree": 1, "node_type": "endpoint", "node_kind": null}, "geometry": {"type": "Point", "coordinates": [338738.40625, 4678323.5]}}, {"type": "Feature", "properties": {"node_id": 459, "degree": 1, "node_type": "endpoint", "node_kind": null}, "geometry": {"type": "Point", "coordinates": [338948.6875, 4678284.5]}}, {"type": "Feature", "properties": {"node_id": 460, "degree": 1, "node_type": "endpoint", "node_kind": null}, "geometry": {"type": "Point", "coordinates": [339603.3125, 4678334.5]}}, {"type": "Feature", "properties": {"node_id": 461, "degree": 1, "node_type": "endpoint", "node_kind": null}, "geometry": {"type": "Point", "coordinates": [339622.65625, 4678433.0]}}, {"type": "Feature", "properties": {"node_id": 462, "degree": 1, "node_type": "endpoint", "node_kind": null}, "geometry": {"type": "Point", "coordinates": [340100.09375, 4676032.5]}}, {"type": "Feature", "properties": {"node_id": 463, "degree": 1, "node_type": "endpoint", "node_kind": null}, "geometry": {"type": "Point", "coordinates": [340107.90625, 4676013.5]}}, {"type": "Feature", "properties": {"node_id": 464, "degree": 1, "node_type": "endpoint", "node_kind": null}, "geometry": {"type": "Point", "coordinates": [341415.75, 4675695.5]}}, {"type": "Feature", "properties": {"node_id": 465, "degree": 1, "node_type": "endpoint", "node_kind": null}, "geometry": {"type": "Point", "coordinates": [341411.40625, 4675659.0]}}, {"type": "Feature", "properties": {"node_id": 466, "degree": 1, "node_type": "endpoint", "node_kind": null}, "geometry": {"type": "Point", "coordinates": [341405.6875, 4675712.0]}}, {"type": "Feature", "properties": {"node_id": 467, "degree": 1, "node_type": "endpoint", "node_kind": null}, "geometry": {"type": "Point", "coordinates": [341395.1875, 4675627.0]}}, {"type": "Feature", "properties": {"node_id": 468, "degree": 1, "node_type": "endpoint", "node_kind": null}, "geometry": {"type": "Point", "coordinates": [320517.75, 4681757.0]}}, {"type": "Feature", "properties": {"node_id": 469, "degree": 1, "node_type": "endpoint", "node_kind": null}, "geometry": {"type": "Point", "coordinates": [320526.75, 4681777.5]}}, {"type": "Feature", "properties": {"node_id": 470, "degree": 1, "node_type": "endpoint", "node_kind": null}, "geometry": {"type": "Point", "coordinates": [320674.1875, 4682015.5]}}, {"type": "Feature", "properties": {"node_id": 471, "degree": 1, "node_type": "endpoint", "node_kind": null}, "geometry": {"type": "Point", "coordinates": [320543.25, 4681828.0]}}, {"type": "Feature", "properties": {"node_id": 472, "degree": 1, "node_type": "endpoint", "node_kind": null}, "geometry": {"type": "Point", "coordinates": [320621.40625, 4681929.5]}}, {"type": "Feature", "properties": {"node_id": 473, "degree": 1, "node_type": "endpoint", "node_kind": null}, "geometry": {"type": "Point", "coordinates": [320666.40625, 4681989.5]}}, {"type": "Feature", "properties": {"node_id": 474, "degree": 1, "node_type": "endpoint", "node_kind": null}, "geometry": {"type": "Point", "coordinates": [320455.0625, 4681519.0]}}, {"type": "Feature", "properties": {"node_id": 475, "degree": 1, "node_type": "endpoint", "node_kind": null}, "geometry": {"type": "Point", "coordinates": [320494.34375, 4681668.5]}}, {"type": "Feature", "properties": {"node_id": 476, "degree": 1, "node_type": "endpoint", "node_kind": null}, "geometry": {"type": "Point", "coordinates": [321001.8125, 4695654.5]}}, {"type": "Feature", "properties": {"node_id": 477, "degree": 1, "node_type": "endpoint", "node_kind": null}, "geometry": {"type": "Point", "coordinates": [320925.3125, 4695520.0]}}, {"type": "Feature", "properties": {"node_id": 478, "degree": 1, "node_type": "endpoint", "node_kind": null}, "geometry": {"type": "Point", "coordinates": [321198.4375, 4680024.5]}}, {"type": "Feature", "properties": {"node_id": 479, "degree": 1, "node_type": "endpoint", "node_kind": null}, "geometry": {"type": "Point", "coordinates": [320960.84375, 4679838.0]}}, {"type": "Feature", "properties": {"node_id": 480, "degree": 1, "node_type": "endpoint", "node_kind": null}, "geometry": {"type": "Point", "coordinates": [320675.84375, 4677350.5]}}, {"type": "Feature", "properties": {"node_id": 481, "degree": 1, "node_type": "endpoint", "node_kind": null}, "geometry": {"type": "Point", "coordinates": [320805.0, 4677416.0]}}, {"type": "Feature", "properties": {"node_id": 482, "degree": 1, "node_type": "endpoint", "node_kind": null}, "geometry": {"type": "Point", "coordinates": [320588.25, 4677303.5]}}, {"type": "Feature", "properties": {"node_id": 483, "degree": 1, "node_type": "endpoint", "node_kind": null}, "geometry": {"type": "Point", "coordinates": [320565.75, 4677292.0]}}, {"type": "Feature", "properties": {"node_id": 484, "degree": 1, "node_type": "endpoint", "node_kind": null}, "geometry": {"type": "Point", "coordinates": [320419.8125, 4677221.5]}}, {"type": "Feature", "properties": {"node_id": 485, "degree": 1, "node_type": "endpoint", "node_kind": null}, "geometry": {"type": "Point", "coordinates": [320491.0625, 4677257.5]}}, {"type": "Feature", "properties": {"node_id": 486, "degree": 1, "node_type": "endpoint", "node_kind": null}, "geometry": {"type": "Point", "coordinates": [320845.5, 4695502.5]}}, {"type": "Feature", "properties": {"node_id": 487, "degree": 1, "node_type": "endpoint", "node_kind": null}, "geometry": {"type": "Point", "coordinates": [320676.0, 4695479.0]}}, {"type": "Feature", "properties": {"node_id": 488, "degree": 1, "node_type": "endpoint", "node_kind": null}, "geometry": {"type": "Point", "coordinates": [320920.65625, 4694678.0]}}, {"type": "Feature", "properties": {"node_id": 489, "degree": 1, "node_type": "endpoint", "node_kind": null}, "geometry": {"type": "Point", "coordinates": [320928.3125, 4694579.0]}}, {"type": "Feature", "properties": {"node_id": 490, "degree": 1, "node_type": "endpoint", "node_kind": null}, "geometry": {"type": "Point", "coordinates": [320936.84375, 4694814.5]}}, {"type": "Feature", "properties": {"node_id": 491, "degree": 1, "node_type": "endpoint", "node_kind": null}, "geometry": {"type": "Point", "coordinates": [320928.0, 4694776.5]}}, {"type": "Feature", "properties": {"node_id": 492, "degree": 1, "node_type": "endpoint", "node_kind": null}, "geometry": {"type": "Point", "coordinates": [320924.6875, 4694580.0]}}, {"type": "Feature", "properties": {"node_id": 493, "degree": 1, "node_type": "endpoint", "node_kind": null}, "geometry": {"type": "Point", "coordinates": [321071.40625, 4695362.0]}}, {"type": "Feature", "properties": {"node_id": 494, "degree": 1, "node_type": "endpoint", "node_kind": null}, "geometry": {"type": "Point", "coordinates": [320955.15625, 4694892.0]}}, {"type": "Feature", "properties": {"node_id": 495, "degree": 1, "node_type": "endpoint", "node_kind": null}, "geometry": {"type": "Point", "coordinates": [321042.4375, 4695649.0]}}, {"type": "Feature", "properties": {"node_id": 496, "degree": 1, "node_type": "endpoint", "node_kind": null}, "geometry": {"type": "Point", "coordinates": [320623.9375, 4693363.5]}}, {"type": "Feature", "properties": {"node_id": 497, "degree": 1, "node_type": "endpoint", "node_kind": null}, "geometry": {"type": "Point", "coordinates": [320596.0625, 4693280.5]}}, {"type": "Feature", "properties": {"node_id": 498, "degree": 1, "node_type": "endpoint", "node_kind": null}, "geometry": {"type": "Point", "coordinates": [320624.5625, 4693372.0]}}, {"type": "Feature", "properties": {"node_id": 499, "degree": 1, "node_type": "endpoint", "node_kind": null}, "geometry": {"type": "Point", "coordinates": [320594.25, 4693280.5]}}, {"type": "Feature", "properties": {"node_id": 500, "degree": 1, "node_type": "endpoint", "node_kind": null}, "geometry": {"type": "Point", "coordinates": [320583.90625, 4693267.0]}}, {"type": "Feature", "properties": {"node_id": 501, "degree": 1, "node_type": "endpoint", "node_kind": null}, "geometry": {"type": "Point", "coordinates": [320592.3125, 4693294.5]}}, {"type": "Feature", "properties": {"node_id": 502, "degree": 1, "node_type": "endpoint", "node_kind": null}, "geometry": {"type": "Point", "coordinates": [320578.0625, 4693090.0]}}, {"type": "Feature", "properties": {"node_id": 503, "degree": 1, "node_type": "endpoint", "node_kind": null}, "geometry": {"type": "Point", "coordinates": [320614.0625, 4693011.5]}}, {"type": "Feature", "properties": {"node_id": 504, "degree": 1, "node_type": "endpoint", "node_kind": null}, "geometry": {"type": "Point", "coordinates": [320636.6875, 4692970.5]}}, {"type": "Feature", "properties": {"node_id": 505, "degree": 1, "node_type": "endpoint", "node_kind": null}, "geometry": {"type": "Point", "coordinates": [320565.0, 4693130.0]}}, {"type": "Feature", "properties": {"node_id": 506, "degree": 1, "node_type": "endpoint", "node_kind": null}, "geometry": {"type": "Point", "coordinates": [320941.34375, 4692416.0]}}, {"type": "Feature", "properties": {"node_id": 507, "degree": 1, "node_type": "endpoint", "node_kind": null}, "geometry": {"type": "Point", "coordinates": [320684.09375, 4692483.0]}}, {"type": "Feature", "properties": {"node_id": 508, "degree": 1, "node_type": "endpoint", "node_kind": null}, "geometry": {"type": "Point", "coordinates": [320934.15625, 4692547.0]}}, {"type": "Feature", "properties": {"node_id": 509, "degree": 1, "node_type": "endpoint", "node_kind": null}, "geometry": {"type": "Point", "coordinates": [320955.75, 4692544.0]}}, {"type": "Feature", "properties": {"node_id": 510, "degree": 1, "node_type": "endpoint", "node_kind": null}, "geometry": {"type": "Point", "coordinates": [320571.0, 4692515.0]}}, {"type": "Feature", "properties": {"node_id": 511, "degree": 1, "node_type": "endpoint", "node_kind": null}, "geometry": {"type": "Point", "coordinates": [320514.59375, 4692530.0]}}, {"type": "Feature", "properties": {"node_id": 512, "degree": 1, "node_type": "endpoint", "node_kind": null}, "geometry": {"type": "Point", "coordinates": [320684.5625, 4692485.0]}}, {"type": "Feature", "properties": {"node_id": 513, "degree": 1, "node_type": "endpoint", "node_kind": null}, "geometry": {"type": "Point", "coordinates": [320953.1875, 4692415.5]}}, {"type": "Feature", "properties": {"node_id": 514, "degree": 1, "node_type": "endpoint", "node_kind": null}, "geometry": {"type": "Point", "coordinates": [320908.5, 4696852.5]}}, {"type": "Feature", "properties": {"node_id": 515, "degree": 1, "node_type": "endpoint", "node_kind": null}, "geometry": {"type": "Point", "coordinates": [320938.8125, 4696747.0]}}, {"type": "Feature", "properties": {"node_id": 516, "degree": 1, "node_type": "endpoint", "node_kind": null}, "geometry": {"type": "Point", "coordinates": [320550.75, 4691555.5]}}, {"type": "Feature", "properties": {"node_id": 517, "degree": 1, "node_type": "endpoint", "node_kind": null}, "geometry": {"type": "Point", "coordinates": [320625.4375, 4691519.0]}}, {"type": "Feature", "properties": {"node_id": 518, "degree": 1, "node_type": "endpoint", "node_kind": null}, "geometry": {"type": "Point", "coordinates": [320704.65625, 4692041.5]}}, {"type": "Feature", "properties": {"node_id": 519, "degree": 1, "node_type": "endpoint", "node_kind": null}, "geometry": {"type": "Point", "coordinates": [320773.9375, 4692033.0]}}, {"type": "Feature", "properties": {"node_id": 520, "degree": 1, "node_type": "endpoint", "node_kind": null}, "geometry": {"type": "Point", "coordinates": [320432.25, 4691605.0]}}, {"type": "Feature", "properties": {"node_id": 521, "degree": 1, "node_type": "endpoint", "node_kind": null}, "geometry": {"type": "Point", "coordinates": [320631.15625, 4691514.5]}}, {"type": "Feature", "properties": {"node_id": 522, "degree": 1, "node_type": "endpoint", "node_kind": null}, "geometry": {"type": "Point", "coordinates": [320936.09375, 4692054.5]}}, {"type": "Feature", "properties": {"node_id": 523, "degree": 1, "node_type": "endpoint", "node_kind": null}, "geometry": {"type": "Point", "coordinates": [320704.9375, 4692043.5]}}, {"type": "Feature", "properties": {"node_id": 524, "degree": 1, "node_type": "endpoint", "node_kind": null}, "geometry": {"type": "Point", "coordinates": [320572.65625, 4691535.0]}}, {"type": "Feature", "properties": {"node_id": 525, "degree": 1, "node_type": "endpoint", "node_kind": null}, "geometry": {"type": "Point", "coordinates": [320629.8125, 4691506.5]}}, {"type": "Feature", "properties": {"node_id": 526, "degree": 1, "node_type": "endpoint", "node_kind": null}, "geometry": {"type": "Point", "coordinates": [320718.0, 4691453.0]}}, {"type": "Feature", "properties": {"node_id": 527, "degree": 1, "node_type": "endpoint", "node_kind": null}, "geometry": {"type": "Point", "coordinates": [320777.09375, 4691417.0]}}, {"type": "Feature", "properties": {"node_id": 528, "degree": 1, "node_type": "endpoint", "node_kind": null}, "geometry": {"type": "Point", "coordinates": [320773.9375, 4691431.0]}}, {"type": "Feature", "properties": {"node_id": 529, "degree": 1, "node_type": "endpoint", "node_kind": null}, "geometry": {"type": "Point", "coordinates": [320933.40625, 4691322.0]}}, {"type": "Feature", "properties": {"node_id": 530, "degree": 1, "node_type": "endpoint", "node_kind": null}, "geometry": {"type": "Point", "coordinates": [320718.90625, 4691461.0]}}, {"type": "Feature", "properties": {"node_id": 531, "degree": 1, "node_type": "endpoint", "node_kind": null}, "geometry": {"type": "Point", "coordinates": [320794.65625, 4691412.5]}}, {"type": "Feature", "properties": {"node_id": 532, "degree": 1, "node_type": "endpoint", "node_kind": null}, "geometry": {"type": "Point", "coordinates": [320998.34375, 4691274.0]}}, {"type": "Feature", "properties": {"node_id": 533, "degree": 1, "node_type": "endpoint", "node_kind": null}, "geometry": {"type": "Point", "coordinates": [321029.6875, 4691251.5]}}, {"type": "Feature", "properties": {"node_id": 534, "degree": 1, "node_type": "endpoint", "node_kind": null}, "geometry": {"type": "Point", "coordinates": [320934.15625, 4691323.5]}}, {"type": "Feature", "properties": {"node_id": 535, "degree": 1, "node_type": "endpoint", "node_kind": null}, "geometry": {"type": "Point", "coordinates": [320906.09375, 4691343.5]}}, {"type": "Feature", "properties": {"node_id": 536, "degree": 1, "node_type": "endpoint", "node_kind": null}, "geometry": {"type": "Point", "coordinates": [320711.40625, 4691459.0]}}, {"type": "Feature", "properties": {"node_id": 537, "degree": 1, "node_type": "endpoint", "node_kind": null}, "geometry": {"type": "Point", "coordinates": [320784.59375, 4691413.0]}}, {"type": "Feature", "properties": {"node_id": 538, "degree": 1, "node_type": "endpoint", "node_kind": null}, "geometry": {"type": "Point", "coordinates": [320589.75, 4688942.0]}}, {"type": "Feature", "properties": {"node_id": 539, "degree": 1, "node_type": "endpoint", "node_kind": null}, "geometry": {"type": "Point", "coordinates": [320563.8125, 4688952.0]}}, {"type": "Feature", "properties": {"node_id": 540, "degree": 1, "node_type": "endpoint", "node_kind": null}, "geometry": {"type": "Point", "coordinates": [320794.9375, 4688994.0]}}, {"type": "Feature", "properties": {"node_id": 541, "degree": 1, "node_type": "endpoint", "node_kind": null}, "geometry": {"type": "Point", "coordinates": [320858.09375, 4689004.0]}}, {"type": "Feature", "properties": {"node_id": 542, "degree": 1, "node_type": "endpoint", "node_kind": null}, "geometry": {"type": "Point", "coordinates": [320891.6875, 4689010.5]}}, {"type": "Feature", "properties": {"node_id": 543, "degree": 1, "node_type": "endpoint", "node_kind": null}, "geometry": {"type": "Point", "coordinates": [320826.4375, 4689002.5]}}, {"type": "Feature", "properties": {"node_id": 544, "degree": 1, "node_type": "endpoint", "node_kind": null}, "geometry": {"type": "Point", "coordinates": [320305.9375, 4687540.5]}}, {"type": "Feature", "properties": {"node_id": 545, "degree": 1, "node_type": "endpoint", "node_kind": null}, "geometry": {"type": "Point", "coordinates": [320544.59375, 4687569.0]}}, {"type": "Feature", "properties": {"node_id": 546, "degree": 1, "node_type": "endpoint", "node_kind": null}, "geometry": {"type": "Point", "coordinates": [320976.59375, 4687366.5]}}, {"type": "Feature", "properties": {"node_id": 547, "degree": 1, "node_type": "endpoint", "node_kind": null}, "geometry": {"type": "Point", "coordinates": [320904.75, 4687371.0]}}, {"type": "Feature", "properties": {"node_id": 548, "degree": 1, "node_type": "endpoint", "node_kind": null}, "geometry": {"type": "Point", "coordinates": [320605.65625, 4684621.0]}}, {"type": "Feature", "properties": {"node_id": 549, "degree": 1, "node_type": "endpoint", "node_kind": null}, "geometry": {"type": "Point", "coordinates": [320622.0, 4684591.0]}}, {"type": "Feature", "properties": {"node_id": 550, "degree": 1, "node_type": "endpoint", "node_kind": null}, "geometry": {"type": "Point", "coordinates": [320763.0, 4684430.0]}}, {"type": "Feature", "properties": {"node_id": 551, "degree": 1, "node_type": "endpoint", "node_kind": null}, "geometry": {"type": "Point", "coordinates": [320732.6875, 4684465.0]}}, {"type": "Feature", "properties": {"node_id": 552, "degree": 1, "node_type": "endpoint", "node_kind": null}, "geometry": {"type": "Point", "coordinates": [320870.84375, 4684251.5]}}, {"type": "Feature", "properties": {"node_id": 553, "degree": 1, "node_type": "endpoint", "node_kind": null}, "geometry": {"type": "Point", "coordinates": [320800.8125, 4684363.0]}}, {"type": "Feature", "properties": {"node_id": 554, "degree": 1, "node_type": "endpoint", "node_kind": null}, "geometry": {"type": "Point", "coordinates": [320687.25, 4684492.5]}}, {"type": "Feature", "properties": {"node_id": 555, "degree": 1, "node_type": "endpoint", "node_kind": null}, "geometry": {"type": "Point", "coordinates": [320663.84375, 4684515.0]}}, {"type": "Feature", "properties": {"node_id": 556, "degree": 1, "node_type": "endpoint", "node_kind": null}, "geometry": {"type": "Point", "coordinates": [320879.09375, 4684213.0]}}, {"type": "Feature", "properties": {"node_id": 557, "degree": 1, "node_type": "endpoint", "node_kind": null}, "geometry": {"type": "Point", "coordinates": [320912.84375, 4684156.5]}}, {"type": "Feature", "properties": {"node_id": 558, "degree": 1, "node_type": "endpoint", "node_kind": null}, "geometry": {"type": "Point", "coordinates": [320917.8125, 4683833.0]}}, {"type": "Feature", "properties": {"node_id": 559, "degree": 1, "node_type": "endpoint", "node_kind": null}, "geometry": {"type": "Point", "coordinates": [320935.34375, 4683906.5]}}, {"type": "Feature", "properties": {"node_id": 560, "degree": 1, "node_type": "endpoint", "node_kind": null}, "geometry": {"type": "Point", "coordinates": [320950.0625, 4683956.0]}}, {"type": "Feature", "properties": {"node_id": 561, "degree": 1, "node_type": "endpoint", "node_kind": null}, "geometry": {"type": "Point", "coordinates": [320919.90625, 4683864.0]}}, {"type": "Feature", "properties": {"node_id": 562, "degree": 1, "node_type": "endpoint", "node_kind": null}, "geometry": {"type": "Point", "coordinates": [320788.0625, 4682296.0]}}, {"type": "Feature", "properties": {"node_id": 563, "degree": 1, "node_type": "endpoint", "node_kind": null}, "geometry": {"type": "Point", "coordinates": [320809.5, 4682616.5]}}, {"type": "Feature", "properties": {"node_id": 564, "degree": 1, "node_type": "endpoint", "node_kind": null}, "geometry": {"type": "Point", "coordinates": [343567.65625, 4685454.5]}}, {"type": "Feature", "properties": {"node_id": 565, "degree": 1, "node_type": "endpoint", "node_kind": null}, "geometry": {"type": "Point", "coordinates": [343888.5, 4685548.0]}}, {"type": "Feature", "properties": {"node_id": 566, "degree": 1, "node_type": "endpoint", "node_kind": null}, "geometry": {"type": "Point", "coordinates": [344234.40625, 4678304.0]}}, {"type": "Feature", "properties": {"node_id": 567, "degree": 1, "node_type": "endpoint", "node_kind": null}, "geometry": {"type": "Point", "coordinates": [344296.34375, 4678262.5]}}, {"type": "Feature", "properties": {"node_id": 568, "degree": 1, "node_type": "endpoint", "node_kind": null}, "geometry": {"type": "Point", "coordinates": [344380.65625, 4678778.0]}}, {"type": "Feature", "properties": {"node_id": 569, "degree": 1, "node_type": "endpoint", "node_kind": null}, "geometry": {"type": "Point", "coordinates": [344287.1875, 4678812.0]}}, {"type": "Feature", "properties": {"node_id": 570, "degree": 1, "node_type": "endpoint", "node_kind": null}, "geometry": {"type": "Point", "coordinates": [344499.59375, 4678153.0]}}, {"type": "Feature", "properties": {"node_id": 571, "degree": 1, "node_type": "endpoint", "node_kind": null}, "geometry": {"type": "Point", "coordinates": [344253.90625, 4678291.0]}}, {"type": "Feature", "properties": {"node_id": 572, "degree": 1, "node_type": "endpoint", "node_kind": null}, "geometry": {"type": "Point", "coordinates": [344063.09375, 4685638.0]}}, {"type": "Feature", "properties": {"node_id": 573, "degree": 1, "node_type": "endpoint", "node_kind": null}, "geometry": {"type": "Point", "coordinates": [344156.5625, 4685625.5]}}, {"type": "Feature", "properties": {"node_id": 574, "degree": 1, "node_type": "endpoint", "node_kind": null}, "geometry": {"type": "Point", "coordinates": [345094.8125, 4676960.0]}}, {"type": "Feature", "properties": {"node_id": 575, "degree": 1, "node_type": "endpoint", "node_kind": null}, "geometry": {"type": "Point", "coordinates": [344995.34375, 4677128.0]}}, {"type": "Feature", "properties": {"node_id": 576, "degree": 1, "node_type": "endpoint", "node_kind": null}, "geometry": {"type": "Point", "coordinates": [344686.8125, 4685241.0]}}, {"type": "Feature", "properties": {"node_id": 577, "degree": 1, "node_type": "endpoint", "node_kind": null}, "geometry": {"type": "Point", "coordinates": [344672.6875, 4685275.5]}}, {"type": "Feature", "properties": {"node_id": 578, "degree": 1, "node_type": "endpoint", "node_kind": null}, "geometry": {"type": "Point", "coordinates": [344678.84375, 4685281.5]}}, {"type": "Feature", "properties": {"node_id": 579, "degree": 1, "node_type": "endpoint", "node_kind": null}, "geometry": {"type": "Point", "coordinates": [344772.0, 4684960.5]}}, {"type": "Feature", "properties": {"node_id": 580, "degree": 1, "node_type": "endpoint", "node_kind": null}, "geometry": {"type": "Point", "coordinates": [344700.75, 4685213.5]}}, {"type": "Feature", "properties": {"node_id": 581, "degree": 1, "node_type": "endpoint", "node_kind": null}, "geometry": {"type": "Point", "coordinates": [344723.5625, 4685132.0]}}, {"type": "Feature", "properties": {"node_id": 582, "degree": 1, "node_type": "endpoint", "node_kind": null}, "geometry": {"type": "Point", "coordinates": [344825.5625, 4684779.0]}}, {"type": "Feature", "properties": {"node_id": 583, "degree": 1, "node_type": "endpoint", "node_kind": null}, "geometry": {"type": "Point", "coordinates": [344740.65625, 4685083.0]}}, {"type": "Feature", "properties": {"node_id": 584, "degree": 1, "node_type": "endpoint", "node_kind": null}, "geometry": {"type": "Point", "coordinates": [344834.09375, 4684718.0]}}, {"type": "Feature", "properties": {"node_id": 585, "degree": 1, "node_type": "endpoint", "node_kind": null}, "geometry": {"type": "Point", "coordinates": [344776.8125, 4684919.0]}}, {"type": "Feature", "properties": {"node_id": 586, "degree": 1, "node_type": "endpoint", "node_kind": null}, "geometry": {"type": "Point", "coordinates": [344849.25, 4684694.0]}}, {"type": "Feature", "properties": {"node_id": 587, "degree": 1, "node_type": "endpoint", "node_kind": null}, "geometry": {"type": "Point", "coordinates": [344865.59375, 4684638.5]}}, {"type": "Feature", "properties": {"node_id": 588, "degree": 1, "node_type": "endpoint", "node_kind": null}, "geometry": {"type": "Point", "coordinates": [344972.09375, 4684222.0]}}, {"type": "Feature", "properties": {"node_id": 589, "degree": 1, "node_type": "endpoint", "node_kind": null}, "geometry": {"type": "Point", "coordinates": [344953.1875, 4684289.5]}}, {"type": "Feature", "properties": {"node_id": 590, "degree": 1, "node_type": "endpoint", "node_kind": null}, "geometry": {"type": "Point", "coordinates": [344884.65625, 4684568.0]}}, {"type": "Feature", "properties": {"node_id": 591, "degree": 1, "node_type": "endpoint", "node_kind": null}, "geometry": {"type": "Point", "coordinates": [345043.1875, 4683999.5]}}, {"type": "Feature", "properties": {"node_id": 592, "degree": 1, "node_type": "endpoint", "node_kind": null}, "geometry": {"type": "Point", "coordinates": [344827.5, 4684749.0]}}, {"type": "Feature", "properties": {"node_id": 593, "degree": 1, "node_type": "endpoint", "node_kind": null}, "geometry": {"type": "Point", "coordinates": [344854.5, 4684652.5]}}, {"type": "Feature", "properties": {"node_id": 594, "degree": 1, "node_type": "endpoint", "node_kind": null}, "geometry": {"type": "Point", "coordinates": [345062.40625, 4684549.5]}}, {"type": "Feature", "properties": {"node_id": 595, "degree": 1, "node_type": "endpoint", "node_kind": null}, "geometry": {"type": "Point", "coordinates": [345076.65625, 4684520.0]}}, {"type": "Feature", "properties": {"node_id": 596, "degree": 1, "node_type": "endpoint", "node_kind": null}, "geometry": {"type": "Point", "coordinates": [344988.0, 4684188.5]}}, {"type": "Feature", "properties": {"node_id": 597, "degree": 1, "node_type": "endpoint", "node_kind": null}, "geometry": {"type": "Point", "coordinates": [345004.5, 4684130.0]}}, {"type": "Feature", "properties": {"node_id": 598, "degree": 1, "node_type": "endpoint", "node_kind": null}, "geometry": {"type": "Point", "coordinates": [344880.3125, 4684547.5]}}, {"type": "Feature", "properties": {"node_id": 599, "degree": 1, "node_type": "endpoint", "node_kind": null}, "geometry": {"type": "Point", "coordinates": [344888.40625, 4684519.5]}}, {"type": "Feature", "properties": {"node_id": 600, "degree": 1, "node_type": "endpoint", "node_kind": null}, "geometry": {"type": "Point", "coordinates": [345033.15625, 4683999.5]}}, {"type": "Feature", "properties": {"node_id": 601, "degree": 1, "node_type": "endpoint", "node_kind": null}, "geometry": {"type": "Point", "coordinates": [345027.59375, 4684020.5]}}, {"type": "Feature", "properties": {"node_id": 602, "degree": 1, "node_type": "endpoint", "node_kind": null}, "geometry": {"type": "Point", "coordinates": [345175.65625, 4683653.0]}}, {"type": "Feature", "properties": {"node_id": 603, "degree": 1, "node_type": "endpoint", "node_kind": null}, "geometry": {"type": "Point", "coordinates": [345167.84375, 4683679.0]}}, {"type": "Feature", "properties": {"node_id": 604, "degree": 1, "node_type": "endpoint", "node_kind": null}, "geometry": {"type": "Point", "coordinates": [345172.8125, 4683634.0]}}, {"type": "Feature", "properties": {"node_id": 605, "degree": 1, "node_type": "endpoint", "node_kind": null}, "geometry": {"type": "Point", "coordinates": [345166.34375, 4683653.5]}}, {"type": "Feature", "properties": {"node_id": 606, "degree": 1, "node_type": "endpoint", "node_kind": null}, "geometry": {"type": "Point", "coordinates": [345333.90625, 4683254.5]}}, {"type": "Feature", "properties": {"node_id": 607, "degree": 1, "node_type": "endpoint", "node_kind": null}, "geometry": {"type": "Point", "coordinates": [345313.34375, 4683305.0]}}, {"type": "Feature", "properties": {"node_id": 608, "degree": 1, "node_type": "endpoint", "node_kind": null}, "geometry": {"type": "Point", "coordinates": [345307.8125, 4683340.0]}}, {"type": "Feature", "properties": {"node_id": 609, "degree": 1, "node_type": "endpoint", "node_kind": null}, "geometry": {"type": "Point", "coordinates": [345322.8125, 4683304.5]}}, {"type": "Feature", "properties": {"node_id": 610, "degree": 1, "node_type": "endpoint", "node_kind": null}, "geometry": {"type": "Point", "coordinates": [345463.5, 4682978.0]}}, {"type": "Feature", "properties": {"node_id": 611, "degree": 1, "node_type": "endpoint", "node_kind": null}, "geometry": {"type": "Point", "coordinates": [345477.90625, 4682950.5]}}, {"type": "Feature", "properties": {"node_id": 612, "degree": 1, "node_type": "endpoint", "node_kind": null}, "geometry": {"type": "Point", "coordinates": [346539.15625, 4681853.5]}}, {"type": "Feature", "properties": {"node_id": 613, "degree": 1, "node_type": "endpoint", "node_kind": null}, "geometry": {"type": "Point", "coordinates": [346587.0, 4681799.0]}}, {"type": "Feature", "properties": {"node_id": 614, "degree": 1, "node_type": "endpoint", "node_kind": null}, "geometry": {"type": "Point", "coordinates": [346416.4375, 4681986.5]}}, {"type": "Feature", "properties": {"node_id": 615, "degree": 1, "node_type": "endpoint", "node_kind": null}, "geometry": {"type": "Point", "coordinates": [346443.0, 4681954.5]}}, {"type": "Feature", "properties": {"node_id": 616, "degree": 1, "node_type": "endpoint", "node_kind": null}, "geometry": {"type": "Point", "coordinates": [346596.4375, 4681792.5]}}, {"type": "Feature", "properties": {"node_id": 617, "degree": 1, "node_type": "endpoint", "node_kind": null}, "geometry": {"type": "Point", "coordinates": [346525.9375, 4681869.5]}}, {"type": "Feature", "properties": {"node_id": 618, "degree": 1, "node_type": "endpoint", "node_kind": null}, "geometry": {"type": "Point", "coordinates": [346418.09375, 4682062.5]}}, {"type": "Feature", "properties": {"node_id": 619, "degree": 1, "node_type": "endpoint", "node_kind": null}, "geometry": {"type": "Point", "coordinates": [346394.09375, 4682043.0]}}, {"type": "Feature", "properties": {"node_id": 620, "degree": 1, "node_type": "endpoint", "node_kind": null}, "geometry": {"type": "Point", "coordinates": [347526.3125, 4680043.5]}}, {"type": "Feature", "properties": {"node_id": 621, "degree": 1, "node_type": "endpoint", "node_kind": null}, "geometry": {"type": "Point", "coordinates": [346800.0, 4679517.0]}}, {"type": "Feature", "properties": {"node_id": 622, "degree": 1, "node_type": "endpoint", "node_kind": null}, "geometry": {"type": "Point", "coordinates": [347526.90625, 4678357.0]}}, {"type": "Feature", "properties": {"node_id": 623, "degree": 1, "node_type": "endpoint", "node_kind": null}, "geometry": {"type": "Point", "coordinates": [346993.65625, 4678424.5]}}, {"type": "Feature", "properties": {"node_id": 624, "degree": 1, "node_type": "endpoint", "node_kind": null}, "geometry": {"type": "Point", "coordinates": [321352.65625, 4697430.0]}}, {"type": "Feature", "properties": {"node_id": 625, "degree": 1, "node_type": "endpoint", "node_kind": null}, "geometry": {"type": "Point", "coordinates": [321381.59375, 4697413.5]}}, {"type": "Feature", "properties": {"node_id": 626, "degree": 1, "node_type": "endpoint", "node_kind": null}, "geometry": {"type": "Point", "coordinates": [321607.1875, 4695744.5]}}, {"type": "Feature", "properties": {"node_id": 627, "degree": 1, "node_type": "endpoint", "node_kind": null}, "geometry": {"type": "Point", "coordinates": [321519.4375, 4695781.0]}}, {"type": "Feature", "properties": {"node_id": 628, "degree": 1, "node_type": "endpoint", "node_kind": null}, "geometry": {"type": "Point", "coordinates": [321521.40625, 4695777.5]}}, {"type": "Feature", "properties": {"node_id": 629, "degree": 1, "node_type": "endpoint", "node_kind": null}, "geometry": {"type": "Point", "coordinates": [321565.1875, 4695758.0]}}, {"type": "Feature", "properties": {"node_id": 630, "degree": 1, "node_type": "endpoint", "node_kind": null}, "geometry": {"type": "Point", "coordinates": [321270.0, 4696271.0]}}, {"type": "Feature", "properties": {"node_id": 631, "degree": 1, "node_type": "endpoint", "node_kind": null}, "geometry": {"type": "Point", "coordinates": [321244.34375, 4696259.0]}}, {"type": "Feature", "properties": {"node_id": 632, "degree": 1, "node_type": "endpoint", "node_kind": null}, "geometry": {"type": "Point", "coordinates": [321389.09375, 4695839.0]}}, {"type": "Feature", "properties": {"node_id": 633, "degree": 1, "node_type": "endpoint", "node_kind": null}, "geometry": {"type": "Point", "coordinates": [321358.9375, 4695853.0]}}, {"type": "Feature", "properties": {"node_id": 634, "degree": 1, "node_type": "endpoint", "node_kind": null}, "geometry": {"type": "Point", "coordinates": [321522.4375, 4679226.0]}}, {"type": "Feature", "properties": {"node_id": 635, "degree": 1, "node_type": "endpoint", "node_kind": null}, "geometry": {"type": "Point", "coordinates": [322154.84375, 4679171.5]}}, {"type": "Feature", "properties": {"node_id": 636, "degree": 1, "node_type": "endpoint", "node_kind": null}, "geometry": {"type": "Point", "coordinates": [321240.15625, 4678921.0]}}, {"type": "Feature", "properties": {"node_id": 637, "degree": 1, "node_type": "endpoint", "node_kind": null}, "geometry": {"type": "Point", "coordinates": [321374.40625, 4678680.0]}}, {"type": "Feature", "properties": {"node_id": 638, "degree": 1, "node_type": "endpoint", "node_kind": null}, "geometry": {"type": "Point", "coordinates": [321156.59375, 4679122.0]}}, {"type": "Feature", "properties": {"node_id": 639, "degree": 1, "node_type": "endpoint", "node_kind": null}, "geometry": {"type": "Point", "coordinates": [321120.15625, 4679455.0]}}, {"type": "Feature", "properties": {"node_id": 640, "degree": 1, "node_type": "endpoint", "node_kind": null}, "geometry": {"type": "Point", "coordinates": [321193.9375, 4679031.0]}}, {"type": "Feature", "properties": {"node_id": 641, "degree": 1, "node_type": "endpoint", "node_kind": null}, "geometry": {"type": "Point", "coordinates": [321370.8125, 4678723.5]}}, {"type": "Feature", "properties": {"node_id": 642, "degree": 1, "node_type": "endpoint", "node_kind": null}, "geometry": {"type": "Point", "coordinates": [321185.25, 4679101.0]}}, {"type": "Feature", "properties": {"node_id": 643, "degree": 1, "node_type": "endpoint", "node_kind": null}, "geometry": {"type": "Point", "coordinates": [321244.34375, 4679109.5]}}, {"type": "Feature", "properties": {"node_id": 644, "degree": 1, "node_type": "endpoint", "node_kind": null}, "geometry": {"type": "Point", "coordinates": [321158.40625, 4679158.0]}}, {"type": "Feature", "properties": {"node_id": 645, "degree": 1, "node_type": "endpoint", "node_kind": null}, "geometry": {"type": "Point", "coordinates": [321166.5, 4679116.0]}}, {"type": "Feature", "properties": {"node_id": 646, "degree": 1, "node_type": "endpoint", "node_kind": null}, "geometry": {"type": "Point", "coordinates": [321593.84375, 4693944.0]}}, {"type": "Feature", "properties": {"node_id": 647, "degree": 1, "node_type": "endpoint", "node_kind": null}, "geometry": {"type": "Point", "coordinates": [321541.9375, 4693957.5]}}, {"type": "Feature", "properties": {"node_id": 648, "degree": 1, "node_type": "endpoint", "node_kind": null}, "geometry": {"type": "Point", "coordinates": [321471.75, 4693979.5]}}, {"type": "Feature", "properties": {"node_id": 649, "degree": 1, "node_type": "endpoint", "node_kind": null}, "geometry": {"type": "Point", "coordinates": [321594.4375, 4693947.5]}}, {"type": "Feature", "properties": {"node_id": 650, "degree": 1, "node_type": "endpoint", "node_kind": null}, "geometry": {"type": "Point", "coordinates": [321613.5, 4692227.5]}}, {"type": "Feature", "properties": {"node_id": 651, "degree": 1, "node_type": "endpoint", "node_kind": null}, "geometry": {"type": "Point", "coordinates": [321588.15625, 4692249.0]}}, {"type": "Feature", "properties": {"node_id": 652, "degree": 1, "node_type": "endpoint", "node_kind": null}, "geometry": {"type": "Point", "coordinates": [321424.1875, 4692293.0]}}, {"type": "Feature", "properties": {"node_id": 653, "degree": 1, "node_type": "endpoint", "node_kind": null}, "geometry": {"type": "Point", "coordinates": [321126.90625, 4692369.5]}}, {"type": "Feature", "properties": {"node_id": 654, "degree": 1, "node_type": "endpoint", "node_kind": null}, "geometry": {"type": "Point", "coordinates": [321613.0625, 4692446.0]}}, {"type": "Feature", "properties": {"node_id": 655, "degree": 1, "node_type": "endpoint", "node_kind": null}, "geometry": {"type": "Point", "coordinates": [321584.5625, 4692450.0]}}, {"type": "Feature", "properties": {"node_id": 656, "degree": 1, "node_type": "endpoint", "node_kind": null}, "geometry": {"type": "Point", "coordinates": [321047.40625, 4692400.5]}}, {"type": "Feature", "properties": {"node_id": 657, "degree": 1, "node_type": "endpoint", "node_kind": null}, "geometry": {"type": "Point", "coordinates": [321379.1875, 4692317.0]}}, {"type": "Feature", "properties": {"node_id": 658, "degree": 1, "node_type": "endpoint", "node_kind": null}, "geometry": {"type": "Point", "coordinates": [321567.3125, 4692260.5]}}, {"type": "Feature", "properties": {"node_id": 659, "degree": 1, "node_type": "endpoint", "node_kind": null}, "geometry": {"type": "Point", "coordinates": [321607.34375, 4692231.5]}}, {"type": "Feature", "properties": {"node_id": 660, "degree": 1, "node_type": "endpoint", "node_kind": null}, "geometry": {"type": "Point", "coordinates": [321506.25, 4692269.0]}}, {"type": "Feature", "properties": {"node_id": 661, "degree": 1, "node_type": "endpoint", "node_kind": null}, "geometry": {"type": "Point", "coordinates": [321917.25, 4691936.5]}}, {"type": "Feature", "properties": {"node_id": 662, "degree": 1, "node_type": "endpoint", "node_kind": null}, "geometry": {"type": "Point", "coordinates": [321506.5625, 4692271.0]}}, {"type": "Feature", "properties": {"node_id": 663, "degree": 1, "node_type": "endpoint", "node_kind": null}, "geometry": {"type": "Point", "coordinates": [321680.6875, 4692126.5]}}, {"type": "Feature", "properties": {"node_id": 664, "degree": 1, "node_type": "endpoint", "node_kind": null}, "geometry": {"type": "Point", "coordinates": [321484.9375, 4692283.0]}}, {"type": "Feature", "properties": {"node_id": 665, "degree": 1, "node_type": "endpoint", "node_kind": null}, "geometry": {"type": "Point", "coordinates": [321528.4375, 4692271.0]}}, {"type": "Feature", "properties": {"node_id": 666, "degree": 1, "node_type": "endpoint", "node_kind": null}, "geometry": {"type": "Point", "coordinates": [321130.9375, 4696938.0]}}, {"type": "Feature", "properties": {"node_id": 667, "degree": 1, "node_type": "endpoint", "node_kind": null}, "geometry": {"type": "Point", "coordinates": [321186.3125, 4696937.5]}}, {"type": "Feature", "properties": {"node_id": 668, "degree": 1, "node_type": "endpoint", "node_kind": null}, "geometry": {"type": "Point", "coordinates": [321453.90625, 4690987.5]}}, {"type": "Feature", "properties": {"node_id": 669, "degree": 1, "node_type": "endpoint", "node_kind": null}, "geometry": {"type": "Point", "coordinates": [321417.59375, 4690994.5]}}, {"type": "Feature", "properties": {"node_id": 670, "degree": 1, "node_type": "endpoint", "node_kind": null}, "geometry": {"type": "Point", "coordinates": [321673.65625, 4691132.0]}}, {"type": "Feature", "properties": {"node_id": 671, "degree": 1, "node_type": "endpoint", "node_kind": null}, "geometry": {"type": "Point", "coordinates": [321484.1875, 4691055.5]}}, {"type": "Feature", "properties": {"node_id": 672, "degree": 1, "node_type": "endpoint", "node_kind": null}, "geometry": {"type": "Point", "coordinates": [321606.90625, 4690957.0]}}, {"type": "Feature", "properties": {"node_id": 673, "degree": 1, "node_type": "endpoint", "node_kind": null}, "geometry": {"type": "Point", "coordinates": [321570.3125, 4690965.5]}}, {"type": "Feature", "properties": {"node_id": 674, "degree": 1, "node_type": "endpoint", "node_kind": null}, "geometry": {"type": "Point", "coordinates": [321465.0, 4691044.5]}}, {"type": "Feature", "properties": {"node_id": 675, "degree": 1, "node_type": "endpoint", "node_kind": null}, "geometry": {"type": "Point", "coordinates": [321532.34375, 4691076.0]}}, {"type": "Feature", "properties": {"node_id": 676, "degree": 1, "node_type": "endpoint", "node_kind": null}, "geometry": {"type": "Point", "coordinates": [321456.0, 4690974.0]}}, {"type": "Feature", "properties": {"node_id": 677, "degree": 1, "node_type": "endpoint", "node_kind": null}, "geometry": {"type": "Point", "coordinates": [321724.34375, 4690877.0]}}, {"type": "Feature", "properties": {"node_id": 678, "degree": 1, "node_type": "endpoint", "node_kind": null}, "geometry": {"type": "Point", "coordinates": [321491.09375, 4691048.5]}}, {"type": "Feature", "properties": {"node_id": 679, "degree": 1, "node_type": "endpoint", "node_kind": null}, "geometry": {"type": "Point", "coordinates": [321607.1875, 4691097.5]}}, {"type": "Feature", "properties": {"node_id": 680, "degree": 1, "node_type": "endpoint", "node_kind": null}, "geometry": {"type": "Point", "coordinates": [321509.40625, 4690971.5]}}, {"type": "Feature", "properties": {"node_id": 681, "degree": 1, "node_type": "endpoint", "node_kind": null}, "geometry": {"type": "Point", "coordinates": [321483.0, 4690975.5]}}, {"type": "Feature", "properties": {"node_id": 682, "degree": 1, "node_type": "endpoint", "node_kind": null}, "geometry": {"type": "Point", "coordinates": [321320.6875, 4691058.0]}}, {"type": "Feature", "properties": {"node_id": 683, "degree": 1, "node_type": "endpoint", "node_kind": null}, "geometry": {"type": "Point", "coordinates": [321375.0, 4691037.5]}}, {"type": "Feature", "properties": {"node_id": 684, "degree": 1, "node_type": "endpoint", "node_kind": null}, "geometry": {"type": "Point", "coordinates": [321536.40625, 4691075.5]}}, {"type": "Feature", "properties": {"node_id": 685, "degree": 1, "node_type": "endpoint", "node_kind": null}, "geometry": {"type": "Point", "coordinates": [321483.59375, 4691051.0]}}, {"type": "Feature", "properties": {"node_id": 686, "degree": 1, "node_type": "endpoint", "node_kind": null}, "geometry": {"type": "Point", "coordinates": [321057.59375, 4691231.5]}}, {"type": "Feature", "properties": {"node_id": 687, "degree": 1, "node_type": "endpoint", "node_kind": null}, "geometry": {"type": "Point", "coordinates": [321006.0, 4691268.5]}}, {"type": "Feature", "properties": {"node_id": 688, "degree": 1, "node_type": "endpoint", "node_kind": null}, "geometry": {"type": "Point", "coordinates": [321298.1875, 4691060.5]}}, {"type": "Feature", "properties": {"node_id": 689, "degree": 1, "node_type": "endpoint", "node_kind": null}, "geometry": {"type": "Point", "coordinates": [321336.75, 4691040.0]}}, {"type": "Feature", "properties": {"node_id": 690, "degree": 1, "node_type": "endpoint", "node_kind": null}, "geometry": {"type": "Point", "coordinates": [321296.6875, 4691058.0]}}, {"type": "Feature", "properties": {"node_id": 691, "degree": 1, "node_type": "endpoint", "node_kind": null}, "geometry": {"type": "Point", "coordinates": [321343.34375, 4691029.5]}}, {"type": "Feature", "properties": {"node_id": 692, "degree": 1, "node_type": "endpoint", "node_kind": null}, "geometry": {"type": "Point", "coordinates": [321509.5625, 4690973.5]}}, {"type": "Feature", "properties": {"node_id": 693, "degree": 1, "node_type": "endpoint", "node_kind": null}, "geometry": {"type": "Point", "coordinates": [321482.09375, 4690978.5]}}, {"type": "Feature", "properties": {"node_id": 694, "degree": 1, "node_type": "endpoint", "node_kind": null}, "geometry": {"type": "Point", "coordinates": [321470.6875, 4691016.5]}}, {"type": "Feature", "properties": {"node_id": 695, "degree": 1, "node_type": "endpoint", "node_kind": null}, "geometry": {"type": "Point", "coordinates": [321474.0, 4690994.5]}}, {"type": "Feature", "properties": {"node_id": 696, "degree": 1, "node_type": "endpoint", "node_kind": null}, "geometry": {"type": "Point", "coordinates": [321663.3125, 4691116.5]}}, {"type": "Feature", "properties": {"node_id": 697, "degree": 1, "node_type": "endpoint", "node_kind": null}, "geometry": {"type": "Point", "coordinates": [321561.3125, 4691078.5]}}, {"type": "Feature", "properties": {"node_id": 698, "degree": 1, "node_type": "endpoint", "node_kind": null}, "geometry": {"type": "Point", "coordinates": [321573.3125, 4689812.0]}}, {"type": "Feature", "properties": {"node_id": 699, "degree": 1, "node_type": "endpoint", "node_kind": null}, "geometry": {"type": "Point", "coordinates": [321618.90625, 4689817.0]}}, {"type": "Feature", "properties": {"node_id": 700, "degree": 1, "node_type": "endpoint", "node_kind": null}, "geometry": {"type": "Point", "coordinates": [321572.84375, 4689815.0]}}, {"type": "Feature", "properties": {"node_id": 701, "degree": 1, "node_type": "endpoint", "node_kind": null}, "geometry": {"type": "Point", "coordinates": [321681.15625, 4689824.5]}}, {"type": "Feature", "properties": {"node_id": 702, "degree": 1, "node_type": "endpoint", "node_kind": null}, "geometry": {"type": "Point", "coordinates": [321546.59375, 4689784.0]}}, {"type": "Feature", "properties": {"node_id": 703, "degree": 1, "node_type": "endpoint", "node_kind": null}, "geometry": {"type": "Point", "coordinates": [321522.3125, 4689781.5]}}, {"type": "Feature", "properties": {"node_id": 704, "degree": 1, "node_type": "endpoint", "node_kind": null}, "geometry": {"type": "Point", "coordinates": [321435.3125, 4689069.5]}}, {"type": "Feature", "properties": {"node_id": 705, "degree": 1, "node_type": "endpoint", "node_kind": null}, "geometry": {"type": "Point", "coordinates": [321478.1875, 4689074.5]}}, {"type": "Feature", "properties": {"node_id": 706, "degree": 1, "node_type": "endpoint", "node_kind": null}, "geometry": {"type": "Point", "coordinates": [321502.34375, 4689087.0]}}, {"type": "Feature", "properties": {"node_id": 707, "degree": 1, "node_type": "endpoint", "node_kind": null}, "geometry": {"type": "Point", "coordinates": [321547.0625, 4689093.0]}}, {"type": "Feature", "properties": {"node_id": 708, "degree": 1, "node_type": "endpoint", "node_kind": null}, "geometry": {"type": "Point", "coordinates": [321219.75, 4687670.0]}}, {"type": "Feature", "properties": {"node_id": 709, "degree": 1, "node_type": "endpoint", "node_kind": null}, "geometry": {"type": "Point", "coordinates": [321415.5, 4687727.5]}}, {"type": "Feature", "properties": {"node_id": 710, "degree": 1, "node_type": "endpoint", "node_kind": null}, "geometry": {"type": "Point", "coordinates": [321222.59375, 4687669.5]}}, {"type": "Feature", "properties": {"node_id": 711, "degree": 1, "node_type": "endpoint", "node_kind": null}, "geometry": {"type": "Point", "coordinates": [321416.25, 4687724.0]}}, {"type": "Feature", "properties": {"node_id": 712, "degree": 1, "node_type": "endpoint", "node_kind": null}, "geometry": {"type": "Point", "coordinates": [321178.8125, 4687555.0]}}, {"type": "Feature", "properties": {"node_id": 713, "degree": 1, "node_type": "endpoint", "node_kind": null}, "geometry": {"type": "Point", "coordinates": [321147.0, 4687463.5]}}, {"type": "Feature", "properties": {"node_id": 714, "degree": 1, "node_type": "endpoint", "node_kind": null}, "geometry": {"type": "Point", "coordinates": [321175.34375, 4687555.0]}}, {"type": "Feature", "properties": {"node_id": 715, "degree": 1, "node_type": "endpoint", "node_kind": null}, "geometry": {"type": "Point", "coordinates": [321143.6875, 4687465.0]}}, {"type": "Feature", "properties": {"node_id": 716, "degree": 1, "node_type": "endpoint", "node_kind": null}, "geometry": {"type": "Point", "coordinates": [321062.84375, 4687403.0]}}, {"type": "Feature", "properties": {"node_id": 717, "degree": 1, "node_type": "endpoint", "node_kind": null}, "geometry": {"type": "Point", "coordinates": [321036.15625, 4687386.5]}}, {"type": "Feature", "properties": {"node_id": 718, "degree": 1, "node_type": "endpoint", "node_kind": null}, "geometry": {"type": "Point", "coordinates": [321060.90625, 4687405.5]}}, {"type": "Feature", "properties": {"node_id": 719, "degree": 1, "node_type": "endpoint", "node_kind": null}, "geometry": {"type": "Point", "coordinates": [321019.65625, 4687381.5]}}, {"type": "Feature", "properties": {"node_id": 720, "degree": 1, "node_type": "endpoint", "node_kind": null}, "geometry": {"type": "Point", "coordinates": [321191.25, 4686214.0]}}, {"type": "Feature", "properties": {"node_id": 721, "degree": 1, "node_type": "endpoint", "node_kind": null}, "geometry": {"type": "Point", "coordinates": [321508.8125, 4686352.0]}}, {"type": "Feature", "properties": {"node_id": 722, "degree": 1, "node_type": "endpoint", "node_kind": null}, "geometry": {"type": "Point", "coordinates": [321512.84375, 4686337.5]}}, {"type": "Feature", "properties": {"node_id": 723, "degree": 1, "node_type": "endpoint", "node_kind": null}, "geometry": {"type": "Point", "coordinates": [321450.0, 4686307.0]}}, {"type": "Feature", "properties": {"node_id": 724, "degree": 1, "node_type": "endpoint", "node_kind": null}, "geometry": {"type": "Point", "coordinates": [321522.90625, 4696383.0]}}, {"type": "Feature", "properties": {"node_id": 725, "degree": 1, "node_type": "endpoint", "node_kind": null}, "geometry": {"type": "Point", "coordinates": [321457.8125, 4696357.5]}}, {"type": "Feature", "properties": {"node_id": 726, "degree": 1, "node_type": "endpoint", "node_kind": null}, "geometry": {"type": "Point", "coordinates": [321459.15625, 4696354.5]}}, {"type": "Feature", "properties": {"node_id": 727, "degree": 1, "node_type": "endpoint", "node_kind": null}, "geometry": {"type": "Point", "coordinates": [321527.25, 4696382.0]}}, {"type": "Feature", "properties": {"node_id": 728, "degree": 1, "node_type": "endpoint", "node_kind": null}, "geometry": {"type": "Point", "coordinates": [321568.9375, 4696395.5]}}, {"type": "Feature", "properties": {"node_id": 729, "degree": 1, "node_type": "endpoint", "node_kind": null}, "geometry": {"type": "Point", "coordinates": [321774.90625, 4696479.5]}}, {"type": "Feature", "properties": {"node_id": 730, "degree": 1, "node_type": "endpoint", "node_kind": null}, "geometry": {"type": "Point", "coordinates": [321047.25, 4696313.0]}}, {"type": "Feature", "properties": {"node_id": 731, "degree": 1, "node_type": "endpoint", "node_kind": null}, "geometry": {"type": "Point", "coordinates": [321076.9375, 4696379.0]}}, {"type": "Feature", "properties": {"node_id": 732, "degree": 1, "node_type": "endpoint", "node_kind": null}, "geometry": {"type": "Point", "coordinates": [321357.15625, 4686268.5]}}, {"type": "Feature", "properties": {"node_id": 733, "degree": 1, "node_type": "endpoint", "node_kind": null}, "geometry": {"type": "Point", "coordinates": [321195.0, 4686202.0]}}, {"type": "Feature", "properties": {"node_id": 734, "degree": 1, "node_type": "endpoint", "node_kind": null}, "geometry": {"type": "Point", "coordinates": [321357.4375, 4686269.0]}}, {"type": "Feature", "properties": {"node_id": 735, "degree": 1, "node_type": "endpoint", "node_kind": null}, "geometry": {"type": "Point", "coordinates": [321602.09375, 4686400.5]}}, {"type": "Feature", "properties": {"node_id": 736, "degree": 1, "node_type": "endpoint", "node_kind": null}, "geometry": {"type": "Point", "coordinates": [321292.34375, 4686248.0]}}, {"type": "Feature", "properties": {"node_id": 737, "degree": 1, "node_type": "endpoint", "node_kind": null}, "geometry": {"type": "Point", "coordinates": [321234.3125, 4686222.0]}}, {"type": "Feature", "properties": {"node_id": 738, "degree": 1, "node_type": "endpoint", "node_kind": null}, "geometry": {"type": "Point", "coordinates": [321309.0, 4685650.0]}}, {"type": "Feature", "properties": {"node_id": 739, "degree": 1, "node_type": "endpoint", "node_kind": null}, "geometry": {"type": "Point", "coordinates": [321227.40625, 4685567.5]}}, {"type": "Feature", "properties": {"node_id": 740, "degree": 1, "node_type": "endpoint", "node_kind": null}, "geometry": {"type": "Point", "coordinates": [347942.09375, 4680940.0]}}, {"type": "Feature", "properties": {"node_id": 741, "degree": 1, "node_type": "endpoint", "node_kind": null}, "geometry": {"type": "Point", "coordinates": [347961.75, 4680944.5]}}, {"type": "Feature", "properties": {"node_id": 742, "degree": 1, "node_type": "endpoint", "node_kind": null}, "geometry": {"type": "Point", "coordinates": [347741.09375, 4680913.0]}}, {"type": "Feature", "properties": {"node_id": 743, "degree": 1, "node_type": "endpoint", "node_kind": null}, "geometry": {"type": "Point", "coordinates": [347625.0, 4680919.0]}}, {"type": "Feature", "properties": {"node_id": 744, "degree": 1, "node_type": "endpoint", "node_kind": null}, "geometry": {"type": "Point", "coordinates": [348067.9375, 4680980.5]}}, {"type": "Feature", "properties": {"node_id": 745, "degree": 1, "node_type": "endpoint", "node_kind": null}, "geometry": {"type": "Point", "coordinates": [348172.9375, 4681051.0]}}, {"type": "Feature", "properties": {"node_id": 746, "degree": 1, "node_type": "endpoint", "node_kind": null}, "geometry": {"type": "Point", "coordinates": [347753.25, 4680914.5]}}, {"type": "Feature", "properties": {"node_id": 747, "degree": 1, "node_type": "endpoint", "node_kind": null}, "geometry": {"type": "Point", "coordinates": [347500.0625, 4680927.5]}}, {"type": "Feature", "properties": {"node_id": 748, "degree": 1, "node_type": "endpoint", "node_kind": null}, "geometry": {"type": "Point", "coordinates": [347693.40625, 4680923.0]}}, {"type": "Feature", "properties": {"node_id": 749, "degree": 1, "node_type": "endpoint", "node_kind": null}, "geometry": {"type": "Point", "coordinates": [347732.40625, 4680921.0]}}, {"type": "Feature", "properties": {"node_id": 750, "degree": 1, "node_type": "endpoint", "node_kind": null}, "geometry": {"type": "Point", "coordinates": [347835.15625, 4680924.5]}}, {"type": "Feature", "properties": {"node_id": 751, "degree": 1, "node_type": "endpoint", "node_kind": null}, "geometry": {"type": "Point", "coordinates": [347956.9375, 4680946.0]}}, {"type": "Feature", "properties": {"node_id": 752, "degree": 1, "node_type": "endpoint", "node_kind": null}, "geometry": {"type": "Point", "coordinates": [347955.0, 4680947.0]}}, {"type": "Feature", "properties": {"node_id": 753, "degree": 1, "node_type": "endpoint", "node_kind": null}, "geometry": {"type": "Point", "coordinates": [347928.59375, 4680941.5]}}, {"type": "Feature", "properties": {"node_id": 754, "degree": 1, "node_type": "endpoint", "node_kind": null}, "geometry": {"type": "Point", "coordinates": [347977.34375, 4680254.0]}}, {"type": "Feature", "properties": {"node_id": 755, "degree": 1, "node_type": "endpoint", "node_kind": null}, "geometry": {"type": "Point", "coordinates": [348109.1875, 4680296.5]}}, {"type": "Feature", "properties": {"node_id": 756, "degree": 1, "node_type": "endpoint", "node_kind": null}, "geometry": {"type": "Point", "coordinates": [348066.3125, 4680281.0]}}, {"type": "Feature", "properties": {"node_id": 757, "degree": 1, "node_type": "endpoint", "node_kind": null}, "geometry": {"type": "Point", "coordinates": [348010.34375, 4680259.5]}}, {"type": "Feature", "properties": {"node_id": 758, "degree": 1, "node_type": "endpoint", "node_kind": null}, "geometry": {"type": "Point", "coordinates": [347379.15625, 4679912.5]}}, {"type": "Feature", "properties": {"node_id": 759, "degree": 1, "node_type": "endpoint", "node_kind": null}, "geometry": {"type": "Point", "coordinates": [347648.84375, 4680144.0]}}, {"type": "Feature", "properties": {"node_id": 760, "degree": 1, "node_type": "endpoint", "node_kind": null}, "geometry": {"type": "Point", "coordinates": [348490.9375, 4681053.5]}}, {"type": "Feature", "properties": {"node_id": 761, "degree": 1, "node_type": "endpoint", "node_kind": null}, "geometry": {"type": "Point", "coordinates": [348356.84375, 4681084.0]}}, {"type": "Feature", "properties": {"node_id": 762, "degree": 1, "node_type": "endpoint", "node_kind": null}, "geometry": {"type": "Point", "coordinates": [348178.1875, 4681060.0]}}, {"type": "Feature", "properties": {"node_id": 763, "degree": 1, "node_type": "endpoint", "node_kind": null}, "geometry": {"type": "Point", "coordinates": [348276.0, 4681081.0]}}, {"type": "Feature", "properties": {"node_id": 764, "degree": 1, "node_type": "endpoint", "node_kind": null}, "geometry": {"type": "Point", "coordinates": [348678.90625, 4680987.0]}}, {"type": "Feature", "properties": {"node_id": 765, "degree": 1, "node_type": "endpoint", "node_kind": null}, "geometry": {"type": "Point", "coordinates": [348255.15625, 4681074.0]}}, {"type": "Feature", "properties": {"node_id": 766, "degree": 1, "node_type": "endpoint", "node_kind": null}, "geometry": {"type": "Point", "coordinates": [348128.6875, 4681029.0]}}, {"type": "Feature", "properties": {"node_id": 767, "degree": 1, "node_type": "endpoint", "node_kind": null}, "geometry": {"type": "Point", "coordinates": [348145.9375, 4681040.5]}}, {"type": "Feature", "properties": {"node_id": 768, "degree": 1, "node_type": "endpoint", "node_kind": null}, "geometry": {"type": "Point", "coordinates": [348173.6875, 4681048.5]}}, {"type": "Feature", "properties": {"node_id": 769, "degree": 1, "node_type": "endpoint", "node_kind": null}, "geometry": {"type": "Point", "coordinates": [348043.34375, 4680961.0]}}, {"type": "Feature", "properties": {"node_id": 770, "degree": 1, "node_type": "endpoint", "node_kind": null}, "geometry": {"type": "Point", "coordinates": [348572.40625, 4681017.0]}}, {"type": "Feature", "properties": {"node_id": 771, "degree": 1, "node_type": "endpoint", "node_kind": null}, "geometry": {"type": "Point", "coordinates": [348601.65625, 4681008.0]}}, {"type": "Feature", "properties": {"node_id": 772, "degree": 1, "node_type": "endpoint", "node_kind": null}, "geometry": {"type": "Point", "coordinates": [348377.5625, 4680432.5]}}, {"type": "Feature", "properties": {"node_id": 773, "degree": 1, "node_type": "endpoint", "node_kind": null}, "geometry": {"type": "Point", "coordinates": [348219.3125, 4680310.0]}}, {"type": "Feature", "properties": {"node_id": 774, "degree": 1, "node_type": "endpoint", "node_kind": null}, "geometry": {"type": "Point", "coordinates": [348236.09375, 4680329.0]}}, {"type": "Feature", "properties": {"node_id": 775, "degree": 1, "node_type": "endpoint", "node_kind": null}, "geometry": {"type": "Point", "coordinates": [348212.84375, 4680310.0]}}, {"type": "Feature", "properties": {"node_id": 776, "degree": 1, "node_type": "endpoint", "node_kind": null}, "geometry": {"type": "Point", "coordinates": [348315.75, 4678565.5]}}, {"type": "Feature", "properties": {"node_id": 777, "degree": 1, "node_type": "endpoint", "node_kind": null}, "geometry": {"type": "Point", "coordinates": [348218.5625, 4678566.5]}}, {"type": "Feature", "properties": {"node_id": 778, "degree": 1, "node_type": "endpoint", "node_kind": null}, "geometry": {"type": "Point", "coordinates": [349073.25, 4680920.5]}}, {"type": "Feature", "properties": {"node_id": 779, "degree": 1, "node_type": "endpoint", "node_kind": null}, "geometry": {"type": "Point", "coordinates": [348528.0, 4681029.0]}}, {"type": "Feature", "properties": {"node_id": 780, "degree": 1, "node_type": "endpoint", "node_kind": null}, "geometry": {"type": "Point", "coordinates": [348891.59375, 4680964.0]}}, {"type": "Feature", "properties": {"node_id": 781, "degree": 1, "node_type": "endpoint", "node_kind": null}, "geometry": {"type": "Point", "coordinates": [348759.3125, 4680971.5]}}, {"type": "Feature", "properties": {"node_id": 782, "degree": 1, "node_type": "endpoint", "node_kind": null}, "geometry": {"type": "Point", "coordinates": [349074.75, 4680923.5]}}, {"type": "Feature", "properties": {"node_id": 783, "degree": 1, "node_type": "endpoint", "node_kind": null}, "geometry": {"type": "Point", "coordinates": [348921.75, 4680967.5]}}, {"type": "Feature", "properties": {"node_id": 784, "degree": 1, "node_type": "endpoint", "node_kind": null}, "geometry": {"type": "Point", "coordinates": [348931.8125, 4680969.0]}}, {"type": "Feature", "properties": {"node_id": 785, "degree": 1, "node_type": "endpoint", "node_kind": null}, "geometry": {"type": "Point", "coordinates": [348961.9375, 4680965.5]}}, {"type": "Feature", "properties": {"node_id": 786, "degree": 1, "node_type": "endpoint", "node_kind": null}, "geometry": {"type": "Point", "coordinates": [348760.34375, 4680630.5]}}, {"type": "Feature", "properties": {"node_id": 787, "degree": 1, "node_type": "endpoint", "node_kind": null}, "geometry": {"type": "Point", "coordinates": [348781.5, 4680629.5]}}, {"type": "Feature", "properties": {"node_id": 788, "degree": 1, "node_type": "endpoint", "node_kind": null}, "geometry": {"type": "Point", "coordinates": [349075.8125, 4680925.5]}}, {"type": "Feature", "properties": {"node_id": 789, "degree": 1, "node_type": "endpoint", "node_kind": null}, "geometry": {"type": "Point", "coordinates": [349027.9375, 4680949.0]}}, {"type": "Feature", "properties": {"node_id": 790, "degree": 1, "node_type": "endpoint", "node_kind": null}, "geometry": {"type": "Point", "coordinates": [349140.75, 4680882.0]}}, {"type": "Feature", "properties": {"node_id": 791, "degree": 1, "node_type": "endpoint", "node_kind": null}, "geometry": {"type": "Point", "coordinates": [349292.40625, 4680827.5]}}, {"type": "Feature", "properties": {"node_id": 792, "degree": 1, "node_type": "endpoint", "node_kind": null}, "geometry": {"type": "Point", "coordinates": [349219.65625, 4680661.5]}}, {"type": "Feature", "properties": {"node_id": 793, "degree": 1, "node_type": "endpoint", "node_kind": null}, "geometry": {"type": "Point", "coordinates": [349321.9375, 4680649.5]}}, {"type": "Feature", "properties": {"node_id": 794, "degree": 1, "node_type": "endpoint", "node_kind": null}, "geometry": {"type": "Point", "coordinates": [349293.0, 4680830.0]}}, {"type": "Feature", "properties": {"node_id": 795, "degree": 1, "node_type": "endpoint", "node_kind": null}, "geometry": {"type": "Point", "coordinates": [349269.3125, 4680835.5]}}, {"type": "Feature", "properties": {"node_id": 796, "degree": 1, "node_type": "endpoint", "node_kind": null}, "geometry": {"type": "Point", "coordinates": [349462.34375, 4680665.0]}}, {"type": "Feature", "properties": {"node_id": 797, "degree": 1, "node_type": "endpoint", "node_kind": null}, "geometry": {"type": "Point", "coordinates": [349626.59375, 4680630.5]}}, {"type": "Feature", "properties": {"node_id": 798, "degree": 1, "node_type": "endpoint", "node_kind": null}, "geometry": {"type": "Point", "coordinates": [349760.25, 4677113.0]}}, {"type": "Feature", "properties": {"node_id": 799, "degree": 1, "node_type": "endpoint", "node_kind": null}, "geometry": {"type": "Point", "coordinates": [349684.34375, 4677236.5]}}, {"type": "Feature", "properties": {"node_id": 800, "degree": 1, "node_type": "endpoint", "node_kind": null}, "geometry": {"type": "Point", "coordinates": [349732.0625, 4677159.5]}}, {"type": "Feature", "properties": {"node_id": 801, "degree": 1, "node_type": "endpoint", "node_kind": null}, "geometry": {"type": "Point", "coordinates": [349878.0, 4676913.5]}}, {"type": "Feature", "properties": {"node_id": 802, "degree": 1, "node_type": "endpoint", "node_kind": null}, "geometry": {"type": "Point", "coordinates": [349945.65625, 4680587.0]}}, {"type": "Feature", "properties": {"node_id": 803, "degree": 1, "node_type": "endpoint", "node_kind": null}, "geometry": {"type": "Point", "coordinates": [350060.25, 4680572.5]}}, {"type": "Feature", "properties": {"node_id": 804, "degree": 1, "node_type": "endpoint", "node_kind": null}, "geometry": {"type": "Point", "coordinates": [350395.65625, 4680440.0]}}, {"type": "Feature", "properties": {"node_id": 805, "degree": 1, "node_type": "endpoint", "node_kind": null}, "geometry": {"type": "Point", "coordinates": [350305.9375, 4680542.5]}}, {"type": "Feature", "properties": {"node_id": 806, "degree": 1, "node_type": "endpoint", "node_kind": null}, "geometry": {"type": "Point", "coordinates": [350378.84375, 4680504.0]}}, {"type": "Feature", "properties": {"node_id": 807, "degree": 1, "node_type": "endpoint", "node_kind": null}, "geometry": {"type": "Point", "coordinates": [350451.3125, 4680355.5]}}, {"type": "Feature", "properties": {"node_id": 808, "degree": 1, "node_type": "endpoint", "node_kind": null}, "geometry": {"type": "Point", "coordinates": [350659.8125, 4680203.0]}}, {"type": "Feature", "properties": {"node_id": 809, "degree": 1, "node_type": "endpoint", "node_kind": null}, "geometry": {"type": "Point", "coordinates": [350745.75, 4680192.5]}}, {"type": "Feature", "properties": {"node_id": 810, "degree": 1, "node_type": "endpoint", "node_kind": null}, "geometry": {"type": "Point", "coordinates": [350874.75, 4680178.0]}}, {"type": "Feature", "properties": {"node_id": 811, "degree": 1, "node_type": "endpoint", "node_kind": null}, "geometry": {"type": "Point", "coordinates": [350832.15625, 4680184.5]}}, {"type": "Feature", "properties": {"node_id": 812, "degree": 1, "node_type": "endpoint", "node_kind": null}, "geometry": {"type": "Point", "coordinates": [350561.25, 4679335.0]}}, {"type": "Feature", "properties": {"node_id": 813, "degree": 1, "node_type": "endpoint", "node_kind": null}, "geometry": {"type": "Point", "coordinates": [350564.84375, 4679207.0]}}, {"type": "Feature", "properties": {"node_id": 814, "degree": 1, "node_type": "endpoint", "node_kind": null}, "geometry": {"type": "Point", "coordinates": [350997.90625, 4676283.5]}}, {"type": "Feature", "properties": {"node_id": 815, "degree": 1, "node_type": "endpoint", "node_kind": null}, "geometry": {"type": "Point", "coordinates": [350922.15625, 4676410.0]}}, {"type": "Feature", "properties": {"node_id": 816, "degree": 1, "node_type": "endpoint", "node_kind": null}, "geometry": {"type": "Point", "coordinates": [351053.5625, 4680022.5]}}, {"type": "Feature", "properties": {"node_id": 817, "degree": 1, "node_type": "endpoint", "node_kind": null}, "geometry": {"type": "Point", "coordinates": [351099.0, 4680014.5]}}, {"type": "Feature", "properties": {"node_id": 818, "degree": 1, "node_type": "endpoint", "node_kind": null}, "geometry": {"type": "Point", "coordinates": [351508.1875, 4679683.0]}}, {"type": "Feature", "properties": {"node_id": 819, "degree": 1, "node_type": "endpoint", "node_kind": null}, "geometry": {"type": "Point", "coordinates": [351533.5625, 4679662.0]}}, {"type": "Feature", "properties": {"node_id": 820, "degree": 1, "node_type": "endpoint", "node_kind": null}, "geometry": {"type": "Point", "coordinates": [351293.25, 4678562.0]}}, {"type": "Feature", "properties": {"node_id": 821, "degree": 1, "node_type": "endpoint", "node_kind": null}, "geometry": {"type": "Point", "coordinates": [351399.3125, 4678665.5]}}, {"type": "Feature", "properties": {"node_id": 822, "degree": 1, "node_type": "endpoint", "node_kind": null}, "geometry": {"type": "Point", "coordinates": [351163.8125, 4678023.5]}}, {"type": "Feature", "properties": {"node_id": 823, "degree": 1, "node_type": "endpoint", "node_kind": null}, "geometry": {"type": "Point", "coordinates": [351187.8125, 4678042.5]}}, {"type": "Feature", "properties": {"node_id": 824, "degree": 1, "node_type": "endpoint", "node_kind": null}, "geometry": {"type": "Point", "coordinates": [351573.4375, 4679637.5]}}, {"type": "Feature", "properties": {"node_id": 825, "degree": 1, "node_type": "endpoint", "node_kind": null}, "geometry": {"type": "Point", "coordinates": [351612.3125, 4679621.0]}}, {"type": "Feature", "properties": {"node_id": 826, "degree": 1, "node_type": "endpoint", "node_kind": null}, "geometry": {"type": "Point", "coordinates": [351871.0625, 4679428.0]}}, {"type": "Feature", "properties": {"node_id": 827, "degree": 1, "node_type": "endpoint", "node_kind": null}, "geometry": {"type": "Point", "coordinates": [351915.75, 4679409.5]}}, {"type": "Feature", "properties": {"node_id": 828, "degree": 1, "node_type": "endpoint", "node_kind": null}, "geometry": {"type": "Point", "coordinates": [351926.84375, 4679343.5]}}, {"type": "Feature", "properties": {"node_id": 829, "degree": 1, "node_type": "endpoint", "node_kind": null}, "geometry": {"type": "Point", "coordinates": [351933.59375, 4679374.0]}}, {"type": "Feature", "properties": {"node_id": 830, "degree": 1, "node_type": "endpoint", "node_kind": null}, "geometry": {"type": "Point", "coordinates": [351964.5, 4679222.5]}}, {"type": "Feature", "properties": {"node_id": 831, "degree": 1, "node_type": "endpoint", "node_kind": null}, "geometry": {"type": "Point", "coordinates": [351922.5, 4679296.0]}}, {"type": "Feature", "properties": {"node_id": 832, "degree": 1, "node_type": "endpoint", "node_kind": null}, "geometry": {"type": "Point", "coordinates": [351868.5, 4679114.5]}}, {"type": "Feature", "properties": {"node_id": 833, "degree": 1, "node_type": "endpoint", "node_kind": null}, "geometry": {"type": "Point", "coordinates": [351923.84375, 4679161.0]}}, {"type": "Feature", "properties": {"node_id": 834, "degree": 1, "node_type": "endpoint", "node_kind": null}, "geometry": {"type": "Point", "coordinates": [351919.1875, 4679293.0]}}, {"type": "Feature", "properties": {"node_id": 835, "degree": 1, "node_type": "endpoint", "node_kind": null}, "geometry": {"type": "Point", "coordinates": [351930.15625, 4679392.0]}}, {"type": "Feature", "properties": {"node_id": 836, "degree": 1, "node_type": "endpoint", "node_kind": null}, "geometry": {"type": "Point", "coordinates": [352120.65625, 4678446.5]}}, {"type": "Feature", "properties": {"node_id": 837, "degree": 1, "node_type": "endpoint", "node_kind": null}, "geometry": {"type": "Point", "coordinates": [352137.4375, 4678390.0]}}, {"type": "Feature", "properties": {"node_id": 838, "degree": 1, "node_type": "endpoint", "node_kind": null}, "geometry": {"type": "Point", "coordinates": [351825.15625, 4676730.5]}}, {"type": "Feature", "properties": {"node_id": 839, "degree": 1, "node_type": "endpoint", "node_kind": null}, "geometry": {"type": "Point", "coordinates": [351861.75, 4676757.5]}}, {"type": "Feature", "properties": {"node_id": 840, "degree": 1, "node_type": "endpoint", "node_kind": null}, "geometry": {"type": "Point", "coordinates": [351860.5625, 4676759.5]}}, {"type": "Feature", "properties": {"node_id": 841, "degree": 1, "node_type": "endpoint", "node_kind": null}, "geometry": {"type": "Point", "coordinates": [351823.1875, 4676732.0]}}, {"type": "Feature", "properties": {"node_id": 842, "degree": 1, "node_type": "endpoint", "node_kind": null}, "geometry": {"type": "Point", "coordinates": [321722.6875, 4679306.5]}}, {"type": "Feature", "properties": {"node_id": 843, "degree": 1, "node_type": "endpoint", "node_kind": null}, "geometry": {"type": "Point", "coordinates": [321580.5, 4679246.0]}}, {"type": "Feature", "properties": {"node_id": 844, "degree": 2, "node_type": "endpoint", "node_kind": null}, "geometry": {"type": "Point", "coordinates": [322107.90625, 4679208.5]}}, {"type": "Feature", "properties": {"node_id": 845, "degree": 1, "node_type": "endpoint", "node_kind": null}, "geometry": {"type": "Point", "coordinates": [321520.8125, 4679230.5]}}, {"type": "Feature", "properties": {"node_id": 846, "degree": 1, "node_type": "endpoint", "node_kind": null}, "geometry": {"type": "Point", "coordinates": [322035.0, 4679248.5]}}, {"type": "Feature", "properties": {"node_id": 847, "degree": 1, "node_type": "endpoint", "node_kind": null}, "geometry": {"type": "Point", "coordinates": [321761.40625, 4695131.5]}}, {"type": "Feature", "properties": {"node_id": 848, "degree": 1, "node_type": "endpoint", "node_kind": null}, "geometry": {"type": "Point", "coordinates": [321778.0625, 4694966.5]}}, {"type": "Feature", "properties": {"node_id": 849, "degree": 1, "node_type": "endpoint", "node_kind": null}, "geometry": {"type": "Point", "coordinates": [321780.15625, 4695116.5]}}, {"type": "Feature", "properties": {"node_id": 850, "degree": 1, "node_type": "endpoint", "node_kind": null}, "geometry": {"type": "Point", "coordinates": [321765.59375, 4694921.5]}}, {"type": "Feature", "properties": {"node_id": 851, "degree": 1, "node_type": "endpoint", "node_kind": null}, "geometry": {"type": "Point", "coordinates": [321759.90625, 4693304.5]}}, {"type": "Feature", "properties": {"node_id": 852, "degree": 1, "node_type": "endpoint", "node_kind": null}, "geometry": {"type": "Point", "coordinates": [321783.75, 4693411.5]}}, {"type": "Feature", "properties": {"node_id": 853, "degree": 1, "node_type": "endpoint", "node_kind": null}, "geometry": {"type": "Point", "coordinates": [321774.0, 4693385.5]}}, {"type": "Feature", "properties": {"node_id": 854, "degree": 1, "node_type": "endpoint", "node_kind": null}, "geometry": {"type": "Point", "coordinates": [321765.3125, 4693345.0]}}, {"type": "Feature", "properties": {"node_id": 855, "degree": 1, "node_type": "endpoint", "node_kind": null}, "geometry": {"type": "Point", "coordinates": [321674.5625, 4692932.0]}}, {"type": "Feature", "properties": {"node_id": 856, "degree": 1, "node_type": "endpoint", "node_kind": null}, "geometry": {"type": "Point", "coordinates": [321689.09375, 4692999.5]}}, {"type": "Feature", "properties": {"node_id": 857, "degree": 1, "node_type": "endpoint", "node_kind": null}, "geometry": {"type": "Point", "coordinates": [321650.6875, 4692778.0]}}, {"type": "Feature", "properties": {"node_id": 858, "degree": 1, "node_type": "endpoint", "node_kind": null}, "geometry": {"type": "Point", "coordinates": [321657.15625, 4692847.0]}}, {"type": "Feature", "properties": {"node_id": 859, "degree": 1, "node_type": "endpoint", "node_kind": null}, "geometry": {"type": "Point", "coordinates": [321672.4375, 4692898.5]}}, {"type": "Feature", "properties": {"node_id": 860, "degree": 1, "node_type": "endpoint", "node_kind": null}, "geometry": {"type": "Point", "coordinates": [321703.1875, 4693040.5]}}, {"type": "Feature", "properties": {"node_id": 861, "degree": 2, "node_type": "endpoint", "node_kind": null}, "geometry": {"type": "Point", "coordinates": [322135.1875, 4692343.0]}}, {"type": "Feature", "properties": {"node_id": 862, "degree": 1, "node_type": "endpoint", "node_kind": null}, "geometry": {"type": "Point", "coordinates": [322061.25, 4692356.0]}}, {"type": "Feature", "properties": {"node_id": 863, "degree": 1, "node_type": "endpoint", "node_kind": null}, "geometry": {"type": "Point", "coordinates": [321948.59375, 4692379.0]}}, {"type": "Feature", "properties": {"node_id": 864, "degree": 1, "node_type": "endpoint", "node_kind": null}, "geometry": {"type": "Point", "coordinates": [321909.90625, 4692385.5]}}, {"type": "Feature", "properties": {"node_id": 865, "degree": 1, "node_type": "endpoint", "node_kind": null}, "geometry": {"type": "Point", "coordinates": [321583.9375, 4692452.5]}}, {"type": "Feature", "properties": {"node_id": 866, "degree": 1, "node_type": "endpoint", "node_kind": null}, "geometry": {"type": "Point", "coordinates": [321777.4375, 4692424.0]}}, {"type": "Feature", "properties": {"node_id": 867, "degree": 1, "node_type": "endpoint", "node_kind": null}, "geometry": {"type": "Point", "coordinates": [321582.90625, 4692236.5]}}, {"type": "Feature", "properties": {"node_id": 868, "degree": 1, "node_type": "endpoint", "node_kind": null}, "geometry": {"type": "Point", "coordinates": [321696.0, 4692086.5]}}, {"type": "Feature", "properties": {"node_id": 869, "degree": 1, "node_type": "endpoint", "node_kind": null}, "geometry": {"type": "Point", "coordinates": [321974.25, 4692389.5]}}, {"type": "Feature", "properties": {"node_id": 870, "degree": 1, "node_type": "endpoint", "node_kind": null}, "geometry": {"type": "Point", "coordinates": [322013.40625, 4692382.5]}}, {"type": "Feature", "properties": {"node_id": 871, "degree": 1, "node_type": "endpoint", "node_kind": null}, "geometry": {"type": "Point", "coordinates": [321584.25, 4692238.0]}}, {"type": "Feature", "properties": {"node_id": 872, "degree": 1, "node_type": "endpoint", "node_kind": null}, "geometry": {"type": "Point", "coordinates": [321698.25, 4692086.5]}}, {"type": "Feature", "properties": {"node_id": 873, "degree": 1, "node_type": "endpoint", "node_kind": null}, "geometry": {"type": "Point", "coordinates": [321624.59375, 4692198.5]}}, {"type": "Feature", "properties": {"node_id": 874, "degree": 1, "node_type": "endpoint", "node_kind": null}, "geometry": {"type": "Point", "coordinates": [321700.9375, 4692086.5]}}, {"type": "Feature", "properties": {"node_id": 875, "degree": 1, "node_type": "endpoint", "node_kind": null}, "geometry": {"type": "Point", "coordinates": [321723.59375, 4697234.5]}}, {"type": "Feature", "properties": {"node_id": 876, "degree": 1, "node_type": "endpoint", "node_kind": null}, "geometry": {"type": "Point", "coordinates": [321807.59375, 4697198.0]}}, {"type": "Feature", "properties": {"node_id": 877, "degree": 1, "node_type": "endpoint", "node_kind": null}, "geometry": {"type": "Point", "coordinates": [322154.40625, 4696743.0]}}, {"type": "Feature", "properties": {"node_id": 878, "degree": 1, "node_type": "endpoint", "node_kind": null}, "geometry": {"type": "Point", "coordinates": [322137.4375, 4696728.5]}}, {"type": "Feature", "properties": {"node_id": 879, "degree": 1, "node_type": "endpoint", "node_kind": null}, "geometry": {"type": "Point", "coordinates": [322156.0625, 4696741.0]}}, {"type": "Feature", "properties": {"node_id": 880, "degree": 1, "node_type": "endpoint", "node_kind": null}, "geometry": {"type": "Point", "coordinates": [321987.75, 4696597.0]}}, {"type": "Feature", "properties": {"node_id": 881, "degree": 1, "node_type": "endpoint", "node_kind": null}, "geometry": {"type": "Point", "coordinates": [322151.6875, 4696993.5]}}, {"type": "Feature", "properties": {"node_id": 882, "degree": 1, "node_type": "endpoint", "node_kind": null}, "geometry": {"type": "Point", "coordinates": [321970.34375, 4697067.5]}}, {"type": "Feature", "properties": {"node_id": 883, "degree": 1, "node_type": "endpoint", "node_kind": null}, "geometry": {"type": "Point", "coordinates": [321799.8125, 4696805.0]}}, {"type": "Feature", "properties": {"node_id": 884, "degree": 1, "node_type": "endpoint", "node_kind": null}, "geometry": {"type": "Point", "coordinates": [321735.15625, 4696899.0]}}, {"type": "Feature", "properties": {"node_id": 885, "degree": 1, "node_type": "endpoint", "node_kind": null}, "geometry": {"type": "Point", "coordinates": [321708.59375, 4692093.5]}}, {"type": "Feature", "properties": {"node_id": 886, "degree": 1, "node_type": "endpoint", "node_kind": null}, "geometry": {"type": "Point", "coordinates": [321669.90625, 4692147.0]}}, {"type": "Feature", "properties": {"node_id": 887, "degree": 1, "node_type": "endpoint", "node_kind": null}, "geometry": {"type": "Point", "coordinates": [322026.3125, 4691866.5]}}, {"type": "Feature", "properties": {"node_id": 888, "degree": 1, "node_type": "endpoint", "node_kind": null}, "geometry": {"type": "Point", "coordinates": [321843.0, 4691988.0]}}, {"type": "Feature", "properties": {"node_id": 889, "degree": 1, "node_type": "endpoint", "node_kind": null}, "geometry": {"type": "Point", "coordinates": [321985.5, 4691968.5]}}, {"type": "Feature", "properties": {"node_id": 890, "degree": 1, "node_type": "endpoint", "node_kind": null}, "geometry": {"type": "Point", "coordinates": [321955.1875, 4691951.5]}}, {"type": "Feature", "properties": {"node_id": 891, "degree": 1, "node_type": "endpoint", "node_kind": null}, "geometry": {"type": "Point", "coordinates": [321914.25, 4691956.0]}}, {"type": "Feature", "properties": {"node_id": 892, "degree": 1, "node_type": "endpoint", "node_kind": null}, "geometry": {"type": "Point", "coordinates": [321773.25, 4692047.0]}}, {"type": "Feature", "properties": {"node_id": 893, "degree": 1, "node_type": "endpoint", "node_kind": null}, "geometry": {"type": "Point", "coordinates": [322132.65625, 4691224.0]}}, {"type": "Feature", "properties": {"node_id": 894, "degree": 1, "node_type": "endpoint", "node_kind": null}, "geometry": {"type": "Point", "coordinates": [322345.65625, 4691384.0]}}, {"type": "Feature", "properties": {"node_id": 895, "degree": 1, "node_type": "endpoint", "node_kind": null}, "geometry": {"type": "Point", "coordinates": [322151.84375, 4691247.0]}}, {"type": "Feature", "properties": {"node_id": 896, "degree": 1, "node_type": "endpoint", "node_kind": null}, "geometry": {"type": "Point", "coordinates": [322072.9375, 4691189.0]}}, {"type": "Feature", "properties": {"node_id": 897, "degree": 1, "node_type": "endpoint", "node_kind": null}, "geometry": {"type": "Point", "coordinates": [322126.5, 4691232.5]}}, {"type": "Feature", "properties": {"node_id": 898, "degree": 1, "node_type": "endpoint", "node_kind": null}, "geometry": {"type": "Point", "coordinates": [322207.8125, 4691313.5]}}, {"type": "Feature", "properties": {"node_id": 899, "degree": 1, "node_type": "endpoint", "node_kind": null}, "geometry": {"type": "Point", "coordinates": [321881.09375, 4690786.5]}}, {"type": "Feature", "properties": {"node_id": 900, "degree": 1, "node_type": "endpoint", "node_kind": null}, "geometry": {"type": "Point", "coordinates": [321824.84375, 4690796.5]}}, {"type": "Feature", "properties": {"node_id": 901, "degree": 1, "node_type": "endpoint", "node_kind": null}, "geometry": {"type": "Point", "coordinates": [321994.65625, 4690787.0]}}, {"type": "Feature", "properties": {"node_id": 902, "degree": 1, "node_type": "endpoint", "node_kind": null}, "geometry": {"type": "Point", "coordinates": [322027.65625, 4690784.0]}}, {"type": "Feature", "properties": {"node_id": 903, "degree": 1, "node_type": "endpoint", "node_kind": null}, "geometry": {"type": "Point", "coordinates": [322031.25, 4690776.5]}}, {"type": "Feature", "properties": {"node_id": 904, "degree": 1, "node_type": "endpoint", "node_kind": null}, "geometry": {"type": "Point", "coordinates": [321826.1875, 4690799.5]}}, {"type": "Feature", "properties": {"node_id": 905, "degree": 1, "node_type": "endpoint", "node_kind": null}, "geometry": {"type": "Point", "coordinates": [321670.65625, 4689797.5]}}, {"type": "Feature", "properties": {"node_id": 906, "degree": 1, "node_type": "endpoint", "node_kind": null}, "geometry": {"type": "Point", "coordinates": [321887.6875, 4689790.0]}}, {"type": "Feature", "properties": {"node_id": 907, "degree": 2, "node_type": "endpoint", "node_kind": null}, "geometry": {"type": "Point", "coordinates": [322112.5625, 4689792.0]}}, {"type": "Feature", "properties": {"node_id": 908, "degree": 1, "node_type": "endpoint", "node_kind": null}, "geometry": {"type": "Point", "coordinates": [322170.15625, 4689778.0]}}, {"type": "Feature", "properties": {"node_id": 909, "degree": 1, "node_type": "endpoint", "node_kind": null}, "geometry": {"type": "Point", "coordinates": [321984.15625, 4689808.0]}}, {"type": "Feature", "properties": {"node_id": 910, "degree": 2, "node_type": "endpoint", "node_kind": null}, "geometry": {"type": "Point", "coordinates": [322078.1875, 4689798.5]}}, {"type": "Feature", "properties": {"node_id": 911, "degree": 1, "node_type": "endpoint", "node_kind": null}, "geometry": {"type": "Point", "coordinates": [321734.09375, 4689821.0]}}, {"type": "Feature", "properties": {"node_id": 912, "degree": 1, "node_type": "endpoint", "node_kind": null}, "geometry": {"type": "Point", "coordinates": [321898.9375, 4689813.0]}}, {"type": "Feature", "properties": {"node_id": 913, "degree": 1, "node_type": "endpoint", "node_kind": null}, "geometry": {"type": "Point", "coordinates": [321816.90625, 4689820.0]}}, {"type": "Feature", "properties": {"node_id": 914, "degree": 1, "node_type": "endpoint", "node_kind": null}, "geometry": {"type": "Point", "coordinates": [321899.25, 4689814.5]}}, {"type": "Feature", "properties": {"node_id": 915, "degree": 1, "node_type": "endpoint", "node_kind": null}, "geometry": {"type": "Point", "coordinates": [322036.0625, 4689040.5]}}, {"type": "Feature", "properties": {"node_id": 916, "degree": 1, "node_type": "endpoint", "node_kind": null}, "geometry": {"type": "Point", "coordinates": [321845.40625, 4689127.0]}}, {"type": "Feature", "properties": {"node_id": 917, "degree": 1, "node_type": "endpoint", "node_kind": null}, "geometry": {"type": "Point", "coordinates": [321681.75, 4689109.5]}}, {"type": "Feature", "properties": {"node_id": 918, "degree": 1, "node_type": "endpoint", "node_kind": null}, "geometry": {"type": "Point", "coordinates": [321782.09375, 4689123.0]}}, {"type": "Feature", "properties": {"node_id": 919, "degree": 1, "node_type": "endpoint", "node_kind": null}, "geometry": {"type": "Point", "coordinates": [321672.4375, 4689098.5]}}, {"type": "Feature", "properties": {"node_id": 920, "degree": 1, "node_type": "endpoint", "node_kind": null}, "geometry": {"type": "Point", "coordinates": [321751.1875, 4689108.5]}}, {"type": "Feature", "properties": {"node_id": 921, "degree": 1, "node_type": "endpoint", "node_kind": null}, "geometry": {"type": "Point", "coordinates": [322090.1875, 4688983.0]}}, {"type": "Feature", "properties": {"node_id": 922, "degree": 1, "node_type": "endpoint", "node_kind": null}, "geometry": {"type": "Point", "coordinates": [321955.1875, 4689084.0]}}, {"type": "Feature", "properties": {"node_id": 923, "degree": 1, "node_type": "endpoint", "node_kind": null}, "geometry": {"type": "Point", "coordinates": [322178.84375, 4688883.5]}}, {"type": "Feature", "properties": {"node_id": 924, "degree": 1, "node_type": "endpoint", "node_kind": null}, "geometry": {"type": "Point", "coordinates": [322086.15625, 4689000.0]}}, {"type": "Feature", "properties": {"node_id": 925, "degree": 1, "node_type": "endpoint", "node_kind": null}, "geometry": {"type": "Point", "coordinates": [322179.3125, 4688884.5]}}, {"type": "Feature", "properties": {"node_id": 926, "degree": 1, "node_type": "endpoint", "node_kind": null}, "geometry": {"type": "Point", "coordinates": [322089.75, 4688998.0]}}, {"type": "Feature", "properties": {"node_id": 927, "degree": 1, "node_type": "endpoint", "node_kind": null}, "geometry": {"type": "Point", "coordinates": [321735.4375, 4687481.0]}}, {"type": "Feature", "properties": {"node_id": 928, "degree": 1, "node_type": "endpoint", "node_kind": null}, "geometry": {"type": "Point", "coordinates": [321765.75, 4687775.0]}}, {"type": "Feature", "properties": {"node_id": 929, "degree": 1, "node_type": "endpoint", "node_kind": null}, "geometry": {"type": "Point", "coordinates": [322104.59375, 4684860.0]}}, {"type": "Feature", "properties": {"node_id": 930, "degree": 1, "node_type": "endpoint", "node_kind": null}, "geometry": {"type": "Point", "coordinates": [322043.6875, 4684831.0]}}, {"type": "Feature", "properties": {"node_id": 931, "degree": 1, "node_type": "endpoint", "node_kind": null}, "geometry": {"type": "Point", "coordinates": [322123.34375, 4684836.5]}}, {"type": "Feature", "properties": {"node_id": 932, "degree": 1, "node_type": "endpoint", "node_kind": null}, "geometry": {"type": "Point", "coordinates": [322046.6875, 4684800.5]}}, {"type": "Feature", "properties": {"node_id": 933, "degree": 1, "node_type": "endpoint", "node_kind": null}, "geometry": {"type": "Point", "coordinates": [321942.3125, 4684764.5]}}, {"type": "Feature", "properties": {"node_id": 934, "degree": 1, "node_type": "endpoint", "node_kind": null}, "geometry": {"type": "Point", "coordinates": [321855.3125, 4684711.0]}}, {"type": "Feature", "properties": {"node_id": 935, "degree": 1, "node_type": "endpoint", "node_kind": null}, "geometry": {"type": "Point", "coordinates": [321854.40625, 4684713.5]}}, {"type": "Feature", "properties": {"node_id": 936, "degree": 1, "node_type": "endpoint", "node_kind": null}, "geometry": {"type": "Point", "coordinates": [321941.09375, 4684767.0]}}, {"type": "Feature", "properties": {"node_id": 937, "degree": 1, "node_type": "endpoint", "node_kind": null}, "geometry": {"type": "Point", "coordinates": [322150.34375, 4684872.5]}}, {"type": "Feature", "properties": {"node_id": 938, "degree": 1, "node_type": "endpoint", "node_kind": null}, "geometry": {"type": "Point", "coordinates": [322169.84375, 4684875.5]}}, {"type": "Feature", "properties": {"node_id": 939, "degree": 1, "node_type": "endpoint", "node_kind": null}, "geometry": {"type": "Point", "coordinates": [322173.3125, 4683643.0]}}, {"type": "Feature", "properties": {"node_id": 940, "degree": 1, "node_type": "endpoint", "node_kind": null}, "geometry": {"type": "Point", "coordinates": [322180.0625, 4683662.0]}}, {"type": "Feature", "properties": {"node_id": 941, "degree": 1, "node_type": "endpoint", "node_kind": null}, "geometry": {"type": "Point", "coordinates": [321925.1875, 4682952.5]}}, {"type": "Feature", "properties": {"node_id": 942, "degree": 1, "node_type": "endpoint", "node_kind": null}, "geometry": {"type": "Point", "coordinates": [321907.8125, 4682922.5]}}, {"type": "Feature", "properties": {"node_id": 943, "degree": 1, "node_type": "endpoint", "node_kind": null}, "geometry": {"type": "Point", "coordinates": [322105.1875, 4683404.5]}}, {"type": "Feature", "properties": {"node_id": 944, "degree": 1, "node_type": "endpoint", "node_kind": null}, "geometry": {"type": "Point", "coordinates": [322092.15625, 4683376.0]}}, {"type": "Feature", "properties": {"node_id": 945, "degree": 1, "node_type": "endpoint", "node_kind": null}, "geometry": {"type": "Point", "coordinates": [322056.90625, 4683227.0]}}, {"type": "Feature", "properties": {"node_id": 946, "degree": 1, "node_type": "endpoint", "node_kind": null}, "geometry": {"type": "Point", "coordinates": [322055.25, 4683207.0]}}, {"type": "Feature", "properties": {"node_id": 947, "degree": 1, "node_type": "endpoint", "node_kind": null}, "geometry": {"type": "Point", "coordinates": [322126.65625, 4683410.5]}}, {"type": "Feature", "properties": {"node_id": 948, "degree": 1, "node_type": "endpoint", "node_kind": null}, "geometry": {"type": "Point", "coordinates": [322063.0625, 4683242.5]}}, {"type": "Feature", "properties": {"node_id": 949, "degree": 1, "node_type": "endpoint", "node_kind": null}, "geometry": {"type": "Point", "coordinates": [322114.0625, 4683418.0]}}, {"type": "Feature", "properties": {"node_id": 950, "degree": 1, "node_type": "endpoint", "node_kind": null}, "geometry": {"type": "Point", "coordinates": [322092.90625, 4683373.0]}}, {"type": "Feature", "properties": {"node_id": 951, "degree": 1, "node_type": "endpoint", "node_kind": null}, "geometry": {"type": "Point", "coordinates": [354279.90625, 4677380.5]}}, {"type": "Feature", "properties": {"node_id": 952, "degree": 1, "node_type": "endpoint", "node_kind": null}, "geometry": {"type": "Point", "coordinates": [354297.75, 4677349.0]}}, {"type": "Feature", "properties": {"node_id": 953, "degree": 1, "node_type": "endpoint", "node_kind": null}, "geometry": {"type": "Point", "coordinates": [322331.84375, 4695950.0]}}, {"type": "Feature", "properties": {"node_id": 954, "degree": 1, "node_type": "endpoint", "node_kind": null}, "geometry": {"type": "Point", "coordinates": [322323.3125, 4695993.5]}}, {"type": "Feature", "properties": {"node_id": 955, "degree": 1, "node_type": "endpoint", "node_kind": null}, "geometry": {"type": "Point", "coordinates": [322150.0625, 4696244.5]}}, {"type": "Feature", "properties": {"node_id": 956, "degree": 1, "node_type": "endpoint", "node_kind": null}, "geometry": {"type": "Point", "coordinates": [322317.4375, 4696005.5]}}, {"type": "Feature", "properties": {"node_id": 957, "degree": 1, "node_type": "endpoint", "node_kind": null}, "geometry": {"type": "Point", "coordinates": [322591.8125, 4678875.5]}}, {"type": "Feature", "properties": {"node_id": 958, "degree": 1, "node_type": "endpoint", "node_kind": null}, "geometry": {"type": "Point", "coordinates": [322322.25, 4679060.5]}}, {"type": "Feature", "properties": {"node_id": 959, "degree": 1, "node_type": "endpoint", "node_kind": null}, "geometry": {"type": "Point", "coordinates": [322319.84375, 4679058.0]}}, {"type": "Feature", "properties": {"node_id": 960, "degree": 1, "node_type": "endpoint", "node_kind": null}, "geometry": {"type": "Point", "coordinates": [322436.5625, 4678978.0]}}, {"type": "Feature", "properties": {"node_id": 961, "degree": 1, "node_type": "endpoint", "node_kind": null}, "geometry": {"type": "Point", "coordinates": [322277.40625, 4677491.5]}}, {"type": "Feature", "properties": {"node_id": 962, "degree": 1, "node_type": "endpoint", "node_kind": null}, "geometry": {"type": "Point", "coordinates": [322370.25, 4677446.5]}}, {"type": "Feature", "properties": {"node_id": 963, "degree": 1, "node_type": "endpoint", "node_kind": null}, "geometry": {"type": "Point", "coordinates": [322507.9375, 4677454.5]}}, {"type": "Feature", "properties": {"node_id": 964, "degree": 1, "node_type": "endpoint", "node_kind": null}, "geometry": {"type": "Point", "coordinates": [322474.8125, 4677443.5]}}, {"type": "Feature", "properties": {"node_id": 965, "degree": 1, "node_type": "endpoint", "node_kind": null}, "geometry": {"type": "Point", "coordinates": [322275.15625, 4695462.5]}}, {"type": "Feature", "properties": {"node_id": 966, "degree": 1, "node_type": "endpoint", "node_kind": null}, "geometry": {"type": "Point", "coordinates": [322185.59375, 4695489.0]}}, {"type": "Feature", "properties": {"node_id": 967, "degree": 1, "node_type": "endpoint", "node_kind": null}, "geometry": {"type": "Point", "coordinates": [322344.3125, 4695454.0]}}, {"type": "Feature", "properties": {"node_id": 968, "degree": 1, "node_type": "endpoint", "node_kind": null}, "geometry": {"type": "Point", "coordinates": [322238.09375, 4695480.5]}}, {"type": "Feature", "properties": {"node_id": 969, "degree": 1, "node_type": "endpoint", "node_kind": null}, "geometry": {"type": "Point", "coordinates": [322841.6875, 4695365.0]}}, {"type": "Feature", "properties": {"node_id": 970, "degree": 1, "node_type": "endpoint", "node_kind": null}, "geometry": {"type": "Point", "coordinates": [322717.34375, 4695389.5]}}, {"type": "Feature", "properties": {"node_id": 971, "degree": 1, "node_type": "endpoint", "node_kind": null}, "geometry": {"type": "Point", "coordinates": [322399.9375, 4694449.5]}}, {"type": "Feature", "properties": {"node_id": 972, "degree": 1, "node_type": "endpoint", "node_kind": null}, "geometry": {"type": "Point", "coordinates": [322378.5, 4694459.5]}}, {"type": "Feature", "properties": {"node_id": 973, "degree": 1, "node_type": "endpoint", "node_kind": null}, "geometry": {"type": "Point", "coordinates": [322717.5, 4694277.5]}}, {"type": "Feature", "properties": {"node_id": 974, "degree": 1, "node_type": "endpoint", "node_kind": null}, "geometry": {"type": "Point", "coordinates": [322691.6875, 4694289.0]}}, {"type": "Feature", "properties": {"node_id": 975, "degree": 1, "node_type": "endpoint", "node_kind": null}, "geometry": {"type": "Point", "coordinates": [322461.75, 4693733.0]}}, {"type": "Feature", "properties": {"node_id": 976, "degree": 1, "node_type": "endpoint", "node_kind": null}, "geometry": {"type": "Point", "coordinates": [322497.4375, 4693715.5]}}, {"type": "Feature", "properties": {"node_id": 977, "degree": 1, "node_type": "endpoint", "node_kind": null}, "geometry": {"type": "Point", "coordinates": [322678.1875, 4693664.0]}}, {"type": "Feature", "properties": {"node_id": 978, "degree": 1, "node_type": "endpoint", "node_kind": null}, "geometry": {"type": "Point", "coordinates": [322626.59375, 4693673.0]}}, {"type": "Feature", "properties": {"node_id": 979, "degree": 1, "node_type": "endpoint", "node_kind": null}, "geometry": {"type": "Point", "coordinates": [322460.6875, 4693731.0]}}, {"type": "Feature", "properties": {"node_id": 980, "degree": 1, "node_type": "endpoint", "node_kind": null}, "geometry": {"type": "Point", "coordinates": [322496.84375, 4693714.0]}}, {"type": "Feature", "properties": {"node_id": 981, "degree": 1, "node_type": "endpoint", "node_kind": null}, "geometry": {"type": "Point", "coordinates": [322758.4375, 4693651.0]}}, {"type": "Feature", "properties": {"node_id": 982, "degree": 1, "node_type": "endpoint", "node_kind": null}, "geometry": {"type": "Point", "coordinates": [322733.5625, 4693655.0]}}, {"type": "Feature", "properties": {"node_id": 983, "degree": 1, "node_type": "endpoint", "node_kind": null}, "geometry": {"type": "Point", "coordinates": [322758.75, 4693663.5]}}, {"type": "Feature", "properties": {"node_id": 984, "degree": 1, "node_type": "endpoint", "node_kind": null}, "geometry": {"type": "Point", "coordinates": [322608.0, 4693686.5]}}, {"type": "Feature", "properties": {"node_id": 985, "degree": 1, "node_type": "endpoint", "node_kind": null}, "geometry": {"type": "Point", "coordinates": [322490.25, 4693187.5]}}, {"type": "Feature", "properties": {"node_id": 986, "degree": 1, "node_type": "endpoint", "node_kind": null}, "geometry": {"type": "Point", "coordinates": [322486.9375, 4692922.0]}}, {"type": "Feature", "properties": {"node_id": 987, "degree": 1, "node_type": "endpoint", "node_kind": null}, "geometry": {"type": "Point", "coordinates": [322498.5, 4692842.5]}}, {"type": "Feature", "properties": {"node_id": 988, "degree": 1, "node_type": "endpoint", "node_kind": null}, "geometry": {"type": "Point", "coordinates": [322503.0, 4692818.5]}}, {"type": "Feature", "properties": {"node_id": 989, "degree": 1, "node_type": "endpoint", "node_kind": null}, "geometry": {"type": "Point", "coordinates": [322496.09375, 4693192.5]}}, {"type": "Feature", "properties": {"node_id": 990, "degree": 1, "node_type": "endpoint", "node_kind": null}, "geometry": {"type": "Point", "coordinates": [322499.6875, 4692890.0]}}, {"type": "Feature", "properties": {"node_id": 991, "degree": 1, "node_type": "endpoint", "node_kind": null}, "geometry": {"type": "Point", "coordinates": [322514.25, 4692806.0]}}, {"type": "Feature", "properties": {"node_id": 992, "degree": 1, "node_type": "endpoint", "node_kind": null}, "geometry": {"type": "Point", "coordinates": [322564.8125, 4692533.0]}}, {"type": "Feature", "properties": {"node_id": 993, "degree": 1, "node_type": "endpoint", "node_kind": null}, "geometry": {"type": "Point", "coordinates": [322529.6875, 4692699.5]}}, {"type": "Feature", "properties": {"node_id": 994, "degree": 1, "node_type": "endpoint", "node_kind": null}, "geometry": {"type": "Point", "coordinates": [322618.65625, 4692363.0]}}, {"type": "Feature", "properties": {"node_id": 995, "degree": 2, "node_type": "endpoint", "node_kind": null}, "geometry": {"type": "Point", "coordinates": [322632.15625, 4692274.0]}}, {"type": "Feature", "properties": {"node_id": 996, "degree": 1, "node_type": "endpoint", "node_kind": null}, "geometry": {"type": "Point", "coordinates": [322536.4375, 4692290.5]}}, {"type": "Feature", "properties": {"node_id": 997, "degree": 1, "node_type": "endpoint", "node_kind": null}, "geometry": {"type": "Point", "coordinates": [322316.25, 4692311.0]}}, {"type": "Feature", "properties": {"node_id": 998, "degree": 2, "node_type": "endpoint", "node_kind": null}, "geometry": {"type": "Point", "coordinates": [322184.09375, 4692334.5]}}, {"type": "Feature", "properties": {"node_id": 999, "degree": 1, "node_type": "endpoint", "node_kind": null}, "geometry": {"type": "Point", "coordinates": [322638.90625, 4692345.0]}}, {"type": "Feature", "properties": {"node_id": 1000, "degree": 1, "node_type": "endpoint", "node_kind": null}, "geometry": {"type": "Point", "coordinates": [322649.25, 4692320.5]}}, {"type": "Feature", "properties": {"node_id": 1001, "degree": 1, "node_type": "endpoint", "node_kind": null}, "geometry": {"type": "Point", "coordinates": [322607.09375, 4692417.0]}}, {"type": "Feature", "properties": {"node_id": 1002, "degree": 1, "node_type": "endpoint", "node_kind": null}, "geometry": {"type": "Point", "coordinates": [322591.9375, 4692453.0]}}, {"type": "Feature", "properties": {"node_id": 1003, "degree": 1, "node_type": "endpoint", "node_kind": null}, "geometry": {"type": "Point", "coordinates": [322741.9375, 4692343.0]}}, {"type": "Feature", "properties": {"node_id": 1004, "degree": 1, "node_type": "endpoint", "node_kind": null}, "geometry": {"type": "Point", "coordinates": [322773.15625, 4692375.0]}}, {"type": "Feature", "properties": {"node_id": 1005, "degree": 1, "node_type": "endpoint", "node_kind": null}, "geometry": {"type": "Point", "coordinates": [322360.8125, 4692321.5]}}, {"type": "Feature", "properties": {"node_id": 1006, "degree": 1, "node_type": "endpoint", "node_kind": null}, "geometry": {"type": "Point", "coordinates": [322428.75, 4692310.0]}}, {"type": "Feature", "properties": {"node_id": 1007, "degree": 1, "node_type": "endpoint", "node_kind": null}, "geometry": {"type": "Point", "coordinates": [322497.59375, 4696730.5]}}, {"type": "Feature", "properties": {"node_id": 1008, "degree": 1, "node_type": "endpoint", "node_kind": null}, "geometry": {"type": "Point", "coordinates": [322473.4375, 4696728.0]}}, {"type": "Feature", "properties": {"node_id": 1009, "degree": 1, "node_type": "endpoint", "node_kind": null}, "geometry": {"type": "Point", "coordinates": [322757.5625, 4696774.0]}}, {"type": "Feature", "properties": {"node_id": 1010, "degree": 1, "node_type": "endpoint", "node_kind": null}, "geometry": {"type": "Point", "coordinates": [322699.65625, 4696759.5]}}, {"type": "Feature", "properties": {"node_id": 1011, "degree": 1, "node_type": "endpoint", "node_kind": null}, "geometry": {"type": "Point", "coordinates": [322690.1875, 4696749.0]}}, {"type": "Feature", "properties": {"node_id": 1012, "degree": 1, "node_type": "endpoint", "node_kind": null}, "geometry": {"type": "Point", "coordinates": [322710.59375, 4696754.0]}}, {"type": "Feature", "properties": {"node_id": 1013, "degree": 1, "node_type": "endpoint", "node_kind": null}, "geometry": {"type": "Point", "coordinates": [322801.8125, 4691640.5]}}, {"type": "Feature", "properties": {"node_id": 1014, "degree": 1, "node_type": "endpoint", "node_kind": null}, "geometry": {"type": "Point", "coordinates": [322655.40625, 4691703.0]}}, {"type": "Feature", "properties": {"node_id": 1015, "degree": 1, "node_type": "endpoint", "node_kind": null}, "geometry": {"type": "Point", "coordinates": [322679.6875, 4691676.0]}}, {"type": "Feature", "properties": {"node_id": 1016, "degree": 1, "node_type": "endpoint", "node_kind": null}, "geometry": {"type": "Point", "coordinates": [322737.59375, 4691654.0]}}, {"type": "Feature", "properties": {"node_id": 1017, "degree": 1, "node_type": "endpoint", "node_kind": null}, "geometry": {"type": "Point", "coordinates": [322651.65625, 4692095.5]}}, {"type": "Feature", "properties": {"node_id": 1018, "degree": 1, "node_type": "endpoint", "node_kind": null}, "geometry": {"type": "Point", "coordinates": [322597.1875, 4692071.5]}}, {"type": "Feature", "properties": {"node_id": 1019, "degree": 1, "node_type": "endpoint", "node_kind": null}, "geometry": {"type": "Point", "coordinates": [322635.75, 4691716.5]}}, {"type": "Feature", "properties": {"node_id": 1020, "degree": 1, "node_type": "endpoint", "node_kind": null}, "geometry": {"type": "Point", "coordinates": [322679.09375, 4691687.5]}}, {"type": "Feature", "properties": {"node_id": 1021, "degree": 1, "node_type": "endpoint", "node_kind": null}, "geometry": {"type": "Point", "coordinates": [322759.1875, 4691646.0]}}, {"type": "Feature", "properties": {"node_id": 1022, "degree": 1, "node_type": "endpoint", "node_kind": null}, "geometry": {"type": "Point", "coordinates": [322711.5, 4691664.0]}}, {"type": "Feature", "properties": {"node_id": 1023, "degree": 1, "node_type": "endpoint", "node_kind": null}, "geometry": {"type": "Point", "coordinates": [322287.15625, 4691362.0]}}, {"type": "Feature", "properties": {"node_id": 1024, "degree": 1, "node_type": "endpoint", "node_kind": null}, "geometry": {"type": "Point", "coordinates": [322344.3125, 4691394.5]}}, {"type": "Feature", "properties": {"node_id": 1025, "degree": 1, "node_type": "endpoint", "node_kind": null}, "geometry": {"type": "Point", "coordinates": [322285.34375, 4691363.0]}}, {"type": "Feature", "properties": {"node_id": 1026, "degree": 1, "node_type": "endpoint", "node_kind": null}, "geometry": {"type": "Point", "coordinates": [322343.40625, 4691396.0]}}, {"type": "Feature", "properties": {"node_id": 1027, "degree": 1, "node_type": "endpoint", "node_kind": null}, "geometry": {"type": "Point", "coordinates": [322696.34375, 4690436.5]}}, {"type": "Feature", "properties": {"node_id": 1028, "degree": 2, "node_type": "endpoint", "node_kind": null}, "geometry": {"type": "Point", "coordinates": [322682.25, 4690415.0]}}, {"type": "Feature", "properties": {"node_id": 1029, "degree": 1, "node_type": "endpoint", "node_kind": null}, "geometry": {"type": "Point", "coordinates": [322670.40625, 4690398.5]}}, {"type": "Feature", "properties": {"node_id": 1030, "degree": 1, "node_type": "endpoint", "node_kind": null}, "geometry": {"type": "Point", "coordinates": [322659.75, 4690347.0]}}, {"type": "Feature", "properties": {"node_id": 1031, "degree": 1, "node_type": "endpoint", "node_kind": null}, "geometry": {"type": "Point", "coordinates": [322690.1875, 4690409.0]}}, {"type": "Feature", "properties": {"node_id": 1032, "degree": 1, "node_type": "endpoint", "node_kind": null}, "geometry": {"type": "Point", "coordinates": [322703.09375, 4690433.0]}}, {"type": "Feature", "properties": {"node_id": 1033, "degree": 1, "node_type": "endpoint", "node_kind": null}, "geometry": {"type": "Point", "coordinates": [322700.09375, 4690431.5]}}, {"type": "Feature", "properties": {"node_id": 1034, "degree": 1, "node_type": "endpoint", "node_kind": null}, "geometry": {"type": "Point", "coordinates": [322690.0625, 4690412.5]}}, {"type": "Feature", "properties": {"node_id": 1035, "degree": 1, "node_type": "endpoint", "node_kind": null}, "geometry": {"type": "Point", "coordinates": [322784.5625, 4690599.0]}}, {"type": "Feature", "properties": {"node_id": 1036, "degree": 1, "node_type": "endpoint", "node_kind": null}, "geometry": {"type": "Point", "coordinates": [322731.3125, 4690492.0]}}, {"type": "Feature", "properties": {"node_id": 1037, "degree": 1, "node_type": "endpoint", "node_kind": null}, "geometry": {"type": "Point", "coordinates": [322660.1875, 4690394.0]}}, {"type": "Feature", "properties": {"node_id": 1038, "degree": 1, "node_type": "endpoint", "node_kind": null}, "geometry": {"type": "Point", "coordinates": [322638.0, 4690319.0]}}, {"type": "Feature", "properties": {"node_id": 1039, "degree": 1, "node_type": "endpoint", "node_kind": null}, "geometry": {"type": "Point", "coordinates": [322656.0, 4690439.0]}}, {"type": "Feature", "properties": {"node_id": 1040, "degree": 1, "node_type": "endpoint", "node_kind": null}, "geometry": {"type": "Point", "coordinates": [322601.09375, 4690562.0]}}, {"type": "Feature", "properties": {"node_id": 1041, "degree": 1, "node_type": "endpoint", "node_kind": null}, "geometry": {"type": "Point", "coordinates": [322578.15625, 4690620.5]}}, {"type": "Feature", "properties": {"node_id": 1042, "degree": 1, "node_type": "endpoint", "node_kind": null}, "geometry": {"type": "Point", "coordinates": [322603.1875, 4690715.5]}}, {"type": "Feature", "properties": {"node_id": 1043, "degree": 1, "node_type": "endpoint", "node_kind": null}, "geometry": {"type": "Point", "coordinates": [322758.0, 4689798.0]}}, {"type": "Feature", "properties": {"node_id": 1044, "degree": 1, "node_type": "endpoint", "node_kind": null}, "geometry": {"type": "Point", "coordinates": [322684.5, 4689683.0]}}, {"type": "Feature", "properties": {"node_id": 1045, "degree": 1, "node_type": "endpoint", "node_kind": null}, "geometry": {"type": "Point", "coordinates": [322609.9375, 4690139.5]}}, {"type": "Feature", "properties": {"node_id": 1046, "degree": 1, "node_type": "endpoint", "node_kind": null}, "geometry": {"type": "Point", "coordinates": [322610.25, 4690211.0]}}, {"type": "Feature", "properties": {"node_id": 1047, "degree": 1, "node_type": "endpoint", "node_kind": null}, "geometry": {"type": "Point", "coordinates": [322566.4375, 4690049.0]}}, {"type": "Feature", "properties": {"node_id": 1048, "degree": 1, "node_type": "endpoint", "node_kind": null}, "geometry": {"type": "Point", "coordinates": [322495.1875, 4689911.5]}}, {"type": "Feature", "properties": {"node_id": 1049, "degree": 1, "node_type": "endpoint", "node_kind": null}, "geometry": {"type": "Point", "coordinates": [322625.5625, 4690259.5]}}, {"type": "Feature", "properties": {"node_id": 1050, "degree": 1, "node_type": "endpoint", "node_kind": null}, "geometry": {"type": "Point", "coordinates": [322619.84375, 4690221.5]}}, {"type": "Feature", "properties": {"node_id": 1051, "degree": 1, "node_type": "endpoint", "node_kind": null}, "geometry": {"type": "Point", "coordinates": [322620.4375, 4690136.0]}}, {"type": "Feature", "properties": {"node_id": 1052, "degree": 1, "node_type": "endpoint", "node_kind": null}, "geometry": {"type": "Point", "coordinates": [322624.0625, 4690163.0]}}, {"type": "Feature", "properties": {"node_id": 1053, "degree": 1, "node_type": "endpoint", "node_kind": null}, "geometry": {"type": "Point", "coordinates": [322491.0, 4689880.0]}}, {"type": "Feature", "properties": {"node_id": 1054, "degree": 1, "node_type": "endpoint", "node_kind": null}, "geometry": {"type": "Point", "coordinates": [322471.34375, 4689842.0]}}, {"type": "Feature", "properties": {"node_id": 1055, "degree": 2, "node_type": "endpoint", "node_kind": null}, "geometry": {"type": "Point", "coordinates": [322672.34375, 4690397.5]}}, {"type": "Feature", "properties": {"node_id": 1056, "degree": 1, "node_type": "endpoint", "node_kind": null}, "geometry": {"type": "Point", "coordinates": [322665.15625, 4690356.0]}}, {"type": "Feature", "properties": {"node_id": 1057, "degree": 1, "node_type": "endpoint", "node_kind": null}, "geometry": {"type": "Point", "coordinates": [322586.25, 4690064.5]}}, {"type": "Feature", "properties": {"node_id": 1058, "degree": 1, "node_type": "endpoint", "node_kind": null}, "geometry": {"type": "Point", "coordinates": [322533.75, 4689963.0]}}, {"type": "Feature", "properties": {"node_id": 1059, "degree": 1, "node_type": "endpoint", "node_kind": null}, "geometry": {"type": "Point", "coordinates": [322611.0, 4690188.0]}}, {"type": "Feature", "properties": {"node_id": 1060, "degree": 1, "node_type": "endpoint", "node_kind": null}, "geometry": {"type": "Point", "coordinates": [322608.4375, 4690216.0]}}, {"type": "Feature", "properties": {"node_id": 1061, "degree": 1, "node_type": "endpoint", "node_kind": null}, "geometry": {"type": "Point", "coordinates": [322612.5, 4690211.0]}}, {"type": "Feature", "properties": {"node_id": 1062, "degree": 1, "node_type": "endpoint", "node_kind": null}, "geometry": {"type": "Point", "coordinates": [322613.09375, 4690138.0]}}, {"type": "Feature", "properties": {"node_id": 1063, "degree": 1, "node_type": "endpoint", "node_kind": null}, "geometry": {"type": "Point", "coordinates": [322400.40625, 4689675.0]}}, {"type": "Feature", "properties": {"node_id": 1064, "degree": 1, "node_type": "endpoint", "node_kind": null}, "geometry": {"type": "Point", "coordinates": [322268.84375, 4689743.5]}}, {"type": "Feature", "properties": {"node_id": 1065, "degree": 1, "node_type": "endpoint", "node_kind": null}, "geometry": {"type": "Point", "coordinates": [322542.4375, 4689556.5]}}, {"type": "Feature", "properties": {"node_id": 1066, "degree": 1, "node_type": "endpoint", "node_kind": null}, "geometry": {"type": "Point", "coordinates": [322572.0, 4689546.0]}}, {"type": "Feature", "properties": {"node_id": 1067, "degree": 1, "node_type": "endpoint", "node_kind": null}, "geometry": {"type": "Point", "coordinates": [322504.8125, 4689697.0]}}, {"type": "Feature", "properties": {"node_id": 1068, "degree": 1, "node_type": "endpoint", "node_kind": null}, "geometry": {"type": "Point", "coordinates": [322584.75, 4689594.0]}}, {"type": "Feature", "properties": {"node_id": 1069, "degree": 1, "node_type": "endpoint", "node_kind": null}, "geometry": {"type": "Point", "coordinates": [322527.3125, 4689592.0]}}, {"type": "Feature", "properties": {"node_id": 1070, "degree": 1, "node_type": "endpoint", "node_kind": null}, "geometry": {"type": "Point", "coordinates": [322459.0625, 4689635.5]}}, {"type": "Feature", "properties": {"node_id": 1071, "degree": 1, "node_type": "endpoint", "node_kind": null}, "geometry": {"type": "Point", "coordinates": [322742.84375, 4689326.5]}}, {"type": "Feature", "properties": {"node_id": 1072, "degree": 1, "node_type": "endpoint", "node_kind": null}, "geometry": {"type": "Point", "coordinates": [322645.65625, 4689306.0]}}, {"type": "Feature", "properties": {"node_id": 1073, "degree": 1, "node_type": "endpoint", "node_kind": null}, "geometry": {"type": "Point", "coordinates": [322332.15625, 4689716.0]}}, {"type": "Feature", "properties": {"node_id": 1074, "degree": 1, "node_type": "endpoint", "node_kind": null}, "geometry": {"type": "Point", "coordinates": [322346.40625, 4689708.5]}}, {"type": "Feature", "properties": {"node_id": 1075, "degree": 1, "node_type": "endpoint", "node_kind": null}, "geometry": {"type": "Point", "coordinates": [322725.4375, 4689318.5]}}, {"type": "Feature", "properties": {"node_id": 1076, "degree": 1, "node_type": "endpoint", "node_kind": null}, "geometry": {"type": "Point", "coordinates": [322770.59375, 4689319.0]}}, {"type": "Feature", "properties": {"node_id": 1077, "degree": 1, "node_type": "endpoint", "node_kind": null}, "geometry": {"type": "Point", "coordinates": [322309.1875, 4689723.0]}}, {"type": "Feature", "properties": {"node_id": 1078, "degree": 1, "node_type": "endpoint", "node_kind": null}, "geometry": {"type": "Point", "coordinates": [322268.09375, 4689741.5]}}, {"type": "Feature", "properties": {"node_id": 1079, "degree": 1, "node_type": "endpoint", "node_kind": null}, "geometry": {"type": "Point", "coordinates": [322537.8125, 4689119.5]}}, {"type": "Feature", "properties": {"node_id": 1080, "degree": 1, "node_type": "endpoint", "node_kind": null}, "geometry": {"type": "Point", "coordinates": [322475.25, 4688977.0]}}, {"type": "Feature", "properties": {"node_id": 1081, "degree": 1, "node_type": "endpoint", "node_kind": null}, "geometry": {"type": "Point", "coordinates": [322536.0, 4689120.5]}}, {"type": "Feature", "properties": {"node_id": 1082, "degree": 1, "node_type": "endpoint", "node_kind": null}, "geometry": {"type": "Point", "coordinates": [322330.8125, 4688869.5]}}, {"type": "Feature", "properties": {"node_id": 1083, "degree": 1, "node_type": "endpoint", "node_kind": null}, "geometry": {"type": "Point", "coordinates": [322551.59375, 4689133.0]}}, {"type": "Feature", "properties": {"node_id": 1084, "degree": 1, "node_type": "endpoint", "node_kind": null}, "geometry": {"type": "Point", "coordinates": [322575.3125, 4689199.0]}}, {"type": "Feature", "properties": {"node_id": 1085, "degree": 1, "node_type": "endpoint", "node_kind": null}, "geometry": {"type": "Point", "coordinates": [322472.25, 4688958.0]}}, {"type": "Feature", "properties": {"node_id": 1086, "degree": 1, "node_type": "endpoint", "node_kind": null}, "geometry": {"type": "Point", "coordinates": [322424.5625, 4688915.0]}}, {"type": "Feature", "properties": {"node_id": 1087, "degree": 1, "node_type": "endpoint", "node_kind": null}, "geometry": {"type": "Point", "coordinates": [322271.6875, 4688851.0]}}, {"type": "Feature", "properties": {"node_id": 1088, "degree": 1, "node_type": "endpoint", "node_kind": null}, "geometry": {"type": "Point", "coordinates": [322225.65625, 4688857.0]}}, {"type": "Feature", "properties": {"node_id": 1089, "degree": 1, "node_type": "endpoint", "node_kind": null}, "geometry": {"type": "Point", "coordinates": [322563.15625, 4689159.0]}}, {"type": "Feature", "properties": {"node_id": 1090, "degree": 1, "node_type": "endpoint", "node_kind": null}, "geometry": {"type": "Point", "coordinates": [322553.5625, 4689132.0]}}, {"type": "Feature", "properties": {"node_id": 1091, "degree": 1, "node_type": "endpoint", "node_kind": null}, "geometry": {"type": "Point", "coordinates": [322522.1875, 4689044.5]}}, {"type": "Feature", "properties": {"node_id": 1092, "degree": 1, "node_type": "endpoint", "node_kind": null}, "geometry": {"type": "Point", "coordinates": [322529.5625, 4689064.5]}}, {"type": "Feature", "properties": {"node_id": 1093, "degree": 1, "node_type": "endpoint", "node_kind": null}, "geometry": {"type": "Point", "coordinates": [322756.8125, 4696359.0]}}, {"type": "Feature", "properties": {"node_id": 1094, "degree": 1, "node_type": "endpoint", "node_kind": null}, "geometry": {"type": "Point", "coordinates": [322754.84375, 4696417.0]}}, {"type": "Feature", "properties": {"node_id": 1095, "degree": 1, "node_type": "endpoint", "node_kind": null}, "geometry": {"type": "Point", "coordinates": [322595.84375, 4696534.5]}}, {"type": "Feature", "properties": {"node_id": 1096, "degree": 1, "node_type": "endpoint", "node_kind": null}, "geometry": {"type": "Point", "coordinates": [322565.84375, 4696549.5]}}, {"type": "Feature", "properties": {"node_id": 1097, "degree": 1, "node_type": "endpoint", "node_kind": null}, "geometry": {"type": "Point", "coordinates": [322566.3125, 4686188.0]}}, {"type": "Feature", "properties": {"node_id": 1098, "degree": 1, "node_type": "endpoint", "node_kind": null}, "geometry": {"type": "Point", "coordinates": [322389.0, 4686158.0]}}, {"type": "Feature", "properties": {"node_id": 1099, "degree": 1, "node_type": "endpoint", "node_kind": null}, "geometry": {"type": "Point", "coordinates": [322431.90625, 4683875.0]}}, {"type": "Feature", "properties": {"node_id": 1100, "degree": 1, "node_type": "endpoint", "node_kind": null}, "geometry": {"type": "Point", "coordinates": [322416.0, 4683859.5]}}, {"type": "Feature", "properties": {"node_id": 1101, "degree": 1, "node_type": "endpoint", "node_kind": null}, "geometry": {"type": "Point", "coordinates": [322579.8125, 4683951.0]}}, {"type": "Feature", "properties": {"node_id": 1102, "degree": 1, "node_type": "endpoint", "node_kind": null}, "geometry": {"type": "Point", "coordinates": [322660.34375, 4683932.0]}}, {"type": "Feature", "properties": {"node_id": 1103, "degree": 1, "node_type": "endpoint", "node_kind": null}, "geometry": {"type": "Point", "coordinates": [322579.8125, 4683949.5]}}, {"type": "Feature", "properties": {"node_id": 1104, "degree": 1, "node_type": "endpoint", "node_kind": null}, "geometry": {"type": "Point", "coordinates": [322637.6875, 4683937.0]}}, {"type": "Feature", "properties": {"node_id": 1105, "degree": 1, "node_type": "endpoint", "node_kind": null}, "geometry": {"type": "Point", "coordinates": [322660.34375, 4683916.5]}}, {"type": "Feature", "properties": {"node_id": 1106, "degree": 1, "node_type": "endpoint", "node_kind": null}, "geometry": {"type": "Point", "coordinates": [322574.40625, 4683936.0]}}, {"type": "Feature", "properties": {"node_id": 1107, "degree": 1, "node_type": "endpoint", "node_kind": null}, "geometry": {"type": "Point", "coordinates": [322348.34375, 4683808.5]}}, {"type": "Feature", "properties": {"node_id": 1108, "degree": 1, "node_type": "endpoint", "node_kind": null}, "geometry": {"type": "Point", "coordinates": [322373.6875, 4683822.5]}}, {"type": "Feature", "properties": {"node_id": 1109, "degree": 1, "node_type": "endpoint", "node_kind": null}, "geometry": {"type": "Point", "coordinates": [322196.5625, 4683657.0]}}, {"type": "Feature", "properties": {"node_id": 1110, "degree": 1, "node_type": "endpoint", "node_kind": null}, "geometry": {"type": "Point", "coordinates": [322187.5625, 4683630.5]}}, {"type": "Feature", "properties": {"node_id": 1111, "degree": 1, "node_type": "endpoint", "node_kind": null}, "geometry": {"type": "Point", "coordinates": [323308.8125, 4697491.0]}}, {"type": "Feature", "properties": {"node_id": 1112, "degree": 1, "node_type": "endpoint", "node_kind": null}, "geometry": {"type": "Point", "coordinates": [323223.59375, 4697687.5]}}, {"type": "Feature", "properties": {"node_id": 1113, "degree": 1, "node_type": "endpoint", "node_kind": null}, "geometry": {"type": "Point", "coordinates": [323269.65625, 4697608.0]}}, {"type": "Feature", "properties": {"node_id": 1114, "degree": 1, "node_type": "endpoint", "node_kind": null}, "geometry": {"type": "Point", "coordinates": [323287.5, 4697564.0]}}, {"type": "Feature", "properties": {"node_id": 1115, "degree": 1, "node_type": "endpoint", "node_kind": null}, "geometry": {"type": "Point", "coordinates": [323016.90625, 4696182.0]}}, {"type": "Feature", "properties": {"node_id": 1116, "degree": 1, "node_type": "endpoint", "node_kind": null}, "geometry": {"type": "Point", "coordinates": [322984.9375, 4696183.0]}}, {"type": "Feature", "properties": {"node_id": 1117, "degree": 1, "node_type": "endpoint", "node_kind": null}, "geometry": {"type": "Point", "coordinates": [322998.59375, 4696190.0]}}, {"type": "Feature", "properties": {"node_id": 1118, "degree": 1, "node_type": "endpoint", "node_kind": null}, "geometry": {"type": "Point", "coordinates": [323089.65625, 4696188.0]}}, {"type": "Feature", "properties": {"node_id": 1119, "degree": 1, "node_type": "endpoint", "node_kind": null}, "geometry": {"type": "Point", "coordinates": [323205.15625, 4696188.5]}}, {"type": "Feature", "properties": {"node_id": 1120, "degree": 1, "node_type": "endpoint", "node_kind": null}, "geometry": {"type": "Point", "coordinates": [323174.40625, 4696187.0]}}, {"type": "Feature", "properties": {"node_id": 1121, "degree": 1, "node_type": "endpoint", "node_kind": null}, "geometry": {"type": "Point", "coordinates": [323311.1875, 4696186.0]}}, {"type": "Feature", "properties": {"node_id": 1122, "degree": 1, "node_type": "endpoint", "node_kind": null}, "geometry": {"type": "Point", "coordinates": [323271.59375, 4696187.5]}}, {"type": "Feature", "properties": {"node_id": 1123, "degree": 1, "node_type": "endpoint", "node_kind": null}, "geometry": {"type": "Point", "coordinates": [323207.84375, 4695899.5]}}, {"type": "Feature", "properties": {"node_id": 1124, "degree": 1, "node_type": "endpoint", "node_kind": null}, "geometry": {"type": "Point", "coordinates": [323390.5625, 4695850.0]}}, {"type": "Feature", "properties": {"node_id": 1125, "degree": 1, "node_type": "endpoint", "node_kind": null}, "geometry": {"type": "Point", "coordinates": [323329.1875, 4696195.0]}}, {"type": "Feature", "properties": {"node_id": 1126, "degree": 1, "node_type": "endpoint", "node_kind": null}, "geometry": {"type": "Point", "coordinates": [323337.90625, 4696224.0]}}, {"type": "Feature", "properties": {"node_id": 1127, "degree": 1, "node_type": "endpoint", "node_kind": null}, "geometry": {"type": "Point", "coordinates": [323083.5, 4677635.5]}}, {"type": "Feature", "properties": {"node_id": 1128, "degree": 1, "node_type": "endpoint", "node_kind": null}, "geometry": {"type": "Point", "coordinates": [323240.25, 4677646.0]}}, {"type": "Feature", "properties": {"node_id": 1129, "degree": 1, "node_type": "endpoint", "node_kind": null}, "geometry": {"type": "Point", "coordinates": [322962.15625, 4677632.5]}}, {"type": "Feature", "properties": {"node_id": 1130, "degree": 1, "node_type": "endpoint", "node_kind": null}, "geometry": {"type": "Point", "coordinates": [322890.90625, 4677626.0]}}, {"type": "Feature", "properties": {"node_id": 1131, "degree": 1, "node_type": "endpoint", "node_kind": null}, "geometry": {"type": "Point", "coordinates": [322745.40625, 4677596.5]}}, {"type": "Feature", "properties": {"node_id": 1132, "degree": 1, "node_type": "endpoint", "node_kind": null}, "geometry": {"type": "Point", "coordinates": [322778.09375, 4677607.0]}}, {"type": "Feature", "properties": {"node_id": 1133, "degree": 1, "node_type": "endpoint", "node_kind": null}, "geometry": {"type": "Point", "coordinates": [323068.1875, 4695312.0]}}, {"type": "Feature", "properties": {"node_id": 1134, "degree": 1, "node_type": "endpoint", "node_kind": null}, "geometry": {"type": "Point", "coordinates": [322980.90625, 4695337.0]}}, {"type": "Feature", "properties": {"node_id": 1135, "degree": 1, "node_type": "endpoint", "node_kind": null}, "geometry": {"type": "Point", "coordinates": [323324.84375, 4694106.5]}}, {"type": "Feature", "properties": {"node_id": 1136, "degree": 1, "node_type": "endpoint", "node_kind": null}, "geometry": {"type": "Point", "coordinates": [323295.59375, 4694087.0]}}, {"type": "Feature", "properties": {"node_id": 1137, "degree": 1, "node_type": "endpoint", "node_kind": null}, "geometry": {"type": "Point", "coordinates": [323116.1875, 4694091.5]}}, {"type": "Feature", "properties": {"node_id": 1138, "degree": 1, "node_type": "endpoint", "node_kind": null}, "geometry": {"type": "Point", "coordinates": [323013.15625, 4694117.0]}}, {"type": "Feature", "properties": {"node_id": 1139, "degree": 1, "node_type": "endpoint", "node_kind": null}, "geometry": {"type": "Point", "coordinates": [323249.84375, 4693980.5]}}, {"type": "Feature", "properties": {"node_id": 1140, "degree": 1, "node_type": "endpoint", "node_kind": null}, "geometry": {"type": "Point", "coordinates": [323337.75, 4693690.5]}}, {"type": "Feature", "properties": {"node_id": 1141, "degree": 1, "node_type": "endpoint", "node_kind": null}, "geometry": {"type": "Point", "coordinates": [322956.4375, 4694148.0]}}, {"type": "Feature", "properties": {"node_id": 1142, "degree": 1, "node_type": "endpoint", "node_kind": null}, "geometry": {"type": "Point", "coordinates": [322981.0625, 4694131.0]}}, {"type": "Feature", "properties": {"node_id": 1143, "degree": 1, "node_type": "endpoint", "node_kind": null}, "geometry": {"type": "Point", "coordinates": [322870.34375, 4694203.5]}}, {"type": "Feature", "properties": {"node_id": 1144, "degree": 1, "node_type": "endpoint", "node_kind": null}, "geometry": {"type": "Point", "coordinates": [322843.5, 4694207.0]}}, {"type": "Feature", "properties": {"node_id": 1145, "degree": 1, "node_type": "endpoint", "node_kind": null}, "geometry": {"type": "Point", "coordinates": [323289.15625, 4693783.0]}}, {"type": "Feature", "properties": {"node_id": 1146, "degree": 1, "node_type": "endpoint", "node_kind": null}, "geometry": {"type": "Point", "coordinates": [323251.0625, 4693909.5]}}, {"type": "Feature", "properties": {"node_id": 1147, "degree": 1, "node_type": "endpoint", "node_kind": null}, "geometry": {"type": "Point", "coordinates": [322965.59375, 4694138.0]}}, {"type": "Feature", "properties": {"node_id": 1148, "degree": 1, "node_type": "endpoint", "node_kind": null}, "geometry": {"type": "Point", "coordinates": [322983.59375, 4694128.0]}}, {"type": "Feature", "properties": {"node_id": 1149, "degree": 1, "node_type": "endpoint", "node_kind": null}, "geometry": {"type": "Point", "coordinates": [322731.0, 4693667.5]}}, {"type": "Feature", "properties": {"node_id": 1150, "degree": 2, "node_type": "endpoint", "node_kind": null}, "geometry": {"type": "Point", "coordinates": [322963.5, 4693628.0]}}, {"type": "Feature", "properties": {"node_id": 1151, "degree": 1, "node_type": "endpoint", "node_kind": null}, "geometry": {"type": "Point", "coordinates": [322908.75, 4693628.0]}}, {"type": "Feature", "properties": {"node_id": 1152, "degree": 1, "node_type": "endpoint", "node_kind": null}, "geometry": {"type": "Point", "coordinates": [322868.5625, 4693636.0]}}, {"type": "Feature", "properties": {"node_id": 1153, "degree": 1, "node_type": "endpoint", "node_kind": null}, "geometry": {"type": "Point", "coordinates": [322729.9375, 4693665.5]}}, {"type": "Feature", "properties": {"node_id": 1154, "degree": 1, "node_type": "endpoint", "node_kind": null}, "geometry": {"type": "Point", "coordinates": [322789.34375, 4693658.0]}}, {"type": "Feature", "properties": {"node_id": 1155, "degree": 1, "node_type": "endpoint", "node_kind": null}, "geometry": {"type": "Point", "coordinates": [323085.3125, 4693637.5]}}, {"type": "Feature", "properties": {"node_id": 1156, "degree": 2, "node_type": "endpoint", "node_kind": null}, "geometry": {"type": "Point", "coordinates": [323000.5625, 4693616.5]}}, {"type": "Feature", "properties": {"node_id": 1157, "degree": 1, "node_type": "endpoint", "node_kind": null}, "geometry": {"type": "Point", "coordinates": [323242.1875, 4693665.0]}}, {"type": "Feature", "properties": {"node_id": 1158, "degree": 1, "node_type": "endpoint", "node_kind": null}, "geometry": {"type": "Point", "coordinates": [323283.15625, 4693670.5]}}, {"type": "Feature", "properties": {"node_id": 1159, "degree": 1, "node_type": "endpoint", "node_kind": null}, "geometry": {"type": "Point", "coordinates": [323311.65625, 4693714.0]}}, {"type": "Feature", "properties": {"node_id": 1160, "degree": 1, "node_type": "endpoint", "node_kind": null}, "geometry": {"type": "Point", "coordinates": [323319.4375, 4693689.0]}}, {"type": "Feature", "properties": {"node_id": 1161, "degree": 1, "node_type": "endpoint", "node_kind": null}, "geometry": {"type": "Point", "coordinates": [322970.84375, 4693626.0]}}, {"type": "Feature", "properties": {"node_id": 1162, "degree": 1, "node_type": "endpoint", "node_kind": null}, "geometry": {"type": "Point", "coordinates": [322917.0, 4693638.5]}}, {"type": "Feature", "properties": {"node_id": 1163, "degree": 1, "node_type": "endpoint", "node_kind": null}, "geometry": {"type": "Point", "coordinates": [322988.09375, 4692210.0]}}, {"type": "Feature", "properties": {"node_id": 1164, "degree": 2, "node_type": "endpoint", "node_kind": null}, "geometry": {"type": "Point", "coordinates": [322688.5625, 4692262.0]}}, {"type": "Feature", "properties": {"node_id": 1165, "degree": 1, "node_type": "endpoint", "node_kind": null}, "geometry": {"type": "Point", "coordinates": [322863.90625, 4692234.0]}}, {"type": "Feature", "properties": {"node_id": 1166, "degree": 1, "node_type": "endpoint", "node_kind": null}, "geometry": {"type": "Point", "coordinates": [322989.0, 4692212.0]}}, {"type": "Feature", "properties": {"node_id": 1167, "degree": 1, "node_type": "endpoint", "node_kind": null}, "geometry": {"type": "Point", "coordinates": [323294.5625, 4692122.5]}}, {"type": "Feature", "properties": {"node_id": 1168, "degree": 1, "node_type": "endpoint", "node_kind": null}, "geometry": {"type": "Point", "coordinates": [323196.4375, 4691924.0]}}, {"type": "Feature", "properties": {"node_id": 1169, "degree": 1, "node_type": "endpoint", "node_kind": null}, "geometry": {"type": "Point", "coordinates": [322623.90625, 4692351.5]}}, {"type": "Feature", "properties": {"node_id": 1170, "degree": 1, "node_type": "endpoint", "node_kind": null}, "geometry": {"type": "Point", "coordinates": [322608.0, 4692386.0]}}, {"type": "Feature", "properties": {"node_id": 1171, "degree": 1, "node_type": "endpoint", "node_kind": null}, "geometry": {"type": "Point", "coordinates": [323164.1875, 4696876.0]}}, {"type": "Feature", "properties": {"node_id": 1172, "degree": 1, "node_type": "endpoint", "node_kind": null}, "geometry": {"type": "Point", "coordinates": [322922.25, 4696815.0]}}, {"type": "Feature", "properties": {"node_id": 1173, "degree": 1, "node_type": "endpoint", "node_kind": null}, "geometry": {"type": "Point", "coordinates": [323003.6875, 4696827.0]}}, {"type": "Feature", "properties": {"node_id": 1174, "degree": 1, "node_type": "endpoint", "node_kind": null}, "geometry": {"type": "Point", "coordinates": [322974.3125, 4696819.5]}}, {"type": "Feature", "properties": {"node_id": 1175, "degree": 1, "node_type": "endpoint", "node_kind": null}, "geometry": {"type": "Point", "coordinates": [323092.0625, 4696855.0]}}, {"type": "Feature", "properties": {"node_id": 1176, "degree": 1, "node_type": "endpoint", "node_kind": null}, "geometry": {"type": "Point", "coordinates": [323053.9375, 4696845.0]}}, {"type": "Feature", "properties": {"node_id": 1177, "degree": 1, "node_type": "endpoint", "node_kind": null}, "geometry": {"type": "Point", "coordinates": [322766.5625, 4696776.0]}}, {"type": "Feature", "properties": {"node_id": 1178, "degree": 1, "node_type": "endpoint", "node_kind": null}, "geometry": {"type": "Point", "coordinates": [322738.5, 4696769.0]}}, {"type": "Feature", "properties": {"node_id": 1179, "degree": 1, "node_type": "endpoint", "node_kind": null}, "geometry": {"type": "Point", "coordinates": [322879.1875, 4691612.0]}}, {"type": "Feature", "properties": {"node_id": 1180, "degree": 1, "node_type": "endpoint", "node_kind": null}, "geometry": {"type": "Point", "coordinates": [322942.1875, 4691588.0]}}, {"type": "Feature", "properties": {"node_id": 1181, "degree": 1, "node_type": "endpoint", "node_kind": null}, "geometry": {"type": "Point", "coordinates": [322944.0, 4691576.5]}}, {"type": "Feature", "properties": {"node_id": 1182, "degree": 1, "node_type": "endpoint", "node_kind": null}, "geometry": {"type": "Point", "coordinates": [322852.1875, 4691611.0]}}, {"type": "Feature", "properties": {"node_id": 1183, "degree": 1, "node_type": "endpoint", "node_kind": null}, "geometry": {"type": "Point", "coordinates": [323114.25, 4691756.0]}}, {"type": "Feature", "properties": {"node_id": 1184, "degree": 1, "node_type": "endpoint", "node_kind": null}, "geometry": {"type": "Point", "coordinates": [323096.40625, 4691720.5]}}, {"type": "Feature", "properties": {"node_id": 1185, "degree": 1, "node_type": "endpoint", "node_kind": null}, "geometry": {"type": "Point", "coordinates": [323292.3125, 4692122.0]}}, {"type": "Feature", "properties": {"node_id": 1186, "degree": 1, "node_type": "endpoint", "node_kind": null}, "geometry": {"type": "Point", "coordinates": [323264.25, 4692065.5]}}, {"type": "Feature", "properties": {"node_id": 1187, "degree": 1, "node_type": "endpoint", "node_kind": null}, "geometry": {"type": "Point", "coordinates": [323035.5, 4691553.5]}}, {"type": "Feature", "properties": {"node_id": 1188, "degree": 2, "node_type": "endpoint", "node_kind": null}, "geometry": {"type": "Point", "coordinates": [323225.25, 4691480.5]}}, {"type": "Feature", "properties": {"node_id": 1189, "degree": 1, "node_type": "endpoint", "node_kind": null}, "geometry": {"type": "Point", "coordinates": [323022.3125, 4691574.5]}}, {"type": "Feature", "properties": {"node_id": 1190, "degree": 1, "node_type": "endpoint", "node_kind": null}, "geometry": {"type": "Point", "coordinates": [323059.5, 4691651.5]}}, {"type": "Feature", "properties": {"node_id": 1191, "degree": 1, "node_type": "endpoint", "node_kind": null}, "geometry": {"type": "Point", "coordinates": [323244.3125, 4691465.0]}}, {"type": "Feature", "properties": {"node_id": 1192, "degree": 2, "node_type": "endpoint", "node_kind": null}, "geometry": {"type": "Point", "coordinates": [323519.84375, 4691362.5]}}, {"type": "Feature", "properties": {"node_id": 1193, "degree": 2, "node_type": "endpoint", "node_kind": null}, "geometry": {"type": "Point", "coordinates": [323258.84375, 4691470.0]}}, {"type": "Feature", "properties": {"node_id": 1194, "degree": 1, "node_type": "endpoint", "node_kind": null}, "geometry": {"type": "Point", "coordinates": [323405.6875, 4691415.5]}}, {"type": "Feature", "properties": {"node_id": 1195, "degree": 1, "node_type": "endpoint", "node_kind": null}, "geometry": {"type": "Point", "coordinates": [323258.84375, 4690934.5]}}, {"type": "Feature", "properties": {"node_id": 1196, "degree": 1, "node_type": "endpoint", "node_kind": null}, "geometry": {"type": "Point", "coordinates": [323589.3125, 4691072.0]}}, {"type": "Feature", "properties": {"node_id": 1197, "degree": 1, "node_type": "endpoint", "node_kind": null}, "geometry": {"type": "Point", "coordinates": [322811.5625, 4691170.5]}}, {"type": "Feature", "properties": {"node_id": 1198, "degree": 1, "node_type": "endpoint", "node_kind": null}, "geometry": {"type": "Point", "coordinates": [322895.5625, 4691340.5]}}, {"type": "Feature", "properties": {"node_id": 1199, "degree": 1, "node_type": "endpoint", "node_kind": null}, "geometry": {"type": "Point", "coordinates": [322774.8125, 4691071.5]}}, {"type": "Feature", "properties": {"node_id": 1200, "degree": 1, "node_type": "endpoint", "node_kind": null}, "geometry": {"type": "Point", "coordinates": [322789.9375, 4691103.5]}}, {"type": "Feature", "properties": {"node_id": 1201, "degree": 1, "node_type": "endpoint", "node_kind": null}, "geometry": {"type": "Point", "coordinates": [323216.6875, 4690927.0]}}, {"type": "Feature", "properties": {"node_id": 1202, "degree": 1, "node_type": "endpoint", "node_kind": null}, "geometry": {"type": "Point", "coordinates": [323550.90625, 4691061.5]}}, {"type": "Feature", "properties": {"node_id": 1203, "degree": 1, "node_type": "endpoint", "node_kind": null}, "geometry": {"type": "Point", "coordinates": [322831.5, 4691187.5]}}, {"type": "Feature", "properties": {"node_id": 1204, "degree": 1, "node_type": "endpoint", "node_kind": null}, "geometry": {"type": "Point", "coordinates": [322857.59375, 4691240.5]}}, {"type": "Feature", "properties": {"node_id": 1205, "degree": 1, "node_type": "endpoint", "node_kind": null}, "geometry": {"type": "Point", "coordinates": [323266.8125, 4690955.5]}}, {"type": "Feature", "properties": {"node_id": 1206, "degree": 1, "node_type": "endpoint", "node_kind": null}, "geometry": {"type": "Point", "coordinates": [323228.40625, 4690934.5]}}, {"type": "Feature", "properties": {"node_id": 1207, "degree": 1, "node_type": "endpoint", "node_kind": null}, "geometry": {"type": "Point", "coordinates": [323047.8125, 4690832.0]}}, {"type": "Feature", "properties": {"node_id": 1208, "degree": 2, "node_type": "endpoint", "node_kind": null}, "geometry": {"type": "Point", "coordinates": [323145.4375, 4690876.0]}}, {"type": "Feature", "properties": {"node_id": 1209, "degree": 1, "node_type": "endpoint", "node_kind": null}, "geometry": {"type": "Point", "coordinates": [322932.59375, 4690789.5]}}, {"type": "Feature", "properties": {"node_id": 1210, "degree": 1, "node_type": "endpoint", "node_kind": null}, "geometry": {"type": "Point", "coordinates": [322900.34375, 4690778.5]}}, {"type": "Feature", "properties": {"node_id": 1211, "degree": 1, "node_type": "endpoint", "node_kind": null}, "geometry": {"type": "Point", "coordinates": [322933.9375, 4690786.0]}}, {"type": "Feature", "properties": {"node_id": 1212, "degree": 1, "node_type": "endpoint", "node_kind": null}, "geometry": {"type": "Point", "coordinates": [322902.15625, 4690775.5]}}, {"type": "Feature", "properties": {"node_id": 1213, "degree": 1, "node_type": "endpoint", "node_kind": null}, "geometry": {"type": "Point", "coordinates": [322825.34375, 4690682.5]}}, {"type": "Feature", "properties": {"node_id": 1214, "degree": 1, "node_type": "endpoint", "node_kind": null}, "geometry": {"type": "Point", "coordinates": [322855.0625, 4690742.0]}}, {"type": "Feature", "properties": {"node_id": 1215, "degree": 1, "node_type": "endpoint", "node_kind": null}, "geometry": {"type": "Point", "coordinates": [322784.84375, 4690621.5]}}, {"type": "Feature", "properties": {"node_id": 1216, "degree": 1, "node_type": "endpoint", "node_kind": null}, "geometry": {"type": "Point", "coordinates": [322807.8125, 4690667.5]}}, {"type": "Feature", "properties": {"node_id": 1217, "degree": 1, "node_type": "endpoint", "node_kind": null}, "geometry": {"type": "Point", "coordinates": [322986.90625, 4690797.5]}}, {"type": "Feature", "properties": {"node_id": 1218, "degree": 1, "node_type": "endpoint", "node_kind": null}, "geometry": {"type": "Point", "coordinates": [322941.59375, 4690775.0]}}, {"type": "Feature", "properties": {"node_id": 1219, "degree": 1, "node_type": "endpoint", "node_kind": null}, "geometry": {"type": "Point", "coordinates": [322850.09375, 4690726.0]}}, {"type": "Feature", "properties": {"node_id": 1220, "degree": 1, "node_type": "endpoint", "node_kind": null}, "geometry": {"type": "Point", "coordinates": [322827.90625, 4690682.0]}}, {"type": "Feature", "properties": {"node_id": 1221, "degree": 1, "node_type": "endpoint", "node_kind": null}, "geometry": {"type": "Point", "coordinates": [323242.34375, 4690942.0]}}, {"type": "Feature", "properties": {"node_id": 1222, "degree": 1, "node_type": "endpoint", "node_kind": null}, "geometry": {"type": "Point", "coordinates": [323215.8125, 4690928.0]}}, {"type": "Feature", "properties": {"node_id": 1223, "degree": 1, "node_type": "endpoint", "node_kind": null}, "geometry": {"type": "Point", "coordinates": [323029.8125, 4690831.5]}}, {"type": "Feature", "properties": {"node_id": 1224, "degree": 1, "node_type": "endpoint", "node_kind": null}, "geometry": {"type": "Point", "coordinates": [323056.34375, 4690845.0]}}, {"type": "Feature", "properties": {"node_id": 1225, "degree": 1, "node_type": "endpoint", "node_kind": null}, "geometry": {"type": "Point", "coordinates": [322813.5, 4689851.0]}}, {"type": "Feature", "properties": {"node_id": 1226, "degree": 1, "node_type": "endpoint", "node_kind": null}, "geometry": {"type": "Point", "coordinates": [322792.65625, 4689832.5]}}, {"type": "Feature", "properties": {"node_id": 1227, "degree": 1, "node_type": "endpoint", "node_kind": null}, "geometry": {"type": "Point", "coordinates": [323010.90625, 4689347.5]}}, {"type": "Feature", "properties": {"node_id": 1228, "degree": 1, "node_type": "endpoint", "node_kind": null}, "geometry": {"type": "Point", "coordinates": [323243.09375, 4689407.5]}}, {"type": "Feature", "properties": {"node_id": 1229, "degree": 2, "node_type": "endpoint", "node_kind": null}, "geometry": {"type": "Point", "coordinates": [323531.6875, 4689482.5]}}, {"type": "Feature", "properties": {"node_id": 1230, "degree": 1, "node_type": "endpoint", "node_kind": null}, "geometry": {"type": "Point", "coordinates": [323306.84375, 4689425.0]}}, {"type": "Feature", "properties": {"node_id": 1231, "degree": 1, "node_type": "endpoint", "node_kind": null}, "geometry": {"type": "Point", "coordinates": [323126.40625, 4689413.0]}}, {"type": "Feature", "properties": {"node_id": 1232, "degree": 1, "node_type": "endpoint", "node_kind": null}, "geometry": {"type": "Point", "coordinates": [323190.59375, 4689430.0]}}, {"type": "Feature", "properties": {"node_id": 1233, "degree": 1, "node_type": "endpoint", "node_kind": null}, "geometry": {"type": "Point", "coordinates": [323185.9375, 4689429.0]}}, {"type": "Feature", "properties": {"node_id": 1234, "degree": 1, "node_type": "endpoint", "node_kind": null}, "geometry": {"type": "Point", "coordinates": [323768.25, 4689580.5]}}, {"type": "Feature", "properties": {"node_id": 1235, "degree": 1, "node_type": "endpoint", "node_kind": null}, "geometry": {"type": "Point", "coordinates": [322996.5, 4689377.0]}}, {"type": "Feature", "properties": {"node_id": 1236, "degree": 1, "node_type": "endpoint", "node_kind": null}, "geometry": {"type": "Point", "coordinates": [323057.09375, 4689394.0]}}, {"type": "Feature", "properties": {"node_id": 1237, "degree": 1, "node_type": "endpoint", "node_kind": null}, "geometry": {"type": "Point", "coordinates": [323373.90625, 4689474.0]}}, {"type": "Feature", "properties": {"node_id": 1238, "degree": 1, "node_type": "endpoint", "node_kind": null}, "geometry": {"type": "Point", "coordinates": [323301.15625, 4689456.5]}}, {"type": "Feature", "properties": {"node_id": 1239, "degree": 1, "node_type": "endpoint", "node_kind": null}, "geometry": {"type": "Point", "coordinates": [322827.4375, 4689331.0]}}, {"type": "Feature", "properties": {"node_id": 1240, "degree": 1, "node_type": "endpoint", "node_kind": null}, "geometry": {"type": "Point", "coordinates": [322866.0, 4689338.5]}}, {"type": "Feature", "properties": {"node_id": 1241, "degree": 1, "node_type": "endpoint", "node_kind": null}, "geometry": {"type": "Point", "coordinates": [323106.90625, 4688979.0]}}, {"type": "Feature", "properties": {"node_id": 1242, "degree": 1, "node_type": "endpoint", "node_kind": null}, "geometry": {"type": "Point", "coordinates": [323120.84375, 4688952.0]}}, {"type": "Feature", "properties": {"node_id": 1243, "degree": 1, "node_type": "endpoint", "node_kind": null}, "geometry": {"type": "Point", "coordinates": [323334.59375, 4687121.0]}}, {"type": "Feature", "properties": {"node_id": 1244, "degree": 1, "node_type": "endpoint", "node_kind": null}, "geometry": {"type": "Point", "coordinates": [323545.0625, 4687629.5]}}, {"type": "Feature", "properties": {"node_id": 1245, "degree": 1, "node_type": "endpoint", "node_kind": null}, "geometry": {"type": "Point", "coordinates": [322956.4375, 4684951.5]}}, {"type": "Feature", "properties": {"node_id": 1246, "degree": 1, "node_type": "endpoint", "node_kind": null}, "geometry": {"type": "Point", "coordinates": [323108.40625, 4684977.5]}}, {"type": "Feature", "properties": {"node_id": 1247, "degree": 1, "node_type": "endpoint", "node_kind": null}, "geometry": {"type": "Point", "coordinates": [323184.15625, 4684902.0]}}, {"type": "Feature", "properties": {"node_id": 1248, "degree": 1, "node_type": "endpoint", "node_kind": null}, "geometry": {"type": "Point", "coordinates": [323258.5625, 4684889.5]}}, {"type": "Feature", "properties": {"node_id": 1249, "degree": 1, "node_type": "endpoint", "node_kind": null}, "geometry": {"type": "Point", "coordinates": [323296.34375, 4684907.5]}}, {"type": "Feature", "properties": {"node_id": 1250, "degree": 1, "node_type": "endpoint", "node_kind": null}, "geometry": {"type": "Point", "coordinates": [323330.09375, 4684901.0]}}, {"type": "Feature", "properties": {"node_id": 1251, "degree": 1, "node_type": "endpoint", "node_kind": null}, "geometry": {"type": "Point", "coordinates": [323354.09375, 4684065.5]}}, {"type": "Feature", "properties": {"node_id": 1252, "degree": 1, "node_type": "endpoint", "node_kind": null}, "geometry": {"type": "Point", "coordinates": [323317.5, 4684039.0]}}, {"type": "Feature", "properties": {"node_id": 1253, "degree": 1, "node_type": "endpoint", "node_kind": null}, "geometry": {"type": "Point", "coordinates": [323000.09375, 4683757.0]}}, {"type": "Feature", "properties": {"node_id": 1254, "degree": 1, "node_type": "endpoint", "node_kind": null}, "geometry": {"type": "Point", "coordinates": [322940.09375, 4683757.0]}}, {"type": "Feature", "properties": {"node_id": 1255, "degree": 1, "node_type": "endpoint", "node_kind": null}, "geometry": {"type": "Point", "coordinates": [323119.5, 4683765.5]}}, {"type": "Feature", "properties": {"node_id": 1256, "degree": 1, "node_type": "endpoint", "node_kind": null}, "geometry": {"type": "Point", "coordinates": [323068.1875, 4683766.0]}}, {"type": "Feature", "properties": {"node_id": 1257, "degree": 1, "node_type": "endpoint", "node_kind": null}, "geometry": {"type": "Point", "coordinates": [323109.4375, 4683972.5]}}, {"type": "Feature", "properties": {"node_id": 1258, "degree": 1, "node_type": "endpoint", "node_kind": null}, "geometry": {"type": "Point", "coordinates": [323064.75, 4683953.5]}}, {"type": "Feature", "properties": {"node_id": 1259, "degree": 1, "node_type": "endpoint", "node_kind": null}, "geometry": {"type": "Point", "coordinates": [323286.4375, 4683769.5]}}, {"type": "Feature", "properties": {"node_id": 1260, "degree": 1, "node_type": "endpoint", "node_kind": null}, "geometry": {"type": "Point", "coordinates": [323515.34375, 4683769.5]}}, {"type": "Feature", "properties": {"node_id": 1261, "degree": 1, "node_type": "endpoint", "node_kind": null}, "geometry": {"type": "Point", "coordinates": [323119.5, 4683769.0]}}, {"type": "Feature", "properties": {"node_id": 1262, "degree": 1, "node_type": "endpoint", "node_kind": null}, "geometry": {"type": "Point", "coordinates": [323053.0625, 4683769.5]}}, {"type": "Feature", "properties": {"node_id": 1263, "degree": 1, "node_type": "endpoint", "node_kind": null}, "geometry": {"type": "Point", "coordinates": [322865.6875, 4683897.5]}}, {"type": "Feature", "properties": {"node_id": 1264, "degree": 1, "node_type": "endpoint", "node_kind": null}, "geometry": {"type": "Point", "coordinates": [322843.5, 4683899.5]}}, {"type": "Feature", "properties": {"node_id": 1265, "degree": 1, "node_type": "endpoint", "node_kind": null}, "geometry": {"type": "Point", "coordinates": [323242.65625, 4683766.0]}}, {"type": "Feature", "properties": {"node_id": 1266, "degree": 1, "node_type": "endpoint", "node_kind": null}, "geometry": {"type": "Point", "coordinates": [323269.0625, 4683766.0]}}, {"type": "Feature", "properties": {"node_id": 1267, "degree": 1, "node_type": "endpoint", "node_kind": null}, "geometry": {"type": "Point", "coordinates": [323391.4375, 4697414.5]}}, {"type": "Feature", "properties": {"node_id": 1268, "degree": 1, "node_type": "endpoint", "node_kind": null}, "geometry": {"type": "Point", "coordinates": [323535.59375, 4697255.5]}}, {"type": "Feature", "properties": {"node_id": 1269, "degree": 1, "node_type": "endpoint", "node_kind": null}, "geometry": {"type": "Point", "coordinates": [323809.8125, 4697780.0]}}, {"type": "Feature", "properties": {"node_id": 1270, "degree": 2, "node_type": "endpoint", "node_kind": null}, "geometry": {"type": "Point", "coordinates": [323733.4375, 4697677.0]}}, {"type": "Feature", "properties": {"node_id": 1271, "degree": 1, "node_type": "endpoint", "node_kind": null}, "geometry": {"type": "Point", "coordinates": [323548.1875, 4697864.0]}}, {"type": "Feature", "properties": {"node_id": 1272, "degree": 1, "node_type": "endpoint", "node_kind": null}, "geometry": {"type": "Point", "coordinates": [323596.5, 4697809.5]}}, {"type": "Feature", "properties": {"node_id": 1273, "degree": 1, "node_type": "endpoint", "node_kind": null}, "geometry": {"type": "Point", "coordinates": [323913.4375, 4697924.0]}}, {"type": "Feature", "properties": {"node_id": 1274, "degree": 2, "node_type": "endpoint", "node_kind": null}, "geometry": {"type": "Point", "coordinates": [323731.1875, 4697679.5]}}, {"type": "Feature", "properties": {"node_id": 1275, "degree": 1, "node_type": "endpoint", "node_kind": null}, "geometry": {"type": "Point", "coordinates": [323461.5, 4697395.0]}}, {"type": "Feature", "properties": {"node_id": 1276, "degree": 2, "node_type": "endpoint", "node_kind": null}, "geometry": {"type": "Point", "coordinates": [323698.65625, 4697631.5]}}, {"type": "Feature", "properties": {"node_id": 1277, "degree": 1, "node_type": "endpoint", "node_kind": null}, "geometry": {"type": "Point", "coordinates": [323460.59375, 4697400.5]}}, {"type": "Feature", "properties": {"node_id": 1278, "degree": 2, "node_type": "endpoint", "node_kind": null}, "geometry": {"type": "Point", "coordinates": [323695.8125, 4697635.0]}}, {"type": "Feature", "properties": {"node_id": 1279, "degree": 1, "node_type": "endpoint", "node_kind": null}, "geometry": {"type": "Point", "coordinates": [323718.0, 4697678.5]}}, {"type": "Feature", "properties": {"node_id": 1280, "degree": 1, "node_type": "endpoint", "node_kind": null}, "geometry": {"type": "Point", "coordinates": [323615.09375, 4697796.5]}}, {"type": "Feature", "properties": {"node_id": 1281, "degree": 1, "node_type": "endpoint", "node_kind": null}, "geometry": {"type": "Point", "coordinates": [323521.8125, 4697462.5]}}, {"type": "Feature", "properties": {"node_id": 1282, "degree": 1, "node_type": "endpoint", "node_kind": null}, "geometry": {"type": "Point", "coordinates": [323563.8125, 4697505.5]}}, {"type": "Feature", "properties": {"node_id": 1283, "degree": 1, "node_type": "endpoint", "node_kind": null}, "geometry": {"type": "Point", "coordinates": [323457.4375, 4697979.0]}}, {"type": "Feature", "properties": {"node_id": 1284, "degree": 1, "node_type": "endpoint", "node_kind": null}, "geometry": {"type": "Point", "coordinates": [323539.34375, 4697882.5]}}, {"type": "Feature", "properties": {"node_id": 1285, "degree": 1, "node_type": "endpoint", "node_kind": null}, "geometry": {"type": "Point", "coordinates": [323334.59375, 4697458.5]}}, {"type": "Feature", "properties": {"node_id": 1286, "degree": 1, "node_type": "endpoint", "node_kind": null}, "geometry": {"type": "Point", "coordinates": [323399.40625, 4697386.5]}}, {"type": "Feature", "properties": {"node_id": 1287, "degree": 2, "node_type": "endpoint", "node_kind": null}, "geometry": {"type": "Point", "coordinates": [323497.9375, 4695831.5]}}, {"type": "Feature", "properties": {"node_id": 1288, "degree": 1, "node_type": "endpoint", "node_kind": null}, "geometry": {"type": "Point", "coordinates": [323475.4375, 4695833.0]}}, {"type": "Feature", "properties": {"node_id": 1289, "degree": 1, "node_type": "endpoint", "node_kind": null}, "geometry": {"type": "Point", "coordinates": [323623.9375, 4695993.5]}}, {"type": "Feature", "properties": {"node_id": 1290, "degree": 1, "node_type": "endpoint", "node_kind": null}, "geometry": {"type": "Point", "coordinates": [323649.59375, 4695917.0]}}, {"type": "Feature", "properties": {"node_id": 1291, "degree": 2, "node_type": "endpoint", "node_kind": null}, "geometry": {"type": "Point", "coordinates": [323501.25, 4695819.5]}}, {"type": "Feature", "properties": {"node_id": 1292, "degree": 1, "node_type": "endpoint", "node_kind": null}, "geometry": {"type": "Point", "coordinates": [323456.25, 4695823.0]}}, {"type": "Feature", "properties": {"node_id": 1293, "degree": 1, "node_type": "endpoint", "node_kind": null}, "geometry": {"type": "Point", "coordinates": [323344.5, 4695850.5]}}, {"type": "Feature", "properties": {"node_id": 1294, "degree": 1, "node_type": "endpoint", "node_kind": null}, "geometry": {"type": "Point", "coordinates": [323392.0625, 4695838.0]}}, {"type": "Feature", "properties": {"node_id": 1295, "degree": 1, "node_type": "endpoint", "node_kind": null}, "geometry": {"type": "Point", "coordinates": [323653.8125, 4695820.5]}}, {"type": "Feature", "properties": {"node_id": 1296, "degree": 2, "node_type": "endpoint", "node_kind": null}, "geometry": {"type": "Point", "coordinates": [323525.40625, 4695827.5]}}, {"type": "Feature", "properties": {"node_id": 1297, "degree": 1, "node_type": "endpoint", "node_kind": null}, "geometry": {"type": "Point", "coordinates": [323630.6875, 4695980.0]}}, {"type": "Feature", "properties": {"node_id": 1298, "degree": 1, "node_type": "endpoint", "node_kind": null}, "geometry": {"type": "Point", "coordinates": [323654.6875, 4695908.0]}}, {"type": "Feature", "properties": {"node_id": 1299, "degree": 1, "node_type": "endpoint", "node_kind": null}, "geometry": {"type": "Point", "coordinates": [323345.84375, 4696277.0]}}, {"type": "Feature", "properties": {"node_id": 1300, "degree": 1, "node_type": "endpoint", "node_kind": null}, "geometry": {"type": "Point", "coordinates": [323337.15625, 4696248.5]}}, {"type": "Feature", "properties": {"node_id": 1301, "degree": 1, "node_type": "endpoint", "node_kind": null}, "geometry": {"type": "Point", "coordinates": [323716.5, 4696158.5]}}, {"type": "Feature", "properties": {"node_id": 1302, "degree": 1, "node_type": "endpoint", "node_kind": null}, "geometry": {"type": "Point", "coordinates": [323751.4375, 4696118.5]}}, {"type": "Feature", "properties": {"node_id": 1303, "degree": 1, "node_type": "endpoint", "node_kind": null}, "geometry": {"type": "Point", "coordinates": [323643.3125, 4695812.0]}}, {"type": "Feature", "properties": {"node_id": 1304, "degree": 2, "node_type": "endpoint", "node_kind": null}, "geometry": {"type": "Point", "coordinates": [323520.75, 4695819.0]}}, {"type": "Feature", "properties": {"node_id": 1305, "degree": 1, "node_type": "endpoint", "node_kind": null}, "geometry": {"type": "Point", "coordinates": [323839.65625, 4678460.0]}}, {"type": "Feature", "properties": {"node_id": 1306, "degree": 1, "node_type": "endpoint", "node_kind": null}, "geometry": {"type": "Point", "coordinates": [323824.8125, 4678428.5]}}, {"type": "Feature", "properties": {"node_id": 1307, "degree": 1, "node_type": "endpoint", "node_kind": null}, "geometry": {"type": "Point", "coordinates": [323825.40625, 4678456.0]}}, {"type": "Feature", "properties": {"node_id": 1308, "degree": 1, "node_type": "endpoint", "node_kind": null}, "geometry": {"type": "Point", "coordinates": [323815.34375, 4678436.0]}}, {"type": "Feature", "properties": {"node_id": 1309, "degree": 1, "node_type": "endpoint", "node_kind": null}, "geometry": {"type": "Point", "coordinates": [323884.0625, 4678529.0]}}, {"type": "Feature", "properties": {"node_id": 1310, "degree": 1, "node_type": "endpoint", "node_kind": null}, "geometry": {"type": "Point", "coordinates": [323900.5625, 4678548.5]}}, {"type": "Feature", "properties": {"node_id": 1311, "degree": 1, "node_type": "endpoint", "node_kind": null}, "geometry": {"type": "Point", "coordinates": [323906.5625, 4678538.5]}}, {"type": "Feature", "properties": {"node_id": 1312, "degree": 1, "node_type": "endpoint", "node_kind": null}, "geometry": {"type": "Point", "coordinates": [323920.1875, 4678553.0]}}, {"type": "Feature", "properties": {"node_id": 1313, "degree": 1, "node_type": "endpoint", "node_kind": null}, "geometry": {"type": "Point", "coordinates": [323338.9375, 4677778.0]}}, {"type": "Feature", "properties": {"node_id": 1314, "degree": 1, "node_type": "endpoint", "node_kind": null}, "geometry": {"type": "Point", "coordinates": [323318.84375, 4677752.0]}}, {"type": "Feature", "properties": {"node_id": 1315, "degree": 1, "node_type": "endpoint", "node_kind": null}, "geometry": {"type": "Point", "coordinates": [323506.8125, 4695504.0]}}, {"type": "Feature", "properties": {"node_id": 1316, "degree": 1, "node_type": "endpoint", "node_kind": null}, "geometry": {"type": "Point", "coordinates": [323507.09375, 4695452.5]}}, {"type": "Feature", "properties": {"node_id": 1317, "degree": 1, "node_type": "endpoint", "node_kind": null}, "geometry": {"type": "Point", "coordinates": [323514.90625, 4695451.5]}}, {"type": "Feature", "properties": {"node_id": 1318, "degree": 1, "node_type": "endpoint", "node_kind": null}, "geometry": {"type": "Point", "coordinates": [323514.75, 4695513.0]}}, {"type": "Feature", "properties": {"node_id": 1319, "degree": 1, "node_type": "endpoint", "node_kind": null}, "geometry": {"type": "Point", "coordinates": [323496.75, 4695530.0]}}, {"type": "Feature", "properties": {"node_id": 1320, "degree": 1, "node_type": "endpoint", "node_kind": null}, "geometry": {"type": "Point", "coordinates": [323447.6875, 4695529.0]}}, {"type": "Feature", "properties": {"node_id": 1321, "degree": 1, "node_type": "endpoint", "node_kind": null}, "geometry": {"type": "Point", "coordinates": [323905.65625, 4694861.5]}}, {"type": "Feature", "properties": {"node_id": 1322, "degree": 1, "node_type": "endpoint", "node_kind": null}, "geometry": {"type": "Point", "coordinates": [323920.9375, 4694850.5]}}, {"type": "Feature", "properties": {"node_id": 1323, "degree": 1, "node_type": "endpoint", "node_kind": null}, "geometry": {"type": "Point", "coordinates": [323803.9375, 4694931.5]}}, {"type": "Feature", "properties": {"node_id": 1324, "degree": 1, "node_type": "endpoint", "node_kind": null}, "geometry": {"type": "Point", "coordinates": [323784.90625, 4694943.5]}}, {"type": "Feature", "properties": {"node_id": 1325, "degree": 1, "node_type": "endpoint", "node_kind": null}, "geometry": {"type": "Point", "coordinates": [323841.75, 4694294.5]}}, {"type": "Feature", "properties": {"node_id": 1326, "degree": 1, "node_type": "endpoint", "node_kind": null}, "geometry": {"type": "Point", "coordinates": [323925.3125, 4694314.5]}}, {"type": "Feature", "properties": {"node_id": 1327, "degree": 1, "node_type": "endpoint", "node_kind": null}, "geometry": {"type": "Point", "coordinates": [323487.3125, 4694215.0]}}, {"type": "Feature", "properties": {"node_id": 1328, "degree": 1, "node_type": "endpoint", "node_kind": null}, "geometry": {"type": "Point", "coordinates": [323623.5, 4694246.0]}}, {"type": "Feature", "properties": {"node_id": 1329, "degree": 1, "node_type": "endpoint", "node_kind": null}, "geometry": {"type": "Point", "coordinates": [323546.25, 4694220.0]}}, {"type": "Feature", "properties": {"node_id": 1330, "degree": 2, "node_type": "endpoint", "node_kind": null}, "geometry": {"type": "Point", "coordinates": [323810.25, 4694281.5]}}, {"type": "Feature", "properties": {"node_id": 1331, "degree": 2, "node_type": "endpoint", "node_kind": null}, "geometry": {"type": "Point", "coordinates": [323839.34375, 4694288.5]}}, {"type": "Feature", "properties": {"node_id": 1332, "degree": 1, "node_type": "endpoint", "node_kind": null}, "geometry": {"type": "Point", "coordinates": [324033.90625, 4694320.5]}}, {"type": "Feature", "properties": {"node_id": 1333, "degree": 2, "node_type": "endpoint", "node_kind": null}, "geometry": {"type": "Point", "coordinates": [323812.0625, 4694290.5]}}, {"type": "Feature", "properties": {"node_id": 1334, "degree": 1, "node_type": "endpoint", "node_kind": null}, "geometry": {"type": "Point", "coordinates": [323732.25, 4694271.5]}}, {"type": "Feature", "properties": {"node_id": 1335, "degree": 1, "node_type": "endpoint", "node_kind": null}, "geometry": {"type": "Point", "coordinates": [323725.0625, 4693654.0]}}, {"type": "Feature", "properties": {"node_id": 1336, "degree": 1, "node_type": "endpoint", "node_kind": null}, "geometry": {"type": "Point", "coordinates": [323951.5625, 4693608.0]}}, {"type": "Feature", "properties": {"node_id": 1337, "degree": 1, "node_type": "endpoint", "node_kind": null}, "geometry": {"type": "Point", "coordinates": [323492.40625, 4693678.5]}}, {"type": "Feature", "properties": {"node_id": 1338, "degree": 1, "node_type": "endpoint", "node_kind": null}, "geometry": {"type": "Point", "coordinates": [323380.5, 4693672.5]}}, {"type": "Feature", "properties": {"node_id": 1339, "degree": 2, "node_type": "endpoint", "node_kind": null}, "geometry": {"type": "Point", "coordinates": [323764.65625, 4693768.0]}}, {"type": "Feature", "properties": {"node_id": 1340, "degree": 1, "node_type": "endpoint", "node_kind": null}, "geometry": {"type": "Point", "coordinates": [323974.1875, 4693816.5]}}, {"type": "Feature", "properties": {"node_id": 1341, "degree": 1, "node_type": "endpoint", "node_kind": null}, "geometry": {"type": "Point", "coordinates": [323643.59375, 4693738.0]}}, {"type": "Feature", "properties": {"node_id": 1342, "degree": 2, "node_type": "endpoint", "node_kind": null}, "geometry": {"type": "Point", "coordinates": [323734.1875, 4693760.0]}}, {"type": "Feature", "properties": {"node_id": 1343, "degree": 1, "node_type": "endpoint", "node_kind": null}, "geometry": {"type": "Point", "coordinates": [323571.90625, 4693721.0]}}, {"type": "Feature", "properties": {"node_id": 1344, "degree": 1, "node_type": "endpoint", "node_kind": null}, "geometry": {"type": "Point", "coordinates": [323358.75, 4693681.5]}}, {"type": "Feature", "properties": {"node_id": 1345, "degree": 1, "node_type": "endpoint", "node_kind": null}, "geometry": {"type": "Point", "coordinates": [323449.5, 4693686.5]}}, {"type": "Feature", "properties": {"node_id": 1346, "degree": 1, "node_type": "endpoint", "node_kind": null}, "geometry": {"type": "Point", "coordinates": [323488.8125, 4693687.5]}}, {"type": "Feature", "properties": {"node_id": 1347, "degree": 1, "node_type": "endpoint", "node_kind": null}, "geometry": {"type": "Point", "coordinates": [323731.9375, 4693762.5]}}, {"type": "Feature", "properties": {"node_id": 1348, "degree": 1, "node_type": "endpoint", "node_kind": null}, "geometry": {"type": "Point", "coordinates": [323642.6875, 4693739.5]}}, {"type": "Feature", "properties": {"node_id": 1349, "degree": 1, "node_type": "endpoint", "node_kind": null}, "geometry": {"type": "Point", "coordinates": [323795.25, 4692248.0]}}, {"type": "Feature", "properties": {"node_id": 1350, "degree": 1, "node_type": "endpoint", "node_kind": null}, "geometry": {"type": "Point", "coordinates": [323751.0, 4692239.0]}}, {"type": "Feature", "properties": {"node_id": 1351, "degree": 1, "node_type": "endpoint", "node_kind": null}, "geometry": {"type": "Point", "coordinates": [323480.5625, 4692178.0]}}, {"type": "Feature", "properties": {"node_id": 1352, "degree": 1, "node_type": "endpoint", "node_kind": null}, "geometry": {"type": "Point", "coordinates": [323418.3125, 4692163.5]}}, {"type": "Feature", "properties": {"node_id": 1353, "degree": 1, "node_type": "endpoint", "node_kind": null}, "geometry": {"type": "Point", "coordinates": [323806.34375, 4692253.0]}}, {"type": "Feature", "properties": {"node_id": 1354, "degree": 1, "node_type": "endpoint", "node_kind": null}, "geometry": {"type": "Point", "coordinates": [323762.25, 4692244.5]}}, {"type": "Feature", "properties": {"node_id": 1355, "degree": 1, "node_type": "endpoint", "node_kind": null}, "geometry": {"type": "Point", "coordinates": [323798.5625, 4692251.5]}}, {"type": "Feature", "properties": {"node_id": 1356, "degree": 1, "node_type": "endpoint", "node_kind": null}, "geometry": {"type": "Point", "coordinates": [323750.6875, 4692242.0]}}, {"type": "Feature", "properties": {"node_id": 1357, "degree": 1, "node_type": "endpoint", "node_kind": null}, "geometry": {"type": "Point", "coordinates": [323530.1875, 4696977.5]}}, {"type": "Feature", "properties": {"node_id": 1358, "degree": 1, "node_type": "endpoint", "node_kind": null}, "geometry": {"type": "Point", "coordinates": [323403.4375, 4696928.0]}}, {"type": "Feature", "properties": {"node_id": 1359, "degree": 1, "node_type": "endpoint", "node_kind": null}, "geometry": {"type": "Point", "coordinates": [323492.40625, 4696966.0]}}, {"type": "Feature", "properties": {"node_id": 1360, "degree": 1, "node_type": "endpoint", "node_kind": null}, "geometry": {"type": "Point", "coordinates": [323532.75, 4696982.0]}}, {"type": "Feature", "properties": {"node_id": 1361, "degree": 1, "node_type": "endpoint", "node_kind": null}, "geometry": {"type": "Point", "coordinates": [323357.40625, 4691636.5]}}, {"type": "Feature", "properties": {"node_id": 1362, "degree": 1, "node_type": "endpoint", "node_kind": null}, "geometry": {"type": "Point", "coordinates": [323405.09375, 4691625.5]}}, {"type": "Feature", "properties": {"node_id": 1363, "degree": 1, "node_type": "endpoint", "node_kind": null}, "geometry": {"type": "Point", "coordinates": [323565.75, 4691591.0]}}, {"type": "Feature", "properties": {"node_id": 1364, "degree": 1, "node_type": "endpoint", "node_kind": null}, "geometry": {"type": "Point", "coordinates": [323528.6875, 4691600.0]}}, {"type": "Feature", "properties": {"node_id": 1365, "degree": 1, "node_type": "endpoint", "node_kind": null}, "geometry": {"type": "Point", "coordinates": [323529.4375, 4691601.5]}}, {"type": "Feature", "properties": {"node_id": 1366, "degree": 1, "node_type": "endpoint", "node_kind": null}, "geometry": {"type": "Point", "coordinates": [323565.3125, 4691594.0]}}, {"type": "Feature", "properties": {"node_id": 1367, "degree": 1, "node_type": "endpoint", "node_kind": null}, "geometry": {"type": "Point", "coordinates": [323356.8125, 4691640.5]}}, {"type": "Feature", "properties": {"node_id": 1368, "degree": 1, "node_type": "endpoint", "node_kind": null}, "geometry": {"type": "Point", "coordinates": [323433.90625, 4691623.5]}}, {"type": "Feature", "properties": {"node_id": 1369, "degree": 1, "node_type": "endpoint", "node_kind": null}, "geometry": {"type": "Point", "coordinates": [323340.15625, 4691642.5]}}, {"type": "Feature", "properties": {"node_id": 1370, "degree": 1, "node_type": "endpoint", "node_kind": null}, "geometry": {"type": "Point", "coordinates": [323428.8125, 4691622.5]}}, {"type": "Feature", "properties": {"node_id": 1371, "degree": 1, "node_type": "endpoint", "node_kind": null}, "geometry": {"type": "Point", "coordinates": [323907.75, 4691651.5]}}, {"type": "Feature", "properties": {"node_id": 1372, "degree": 1, "node_type": "endpoint", "node_kind": null}, "geometry": {"type": "Point", "coordinates": [323893.5, 4691601.5]}}, {"type": "Feature", "properties": {"node_id": 1373, "degree": 2, "node_type": "endpoint", "node_kind": null}, "geometry": {"type": "Point", "coordinates": [323917.65625, 4691661.5]}}, {"type": "Feature", "properties": {"node_id": 1374, "degree": 1, "node_type": "endpoint", "node_kind": null}, "geometry": {"type": "Point", "coordinates": [323898.3125, 4691595.0]}}, {"type": "Feature", "properties": {"node_id": 1375, "degree": 1, "node_type": "endpoint", "node_kind": null}, "geometry": {"type": "Point", "coordinates": [323482.5, 4691387.0]}}, {"type": "Feature", "properties": {"node_id": 1376, "degree": 1, "node_type": "endpoint", "node_kind": null}, "geometry": {"type": "Point", "coordinates": [323521.9375, 4691372.0]}}, {"type": "Feature", "properties": {"node_id": 1377, "degree": 1, "node_type": "endpoint", "node_kind": null}, "geometry": {"type": "Point", "coordinates": [323649.3125, 4691097.0]}}, {"type": "Feature", "properties": {"node_id": 1378, "degree": 1, "node_type": "endpoint", "node_kind": null}, "geometry": {"type": "Point", "coordinates": [323764.9375, 4691149.0]}}, {"type": "Feature", "properties": {"node_id": 1379, "degree": 1, "node_type": "endpoint", "node_kind": null}, "geometry": {"type": "Point", "coordinates": [323837.40625, 4691318.0]}}, {"type": "Feature", "properties": {"node_id": 1380, "degree": 1, "node_type": "endpoint", "node_kind": null}, "geometry": {"type": "Point", "coordinates": [323845.5, 4691344.5]}}, {"type": "Feature", "properties": {"node_id": 1381, "degree": 1, "node_type": "endpoint", "node_kind": null}, "geometry": {"type": "Point", "coordinates": [323663.6875, 4691319.5]}}, {"type": "Feature", "properties": {"node_id": 1382, "degree": 1, "node_type": "endpoint", "node_kind": null}, "geometry": {"type": "Point", "coordinates": [323816.09375, 4691282.5]}}, {"type": "Feature", "properties": {"node_id": 1383, "degree": 1, "node_type": "endpoint", "node_kind": null}, "geometry": {"type": "Point", "coordinates": [323526.75, 4691054.5]}}, {"type": "Feature", "properties": {"node_id": 1384, "degree": 1, "node_type": "endpoint", "node_kind": null}, "geometry": {"type": "Point", "coordinates": [323834.09375, 4691192.5]}}, {"type": "Feature", "properties": {"node_id": 1385, "degree": 1, "node_type": "endpoint", "node_kind": null}, "geometry": {"type": "Point", "coordinates": [323876.40625, 4691270.0]}}, {"type": "Feature", "properties": {"node_id": 1386, "degree": 1, "node_type": "endpoint", "node_kind": null}, "geometry": {"type": "Point", "coordinates": [323896.1875, 4691266.0]}}, {"type": "Feature", "properties": {"node_id": 1387, "degree": 1, "node_type": "endpoint", "node_kind": null}, "geometry": {"type": "Point", "coordinates": [323869.5, 4691471.0]}}, {"type": "Feature", "properties": {"node_id": 1388, "degree": 1, "node_type": "endpoint", "node_kind": null}, "geometry": {"type": "Point", "coordinates": [323863.5, 4691404.5]}}, {"type": "Feature", "properties": {"node_id": 1389, "degree": 2, "node_type": "endpoint", "node_kind": null}, "geometry": {"type": "Point", "coordinates": [323560.9375, 4691346.5]}}, {"type": "Feature", "properties": {"node_id": 1390, "degree": 1, "node_type": "endpoint", "node_kind": null}, "geometry": {"type": "Point", "coordinates": [323814.15625, 4691271.5]}}, {"type": "Feature", "properties": {"node_id": 1391, "degree": 1, "node_type": "endpoint", "node_kind": null}, "geometry": {"type": "Point", "coordinates": [323770.5, 4691154.0]}}, {"type": "Feature", "properties": {"node_id": 1392, "degree": 1, "node_type": "endpoint", "node_kind": null}, "geometry": {"type": "Point", "coordinates": [323415.4375, 4691009.0]}}, {"type": "Feature", "properties": {"node_id": 1393, "degree": 1, "node_type": "endpoint", "node_kind": null}, "geometry": {"type": "Point", "coordinates": [323660.6875, 4690615.5]}}, {"type": "Feature", "properties": {"node_id": 1394, "degree": 1, "node_type": "endpoint", "node_kind": null}, "geometry": {"type": "Point", "coordinates": [323642.84375, 4690548.0]}}, {"type": "Feature", "properties": {"node_id": 1395, "degree": 1, "node_type": "endpoint", "node_kind": null}, "geometry": {"type": "Point", "coordinates": [323541.3125, 4690329.0]}}, {"type": "Feature", "properties": {"node_id": 1396, "degree": 1, "node_type": "endpoint", "node_kind": null}, "geometry": {"type": "Point", "coordinates": [323564.84375, 4690372.0]}}, {"type": "Feature", "properties": {"node_id": 1397, "degree": 1, "node_type": "endpoint", "node_kind": null}, "geometry": {"type": "Point", "coordinates": [323644.65625, 4690541.0]}}, {"type": "Feature", "properties": {"node_id": 1398, "degree": 1, "node_type": "endpoint", "node_kind": null}, "geometry": {"type": "Point", "coordinates": [323666.6875, 4690624.5]}}, {"type": "Feature", "properties": {"node_id": 1399, "degree": 1, "node_type": "endpoint", "node_kind": null}, "geometry": {"type": "Point", "coordinates": [323908.0625, 4690683.5]}}, {"type": "Feature", "properties": {"node_id": 1400, "degree": 1, "node_type": "endpoint", "node_kind": null}, "geometry": {"type": "Point", "coordinates": [323744.5625, 4690702.0]}}, {"type": "Feature", "properties": {"node_id": 1401, "degree": 1, "node_type": "endpoint", "node_kind": null}, "geometry": {"type": "Point", "coordinates": [323204.6875, 4690908.0]}}, {"type": "Feature", "properties": {"node_id": 1402, "degree": 2, "node_type": "endpoint", "node_kind": null}, "geometry": {"type": "Point", "coordinates": [323184.0, 4690897.0]}}, {"type": "Feature", "properties": {"node_id": 1403, "degree": 1, "node_type": "endpoint", "node_kind": null}, "geometry": {"type": "Point", "coordinates": [323826.4375, 4689895.0]}}, {"type": "Feature", "properties": {"node_id": 1404, "degree": 1, "node_type": "endpoint", "node_kind": null}, "geometry": {"type": "Point", "coordinates": [323870.40625, 4689868.5]}}, {"type": "Feature", "properties": {"node_id": 1405, "degree": 1, "node_type": "endpoint", "node_kind": null}, "geometry": {"type": "Point", "coordinates": [323953.9375, 4689809.5]}}, {"type": "Feature", "properties": {"node_id": 1406, "degree": 1, "node_type": "endpoint", "node_kind": null}, "geometry": {"type": "Point", "coordinates": [323807.84375, 4689914.5]}}, {"type": "Feature", "properties": {"node_id": 1407, "degree": 1, "node_type": "endpoint", "node_kind": null}, "geometry": {"type": "Point", "coordinates": [323780.25, 4689926.5]}}, {"type": "Feature", "properties": {"node_id": 1408, "degree": 1, "node_type": "endpoint", "node_kind": null}, "geometry": {"type": "Point", "coordinates": [323768.40625, 4689936.5]}}, {"type": "Feature", "properties": {"node_id": 1409, "degree": 1, "node_type": "endpoint", "node_kind": null}, "geometry": {"type": "Point", "coordinates": [323793.3125, 4689927.5]}}, {"type": "Feature", "properties": {"node_id": 1410, "degree": 1, "node_type": "endpoint", "node_kind": null}, "geometry": {"type": "Point", "coordinates": [323815.34375, 4689912.5]}}, {"type": "Feature", "properties": {"node_id": 1411, "degree": 2, "node_type": "endpoint", "node_kind": null}, "geometry": {"type": "Point", "coordinates": [323673.59375, 4690021.0]}}, {"type": "Feature", "properties": {"node_id": 1412, "degree": 1, "node_type": "endpoint", "node_kind": null}, "geometry": {"type": "Point", "coordinates": [323653.0625, 4690035.0]}}, {"type": "Feature", "properties": {"node_id": 1413, "degree": 1, "node_type": "endpoint", "node_kind": null}, "geometry": {"type": "Point", "coordinates": [323722.5, 4689985.5]}}, {"type": "Feature", "properties": {"node_id": 1414, "degree": 2, "node_type": "endpoint", "node_kind": null}, "geometry": {"type": "Point", "coordinates": [323699.25, 4690005.0]}}, {"type": "Feature", "properties": {"node_id": 1415, "degree": 2, "node_type": "endpoint", "node_kind": null}, "geometry": {"type": "Point", "coordinates": [323564.84375, 4689491.0]}}, {"type": "Feature", "properties": {"node_id": 1416, "degree": 1, "node_type": "endpoint", "node_kind": null}, "geometry": {"type": "Point", "coordinates": [323725.5, 4689532.5]}}, {"type": "Feature", "properties": {"node_id": 1417, "degree": 1, "node_type": "endpoint", "node_kind": null}, "geometry": {"type": "Point", "coordinates": [323554.0625, 4689518.5]}}, {"type": "Feature", "properties": {"node_id": 1418, "degree": 1, "node_type": "endpoint", "node_kind": null}, "geometry": {"type": "Point", "coordinates": [323788.65625, 4689584.5]}}, {"type": "Feature", "properties": {"node_id": 1419, "degree": 1, "node_type": "endpoint", "node_kind": null}, "geometry": {"type": "Point", "coordinates": [323788.0625, 4689586.5]}}, {"type": "Feature", "properties": {"node_id": 1420, "degree": 1, "node_type": "endpoint", "node_kind": null}, "geometry": {"type": "Point", "coordinates": [323760.0, 4689578.0]}}, {"type": "Feature", "properties": {"node_id": 1421, "degree": 1, "node_type": "endpoint", "node_kind": null}, "geometry": {"type": "Point", "coordinates": [323924.84375, 4689594.5]}}, {"type": "Feature", "properties": {"node_id": 1422, "degree": 1, "node_type": "endpoint", "node_kind": null}, "geometry": {"type": "Point", "coordinates": [323820.15625, 4689561.0]}}, {"type": "Feature", "properties": {"node_id": 1423, "degree": 1, "node_type": "endpoint", "node_kind": null}, "geometry": {"type": "Point", "coordinates": [323910.90625, 4688939.5]}}, {"type": "Feature", "properties": {"node_id": 1424, "degree": 2, "node_type": "endpoint", "node_kind": null}, "geometry": {"type": "Point", "coordinates": [323656.9375, 4689102.0]}}, {"type": "Feature", "properties": {"node_id": 1425, "degree": 2, "node_type": "endpoint", "node_kind": null}, "geometry": {"type": "Point", "coordinates": [323638.5, 4689119.0]}}, {"type": "Feature", "properties": {"node_id": 1426, "degree": 1, "node_type": "endpoint", "node_kind": null}, "geometry": {"type": "Point", "coordinates": [323592.4375, 4689168.5]}}, {"type": "Feature", "properties": {"node_id": 1427, "degree": 1, "node_type": "endpoint", "node_kind": null}, "geometry": {"type": "Point", "coordinates": [323594.25, 4689171.5]}}, {"type": "Feature", "properties": {"node_id": 1428, "degree": 2, "node_type": "endpoint", "node_kind": null}, "geometry": {"type": "Point", "coordinates": [323645.40625, 4689116.5]}}, {"type": "Feature", "properties": {"node_id": 1429, "degree": 1, "node_type": "endpoint", "node_kind": null}, "geometry": {"type": "Point", "coordinates": [323910.75, 4688943.0]}}, {"type": "Feature", "properties": {"node_id": 1430, "degree": 2, "node_type": "endpoint", "node_kind": null}, "geometry": {"type": "Point", "coordinates": [323657.5625, 4689106.0]}}, {"type": "Feature", "properties": {"node_id": 1431, "degree": 1, "node_type": "endpoint", "node_kind": null}, "geometry": {"type": "Point", "coordinates": [323648.5625, 4688190.0]}}, {"type": "Feature", "properties": {"node_id": 1432, "degree": 1, "node_type": "endpoint", "node_kind": null}, "geometry": {"type": "Point", "coordinates": [323686.8125, 4688147.5]}}, {"type": "Feature", "properties": {"node_id": 1433, "degree": 1, "node_type": "endpoint", "node_kind": null}, "geometry": {"type": "Point", "coordinates": [323588.25, 4687504.5]}}, {"type": "Feature", "properties": {"node_id": 1434, "degree": 1, "node_type": "endpoint", "node_kind": null}, "geometry": {"type": "Point", "coordinates": [323605.0625, 4687565.0]}}, {"type": "Feature", "properties": {"node_id": 1435, "degree": 1, "node_type": "endpoint", "node_kind": null}, "geometry": {"type": "Point", "coordinates": [323629.65625, 4688208.0]}}, {"type": "Feature", "properties": {"node_id": 1436, "degree": 1, "node_type": "endpoint", "node_kind": null}, "geometry": {"type": "Point", "coordinates": [323882.09375, 4687973.0]}}, {"type": "Feature", "properties": {"node_id": 1437, "degree": 1, "node_type": "endpoint", "node_kind": null}, "geometry": {"type": "Point", "coordinates": [323746.1875, 4687740.0]}}, {"type": "Feature", "properties": {"node_id": 1438, "degree": 1, "node_type": "endpoint", "node_kind": null}, "geometry": {"type": "Point", "coordinates": [323715.59375, 4687713.0]}}, {"type": "Feature", "properties": {"node_id": 1439, "degree": 1, "node_type": "endpoint", "node_kind": null}, "geometry": {"type": "Point", "coordinates": [323476.5, 4686978.5]}}, {"type": "Feature", "properties": {"node_id": 1440, "degree": 1, "node_type": "endpoint", "node_kind": null}, "geometry": {"type": "Point", "coordinates": [323449.9375, 4686907.0]}}, {"type": "Feature", "properties": {"node_id": 1441, "degree": 1, "node_type": "endpoint", "node_kind": null}, "geometry": {"type": "Point", "coordinates": [323453.25, 4686923.5]}}, {"type": "Feature", "properties": {"node_id": 1442, "degree": 1, "node_type": "endpoint", "node_kind": null}, "geometry": {"type": "Point", "coordinates": [323437.5, 4686880.0]}}, {"type": "Feature", "properties": {"node_id": 1443, "degree": 1, "node_type": "endpoint", "node_kind": null}, "geometry": {"type": "Point", "coordinates": [323579.09375, 4687348.0]}}, {"type": "Feature", "properties": {"node_id": 1444, "degree": 1, "node_type": "endpoint", "node_kind": null}, "geometry": {"type": "Point", "coordinates": [323577.90625, 4687399.0]}}, {"type": "Feature", "properties": {"node_id": 1445, "degree": 1, "node_type": "endpoint", "node_kind": null}, "geometry": {"type": "Point", "coordinates": [323910.4375, 4686956.5]}}, {"type": "Feature", "properties": {"node_id": 1446, "degree": 1, "node_type": "endpoint", "node_kind": null}, "geometry": {"type": "Point", "coordinates": [323674.65625, 4686528.5]}}, {"type": "Feature", "properties": {"node_id": 1447, "degree": 1, "node_type": "endpoint", "node_kind": null}, "geometry": {"type": "Point", "coordinates": [323818.65625, 4686404.5]}}, {"type": "Feature", "properties": {"node_id": 1448, "degree": 1, "node_type": "endpoint", "node_kind": null}, "geometry": {"type": "Point", "coordinates": [323680.9375, 4686457.0]}}, {"type": "Feature", "properties": {"node_id": 1449, "degree": 1, "node_type": "endpoint", "node_kind": null}, "geometry": {"type": "Point", "coordinates": [323631.4375, 4686490.5]}}, {"type": "Feature", "properties": {"node_id": 1450, "degree": 1, "node_type": "endpoint", "node_kind": null}, "geometry": {"type": "Point", "coordinates": [323692.8125, 4686568.0]}}, {"type": "Feature", "properties": {"node_id": 1451, "degree": 1, "node_type": "endpoint", "node_kind": null}, "geometry": {"type": "Point", "coordinates": [323980.34375, 4686350.5]}}, {"type": "Feature", "properties": {"node_id": 1452, "degree": 1, "node_type": "endpoint", "node_kind": null}, "geometry": {"type": "Point", "coordinates": [323762.09375, 4686427.0]}}, {"type": "Feature", "properties": {"node_id": 1453, "degree": 1, "node_type": "endpoint", "node_kind": null}, "geometry": {"type": "Point", "coordinates": [323425.1875, 4686794.0]}}, {"type": "Feature", "properties": {"node_id": 1454, "degree": 1, "node_type": "endpoint", "node_kind": null}, "geometry": {"type": "Point", "coordinates": [323415.15625, 4686767.0]}}, {"type": "Feature", "properties": {"node_id": 1455, "degree": 1, "node_type": "endpoint", "node_kind": null}, "geometry": {"type": "Point", "coordinates": [323819.09375, 4686406.5]}}, {"type": "Feature", "properties": {"node_id": 1456, "degree": 1, "node_type": "endpoint", "node_kind": null}, "geometry": {"type": "Point", "coordinates": [323681.40625, 4686458.5]}}, {"type": "Feature", "properties": {"node_id": 1457, "degree": 1, "node_type": "endpoint", "node_kind": null}, "geometry": {"type": "Point", "coordinates": [323670.59375, 4686530.0]}}, {"type": "Feature", "properties": {"node_id": 1458, "degree": 1, "node_type": "endpoint", "node_kind": null}, "geometry": {"type": "Point", "coordinates": [323691.0, 4686569.0]}}, {"type": "Feature", "properties": {"node_id": 1459, "degree": 2, "node_type": "endpoint", "node_kind": null}, "geometry": {"type": "Point", "coordinates": [323904.90625, 4684887.5]}}, {"type": "Feature", "properties": {"node_id": 1460, "degree": 1, "node_type": "endpoint", "node_kind": null}, "geometry": {"type": "Point", "coordinates": [323839.5, 4684846.5]}}, {"type": "Feature", "properties": {"node_id": 1461, "degree": 1, "node_type": "endpoint", "node_kind": null}, "geometry": {"type": "Point", "coordinates": [323640.75, 4684820.5]}}, {"type": "Feature", "properties": {"node_id": 1462, "degree": 1, "node_type": "endpoint", "node_kind": null}, "geometry": {"type": "Point", "coordinates": [323785.34375, 4684827.5]}}, {"type": "Feature", "properties": {"node_id": 1463, "degree": 1, "node_type": "endpoint", "node_kind": null}, "geometry": {"type": "Point", "coordinates": [323605.1875, 4684850.0]}}, {"type": "Feature", "properties": {"node_id": 1464, "degree": 1, "node_type": "endpoint", "node_kind": null}, "geometry": {"type": "Point", "coordinates": [323638.8125, 4684843.5]}}, {"type": "Feature", "properties": {"node_id": 1465, "degree": 1, "node_type": "endpoint", "node_kind": null}, "geometry": {"type": "Point", "coordinates": [323572.1875, 4684833.0]}}, {"type": "Feature", "properties": {"node_id": 1466, "degree": 1, "node_type": "endpoint", "node_kind": null}, "geometry": {"type": "Point", "coordinates": [323526.3125, 4684841.0]}}, {"type": "Feature", "properties": {"node_id": 1467, "degree": 1, "node_type": "endpoint", "node_kind": null}, "geometry": {"type": "Point", "coordinates": [323797.8125, 4684854.5]}}, {"type": "Feature", "properties": {"node_id": 1468, "degree": 1, "node_type": "endpoint", "node_kind": null}, "geometry": {"type": "Point", "coordinates": [323724.15625, 4684841.0]}}, {"type": "Feature", "properties": {"node_id": 1469, "degree": 1, "node_type": "endpoint", "node_kind": null}, "geometry": {"type": "Point", "coordinates": [323387.25, 4684867.0]}}, {"type": "Feature", "properties": {"node_id": 1470, "degree": 1, "node_type": "endpoint", "node_kind": null}, "geometry": {"type": "Point", "coordinates": [323449.34375, 4684855.5]}}, {"type": "Feature", "properties": {"node_id": 1471, "degree": 1, "node_type": "endpoint", "node_kind": null}, "geometry": {"type": "Point", "coordinates": [323594.5625, 4684322.0]}}, {"type": "Feature", "properties": {"node_id": 1472, "degree": 1, "node_type": "endpoint", "node_kind": null}, "geometry": {"type": "Point", "coordinates": [323573.40625, 4684299.0]}}, {"type": "Feature", "properties": {"node_id": 1473, "degree": 1, "node_type": "endpoint", "node_kind": null}, "geometry": {"type": "Point", "coordinates": [323347.1875, 4684074.5]}}, {"type": "Feature", "properties": {"node_id": 1474, "degree": 1, "node_type": "endpoint", "node_kind": null}, "geometry": {"type": "Point", "coordinates": [323242.8125, 4684028.5]}}, {"type": "Feature", "properties": {"node_id": 1475, "degree": 1, "node_type": "endpoint", "node_kind": null}, "geometry": {"type": "Point", "coordinates": [323466.15625, 4684183.5]}}, {"type": "Feature", "properties": {"node_id": 1476, "degree": 1, "node_type": "endpoint", "node_kind": null}, "geometry": {"type": "Point", "coordinates": [323489.84375, 4684208.5]}}, {"type": "Feature", "properties": {"node_id": 1477, "degree": 1, "node_type": "endpoint", "node_kind": null}, "geometry": {"type": "Point", "coordinates": [323770.1875, 4684524.5]}}, {"type": "Feature", "properties": {"node_id": 1478, "degree": 1, "node_type": "endpoint", "node_kind": null}, "geometry": {"type": "Point", "coordinates": [323791.5, 4684547.0]}}, {"type": "Feature", "properties": {"node_id": 1479, "degree": 1, "node_type": "endpoint", "node_kind": null}, "geometry": {"type": "Point", "coordinates": [323405.25, 4683768.0]}}, {"type": "Feature", "properties": {"node_id": 1480, "degree": 1, "node_type": "endpoint", "node_kind": null}, "geometry": {"type": "Point", "coordinates": [323442.15625, 4683767.5]}}, {"type": "Feature", "properties": {"node_id": 1481, "degree": 2, "node_type": "endpoint", "node_kind": null}, "geometry": {"type": "Point", "coordinates": [323766.75, 4683776.0]}}, {"type": "Feature", "properties": {"node_id": 1482, "degree": 1, "node_type": "endpoint", "node_kind": null}, "geometry": {"type": "Point", "coordinates": [323596.1875, 4683770.0]}}, {"type": "Feature", "properties": {"node_id": 1483, "degree": 1, "node_type": "endpoint", "node_kind": null}, "geometry": {"type": "Point", "coordinates": [323910.75, 4683765.5]}}, {"type": "Feature", "properties": {"node_id": 1484, "degree": 1, "node_type": "endpoint", "node_kind": null}, "geometry": {"type": "Point", "coordinates": [323799.3125, 4683765.5]}}, {"type": "Feature", "properties": {"node_id": 1485, "degree": 2, "node_type": "endpoint", "node_kind": null}, "geometry": {"type": "Point", "coordinates": [323745.59375, 4683766.0]}}, {"type": "Feature", "properties": {"node_id": 1486, "degree": 1, "node_type": "endpoint", "node_kind": null}, "geometry": {"type": "Point", "coordinates": [323648.40625, 4683762.0]}}, {"type": "Feature", "properties": {"node_id": 1487, "degree": 1, "node_type": "endpoint", "node_kind": null}, "geometry": {"type": "Point", "coordinates": [323693.6875, 4683762.0]}}, {"type": "Feature", "properties": {"node_id": 1488, "degree": 1, "node_type": "endpoint", "node_kind": null}, "geometry": {"type": "Point", "coordinates": [323642.09375, 4683760.0]}}, {"type": "Feature", "properties": {"node_id": 1489, "degree": 2, "node_type": "endpoint", "node_kind": null}, "geometry": {"type": "Point", "coordinates": [323790.75, 4683775.0]}}, {"type": "Feature", "properties": {"node_id": 1490, "degree": 1, "node_type": "endpoint", "node_kind": null}, "geometry": {"type": "Point", "coordinates": [323938.0625, 4683775.0]}}, {"type": "Feature", "properties": {"node_id": 1491, "degree": 1, "node_type": "endpoint", "node_kind": null}, "geometry": {"type": "Point", "coordinates": [323758.65625, 4683772.5]}}, {"type": "Feature", "properties": {"node_id": 1492, "degree": 1, "node_type": "endpoint", "node_kind": null}, "geometry": {"type": "Point", "coordinates": [323632.0625, 4683767.5]}}, {"type": "Feature", "properties": {"node_id": 1493, "degree": 2, "node_type": "endpoint", "node_kind": null}, "geometry": {"type": "Point", "coordinates": [323784.0, 4683769.0]}}, {"type": "Feature", "properties": {"node_id": 1494, "degree": 1, "node_type": "endpoint", "node_kind": null}, "geometry": {"type": "Point", "coordinates": [323910.0, 4683769.5]}}, {"type": "Feature", "properties": {"node_id": 1495, "degree": 1, "node_type": "endpoint", "node_kind": null}, "geometry": {"type": "Point", "coordinates": [323570.84375, 4682653.5]}}, {"type": "Feature", "properties": {"node_id": 1496, "degree": 1, "node_type": "endpoint", "node_kind": null}, "geometry": {"type": "Point", "coordinates": [323719.65625, 4682815.0]}}, {"type": "Feature", "properties": {"node_id": 1497, "degree": 1, "node_type": "endpoint", "node_kind": null}, "geometry": {"type": "Point", "coordinates": [323568.3125, 4682655.5]}}, {"type": "Feature", "properties": {"node_id": 1498, "degree": 1, "node_type": "endpoint", "node_kind": null}, "geometry": {"type": "Point", "coordinates": [323596.0625, 4682685.5]}}, {"type": "Feature", "properties": {"node_id": 1499, "degree": 1, "node_type": "endpoint", "node_kind": null}, "geometry": {"type": "Point", "coordinates": [323893.5, 4697898.5]}}, {"type": "Feature", "properties": {"node_id": 1500, "degree": 1, "node_type": "endpoint", "node_kind": null}, "geometry": {"type": "Point", "coordinates": [323966.5625, 4697997.0]}}, {"type": "Feature", "properties": {"node_id": 1501, "degree": 1, "node_type": "endpoint", "node_kind": null}, "geometry": {"type": "Point", "coordinates": [324414.0, 4680222.5]}}, {"type": "Feature", "properties": {"node_id": 1502, "degree": 1, "node_type": "endpoint", "node_kind": null}, "geometry": {"type": "Point", "coordinates": [324345.90625, 4680124.5]}}, {"type": "Feature", "properties": {"node_id": 1503, "degree": 1, "node_type": "endpoint", "node_kind": null}, "geometry": {"type": "Point", "coordinates": [324223.34375, 4679987.0]}}, {"type": "Feature", "properties": {"node_id": 1504, "degree": 1, "node_type": "endpoint", "node_kind": null}, "geometry": {"type": "Point", "coordinates": [324282.0, 4680052.5]}}, {"type": "Feature", "properties": {"node_id": 1505, "degree": 1, "node_type": "endpoint", "node_kind": null}, "geometry": {"type": "Point", "coordinates": [324220.65625, 4679992.5]}}, {"type": "Feature", "properties": {"node_id": 1506, "degree": 1, "node_type": "endpoint", "node_kind": null}, "geometry": {"type": "Point", "coordinates": [324287.84375, 4680066.0]}}, {"type": "Feature", "properties": {"node_id": 1507, "degree": 1, "node_type": "endpoint", "node_kind": null}, "geometry": {"type": "Point", "coordinates": [324474.3125, 4680287.5]}}, {"type": "Feature", "properties": {"node_id": 1508, "degree": 1, "node_type": "endpoint", "node_kind": null}, "geometry": {"type": "Point", "coordinates": [324628.1875, 4680333.5]}}, {"type": "Feature", "properties": {"node_id": 1509, "degree": 1, "node_type": "endpoint", "node_kind": null}, "geometry": {"type": "Point", "coordinates": [323972.25, 4678676.0]}}, {"type": "Feature", "properties": {"node_id": 1510, "degree": 1, "node_type": "endpoint", "node_kind": null}, "geometry": {"type": "Point", "coordinates": [323946.90625, 4678609.0]}}, {"type": "Feature", "properties": {"node_id": 1511, "degree": 2, "node_type": "endpoint", "node_kind": null}, "geometry": {"type": "Point", "coordinates": [324067.5, 4678514.0]}}, {"type": "Feature", "properties": {"node_id": 1512, "degree": 1, "node_type": "endpoint", "node_kind": null}, "geometry": {"type": "Point", "coordinates": [324032.25, 4678464.5]}}, {"type": "Feature", "properties": {"node_id": 1513, "degree": 1, "node_type": "endpoint", "node_kind": null}, "geometry": {"type": "Point", "coordinates": [324106.1875, 4678582.5]}}, {"type": "Feature", "properties": {"node_id": 1514, "degree": 1, "node_type": "endpoint", "node_kind": null}, "geometry": {"type": "Point", "coordinates": [324086.5625, 4678555.0]}}, {"type": "Feature", "properties": {"node_id": 1515, "degree": 2, "node_type": "endpoint", "node_kind": null}, "geometry": {"type": "Point", "coordinates": [324062.6875, 4678513.0]}}, {"type": "Feature", "properties": {"node_id": 1516, "degree": 1, "node_type": "endpoint", "node_kind": null}, "geometry": {"type": "Point", "coordinates": [324030.75, 4678468.5]}}, {"type": "Feature", "properties": {"node_id": 1517, "degree": 2, "node_type": "endpoint", "node_kind": null}, "geometry": {"type": "Point", "coordinates": [324093.3125, 4678551.5]}}, {"type": "Feature", "properties": {"node_id": 1518, "degree": 1, "node_type": "endpoint", "node_kind": null}, "geometry": {"type": "Point", "coordinates": [324121.34375, 4678589.5]}}, {"type": "Feature", "properties": {"node_id": 1519, "degree": 1, "node_type": "endpoint", "node_kind": null}, "geometry": {"type": "Point", "coordinates": [324109.65625, 4678304.5]}}, {"type": "Feature", "properties": {"node_id": 1520, "degree": 1, "node_type": "endpoint", "node_kind": null}, "geometry": {"type": "Point", "coordinates": [324141.0, 4678292.5]}}, {"type": "Feature", "properties": {"node_id": 1521, "degree": 2, "node_type": "endpoint", "node_kind": null}, "geometry": {"type": "Point", "coordinates": [324090.0, 4678554.5]}}, {"type": "Feature", "properties": {"node_id": 1522, "degree": 1, "node_type": "endpoint", "node_kind": null}, "geometry": {"type": "Point", "coordinates": [324121.8125, 4678600.0]}}, {"type": "Feature", "properties": {"node_id": 1523, "degree": 1, "node_type": "endpoint", "node_kind": null}, "geometry": {"type": "Point", "coordinates": [324027.59375, 4678469.5]}}, {"type": "Feature", "properties": {"node_id": 1524, "degree": 1, "node_type": "endpoint", "node_kind": null}, "geometry": {"type": "Point", "coordinates": [324059.25, 4678514.5]}}, {"type": "Feature", "properties": {"node_id": 1525, "degree": 1, "node_type": "endpoint", "node_kind": null}, "geometry": {"type": "Point", "coordinates": [324052.5, 4678398.0]}}, {"type": "Feature", "properties": {"node_id": 1526, "degree": 1, "node_type": "endpoint", "node_kind": null}, "geometry": {"type": "Point", "coordinates": [324063.15625, 4678376.5]}}, {"type": "Feature", "properties": {"node_id": 1527, "degree": 1, "node_type": "endpoint", "node_kind": null}, "geometry": {"type": "Point", "coordinates": [324421.65625, 4694825.0]}}, {"type": "Feature", "properties": {"node_id": 1528, "degree": 1, "node_type": "endpoint", "node_kind": null}, "geometry": {"type": "Point", "coordinates": [324396.75, 4694839.5]}}, {"type": "Feature", "properties": {"node_id": 1529, "degree": 1, "node_type": "endpoint", "node_kind": null}, "geometry": {"type": "Point", "coordinates": [324291.4375, 4694792.5]}}, {"type": "Feature", "properties": {"node_id": 1530, "degree": 1, "node_type": "endpoint", "node_kind": null}, "geometry": {"type": "Point", "coordinates": [324420.0, 4694736.0]}}, {"type": "Feature", "properties": {"node_id": 1531, "degree": 1, "node_type": "endpoint", "node_kind": null}, "geometry": {"type": "Point", "coordinates": [324116.09375, 4694851.5]}}, {"type": "Feature", "properties": {"node_id": 1532, "degree": 1, "node_type": "endpoint", "node_kind": null}, "geometry": {"type": "Point", "coordinates": [324069.4375, 4694777.5]}}, {"type": "Feature", "properties": {"node_id": 1533, "degree": 1, "node_type": "endpoint", "node_kind": null}, "geometry": {"type": "Point", "coordinates": [324291.90625, 4694793.5]}}, {"type": "Feature", "properties": {"node_id": 1534, "degree": 1, "node_type": "endpoint", "node_kind": null}, "geometry": {"type": "Point", "coordinates": [324420.90625, 4694737.5]}}, {"type": "Feature", "properties": {"node_id": 1535, "degree": 1, "node_type": "endpoint", "node_kind": null}, "geometry": {"type": "Point", "coordinates": [323949.0, 4694838.5]}}, {"type": "Feature", "properties": {"node_id": 1536, "degree": 1, "node_type": "endpoint", "node_kind": null}, "geometry": {"type": "Point", "coordinates": [323991.75, 4694813.0]}}, {"type": "Feature", "properties": {"node_id": 1537, "degree": 1, "node_type": "endpoint", "node_kind": null}, "geometry": {"type": "Point", "coordinates": [324343.65625, 4694864.0]}}, {"type": "Feature", "properties": {"node_id": 1538, "degree": 1, "node_type": "endpoint", "node_kind": null}, "geometry": {"type": "Point", "coordinates": [324321.59375, 4694874.5]}}, {"type": "Feature", "properties": {"node_id": 1539, "degree": 2, "node_type": "endpoint", "node_kind": null}, "geometry": {"type": "Point", "coordinates": [324188.6875, 4694341.0]}}, {"type": "Feature", "properties": {"node_id": 1540, "degree": 1, "node_type": "endpoint", "node_kind": null}, "geometry": {"type": "Point", "coordinates": [324282.90625, 4694348.5]}}, {"type": "Feature", "properties": {"node_id": 1541, "degree": 1, "node_type": "endpoint", "node_kind": null}, "geometry": {"type": "Point", "coordinates": [324326.84375, 4694345.0]}}, {"type": "Feature", "properties": {"node_id": 1542, "degree": 1, "node_type": "endpoint", "node_kind": null}, "geometry": {"type": "Point", "coordinates": [324556.9375, 4694430.0]}}, {"type": "Feature", "properties": {"node_id": 1543, "degree": 1, "node_type": "endpoint", "node_kind": null}, "geometry": {"type": "Point", "coordinates": [324456.0, 4694322.0]}}, {"type": "Feature", "properties": {"node_id": 1544, "degree": 1, "node_type": "endpoint", "node_kind": null}, "geometry": {"type": "Point", "coordinates": [324248.25, 4694337.5]}}, {"type": "Feature", "properties": {"node_id": 1545, "degree": 1, "node_type": "endpoint", "node_kind": null}, "geometry": {"type": "Point", "coordinates": [323969.5625, 4694324.0]}}, {"type": "Feature", "properties": {"node_id": 1546, "degree": 2, "node_type": "endpoint", "node_kind": null}, "geometry": {"type": "Point", "coordinates": [323841.3125, 4694297.0]}}, {"type": "Feature", "properties": {"node_id": 1547, "degree": 1, "node_type": "endpoint", "node_kind": null}, "geometry": {"type": "Point", "coordinates": [324214.34375, 4693867.0]}}, {"type": "Feature", "properties": {"node_id": 1548, "degree": 1, "node_type": "endpoint", "node_kind": null}, "geometry": {"type": "Point", "coordinates": [324189.59375, 4693862.5]}}, {"type": "Feature", "properties": {"node_id": 1549, "degree": 1, "node_type": "endpoint", "node_kind": null}, "geometry": {"type": "Point", "coordinates": [324064.34375, 4693836.5]}}, {"type": "Feature", "properties": {"node_id": 1550, "degree": 1, "node_type": "endpoint", "node_kind": null}, "geometry": {"type": "Point", "coordinates": [324197.84375, 4693862.5]}}, {"type": "Feature", "properties": {"node_id": 1551, "degree": 1, "node_type": "endpoint", "node_kind": null}, "geometry": {"type": "Point", "coordinates": [324062.25, 4694332.0]}}, {"type": "Feature", "properties": {"node_id": 1552, "degree": 2, "node_type": "endpoint", "node_kind": null}, "geometry": {"type": "Point", "coordinates": [324161.5625, 4694339.0]}}, {"type": "Feature", "properties": {"node_id": 1553, "degree": 1, "node_type": "endpoint", "node_kind": null}, "geometry": {"type": "Point", "coordinates": [323933.5625, 4693809.0]}}, {"type": "Feature", "properties": {"node_id": 1554, "degree": 1, "node_type": "endpoint", "node_kind": null}, "geometry": {"type": "Point", "coordinates": [323959.0625, 4693814.5]}}, {"type": "Feature", "properties": {"node_id": 1555, "degree": 1, "node_type": "endpoint", "node_kind": null}, "geometry": {"type": "Point", "coordinates": [324190.0625, 4693625.0]}}, {"type": "Feature", "properties": {"node_id": 1556, "degree": 1, "node_type": "endpoint", "node_kind": null}, "geometry": {"type": "Point", "coordinates": [324324.3125, 4693610.5]}}, {"type": "Feature", "properties": {"node_id": 1557, "degree": 1, "node_type": "endpoint", "node_kind": null}, "geometry": {"type": "Point", "coordinates": [324222.59375, 4693232.5]}}, {"type": "Feature", "properties": {"node_id": 1558, "degree": 1, "node_type": "endpoint", "node_kind": null}, "geometry": {"type": "Point", "coordinates": [324220.8125, 4693323.0]}}, {"type": "Feature", "properties": {"node_id": 1559, "degree": 1, "node_type": "endpoint", "node_kind": null}, "geometry": {"type": "Point", "coordinates": [324158.25, 4692291.0]}}, {"type": "Feature", "properties": {"node_id": 1560, "degree": 1, "node_type": "endpoint", "node_kind": null}, "geometry": {"type": "Point", "coordinates": [324022.34375, 4691891.5]}}, {"type": "Feature", "properties": {"node_id": 1561, "degree": 1, "node_type": "endpoint", "node_kind": null}, "geometry": {"type": "Point", "coordinates": [324269.40625, 4692329.0]}}, {"type": "Feature", "properties": {"node_id": 1562, "degree": 1, "node_type": "endpoint", "node_kind": null}, "geometry": {"type": "Point", "coordinates": [324405.4375, 4692318.0]}}, {"type": "Feature", "properties": {"node_id": 1563, "degree": 1, "node_type": "endpoint", "node_kind": null}, "geometry": {"type": "Point", "coordinates": [324008.40625, 4692280.0]}}, {"type": "Feature", "properties": {"node_id": 1564, "degree": 1, "node_type": "endpoint", "node_kind": null}, "geometry": {"type": "Point", "coordinates": [324047.5625, 4692286.0]}}, {"type": "Feature", "properties": {"node_id": 1565, "degree": 2, "node_type": "endpoint", "node_kind": null}, "geometry": {"type": "Point", "coordinates": [324451.0625, 4692295.5]}}, {"type": "Feature", "properties": {"node_id": 1566, "degree": 1, "node_type": "endpoint", "node_kind": null}, "geometry": {"type": "Point", "coordinates": [324425.6875, 4692304.0]}}, {"type": "Feature", "properties": {"node_id": 1567, "degree": 1, "node_type": "endpoint", "node_kind": null}, "geometry": {"type": "Point", "coordinates": [324137.25, 4692244.0]}}, {"type": "Feature", "properties": {"node_id": 1568, "degree": 1, "node_type": "endpoint", "node_kind": null}, "geometry": {"type": "Point", "coordinates": [324149.09375, 4692286.0]}}, {"type": "Feature", "properties": {"node_id": 1569, "degree": 1, "node_type": "endpoint", "node_kind": null}, "geometry": {"type": "Point", "coordinates": [323942.6875, 4692132.0]}}, {"type": "Feature", "properties": {"node_id": 1570, "degree": 1, "node_type": "endpoint", "node_kind": null}, "geometry": {"type": "Point", "coordinates": [323919.59375, 4692069.5]}}, {"type": "Feature", "properties": {"node_id": 1571, "degree": 1, "node_type": "endpoint", "node_kind": null}, "geometry": {"type": "Point", "coordinates": [324312.59375, 4692334.5]}}, {"type": "Feature", "properties": {"node_id": 1572, "degree": 1, "node_type": "endpoint", "node_kind": null}, "geometry": {"type": "Point", "coordinates": [324375.3125, 4692327.5]}}, {"type": "Feature", "properties": {"node_id": 1573, "degree": 2, "node_type": "endpoint", "node_kind": null}, "geometry": {"type": "Point", "coordinates": [324453.3125, 4692296.0]}}, {"type": "Feature", "properties": {"node_id": 1574, "degree": 1, "node_type": "endpoint", "node_kind": null}, "geometry": {"type": "Point", "coordinates": [324491.09375, 4692282.5]}}, {"type": "Feature", "properties": {"node_id": 1575, "degree": 1, "node_type": "endpoint", "node_kind": null}, "geometry": {"type": "Point", "coordinates": [324467.5625, 4691522.5]}}, {"type": "Feature", "properties": {"node_id": 1576, "degree": 1, "node_type": "endpoint", "node_kind": null}, "geometry": {"type": "Point", "coordinates": [324373.8125, 4691477.0]}}, {"type": "Feature", "properties": {"node_id": 1577, "degree": 1, "node_type": "endpoint", "node_kind": null}, "geometry": {"type": "Point", "coordinates": [323966.40625, 4691791.5]}}, {"type": "Feature", "properties": {"node_id": 1578, "degree": 2, "node_type": "endpoint", "node_kind": null}, "geometry": {"type": "Point", "coordinates": [323932.0625, 4691710.5]}}, {"type": "Feature", "properties": {"node_id": 1579, "degree": 1, "node_type": "endpoint", "node_kind": null}, "geometry": {"type": "Point", "coordinates": [324043.0625, 4691969.5]}}, {"type": "Feature", "properties": {"node_id": 1580, "degree": 1, "node_type": "endpoint", "node_kind": null}, "geometry": {"type": "Point", "coordinates": [324020.25, 4691902.5]}}, {"type": "Feature", "properties": {"node_id": 1581, "degree": 1, "node_type": "endpoint", "node_kind": null}, "geometry": {"type": "Point", "coordinates": [323897.6875, 4691579.5]}}, {"type": "Feature", "properties": {"node_id": 1582, "degree": 1, "node_type": "endpoint", "node_kind": null}, "geometry": {"type": "Point", "coordinates": [323934.75, 4691699.0]}}, {"type": "Feature", "properties": {"node_id": 1583, "degree": 1, "node_type": "endpoint", "node_kind": null}, "geometry": {"type": "Point", "coordinates": [324126.0, 4691338.5]}}, {"type": "Feature", "properties": {"node_id": 1584, "degree": 1, "node_type": "endpoint", "node_kind": null}, "geometry": {"type": "Point", "coordinates": [324251.84375, 4691404.0]}}, {"type": "Feature", "properties": {"node_id": 1585, "degree": 1, "node_type": "endpoint", "node_kind": null}, "geometry": {"type": "Point", "coordinates": [324289.9375, 4691414.0]}}, {"type": "Feature", "properties": {"node_id": 1586, "degree": 1, "node_type": "endpoint", "node_kind": null}, "geometry": {"type": "Point", "coordinates": [324112.9375, 4691319.5]}}, {"type": "Feature", "properties": {"node_id": 1587, "degree": 1, "node_type": "endpoint", "node_kind": null}, "geometry": {"type": "Point", "coordinates": [323918.84375, 4691216.0]}}, {"type": "Feature", "properties": {"node_id": 1588, "degree": 1, "node_type": "endpoint", "node_kind": null}, "geometry": {"type": "Point", "coordinates": [323947.0625, 4691229.0]}}, {"type": "Feature", "properties": {"node_id": 1589, "degree": 1, "node_type": "endpoint", "node_kind": null}, "geometry": {"type": "Point", "coordinates": [324232.9375, 4691384.0]}}, {"type": "Feature", "properties": {"node_id": 1590, "degree": 1, "node_type": "endpoint", "node_kind": null}, "geometry": {"type": "Point", "coordinates": [324210.75, 4691372.5]}}, {"type": "Feature", "properties": {"node_id": 1591, "degree": 1, "node_type": "endpoint", "node_kind": null}, "geometry": {"type": "Point", "coordinates": [324302.40625, 4691199.0]}}, {"type": "Feature", "properties": {"node_id": 1592, "degree": 1, "node_type": "endpoint", "node_kind": null}, "geometry": {"type": "Point", "coordinates": [324239.40625, 4691211.0]}}, {"type": "Feature", "properties": {"node_id": 1593, "degree": 1, "node_type": "endpoint", "node_kind": null}, "geometry": {"type": "Point", "coordinates": [324440.40625, 4690971.5]}}, {"type": "Feature", "properties": {"node_id": 1594, "degree": 1, "node_type": "endpoint", "node_kind": null}, "geometry": {"type": "Point", "coordinates": [324419.5625, 4691044.5]}}, {"type": "Feature", "properties": {"node_id": 1595, "degree": 1, "node_type": "endpoint", "node_kind": null}, "geometry": {"type": "Point", "coordinates": [324479.40625, 4690904.5]}}, {"type": "Feature", "properties": {"node_id": 1596, "degree": 1, "node_type": "endpoint", "node_kind": null}, "geometry": {"type": "Point", "coordinates": [324457.34375, 4690958.5]}}, {"type": "Feature", "properties": {"node_id": 1597, "degree": 1, "node_type": "endpoint", "node_kind": null}, "geometry": {"type": "Point", "coordinates": [324159.15625, 4689731.5]}}, {"type": "Feature", "properties": {"node_id": 1598, "degree": 1, "node_type": "endpoint", "node_kind": null}, "geometry": {"type": "Point", "coordinates": [324006.75, 4689903.0]}}, {"type": "Feature", "properties": {"node_id": 1599, "degree": 1, "node_type": "endpoint", "node_kind": null}, "geometry": {"type": "Point", "coordinates": [324146.40625, 4690393.0]}}, {"type": "Feature", "properties": {"node_id": 1600, "degree": 1, "node_type": "endpoint", "node_kind": null}, "geometry": {"type": "Point", "coordinates": [324799.1875, 4690032.5]}}, {"type": "Feature", "properties": {"node_id": 1601, "degree": 1, "node_type": "endpoint", "node_kind": null}, "geometry": {"type": "Point", "coordinates": [324488.5625, 4689535.5]}}, {"type": "Feature", "properties": {"node_id": 1602, "degree": 1, "node_type": "endpoint", "node_kind": null}, "geometry": {"type": "Point", "coordinates": [324357.4375, 4689558.0]}}, {"type": "Feature", "properties": {"node_id": 1603, "degree": 1, "node_type": "endpoint", "node_kind": null}, "geometry": {"type": "Point", "coordinates": [324312.0, 4689560.0]}}, {"type": "Feature", "properties": {"node_id": 1604, "degree": 1, "node_type": "endpoint", "node_kind": null}, "geometry": {"type": "Point", "coordinates": [324201.90625, 4689585.5]}}, {"type": "Feature", "properties": {"node_id": 1605, "degree": 1, "node_type": "endpoint", "node_kind": null}, "geometry": {"type": "Point", "coordinates": [323928.3125, 4689618.5]}}, {"type": "Feature", "properties": {"node_id": 1606, "degree": 1, "node_type": "endpoint", "node_kind": null}, "geometry": {"type": "Point", "coordinates": [323970.0, 4689632.5]}}, {"type": "Feature", "properties": {"node_id": 1607, "degree": 1, "node_type": "endpoint", "node_kind": null}, "geometry": {"type": "Point", "coordinates": [324478.1875, 4689539.5]}}, {"type": "Feature", "properties": {"node_id": 1608, "degree": 1, "node_type": "endpoint", "node_kind": null}, "geometry": {"type": "Point", "coordinates": [324589.9375, 4689557.0]}}, {"type": "Feature", "properties": {"node_id": 1609, "degree": 1, "node_type": "endpoint", "node_kind": null}, "geometry": {"type": "Point", "coordinates": [324232.9375, 4689711.0]}}, {"type": "Feature", "properties": {"node_id": 1610, "degree": 1, "node_type": "endpoint", "node_kind": null}, "geometry": {"type": "Point", "coordinates": [324514.5, 4689716.0]}}, {"type": "Feature", "properties": {"node_id": 1611, "degree": 1, "node_type": "endpoint", "node_kind": null}, "geometry": {"type": "Point", "coordinates": [324594.4375, 4689557.0]}}, {"type": "Feature", "properties": {"node_id": 1612, "degree": 1, "node_type": "endpoint", "node_kind": null}, "geometry": {"type": "Point", "coordinates": [324321.0, 4689568.0]}}, {"type": "Feature", "properties": {"node_id": 1613, "degree": 1, "node_type": "endpoint", "node_kind": null}, "geometry": {"type": "Point", "coordinates": [324312.0, 4689562.0]}}, {"type": "Feature", "properties": {"node_id": 1614, "degree": 1, "node_type": "endpoint", "node_kind": null}, "geometry": {"type": "Point", "coordinates": [324245.6875, 4689576.0]}}, {"type": "Feature", "properties": {"node_id": 1615, "degree": 1, "node_type": "endpoint", "node_kind": null}, "geometry": {"type": "Point", "coordinates": [324235.34375, 4689586.0]}}, {"type": "Feature", "properties": {"node_id": 1616, "degree": 1, "node_type": "endpoint", "node_kind": null}, "geometry": {"type": "Point", "coordinates": [324172.34375, 4689608.0]}}, {"type": "Feature", "properties": {"node_id": 1617, "degree": 1, "node_type": "endpoint", "node_kind": null}, "geometry": {"type": "Point", "coordinates": [324235.8125, 4689588.0]}}, {"type": "Feature", "properties": {"node_id": 1618, "degree": 1, "node_type": "endpoint", "node_kind": null}, "geometry": {"type": "Point", "coordinates": [324149.40625, 4689624.0]}}, {"type": "Feature", "properties": {"node_id": 1619, "degree": 1, "node_type": "endpoint", "node_kind": null}, "geometry": {"type": "Point", "coordinates": [324160.34375, 4689733.0]}}, {"type": "Feature", "properties": {"node_id": 1620, "degree": 1, "node_type": "endpoint", "node_kind": null}, "geometry": {"type": "Point", "coordinates": [324138.59375, 4689754.5]}}, {"type": "Feature", "properties": {"node_id": 1621, "degree": 1, "node_type": "endpoint", "node_kind": null}, "geometry": {"type": "Point", "coordinates": [324373.8125, 4688719.5]}}, {"type": "Feature", "properties": {"node_id": 1622, "degree": 2, "node_type": "endpoint", "node_kind": null}, "geometry": {"type": "Point", "coordinates": [324339.75, 4688666.0]}}, {"type": "Feature", "properties": {"node_id": 1623, "degree": 1, "node_type": "endpoint", "node_kind": null}, "geometry": {"type": "Point", "coordinates": [324132.3125, 4688700.5]}}, {"type": "Feature", "properties": {"node_id": 1624, "degree": 1, "node_type": "endpoint", "node_kind": null}, "geometry": {"type": "Point", "coordinates": [323760.0, 4689047.0]}}, {"type": "Feature", "properties": {"node_id": 1625, "degree": 1, "node_type": "endpoint", "node_kind": null}, "geometry": {"type": "Point", "coordinates": [324127.34375, 4688703.5]}}, {"type": "Feature", "properties": {"node_id": 1626, "degree": 1, "node_type": "endpoint", "node_kind": null}, "geometry": {"type": "Point", "coordinates": [323760.0, 4689042.5]}}, {"type": "Feature", "properties": {"node_id": 1627, "degree": 1, "node_type": "endpoint", "node_kind": null}, "geometry": {"type": "Point", "coordinates": [324372.15625, 4688708.0]}}, {"type": "Feature", "properties": {"node_id": 1628, "degree": 1, "node_type": "endpoint", "node_kind": null}, "geometry": {"type": "Point", "coordinates": [324399.90625, 4688770.5]}}, {"type": "Feature", "properties": {"node_id": 1629, "degree": 1, "node_type": "endpoint", "node_kind": null}, "geometry": {"type": "Point", "coordinates": [324310.65625, 4688638.0]}}, {"type": "Feature", "properties": {"node_id": 1630, "degree": 2, "node_type": "endpoint", "node_kind": null}, "geometry": {"type": "Point", "coordinates": [324334.34375, 4688659.5]}}, {"type": "Feature", "properties": {"node_id": 1631, "degree": 1, "node_type": "endpoint", "node_kind": null}, "geometry": {"type": "Point", "coordinates": [323760.4375, 4686764.0]}}, {"type": "Feature", "properties": {"node_id": 1632, "degree": 1, "node_type": "endpoint", "node_kind": null}, "geometry": {"type": "Point", "coordinates": [324184.1875, 4686943.0]}}, {"type": "Feature", "properties": {"node_id": 1633, "degree": 1, "node_type": "endpoint", "node_kind": null}, "geometry": {"type": "Point", "coordinates": [324040.34375, 4686334.5]}}, {"type": "Feature", "properties": {"node_id": 1634, "degree": 1, "node_type": "endpoint", "node_kind": null}, "geometry": {"type": "Point", "coordinates": [324068.6875, 4686326.5]}}, {"type": "Feature", "properties": {"node_id": 1635, "degree": 1, "node_type": "endpoint", "node_kind": null}, "geometry": {"type": "Point", "coordinates": [324080.09375, 4686324.5]}}, {"type": "Feature", "properties": {"node_id": 1636, "degree": 1, "node_type": "endpoint", "node_kind": null}, "geometry": {"type": "Point", "coordinates": [324038.40625, 4686333.0]}}, {"type": "Feature", "properties": {"node_id": 1637, "degree": 1, "node_type": "endpoint", "node_kind": null}, "geometry": {"type": "Point", "coordinates": [324371.40625, 4696392.5]}}, {"type": "Feature", "properties": {"node_id": 1638, "degree": 1, "node_type": "endpoint", "node_kind": null}, "geometry": {"type": "Point", "coordinates": [324319.65625, 4696424.0]}}, {"type": "Feature", "properties": {"node_id": 1639, "degree": 1, "node_type": "endpoint", "node_kind": null}, "geometry": {"type": "Point", "coordinates": [324476.84375, 4696335.0]}}, {"type": "Feature", "properties": {"node_id": 1640, "degree": 1, "node_type": "endpoint", "node_kind": null}, "geometry": {"type": "Point", "coordinates": [324458.6875, 4696350.5]}}, {"type": "Feature", "properties": {"node_id": 1641, "degree": 1, "node_type": "endpoint", "node_kind": null}, "geometry": {"type": "Point", "coordinates": [324335.25, 4696435.5]}}, {"type": "Feature", "properties": {"node_id": 1642, "degree": 1, "node_type": "endpoint", "node_kind": null}, "geometry": {"type": "Point", "coordinates": [324293.84375, 4696461.0]}}, {"type": "Feature", "properties": {"node_id": 1643, "degree": 1, "node_type": "endpoint", "node_kind": null}, "geometry": {"type": "Point", "coordinates": [324403.34375, 4696370.5]}}, {"type": "Feature", "properties": {"node_id": 1644, "degree": 1, "node_type": "endpoint", "node_kind": null}, "geometry": {"type": "Point", "coordinates": [324338.09375, 4696410.5]}}, {"type": "Feature", "properties": {"node_id": 1645, "degree": 1, "node_type": "endpoint", "node_kind": null}, "geometry": {"type": "Point", "coordinates": [324290.25, 4696440.5]}}, {"type": "Feature", "properties": {"node_id": 1646, "degree": 1, "node_type": "endpoint", "node_kind": null}, "geometry": {"type": "Point", "coordinates": [324369.4375, 4696391.5]}}, {"type": "Feature", "properties": {"node_id": 1647, "degree": 1, "node_type": "endpoint", "node_kind": null}, "geometry": {"type": "Point", "coordinates": [324032.6875, 4686325.5]}}, {"type": "Feature", "properties": {"node_id": 1648, "degree": 1, "node_type": "endpoint", "node_kind": null}, "geometry": {"type": "Point", "coordinates": [324066.90625, 4686313.5]}}, {"type": "Feature", "properties": {"node_id": 1649, "degree": 1, "node_type": "endpoint", "node_kind": null}, "geometry": {"type": "Point", "coordinates": [324452.09375, 4684967.0]}}, {"type": "Feature", "properties": {"node_id": 1650, "degree": 1, "node_type": "endpoint", "node_kind": null}, "geometry": {"type": "Point", "coordinates": [324460.1875, 4684945.0]}}, {"type": "Feature", "properties": {"node_id": 1651, "degree": 1, "node_type": "endpoint", "node_kind": null}, "geometry": {"type": "Point", "coordinates": [324308.40625, 4685016.5]}}, {"type": "Feature", "properties": {"node_id": 1652, "degree": 1, "node_type": "endpoint", "node_kind": null}, "geometry": {"type": "Point", "coordinates": [324365.84375, 4685050.5]}}, {"type": "Feature", "properties": {"node_id": 1653, "degree": 1, "node_type": "endpoint", "node_kind": null}, "geometry": {"type": "Point", "coordinates": [324358.9375, 4684600.0]}}, {"type": "Feature", "properties": {"node_id": 1654, "degree": 1, "node_type": "endpoint", "node_kind": null}, "geometry": {"type": "Point", "coordinates": [324358.34375, 4684623.5]}}, {"type": "Feature", "properties": {"node_id": 1655, "degree": 1, "node_type": "endpoint", "node_kind": null}, "geometry": {"type": "Point", "coordinates": [324371.40625, 4685029.5]}}, {"type": "Feature", "properties": {"node_id": 1656, "degree": 1, "node_type": "endpoint", "node_kind": null}, "geometry": {"type": "Point", "coordinates": [324240.59375, 4684960.5]}}, {"type": "Feature", "properties": {"node_id": 1657, "degree": 1, "node_type": "endpoint", "node_kind": null}, "geometry": {"type": "Point", "coordinates": [324460.0625, 4684921.5]}}, {"type": "Feature", "properties": {"node_id": 1658, "degree": 1, "node_type": "endpoint", "node_kind": null}, "geometry": {"type": "Point", "coordinates": [324432.4375, 4684998.0]}}, {"type": "Feature", "properties": {"node_id": 1659, "degree": 1, "node_type": "endpoint", "node_kind": null}, "geometry": {"type": "Point", "coordinates": [324441.3125, 4685011.0]}}, {"type": "Feature", "properties": {"node_id": 1660, "degree": 1, "node_type": "endpoint", "node_kind": null}, "geometry": {"type": "Point", "coordinates": [324440.40625, 4685051.0]}}, {"type": "Feature", "properties": {"node_id": 1661, "degree": 1, "node_type": "endpoint", "node_kind": null}, "geometry": {"type": "Point", "coordinates": [324439.5, 4685010.5]}}, {"type": "Feature", "properties": {"node_id": 1662, "degree": 1, "node_type": "endpoint", "node_kind": null}, "geometry": {"type": "Point", "coordinates": [324438.4375, 4685051.0]}}, {"type": "Feature", "properties": {"node_id": 1663, "degree": 1, "node_type": "endpoint", "node_kind": null}, "geometry": {"type": "Point", "coordinates": [324449.09375, 4685120.5]}}, {"type": "Feature", "properties": {"node_id": 1664, "degree": 1, "node_type": "endpoint", "node_kind": null}, "geometry": {"type": "Point", "coordinates": [324534.4375, 4685225.0]}}, {"type": "Feature", "properties": {"node_id": 1665, "degree": 1, "node_type": "endpoint", "node_kind": null}, "geometry": {"type": "Point", "coordinates": [324457.5, 4684823.5]}}, {"type": "Feature", "properties": {"node_id": 1666, "degree": 1, "node_type": "endpoint", "node_kind": null}, "geometry": {"type": "Point", "coordinates": [324471.90625, 4684876.0]}}, {"type": "Feature", "properties": {"node_id": 1667, "degree": 1, "node_type": "endpoint", "node_kind": null}, "geometry": {"type": "Point", "coordinates": [324464.25, 4684864.5]}}, {"type": "Feature", "properties": {"node_id": 1668, "degree": 1, "node_type": "endpoint", "node_kind": null}, "geometry": {"type": "Point", "coordinates": [324375.4375, 4684716.5]}}, {"type": "Feature", "properties": {"node_id": 1669, "degree": 1, "node_type": "endpoint", "node_kind": null}, "geometry": {"type": "Point", "coordinates": [324338.6875, 4685033.0]}}, {"type": "Feature", "properties": {"node_id": 1670, "degree": 1, "node_type": "endpoint", "node_kind": null}, "geometry": {"type": "Point", "coordinates": [324398.5625, 4685075.0]}}, {"type": "Feature", "properties": {"node_id": 1671, "degree": 1, "node_type": "endpoint", "node_kind": null}, "geometry": {"type": "Point", "coordinates": [324034.0625, 4684944.0]}}, {"type": "Feature", "properties": {"node_id": 1672, "degree": 2, "node_type": "endpoint", "node_kind": null}, "geometry": {"type": "Point", "coordinates": [323936.09375, 4684908.5]}}, {"type": "Feature", "properties": {"node_id": 1673, "degree": 1, "node_type": "endpoint", "node_kind": null}, "geometry": {"type": "Point", "coordinates": [324444.0, 4684805.5]}}, {"type": "Feature", "properties": {"node_id": 1674, "degree": 1, "node_type": "endpoint", "node_kind": null}, "geometry": {"type": "Point", "coordinates": [324467.40625, 4684868.0]}}, {"type": "Feature", "properties": {"node_id": 1675, "degree": 1, "node_type": "endpoint", "node_kind": null}, "geometry": {"type": "Point", "coordinates": [324144.15625, 4684179.0]}}, {"type": "Feature", "properties": {"node_id": 1676, "degree": 1, "node_type": "endpoint", "node_kind": null}, "geometry": {"type": "Point", "coordinates": [324176.5625, 4684226.5]}}, {"type": "Feature", "properties": {"node_id": 1677, "degree": 1, "node_type": "endpoint", "node_kind": null}, "geometry": {"type": "Point", "coordinates": [324370.65625, 4684524.0]}}, {"type": "Feature", "properties": {"node_id": 1678, "degree": 1, "node_type": "endpoint", "node_kind": null}, "geometry": {"type": "Point", "coordinates": [324366.90625, 4684585.0]}}, {"type": "Feature", "properties": {"node_id": 1679, "degree": 1, "node_type": "endpoint", "node_kind": null}, "geometry": {"type": "Point", "coordinates": [324368.84375, 4684432.0]}}, {"type": "Feature", "properties": {"node_id": 1680, "degree": 1, "node_type": "endpoint", "node_kind": null}, "geometry": {"type": "Point", "coordinates": [324366.90625, 4684409.5]}}, {"type": "Feature", "properties": {"node_id": 1681, "degree": 1, "node_type": "endpoint", "node_kind": null}, "geometry": {"type": "Point", "coordinates": [324262.0625, 4684321.5]}}, {"type": "Feature", "properties": {"node_id": 1682, "degree": 1, "node_type": "endpoint", "node_kind": null}, "geometry": {"type": "Point", "coordinates": [324365.25, 4684522.5]}}, {"type": "Feature", "properties": {"node_id": 1683, "degree": 1, "node_type": "endpoint", "node_kind": null}, "geometry": {"type": "Point", "coordinates": [324174.90625, 4684227.5]}}, {"type": "Feature", "properties": {"node_id": 1684, "degree": 1, "node_type": "endpoint", "node_kind": null}, "geometry": {"type": "Point", "coordinates": [324090.4375, 4684106.5]}}, {"type": "Feature", "properties": {"node_id": 1685, "degree": 1, "node_type": "endpoint", "node_kind": null}, "geometry": {"type": "Point", "coordinates": [324373.0625, 4684538.0]}}, {"type": "Feature", "properties": {"node_id": 1686, "degree": 1, "node_type": "endpoint", "node_kind": null}, "geometry": {"type": "Point", "coordinates": [324369.0, 4684583.0]}}, {"type": "Feature", "properties": {"node_id": 1687, "degree": 1, "node_type": "endpoint", "node_kind": null}, "geometry": {"type": "Point", "coordinates": [324147.75, 4683778.0]}}, {"type": "Feature", "properties": {"node_id": 1688, "degree": 1, "node_type": "endpoint", "node_kind": null}, "geometry": {"type": "Point", "coordinates": [324265.9375, 4683800.0]}}, {"type": "Feature", "properties": {"node_id": 1689, "degree": 1, "node_type": "endpoint", "node_kind": null}, "geometry": {"type": "Point", "coordinates": [324117.3125, 4683779.5]}}, {"type": "Feature", "properties": {"node_id": 1690, "degree": 1, "node_type": "endpoint", "node_kind": null}, "geometry": {"type": "Point", "coordinates": [323791.34375, 4683777.0]}}, {"type": "Feature", "properties": {"node_id": 1691, "degree": 1, "node_type": "endpoint", "node_kind": null}, "geometry": {"type": "Point", "coordinates": [324442.34375, 4683851.5]}}, {"type": "Feature", "properties": {"node_id": 1692, "degree": 2, "node_type": "endpoint", "node_kind": null}, "geometry": {"type": "Point", "coordinates": [324486.75, 4683832.0]}}, {"type": "Feature", "properties": {"node_id": 1693, "degree": 1, "node_type": "endpoint", "node_kind": null}, "geometry": {"type": "Point", "coordinates": [324365.09375, 4683554.0]}}, {"type": "Feature", "properties": {"node_id": 1694, "degree": 2, "node_type": "endpoint", "node_kind": null}, "geometry": {"type": "Point", "coordinates": [324453.3125, 4683662.0]}}, {"type": "Feature", "properties": {"node_id": 1695, "degree": 1, "node_type": "endpoint", "node_kind": null}, "geometry": {"type": "Point", "coordinates": [323861.09375, 4683765.5]}}, {"type": "Feature", "properties": {"node_id": 1696, "degree": 1, "node_type": "endpoint", "node_kind": null}, "geometry": {"type": "Point", "coordinates": [324120.0, 4683768.5]}}, {"type": "Feature", "properties": {"node_id": 1697, "degree": 1, "node_type": "endpoint", "node_kind": null}, "geometry": {"type": "Point", "coordinates": [324030.15625, 4683775.5]}}, {"type": "Feature", "properties": {"node_id": 1698, "degree": 1, "node_type": "endpoint", "node_kind": null}, "geometry": {"type": "Point", "coordinates": [324184.9375, 4683786.5]}}, {"type": "Feature", "properties": {"node_id": 1699, "degree": 1, "node_type": "endpoint", "node_kind": null}, "geometry": {"type": "Point", "coordinates": [323943.75, 4683767.5]}}, {"type": "Feature", "properties": {"node_id": 1700, "degree": 1, "node_type": "endpoint", "node_kind": null}, "geometry": {"type": "Point", "coordinates": [323861.84375, 4683767.5]}}, {"type": "Feature", "properties": {"node_id": 1701, "degree": 2, "node_type": "endpoint", "node_kind": null}, "geometry": {"type": "Point", "coordinates": [324469.8125, 4683682.5]}}, {"type": "Feature", "properties": {"node_id": 1702, "degree": 1, "node_type": "endpoint", "node_kind": null}, "geometry": {"type": "Point", "coordinates": [324489.4375, 4683706.5]}}, {"type": "Feature", "properties": {"node_id": 1703, "degree": 2, "node_type": "endpoint", "node_kind": null}, "geometry": {"type": "Point", "coordinates": [324454.8125, 4683661.0]}}, {"type": "Feature", "properties": {"node_id": 1704, "degree": 1, "node_type": "endpoint", "node_kind": null}, "geometry": {"type": "Point", "coordinates": [324280.65625, 4683456.0]}}, {"type": "Feature", "properties": {"node_id": 1705, "degree": 1, "node_type": "endpoint", "node_kind": null}, "geometry": {"type": "Point", "coordinates": [324120.0, 4683770.0]}}, {"type": "Feature", "properties": {"node_id": 1706, "degree": 1, "node_type": "endpoint", "node_kind": null}, "geometry": {"type": "Point", "coordinates": [324020.09375, 4683767.5]}}, {"type": "Feature", "properties": {"node_id": 1707, "degree": 1, "node_type": "endpoint", "node_kind": null}, "geometry": {"type": "Point", "coordinates": [318870.0, 4689350.5]}}, {"type": "Feature", "properties": {"node_id": 1708, "degree": 1, "node_type": "endpoint", "node_kind": null}, "geometry": {"type": "Point", "coordinates": [318767.09375, 4689323.5]}}, {"type": "Feature", "properties": {"node_id": 1709, "degree": 1, "node_type": "endpoint", "node_kind": null}, "geometry": {"type": "Point", "coordinates": [318862.1875, 4689351.0]}}, {"type": "Feature", "properties": {"node_id": 1710, "degree": 1, "node_type": "endpoint", "node_kind": null}, "geometry": {"type": "Point", "coordinates": [318811.34375, 4689337.5]}}, {"type": "Feature", "properties": {"node_id": 1711, "degree": 1, "node_type": "endpoint", "node_kind": null}, "geometry": {"type": "Point", "coordinates": [318870.90625, 4688808.5]}}, {"type": "Feature", "properties": {"node_id": 1712, "degree": 1, "node_type": "endpoint", "node_kind": null}, "geometry": {"type": "Point", "coordinates": [318939.0, 4688799.0]}}, {"type": "Feature", "properties": {"node_id": 1713, "degree": 1, "node_type": "endpoint", "node_kind": null}, "geometry": {"type": "Point", "coordinates": [318774.75, 4688821.0]}}, {"type": "Feature", "properties": {"node_id": 1714, "degree": 1, "node_type": "endpoint", "node_kind": null}, "geometry": {"type": "Point", "coordinates": [318741.0, 4688825.5]}}, {"type": "Feature", "properties": {"node_id": 1715, "degree": 1, "node_type": "endpoint", "node_kind": null}, "geometry": {"type": "Point", "coordinates": [319144.34375, 4688690.0]}}, {"type": "Feature", "properties": {"node_id": 1716, "degree": 1, "node_type": "endpoint", "node_kind": null}, "geometry": {"type": "Point", "coordinates": [319132.34375, 4688672.0]}}, {"type": "Feature", "properties": {"node_id": 1717, "degree": 1, "node_type": "endpoint", "node_kind": null}, "geometry": {"type": "Point", "coordinates": [318757.1875, 4688815.0]}}, {"type": "Feature", "properties": {"node_id": 1718, "degree": 2, "node_type": "endpoint", "node_kind": null}, "geometry": {"type": "Point", "coordinates": [318817.9375, 4688807.0]}}, {"type": "Feature", "properties": {"node_id": 1719, "degree": 1, "node_type": "endpoint", "node_kind": null}, "geometry": {"type": "Point", "coordinates": [319144.65625, 4688757.0]}}, {"type": "Feature", "properties": {"node_id": 1720, "degree": 1, "node_type": "endpoint", "node_kind": null}, "geometry": {"type": "Point", "coordinates": [318847.34375, 4688809.0]}}, {"type": "Feature", "properties": {"node_id": 1721, "degree": 1, "node_type": "endpoint", "node_kind": null}, "geometry": {"type": "Point", "coordinates": [319072.9375, 4688769.0]}}, {"type": "Feature", "properties": {"node_id": 1722, "degree": 2, "node_type": "endpoint", "node_kind": null}, "geometry": {"type": "Point", "coordinates": [318846.90625, 4688805.5]}}, {"type": "Feature", "properties": {"node_id": 1723, "degree": 1, "node_type": "endpoint", "node_kind": null}, "geometry": {"type": "Point", "coordinates": [319282.34375, 4688614.0]}}, {"type": "Feature", "properties": {"node_id": 1724, "degree": 1, "node_type": "endpoint", "node_kind": null}, "geometry": {"type": "Point", "coordinates": [319303.0625, 4688626.5]}}, {"type": "Feature", "properties": {"node_id": 1725, "degree": 1, "node_type": "endpoint", "node_kind": null}, "geometry": {"type": "Point", "coordinates": [319170.0, 4688598.0]}}, {"type": "Feature", "properties": {"node_id": 1726, "degree": 1, "node_type": "endpoint", "node_kind": null}, "geometry": {"type": "Point", "coordinates": [319182.3125, 4687650.5]}}, {"type": "Feature", "properties": {"node_id": 1727, "degree": 1, "node_type": "endpoint", "node_kind": null}, "geometry": {"type": "Point", "coordinates": [319225.8125, 4688088.0]}}, {"type": "Feature", "properties": {"node_id": 1728, "degree": 1, "node_type": "endpoint", "node_kind": null}, "geometry": {"type": "Point", "coordinates": [319230.59375, 4688147.5]}}, {"type": "Feature", "properties": {"node_id": 1729, "degree": 1, "node_type": "endpoint", "node_kind": null}, "geometry": {"type": "Point", "coordinates": [319201.34375, 4687786.0]}}, {"type": "Feature", "properties": {"node_id": 1730, "degree": 1, "node_type": "endpoint", "node_kind": null}, "geometry": {"type": "Point", "coordinates": [319184.5625, 4687581.0]}}, {"type": "Feature", "properties": {"node_id": 1731, "degree": 1, "node_type": "endpoint", "node_kind": null}, "geometry": {"type": "Point", "coordinates": [319283.84375, 4687501.0]}}, {"type": "Feature", "properties": {"node_id": 1732, "degree": 1, "node_type": "endpoint", "node_kind": null}, "geometry": {"type": "Point", "coordinates": [319232.40625, 4687501.0]}}, {"type": "Feature", "properties": {"node_id": 1733, "degree": 1, "node_type": "endpoint", "node_kind": null}, "geometry": {"type": "Point", "coordinates": [319215.4375, 4687958.0]}}, {"type": "Feature", "properties": {"node_id": 1734, "degree": 1, "node_type": "endpoint", "node_kind": null}, "geometry": {"type": "Point", "coordinates": [319220.25, 4688018.5]}}, {"type": "Feature", "properties": {"node_id": 1735, "degree": 1, "node_type": "endpoint", "node_kind": null}, "geometry": {"type": "Point", "coordinates": [319267.1875, 4687499.0]}}, {"type": "Feature", "properties": {"node_id": 1736, "degree": 1, "node_type": "endpoint", "node_kind": null}, "geometry": {"type": "Point", "coordinates": [319232.40625, 4687499.0]}}, {"type": "Feature", "properties": {"node_id": 1737, "degree": 1, "node_type": "endpoint", "node_kind": null}, "geometry": {"type": "Point", "coordinates": [319158.3125, 4687426.5]}}, {"type": "Feature", "properties": {"node_id": 1738, "degree": 1, "node_type": "endpoint", "node_kind": null}, "geometry": {"type": "Point", "coordinates": [319127.6875, 4687274.5]}}, {"type": "Feature", "properties": {"node_id": 1739, "degree": 1, "node_type": "endpoint", "node_kind": null}, "geometry": {"type": "Point", "coordinates": [319102.8125, 4687200.0]}}, {"type": "Feature", "properties": {"node_id": 1740, "degree": 1, "node_type": "endpoint", "node_kind": null}, "geometry": {"type": "Point", "coordinates": [319063.0625, 4687037.5]}}, {"type": "Feature", "properties": {"node_id": 1741, "degree": 1, "node_type": "endpoint", "node_kind": null}, "geometry": {"type": "Point", "coordinates": [319109.6875, 4687193.5]}}, {"type": "Feature", "properties": {"node_id": 1742, "degree": 1, "node_type": "endpoint", "node_kind": null}, "geometry": {"type": "Point", "coordinates": [319073.6875, 4687045.0]}}, {"type": "Feature", "properties": {"node_id": 1743, "degree": 1, "node_type": "endpoint", "node_kind": null}, "geometry": {"type": "Point", "coordinates": [319152.75, 4687400.0]}}, {"type": "Feature", "properties": {"node_id": 1744, "degree": 1, "node_type": "endpoint", "node_kind": null}, "geometry": {"type": "Point", "coordinates": [319164.75, 4687458.0]}}, {"type": "Feature", "properties": {"node_id": 1745, "degree": 1, "node_type": "endpoint", "node_kind": null}, "geometry": {"type": "Point", "coordinates": [319133.09375, 4687342.5]}}, {"type": "Feature", "properties": {"node_id": 1746, "degree": 1, "node_type": "endpoint", "node_kind": null}, "geometry": {"type": "Point", "coordinates": [319120.8125, 4687282.5]}}, {"type": "Feature", "properties": {"node_id": 1747, "degree": 1, "node_type": "endpoint", "node_kind": null}, "geometry": {"type": "Point", "coordinates": [318983.25, 4686777.0]}}, {"type": "Feature", "properties": {"node_id": 1748, "degree": 1, "node_type": "endpoint", "node_kind": null}, "geometry": {"type": "Point", "coordinates": [318999.90625, 4686826.0]}}, {"type": "Feature", "properties": {"node_id": 1749, "degree": 1, "node_type": "endpoint", "node_kind": null}, "geometry": {"type": "Point", "coordinates": [318936.3125, 4686648.0]}}, {"type": "Feature", "properties": {"node_id": 1750, "degree": 1, "node_type": "endpoint", "node_kind": null}, "geometry": {"type": "Point", "coordinates": [318914.40625, 4686571.5]}}, {"type": "Feature", "properties": {"node_id": 1751, "degree": 1, "node_type": "endpoint", "node_kind": null}, "geometry": {"type": "Point", "coordinates": [318912.15625, 4686533.0]}}, {"type": "Feature", "properties": {"node_id": 1752, "degree": 1, "node_type": "endpoint", "node_kind": null}, "geometry": {"type": "Point", "coordinates": [318842.6875, 4686367.5]}}, {"type": "Feature", "properties": {"node_id": 1753, "degree": 1, "node_type": "endpoint", "node_kind": null}, "geometry": {"type": "Point", "coordinates": [318958.34375, 4686693.0]}}, {"type": "Feature", "properties": {"node_id": 1754, "degree": 1, "node_type": "endpoint", "node_kind": null}, "geometry": {"type": "Point", "coordinates": [318942.3125, 4686637.5]}}, {"type": "Feature", "properties": {"node_id": 1755, "degree": 1, "node_type": "endpoint", "node_kind": null}, "geometry": {"type": "Point", "coordinates": [318985.1875, 4686809.0]}}, {"type": "Feature", "properties": {"node_id": 1756, "degree": 1, "node_type": "endpoint", "node_kind": null}, "geometry": {"type": "Point", "coordinates": [319005.59375, 4686869.5]}}, {"type": "Feature", "properties": {"node_id": 1757, "degree": 1, "node_type": "endpoint", "node_kind": null}, "geometry": {"type": "Point", "coordinates": [318857.84375, 4686417.5]}}, {"type": "Feature", "properties": {"node_id": 1758, "degree": 1, "node_type": "endpoint", "node_kind": null}, "geometry": {"type": "Point", "coordinates": [318885.0, 4686476.0]}}, {"type": "Feature", "properties": {"node_id": 1759, "degree": 1, "node_type": "endpoint", "node_kind": null}, "geometry": {"type": "Point", "coordinates": [319001.5625, 4685404.5]}}, {"type": "Feature", "properties": {"node_id": 1760, "degree": 1, "node_type": "endpoint", "node_kind": null}, "geometry": {"type": "Point", "coordinates": [319065.59375, 4685406.5]}}, {"type": "Feature", "properties": {"node_id": 1761, "degree": 1, "node_type": "endpoint", "node_kind": null}, "geometry": {"type": "Point", "coordinates": [318666.75, 4685161.5]}}, {"type": "Feature", "properties": {"node_id": 1762, "degree": 1, "node_type": "endpoint", "node_kind": null}, "geometry": {"type": "Point", "coordinates": [318577.8125, 4685103.5]}}, {"type": "Feature", "properties": {"node_id": 1763, "degree": 2, "node_type": "endpoint", "node_kind": null}, "geometry": {"type": "Point", "coordinates": [325079.25, 4697965.5]}}, {"type": "Feature", "properties": {"node_id": 1764, "degree": 1, "node_type": "endpoint", "node_kind": null}, "geometry": {"type": "Point", "coordinates": [325043.6875, 4698000.0]}}, {"type": "Feature", "properties": {"node_id": 1765, "degree": 1, "node_type": "endpoint", "node_kind": null}, "geometry": {"type": "Point", "coordinates": [324873.3125, 4695863.0]}}, {"type": "Feature", "properties": {"node_id": 1766, "degree": 1, "node_type": "endpoint", "node_kind": null}, "geometry": {"type": "Point", "coordinates": [324954.90625, 4695759.5]}}, {"type": "Feature", "properties": {"node_id": 1767, "degree": 1, "node_type": "endpoint", "node_kind": null}, "geometry": {"type": "Point", "coordinates": [325063.1875, 4695622.5]}}, {"type": "Feature", "properties": {"node_id": 1768, "degree": 1, "node_type": "endpoint", "node_kind": null}, "geometry": {"type": "Point", "coordinates": [325006.9375, 4695693.5]}}, {"type": "Feature", "properties": {"node_id": 1769, "degree": 1, "node_type": "endpoint", "node_kind": null}, "geometry": {"type": "Point", "coordinates": [324625.9375, 4696173.5]}}, {"type": "Feature", "properties": {"node_id": 1770, "degree": 1, "node_type": "endpoint", "node_kind": null}, "geometry": {"type": "Point", "coordinates": [324545.25, 4696266.0]}}, {"type": "Feature", "properties": {"node_id": 1771, "degree": 1, "node_type": "endpoint", "node_kind": null}, "geometry": {"type": "Point", "coordinates": [324986.84375, 4695694.0]}}, {"type": "Feature", "properties": {"node_id": 1772, "degree": 1, "node_type": "endpoint", "node_kind": null}, "geometry": {"type": "Point", "coordinates": [325060.65625, 4695600.0]}}, {"type": "Feature", "properties": {"node_id": 1773, "degree": 1, "node_type": "endpoint", "node_kind": null}, "geometry": {"type": "Point", "coordinates": [324717.4375, 4696061.5]}}, {"type": "Feature", "properties": {"node_id": 1774, "degree": 1, "node_type": "endpoint", "node_kind": null}, "geometry": {"type": "Point", "coordinates": [324551.40625, 4696261.5]}}, {"type": "Feature", "properties": {"node_id": 1775, "degree": 1, "node_type": "endpoint", "node_kind": null}, "geometry": {"type": "Point", "coordinates": [325002.90625, 4695670.5]}}, {"type": "Feature", "properties": {"node_id": 1776, "degree": 1, "node_type": "endpoint", "node_kind": null}, "geometry": {"type": "Point", "coordinates": [325036.5, 4695628.0]}}, {"type": "Feature", "properties": {"node_id": 1777, "degree": 1, "node_type": "endpoint", "node_kind": null}, "geometry": {"type": "Point", "coordinates": [324997.0625, 4695706.0]}}, {"type": "Feature", "properties": {"node_id": 1778, "degree": 1, "node_type": "endpoint", "node_kind": null}, "geometry": {"type": "Point", "coordinates": [325184.25, 4695473.0]}}, {"type": "Feature", "properties": {"node_id": 1779, "degree": 1, "node_type": "endpoint", "node_kind": null}, "geometry": {"type": "Point", "coordinates": [324763.8125, 4696002.0]}}, {"type": "Feature", "properties": {"node_id": 1780, "degree": 1, "node_type": "endpoint", "node_kind": null}, "geometry": {"type": "Point", "coordinates": [324887.5625, 4695847.5]}}, {"type": "Feature", "properties": {"node_id": 1781, "degree": 1, "node_type": "endpoint", "node_kind": null}, "geometry": {"type": "Point", "coordinates": [324995.5625, 4695548.0]}}, {"type": "Feature", "properties": {"node_id": 1782, "degree": 1, "node_type": "endpoint", "node_kind": null}, "geometry": {"type": "Point", "coordinates": [325016.6875, 4695549.0]}}, {"type": "Feature", "properties": {"node_id": 1783, "degree": 1, "node_type": "endpoint", "node_kind": null}, "geometry": {"type": "Point", "coordinates": [324644.6875, 4696124.5]}}, {"type": "Feature", "properties": {"node_id": 1784, "degree": 1, "node_type": "endpoint", "node_kind": null}, "geometry": {"type": "Point", "coordinates": [324657.75, 4696107.5]}}, {"type": "Feature", "properties": {"node_id": 1785, "degree": 1, "node_type": "endpoint", "node_kind": null}, "geometry": {"type": "Point", "coordinates": [324995.40625, 4695686.0]}}, {"type": "Feature", "properties": {"node_id": 1786, "degree": 2, "node_type": "endpoint", "node_kind": null}, "geometry": {"type": "Point", "coordinates": [325220.6875, 4695415.5]}}, {"type": "Feature", "properties": {"node_id": 1787, "degree": 1, "node_type": "endpoint", "node_kind": null}, "geometry": {"type": "Point", "coordinates": [324917.09375, 4695778.5]}}, {"type": "Feature", "properties": {"node_id": 1788, "degree": 1, "node_type": "endpoint", "node_kind": null}, "geometry": {"type": "Point", "coordinates": [324809.5625, 4695917.5]}}, {"type": "Feature", "properties": {"node_id": 1789, "degree": 1, "node_type": "endpoint", "node_kind": null}, "geometry": {"type": "Point", "coordinates": [324873.59375, 4695858.5]}}, {"type": "Feature", "properties": {"node_id": 1790, "degree": 1, "node_type": "endpoint", "node_kind": null}, "geometry": {"type": "Point", "coordinates": [324931.5, 4695785.0]}}, {"type": "Feature", "properties": {"node_id": 1791, "degree": 1, "node_type": "endpoint", "node_kind": null}, "geometry": {"type": "Point", "coordinates": [324797.84375, 4695960.5]}}, {"type": "Feature", "properties": {"node_id": 1792, "degree": 1, "node_type": "endpoint", "node_kind": null}, "geometry": {"type": "Point", "coordinates": [324833.84375, 4695915.0]}}, {"type": "Feature", "properties": {"node_id": 1793, "degree": 1, "node_type": "endpoint", "node_kind": null}, "geometry": {"type": "Point", "coordinates": [324907.8125, 4695790.0]}}, {"type": "Feature", "properties": {"node_id": 1794, "degree": 1, "node_type": "endpoint", "node_kind": null}, "geometry": {"type": "Point", "coordinates": [324859.0625, 4695851.5]}}, {"type": "Feature", "properties": {"node_id": 1795, "degree": 1, "node_type": "endpoint", "node_kind": null}, "geometry": {"type": "Point", "coordinates": [325008.90625, 4695694.0]}}, {"type": "Feature", "properties": {"node_id": 1796, "degree": 1, "node_type": "endpoint", "node_kind": null}, "geometry": {"type": "Point", "coordinates": [325125.4375, 4695542.5]}}, {"type": "Feature", "properties": {"node_id": 1797, "degree": 1, "node_type": "endpoint", "node_kind": null}, "geometry": {"type": "Point", "coordinates": [324537.90625, 4680319.0]}}, {"type": "Feature", "properties": {"node_id": 1798, "degree": 1, "node_type": "endpoint", "node_kind": null}, "geometry": {"type": "Point", "coordinates": [324588.90625, 4680330.0]}}, {"type": "Feature", "properties": {"node_id": 1799, "degree": 1, "node_type": "endpoint", "node_kind": null}, "geometry": {"type": "Point", "coordinates": [324753.75, 4680147.5]}}, {"type": "Feature", "properties": {"node_id": 1800, "degree": 1, "node_type": "endpoint", "node_kind": null}, "geometry": {"type": "Point", "coordinates": [324717.59375, 4680050.0]}}, {"type": "Feature", "properties": {"node_id": 1801, "degree": 1, "node_type": "endpoint", "node_kind": null}, "geometry": {"type": "Point", "coordinates": [324746.5625, 4680111.5]}}, {"type": "Feature", "properties": {"node_id": 1802, "degree": 1, "node_type": "endpoint", "node_kind": null}, "geometry": {"type": "Point", "coordinates": [324756.75, 4680138.0]}}, {"type": "Feature", "properties": {"node_id": 1803, "degree": 1, "node_type": "endpoint", "node_kind": null}, "geometry": {"type": "Point", "coordinates": [324773.84375, 4680366.0]}}, {"type": "Feature", "properties": {"node_id": 1804, "degree": 1, "node_type": "endpoint", "node_kind": null}, "geometry": {"type": "Point", "coordinates": [324689.5625, 4680352.0]}}, {"type": "Feature", "properties": {"node_id": 1805, "degree": 1, "node_type": "endpoint", "node_kind": null}, "geometry": {"type": "Point", "coordinates": [324892.0625, 4679711.5]}}, {"type": "Feature", "properties": {"node_id": 1806, "degree": 1, "node_type": "endpoint", "node_kind": null}, "geometry": {"type": "Point", "coordinates": [324770.84375, 4679553.5]}}, {"type": "Feature", "properties": {"node_id": 1807, "degree": 1, "node_type": "endpoint", "node_kind": null}, "geometry": {"type": "Point", "coordinates": [324650.40625, 4679393.5]}}, {"type": "Feature", "properties": {"node_id": 1808, "degree": 1, "node_type": "endpoint", "node_kind": null}, "geometry": {"type": "Point", "coordinates": [324780.15625, 4679565.5]}}, {"type": "Feature", "properties": {"node_id": 1809, "degree": 1, "node_type": "endpoint", "node_kind": null}, "geometry": {"type": "Point", "coordinates": [324577.0625, 4679200.0]}}, {"type": "Feature", "properties": {"node_id": 1810, "degree": 1, "node_type": "endpoint", "node_kind": null}, "geometry": {"type": "Point", "coordinates": [324562.65625, 4678941.0]}}, {"type": "Feature", "properties": {"node_id": 1811, "degree": 1, "node_type": "endpoint", "node_kind": null}, "geometry": {"type": "Point", "coordinates": [324562.5, 4679000.5]}}, {"type": "Feature", "properties": {"node_id": 1812, "degree": 1, "node_type": "endpoint", "node_kind": null}, "geometry": {"type": "Point", "coordinates": [324560.40625, 4678941.0]}}, {"type": "Feature", "properties": {"node_id": 1813, "degree": 1, "node_type": "endpoint", "node_kind": null}, "geometry": {"type": "Point", "coordinates": [324659.09375, 4678159.0]}}, {"type": "Feature", "properties": {"node_id": 1814, "degree": 1, "node_type": "endpoint", "node_kind": null}, "geometry": {"type": "Point", "coordinates": [324569.5625, 4678709.0]}}, {"type": "Feature", "properties": {"node_id": 1815, "degree": 1, "node_type": "endpoint", "node_kind": null}, "geometry": {"type": "Point", "coordinates": [324825.0, 4694510.5]}}, {"type": "Feature", "properties": {"node_id": 1816, "degree": 1, "node_type": "endpoint", "node_kind": null}, "geometry": {"type": "Point", "coordinates": [324863.84375, 4694462.0]}}, {"type": "Feature", "properties": {"node_id": 1817, "degree": 1, "node_type": "endpoint", "node_kind": null}, "geometry": {"type": "Point", "coordinates": [325049.40625, 4694456.0]}}, {"type": "Feature", "properties": {"node_id": 1818, "degree": 1, "node_type": "endpoint", "node_kind": null}, "geometry": {"type": "Point", "coordinates": [325020.59375, 4694439.0]}}, {"type": "Feature", "properties": {"node_id": 1819, "degree": 1, "node_type": "endpoint", "node_kind": null}, "geometry": {"type": "Point", "coordinates": [324582.0, 4694683.0]}}, {"type": "Feature", "properties": {"node_id": 1820, "degree": 1, "node_type": "endpoint", "node_kind": null}, "geometry": {"type": "Point", "coordinates": [324600.90625, 4694663.0]}}, {"type": "Feature", "properties": {"node_id": 1821, "degree": 1, "node_type": "endpoint", "node_kind": null}, "geometry": {"type": "Point", "coordinates": [324915.15625, 4694400.0]}}, {"type": "Feature", "properties": {"node_id": 1822, "degree": 1, "node_type": "endpoint", "node_kind": null}, "geometry": {"type": "Point", "coordinates": [324849.3125, 4694493.5]}}, {"type": "Feature", "properties": {"node_id": 1823, "degree": 1, "node_type": "endpoint", "node_kind": null}, "geometry": {"type": "Point", "coordinates": [324853.0625, 4694491.0]}}, {"type": "Feature", "properties": {"node_id": 1824, "degree": 1, "node_type": "endpoint", "node_kind": null}, "geometry": {"type": "Point", "coordinates": [324886.65625, 4694443.5]}}, {"type": "Feature", "properties": {"node_id": 1825, "degree": 1, "node_type": "endpoint", "node_kind": null}, "geometry": {"type": "Point", "coordinates": [324556.0625, 4694417.0]}}, {"type": "Feature", "properties": {"node_id": 1826, "degree": 1, "node_type": "endpoint", "node_kind": null}, "geometry": {"type": "Point", "coordinates": [324525.75, 4694386.5]}}, {"type": "Feature", "properties": {"node_id": 1827, "degree": 1, "node_type": "endpoint", "node_kind": null}, "geometry": {"type": "Point", "coordinates": [324583.34375, 4694452.5]}}, {"type": "Feature", "properties": {"node_id": 1828, "degree": 1, "node_type": "endpoint", "node_kind": null}, "geometry": {"type": "Point", "coordinates": [324626.40625, 4694500.0]}}, {"type": "Feature", "properties": {"node_id": 1829, "degree": 1, "node_type": "endpoint", "node_kind": null}, "geometry": {"type": "Point", "coordinates": [324618.90625, 4693878.5]}}, {"type": "Feature", "properties": {"node_id": 1830, "degree": 1, "node_type": "endpoint", "node_kind": null}, "geometry": {"type": "Point", "coordinates": [324622.8125, 4693909.5]}}, {"type": "Feature", "properties": {"node_id": 1831, "degree": 1, "node_type": "endpoint", "node_kind": null}, "geometry": {"type": "Point", "coordinates": [324545.6875, 4694101.5]}}, {"type": "Feature", "properties": {"node_id": 1832, "degree": 1, "node_type": "endpoint", "node_kind": null}, "geometry": {"type": "Point", "coordinates": [324618.59375, 4693950.0]}}, {"type": "Feature", "properties": {"node_id": 1833, "degree": 1, "node_type": "endpoint", "node_kind": null}, "geometry": {"type": "Point", "coordinates": [325029.3125, 4694222.0]}}, {"type": "Feature", "properties": {"node_id": 1834, "degree": 2, "node_type": "endpoint", "node_kind": null}, "geometry": {"type": "Point", "coordinates": [325123.9375, 4694051.0]}}, {"type": "Feature", "properties": {"node_id": 1835, "degree": 1, "node_type": "endpoint", "node_kind": null}, "geometry": {"type": "Point", "coordinates": [324656.5625, 4693926.5]}}, {"type": "Feature", "properties": {"node_id": 1836, "degree": 1, "node_type": "endpoint", "node_kind": null}, "geometry": {"type": "Point", "coordinates": [324624.15625, 4693930.0]}}, {"type": "Feature", "properties": {"node_id": 1837, "degree": 1, "node_type": "endpoint", "node_kind": null}, "geometry": {"type": "Point", "coordinates": [325090.5, 4694094.5]}}, {"type": "Feature", "properties": {"node_id": 1838, "degree": 1, "node_type": "endpoint", "node_kind": null}, "geometry": {"type": "Point", "coordinates": [325057.9375, 4694156.0]}}, {"type": "Feature", "properties": {"node_id": 1839, "degree": 1, "node_type": "endpoint", "node_kind": null}, "geometry": {"type": "Point", "coordinates": [324547.5, 4694102.5]}}, {"type": "Feature", "properties": {"node_id": 1840, "degree": 1, "node_type": "endpoint", "node_kind": null}, "geometry": {"type": "Point", "coordinates": [324620.84375, 4693949.5]}}, {"type": "Feature", "properties": {"node_id": 1841, "degree": 1, "node_type": "endpoint", "node_kind": null}, "geometry": {"type": "Point", "coordinates": [324978.4375, 4694308.5]}}, {"type": "Feature", "properties": {"node_id": 1842, "degree": 1, "node_type": "endpoint", "node_kind": null}, "geometry": {"type": "Point", "coordinates": [324998.40625, 4694274.5]}}, {"type": "Feature", "properties": {"node_id": 1843, "degree": 1, "node_type": "endpoint", "node_kind": null}, "geometry": {"type": "Point", "coordinates": [324980.25, 4693696.0]}}, {"type": "Feature", "properties": {"node_id": 1844, "degree": 1, "node_type": "endpoint", "node_kind": null}, "geometry": {"type": "Point", "coordinates": [324944.25, 4693595.0]}}, {"type": "Feature", "properties": {"node_id": 1845, "degree": 1, "node_type": "endpoint", "node_kind": null}, "geometry": {"type": "Point", "coordinates": [325007.6875, 4693738.0]}}, {"type": "Feature", "properties": {"node_id": 1846, "degree": 1, "node_type": "endpoint", "node_kind": null}, "geometry": {"type": "Point", "coordinates": [325068.15625, 4693718.0]}}, {"type": "Feature", "properties": {"node_id": 1847, "degree": 1, "node_type": "endpoint", "node_kind": null}, "geometry": {"type": "Point", "coordinates": [324606.90625, 4693758.0]}}, {"type": "Feature", "properties": {"node_id": 1848, "degree": 1, "node_type": "endpoint", "node_kind": null}, "geometry": {"type": "Point", "coordinates": [324610.34375, 4693787.5]}}, {"type": "Feature", "properties": {"node_id": 1849, "degree": 1, "node_type": "endpoint", "node_kind": null}, "geometry": {"type": "Point", "coordinates": [324887.25, 4693781.5]}}, {"type": "Feature", "properties": {"node_id": 1850, "degree": 1, "node_type": "endpoint", "node_kind": null}, "geometry": {"type": "Point", "coordinates": [324850.9375, 4693799.5]}}, {"type": "Feature", "properties": {"node_id": 1851, "degree": 1, "node_type": "endpoint", "node_kind": null}, "geometry": {"type": "Point", "coordinates": [324604.8125, 4693758.5]}}, {"type": "Feature", "properties": {"node_id": 1852, "degree": 1, "node_type": "endpoint", "node_kind": null}, "geometry": {"type": "Point", "coordinates": [324608.40625, 4693786.5]}}, {"type": "Feature", "properties": {"node_id": 1853, "degree": 1, "node_type": "endpoint", "node_kind": null}, "geometry": {"type": "Point", "coordinates": [324751.65625, 4692427.0]}}, {"type": "Feature", "properties": {"node_id": 1854, "degree": 1, "node_type": "endpoint", "node_kind": null}, "geometry": {"type": "Point", "coordinates": [324717.90625, 4692395.0]}}, {"type": "Feature", "properties": {"node_id": 1855, "degree": 1, "node_type": "endpoint", "node_kind": null}, "geometry": {"type": "Point", "coordinates": [324551.40625, 4692384.5]}}, {"type": "Feature", "properties": {"node_id": 1856, "degree": 1, "node_type": "endpoint", "node_kind": null}, "geometry": {"type": "Point", "coordinates": [324560.25, 4692404.5]}}, {"type": "Feature", "properties": {"node_id": 1857, "degree": 1, "node_type": "endpoint", "node_kind": null}, "geometry": {"type": "Point", "coordinates": [324995.6875, 4692337.0]}}, {"type": "Feature", "properties": {"node_id": 1858, "degree": 1, "node_type": "endpoint", "node_kind": null}, "geometry": {"type": "Point", "coordinates": [324967.1875, 4692334.5]}}, {"type": "Feature", "properties": {"node_id": 1859, "degree": 1, "node_type": "endpoint", "node_kind": null}, "geometry": {"type": "Point", "coordinates": [324713.40625, 4692313.0]}}, {"type": "Feature", "properties": {"node_id": 1860, "degree": 1, "node_type": "endpoint", "node_kind": null}, "geometry": {"type": "Point", "coordinates": [324787.8125, 4692319.5]}}, {"type": "Feature", "properties": {"node_id": 1861, "degree": 1, "node_type": "endpoint", "node_kind": null}, "geometry": {"type": "Point", "coordinates": [324977.6875, 4697048.0]}}, {"type": "Feature", "properties": {"node_id": 1862, "degree": 1, "node_type": "endpoint", "node_kind": null}, "geometry": {"type": "Point", "coordinates": [324715.34375, 4697191.5]}}, {"type": "Feature", "properties": {"node_id": 1863, "degree": 1, "node_type": "endpoint", "node_kind": null}, "geometry": {"type": "Point", "coordinates": [324924.4375, 4697075.5]}}, {"type": "Feature", "properties": {"node_id": 1864, "degree": 1, "node_type": "endpoint", "node_kind": null}, "geometry": {"type": "Point", "coordinates": [324976.9375, 4697046.0]}}, {"type": "Feature", "properties": {"node_id": 1865, "degree": 1, "node_type": "endpoint", "node_kind": null}, "geometry": {"type": "Point", "coordinates": [324601.5, 4692073.5]}}, {"type": "Feature", "properties": {"node_id": 1866, "degree": 1, "node_type": "endpoint", "node_kind": null}, "geometry": {"type": "Point", "coordinates": [324587.40625, 4692093.0]}}, {"type": "Feature", "properties": {"node_id": 1867, "degree": 1, "node_type": "endpoint", "node_kind": null}, "geometry": {"type": "Point", "coordinates": [324478.65625, 4691506.0]}}, {"type": "Feature", "properties": {"node_id": 1868, "degree": 2, "node_type": "endpoint", "node_kind": null}, "geometry": {"type": "Point", "coordinates": [324504.3125, 4691518.5]}}, {"type": "Feature", "properties": {"node_id": 1869, "degree": 1, "node_type": "endpoint", "node_kind": null}, "geometry": {"type": "Point", "coordinates": [324807.90625, 4691855.5]}}, {"type": "Feature", "properties": {"node_id": 1870, "degree": 1, "node_type": "endpoint", "node_kind": null}, "geometry": {"type": "Point", "coordinates": [324833.40625, 4691826.5]}}, {"type": "Feature", "properties": {"node_id": 1871, "degree": 1, "node_type": "endpoint", "node_kind": null}, "geometry": {"type": "Point", "coordinates": [324818.6875, 4691830.0]}}, {"type": "Feature", "properties": {"node_id": 1872, "degree": 1, "node_type": "endpoint", "node_kind": null}, "geometry": {"type": "Point", "coordinates": [324709.65625, 4691952.0]}}, {"type": "Feature", "properties": {"node_id": 1873, "degree": 2, "node_type": "endpoint", "node_kind": null}, "geometry": {"type": "Point", "coordinates": [324508.5, 4691520.5]}}, {"type": "Feature", "properties": {"node_id": 1874, "degree": 1, "node_type": "endpoint", "node_kind": null}, "geometry": {"type": "Point", "coordinates": [324536.6875, 4691534.0]}}, {"type": "Feature", "properties": {"node_id": 1875, "degree": 1, "node_type": "endpoint", "node_kind": null}, "geometry": {"type": "Point", "coordinates": [324601.34375, 4691565.5]}}, {"type": "Feature", "properties": {"node_id": 1876, "degree": 1, "node_type": "endpoint", "node_kind": null}, "geometry": {"type": "Point", "coordinates": [324867.0, 4691688.5]}}, {"type": "Feature", "properties": {"node_id": 1877, "degree": 1, "node_type": "endpoint", "node_kind": null}, "geometry": {"type": "Point", "coordinates": [324817.1875, 4691829.5]}}, {"type": "Feature", "properties": {"node_id": 1878, "degree": 1, "node_type": "endpoint", "node_kind": null}, "geometry": {"type": "Point", "coordinates": [324772.8125, 4691879.0]}}, {"type": "Feature", "properties": {"node_id": 1879, "degree": 1, "node_type": "endpoint", "node_kind": null}, "geometry": {"type": "Point", "coordinates": [324931.9375, 4691736.0]}}, {"type": "Feature", "properties": {"node_id": 1880, "degree": 1, "node_type": "endpoint", "node_kind": null}, "geometry": {"type": "Point", "coordinates": [325007.09375, 4691768.0]}}, {"type": "Feature", "properties": {"node_id": 1881, "degree": 1, "node_type": "endpoint", "node_kind": null}, "geometry": {"type": "Point", "coordinates": [325005.90625, 4691771.5]}}, {"type": "Feature", "properties": {"node_id": 1882, "degree": 1, "node_type": "endpoint", "node_kind": null}, "geometry": {"type": "Point", "coordinates": [324963.15625, 4691752.5]}}, {"type": "Feature", "properties": {"node_id": 1883, "degree": 1, "node_type": "endpoint", "node_kind": null}, "geometry": {"type": "Point", "coordinates": [324948.15625, 4691077.5]}}, {"type": "Feature", "properties": {"node_id": 1884, "degree": 1, "node_type": "endpoint", "node_kind": null}, "geometry": {"type": "Point", "coordinates": [324717.4375, 4691121.0]}}, {"type": "Feature", "properties": {"node_id": 1885, "degree": 1, "node_type": "endpoint", "node_kind": null}, "geometry": {"type": "Point", "coordinates": [324602.5625, 4690679.5]}}, {"type": "Feature", "properties": {"node_id": 1886, "degree": 1, "node_type": "endpoint", "node_kind": null}, "geometry": {"type": "Point", "coordinates": [324526.34375, 4690805.5]}}, {"type": "Feature", "properties": {"node_id": 1887, "degree": 1, "node_type": "endpoint", "node_kind": null}, "geometry": {"type": "Point", "coordinates": [324601.1875, 4690678.0]}}, {"type": "Feature", "properties": {"node_id": 1888, "degree": 1, "node_type": "endpoint", "node_kind": null}, "geometry": {"type": "Point", "coordinates": [324524.84375, 4690804.5]}}, {"type": "Feature", "properties": {"node_id": 1889, "degree": 1, "node_type": "endpoint", "node_kind": null}, "geometry": {"type": "Point", "coordinates": [325010.84375, 4690162.5]}}, {"type": "Feature", "properties": {"node_id": 1890, "degree": 1, "node_type": "endpoint", "node_kind": null}, "geometry": {"type": "Point", "coordinates": [325091.84375, 4690098.5]}}, {"type": "Feature", "properties": {"node_id": 1891, "degree": 1, "node_type": "endpoint", "node_kind": null}, "geometry": {"type": "Point", "coordinates": [325050.4375, 4689854.5]}}, {"type": "Feature", "properties": {"node_id": 1892, "degree": 1, "node_type": "endpoint", "node_kind": null}, "geometry": {"type": "Point", "coordinates": [325021.8125, 4689847.5]}}, {"type": "Feature", "properties": {"node_id": 1893, "degree": 1, "node_type": "endpoint", "node_kind": null}, "geometry": {"type": "Point", "coordinates": [325025.09375, 4689884.0]}}, {"type": "Feature", "properties": {"node_id": 1894, "degree": 1, "node_type": "endpoint", "node_kind": null}, "geometry": {"type": "Point", "coordinates": [325228.5, 4689945.5]}}, {"type": "Feature", "properties": {"node_id": 1895, "degree": 1, "node_type": "endpoint", "node_kind": null}, "geometry": {"type": "Point", "coordinates": [324908.25, 4689950.0]}}, {"type": "Feature", "properties": {"node_id": 1896, "degree": 1, "node_type": "endpoint", "node_kind": null}, "geometry": {"type": "Point", "coordinates": [324988.1875, 4689890.0]}}, {"type": "Feature", "properties": {"node_id": 1897, "degree": 1, "node_type": "endpoint", "node_kind": null}, "geometry": {"type": "Point", "coordinates": [324865.5, 4689835.0]}}, {"type": "Feature", "properties": {"node_id": 1898, "degree": 1, "node_type": "endpoint", "node_kind": null}, "geometry": {"type": "Point", "coordinates": [324597.59375, 4689733.0]}}, {"type": "Feature", "properties": {"node_id": 1899, "degree": 1, "node_type": "endpoint", "node_kind": null}, "geometry": {"type": "Point", "coordinates": [324857.6875, 4690126.0]}}, {"type": "Feature", "properties": {"node_id": 1900, "degree": 1, "node_type": "endpoint", "node_kind": null}, "geometry": {"type": "Point", "coordinates": [324740.09375, 4690214.0]}}, {"type": "Feature", "properties": {"node_id": 1901, "degree": 1, "node_type": "endpoint", "node_kind": null}, "geometry": {"type": "Point", "coordinates": [324942.3125, 4690062.0]}}, {"type": "Feature", "properties": {"node_id": 1902, "degree": 1, "node_type": "endpoint", "node_kind": null}, "geometry": {"type": "Point", "coordinates": [324988.1875, 4690027.5]}}, {"type": "Feature", "properties": {"node_id": 1903, "degree": 1, "node_type": "endpoint", "node_kind": null}, "geometry": {"type": "Point", "coordinates": [324877.65625, 4689316.0]}}, {"type": "Feature", "properties": {"node_id": 1904, "degree": 1, "node_type": "endpoint", "node_kind": null}, "geometry": {"type": "Point", "coordinates": [324949.0625, 4689200.5]}}, {"type": "Feature", "properties": {"node_id": 1905, "degree": 1, "node_type": "endpoint", "node_kind": null}, "geometry": {"type": "Point", "coordinates": [324817.5, 4689397.5]}}, {"type": "Feature", "properties": {"node_id": 1906, "degree": 1, "node_type": "endpoint", "node_kind": null}, "geometry": {"type": "Point", "coordinates": [324678.3125, 4689536.5]}}, {"type": "Feature", "properties": {"node_id": 1907, "degree": 1, "node_type": "endpoint", "node_kind": null}, "geometry": {"type": "Point", "coordinates": [324792.15625, 4689773.5]}}, {"type": "Feature", "properties": {"node_id": 1908, "degree": 1, "node_type": "endpoint", "node_kind": null}, "geometry": {"type": "Point", "coordinates": [324760.0625, 4689758.0]}}, {"type": "Feature", "properties": {"node_id": 1909, "degree": 1, "node_type": "endpoint", "node_kind": null}, "geometry": {"type": "Point", "coordinates": [324419.09375, 4689539.5]}}, {"type": "Feature", "properties": {"node_id": 1910, "degree": 1, "node_type": "endpoint", "node_kind": null}, "geometry": {"type": "Point", "coordinates": [324581.09375, 4689545.0]}}, {"type": "Feature", "properties": {"node_id": 1911, "degree": 1, "node_type": "endpoint", "node_kind": null}, "geometry": {"type": "Point", "coordinates": [324648.0, 4688924.0]}}, {"type": "Feature", "properties": {"node_id": 1912, "degree": 1, "node_type": "endpoint", "node_kind": null}, "geometry": {"type": "Point", "coordinates": [324628.1875, 4688904.5]}}, {"type": "Feature", "properties": {"node_id": 1913, "degree": 1, "node_type": "endpoint", "node_kind": null}, "geometry": {"type": "Point", "coordinates": [324651.59375, 4688920.0]}}, {"type": "Feature", "properties": {"node_id": 1914, "degree": 1, "node_type": "endpoint", "node_kind": null}, "geometry": {"type": "Point", "coordinates": [324627.0, 4688895.5]}}, {"type": "Feature", "properties": {"node_id": 1915, "degree": 1, "node_type": "endpoint", "node_kind": null}, "geometry": {"type": "Point", "coordinates": [324610.5, 4688880.5]}}, {"type": "Feature", "properties": {"node_id": 1916, "degree": 1, "node_type": "endpoint", "node_kind": null}, "geometry": {"type": "Point", "coordinates": [324650.6875, 4688921.0]}}, {"type": "Feature", "properties": {"node_id": 1917, "degree": 1, "node_type": "endpoint", "node_kind": null}, "geometry": {"type": "Point", "coordinates": [324705.0, 4688815.0]}}, {"type": "Feature", "properties": {"node_id": 1918, "degree": 1, "node_type": "endpoint", "node_kind": null}, "geometry": {"type": "Point", "coordinates": [324853.34375, 4688765.0]}}, {"type": "Feature", "properties": {"node_id": 1919, "degree": 1, "node_type": "endpoint", "node_kind": null}, "geometry": {"type": "Point", "coordinates": [324844.1875, 4688771.0]}}, {"type": "Feature", "properties": {"node_id": 1920, "degree": 1, "node_type": "endpoint", "node_kind": null}, "geometry": {"type": "Point", "coordinates": [324813.3125, 4688772.0]}}, {"type": "Feature", "properties": {"node_id": 1921, "degree": 1, "node_type": "endpoint", "node_kind": null}, "geometry": {"type": "Point", "coordinates": [325035.0, 4689062.0]}}, {"type": "Feature", "properties": {"node_id": 1922, "degree": 1, "node_type": "endpoint", "node_kind": null}, "geometry": {"type": "Point", "coordinates": [325165.0625, 4689136.0]}}, {"type": "Feature", "properties": {"node_id": 1923, "degree": 1, "node_type": "endpoint", "node_kind": null}, "geometry": {"type": "Point", "coordinates": [324980.25, 4689169.0]}}, {"type": "Feature", "properties": {"node_id": 1924, "degree": 1, "node_type": "endpoint", "node_kind": null}, "geometry": {"type": "Point", "coordinates": [325016.84375, 4689153.0]}}, {"type": "Feature", "properties": {"node_id": 1925, "degree": 1, "node_type": "endpoint", "node_kind": null}, "geometry": {"type": "Point", "coordinates": [324903.0, 4688359.0]}}, {"type": "Feature", "properties": {"node_id": 1926, "degree": 1, "node_type": "endpoint", "node_kind": null}, "geometry": {"type": "Point", "coordinates": [324975.3125, 4688302.0]}}, {"type": "Feature", "properties": {"node_id": 1927, "degree": 1, "node_type": "endpoint", "node_kind": null}, "geometry": {"type": "Point", "coordinates": [325116.4375, 4688128.0]}}, {"type": "Feature", "properties": {"node_id": 1928, "degree": 1, "node_type": "endpoint", "node_kind": null}, "geometry": {"type": "Point", "coordinates": [324849.59375, 4688429.0]}}, {"type": "Feature", "properties": {"node_id": 1929, "degree": 1, "node_type": "endpoint", "node_kind": null}, "geometry": {"type": "Point", "coordinates": [325112.25, 4688121.5]}}, {"type": "Feature", "properties": {"node_id": 1930, "degree": 1, "node_type": "endpoint", "node_kind": null}, "geometry": {"type": "Point", "coordinates": [324985.65625, 4688266.0]}}, {"type": "Feature", "properties": {"node_id": 1931, "degree": 1, "node_type": "endpoint", "node_kind": null}, "geometry": {"type": "Point", "coordinates": [325050.75, 4688173.5]}}, {"type": "Feature", "properties": {"node_id": 1932, "degree": 1, "node_type": "endpoint", "node_kind": null}, "geometry": {"type": "Point", "coordinates": [325029.0, 4688207.0]}}, {"type": "Feature", "properties": {"node_id": 1933, "degree": 1, "node_type": "endpoint", "node_kind": null}, "geometry": {"type": "Point", "coordinates": [324766.1875, 4688399.5]}}, {"type": "Feature", "properties": {"node_id": 1934, "degree": 1, "node_type": "endpoint", "node_kind": null}, "geometry": {"type": "Point", "coordinates": [324825.59375, 4688431.0]}}, {"type": "Feature", "properties": {"node_id": 1935, "degree": 1, "node_type": "endpoint", "node_kind": null}, "geometry": {"type": "Point", "coordinates": [325055.25, 4686534.0]}}, {"type": "Feature", "properties": {"node_id": 1936, "degree": 1, "node_type": "endpoint", "node_kind": null}, "geometry": {"type": "Point", "coordinates": [325083.90625, 4686384.5]}}, {"type": "Feature", "properties": {"node_id": 1937, "degree": 1, "node_type": "endpoint", "node_kind": null}, "geometry": {"type": "Point", "coordinates": [324998.09375, 4696586.5]}}, {"type": "Feature", "properties": {"node_id": 1938, "degree": 1, "node_type": "endpoint", "node_kind": null}, "geometry": {"type": "Point", "coordinates": [325004.25, 4696566.0]}}, {"type": "Feature", "properties": {"node_id": 1939, "degree": 1, "node_type": "endpoint", "node_kind": null}, "geometry": {"type": "Point", "coordinates": [324996.0, 4696586.0]}}, {"type": "Feature", "properties": {"node_id": 1940, "degree": 1, "node_type": "endpoint", "node_kind": null}, "geometry": {"type": "Point", "coordinates": [325004.5625, 4696558.0]}}, {"type": "Feature", "properties": {"node_id": 1941, "degree": 1, "node_type": "endpoint", "node_kind": null}, "geometry": {"type": "Point", "coordinates": [324919.34375, 4696383.5]}}, {"type": "Feature", "properties": {"node_id": 1942, "degree": 1, "node_type": "endpoint", "node_kind": null}, "geometry": {"type": "Point", "coordinates": [324843.75, 4696296.5]}}, {"type": "Feature", "properties": {"node_id": 1943, "degree": 1, "node_type": "endpoint", "node_kind": null}, "geometry": {"type": "Point", "coordinates": [324875.6875, 4685854.5]}}, {"type": "Feature", "properties": {"node_id": 1944, "degree": 1, "node_type": "endpoint", "node_kind": null}, "geometry": {"type": "Point", "coordinates": [325046.40625, 4686191.0]}}, {"type": "Feature", "properties": {"node_id": 1945, "degree": 1, "node_type": "endpoint", "node_kind": null}, "geometry": {"type": "Point", "coordinates": [324882.15625, 4685761.0]}}, {"type": "Feature", "properties": {"node_id": 1946, "degree": 1, "node_type": "endpoint", "node_kind": null}, "geometry": {"type": "Point", "coordinates": [324871.34375, 4685686.0]}}, {"type": "Feature", "properties": {"node_id": 1947, "degree": 1, "node_type": "endpoint", "node_kind": null}, "geometry": {"type": "Point", "coordinates": [325048.1875, 4686188.5]}}, {"type": "Feature", "properties": {"node_id": 1948, "degree": 1, "node_type": "endpoint", "node_kind": null}, "geometry": {"type": "Point", "coordinates": [324925.65625, 4685980.5]}}, {"type": "Feature", "properties": {"node_id": 1949, "degree": 1, "node_type": "endpoint", "node_kind": null}, "geometry": {"type": "Point", "coordinates": [324336.90625, 4685028.5]}}, {"type": "Feature", "properties": {"node_id": 1950, "degree": 1, "node_type": "endpoint", "node_kind": null}, "geometry": {"type": "Point", "coordinates": [324586.65625, 4685286.5]}}, {"type": "Feature", "properties": {"node_id": 1951, "degree": 1, "node_type": "endpoint", "node_kind": null}, "geometry": {"type": "Point", "coordinates": [324541.34375, 4685325.5]}}, {"type": "Feature", "properties": {"node_id": 1952, "degree": 1, "node_type": "endpoint", "node_kind": null}, "geometry": {"type": "Point", "coordinates": [324583.1875, 4685301.5]}}, {"type": "Feature", "properties": {"node_id": 1953, "degree": 1, "node_type": "endpoint", "node_kind": null}, "geometry": {"type": "Point", "coordinates": [324542.25, 4685326.5]}}, {"type": "Feature", "properties": {"node_id": 1954, "degree": 1, "node_type": "endpoint", "node_kind": null}, "geometry": {"type": "Point", "coordinates": [324585.15625, 4685303.5]}}, {"type": "Feature", "properties": {"node_id": 1955, "degree": 1, "node_type": "endpoint", "node_kind": null}, "geometry": {"type": "Point", "coordinates": [324590.25, 4685308.0]}}, {"type": "Feature", "properties": {"node_id": 1956, "degree": 1, "node_type": "endpoint", "node_kind": null}, "geometry": {"type": "Point", "coordinates": [324560.40625, 4685323.0]}}, {"type": "Feature", "properties": {"node_id": 1957, "degree": 1, "node_type": "endpoint", "node_kind": null}, "geometry": {"type": "Point", "coordinates": [324745.0625, 4685487.5]}}, {"type": "Feature", "properties": {"node_id": 1958, "degree": 1, "node_type": "endpoint", "node_kind": null}, "geometry": {"type": "Point", "coordinates": [324805.5, 4685589.5]}}, {"type": "Feature", "properties": {"node_id": 1959, "degree": 1, "node_type": "endpoint", "node_kind": null}, "geometry": {"type": "Point", "coordinates": [324863.5625, 4685753.0]}}, {"type": "Feature", "properties": {"node_id": 1960, "degree": 1, "node_type": "endpoint", "node_kind": null}, "geometry": {"type": "Point", "coordinates": [324855.4375, 4685694.5]}}, {"type": "Feature", "properties": {"node_id": 1961, "degree": 1, "node_type": "endpoint", "node_kind": null}, "geometry": {"type": "Point", "coordinates": [324661.9375, 4685385.0]}}, {"type": "Feature", "properties": {"node_id": 1962, "degree": 1, "node_type": "endpoint", "node_kind": null}, "geometry": {"type": "Point", "coordinates": [324646.9375, 4685366.0]}}, {"type": "Feature", "properties": {"node_id": 1963, "degree": 1, "node_type": "endpoint", "node_kind": null}, "geometry": {"type": "Point", "coordinates": [324582.4375, 4685299.0]}}, {"type": "Feature", "properties": {"node_id": 1964, "degree": 1, "node_type": "endpoint", "node_kind": null}, "geometry": {"type": "Point", "coordinates": [324539.5625, 4685323.5]}}, {"type": "Feature", "properties": {"node_id": 1965, "degree": 1, "node_type": "endpoint", "node_kind": null}, "geometry": {"type": "Point", "coordinates": [325032.59375, 4684356.5]}}, {"type": "Feature", "properties": {"node_id": 1966, "degree": 1, "node_type": "endpoint", "node_kind": null}, "geometry": {"type": "Point", "coordinates": [325094.25, 4684430.5]}}, {"type": "Feature", "properties": {"node_id": 1967, "degree": 1, "node_type": "endpoint", "node_kind": null}, "geometry": {"type": "Point", "coordinates": [325047.4375, 4684377.5]}}, {"type": "Feature", "properties": {"node_id": 1968, "degree": 1, "node_type": "endpoint", "node_kind": null}, "geometry": {"type": "Point", "coordinates": [325065.4375, 4684398.0]}}, {"type": "Feature", "properties": {"node_id": 1969, "degree": 1, "node_type": "endpoint", "node_kind": null}, "geometry": {"type": "Point", "coordinates": [325107.75, 4684450.5]}}, {"type": "Feature", "properties": {"node_id": 1970, "degree": 1, "node_type": "endpoint", "node_kind": null}, "geometry": {"type": "Point", "coordinates": [325065.4375, 4684398.5]}}, {"type": "Feature", "properties": {"node_id": 1971, "degree": 1, "node_type": "endpoint", "node_kind": null}, "geometry": {"type": "Point", "coordinates": [324912.0, 4684209.0]}}, {"type": "Feature", "properties": {"node_id": 1972, "degree": 1, "node_type": "endpoint", "node_kind": null}, "geometry": {"type": "Point", "coordinates": [325069.9375, 4684399.0]}}, {"type": "Feature", "properties": {"node_id": 1973, "degree": 1, "node_type": "endpoint", "node_kind": null}, "geometry": {"type": "Point", "coordinates": [324823.65625, 4684102.0]}}, {"type": "Feature", "properties": {"node_id": 1974, "degree": 1, "node_type": "endpoint", "node_kind": null}, "geometry": {"type": "Point", "coordinates": [324760.34375, 4684025.5]}}, {"type": "Feature", "properties": {"node_id": 1975, "degree": 1, "node_type": "endpoint", "node_kind": null}, "geometry": {"type": "Point", "coordinates": [324924.15625, 4684226.0]}}, {"type": "Feature", "properties": {"node_id": 1976, "degree": 2, "node_type": "endpoint", "node_kind": null}, "geometry": {"type": "Point", "coordinates": [324558.3125, 4683787.5]}}, {"type": "Feature", "properties": {"node_id": 1977, "degree": 1, "node_type": "endpoint", "node_kind": null}, "geometry": {"type": "Point", "coordinates": [324696.4375, 4683642.5]}}, {"type": "Feature", "properties": {"node_id": 1978, "degree": 1, "node_type": "endpoint", "node_kind": null}, "geometry": {"type": "Point", "coordinates": [324671.40625, 4683664.5]}}, {"type": "Feature", "properties": {"node_id": 1979, "degree": 2, "node_type": "endpoint", "node_kind": null}, "geometry": {"type": "Point", "coordinates": [324514.1875, 4683825.0]}}, {"type": "Feature", "properties": {"node_id": 1980, "degree": 1, "node_type": "endpoint", "node_kind": null}, "geometry": {"type": "Point", "coordinates": [324634.65625, 4683890.5]}}, {"type": "Feature", "properties": {"node_id": 1981, "degree": 1, "node_type": "endpoint", "node_kind": null}, "geometry": {"type": "Point", "coordinates": [324853.34375, 4683441.0]}}, {"type": "Feature", "properties": {"node_id": 1982, "degree": 1, "node_type": "endpoint", "node_kind": null}, "geometry": {"type": "Point", "coordinates": [324803.25, 4683532.0]}}, {"type": "Feature", "properties": {"node_id": 1983, "degree": 1, "node_type": "endpoint", "node_kind": null}, "geometry": {"type": "Point", "coordinates": [324662.25, 4683660.0]}}, {"type": "Feature", "properties": {"node_id": 1984, "degree": 1, "node_type": "endpoint", "node_kind": null}, "geometry": {"type": "Point", "coordinates": [324817.34375, 4683502.0]}}, {"type": "Feature", "properties": {"node_id": 1985, "degree": 1, "node_type": "endpoint", "node_kind": null}, "geometry": {"type": "Point", "coordinates": [324640.8125, 4683687.0]}}, {"type": "Feature", "properties": {"node_id": 1986, "degree": 1, "node_type": "endpoint", "node_kind": null}, "geometry": {"type": "Point", "coordinates": [324694.8125, 4683639.5]}}, {"type": "Feature", "properties": {"node_id": 1987, "degree": 2, "node_type": "endpoint", "node_kind": null}, "geometry": {"type": "Point", "coordinates": [324534.75, 4683761.5]}}, {"type": "Feature", "properties": {"node_id": 1988, "degree": 2, "node_type": "endpoint", "node_kind": null}, "geometry": {"type": "Point", "coordinates": [324486.59375, 4683704.0]}}, {"type": "Feature", "properties": {"node_id": 1989, "degree": 1, "node_type": "endpoint", "node_kind": null}, "geometry": {"type": "Point", "coordinates": [324586.34375, 4683818.0]}}, {"type": "Feature", "properties": {"node_id": 1990, "degree": 1, "node_type": "endpoint", "node_kind": null}, "geometry": {"type": "Point", "coordinates": [324694.65625, 4683947.5]}}, {"type": "Feature", "properties": {"node_id": 1991, "degree": 1, "node_type": "endpoint", "node_kind": null}, "geometry": {"type": "Point", "coordinates": [324846.4375, 4683471.0]}}, {"type": "Feature", "properties": {"node_id": 1992, "degree": 1, "node_type": "endpoint", "node_kind": null}, "geometry": {"type": "Point", "coordinates": [324867.3125, 4683399.0]}}, {"type": "Feature", "properties": {"node_id": 1993, "degree": 1, "node_type": "endpoint", "node_kind": null}, "geometry": {"type": "Point", "coordinates": [324610.1875, 4683864.5]}}, {"type": "Feature", "properties": {"node_id": 1994, "degree": 1, "node_type": "endpoint", "node_kind": null}, "geometry": {"type": "Point", "coordinates": [324594.0, 4683849.5]}}, {"type": "Feature", "properties": {"node_id": 1995, "degree": 1, "node_type": "endpoint", "node_kind": null}, "geometry": {"type": "Point", "coordinates": [324830.84375, 4683500.5]}}, {"type": "Feature", "properties": {"node_id": 1996, "degree": 1, "node_type": "endpoint", "node_kind": null}, "geometry": {"type": "Point", "coordinates": [324805.0625, 4683535.0]}}, {"type": "Feature", "properties": {"node_id": 1997, "degree": 1, "node_type": "endpoint", "node_kind": null}, "geometry": {"type": "Point", "coordinates": [325120.1875, 4683143.0]}}, {"type": "Feature", "properties": {"node_id": 1998, "degree": 1, "node_type": "endpoint", "node_kind": null}, "geometry": {"type": "Point", "coordinates": [324892.5, 4683352.0]}}, {"type": "Feature", "properties": {"node_id": 1999, "degree": 1, "node_type": "endpoint", "node_kind": null}, "geometry": {"type": "Point", "coordinates": [324908.6875, 4683326.0]}}, {"type": "Feature", "properties": {"node_id": 2000, "degree": 1, "node_type": "endpoint", "node_kind": null}, "geometry": {"type": "Point", "coordinates": [325062.90625, 4683184.0]}}, {"type": "Feature", "properties": {"node_id": 2001, "degree": 1, "node_type": "endpoint", "node_kind": null}, "geometry": {"type": "Point", "coordinates": [325005.15625, 4683235.0]}}, {"type": "Feature", "properties": {"node_id": 2002, "degree": 1, "node_type": "endpoint", "node_kind": null}, "geometry": {"type": "Point", "coordinates": [325123.0625, 4683128.0]}}, {"type": "Feature", "properties": {"node_id": 2003, "degree": 1, "node_type": "endpoint", "node_kind": null}, "geometry": {"type": "Point", "coordinates": [325007.6875, 4683243.0]}}, {"type": "Feature", "properties": {"node_id": 2004, "degree": 1, "node_type": "endpoint", "node_kind": null}, "geometry": {"type": "Point", "coordinates": [325077.3125, 4683179.0]}}, {"type": "Feature", "properties": {"node_id": 2005, "degree": 1, "node_type": "endpoint", "node_kind": null}, "geometry": {"type": "Point", "coordinates": [325233.3125, 4697814.0]}}, {"type": "Feature", "properties": {"node_id": 2006, "degree": 1, "node_type": "endpoint", "node_kind": null}, "geometry": {"type": "Point", "coordinates": [325193.25, 4697851.5]}}, {"type": "Feature", "properties": {"node_id": 2007, "degree": 1, "node_type": "endpoint", "node_kind": null}, "geometry": {"type": "Point", "coordinates": [325587.4375, 4697487.5]}}, {"type": "Feature", "properties": {"node_id": 2008, "degree": 1, "node_type": "endpoint", "node_kind": null}, "geometry": {"type": "Point", "coordinates": [325641.4375, 4697425.5]}}, {"type": "Feature", "properties": {"node_id": 2009, "degree": 1, "node_type": "endpoint", "node_kind": null}, "geometry": {"type": "Point", "coordinates": [325238.40625, 4697816.5]}}, {"type": "Feature", "properties": {"node_id": 2010, "degree": 2, "node_type": "endpoint", "node_kind": null}, "geometry": {"type": "Point", "coordinates": [325100.5625, 4697945.5]}}, {"type": "Feature", "properties": {"node_id": 2011, "degree": 1, "node_type": "endpoint", "node_kind": null}, "geometry": {"type": "Point", "coordinates": [325399.8125, 4697657.5]}}, {"type": "Feature", "properties": {"node_id": 2012, "degree": 1, "node_type": "endpoint", "node_kind": null}, "geometry": {"type": "Point", "coordinates": [325203.59375, 4697839.0]}}, {"type": "Feature", "properties": {"node_id": 2013, "degree": 1, "node_type": "endpoint", "node_kind": null}, "geometry": {"type": "Point", "coordinates": [325535.84375, 4697545.0]}}, {"type": "Feature", "properties": {"node_id": 2014, "degree": 1, "node_type": "endpoint", "node_kind": null}, "geometry": {"type": "Point", "coordinates": [325691.40625, 4697374.0]}}, {"type": "Feature", "properties": {"node_id": 2015, "degree": 1, "node_type": "endpoint", "node_kind": null}, "geometry": {"type": "Point", "coordinates": [325442.09375, 4682362.5]}}, {"type": "Feature", "properties": {"node_id": 2016, "degree": 1, "node_type": "endpoint", "node_kind": null}, "geometry": {"type": "Point", "coordinates": [325531.8125, 4682531.5]}}, {"type": "Feature", "properties": {"node_id": 2017, "degree": 1, "node_type": "endpoint", "node_kind": null}, "geometry": {"type": "Point", "coordinates": [325196.40625, 4682207.5]}}, {"type": "Feature", "properties": {"node_id": 2018, "degree": 1, "node_type": "endpoint", "node_kind": null}, "geometry": {"type": "Point", "coordinates": [325233.0, 4682204.5]}}, {"type": "Feature", "properties": {"node_id": 2019, "degree": 1, "node_type": "endpoint", "node_kind": null}, "geometry": {"type": "Point", "coordinates": [325468.65625, 4695717.0]}}, {"type": "Feature", "properties": {"node_id": 2020, "degree": 1, "node_type": "endpoint", "node_kind": null}, "geometry": {"type": "Point", "coordinates": [325556.25, 4695822.5]}}, {"type": "Feature", "properties": {"node_id": 2021, "degree": 1, "node_type": "endpoint", "node_kind": null}, "geometry": {"type": "Point", "coordinates": [325239.90625, 4696114.5]}}, {"type": "Feature", "properties": {"node_id": 2022, "degree": 1, "node_type": "endpoint", "node_kind": null}, "geometry": {"type": "Point", "coordinates": [325207.9375, 4696172.5]}}, {"type": "Feature", "properties": {"node_id": 2023, "degree": 1, "node_type": "endpoint", "node_kind": null}, "geometry": {"type": "Point", "coordinates": [325364.25, 4696045.5]}}, {"type": "Feature", "properties": {"node_id": 2024, "degree": 1, "node_type": "endpoint", "node_kind": null}, "geometry": {"type": "Point", "coordinates": [325380.15625, 4696078.5]}}, {"type": "Feature", "properties": {"node_id": 2025, "degree": 1, "node_type": "endpoint", "node_kind": null}, "geometry": {"type": "Point", "coordinates": [325443.75, 4695691.5]}}, {"type": "Feature", "properties": {"node_id": 2026, "degree": 1, "node_type": "endpoint", "node_kind": null}, "geometry": {"type": "Point", "coordinates": [325553.5625, 4695823.0]}}, {"type": "Feature", "properties": {"node_id": 2027, "degree": 1, "node_type": "endpoint", "node_kind": null}, "geometry": {"type": "Point", "coordinates": [325416.15625, 4696159.0]}}, {"type": "Feature", "properties": {"node_id": 2028, "degree": 1, "node_type": "endpoint", "node_kind": null}, "geometry": {"type": "Point", "coordinates": [325537.5, 4696253.0]}}, {"type": "Feature", "properties": {"node_id": 2029, "degree": 1, "node_type": "endpoint", "node_kind": null}, "geometry": {"type": "Point", "coordinates": [325232.84375, 4696108.0]}}, {"type": "Feature", "properties": {"node_id": 2030, "degree": 1, "node_type": "endpoint", "node_kind": null}, "geometry": {"type": "Point", "coordinates": [325270.5, 4696042.0]}}, {"type": "Feature", "properties": {"node_id": 2031, "degree": 1, "node_type": "endpoint", "node_kind": null}, "geometry": {"type": "Point", "coordinates": [325417.34375, 4696157.0]}}, {"type": "Feature", "properties": {"node_id": 2032, "degree": 1, "node_type": "endpoint", "node_kind": null}, "geometry": {"type": "Point", "coordinates": [325537.1875, 4696250.5]}}, {"type": "Feature", "properties": {"node_id": 2033, "degree": 1, "node_type": "endpoint", "node_kind": null}, "geometry": {"type": "Point", "coordinates": [325416.3125, 4696170.5]}}, {"type": "Feature", "properties": {"node_id": 2034, "degree": 1, "node_type": "endpoint", "node_kind": null}, "geometry": {"type": "Point", "coordinates": [325659.15625, 4696331.0]}}, {"type": "Feature", "properties": {"node_id": 2035, "degree": 1, "node_type": "endpoint", "node_kind": null}, "geometry": {"type": "Point", "coordinates": [325239.4375, 4696109.5]}}, {"type": "Feature", "properties": {"node_id": 2036, "degree": 1, "node_type": "endpoint", "node_kind": null}, "geometry": {"type": "Point", "coordinates": [325206.3125, 4696169.0]}}, {"type": "Feature", "properties": {"node_id": 2037, "degree": 1, "node_type": "endpoint", "node_kind": null}, "geometry": {"type": "Point", "coordinates": [325365.15625, 4695957.5]}}, {"type": "Feature", "properties": {"node_id": 2038, "degree": 1, "node_type": "endpoint", "node_kind": null}, "geometry": {"type": "Point", "coordinates": [325345.65625, 4695970.5]}}, {"type": "Feature", "properties": {"node_id": 2039, "degree": 1, "node_type": "endpoint", "node_kind": null}, "geometry": {"type": "Point", "coordinates": [325317.0, 4680093.0]}}, {"type": "Feature", "properties": {"node_id": 2040, "degree": 1, "node_type": "endpoint", "node_kind": null}, "geometry": {"type": "Point", "coordinates": [325368.4375, 4680167.0]}}, {"type": "Feature", "properties": {"node_id": 2041, "degree": 1, "node_type": "endpoint", "node_kind": null}, "geometry": {"type": "Point", "coordinates": [325482.75, 4678945.0]}}, {"type": "Feature", "properties": {"node_id": 2042, "degree": 1, "node_type": "endpoint", "node_kind": null}, "geometry": {"type": "Point", "coordinates": [325566.3125, 4679029.0]}}, {"type": "Feature", "properties": {"node_id": 2043, "degree": 1, "node_type": "endpoint", "node_kind": null}, "geometry": {"type": "Point", "coordinates": [325220.84375, 4677983.5]}}, {"type": "Feature", "properties": {"node_id": 2044, "degree": 1, "node_type": "endpoint", "node_kind": null}, "geometry": {"type": "Point", "coordinates": [325444.9375, 4677792.0]}}, {"type": "Feature", "properties": {"node_id": 2045, "degree": 1, "node_type": "endpoint", "node_kind": null}, "geometry": {"type": "Point", "coordinates": [325536.59375, 4677451.0]}}, {"type": "Feature", "properties": {"node_id": 2046, "degree": 1, "node_type": "endpoint", "node_kind": null}, "geometry": {"type": "Point", "coordinates": [325488.3125, 4677351.5]}}, {"type": "Feature", "properties": {"node_id": 2047, "degree": 1, "node_type": "endpoint", "node_kind": null}, "geometry": {"type": "Point", "coordinates": [325638.75, 4677662.0]}}, {"type": "Feature", "properties": {"node_id": 2048, "degree": 1, "node_type": "endpoint", "node_kind": null}, "geometry": {"type": "Point", "coordinates": [325574.84375, 4677529.0]}}, {"type": "Feature", "properties": {"node_id": 2049, "degree": 1, "node_type": "endpoint", "node_kind": null}, "geometry": {"type": "Point", "coordinates": [325380.75, 4677130.5]}}, {"type": "Feature", "properties": {"node_id": 2050, "degree": 1, "node_type": "endpoint", "node_kind": null}, "geometry": {"type": "Point", "coordinates": [325362.4375, 4677092.5]}}, {"type": "Feature", "properties": {"node_id": 2051, "degree": 1, "node_type": "endpoint", "node_kind": null}, "geometry": {"type": "Point", "coordinates": [325443.3125, 4677281.0]}}, {"type": "Feature", "properties": {"node_id": 2052, "degree": 1, "node_type": "endpoint", "node_kind": null}, "geometry": {"type": "Point", "coordinates": [325404.75, 4677202.0]}}, {"type": "Feature", "properties": {"node_id": 2053, "degree": 1, "node_type": "endpoint", "node_kind": null}, "geometry": {"type": "Point", "coordinates": [325603.65625, 4677113.5]}}, {"type": "Feature", "properties": {"node_id": 2054, "degree": 1, "node_type": "endpoint", "node_kind": null}, "geometry": {"type": "Point", "coordinates": [325488.0, 4677007.0]}}, {"type": "Feature", "properties": {"node_id": 2055, "degree": 1, "node_type": "endpoint", "node_kind": null}, "geometry": {"type": "Point", "coordinates": [325113.15625, 4695556.0]}}, {"type": "Feature", "properties": {"node_id": 2056, "degree": 1, "node_type": "endpoint", "node_kind": null}, "geometry": {"type": "Point", "coordinates": [325219.65625, 4695434.0]}}, {"type": "Feature", "properties": {"node_id": 2057, "degree": 2, "node_type": "endpoint", "node_kind": null}, "geometry": {"type": "Point", "coordinates": [325545.75, 4695089.0]}}, {"type": "Feature", "properties": {"node_id": 2058, "degree": 2, "node_type": "endpoint", "node_kind": null}, "geometry": {"type": "Point", "coordinates": [325568.6875, 4694910.5]}}, {"type": "Feature", "properties": {"node_id": 2059, "degree": 1, "node_type": "endpoint", "node_kind": null}, "geometry": {"type": "Point", "coordinates": [325536.0, 4695036.5]}}, {"type": "Feature", "properties": {"node_id": 2060, "degree": 1, "node_type": "endpoint", "node_kind": null}, "geometry": {"type": "Point", "coordinates": [325547.09375, 4694969.0]}}, {"type": "Feature", "properties": {"node_id": 2061, "degree": 1, "node_type": "endpoint", "node_kind": null}, "geometry": {"type": "Point", "coordinates": [325333.5, 4695361.5]}}, {"type": "Feature", "properties": {"node_id": 2062, "degree": 1, "node_type": "endpoint", "node_kind": null}, "geometry": {"type": "Point", "coordinates": [325368.0, 4695338.5]}}, {"type": "Feature", "properties": {"node_id": 2063, "degree": 1, "node_type": "endpoint", "node_kind": null}, "geometry": {"type": "Point", "coordinates": [325441.9375, 4695250.5]}}, {"type": "Feature", "properties": {"node_id": 2064, "degree": 2, "node_type": "endpoint", "node_kind": null}, "geometry": {"type": "Point", "coordinates": [325255.1875, 4695389.0]}}, {"type": "Feature", "properties": {"node_id": 2065, "degree": 1, "node_type": "endpoint", "node_kind": null}, "geometry": {"type": "Point", "coordinates": [325498.65625, 4695202.5]}}, {"type": "Feature", "properties": {"node_id": 2066, "degree": 1, "node_type": "endpoint", "node_kind": null}, "geometry": {"type": "Point", "coordinates": [325473.75, 4695236.5]}}, {"type": "Feature", "properties": {"node_id": 2067, "degree": 1, "node_type": "endpoint", "node_kind": null}, "geometry": {"type": "Point", "coordinates": [325218.4375, 4695415.0]}}, {"type": "Feature", "properties": {"node_id": 2068, "degree": 1, "node_type": "endpoint", "node_kind": null}, "geometry": {"type": "Point", "coordinates": [325111.9375, 4695532.5]}}, {"type": "Feature", "properties": {"node_id": 2069, "degree": 2, "node_type": "endpoint", "node_kind": null}, "geometry": {"type": "Point", "coordinates": [325541.5625, 4695101.5]}}, {"type": "Feature", "properties": {"node_id": 2070, "degree": 1, "node_type": "endpoint", "node_kind": null}, "geometry": {"type": "Point", "coordinates": [325537.65625, 4695118.0]}}, {"type": "Feature", "properties": {"node_id": 2071, "degree": 1, "node_type": "endpoint", "node_kind": null}, "geometry": {"type": "Point", "coordinates": [325255.65625, 4695391.0]}}, {"type": "Feature", "properties": {"node_id": 2072, "degree": 1, "node_type": "endpoint", "node_kind": null}, "geometry": {"type": "Point", "coordinates": [325387.8125, 4695304.0]}}, {"type": "Feature", "properties": {"node_id": 2073, "degree": 1, "node_type": "endpoint", "node_kind": null}, "geometry": {"type": "Point", "coordinates": [325543.34375, 4694691.5]}}, {"type": "Feature", "properties": {"node_id": 2074, "degree": 2, "node_type": "endpoint", "node_kind": null}, "geometry": {"type": "Point", "coordinates": [325563.0, 4694877.5]}}, {"type": "Feature", "properties": {"node_id": 2075, "degree": 1, "node_type": "endpoint", "node_kind": null}, "geometry": {"type": "Point", "coordinates": [325456.34375, 4694662.0]}}, {"type": "Feature", "properties": {"node_id": 2076, "degree": 1, "node_type": "endpoint", "node_kind": null}, "geometry": {"type": "Point", "coordinates": [325513.65625, 4694676.0]}}, {"type": "Feature", "properties": {"node_id": 2077, "degree": 1, "node_type": "endpoint", "node_kind": null}, "geometry": {"type": "Point", "coordinates": [325549.65625, 4694732.5]}}, {"type": "Feature", "properties": {"node_id": 2078, "degree": 1, "node_type": "endpoint", "node_kind": null}, "geometry": {"type": "Point", "coordinates": [325507.1875, 4694350.0]}}, {"type": "Feature", "properties": {"node_id": 2079, "degree": 1, "node_type": "endpoint", "node_kind": null}, "geometry": {"type": "Point", "coordinates": [325527.90625, 4694697.5]}}, {"type": "Feature", "properties": {"node_id": 2080, "degree": 1, "node_type": "endpoint", "node_kind": null}, "geometry": {"type": "Point", "coordinates": [325548.4375, 4694891.0]}}, {"type": "Feature", "properties": {"node_id": 2081, "degree": 1, "node_type": "endpoint", "node_kind": null}, "geometry": {"type": "Point", "coordinates": [325564.9375, 4694877.0]}}, {"type": "Feature", "properties": {"node_id": 2082, "degree": 1, "node_type": "endpoint", "node_kind": null}, "geometry": {"type": "Point", "coordinates": [325556.6875, 4694798.0]}}, {"type": "Feature", "properties": {"node_id": 2083, "degree": 1, "node_type": "endpoint", "node_kind": null}, "geometry": {"type": "Point", "coordinates": [325491.90625, 4694356.5]}}, {"type": "Feature", "properties": {"node_id": 2084, "degree": 1, "node_type": "endpoint", "node_kind": null}, "geometry": {"type": "Point", "coordinates": [325501.34375, 4694447.0]}}, {"type": "Feature", "properties": {"node_id": 2085, "degree": 1, "node_type": "endpoint", "node_kind": null}, "geometry": {"type": "Point", "coordinates": [325251.90625, 4693829.0]}}, {"type": "Feature", "properties": {"node_id": 2086, "degree": 2, "node_type": "endpoint", "node_kind": null}, "geometry": {"type": "Point", "coordinates": [325231.5, 4693855.0]}}, {"type": "Feature", "properties": {"node_id": 2087, "degree": 1, "node_type": "endpoint", "node_kind": null}, "geometry": {"type": "Point", "coordinates": [325458.90625, 4694065.5]}}, {"type": "Feature", "properties": {"node_id": 2088, "degree": 1, "node_type": "endpoint", "node_kind": null}, "geometry": {"type": "Point", "coordinates": [325445.84375, 4693940.5]}}, {"type": "Feature", "properties": {"node_id": 2089, "degree": 1, "node_type": "endpoint", "node_kind": null}, "geometry": {"type": "Point", "coordinates": [325172.5625, 4694061.5]}}, {"type": "Feature", "properties": {"node_id": 2090, "degree": 1, "node_type": "endpoint", "node_kind": null}, "geometry": {"type": "Point", "coordinates": [325291.1875, 4694112.0]}}, {"type": "Feature", "properties": {"node_id": 2091, "degree": 1, "node_type": "endpoint", "node_kind": null}, "geometry": {"type": "Point", "coordinates": [325211.40625, 4693934.5]}}, {"type": "Feature", "properties": {"node_id": 2092, "degree": 1, "node_type": "endpoint", "node_kind": null}, "geometry": {"type": "Point", "coordinates": [325278.90625, 4693884.5]}}, {"type": "Feature", "properties": {"node_id": 2093, "degree": 1, "node_type": "endpoint", "node_kind": null}, "geometry": {"type": "Point", "coordinates": [325161.3125, 4693954.0]}}, {"type": "Feature", "properties": {"node_id": 2094, "degree": 1, "node_type": "endpoint", "node_kind": null}, "geometry": {"type": "Point", "coordinates": [325228.1875, 4693840.0]}}, {"type": "Feature", "properties": {"node_id": 2095, "degree": 2, "node_type": "endpoint", "node_kind": null}, "geometry": {"type": "Point", "coordinates": [325223.25, 4693865.5]}}, {"type": "Feature", "properties": {"node_id": 2096, "degree": 1, "node_type": "endpoint", "node_kind": null}, "geometry": {"type": "Point", "coordinates": [325178.25, 4693941.5]}}, {"type": "Feature", "properties": {"node_id": 2097, "degree": 1, "node_type": "endpoint", "node_kind": null}, "geometry": {"type": "Point", "coordinates": [325560.0, 4694131.5]}}, {"type": "Feature", "properties": {"node_id": 2098, "degree": 1, "node_type": "endpoint", "node_kind": null}, "geometry": {"type": "Point", "coordinates": [325494.75, 4694137.0]}}, {"type": "Feature", "properties": {"node_id": 2099, "degree": 1, "node_type": "endpoint", "node_kind": null}, "geometry": {"type": "Point", "coordinates": [325184.40625, 4694240.5]}}, {"type": "Feature", "properties": {"node_id": 2100, "degree": 1, "node_type": "endpoint", "node_kind": null}, "geometry": {"type": "Point", "coordinates": [325064.84375, 4694177.5]}}, {"type": "Feature", "properties": {"node_id": 2101, "degree": 1, "node_type": "endpoint", "node_kind": null}, "geometry": {"type": "Point", "coordinates": [325176.59375, 4693951.0]}}, {"type": "Feature", "properties": {"node_id": 2102, "degree": 2, "node_type": "endpoint", "node_kind": null}, "geometry": {"type": "Point", "coordinates": [325135.1875, 4694029.0]}}, {"type": "Feature", "properties": {"node_id": 2103, "degree": 1, "node_type": "endpoint", "node_kind": null}, "geometry": {"type": "Point", "coordinates": [325467.75, 4694130.5]}}, {"type": "Feature", "properties": {"node_id": 2104, "degree": 1, "node_type": "endpoint", "node_kind": null}, "geometry": {"type": "Point", "coordinates": [325456.34375, 4694022.0]}}, {"type": "Feature", "properties": {"node_id": 2105, "degree": 1, "node_type": "endpoint", "node_kind": null}, "geometry": {"type": "Point", "coordinates": [325494.90625, 4694139.0]}}, {"type": "Feature", "properties": {"node_id": 2106, "degree": 1, "node_type": "endpoint", "node_kind": null}, "geometry": {"type": "Point", "coordinates": [325713.59375, 4694120.5]}}, {"type": "Feature", "properties": {"node_id": 2107, "degree": 1, "node_type": "endpoint", "node_kind": null}, "geometry": {"type": "Point", "coordinates": [325330.5, 4693489.5]}}, {"type": "Feature", "properties": {"node_id": 2108, "degree": 1, "node_type": "endpoint", "node_kind": null}, "geometry": {"type": "Point", "coordinates": [325308.59375, 4693526.0]}}, {"type": "Feature", "properties": {"node_id": 2109, "degree": 1, "node_type": "endpoint", "node_kind": null}, "geometry": {"type": "Point", "coordinates": [325328.6875, 4693489.0]}}, {"type": "Feature", "properties": {"node_id": 2110, "degree": 1, "node_type": "endpoint", "node_kind": null}, "geometry": {"type": "Point", "coordinates": [325290.15625, 4693553.0]}}, {"type": "Feature", "properties": {"node_id": 2111, "degree": 1, "node_type": "endpoint", "node_kind": null}, "geometry": {"type": "Point", "coordinates": [325404.59375, 4693258.0]}}, {"type": "Feature", "properties": {"node_id": 2112, "degree": 1, "node_type": "endpoint", "node_kind": null}, "geometry": {"type": "Point", "coordinates": [325379.84375, 4693220.0]}}, {"type": "Feature", "properties": {"node_id": 2113, "degree": 1, "node_type": "endpoint", "node_kind": null}, "geometry": {"type": "Point", "coordinates": [325380.15625, 4693349.0]}}, {"type": "Feature", "properties": {"node_id": 2114, "degree": 1, "node_type": "endpoint", "node_kind": null}, "geometry": {"type": "Point", "coordinates": [325354.5, 4693353.0]}}, {"type": "Feature", "properties": {"node_id": 2115, "degree": 1, "node_type": "endpoint", "node_kind": null}, "geometry": {"type": "Point", "coordinates": [325206.0, 4693746.0]}}, {"type": "Feature", "properties": {"node_id": 2116, "degree": 1, "node_type": "endpoint", "node_kind": null}, "geometry": {"type": "Point", "coordinates": [325255.5, 4693760.5]}}, {"type": "Feature", "properties": {"node_id": 2117, "degree": 1, "node_type": "endpoint", "node_kind": null}, "geometry": {"type": "Point", "coordinates": [325451.6875, 4693330.5]}}, {"type": "Feature", "properties": {"node_id": 2118, "degree": 1, "node_type": "endpoint", "node_kind": null}, "geometry": {"type": "Point", "coordinates": [325478.25, 4693370.5]}}, {"type": "Feature", "properties": {"node_id": 2119, "degree": 1, "node_type": "endpoint", "node_kind": null}, "geometry": {"type": "Point", "coordinates": [325257.75, 4693765.0]}}, {"type": "Feature", "properties": {"node_id": 2120, "degree": 1, "node_type": "endpoint", "node_kind": null}, "geometry": {"type": "Point", "coordinates": [325200.3125, 4693748.0]}}, {"type": "Feature", "properties": {"node_id": 2121, "degree": 1, "node_type": "endpoint", "node_kind": null}, "geometry": {"type": "Point", "coordinates": [325256.25, 4693757.5]}}, {"type": "Feature", "properties": {"node_id": 2122, "degree": 1, "node_type": "endpoint", "node_kind": null}, "geometry": {"type": "Point", "coordinates": [325235.5625, 4693751.0]}}, {"type": "Feature", "properties": {"node_id": 2123, "degree": 1, "node_type": "endpoint", "node_kind": null}, "geometry": {"type": "Point", "coordinates": [325620.15625, 4693236.0]}}, {"type": "Feature", "properties": {"node_id": 2124, "degree": 1, "node_type": "endpoint", "node_kind": null}, "geometry": {"type": "Point", "coordinates": [325595.5625, 4693245.0]}}, {"type": "Feature", "properties": {"node_id": 2125, "degree": 1, "node_type": "endpoint", "node_kind": null}, "geometry": {"type": "Point", "coordinates": [325545.3125, 4693473.5]}}, {"type": "Feature", "properties": {"node_id": 2126, "degree": 1, "node_type": "endpoint", "node_kind": null}, "geometry": {"type": "Point", "coordinates": [325529.5625, 4693441.0]}}, {"type": "Feature", "properties": {"node_id": 2127, "degree": 1, "node_type": "endpoint", "node_kind": null}, "geometry": {"type": "Point", "coordinates": [325312.5, 4693249.0]}}, {"type": "Feature", "properties": {"node_id": 2128, "degree": 1, "node_type": "endpoint", "node_kind": null}, "geometry": {"type": "Point", "coordinates": [325344.15625, 4693201.0]}}, {"type": "Feature", "properties": {"node_id": 2129, "degree": 1, "node_type": "endpoint", "node_kind": null}, "geometry": {"type": "Point", "coordinates": [325200.90625, 4692962.5]}}, {"type": "Feature", "properties": {"node_id": 2130, "degree": 1, "node_type": "endpoint", "node_kind": null}, "geometry": {"type": "Point", "coordinates": [325151.5625, 4692889.0]}}, {"type": "Feature", "properties": {"node_id": 2131, "degree": 1, "node_type": "endpoint", "node_kind": null}, "geometry": {"type": "Point", "coordinates": [325407.0, 4693265.5]}}, {"type": "Feature", "properties": {"node_id": 2132, "degree": 1, "node_type": "endpoint", "node_kind": null}, "geometry": {"type": "Point", "coordinates": [325369.5, 4693206.5]}}, {"type": "Feature", "properties": {"node_id": 2133, "degree": 1, "node_type": "endpoint", "node_kind": null}, "geometry": {"type": "Point", "coordinates": [325235.25, 4692998.0]}}, {"type": "Feature", "properties": {"node_id": 2134, "degree": 1, "node_type": "endpoint", "node_kind": null}, "geometry": {"type": "Point", "coordinates": [325195.5, 4692938.0]}}, {"type": "Feature", "properties": {"node_id": 2135, "degree": 1, "node_type": "endpoint", "node_kind": null}, "geometry": {"type": "Point", "coordinates": [325488.59375, 4693390.0]}}, {"type": "Feature", "properties": {"node_id": 2136, "degree": 1, "node_type": "endpoint", "node_kind": null}, "geometry": {"type": "Point", "coordinates": [325441.5, 4693318.0]}}, {"type": "Feature", "properties": {"node_id": 2137, "degree": 1, "node_type": "endpoint", "node_kind": null}, "geometry": {"type": "Point", "coordinates": [325334.84375, 4693170.5]}}, {"type": "Feature", "properties": {"node_id": 2138, "degree": 1, "node_type": "endpoint", "node_kind": null}, "geometry": {"type": "Point", "coordinates": [325298.6875, 4693116.5]}}, {"type": "Feature", "properties": {"node_id": 2139, "degree": 1, "node_type": "endpoint", "node_kind": null}, "geometry": {"type": "Point", "coordinates": [325574.09375, 4693243.5]}}, {"type": "Feature", "properties": {"node_id": 2140, "degree": 1, "node_type": "endpoint", "node_kind": null}, "geometry": {"type": "Point", "coordinates": [325668.0, 4693194.5]}}, {"type": "Feature", "properties": {"node_id": 2141, "degree": 1, "node_type": "endpoint", "node_kind": null}, "geometry": {"type": "Point", "coordinates": [325149.90625, 4692891.0]}}, {"type": "Feature", "properties": {"node_id": 2142, "degree": 1, "node_type": "endpoint", "node_kind": null}, "geometry": {"type": "Point", "coordinates": [325181.40625, 4692937.5]}}, {"type": "Feature", "properties": {"node_id": 2143, "degree": 1, "node_type": "endpoint", "node_kind": null}, "geometry": {"type": "Point", "coordinates": [325326.4375, 4692366.0]}}, {"type": "Feature", "properties": {"node_id": 2144, "degree": 1, "node_type": "endpoint", "node_kind": null}, "geometry": {"type": "Point", "coordinates": [325472.5625, 4692378.0]}}, {"type": "Feature", "properties": {"node_id": 2145, "degree": 1, "node_type": "endpoint", "node_kind": null}, "geometry": {"type": "Point", "coordinates": [325413.59375, 4692369.5]}}, {"type": "Feature", "properties": {"node_id": 2146, "degree": 1, "node_type": "endpoint", "node_kind": null}, "geometry": {"type": "Point", "coordinates": [325331.40625, 4692364.0]}}, {"type": "Feature", "properties": {"node_id": 2147, "degree": 1, "node_type": "endpoint", "node_kind": null}, "geometry": {"type": "Point", "coordinates": [325142.40625, 4692350.0]}}, {"type": "Feature", "properties": {"node_id": 2148, "degree": 1, "node_type": "endpoint", "node_kind": null}, "geometry": {"type": "Point", "coordinates": [325114.9375, 4692347.0]}}, {"type": "Feature", "properties": {"node_id": 2149, "degree": 1, "node_type": "endpoint", "node_kind": null}, "geometry": {"type": "Point", "coordinates": [325182.59375, 4692286.0]}}, {"type": "Feature", "properties": {"node_id": 2150, "degree": 1, "node_type": "endpoint", "node_kind": null}, "geometry": {"type": "Point", "coordinates": [325178.84375, 4692322.5]}}, {"type": "Feature", "properties": {"node_id": 2151, "degree": 1, "node_type": "endpoint", "node_kind": null}, "geometry": {"type": "Point", "coordinates": [325285.8125, 4696854.5]}}, {"type": "Feature", "properties": {"node_id": 2152, "degree": 1, "node_type": "endpoint", "node_kind": null}, "geometry": {"type": "Point", "coordinates": [325487.25, 4696678.5]}}, {"type": "Feature", "properties": {"node_id": 2153, "degree": 1, "node_type": "endpoint", "node_kind": null}, "geometry": {"type": "Point", "coordinates": [325416.3125, 4696762.5]}}, {"type": "Feature", "properties": {"node_id": 2154, "degree": 1, "node_type": "endpoint", "node_kind": null}, "geometry": {"type": "Point", "coordinates": [325484.25, 4696685.5]}}, {"type": "Feature", "properties": {"node_id": 2155, "degree": 1, "node_type": "endpoint", "node_kind": null}, "geometry": {"type": "Point", "coordinates": [325241.6875, 4696878.0]}}, {"type": "Feature", "properties": {"node_id": 2156, "degree": 1, "node_type": "endpoint", "node_kind": null}, "geometry": {"type": "Point", "coordinates": [325163.09375, 4696924.0]}}, {"type": "Feature", "properties": {"node_id": 2157, "degree": 1, "node_type": "endpoint", "node_kind": null}, "geometry": {"type": "Point", "coordinates": [325288.8125, 4696855.0]}}, {"type": "Feature", "properties": {"node_id": 2158, "degree": 1, "node_type": "endpoint", "node_kind": null}, "geometry": {"type": "Point", "coordinates": [325485.15625, 4696687.0]}}, {"type": "Feature", "properties": {"node_id": 2159, "degree": 1, "node_type": "endpoint", "node_kind": null}, "geometry": {"type": "Point", "coordinates": [325116.90625, 4696944.5]}}, {"type": "Feature", "properties": {"node_id": 2160, "degree": 1, "node_type": "endpoint", "node_kind": null}, "geometry": {"type": "Point", "coordinates": [325068.90625, 4696973.0]}}, {"type": "Feature", "properties": {"node_id": 2161, "degree": 1, "node_type": "endpoint", "node_kind": null}, "geometry": {"type": "Point", "coordinates": [325181.5625, 4696727.5]}}, {"type": "Feature", "properties": {"node_id": 2162, "degree": 1, "node_type": "endpoint", "node_kind": null}, "geometry": {"type": "Point", "coordinates": [325164.4375, 4696695.5]}}, {"type": "Feature", "properties": {"node_id": 2163, "degree": 1, "node_type": "endpoint", "node_kind": null}, "geometry": {"type": "Point", "coordinates": [325263.15625, 4691893.0]}}, {"type": "Feature", "properties": {"node_id": 2164, "degree": 1, "node_type": "endpoint", "node_kind": null}, "geometry": {"type": "Point", "coordinates": [325323.4375, 4691929.5]}}, {"type": "Feature", "properties": {"node_id": 2165, "degree": 1, "node_type": "endpoint", "node_kind": null}, "geometry": {"type": "Point", "coordinates": [325482.3125, 4692008.0]}}, {"type": "Feature", "properties": {"node_id": 2166, "degree": 1, "node_type": "endpoint", "node_kind": null}, "geometry": {"type": "Point", "coordinates": [325395.3125, 4691979.5]}}, {"type": "Feature", "properties": {"node_id": 2167, "degree": 1, "node_type": "endpoint", "node_kind": null}, "geometry": {"type": "Point", "coordinates": [325607.84375, 4690938.5]}}, {"type": "Feature", "properties": {"node_id": 2168, "degree": 1, "node_type": "endpoint", "node_kind": null}, "geometry": {"type": "Point", "coordinates": [325677.3125, 4690925.5]}}, {"type": "Feature", "properties": {"node_id": 2169, "degree": 1, "node_type": "endpoint", "node_kind": null}, "geometry": {"type": "Point", "coordinates": [325283.6875, 4690987.5]}}, {"type": "Feature", "properties": {"node_id": 2170, "degree": 1, "node_type": "endpoint", "node_kind": null}, "geometry": {"type": "Point", "coordinates": [325290.0, 4690653.5]}}, {"type": "Feature", "properties": {"node_id": 2171, "degree": 1, "node_type": "endpoint", "node_kind": null}, "geometry": {"type": "Point", "coordinates": [325638.59375, 4690965.0]}}, {"type": "Feature", "properties": {"node_id": 2172, "degree": 2, "node_type": "endpoint", "node_kind": null}, "geometry": {"type": "Point", "coordinates": [325552.34375, 4690981.0]}}, {"type": "Feature", "properties": {"node_id": 2173, "degree": 1, "node_type": "endpoint", "node_kind": null}, "geometry": {"type": "Point", "coordinates": [325683.4375, 4690956.5]}}, {"type": "Feature", "properties": {"node_id": 2174, "degree": 1, "node_type": "endpoint", "node_kind": null}, "geometry": {"type": "Point", "coordinates": [325637.84375, 4690965.0]}}, {"type": "Feature", "properties": {"node_id": 2175, "degree": 1, "node_type": "endpoint", "node_kind": null}, "geometry": {"type": "Point", "coordinates": [325106.6875, 4691062.0]}}, {"type": "Feature", "properties": {"node_id": 2176, "degree": 1, "node_type": "endpoint", "node_kind": null}, "geometry": {"type": "Point", "coordinates": [325185.4375, 4691050.0]}}, {"type": "Feature", "properties": {"node_id": 2177, "degree": 1, "node_type": "endpoint", "node_kind": null}, "geometry": {"type": "Point", "coordinates": [325602.59375, 4691206.0]}}, {"type": "Feature", "properties": {"node_id": 2178, "degree": 1, "node_type": "endpoint", "node_kind": null}, "geometry": {"type": "Point", "coordinates": [325635.3125, 4691185.0]}}, {"type": "Feature", "properties": {"node_id": 2179, "degree": 1, "node_type": "endpoint", "node_kind": null}, "geometry": {"type": "Point", "coordinates": [325267.65625, 4691002.0]}}, {"type": "Feature", "properties": {"node_id": 2180, "degree": 1, "node_type": "endpoint", "node_kind": null}, "geometry": {"type": "Point", "coordinates": [325239.3125, 4691007.0]}}, {"type": "Feature", "properties": {"node_id": 2181, "degree": 1, "node_type": "endpoint", "node_kind": null}, "geometry": {"type": "Point", "coordinates": [325107.0, 4691064.5]}}, {"type": "Feature", "properties": {"node_id": 2182, "degree": 1, "node_type": "endpoint", "node_kind": null}, "geometry": {"type": "Point", "coordinates": [325140.15625, 4691058.5]}}, {"type": "Feature", "properties": {"node_id": 2183, "degree": 1, "node_type": "endpoint", "node_kind": null}, "geometry": {"type": "Point", "coordinates": [325408.9375, 4691008.0]}}, {"type": "Feature", "properties": {"node_id": 2184, "degree": 1, "node_type": "endpoint", "node_kind": null}, "geometry": {"type": "Point", "coordinates": [325355.25, 4691020.5]}}, {"type": "Feature", "properties": {"node_id": 2185, "degree": 1, "node_type": "endpoint", "node_kind": null}, "geometry": {"type": "Point", "coordinates": [325306.9375, 4691147.0]}}, {"type": "Feature", "properties": {"node_id": 2186, "degree": 1, "node_type": "endpoint", "node_kind": null}, "geometry": {"type": "Point", "coordinates": [325320.59375, 4691222.0]}}, {"type": "Feature", "properties": {"node_id": 2187, "degree": 1, "node_type": "endpoint", "node_kind": null}, "geometry": {"type": "Point", "coordinates": [325480.5, 4690994.5]}}, {"type": "Feature", "properties": {"node_id": 2188, "degree": 2, "node_type": "endpoint", "node_kind": null}, "geometry": {"type": "Point", "coordinates": [325496.40625, 4690992.0]}}, {"type": "Feature", "properties": {"node_id": 2189, "degree": 1, "node_type": "endpoint", "node_kind": null}, "geometry": {"type": "Point", "coordinates": [325250.84375, 4690436.0]}}, {"type": "Feature", "properties": {"node_id": 2190, "degree": 1, "node_type": "endpoint", "node_kind": null}, "geometry": {"type": "Point", "coordinates": [325170.90625, 4690189.0]}}, {"type": "Feature", "properties": {"node_id": 2191, "degree": 1, "node_type": "endpoint", "node_kind": null}, "geometry": {"type": "Point", "coordinates": [325271.84375, 4690789.0]}}, {"type": "Feature", "properties": {"node_id": 2192, "degree": 1, "node_type": "endpoint", "node_kind": null}, "geometry": {"type": "Point", "coordinates": [325266.59375, 4690926.5]}}, {"type": "Feature", "properties": {"node_id": 2193, "degree": 1, "node_type": "endpoint", "node_kind": null}, "geometry": {"type": "Point", "coordinates": [325284.15625, 4690660.0]}}, {"type": "Feature", "properties": {"node_id": 2194, "degree": 1, "node_type": "endpoint", "node_kind": null}, "geometry": {"type": "Point", "coordinates": [325279.34375, 4690703.5]}}, {"type": "Feature", "properties": {"node_id": 2195, "degree": 1, "node_type": "endpoint", "node_kind": null}, "geometry": {"type": "Point", "coordinates": [325293.75, 4690571.0]}}, {"type": "Feature", "properties": {"node_id": 2196, "degree": 1, "node_type": "endpoint", "node_kind": null}, "geometry": {"type": "Point", "coordinates": [325112.40625, 4690098.5]}}, {"type": "Feature", "properties": {"node_id": 2197, "degree": 1, "node_type": "endpoint", "node_kind": null}, "geometry": {"type": "Point", "coordinates": [325287.15625, 4690654.5]}}, {"type": "Feature", "properties": {"node_id": 2198, "degree": 1, "node_type": "endpoint", "node_kind": null}, "geometry": {"type": "Point", "coordinates": [325281.4375, 4690704.5]}}, {"type": "Feature", "properties": {"node_id": 2199, "degree": 1, "node_type": "endpoint", "node_kind": null}, "geometry": {"type": "Point", "coordinates": [325199.6875, 4689902.0]}}, {"type": "Feature", "properties": {"node_id": 2200, "degree": 1, "node_type": "endpoint", "node_kind": null}, "geometry": {"type": "Point", "coordinates": [325132.5, 4689880.5]}}, {"type": "Feature", "properties": {"node_id": 2201, "degree": 1, "node_type": "endpoint", "node_kind": null}, "geometry": {"type": "Point", "coordinates": [325108.5, 4690102.0]}}, {"type": "Feature", "properties": {"node_id": 2202, "degree": 1, "node_type": "endpoint", "node_kind": null}, "geometry": {"type": "Point", "coordinates": [325223.84375, 4690331.0]}}, {"type": "Feature", "properties": {"node_id": 2203, "degree": 1, "node_type": "endpoint", "node_kind": null}, "geometry": {"type": "Point", "coordinates": [325566.75, 4689818.0]}}, {"type": "Feature", "properties": {"node_id": 2204, "degree": 1, "node_type": "endpoint", "node_kind": null}, "geometry": {"type": "Point", "coordinates": [325570.0625, 4689839.0]}}, {"type": "Feature", "properties": {"node_id": 2205, "degree": 1, "node_type": "endpoint", "node_kind": null}, "geometry": {"type": "Point", "coordinates": [325517.6875, 4690051.0]}}, {"type": "Feature", "properties": {"node_id": 2206, "degree": 1, "node_type": "endpoint", "node_kind": null}, "geometry": {"type": "Point", "coordinates": [325362.15625, 4689996.5]}}, {"type": "Feature", "properties": {"node_id": 2207, "degree": 1, "node_type": "endpoint", "node_kind": null}, "geometry": {"type": "Point", "coordinates": [325022.25, 4689849.5]}}, {"type": "Feature", "properties": {"node_id": 2208, "degree": 1, "node_type": "endpoint", "node_kind": null}, "geometry": {"type": "Point", "coordinates": [325066.8125, 4689860.0]}}, {"type": "Feature", "properties": {"node_id": 2209, "degree": 1, "node_type": "endpoint", "node_kind": null}, "geometry": {"type": "Point", "coordinates": [325638.75, 4690328.0]}}, {"type": "Feature", "properties": {"node_id": 2210, "degree": 1, "node_type": "endpoint", "node_kind": null}, "geometry": {"type": "Point", "coordinates": [325657.9375, 4690469.0]}}, {"type": "Feature", "properties": {"node_id": 2211, "degree": 1, "node_type": "endpoint", "node_kind": null}, "geometry": {"type": "Point", "coordinates": [325626.75, 4690197.5]}}, {"type": "Feature", "properties": {"node_id": 2212, "degree": 1, "node_type": "endpoint", "node_kind": null}, "geometry": {"type": "Point", "coordinates": [325612.9375, 4690097.0]}}, {"type": "Feature", "properties": {"node_id": 2213, "degree": 1, "node_type": "endpoint", "node_kind": null}, "geometry": {"type": "Point", "coordinates": [325284.90625, 4689935.0]}}, {"type": "Feature", "properties": {"node_id": 2214, "degree": 1, "node_type": "endpoint", "node_kind": null}, "geometry": {"type": "Point", "coordinates": [325505.5625, 4690010.0]}}, {"type": "Feature", "properties": {"node_id": 2215, "degree": 1, "node_type": "endpoint", "node_kind": null}, "geometry": {"type": "Point", "coordinates": [325624.5, 4690242.5]}}, {"type": "Feature", "properties": {"node_id": 2216, "degree": 1, "node_type": "endpoint", "node_kind": null}, "geometry": {"type": "Point", "coordinates": [325603.8125, 4690093.5]}}, {"type": "Feature", "properties": {"node_id": 2217, "degree": 1, "node_type": "endpoint", "node_kind": null}, "geometry": {"type": "Point", "coordinates": [325571.25, 4689814.5]}}, {"type": "Feature", "properties": {"node_id": 2218, "degree": 1, "node_type": "endpoint", "node_kind": null}, "geometry": {"type": "Point", "coordinates": [325594.34375, 4689975.0]}}, {"type": "Feature", "properties": {"node_id": 2219, "degree": 1, "node_type": "endpoint", "node_kind": null}, "geometry": {"type": "Point", "coordinates": [325345.8125, 4689850.0]}}, {"type": "Feature", "properties": {"node_id": 2220, "degree": 1, "node_type": "endpoint", "node_kind": null}, "geometry": {"type": "Point", "coordinates": [325295.09375, 4689862.5]}}, {"type": "Feature", "properties": {"node_id": 2221, "degree": 1, "node_type": "endpoint", "node_kind": null}, "geometry": {"type": "Point", "coordinates": [325620.59375, 4690050.0]}}, {"type": "Feature", "properties": {"node_id": 2222, "degree": 2, "node_type": "endpoint", "node_kind": null}, "geometry": {"type": "Point", "coordinates": [325827.4375, 4690122.5]}}, {"type": "Feature", "properties": {"node_id": 2223, "degree": 1, "node_type": "endpoint", "node_kind": null}, "geometry": {"type": "Point", "coordinates": [325284.15625, 4690131.5]}}, {"type": "Feature", "properties": {"node_id": 2224, "degree": 1, "node_type": "endpoint", "node_kind": null}, "geometry": {"type": "Point", "coordinates": [325295.6875, 4690148.0]}}, {"type": "Feature", "properties": {"node_id": 2225, "degree": 1, "node_type": "endpoint", "node_kind": null}, "geometry": {"type": "Point", "coordinates": [325205.40625, 4690024.0]}}, {"type": "Feature", "properties": {"node_id": 2226, "degree": 1, "node_type": "endpoint", "node_kind": null}, "geometry": {"type": "Point", "coordinates": [325222.0625, 4690047.0]}}, {"type": "Feature", "properties": {"node_id": 2227, "degree": 1, "node_type": "endpoint", "node_kind": null}, "geometry": {"type": "Point", "coordinates": [325282.1875, 4689681.5]}}, {"type": "Feature", "properties": {"node_id": 2228, "degree": 1, "node_type": "endpoint", "node_kind": null}, "geometry": {"type": "Point", "coordinates": [325245.90625, 4689567.0]}}, {"type": "Feature", "properties": {"node_id": 2229, "degree": 1, "node_type": "endpoint", "node_kind": null}, "geometry": {"type": "Point", "coordinates": [325328.40625, 4689225.5]}}, {"type": "Feature", "properties": {"node_id": 2230, "degree": 1, "node_type": "endpoint", "node_kind": null}, "geometry": {"type": "Point", "coordinates": [325433.40625, 4688987.0]}}, {"type": "Feature", "properties": {"node_id": 2231, "degree": 1, "node_type": "endpoint", "node_kind": null}, "geometry": {"type": "Point", "coordinates": [325463.25, 4689406.5]}}, {"type": "Feature", "properties": {"node_id": 2232, "degree": 1, "node_type": "endpoint", "node_kind": null}, "geometry": {"type": "Point", "coordinates": [325503.59375, 4689541.0]}}, {"type": "Feature", "properties": {"node_id": 2233, "degree": 1, "node_type": "endpoint", "node_kind": null}, "geometry": {"type": "Point", "coordinates": [325488.0, 4689466.0]}}, {"type": "Feature", "properties": {"node_id": 2234, "degree": 1, "node_type": "endpoint", "node_kind": null}, "geometry": {"type": "Point", "coordinates": [325548.15625, 4689670.0]}}, {"type": "Feature", "properties": {"node_id": 2235, "degree": 1, "node_type": "endpoint", "node_kind": null}, "geometry": {"type": "Point", "coordinates": [325322.40625, 4689268.5]}}, {"type": "Feature", "properties": {"node_id": 2236, "degree": 1, "node_type": "endpoint", "node_kind": null}, "geometry": {"type": "Point", "coordinates": [325341.15625, 4689284.5]}}, {"type": "Feature", "properties": {"node_id": 2237, "degree": 1, "node_type": "endpoint", "node_kind": null}, "geometry": {"type": "Point", "coordinates": [325291.8125, 4689682.0]}}, {"type": "Feature", "properties": {"node_id": 2238, "degree": 1, "node_type": "endpoint", "node_kind": null}, "geometry": {"type": "Point", "coordinates": [325284.90625, 4689851.0]}}, {"type": "Feature", "properties": {"node_id": 2239, "degree": 1, "node_type": "endpoint", "node_kind": null}, "geometry": {"type": "Point", "coordinates": [325363.5, 4689200.0]}}, {"type": "Feature", "properties": {"node_id": 2240, "degree": 1, "node_type": "endpoint", "node_kind": null}, "geometry": {"type": "Point", "coordinates": [325321.65625, 4689249.5]}}, {"type": "Feature", "properties": {"node_id": 2241, "degree": 1, "node_type": "endpoint", "node_kind": null}, "geometry": {"type": "Point", "coordinates": [325319.09375, 4689247.5]}}, {"type": "Feature", "properties": {"node_id": 2242, "degree": 1, "node_type": "endpoint", "node_kind": null}, "geometry": {"type": "Point", "coordinates": [325352.5625, 4689206.5]}}, {"type": "Feature", "properties": {"node_id": 2243, "degree": 1, "node_type": "endpoint", "node_kind": null}, "geometry": {"type": "Point", "coordinates": [325293.15625, 4689683.0]}}, {"type": "Feature", "properties": {"node_id": 2244, "degree": 1, "node_type": "endpoint", "node_kind": null}, "geometry": {"type": "Point", "coordinates": [325305.4375, 4689744.5]}}, {"type": "Feature", "properties": {"node_id": 2245, "degree": 1, "node_type": "endpoint", "node_kind": null}, "geometry": {"type": "Point", "coordinates": [325459.5, 4688895.5]}}, {"type": "Feature", "properties": {"node_id": 2246, "degree": 1, "node_type": "endpoint", "node_kind": null}, "geometry": {"type": "Point", "coordinates": [325482.75, 4688850.0]}}, {"type": "Feature", "properties": {"node_id": 2247, "degree": 1, "node_type": "endpoint", "node_kind": null}, "geometry": {"type": "Point", "coordinates": [325402.34375, 4689138.5]}}, {"type": "Feature", "properties": {"node_id": 2248, "degree": 1, "node_type": "endpoint", "node_kind": null}, "geometry": {"type": "Point", "coordinates": [325334.40625, 4689228.5]}}, {"type": "Feature", "properties": {"node_id": 2249, "degree": 1, "node_type": "endpoint", "node_kind": null}, "geometry": {"type": "Point", "coordinates": [325204.0625, 4689166.0]}}, {"type": "Feature", "properties": {"node_id": 2250, "degree": 1, "node_type": "endpoint", "node_kind": null}, "geometry": {"type": "Point", "coordinates": [325122.4375, 4689125.0]}}, {"type": "Feature", "properties": {"node_id": 2251, "degree": 1, "node_type": "endpoint", "node_kind": null}, "geometry": {"type": "Point", "coordinates": [325411.65625, 4689116.0]}}, {"type": "Feature", "properties": {"node_id": 2252, "degree": 1, "node_type": "endpoint", "node_kind": null}, "geometry": {"type": "Point", "coordinates": [325448.5625, 4688958.5]}}, {"type": "Feature", "properties": {"node_id": 2253, "degree": 1, "node_type": "endpoint", "node_kind": null}, "geometry": {"type": "Point", "coordinates": [325209.0, 4689061.0]}}, {"type": "Feature", "properties": {"node_id": 2254, "degree": 1, "node_type": "endpoint", "node_kind": null}, "geometry": {"type": "Point", "coordinates": [325225.34375, 4689048.5]}}, {"type": "Feature", "properties": {"node_id": 2255, "degree": 1, "node_type": "endpoint", "node_kind": null}, "geometry": {"type": "Point", "coordinates": [325432.1875, 4689063.5]}}, {"type": "Feature", "properties": {"node_id": 2256, "degree": 1, "node_type": "endpoint", "node_kind": null}, "geometry": {"type": "Point", "coordinates": [325450.8125, 4688955.5]}}, {"type": "Feature", "properties": {"node_id": 2257, "degree": 1, "node_type": "endpoint", "node_kind": null}, "geometry": {"type": "Point", "coordinates": [325538.25, 4688717.5]}}, {"type": "Feature", "properties": {"node_id": 2258, "degree": 1, "node_type": "endpoint", "node_kind": null}, "geometry": {"type": "Point", "coordinates": [325619.09375, 4688722.0]}}, {"type": "Feature", "properties": {"node_id": 2259, "degree": 1, "node_type": "endpoint", "node_kind": null}, "geometry": {"type": "Point", "coordinates": [325511.5625, 4688789.5]}}, {"type": "Feature", "properties": {"node_id": 2260, "degree": 1, "node_type": "endpoint", "node_kind": null}, "geometry": {"type": "Point", "coordinates": [325488.0, 4688808.0]}}, {"type": "Feature", "properties": {"node_id": 2261, "degree": 1, "node_type": "endpoint", "node_kind": null}, "geometry": {"type": "Point", "coordinates": [325488.4375, 4688602.0]}}, {"type": "Feature", "properties": {"node_id": 2262, "degree": 1, "node_type": "endpoint", "node_kind": null}, "geometry": {"type": "Point", "coordinates": [325511.5625, 4688701.0]}}, {"type": "Feature", "properties": {"node_id": 2263, "degree": 1, "node_type": "endpoint", "node_kind": null}, "geometry": {"type": "Point", "coordinates": [325421.5625, 4689063.5]}}, {"type": "Feature", "properties": {"node_id": 2264, "degree": 1, "node_type": "endpoint", "node_kind": null}, "geometry": {"type": "Point", "coordinates": [325436.09375, 4688982.0]}}, {"type": "Feature", "properties": {"node_id": 2265, "degree": 2, "node_type": "endpoint", "node_kind": null}, "geometry": {"type": "Point", "coordinates": [325505.6875, 4688753.0]}}, {"type": "Feature", "properties": {"node_id": 2266, "degree": 1, "node_type": "endpoint", "node_kind": null}, "geometry": {"type": "Point", "coordinates": [325246.65625, 4688697.5]}}, {"type": "Feature", "properties": {"node_id": 2267, "degree": 1, "node_type": "endpoint", "node_kind": null}, "geometry": {"type": "Point", "coordinates": [325621.1875, 4688725.0]}}, {"type": "Feature", "properties": {"node_id": 2268, "degree": 1, "node_type": "endpoint", "node_kind": null}, "geometry": {"type": "Point", "coordinates": [325561.5, 4688718.0]}}, {"type": "Feature", "properties": {"node_id": 2269, "degree": 1, "node_type": "endpoint", "node_kind": null}, "geometry": {"type": "Point", "coordinates": [325365.59375, 4689178.5]}}, {"type": "Feature", "properties": {"node_id": 2270, "degree": 1, "node_type": "endpoint", "node_kind": null}, "geometry": {"type": "Point", "coordinates": [325390.8125, 4689138.5]}}, {"type": "Feature", "properties": {"node_id": 2271, "degree": 1, "node_type": "endpoint", "node_kind": null}, "geometry": {"type": "Point", "coordinates": [325515.15625, 4688700.0]}}, {"type": "Feature", "properties": {"node_id": 2272, "degree": 1, "node_type": "endpoint", "node_kind": null}, "geometry": {"type": "Point", "coordinates": [325472.5625, 4688527.5]}}, {"type": "Feature", "properties": {"node_id": 2273, "degree": 2, "node_type": "endpoint", "node_kind": null}, "geometry": {"type": "Point", "coordinates": [325562.09375, 4688764.0]}}, {"type": "Feature", "properties": {"node_id": 2274, "degree": 1, "node_type": "endpoint", "node_kind": null}, "geometry": {"type": "Point", "coordinates": [325592.09375, 4688767.0]}}, {"type": "Feature", "properties": {"node_id": 2275, "degree": 1, "node_type": "endpoint", "node_kind": null}, "geometry": {"type": "Point", "coordinates": [325182.0, 4688065.0]}}, {"type": "Feature", "properties": {"node_id": 2276, "degree": 1, "node_type": "endpoint", "node_kind": null}, "geometry": {"type": "Point", "coordinates": [325196.25, 4688031.0]}}, {"type": "Feature", "properties": {"node_id": 2277, "degree": 1, "node_type": "endpoint", "node_kind": null}, "geometry": {"type": "Point", "coordinates": [325194.0, 4687923.5]}}, {"type": "Feature", "properties": {"node_id": 2278, "degree": 1, "node_type": "endpoint", "node_kind": null}, "geometry": {"type": "Point", "coordinates": [325298.84375, 4687818.0]}}, {"type": "Feature", "properties": {"node_id": 2279, "degree": 1, "node_type": "endpoint", "node_kind": null}, "geometry": {"type": "Point", "coordinates": [325282.5, 4687838.0]}}, {"type": "Feature", "properties": {"node_id": 2280, "degree": 1, "node_type": "endpoint", "node_kind": null}, "geometry": {"type": "Point", "coordinates": [325306.0625, 4687816.0]}}, {"type": "Feature", "properties": {"node_id": 2281, "degree": 1, "node_type": "endpoint", "node_kind": null}, "geometry": {"type": "Point", "coordinates": [325183.65625, 4688065.5]}}, {"type": "Feature", "properties": {"node_id": 2282, "degree": 1, "node_type": "endpoint", "node_kind": null}, "geometry": {"type": "Point", "coordinates": [325197.59375, 4688033.0]}}, {"type": "Feature", "properties": {"node_id": 2283, "degree": 1, "node_type": "endpoint", "node_kind": null}, "geometry": {"type": "Point", "coordinates": [325097.25, 4687484.5]}}, {"type": "Feature", "properties": {"node_id": 2284, "degree": 1, "node_type": "endpoint", "node_kind": null}, "geometry": {"type": "Point", "coordinates": [325080.4375, 4687471.5]}}, {"type": "Feature", "properties": {"node_id": 2285, "degree": 1, "node_type": "endpoint", "node_kind": null}, "geometry": {"type": "Point", "coordinates": [325219.65625, 4687904.0]}}, {"type": "Feature", "properties": {"node_id": 2286, "degree": 1, "node_type": "endpoint", "node_kind": null}, "geometry": {"type": "Point", "coordinates": [325204.8125, 4687920.0]}}, {"type": "Feature", "properties": {"node_id": 2287, "degree": 1, "node_type": "endpoint", "node_kind": null}, "geometry": {"type": "Point", "coordinates": [325300.65625, 4687806.0]}}, {"type": "Feature", "properties": {"node_id": 2288, "degree": 1, "node_type": "endpoint", "node_kind": null}, "geometry": {"type": "Point", "coordinates": [325235.09375, 4687877.0]}}, {"type": "Feature", "properties": {"node_id": 2289, "degree": 1, "node_type": "endpoint", "node_kind": null}, "geometry": {"type": "Point", "coordinates": [325418.09375, 4687882.0]}}, {"type": "Feature", "properties": {"node_id": 2290, "degree": 1, "node_type": "endpoint", "node_kind": null}, "geometry": {"type": "Point", "coordinates": [325584.0, 4688009.5]}}, {"type": "Feature", "properties": {"node_id": 2291, "degree": 1, "node_type": "endpoint", "node_kind": null}, "geometry": {"type": "Point", "coordinates": [325298.6875, 4687824.0]}}, {"type": "Feature", "properties": {"node_id": 2292, "degree": 1, "node_type": "endpoint", "node_kind": null}, "geometry": {"type": "Point", "coordinates": [325283.40625, 4687840.0]}}, {"type": "Feature", "properties": {"node_id": 2293, "degree": 1, "node_type": "endpoint", "node_kind": null}, "geometry": {"type": "Point", "coordinates": [325099.0625, 4687498.0]}}, {"type": "Feature", "properties": {"node_id": 2294, "degree": 1, "node_type": "endpoint", "node_kind": null}, "geometry": {"type": "Point", "coordinates": [325074.75, 4687478.5]}}, {"type": "Feature", "properties": {"node_id": 2295, "degree": 1, "node_type": "endpoint", "node_kind": null}, "geometry": {"type": "Point", "coordinates": [325663.5, 4687587.5]}}, {"type": "Feature", "properties": {"node_id": 2296, "degree": 1, "node_type": "endpoint", "node_kind": null}, "geometry": {"type": "Point", "coordinates": [325605.4375, 4687582.5]}}, {"type": "Feature", "properties": {"node_id": 2297, "degree": 1, "node_type": "endpoint", "node_kind": null}, "geometry": {"type": "Point", "coordinates": [325328.5625, 4686777.0]}}, {"type": "Feature", "properties": {"node_id": 2298, "degree": 1, "node_type": "endpoint", "node_kind": null}, "geometry": {"type": "Point", "coordinates": [325361.40625, 4686731.0]}}, {"type": "Feature", "properties": {"node_id": 2299, "degree": 1, "node_type": "endpoint", "node_kind": null}, "geometry": {"type": "Point", "coordinates": [325108.0625, 4686503.0]}}, {"type": "Feature", "properties": {"node_id": 2300, "degree": 1, "node_type": "endpoint", "node_kind": null}, "geometry": {"type": "Point", "coordinates": [325194.90625, 4686286.5]}}, {"type": "Feature", "properties": {"node_id": 2301, "degree": 1, "node_type": "endpoint", "node_kind": null}, "geometry": {"type": "Point", "coordinates": [325146.75, 4696622.0]}}, {"type": "Feature", "properties": {"node_id": 2302, "degree": 1, "node_type": "endpoint", "node_kind": null}, "geometry": {"type": "Point", "coordinates": [325460.09375, 4696497.0]}}, {"type": "Feature", "properties": {"node_id": 2303, "degree": 1, "node_type": "endpoint", "node_kind": null}, "geometry": {"type": "Point", "coordinates": [325521.90625, 4696649.5]}}, {"type": "Feature", "properties": {"node_id": 2304, "degree": 1, "node_type": "endpoint", "node_kind": null}, "geometry": {"type": "Point", "coordinates": [325674.4375, 4696574.5]}}, {"type": "Feature", "properties": {"node_id": 2305, "degree": 1, "node_type": "endpoint", "node_kind": null}, "geometry": {"type": "Point", "coordinates": [325143.3125, 4696627.0]}}, {"type": "Feature", "properties": {"node_id": 2306, "degree": 1, "node_type": "endpoint", "node_kind": null}, "geometry": {"type": "Point", "coordinates": [325255.0625, 4696574.0]}}, {"type": "Feature", "properties": {"node_id": 2307, "degree": 1, "node_type": "endpoint", "node_kind": null}, "geometry": {"type": "Point", "coordinates": [325675.1875, 4696576.0]}}, {"type": "Feature", "properties": {"node_id": 2308, "degree": 1, "node_type": "endpoint", "node_kind": null}, "geometry": {"type": "Point", "coordinates": [325551.0, 4696631.0]}}, {"type": "Feature", "properties": {"node_id": 2309, "degree": 1, "node_type": "endpoint", "node_kind": null}, "geometry": {"type": "Point", "coordinates": [325631.84375, 4686256.5]}}, {"type": "Feature", "properties": {"node_id": 2310, "degree": 1, "node_type": "endpoint", "node_kind": null}, "geometry": {"type": "Point", "coordinates": [325634.09375, 4686209.5]}}, {"type": "Feature", "properties": {"node_id": 2311, "degree": 1, "node_type": "endpoint", "node_kind": null}, "geometry": {"type": "Point", "coordinates": [325637.09375, 4686211.5]}}, {"type": "Feature", "properties": {"node_id": 2312, "degree": 1, "node_type": "endpoint", "node_kind": null}, "geometry": {"type": "Point", "coordinates": [325635.90625, 4686276.5]}}, {"type": "Feature", "properties": {"node_id": 2313, "degree": 1, "node_type": "endpoint", "node_kind": null}, "geometry": {"type": "Point", "coordinates": [325167.4375, 4686321.5]}}, {"type": "Feature", "properties": {"node_id": 2314, "degree": 1, "node_type": "endpoint", "node_kind": null}, "geometry": {"type": "Point", "coordinates": [325187.09375, 4686297.0]}}, {"type": "Feature", "properties": {"node_id": 2315, "degree": 1, "node_type": "endpoint", "node_kind": null}, "geometry": {"type": "Point", "coordinates": [325302.59375, 4686062.0]}}, {"type": "Feature", "properties": {"node_id": 2316, "degree": 1, "node_type": "endpoint", "node_kind": null}, "geometry": {"type": "Point", "coordinates": [325299.90625, 4685958.0]}}, {"type": "Feature", "properties": {"node_id": 2317, "degree": 1, "node_type": "endpoint", "node_kind": null}, "geometry": {"type": "Point", "coordinates": [325269.90625, 4686154.0]}}, {"type": "Feature", "properties": {"node_id": 2318, "degree": 1, "node_type": "endpoint", "node_kind": null}, "geometry": {"type": "Point", "coordinates": [325280.5625, 4686132.5]}}, {"type": "Feature", "properties": {"node_id": 2319, "degree": 1, "node_type": "endpoint", "node_kind": null}, "geometry": {"type": "Point", "coordinates": [325494.3125, 4686248.0]}}, {"type": "Feature", "properties": {"node_id": 2320, "degree": 1, "node_type": "endpoint", "node_kind": null}, "geometry": {"type": "Point", "coordinates": [325535.09375, 4686259.0]}}, {"type": "Feature", "properties": {"node_id": 2321, "degree": 1, "node_type": "endpoint", "node_kind": null}, "geometry": {"type": "Point", "coordinates": [325256.40625, 4686181.5]}}, {"type": "Feature", "properties": {"node_id": 2322, "degree": 1, "node_type": "endpoint", "node_kind": null}, "geometry": {"type": "Point", "coordinates": [325275.15625, 4686151.5]}}, {"type": "Feature", "properties": {"node_id": 2323, "degree": 1, "node_type": "endpoint", "node_kind": null}, "geometry": {"type": "Point", "coordinates": [325558.34375, 4686272.5]}}, {"type": "Feature", "properties": {"node_id": 2324, "degree": 1, "node_type": "endpoint", "node_kind": null}, "geometry": {"type": "Point", "coordinates": [325439.6875, 4686238.5]}}, {"type": "Feature", "properties": {"node_id": 2325, "degree": 1, "node_type": "endpoint", "node_kind": null}, "geometry": {"type": "Point", "coordinates": [325607.6875, 4686312.5]}}, {"type": "Feature", "properties": {"node_id": 2326, "degree": 1, "node_type": "endpoint", "node_kind": null}, "geometry": {"type": "Point", "coordinates": [325573.1875, 4686284.5]}}, {"type": "Feature", "properties": {"node_id": 2327, "degree": 1, "node_type": "endpoint", "node_kind": null}, "geometry": {"type": "Point", "coordinates": [325301.84375, 4686250.0]}}, {"type": "Feature", "properties": {"node_id": 2328, "degree": 1, "node_type": "endpoint", "node_kind": null}, "geometry": {"type": "Point", "coordinates": [325271.25, 4686257.0]}}, {"type": "Feature", "properties": {"node_id": 2329, "degree": 1, "node_type": "endpoint", "node_kind": null}, "geometry": {"type": "Point", "coordinates": [325303.8125, 4686067.5]}}, {"type": "Feature", "properties": {"node_id": 2330, "degree": 1, "node_type": "endpoint", "node_kind": null}, "geometry": {"type": "Point", "coordinates": [325355.25, 4685600.0]}}, {"type": "Feature", "properties": {"node_id": 2331, "degree": 1, "node_type": "endpoint", "node_kind": null}, "geometry": {"type": "Point", "coordinates": [325433.5625, 4685565.0]}}, {"type": "Feature", "properties": {"node_id": 2332, "degree": 1, "node_type": "endpoint", "node_kind": null}, "geometry": {"type": "Point", "coordinates": [325528.0625, 4685543.5]}}, {"type": "Feature", "properties": {"node_id": 2333, "degree": 1, "node_type": "endpoint", "node_kind": null}, "geometry": {"type": "Point", "coordinates": [325330.65625, 4685622.5]}}, {"type": "Feature", "properties": {"node_id": 2334, "degree": 1, "node_type": "endpoint", "node_kind": null}, "geometry": {"type": "Point", "coordinates": [325298.09375, 4685669.5]}}, {"type": "Feature", "properties": {"node_id": 2335, "degree": 1, "node_type": "endpoint", "node_kind": null}, "geometry": {"type": "Point", "coordinates": [325364.84375, 4685599.5]}}, {"type": "Feature", "properties": {"node_id": 2336, "degree": 1, "node_type": "endpoint", "node_kind": null}, "geometry": {"type": "Point", "coordinates": [325425.90625, 4685558.5]}}, {"type": "Feature", "properties": {"node_id": 2337, "degree": 1, "node_type": "endpoint", "node_kind": null}, "geometry": {"type": "Point", "coordinates": [325304.40625, 4684699.5]}}, {"type": "Feature", "properties": {"node_id": 2338, "degree": 1, "node_type": "endpoint", "node_kind": null}, "geometry": {"type": "Point", "coordinates": [325320.3125, 4684718.5]}}, {"type": "Feature", "properties": {"node_id": 2339, "degree": 1, "node_type": "endpoint", "node_kind": null}, "geometry": {"type": "Point", "coordinates": [325569.75, 4685042.0]}}, {"type": "Feature", "properties": {"node_id": 2340, "degree": 1, "node_type": "endpoint", "node_kind": null}, "geometry": {"type": "Point", "coordinates": [325469.40625, 4684900.0]}}, {"type": "Feature", "properties": {"node_id": 2341, "degree": 1, "node_type": "endpoint", "node_kind": null}, "geometry": {"type": "Point", "coordinates": [325622.5625, 4684640.0]}}, {"type": "Feature", "properties": {"node_id": 2342, "degree": 1, "node_type": "endpoint", "node_kind": null}, "geometry": {"type": "Point", "coordinates": [325875.15625, 4684332.0]}}, {"type": "Feature", "properties": {"node_id": 2343, "degree": 1, "node_type": "endpoint", "node_kind": null}, "geometry": {"type": "Point", "coordinates": [325353.75, 4684741.5]}}, {"type": "Feature", "properties": {"node_id": 2344, "degree": 1, "node_type": "endpoint", "node_kind": null}, "geometry": {"type": "Point", "coordinates": [325296.15625, 4684671.5]}}, {"type": "Feature", "properties": {"node_id": 2345, "degree": 1, "node_type": "endpoint", "node_kind": null}, "geometry": {"type": "Point", "coordinates": [325464.75, 4684880.0]}}, {"type": "Feature", "properties": {"node_id": 2346, "degree": 1, "node_type": "endpoint", "node_kind": null}, "geometry": {"type": "Point", "coordinates": [325412.6875, 4684816.5]}}, {"type": "Feature", "properties": {"node_id": 2347, "degree": 1, "node_type": "endpoint", "node_kind": null}, "geometry": {"type": "Point", "coordinates": [325644.75, 4685038.5]}}, {"type": "Feature", "properties": {"node_id": 2348, "degree": 1, "node_type": "endpoint", "node_kind": null}, "geometry": {"type": "Point", "coordinates": [325610.6875, 4685057.0]}}, {"type": "Feature", "properties": {"node_id": 2349, "degree": 1, "node_type": "endpoint", "node_kind": null}, "geometry": {"type": "Point", "coordinates": [325239.15625, 4684602.5]}}, {"type": "Feature", "properties": {"node_id": 2350, "degree": 1, "node_type": "endpoint", "node_kind": null}, "geometry": {"type": "Point", "coordinates": [325170.0, 4684518.5]}}, {"type": "Feature", "properties": {"node_id": 2351, "degree": 1, "node_type": "endpoint", "node_kind": null}, "geometry": {"type": "Point", "coordinates": [324914.25, 4684214.0]}}, {"type": "Feature", "properties": {"node_id": 2352, "degree": 1, "node_type": "endpoint", "node_kind": null}, "geometry": {"type": "Point", "coordinates": [324936.15625, 4684241.0]}}, {"type": "Feature", "properties": {"node_id": 2353, "degree": 1, "node_type": "endpoint", "node_kind": null}, "geometry": {"type": "Point", "coordinates": [325223.40625, 4684586.0]}}, {"type": "Feature", "properties": {"node_id": 2354, "degree": 1, "node_type": "endpoint", "node_kind": null}, "geometry": {"type": "Point", "coordinates": [325188.59375, 4684544.0]}}, {"type": "Feature", "properties": {"node_id": 2355, "degree": 1, "node_type": "endpoint", "node_kind": null}, "geometry": {"type": "Point", "coordinates": [325539.0, 4683192.0]}}, {"type": "Feature", "properties": {"node_id": 2356, "degree": 1, "node_type": "endpoint", "node_kind": null}, "geometry": {"type": "Point", "coordinates": [325527.90625, 4683169.0]}}, {"type": "Feature", "properties": {"node_id": 2357, "degree": 1, "node_type": "endpoint", "node_kind": null}, "geometry": {"type": "Point", "coordinates": [325516.8125, 4683087.5]}}, {"type": "Feature", "properties": {"node_id": 2358, "degree": 1, "node_type": "endpoint", "node_kind": null}, "geometry": {"type": "Point", "coordinates": [325503.15625, 4683042.0]}}, {"type": "Feature", "properties": {"node_id": 2359, "degree": 1, "node_type": "endpoint", "node_kind": null}, "geometry": {"type": "Point", "coordinates": [325580.84375, 4683329.0]}}, {"type": "Feature", "properties": {"node_id": 2360, "degree": 1, "node_type": "endpoint", "node_kind": null}, "geometry": {"type": "Point", "coordinates": [325522.5, 4683381.5]}}, {"type": "Feature", "properties": {"node_id": 2361, "degree": 1, "node_type": "endpoint", "node_kind": null}, "geometry": {"type": "Point", "coordinates": [325503.75, 4682900.5]}}, {"type": "Feature", "properties": {"node_id": 2362, "degree": 2, "node_type": "endpoint", "node_kind": null}, "geometry": {"type": "Point", "coordinates": [325549.65625, 4682848.5]}}, {"type": "Feature", "properties": {"node_id": 2363, "degree": 1, "node_type": "endpoint", "node_kind": null}, "geometry": {"type": "Point", "coordinates": [325469.84375, 4683428.5]}}, {"type": "Feature", "properties": {"node_id": 2364, "degree": 1, "node_type": "endpoint", "node_kind": null}, "geometry": {"type": "Point", "coordinates": [325391.40625, 4683503.0]}}, {"type": "Feature", "properties": {"node_id": 2365, "degree": 1, "node_type": "endpoint", "node_kind": null}, "geometry": {"type": "Point", "coordinates": [325536.59375, 4683193.0]}}, {"type": "Feature", "properties": {"node_id": 2366, "degree": 1, "node_type": "endpoint", "node_kind": null}, "geometry": {"type": "Point", "coordinates": [325522.8125, 4683164.5]}}, {"type": "Feature", "properties": {"node_id": 2367, "degree": 1, "node_type": "endpoint", "node_kind": null}, "geometry": {"type": "Point", "coordinates": [325594.9375, 4683248.0]}}, {"type": "Feature", "properties": {"node_id": 2368, "degree": 1, "node_type": "endpoint", "node_kind": null}, "geometry": {"type": "Point", "coordinates": [325570.0625, 4683211.0]}}, {"type": "Feature", "properties": {"node_id": 2369, "degree": 1, "node_type": "endpoint", "node_kind": null}, "geometry": {"type": "Point", "coordinates": [325504.34375, 4682882.0]}}, {"type": "Feature", "properties": {"node_id": 2370, "degree": 1, "node_type": "endpoint", "node_kind": null}, "geometry": {"type": "Point", "coordinates": [325532.25, 4682851.5]}}, {"type": "Feature", "properties": {"node_id": 2371, "degree": 2, "node_type": "endpoint", "node_kind": null}, "geometry": {"type": "Point", "coordinates": [325585.65625, 4682807.0]}}, {"type": "Feature", "properties": {"node_id": 2372, "degree": 2, "node_type": "endpoint", "node_kind": null}, "geometry": {"type": "Point", "coordinates": [325631.25, 4682755.0]}}, {"type": "Feature", "properties": {"node_id": 2373, "degree": 1, "node_type": "endpoint", "node_kind": null}, "geometry": {"type": "Point", "coordinates": [326001.3125, 4697377.5]}}, {"type": "Feature", "properties": {"node_id": 2374, "degree": 1, "node_type": "endpoint", "node_kind": null}, "geometry": {"type": "Point", "coordinates": [325940.40625, 4697296.5]}}, {"type": "Feature", "properties": {"node_id": 2375, "degree": 1, "node_type": "endpoint", "node_kind": null}, "geometry": {"type": "Point", "coordinates": [325687.9375, 4697362.0]}}, {"type": "Feature", "properties": {"node_id": 2376, "degree": 1, "node_type": "endpoint", "node_kind": null}, "geometry": {"type": "Point", "coordinates": [325641.59375, 4697421.5]}}, {"type": "Feature", "properties": {"node_id": 2377, "degree": 1, "node_type": "endpoint", "node_kind": null}, "geometry": {"type": "Point", "coordinates": [326057.40625, 4697469.0]}}, {"type": "Feature", "properties": {"node_id": 2378, "degree": 1, "node_type": "endpoint", "node_kind": null}, "geometry": {"type": "Point", "coordinates": [325912.8125, 4697273.0]}}, {"type": "Feature", "properties": {"node_id": 2379, "degree": 1, "node_type": "endpoint", "node_kind": null}, "geometry": {"type": "Point", "coordinates": [326115.15625, 4697575.0]}}, {"type": "Feature", "properties": {"node_id": 2380, "degree": 1, "node_type": "endpoint", "node_kind": null}, "geometry": {"type": "Point", "coordinates": [326107.34375, 4697529.5]}}, {"type": "Feature", "properties": {"node_id": 2381, "degree": 1, "node_type": "endpoint", "node_kind": null}, "geometry": {"type": "Point", "coordinates": [326215.8125, 4697665.0]}}, {"type": "Feature", "properties": {"node_id": 2382, "degree": 1, "node_type": "endpoint", "node_kind": null}, "geometry": {"type": "Point", "coordinates": [326136.59375, 4697654.0]}}, {"type": "Feature", "properties": {"node_id": 2383, "degree": 1, "node_type": "endpoint", "node_kind": null}, "geometry": {"type": "Point", "coordinates": [326033.09375, 4682422.5]}}, {"type": "Feature", "properties": {"node_id": 2384, "degree": 1, "node_type": "endpoint", "node_kind": null}, "geometry": {"type": "Point", "coordinates": [326054.5625, 4682397.0]}}, {"type": "Feature", "properties": {"node_id": 2385, "degree": 1, "node_type": "endpoint", "node_kind": null}, "geometry": {"type": "Point", "coordinates": [326104.0625, 4680813.5]}}, {"type": "Feature", "properties": {"node_id": 2386, "degree": 1, "node_type": "endpoint", "node_kind": null}, "geometry": {"type": "Point", "coordinates": [326062.65625, 4680803.0]}}, {"type": "Feature", "properties": {"node_id": 2387, "degree": 1, "node_type": "endpoint", "node_kind": null}, "geometry": {"type": "Point", "coordinates": [325796.6875, 4680630.5]}}, {"type": "Feature", "properties": {"node_id": 2388, "degree": 1, "node_type": "endpoint", "node_kind": null}, "geometry": {"type": "Point", "coordinates": [325758.3125, 4680608.5]}}, {"type": "Feature", "properties": {"node_id": 2389, "degree": 1, "node_type": "endpoint", "node_kind": null}, "geometry": {"type": "Point", "coordinates": [326116.5, 4680813.0]}}, {"type": "Feature", "properties": {"node_id": 2390, "degree": 1, "node_type": "endpoint", "node_kind": null}, "geometry": {"type": "Point", "coordinates": [325488.0, 4680333.5]}}, {"type": "Feature", "properties": {"node_id": 2391, "degree": 1, "node_type": "endpoint", "node_kind": null}, "geometry": {"type": "Point", "coordinates": [326000.84375, 4680775.5]}}, {"type": "Feature", "properties": {"node_id": 2392, "degree": 1, "node_type": "endpoint", "node_kind": null}, "geometry": {"type": "Point", "coordinates": [325949.09375, 4680739.0]}}, {"type": "Feature", "properties": {"node_id": 2393, "degree": 1, "node_type": "endpoint", "node_kind": null}, "geometry": {"type": "Point", "coordinates": [326109.59375, 4678638.0]}}, {"type": "Feature", "properties": {"node_id": 2394, "degree": 1, "node_type": "endpoint", "node_kind": null}, "geometry": {"type": "Point", "coordinates": [326173.34375, 4678771.0]}}, {"type": "Feature", "properties": {"node_id": 2395, "degree": 1, "node_type": "endpoint", "node_kind": null}, "geometry": {"type": "Point", "coordinates": [326044.9375, 4678505.0]}}, {"type": "Feature", "properties": {"node_id": 2396, "degree": 1, "node_type": "endpoint", "node_kind": null}, "geometry": {"type": "Point", "coordinates": [326080.8125, 4678579.0]}}, {"type": "Feature", "properties": {"node_id": 2397, "degree": 1, "node_type": "endpoint", "node_kind": null}, "geometry": {"type": "Point", "coordinates": [325825.5, 4677686.5]}}, {"type": "Feature", "properties": {"node_id": 2398, "degree": 1, "node_type": "endpoint", "node_kind": null}, "geometry": {"type": "Point", "coordinates": [326217.4375, 4678352.5]}}, {"type": "Feature", "properties": {"node_id": 2399, "degree": 1, "node_type": "endpoint", "node_kind": null}, "geometry": {"type": "Point", "coordinates": [326069.25, 4678577.5]}}, {"type": "Feature", "properties": {"node_id": 2400, "degree": 1, "node_type": "endpoint", "node_kind": null}, "geometry": {"type": "Point", "coordinates": [326307.3125, 4679068.5]}}, {"type": "Feature", "properties": {"node_id": 2401, "degree": 1, "node_type": "endpoint", "node_kind": null}, "geometry": {"type": "Point", "coordinates": [326199.59375, 4678310.0]}}, {"type": "Feature", "properties": {"node_id": 2402, "degree": 1, "node_type": "endpoint", "node_kind": null}, "geometry": {"type": "Point", "coordinates": [326217.4375, 4678346.5]}}, {"type": "Feature", "properties": {"node_id": 2403, "degree": 1, "node_type": "endpoint", "node_kind": null}, "geometry": {"type": "Point", "coordinates": [325871.09375, 4678165.0]}}, {"type": "Feature", "properties": {"node_id": 2404, "degree": 1, "node_type": "endpoint", "node_kind": null}, "geometry": {"type": "Point", "coordinates": [325814.40625, 4678048.0]}}, {"type": "Feature", "properties": {"node_id": 2405, "degree": 1, "node_type": "endpoint", "node_kind": null}, "geometry": {"type": "Point", "coordinates": [326048.6875, 4678030.0]}}, {"type": "Feature", "properties": {"node_id": 2406, "degree": 1, "node_type": "endpoint", "node_kind": null}, "geometry": {"type": "Point", "coordinates": [325830.90625, 4677686.5]}}, {"type": "Feature", "properties": {"node_id": 2407, "degree": 1, "node_type": "endpoint", "node_kind": null}, "geometry": {"type": "Point", "coordinates": [325909.5, 4677837.0]}}, {"type": "Feature", "properties": {"node_id": 2408, "degree": 1, "node_type": "endpoint", "node_kind": null}, "geometry": {"type": "Point", "coordinates": [325698.0, 4677436.0]}}, {"type": "Feature", "properties": {"node_id": 2409, "degree": 1, "node_type": "endpoint", "node_kind": null}, "geometry": {"type": "Point", "coordinates": [325905.4375, 4677837.0]}}, {"type": "Feature", "properties": {"node_id": 2410, "degree": 1, "node_type": "endpoint", "node_kind": null}, "geometry": {"type": "Point", "coordinates": [325735.9375, 4677594.5]}}, {"type": "Feature", "properties": {"node_id": 2411, "degree": 1, "node_type": "endpoint", "node_kind": null}, "geometry": {"type": "Point", "coordinates": [325994.5625, 4694820.5]}}, {"type": "Feature", "properties": {"node_id": 2412, "degree": 1, "node_type": "endpoint", "node_kind": null}, "geometry": {"type": "Point", "coordinates": [325882.5, 4695005.0]}}, {"type": "Feature", "properties": {"node_id": 2413, "degree": 1, "node_type": "endpoint", "node_kind": null}, "geometry": {"type": "Point", "coordinates": [325894.65625, 4695070.0]}}, {"type": "Feature", "properties": {"node_id": 2414, "degree": 1, "node_type": "endpoint", "node_kind": null}, "geometry": {"type": "Point", "coordinates": [325922.25, 4695117.5]}}, {"type": "Feature", "properties": {"node_id": 2415, "degree": 1, "node_type": "endpoint", "node_kind": null}, "geometry": {"type": "Point", "coordinates": [325798.9375, 4694840.0]}}, {"type": "Feature", "properties": {"node_id": 2416, "degree": 1, "node_type": "endpoint", "node_kind": null}, "geometry": {"type": "Point", "coordinates": [325791.0, 4694879.5]}}, {"type": "Feature", "properties": {"node_id": 2417, "degree": 1, "node_type": "endpoint", "node_kind": null}, "geometry": {"type": "Point", "coordinates": [326190.0, 4694393.5]}}, {"type": "Feature", "properties": {"node_id": 2418, "degree": 1, "node_type": "endpoint", "node_kind": null}, "geometry": {"type": "Point", "coordinates": [326061.90625, 4694541.5]}}, {"type": "Feature", "properties": {"node_id": 2419, "degree": 1, "node_type": "endpoint", "node_kind": null}, "geometry": {"type": "Point", "coordinates": [325976.25, 4694846.5]}}, {"type": "Feature", "properties": {"node_id": 2420, "degree": 1, "node_type": "endpoint", "node_kind": null}, "geometry": {"type": "Point", "coordinates": [325991.5625, 4694820.5]}}, {"type": "Feature", "properties": {"node_id": 2421, "degree": 1, "node_type": "endpoint", "node_kind": null}, "geometry": {"type": "Point", "coordinates": [326083.34375, 4694517.0]}}, {"type": "Feature", "properties": {"node_id": 2422, "degree": 1, "node_type": "endpoint", "node_kind": null}, "geometry": {"type": "Point", "coordinates": [325801.5, 4694888.0]}}, {"type": "Feature", "properties": {"node_id": 2423, "degree": 1, "node_type": "endpoint", "node_kind": null}, "geometry": {"type": "Point", "coordinates": [325961.25, 4694776.5]}}, {"type": "Feature", "properties": {"node_id": 2424, "degree": 1, "node_type": "endpoint", "node_kind": null}, "geometry": {"type": "Point", "coordinates": [325859.84375, 4694856.5]}}, {"type": "Feature", "properties": {"node_id": 2425, "degree": 1, "node_type": "endpoint", "node_kind": null}, "geometry": {"type": "Point", "coordinates": [325897.34375, 4694711.5]}}, {"type": "Feature", "properties": {"node_id": 2426, "degree": 1, "node_type": "endpoint", "node_kind": null}, "geometry": {"type": "Point", "coordinates": [325851.4375, 4694764.5]}}, {"type": "Feature", "properties": {"node_id": 2427, "degree": 1, "node_type": "endpoint", "node_kind": null}, "geometry": {"type": "Point", "coordinates": [325959.90625, 4694775.5]}}, {"type": "Feature", "properties": {"node_id": 2428, "degree": 1, "node_type": "endpoint", "node_kind": null}, "geometry": {"type": "Point", "coordinates": [325924.0625, 4694803.5]}}, {"type": "Feature", "properties": {"node_id": 2429, "degree": 1, "node_type": "endpoint", "node_kind": null}, "geometry": {"type": "Point", "coordinates": [326180.40625, 4694405.0]}}, {"type": "Feature", "properties": {"node_id": 2430, "degree": 1, "node_type": "endpoint", "node_kind": null}, "geometry": {"type": "Point", "coordinates": [326567.25, 4693959.0]}}, {"type": "Feature", "properties": {"node_id": 2431, "degree": 1, "node_type": "endpoint", "node_kind": null}, "geometry": {"type": "Point", "coordinates": [325767.59375, 4693324.5]}}, {"type": "Feature", "properties": {"node_id": 2432, "degree": 1, "node_type": "endpoint", "node_kind": null}, "geometry": {"type": "Point", "coordinates": [325825.0625, 4693290.0]}}, {"type": "Feature", "properties": {"node_id": 2433, "degree": 1, "node_type": "endpoint", "node_kind": null}, "geometry": {"type": "Point", "coordinates": [325685.25, 4693355.5]}}, {"type": "Feature", "properties": {"node_id": 2434, "degree": 1, "node_type": "endpoint", "node_kind": null}, "geometry": {"type": "Point", "coordinates": [325744.8125, 4693331.5]}}, {"type": "Feature", "properties": {"node_id": 2435, "degree": 1, "node_type": "endpoint", "node_kind": null}, "geometry": {"type": "Point", "coordinates": [326042.84375, 4693611.0]}}, {"type": "Feature", "properties": {"node_id": 2436, "degree": 1, "node_type": "endpoint", "node_kind": null}, "geometry": {"type": "Point", "coordinates": [326019.4375, 4693615.5]}}, {"type": "Feature", "properties": {"node_id": 2437, "degree": 1, "node_type": "endpoint", "node_kind": null}, "geometry": {"type": "Point", "coordinates": [325944.90625, 4693633.5]}}, {"type": "Feature", "properties": {"node_id": 2438, "degree": 1, "node_type": "endpoint", "node_kind": null}, "geometry": {"type": "Point", "coordinates": [326052.4375, 4693611.5]}}, {"type": "Feature", "properties": {"node_id": 2439, "degree": 1, "node_type": "endpoint", "node_kind": null}, "geometry": {"type": "Point", "coordinates": [325879.5, 4693394.0]}}, {"type": "Feature", "properties": {"node_id": 2440, "degree": 1, "node_type": "endpoint", "node_kind": null}, "geometry": {"type": "Point", "coordinates": [325897.8125, 4693480.0]}}, {"type": "Feature", "properties": {"node_id": 2441, "degree": 1, "node_type": "endpoint", "node_kind": null}, "geometry": {"type": "Point", "coordinates": [325929.4375, 4693557.0]}}, {"type": "Feature", "properties": {"node_id": 2442, "degree": 1, "node_type": "endpoint", "node_kind": null}, "geometry": {"type": "Point", "coordinates": [325953.15625, 4693537.5]}}, {"type": "Feature", "properties": {"node_id": 2443, "degree": 1, "node_type": "endpoint", "node_kind": null}, "geometry": {"type": "Point", "coordinates": [325804.5, 4693301.0]}}, {"type": "Feature", "properties": {"node_id": 2444, "degree": 1, "node_type": "endpoint", "node_kind": null}, "geometry": {"type": "Point", "coordinates": [325833.90625, 4693289.0]}}, {"type": "Feature", "properties": {"node_id": 2445, "degree": 1, "node_type": "endpoint", "node_kind": null}, "geometry": {"type": "Point", "coordinates": [326173.9375, 4693302.5]}}, {"type": "Feature", "properties": {"node_id": 2446, "degree": 1, "node_type": "endpoint", "node_kind": null}, "geometry": {"type": "Point", "coordinates": [326063.25, 4693092.0]}}, {"type": "Feature", "properties": {"node_id": 2447, "degree": 1, "node_type": "endpoint", "node_kind": null}, "geometry": {"type": "Point", "coordinates": [325891.0625, 4693186.0]}}, {"type": "Feature", "properties": {"node_id": 2448, "degree": 1, "node_type": "endpoint", "node_kind": null}, "geometry": {"type": "Point", "coordinates": [325945.34375, 4693123.0]}}, {"type": "Feature", "properties": {"node_id": 2449, "degree": 1, "node_type": "endpoint", "node_kind": null}, "geometry": {"type": "Point", "coordinates": [325692.15625, 4692983.5]}}, {"type": "Feature", "properties": {"node_id": 2450, "degree": 1, "node_type": "endpoint", "node_kind": null}, "geometry": {"type": "Point", "coordinates": [325702.1875, 4693005.5]}}, {"type": "Feature", "properties": {"node_id": 2451, "degree": 1, "node_type": "endpoint", "node_kind": null}, "geometry": {"type": "Point", "coordinates": [325670.5625, 4693190.5]}}, {"type": "Feature", "properties": {"node_id": 2452, "degree": 1, "node_type": "endpoint", "node_kind": null}, "geometry": {"type": "Point", "coordinates": [325651.9375, 4693201.0]}}, {"type": "Feature", "properties": {"node_id": 2453, "degree": 1, "node_type": "endpoint", "node_kind": null}, "geometry": {"type": "Point", "coordinates": [325948.5, 4693123.5]}}, {"type": "Feature", "properties": {"node_id": 2454, "degree": 1, "node_type": "endpoint", "node_kind": null}, "geometry": {"type": "Point", "coordinates": [325919.6875, 4693157.0]}}, {"type": "Feature", "properties": {"node_id": 2455, "degree": 1, "node_type": "endpoint", "node_kind": null}, "geometry": {"type": "Point", "coordinates": [326137.34375, 4692235.5]}}, {"type": "Feature", "properties": {"node_id": 2456, "degree": 1, "node_type": "endpoint", "node_kind": null}, "geometry": {"type": "Point", "coordinates": [326156.84375, 4692244.0]}}, {"type": "Feature", "properties": {"node_id": 2457, "degree": 1, "node_type": "endpoint", "node_kind": null}, "geometry": {"type": "Point", "coordinates": [325846.34375, 4692397.0]}}, {"type": "Feature", "properties": {"node_id": 2458, "degree": 1, "node_type": "endpoint", "node_kind": null}, "geometry": {"type": "Point", "coordinates": [325770.90625, 4692390.5]}}, {"type": "Feature", "properties": {"node_id": 2459, "degree": 1, "node_type": "endpoint", "node_kind": null}, "geometry": {"type": "Point", "coordinates": [325889.09375, 4697229.5]}}, {"type": "Feature", "properties": {"node_id": 2460, "degree": 1, "node_type": "endpoint", "node_kind": null}, "geometry": {"type": "Point", "coordinates": [325835.84375, 4697158.0]}}, {"type": "Feature", "properties": {"node_id": 2461, "degree": 1, "node_type": "endpoint", "node_kind": null}, "geometry": {"type": "Point", "coordinates": [325776.0, 4697067.0]}}, {"type": "Feature", "properties": {"node_id": 2462, "degree": 1, "node_type": "endpoint", "node_kind": null}, "geometry": {"type": "Point", "coordinates": [325754.09375, 4697026.0]}}, {"type": "Feature", "properties": {"node_id": 2463, "degree": 1, "node_type": "endpoint", "node_kind": null}, "geometry": {"type": "Point", "coordinates": [325757.6875, 4696978.0]}}, {"type": "Feature", "properties": {"node_id": 2464, "degree": 1, "node_type": "endpoint", "node_kind": null}, "geometry": {"type": "Point", "coordinates": [325797.3125, 4697078.5]}}, {"type": "Feature", "properties": {"node_id": 2465, "degree": 1, "node_type": "endpoint", "node_kind": null}, "geometry": {"type": "Point", "coordinates": [325825.5, 4697086.5]}}, {"type": "Feature", "properties": {"node_id": 2466, "degree": 1, "node_type": "endpoint", "node_kind": null}, "geometry": {"type": "Point", "coordinates": [325895.25, 4696952.5]}}, {"type": "Feature", "properties": {"node_id": 2467, "degree": 1, "node_type": "endpoint", "node_kind": null}, "geometry": {"type": "Point", "coordinates": [325513.1875, 4691383.0]}}, {"type": "Feature", "properties": {"node_id": 2468, "degree": 1, "node_type": "endpoint", "node_kind": null}, "geometry": {"type": "Point", "coordinates": [325840.65625, 4691049.5]}}, {"type": "Feature", "properties": {"node_id": 2469, "degree": 1, "node_type": "endpoint", "node_kind": null}, "geometry": {"type": "Point", "coordinates": [325759.34375, 4690938.5]}}, {"type": "Feature", "properties": {"node_id": 2470, "degree": 1, "node_type": "endpoint", "node_kind": null}, "geometry": {"type": "Point", "coordinates": [325889.25, 4690917.0]}}, {"type": "Feature", "properties": {"node_id": 2471, "degree": 1, "node_type": "endpoint", "node_kind": null}, "geometry": {"type": "Point", "coordinates": [326150.5625, 4691003.0]}}, {"type": "Feature", "properties": {"node_id": 2472, "degree": 1, "node_type": "endpoint", "node_kind": null}, "geometry": {"type": "Point", "coordinates": [326153.84375, 4691031.0]}}, {"type": "Feature", "properties": {"node_id": 2473, "degree": 1, "node_type": "endpoint", "node_kind": null}, "geometry": {"type": "Point", "coordinates": [326167.34375, 4691124.5]}}, {"type": "Feature", "properties": {"node_id": 2474, "degree": 1, "node_type": "endpoint", "node_kind": null}, "geometry": {"type": "Point", "coordinates": [326134.34375, 4690890.5]}}, {"type": "Feature", "properties": {"node_id": 2475, "degree": 1, "node_type": "endpoint", "node_kind": null}, "geometry": {"type": "Point", "coordinates": [325815.3125, 4690931.0]}}, {"type": "Feature", "properties": {"node_id": 2476, "degree": 1, "node_type": "endpoint", "node_kind": null}, "geometry": {"type": "Point", "coordinates": [325771.0625, 4690939.5]}}, {"type": "Feature", "properties": {"node_id": 2477, "degree": 1, "node_type": "endpoint", "node_kind": null}, "geometry": {"type": "Point", "coordinates": [326259.3125, 4691220.0]}}, {"type": "Feature", "properties": {"node_id": 2478, "degree": 1, "node_type": "endpoint", "node_kind": null}, "geometry": {"type": "Point", "coordinates": [326210.84375, 4691247.0]}}, {"type": "Feature", "properties": {"node_id": 2479, "degree": 1, "node_type": "endpoint", "node_kind": null}, "geometry": {"type": "Point", "coordinates": [326163.4375, 4691007.0]}}, {"type": "Feature", "properties": {"node_id": 2480, "degree": 1, "node_type": "endpoint", "node_kind": null}, "geometry": {"type": "Point", "coordinates": [326153.84375, 4690934.5]}}, {"type": "Feature", "properties": {"node_id": 2481, "degree": 1, "node_type": "endpoint", "node_kind": null}, "geometry": {"type": "Point", "coordinates": [325783.9375, 4690940.0]}}, {"type": "Feature", "properties": {"node_id": 2482, "degree": 1, "node_type": "endpoint", "node_kind": null}, "geometry": {"type": "Point", "coordinates": [325815.4375, 4690934.0]}}, {"type": "Feature", "properties": {"node_id": 2483, "degree": 1, "node_type": "endpoint", "node_kind": null}, "geometry": {"type": "Point", "coordinates": [326150.6875, 4690835.5]}}, {"type": "Feature", "properties": {"node_id": 2484, "degree": 1, "node_type": "endpoint", "node_kind": null}, "geometry": {"type": "Point", "coordinates": [326231.5625, 4690817.0]}}, {"type": "Feature", "properties": {"node_id": 2485, "degree": 1, "node_type": "endpoint", "node_kind": null}, "geometry": {"type": "Point", "coordinates": [325738.0625, 4690901.0]}}, {"type": "Feature", "properties": {"node_id": 2486, "degree": 1, "node_type": "endpoint", "node_kind": null}, "geometry": {"type": "Point", "coordinates": [325723.8125, 4690823.5]}}, {"type": "Feature", "properties": {"node_id": 2487, "degree": 1, "node_type": "endpoint", "node_kind": null}, "geometry": {"type": "Point", "coordinates": [325731.15625, 4690896.5]}}, {"type": "Feature", "properties": {"node_id": 2488, "degree": 1, "node_type": "endpoint", "node_kind": null}, "geometry": {"type": "Point", "coordinates": [325700.84375, 4690739.0]}}, {"type": "Feature", "properties": {"node_id": 2489, "degree": 1, "node_type": "endpoint", "node_kind": null}, "geometry": {"type": "Point", "coordinates": [326063.6875, 4690888.0]}}, {"type": "Feature", "properties": {"node_id": 2490, "degree": 1, "node_type": "endpoint", "node_kind": null}, "geometry": {"type": "Point", "coordinates": [325958.25, 4690907.0]}}, {"type": "Feature", "properties": {"node_id": 2491, "degree": 1, "node_type": "endpoint", "node_kind": null}, "geometry": {"type": "Point", "coordinates": [325831.9375, 4690893.0]}}, {"type": "Feature", "properties": {"node_id": 2492, "degree": 1, "node_type": "endpoint", "node_kind": null}, "geometry": {"type": "Point", "coordinates": [325853.6875, 4690889.0]}}, {"type": "Feature", "properties": {"node_id": 2493, "degree": 1, "node_type": "endpoint", "node_kind": null}, "geometry": {"type": "Point", "coordinates": [326181.4375, 4690828.0]}}, {"type": "Feature", "properties": {"node_id": 2494, "degree": 1, "node_type": "endpoint", "node_kind": null}, "geometry": {"type": "Point", "coordinates": [326214.75, 4690820.5]}}, {"type": "Feature", "properties": {"node_id": 2495, "degree": 1, "node_type": "endpoint", "node_kind": null}, "geometry": {"type": "Point", "coordinates": [325879.8125, 4690920.0]}}, {"type": "Feature", "properties": {"node_id": 2496, "degree": 1, "node_type": "endpoint", "node_kind": null}, "geometry": {"type": "Point", "coordinates": [325792.1875, 4690940.5]}}, {"type": "Feature", "properties": {"node_id": 2497, "degree": 1, "node_type": "endpoint", "node_kind": null}, "geometry": {"type": "Point", "coordinates": [326132.5625, 4690896.5]}}, {"type": "Feature", "properties": {"node_id": 2498, "degree": 1, "node_type": "endpoint", "node_kind": null}, "geometry": {"type": "Point", "coordinates": [326140.65625, 4690938.5]}}, {"type": "Feature", "properties": {"node_id": 2499, "degree": 1, "node_type": "endpoint", "node_kind": null}, "geometry": {"type": "Point", "coordinates": [325945.65625, 4690872.0]}}, {"type": "Feature", "properties": {"node_id": 2500, "degree": 1, "node_type": "endpoint", "node_kind": null}, "geometry": {"type": "Point", "coordinates": [325921.1875, 4690875.5]}}, {"type": "Feature", "properties": {"node_id": 2501, "degree": 1, "node_type": "endpoint", "node_kind": null}, "geometry": {"type": "Point", "coordinates": [326149.0625, 4690896.5]}}, {"type": "Feature", "properties": {"node_id": 2502, "degree": 1, "node_type": "endpoint", "node_kind": null}, "geometry": {"type": "Point", "coordinates": [326161.34375, 4690990.0]}}, {"type": "Feature", "properties": {"node_id": 2503, "degree": 1, "node_type": "endpoint", "node_kind": null}, "geometry": {"type": "Point", "coordinates": [326100.3125, 4690244.0]}}, {"type": "Feature", "properties": {"node_id": 2504, "degree": 1, "node_type": "endpoint", "node_kind": null}, "geometry": {"type": "Point", "coordinates": [325912.65625, 4690179.5]}}, {"type": "Feature", "properties": {"node_id": 2505, "degree": 1, "node_type": "endpoint", "node_kind": null}, "geometry": {"type": "Point", "coordinates": [325817.40625, 4690153.5]}}, {"type": "Feature", "properties": {"node_id": 2506, "degree": 1, "node_type": "endpoint", "node_kind": null}, "geometry": {"type": "Point", "coordinates": [325745.5625, 4690129.0]}}, {"type": "Feature", "properties": {"node_id": 2507, "degree": 1, "node_type": "endpoint", "node_kind": null}, "geometry": {"type": "Point", "coordinates": [326093.40625, 4689750.0]}}, {"type": "Feature", "properties": {"node_id": 2508, "degree": 1, "node_type": "endpoint", "node_kind": null}, "geometry": {"type": "Point", "coordinates": [326126.25, 4689815.0]}}, {"type": "Feature", "properties": {"node_id": 2509, "degree": 1, "node_type": "endpoint", "node_kind": null}, "geometry": {"type": "Point", "coordinates": [326214.90625, 4690255.5]}}, {"type": "Feature", "properties": {"node_id": 2510, "degree": 1, "node_type": "endpoint", "node_kind": null}, "geometry": {"type": "Point", "coordinates": [326080.1875, 4690207.0]}}, {"type": "Feature", "properties": {"node_id": 2511, "degree": 2, "node_type": "endpoint", "node_kind": null}, "geometry": {"type": "Point", "coordinates": [325857.4375, 4690133.0]}}, {"type": "Feature", "properties": {"node_id": 2512, "degree": 1, "node_type": "endpoint", "node_kind": null}, "geometry": {"type": "Point", "coordinates": [326009.25, 4690185.0]}}, {"type": "Feature", "properties": {"node_id": 2513, "degree": 1, "node_type": "endpoint", "node_kind": null}, "geometry": {"type": "Point", "coordinates": [326132.5625, 4690261.5]}}, {"type": "Feature", "properties": {"node_id": 2514, "degree": 1, "node_type": "endpoint", "node_kind": null}, "geometry": {"type": "Point", "coordinates": [326252.25, 4690302.5]}}, {"type": "Feature", "properties": {"node_id": 2515, "degree": 1, "node_type": "endpoint", "node_kind": null}, "geometry": {"type": "Point", "coordinates": [326156.5625, 4689245.5]}}, {"type": "Feature", "properties": {"node_id": 2516, "degree": 1, "node_type": "endpoint", "node_kind": null}, "geometry": {"type": "Point", "coordinates": [326106.0, 4689185.0]}}, {"type": "Feature", "properties": {"node_id": 2517, "degree": 1, "node_type": "endpoint", "node_kind": null}, "geometry": {"type": "Point", "coordinates": [325829.6875, 4688791.5]}}, {"type": "Feature", "properties": {"node_id": 2518, "degree": 1, "node_type": "endpoint", "node_kind": null}, "geometry": {"type": "Point", "coordinates": [325807.5, 4688791.5]}}, {"type": "Feature", "properties": {"node_id": 2519, "degree": 1, "node_type": "endpoint", "node_kind": null}, "geometry": {"type": "Point", "coordinates": [326014.8125, 4688734.0]}}, {"type": "Feature", "properties": {"node_id": 2520, "degree": 1, "node_type": "endpoint", "node_kind": null}, "geometry": {"type": "Point", "coordinates": [326052.75, 4688596.5]}}, {"type": "Feature", "properties": {"node_id": 2521, "degree": 1, "node_type": "endpoint", "node_kind": null}, "geometry": {"type": "Point", "coordinates": [325649.5625, 4688806.0]}}, {"type": "Feature", "properties": {"node_id": 2522, "degree": 1, "node_type": "endpoint", "node_kind": null}, "geometry": {"type": "Point", "coordinates": [325641.15625, 4688858.5]}}, {"type": "Feature", "properties": {"node_id": 2523, "degree": 1, "node_type": "endpoint", "node_kind": null}, "geometry": {"type": "Point", "coordinates": [325743.90625, 4688930.0]}}, {"type": "Feature", "properties": {"node_id": 2524, "degree": 1, "node_type": "endpoint", "node_kind": null}, "geometry": {"type": "Point", "coordinates": [325654.5, 4688881.5]}}, {"type": "Feature", "properties": {"node_id": 2525, "degree": 1, "node_type": "endpoint", "node_kind": null}, "geometry": {"type": "Point", "coordinates": [325755.4375, 4688930.0]}}, {"type": "Feature", "properties": {"node_id": 2526, "degree": 1, "node_type": "endpoint", "node_kind": null}, "geometry": {"type": "Point", "coordinates": [325781.09375, 4688916.0]}}, {"type": "Feature", "properties": {"node_id": 2527, "degree": 1, "node_type": "endpoint", "node_kind": null}, "geometry": {"type": "Point", "coordinates": [325655.5625, 4688880.5]}}, {"type": "Feature", "properties": {"node_id": 2528, "degree": 1, "node_type": "endpoint", "node_kind": null}, "geometry": {"type": "Point", "coordinates": [325751.84375, 4688930.0]}}, {"type": "Feature", "properties": {"node_id": 2529, "degree": 1, "node_type": "endpoint", "node_kind": null}, "geometry": {"type": "Point", "coordinates": [325864.5, 4688894.5]}}, {"type": "Feature", "properties": {"node_id": 2530, "degree": 1, "node_type": "endpoint", "node_kind": null}, "geometry": {"type": "Point", "coordinates": [325878.75, 4688911.5]}}, {"type": "Feature", "properties": {"node_id": 2531, "degree": 1, "node_type": "endpoint", "node_kind": null}, "geometry": {"type": "Point", "coordinates": [326090.5625, 4688480.5]}}, {"type": "Feature", "properties": {"node_id": 2532, "degree": 1, "node_type": "endpoint", "node_kind": null}, "geometry": {"type": "Point", "coordinates": [326099.6875, 4688457.5]}}, {"type": "Feature", "properties": {"node_id": 2533, "degree": 1, "node_type": "endpoint", "node_kind": null}, "geometry": {"type": "Point", "coordinates": [326037.0, 4688221.0]}}, {"type": "Feature", "properties": {"node_id": 2534, "degree": 1, "node_type": "endpoint", "node_kind": null}, "geometry": {"type": "Point", "coordinates": [326065.1875, 4688304.0]}}, {"type": "Feature", "properties": {"node_id": 2535, "degree": 1, "node_type": "endpoint", "node_kind": null}, "geometry": {"type": "Point", "coordinates": [326064.0, 4688264.0]}}, {"type": "Feature", "properties": {"node_id": 2536, "degree": 1, "node_type": "endpoint", "node_kind": null}, "geometry": {"type": "Point", "coordinates": [326095.65625, 4688383.0]}}, {"type": "Feature", "properties": {"node_id": 2537, "degree": 1, "node_type": "endpoint", "node_kind": null}, "geometry": {"type": "Point", "coordinates": [326088.0, 4688333.5]}}, {"type": "Feature", "properties": {"node_id": 2538, "degree": 1, "node_type": "endpoint", "node_kind": null}, "geometry": {"type": "Point", "coordinates": [325970.5625, 4688016.0]}}, {"type": "Feature", "properties": {"node_id": 2539, "degree": 1, "node_type": "endpoint", "node_kind": null}, "geometry": {"type": "Point", "coordinates": [325986.75, 4688112.0]}}, {"type": "Feature", "properties": {"node_id": 2540, "degree": 1, "node_type": "endpoint", "node_kind": null}, "geometry": {"type": "Point", "coordinates": [326004.0, 4688147.5]}}, {"type": "Feature", "properties": {"node_id": 2541, "degree": 1, "node_type": "endpoint", "node_kind": null}, "geometry": {"type": "Point", "coordinates": [325950.4375, 4687795.0]}}, {"type": "Feature", "properties": {"node_id": 2542, "degree": 2, "node_type": "endpoint", "node_kind": null}, "geometry": {"type": "Point", "coordinates": [325956.15625, 4687656.5]}}, {"type": "Feature", "properties": {"node_id": 2543, "degree": 1, "node_type": "endpoint", "node_kind": null}, "geometry": {"type": "Point", "coordinates": [325989.75, 4687502.5]}}, {"type": "Feature", "properties": {"node_id": 2544, "degree": 1, "node_type": "endpoint", "node_kind": null}, "geometry": {"type": "Point", "coordinates": [325971.15625, 4687634.0]}}, {"type": "Feature", "properties": {"node_id": 2545, "degree": 1, "node_type": "endpoint", "node_kind": null}, "geometry": {"type": "Point", "coordinates": [326239.1875, 4687720.5]}}, {"type": "Feature", "properties": {"node_id": 2546, "degree": 1, "node_type": "endpoint", "node_kind": null}, "geometry": {"type": "Point", "coordinates": [326172.75, 4687698.5]}}, {"type": "Feature", "properties": {"node_id": 2547, "degree": 1, "node_type": "endpoint", "node_kind": null}, "geometry": {"type": "Point", "coordinates": [325947.3125, 4687946.0]}}, {"type": "Feature", "properties": {"node_id": 2548, "degree": 1, "node_type": "endpoint", "node_kind": null}, "geometry": {"type": "Point", "coordinates": [325957.0625, 4688021.0]}}, {"type": "Feature", "properties": {"node_id": 2549, "degree": 1, "node_type": "endpoint", "node_kind": null}, "geometry": {"type": "Point", "coordinates": [325977.90625, 4687649.0]}}, {"type": "Feature", "properties": {"node_id": 2550, "degree": 1, "node_type": "endpoint", "node_kind": null}, "geometry": {"type": "Point", "coordinates": [326106.75, 4687676.0]}}, {"type": "Feature", "properties": {"node_id": 2551, "degree": 1, "node_type": "endpoint", "node_kind": null}, "geometry": {"type": "Point", "coordinates": [325994.25, 4687450.0]}}, {"type": "Feature", "properties": {"node_id": 2552, "degree": 1, "node_type": "endpoint", "node_kind": null}, "geometry": {"type": "Point", "coordinates": [325973.6875, 4687598.5]}}, {"type": "Feature", "properties": {"node_id": 2553, "degree": 1, "node_type": "endpoint", "node_kind": null}, "geometry": {"type": "Point", "coordinates": [326108.09375, 4687602.5]}}, {"type": "Feature", "properties": {"node_id": 2554, "degree": 1, "node_type": "endpoint", "node_kind": null}, "geometry": {"type": "Point", "coordinates": [326080.9375, 4687553.0]}}, {"type": "Feature", "properties": {"node_id": 2555, "degree": 2, "node_type": "endpoint", "node_kind": null}, "geometry": {"type": "Point", "coordinates": [325957.8125, 4687625.5]}}, {"type": "Feature", "properties": {"node_id": 2556, "degree": 1, "node_type": "endpoint", "node_kind": null}, "geometry": {"type": "Point", "coordinates": [325968.3125, 4687551.0]}}, {"type": "Feature", "properties": {"node_id": 2557, "degree": 1, "node_type": "endpoint", "node_kind": null}, "geometry": {"type": "Point", "coordinates": [326221.5, 4687711.5]}}, {"type": "Feature", "properties": {"node_id": 2558, "degree": 1, "node_type": "endpoint", "node_kind": null}, "geometry": {"type": "Point", "coordinates": [326199.15625, 4687704.5]}}, {"type": "Feature", "properties": {"node_id": 2559, "degree": 1, "node_type": "endpoint", "node_kind": null}, "geometry": {"type": "Point", "coordinates": [325968.0, 4687711.5]}}, {"type": "Feature", "properties": {"node_id": 2560, "degree": 1, "node_type": "endpoint", "node_kind": null}, "geometry": {"type": "Point", "coordinates": [325959.0, 4687941.0]}}, {"type": "Feature", "properties": {"node_id": 2561, "degree": 1, "node_type": "endpoint", "node_kind": null}, "geometry": {"type": "Point", "coordinates": [326065.65625, 4687536.0]}}, {"type": "Feature", "properties": {"node_id": 2562, "degree": 1, "node_type": "endpoint", "node_kind": null}, "geometry": {"type": "Point", "coordinates": [326043.4375, 4687503.5]}}, {"type": "Feature", "properties": {"node_id": 2563, "degree": 1, "node_type": "endpoint", "node_kind": null}, "geometry": {"type": "Point", "coordinates": [325960.0625, 4687914.5]}}, {"type": "Feature", "properties": {"node_id": 2564, "degree": 1, "node_type": "endpoint", "node_kind": null}, "geometry": {"type": "Point", "coordinates": [325961.40625, 4687941.0]}}, {"type": "Feature", "properties": {"node_id": 2565, "degree": 1, "node_type": "endpoint", "node_kind": null}, "geometry": {"type": "Point", "coordinates": [325820.25, 4687090.0]}}, {"type": "Feature", "properties": {"node_id": 2566, "degree": 1, "node_type": "endpoint", "node_kind": null}, "geometry": {"type": "Point", "coordinates": [325824.3125, 4687098.0]}}, {"type": "Feature", "properties": {"node_id": 2567, "degree": 1, "node_type": "endpoint", "node_kind": null}, "geometry": {"type": "Point", "coordinates": [325980.0, 4687464.0]}}, {"type": "Feature", "properties": {"node_id": 2568, "degree": 1, "node_type": "endpoint", "node_kind": null}, "geometry": {"type": "Point", "coordinates": [325984.1875, 4687438.0]}}, {"type": "Feature", "properties": {"node_id": 2569, "degree": 1, "node_type": "endpoint", "node_kind": null}, "geometry": {"type": "Point", "coordinates": [325790.5625, 4687008.0]}}, {"type": "Feature", "properties": {"node_id": 2570, "degree": 1, "node_type": "endpoint", "node_kind": null}, "geometry": {"type": "Point", "coordinates": [325786.5, 4686970.5]}}, {"type": "Feature", "properties": {"node_id": 2571, "degree": 1, "node_type": "endpoint", "node_kind": null}, "geometry": {"type": "Point", "coordinates": [326007.0, 4687440.5]}}, {"type": "Feature", "properties": {"node_id": 2572, "degree": 1, "node_type": "endpoint", "node_kind": null}, "geometry": {"type": "Point", "coordinates": [326037.4375, 4687488.5]}}, {"type": "Feature", "properties": {"node_id": 2573, "degree": 1, "node_type": "endpoint", "node_kind": null}, "geometry": {"type": "Point", "coordinates": [325660.8125, 4686337.0]}}, {"type": "Feature", "properties": {"node_id": 2574, "degree": 1, "node_type": "endpoint", "node_kind": null}, "geometry": {"type": "Point", "coordinates": [325677.59375, 4686362.0]}}, {"type": "Feature", "properties": {"node_id": 2575, "degree": 1, "node_type": "endpoint", "node_kind": null}, "geometry": {"type": "Point", "coordinates": [326151.15625, 4686523.0]}}, {"type": "Feature", "properties": {"node_id": 2576, "degree": 1, "node_type": "endpoint", "node_kind": null}, "geometry": {"type": "Point", "coordinates": [326125.8125, 4686538.0]}}, {"type": "Feature", "properties": {"node_id": 2577, "degree": 1, "node_type": "endpoint", "node_kind": null}, "geometry": {"type": "Point", "coordinates": [325842.4375, 4686693.5]}}, {"type": "Feature", "properties": {"node_id": 2578, "degree": 1, "node_type": "endpoint", "node_kind": null}, "geometry": {"type": "Point", "coordinates": [326002.0625, 4686613.5]}}, {"type": "Feature", "properties": {"node_id": 2579, "degree": 1, "node_type": "endpoint", "node_kind": null}, "geometry": {"type": "Point", "coordinates": [325780.1875, 4686803.0]}}, {"type": "Feature", "properties": {"node_id": 2580, "degree": 2, "node_type": "endpoint", "node_kind": null}, "geometry": {"type": "Point", "coordinates": [325779.0, 4686727.5]}}, {"type": "Feature", "properties": {"node_id": 2581, "degree": 1, "node_type": "endpoint", "node_kind": null}, "geometry": {"type": "Point", "coordinates": [325674.4375, 4686363.5]}}, {"type": "Feature", "properties": {"node_id": 2582, "degree": 1, "node_type": "endpoint", "node_kind": null}, "geometry": {"type": "Point", "coordinates": [325657.8125, 4686338.5]}}, {"type": "Feature", "properties": {"node_id": 2583, "degree": 1, "node_type": "endpoint", "node_kind": null}, "geometry": {"type": "Point", "coordinates": [326181.4375, 4686428.0]}}, {"type": "Feature", "properties": {"node_id": 2584, "degree": 1, "node_type": "endpoint", "node_kind": null}, "geometry": {"type": "Point", "coordinates": [326019.3125, 4686543.0]}}, {"type": "Feature", "properties": {"node_id": 2585, "degree": 1, "node_type": "endpoint", "node_kind": null}, "geometry": {"type": "Point", "coordinates": [325776.3125, 4686775.0]}}, {"type": "Feature", "properties": {"node_id": 2586, "degree": 1, "node_type": "endpoint", "node_kind": null}, "geometry": {"type": "Point", "coordinates": [325776.59375, 4686803.0]}}, {"type": "Feature", "properties": {"node_id": 2587, "degree": 1, "node_type": "endpoint", "node_kind": null}, "geometry": {"type": "Point", "coordinates": [325734.75, 4686480.5]}}, {"type": "Feature", "properties": {"node_id": 2588, "degree": 1, "node_type": "endpoint", "node_kind": null}, "geometry": {"type": "Point", "coordinates": [325742.84375, 4686510.0]}}, {"type": "Feature", "properties": {"node_id": 2589, "degree": 1, "node_type": "endpoint", "node_kind": null}, "geometry": {"type": "Point", "coordinates": [325932.0, 4686570.0]}}, {"type": "Feature", "properties": {"node_id": 2590, "degree": 1, "node_type": "endpoint", "node_kind": null}, "geometry": {"type": "Point", "coordinates": [325777.34375, 4686614.0]}}, {"type": "Feature", "properties": {"node_id": 2591, "degree": 2, "node_type": "endpoint", "node_kind": null}, "geometry": {"type": "Point", "coordinates": [325777.34375, 4686690.5]}}, {"type": "Feature", "properties": {"node_id": 2592, "degree": 1, "node_type": "endpoint", "node_kind": null}, "geometry": {"type": "Point", "coordinates": [325770.75, 4686626.0]}}, {"type": "Feature", "properties": {"node_id": 2593, "degree": 1, "node_type": "endpoint", "node_kind": null}, "geometry": {"type": "Point", "coordinates": [325677.15625, 4696358.5]}}, {"type": "Feature", "properties": {"node_id": 2594, "degree": 1, "node_type": "endpoint", "node_kind": null}, "geometry": {"type": "Point", "coordinates": [325756.65625, 4696433.0]}}, {"type": "Feature", "properties": {"node_id": 2595, "degree": 1, "node_type": "endpoint", "node_kind": null}, "geometry": {"type": "Point", "coordinates": [325765.5, 4696429.0]}}, {"type": "Feature", "properties": {"node_id": 2596, "degree": 1, "node_type": "endpoint", "node_kind": null}, "geometry": {"type": "Point", "coordinates": [325642.34375, 4696314.5]}}, {"type": "Feature", "properties": {"node_id": 2597, "degree": 1, "node_type": "endpoint", "node_kind": null}, "geometry": {"type": "Point", "coordinates": [325704.90625, 4696460.0]}}, {"type": "Feature", "properties": {"node_id": 2598, "degree": 1, "node_type": "endpoint", "node_kind": null}, "geometry": {"type": "Point", "coordinates": [325752.75, 4696463.5]}}, {"type": "Feature", "properties": {"node_id": 2599, "degree": 1, "node_type": "endpoint", "node_kind": null}, "geometry": {"type": "Point", "coordinates": [325637.25, 4696320.0]}}, {"type": "Feature", "properties": {"node_id": 2600, "degree": 1, "node_type": "endpoint", "node_kind": null}, "geometry": {"type": "Point", "coordinates": [325760.84375, 4696433.5]}}, {"type": "Feature", "properties": {"node_id": 2601, "degree": 1, "node_type": "endpoint", "node_kind": null}, "geometry": {"type": "Point", "coordinates": [325525.0625, 4696645.0]}}, {"type": "Feature", "properties": {"node_id": 2602, "degree": 1, "node_type": "endpoint", "node_kind": null}, "geometry": {"type": "Point", "coordinates": [325752.90625, 4696510.0]}}, {"type": "Feature", "properties": {"node_id": 2603, "degree": 1, "node_type": "endpoint", "node_kind": null}, "geometry": {"type": "Point", "coordinates": [325704.90625, 4696458.5]}}, {"type": "Feature", "properties": {"node_id": 2604, "degree": 1, "node_type": "endpoint", "node_kind": null}, "geometry": {"type": "Point", "coordinates": [325740.0, 4696460.0]}}, {"type": "Feature", "properties": {"node_id": 2605, "degree": 1, "node_type": "endpoint", "node_kind": null}, "geometry": {"type": "Point", "coordinates": [325902.90625, 4696472.5]}}, {"type": "Feature", "properties": {"node_id": 2606, "degree": 1, "node_type": "endpoint", "node_kind": null}, "geometry": {"type": "Point", "coordinates": [325861.65625, 4696479.5]}}, {"type": "Feature", "properties": {"node_id": 2607, "degree": 1, "node_type": "endpoint", "node_kind": null}, "geometry": {"type": "Point", "coordinates": [325792.9375, 4696570.5]}}, {"type": "Feature", "properties": {"node_id": 2608, "degree": 1, "node_type": "endpoint", "node_kind": null}, "geometry": {"type": "Point", "coordinates": [325804.0625, 4696526.0]}}, {"type": "Feature", "properties": {"node_id": 2609, "degree": 1, "node_type": "endpoint", "node_kind": null}, "geometry": {"type": "Point", "coordinates": [326185.34375, 4685802.0]}}, {"type": "Feature", "properties": {"node_id": 2610, "degree": 1, "node_type": "endpoint", "node_kind": null}, "geometry": {"type": "Point", "coordinates": [326120.25, 4685716.5]}}, {"type": "Feature", "properties": {"node_id": 2611, "degree": 1, "node_type": "endpoint", "node_kind": null}, "geometry": {"type": "Point", "coordinates": [325643.40625, 4686046.5]}}, {"type": "Feature", "properties": {"node_id": 2612, "degree": 1, "node_type": "endpoint", "node_kind": null}, "geometry": {"type": "Point", "coordinates": [325639.1875, 4686090.5]}}, {"type": "Feature", "properties": {"node_id": 2613, "degree": 1, "node_type": "endpoint", "node_kind": null}, "geometry": {"type": "Point", "coordinates": [325640.6875, 4686275.0]}}, {"type": "Feature", "properties": {"node_id": 2614, "degree": 1, "node_type": "endpoint", "node_kind": null}, "geometry": {"type": "Point", "coordinates": [325641.0, 4686229.0]}}, {"type": "Feature", "properties": {"node_id": 2615, "degree": 1, "node_type": "endpoint", "node_kind": null}, "geometry": {"type": "Point", "coordinates": [325645.1875, 4686092.0]}}, {"type": "Feature", "properties": {"node_id": 2616, "degree": 1, "node_type": "endpoint", "node_kind": null}, "geometry": {"type": "Point", "coordinates": [325647.4375, 4686060.5]}}, {"type": "Feature", "properties": {"node_id": 2617, "degree": 1, "node_type": "endpoint", "node_kind": null}, "geometry": {"type": "Point", "coordinates": [325645.1875, 4686211.0]}}, {"type": "Feature", "properties": {"node_id": 2618, "degree": 1, "node_type": "endpoint", "node_kind": null}, "geometry": {"type": "Point", "coordinates": [325645.8125, 4686293.5]}}, {"type": "Feature", "properties": {"node_id": 2619, "degree": 1, "node_type": "endpoint", "node_kind": null}, "geometry": {"type": "Point", "coordinates": [325699.1875, 4685861.5]}}, {"type": "Feature", "properties": {"node_id": 2620, "degree": 1, "node_type": "endpoint", "node_kind": null}, "geometry": {"type": "Point", "coordinates": [325709.09375, 4685522.5]}}, {"type": "Feature", "properties": {"node_id": 2621, "degree": 1, "node_type": "endpoint", "node_kind": null}, "geometry": {"type": "Point", "coordinates": [326048.09375, 4685634.0]}}, {"type": "Feature", "properties": {"node_id": 2622, "degree": 1, "node_type": "endpoint", "node_kind": null}, "geometry": {"type": "Point", "coordinates": [326065.0625, 4685656.5]}}, {"type": "Feature", "properties": {"node_id": 2623, "degree": 1, "node_type": "endpoint", "node_kind": null}, "geometry": {"type": "Point", "coordinates": [325678.5, 4685232.0]}}, {"type": "Feature", "properties": {"node_id": 2624, "degree": 1, "node_type": "endpoint", "node_kind": null}, "geometry": {"type": "Point", "coordinates": [325650.75, 4685174.5]}}, {"type": "Feature", "properties": {"node_id": 2625, "degree": 1, "node_type": "endpoint", "node_kind": null}, "geometry": {"type": "Point", "coordinates": [326287.1875, 4685318.5]}}, {"type": "Feature", "properties": {"node_id": 2626, "degree": 1, "node_type": "endpoint", "node_kind": null}, "geometry": {"type": "Point", "coordinates": [326153.09375, 4685376.5]}}, {"type": "Feature", "properties": {"node_id": 2627, "degree": 1, "node_type": "endpoint", "node_kind": null}, "geometry": {"type": "Point", "coordinates": [326067.59375, 4685654.0]}}, {"type": "Feature", "properties": {"node_id": 2628, "degree": 1, "node_type": "endpoint", "node_kind": null}, "geometry": {"type": "Point", "coordinates": [325966.0625, 4685523.5]}}, {"type": "Feature", "properties": {"node_id": 2629, "degree": 1, "node_type": "endpoint", "node_kind": null}, "geometry": {"type": "Point", "coordinates": [325710.3125, 4685373.0]}}, {"type": "Feature", "properties": {"node_id": 2630, "degree": 1, "node_type": "endpoint", "node_kind": null}, "geometry": {"type": "Point", "coordinates": [325714.1875, 4685419.5]}}, {"type": "Feature", "properties": {"node_id": 2631, "degree": 1, "node_type": "endpoint", "node_kind": null}, "geometry": {"type": "Point", "coordinates": [326074.8125, 4685655.5]}}, {"type": "Feature", "properties": {"node_id": 2632, "degree": 1, "node_type": "endpoint", "node_kind": null}, "geometry": {"type": "Point", "coordinates": [325910.84375, 4685435.5]}}, {"type": "Feature", "properties": {"node_id": 2633, "degree": 1, "node_type": "endpoint", "node_kind": null}, "geometry": {"type": "Point", "coordinates": [326288.40625, 4685321.0]}}, {"type": "Feature", "properties": {"node_id": 2634, "degree": 1, "node_type": "endpoint", "node_kind": null}, "geometry": {"type": "Point", "coordinates": [326092.1875, 4685383.0]}}, {"type": "Feature", "properties": {"node_id": 2635, "degree": 1, "node_type": "endpoint", "node_kind": null}, "geometry": {"type": "Point", "coordinates": [325963.34375, 4685525.5]}}, {"type": "Feature", "properties": {"node_id": 2636, "degree": 1, "node_type": "endpoint", "node_kind": null}, "geometry": {"type": "Point", "coordinates": [325987.0625, 4685556.0]}}, {"type": "Feature", "properties": {"node_id": 2637, "degree": 1, "node_type": "endpoint", "node_kind": null}, "geometry": {"type": "Point", "coordinates": [325672.5, 4685251.5]}}, {"type": "Feature", "properties": {"node_id": 2638, "degree": 1, "node_type": "endpoint", "node_kind": null}, "geometry": {"type": "Point", "coordinates": [325636.34375, 4685174.5]}}, {"type": "Feature", "properties": {"node_id": 2639, "degree": 1, "node_type": "endpoint", "node_kind": null}, "geometry": {"type": "Point", "coordinates": [325626.0, 4684644.0]}}, {"type": "Feature", "properties": {"node_id": 2640, "degree": 1, "node_type": "endpoint", "node_kind": null}, "geometry": {"type": "Point", "coordinates": [325710.4375, 4684573.0]}}, {"type": "Feature", "properties": {"node_id": 2641, "degree": 1, "node_type": "endpoint", "node_kind": null}, "geometry": {"type": "Point", "coordinates": [325648.8125, 4685039.0]}}, {"type": "Feature", "properties": {"node_id": 2642, "degree": 1, "node_type": "endpoint", "node_kind": null}, "geometry": {"type": "Point", "coordinates": [325611.15625, 4685059.0]}}, {"type": "Feature", "properties": {"node_id": 2643, "degree": 1, "node_type": "endpoint", "node_kind": null}, "geometry": {"type": "Point", "coordinates": [325911.75, 4684302.5]}}, {"type": "Feature", "properties": {"node_id": 2644, "degree": 1, "node_type": "endpoint", "node_kind": null}, "geometry": {"type": "Point", "coordinates": [325928.40625, 4684285.0]}}, {"type": "Feature", "properties": {"node_id": 2645, "degree": 1, "node_type": "endpoint", "node_kind": null}, "geometry": {"type": "Point", "coordinates": [325795.34375, 4684457.0]}}, {"type": "Feature", "properties": {"node_id": 2646, "degree": 1, "node_type": "endpoint", "node_kind": null}, "geometry": {"type": "Point", "coordinates": [325815.4375, 4684421.5]}}, {"type": "Feature", "properties": {"node_id": 2647, "degree": 1, "node_type": "endpoint", "node_kind": null}, "geometry": {"type": "Point", "coordinates": [326185.8125, 4684004.0]}}, {"type": "Feature", "properties": {"node_id": 2648, "degree": 1, "node_type": "endpoint", "node_kind": null}, "geometry": {"type": "Point", "coordinates": [326143.34375, 4684049.5]}}, {"type": "Feature", "properties": {"node_id": 2649, "degree": 1, "node_type": "endpoint", "node_kind": null}, "geometry": {"type": "Point", "coordinates": [326123.25, 4683737.0]}}, {"type": "Feature", "properties": {"node_id": 2650, "degree": 1, "node_type": "endpoint", "node_kind": null}, "geometry": {"type": "Point", "coordinates": [326091.15625, 4683712.5]}}, {"type": "Feature", "properties": {"node_id": 2651, "degree": 1, "node_type": "endpoint", "node_kind": null}, "geometry": {"type": "Point", "coordinates": [325832.09375, 4683474.0]}}, {"type": "Feature", "properties": {"node_id": 2652, "degree": 1, "node_type": "endpoint", "node_kind": null}, "geometry": {"type": "Point", "coordinates": [325976.25, 4683595.5]}}, {"type": "Feature", "properties": {"node_id": 2653, "degree": 1, "node_type": "endpoint", "node_kind": null}, "geometry": {"type": "Point", "coordinates": [325861.0625, 4683527.5]}}, {"type": "Feature", "properties": {"node_id": 2654, "degree": 1, "node_type": "endpoint", "node_kind": null}, "geometry": {"type": "Point", "coordinates": [325993.0625, 4683637.0]}}, {"type": "Feature", "properties": {"node_id": 2655, "degree": 1, "node_type": "endpoint", "node_kind": null}, "geometry": {"type": "Point", "coordinates": [325961.09375, 4683586.0]}}, {"type": "Feature", "properties": {"node_id": 2656, "degree": 1, "node_type": "endpoint", "node_kind": null}, "geometry": {"type": "Point", "coordinates": [326031.90625, 4683638.5]}}, {"type": "Feature", "properties": {"node_id": 2657, "degree": 1, "node_type": "endpoint", "node_kind": null}, "geometry": {"type": "Point", "coordinates": [325717.34375, 4683371.0]}}, {"type": "Feature", "properties": {"node_id": 2658, "degree": 1, "node_type": "endpoint", "node_kind": null}, "geometry": {"type": "Point", "coordinates": [325671.59375, 4683330.5]}}, {"type": "Feature", "properties": {"node_id": 2659, "degree": 1, "node_type": "endpoint", "node_kind": null}, "geometry": {"type": "Point", "coordinates": [325721.6875, 4683403.0]}}, {"type": "Feature", "properties": {"node_id": 2660, "degree": 1, "node_type": "endpoint", "node_kind": null}, "geometry": {"type": "Point", "coordinates": [325698.4375, 4683382.5]}}, {"type": "Feature", "properties": {"node_id": 2661, "degree": 1, "node_type": "endpoint", "node_kind": null}, "geometry": {"type": "Point", "coordinates": [325847.6875, 4682565.5]}}, {"type": "Feature", "properties": {"node_id": 2662, "degree": 1, "node_type": "endpoint", "node_kind": null}, "geometry": {"type": "Point", "coordinates": [325807.9375, 4682594.0]}}, {"type": "Feature", "properties": {"node_id": 2663, "degree": 1, "node_type": "endpoint", "node_kind": null}, "geometry": {"type": "Point", "coordinates": [325923.15625, 4682510.5]}}, {"type": "Feature", "properties": {"node_id": 2664, "degree": 1, "node_type": "endpoint", "node_kind": null}, "geometry": {"type": "Point", "coordinates": [325797.0, 4682606.0]}}, {"type": "Feature", "properties": {"node_id": 2665, "degree": 1, "node_type": "endpoint", "node_kind": null}, "geometry": {"type": "Point", "coordinates": [325788.3125, 4682625.0]}}, {"type": "Feature", "properties": {"node_id": 2666, "degree": 1, "node_type": "endpoint", "node_kind": null}, "geometry": {"type": "Point", "coordinates": [325726.34375, 4682669.5]}}, {"type": "Feature", "properties": {"node_id": 2667, "degree": 1, "node_type": "endpoint", "node_kind": null}, "geometry": {"type": "Point", "coordinates": [325725.4375, 4682667.5]}}, {"type": "Feature", "properties": {"node_id": 2668, "degree": 1, "node_type": "endpoint", "node_kind": null}, "geometry": {"type": "Point", "coordinates": [325860.59375, 4682569.5]}}, {"type": "Feature", "properties": {"node_id": 2669, "degree": 1, "node_type": "endpoint", "node_kind": null}, "geometry": {"type": "Point", "coordinates": [325664.5625, 4682718.0]}}, {"type": "Feature", "properties": {"node_id": 2670, "degree": 2, "node_type": "endpoint", "node_kind": null}, "geometry": {"type": "Point", "coordinates": [325642.65625, 4682742.5]}}, {"type": "Feature", "properties": {"node_id": 2671, "degree": 1, "node_type": "endpoint", "node_kind": null}, "geometry": {"type": "Point", "coordinates": [325968.0, 4682471.5]}}, {"type": "Feature", "properties": {"node_id": 2672, "degree": 1, "node_type": "endpoint", "node_kind": null}, "geometry": {"type": "Point", "coordinates": [325988.40625, 4682456.5]}}, {"type": "Feature", "properties": {"node_id": 2673, "degree": 1, "node_type": "endpoint", "node_kind": null}, "geometry": {"type": "Point", "coordinates": [326324.40625, 4697707.0]}}, {"type": "Feature", "properties": {"node_id": 2674, "degree": 1, "node_type": "endpoint", "node_kind": null}, "geometry": {"type": "Point", "coordinates": [326321.5625, 4697849.5]}}, {"type": "Feature", "properties": {"node_id": 2675, "degree": 1, "node_type": "endpoint", "node_kind": null}, "geometry": {"type": "Point", "coordinates": [326714.40625, 4697479.0]}}, {"type": "Feature", "properties": {"node_id": 2676, "degree": 1, "node_type": "endpoint", "node_kind": null}, "geometry": {"type": "Point", "coordinates": [326686.1875, 4697524.5]}}, {"type": "Feature", "properties": {"node_id": 2677, "degree": 1, "node_type": "endpoint", "node_kind": null}, "geometry": {"type": "Point", "coordinates": [326423.25, 4697931.0]}}, {"type": "Feature", "properties": {"node_id": 2678, "degree": 1, "node_type": "endpoint", "node_kind": null}, "geometry": {"type": "Point", "coordinates": [326403.3125, 4697962.0]}}, {"type": "Feature", "properties": {"node_id": 2679, "degree": 1, "node_type": "endpoint", "node_kind": null}, "geometry": {"type": "Point", "coordinates": [326683.0625, 4697535.5]}}, {"type": "Feature", "properties": {"node_id": 2680, "degree": 1, "node_type": "endpoint", "node_kind": null}, "geometry": {"type": "Point", "coordinates": [326491.1875, 4697827.0]}}, {"type": "Feature", "properties": {"node_id": 2681, "degree": 1, "node_type": "endpoint", "node_kind": null}, "geometry": {"type": "Point", "coordinates": [326573.84375, 4697689.0]}}, {"type": "Feature", "properties": {"node_id": 2682, "degree": 1, "node_type": "endpoint", "node_kind": null}, "geometry": {"type": "Point", "coordinates": [326625.3125, 4697610.5]}}, {"type": "Feature", "properties": {"node_id": 2683, "degree": 1, "node_type": "endpoint", "node_kind": null}, "geometry": {"type": "Point", "coordinates": [326400.90625, 4697952.5]}}, {"type": "Feature", "properties": {"node_id": 2684, "degree": 1, "node_type": "endpoint", "node_kind": null}, "geometry": {"type": "Point", "coordinates": [326423.6875, 4697917.0]}}, {"type": "Feature", "properties": {"node_id": 2685, "degree": 1, "node_type": "endpoint", "node_kind": null}, "geometry": {"type": "Point", "coordinates": [326482.34375, 4682030.5]}}, {"type": "Feature", "properties": {"node_id": 2686, "degree": 1, "node_type": "endpoint", "node_kind": null}, "geometry": {"type": "Point", "coordinates": [326531.6875, 4682014.0]}}, {"type": "Feature", "properties": {"node_id": 2687, "degree": 1, "node_type": "endpoint", "node_kind": null}, "geometry": {"type": "Point", "coordinates": [326704.8125, 4680818.5]}}, {"type": "Feature", "properties": {"node_id": 2688, "degree": 1, "node_type": "endpoint", "node_kind": null}, "geometry": {"type": "Point", "coordinates": [326584.9375, 4680745.5]}}, {"type": "Feature", "properties": {"node_id": 2689, "degree": 1, "node_type": "endpoint", "node_kind": null}, "geometry": {"type": "Point", "coordinates": [326463.15625, 4680727.0]}}, {"type": "Feature", "properties": {"node_id": 2690, "degree": 1, "node_type": "endpoint", "node_kind": null}, "geometry": {"type": "Point", "coordinates": [326537.09375, 4680731.5]}}, {"type": "Feature", "properties": {"node_id": 2691, "degree": 1, "node_type": "endpoint", "node_kind": null}, "geometry": {"type": "Point", "coordinates": [326790.59375, 4680872.5]}}, {"type": "Feature", "properties": {"node_id": 2692, "degree": 2, "node_type": "endpoint", "node_kind": null}, "geometry": {"type": "Point", "coordinates": [326300.25, 4680781.0]}}, {"type": "Feature", "properties": {"node_id": 2693, "degree": 1, "node_type": "endpoint", "node_kind": null}, "geometry": {"type": "Point", "coordinates": [326212.8125, 4680813.0]}}, {"type": "Feature", "properties": {"node_id": 2694, "degree": 2, "node_type": "endpoint", "node_kind": null}, "geometry": {"type": "Point", "coordinates": [326297.40625, 4680785.0]}}, {"type": "Feature", "properties": {"node_id": 2695, "degree": 1, "node_type": "endpoint", "node_kind": null}, "geometry": {"type": "Point", "coordinates": [326731.8125, 4680836.5]}}, {"type": "Feature", "properties": {"node_id": 2696, "degree": 1, "node_type": "endpoint", "node_kind": null}, "geometry": {"type": "Point", "coordinates": [326640.0, 4680776.5]}}, {"type": "Feature", "properties": {"node_id": 2697, "degree": 1, "node_type": "endpoint", "node_kind": null}, "geometry": {"type": "Point", "coordinates": [326678.6875, 4696089.5]}}, {"type": "Feature", "properties": {"node_id": 2698, "degree": 1, "node_type": "endpoint", "node_kind": null}, "geometry": {"type": "Point", "coordinates": [326565.59375, 4696141.5]}}, {"type": "Feature", "properties": {"node_id": 2699, "degree": 1, "node_type": "endpoint", "node_kind": null}, "geometry": {"type": "Point", "coordinates": [326481.59375, 4696111.0]}}, {"type": "Feature", "properties": {"node_id": 2700, "degree": 1, "node_type": "endpoint", "node_kind": null}, "geometry": {"type": "Point", "coordinates": [326507.40625, 4696158.0]}}, {"type": "Feature", "properties": {"node_id": 2701, "degree": 1, "node_type": "endpoint", "node_kind": null}, "geometry": {"type": "Point", "coordinates": [326751.90625, 4696054.5]}}, {"type": "Feature", "properties": {"node_id": 2702, "degree": 1, "node_type": "endpoint", "node_kind": null}, "geometry": {"type": "Point", "coordinates": [326774.6875, 4696044.5]}}, {"type": "Feature", "properties": {"node_id": 2703, "degree": 1, "node_type": "endpoint", "node_kind": null}, "geometry": {"type": "Point", "coordinates": [326402.84375, 4695974.5]}}, {"type": "Feature", "properties": {"node_id": 2704, "degree": 1, "node_type": "endpoint", "node_kind": null}, "geometry": {"type": "Point", "coordinates": [326440.5, 4696041.5]}}, {"type": "Feature", "properties": {"node_id": 2705, "degree": 1, "node_type": "endpoint", "node_kind": null}, "geometry": {"type": "Point", "coordinates": [326586.59375, 4696145.5]}}, {"type": "Feature", "properties": {"node_id": 2706, "degree": 1, "node_type": "endpoint", "node_kind": null}, "geometry": {"type": "Point", "coordinates": [326617.0625, 4696131.5]}}, {"type": "Feature", "properties": {"node_id": 2707, "degree": 1, "node_type": "endpoint", "node_kind": null}, "geometry": {"type": "Point", "coordinates": [326678.84375, 4696091.0]}}, {"type": "Feature", "properties": {"node_id": 2708, "degree": 1, "node_type": "endpoint", "node_kind": null}, "geometry": {"type": "Point", "coordinates": [326566.1875, 4696142.5]}}, {"type": "Feature", "properties": {"node_id": 2709, "degree": 1, "node_type": "endpoint", "node_kind": null}, "geometry": {"type": "Point", "coordinates": [326682.3125, 4696101.5]}}, {"type": "Feature", "properties": {"node_id": 2710, "degree": 1, "node_type": "endpoint", "node_kind": null}, "geometry": {"type": "Point", "coordinates": [326687.84375, 4696099.0]}}, {"type": "Feature", "properties": {"node_id": 2711, "degree": 1, "node_type": "endpoint", "node_kind": null}, "geometry": {"type": "Point", "coordinates": [326442.90625, 4696039.5]}}, {"type": "Feature", "properties": {"node_id": 2712, "degree": 1, "node_type": "endpoint", "node_kind": null}, "geometry": {"type": "Point", "coordinates": [326405.25, 4695973.0]}}, {"type": "Feature", "properties": {"node_id": 2713, "degree": 1, "node_type": "endpoint", "node_kind": null}, "geometry": {"type": "Point", "coordinates": [326788.8125, 4696057.5]}}, {"type": "Feature", "properties": {"node_id": 2714, "degree": 1, "node_type": "endpoint", "node_kind": null}, "geometry": {"type": "Point", "coordinates": [326553.90625, 4696162.0]}}, {"type": "Feature", "properties": {"node_id": 2715, "degree": 1, "node_type": "endpoint", "node_kind": null}, "geometry": {"type": "Point", "coordinates": [326336.5625, 4696254.0]}}, {"type": "Feature", "properties": {"node_id": 2716, "degree": 1, "node_type": "endpoint", "node_kind": null}, "geometry": {"type": "Point", "coordinates": [326391.75, 4696222.5]}}, {"type": "Feature", "properties": {"node_id": 2717, "degree": 1, "node_type": "endpoint", "node_kind": null}, "geometry": {"type": "Point", "coordinates": [326712.59375, 4680012.5]}}, {"type": "Feature", "properties": {"node_id": 2718, "degree": 1, "node_type": "endpoint", "node_kind": null}, "geometry": {"type": "Point", "coordinates": [326675.09375, 4679924.0]}}, {"type": "Feature", "properties": {"node_id": 2719, "degree": 1, "node_type": "endpoint", "node_kind": null}, "geometry": {"type": "Point", "coordinates": [326777.40625, 4680166.5]}}, {"type": "Feature", "properties": {"node_id": 2720, "degree": 1, "node_type": "endpoint", "node_kind": null}, "geometry": {"type": "Point", "coordinates": [326943.90625, 4680568.5]}}, {"type": "Feature", "properties": {"node_id": 2721, "degree": 1, "node_type": "endpoint", "node_kind": null}, "geometry": {"type": "Point", "coordinates": [326733.3125, 4680035.0]}}, {"type": "Feature", "properties": {"node_id": 2722, "degree": 1, "node_type": "endpoint", "node_kind": null}, "geometry": {"type": "Point", "coordinates": [326706.90625, 4679972.0]}}, {"type": "Feature", "properties": {"node_id": 2723, "degree": 1, "node_type": "endpoint", "node_kind": null}, "geometry": {"type": "Point", "coordinates": [326595.90625, 4679706.5]}}, {"type": "Feature", "properties": {"node_id": 2724, "degree": 1, "node_type": "endpoint", "node_kind": null}, "geometry": {"type": "Point", "coordinates": [326605.5, 4679729.5]}}, {"type": "Feature", "properties": {"node_id": 2725, "degree": 1, "node_type": "endpoint", "node_kind": null}, "geometry": {"type": "Point", "coordinates": [326658.15625, 4679855.5]}}, {"type": "Feature", "properties": {"node_id": 2726, "degree": 1, "node_type": "endpoint", "node_kind": null}, "geometry": {"type": "Point", "coordinates": [326675.6875, 4679897.0]}}, {"type": "Feature", "properties": {"node_id": 2727, "degree": 1, "node_type": "endpoint", "node_kind": null}, "geometry": {"type": "Point", "coordinates": [326270.25, 4678970.5]}}, {"type": "Feature", "properties": {"node_id": 2728, "degree": 1, "node_type": "endpoint", "node_kind": null}, "geometry": {"type": "Point", "coordinates": [326228.84375, 4678884.5]}}, {"type": "Feature", "properties": {"node_id": 2729, "degree": 1, "node_type": "endpoint", "node_kind": null}, "geometry": {"type": "Point", "coordinates": [326479.34375, 4679425.0]}}, {"type": "Feature", "properties": {"node_id": 2730, "degree": 1, "node_type": "endpoint", "node_kind": null}, "geometry": {"type": "Point", "coordinates": [326297.5625, 4679026.0]}}, {"type": "Feature", "properties": {"node_id": 2731, "degree": 1, "node_type": "endpoint", "node_kind": null}, "geometry": {"type": "Point", "coordinates": [326316.59375, 4678425.5]}}, {"type": "Feature", "properties": {"node_id": 2732, "degree": 1, "node_type": "endpoint", "node_kind": null}, "geometry": {"type": "Point", "coordinates": [326559.3125, 4678605.5]}}, {"type": "Feature", "properties": {"node_id": 2733, "degree": 1, "node_type": "endpoint", "node_kind": null}, "geometry": {"type": "Point", "coordinates": [326719.8125, 4678721.5]}}, {"type": "Feature", "properties": {"node_id": 2734, "degree": 1, "node_type": "endpoint", "node_kind": null}, "geometry": {"type": "Point", "coordinates": [326680.65625, 4678693.5]}}, {"type": "Feature", "properties": {"node_id": 2735, "degree": 1, "node_type": "endpoint", "node_kind": null}, "geometry": {"type": "Point", "coordinates": [326295.0, 4678414.0]}}, {"type": "Feature", "properties": {"node_id": 2736, "degree": 1, "node_type": "endpoint", "node_kind": null}, "geometry": {"type": "Point", "coordinates": [326557.5, 4678609.0]}}, {"type": "Feature", "properties": {"node_id": 2737, "degree": 1, "node_type": "endpoint", "node_kind": null}, "geometry": {"type": "Point", "coordinates": [326382.90625, 4694127.5]}}, {"type": "Feature", "properties": {"node_id": 2738, "degree": 1, "node_type": "endpoint", "node_kind": null}, "geometry": {"type": "Point", "coordinates": [326343.15625, 4694090.0]}}, {"type": "Feature", "properties": {"node_id": 2739, "degree": 1, "node_type": "endpoint", "node_kind": null}, "geometry": {"type": "Point", "coordinates": [326742.3125, 4694174.0]}}, {"type": "Feature", "properties": {"node_id": 2740, "degree": 1, "node_type": "endpoint", "node_kind": null}, "geometry": {"type": "Point", "coordinates": [326786.25, 4694264.5]}}, {"type": "Feature", "properties": {"node_id": 2741, "degree": 1, "node_type": "endpoint", "node_kind": null}, "geometry": {"type": "Point", "coordinates": [326548.5, 4693977.0]}}, {"type": "Feature", "properties": {"node_id": 2742, "degree": 2, "node_type": "endpoint", "node_kind": null}, "geometry": {"type": "Point", "coordinates": [326568.4375, 4693953.5]}}, {"type": "Feature", "properties": {"node_id": 2743, "degree": 2, "node_type": "endpoint", "node_kind": null}, "geometry": {"type": "Point", "coordinates": [326605.65625, 4693913.5]}}, {"type": "Feature", "properties": {"node_id": 2744, "degree": 1, "node_type": "endpoint", "node_kind": null}, "geometry": {"type": "Point", "coordinates": [326963.09375, 4693497.0]}}, {"type": "Feature", "properties": {"node_id": 2745, "degree": 1, "node_type": "endpoint", "node_kind": null}, "geometry": {"type": "Point", "coordinates": [326762.6875, 4694221.0]}}, {"type": "Feature", "properties": {"node_id": 2746, "degree": 1, "node_type": "endpoint", "node_kind": null}, "geometry": {"type": "Point", "coordinates": [326784.4375, 4694266.0]}}, {"type": "Feature", "properties": {"node_id": 2747, "degree": 1, "node_type": "endpoint", "node_kind": null}, "geometry": {"type": "Point", "coordinates": [326343.0, 4694093.0]}}, {"type": "Feature", "properties": {"node_id": 2748, "degree": 1, "node_type": "endpoint", "node_kind": null}, "geometry": {"type": "Point", "coordinates": [326359.1875, 4694107.5]}}, {"type": "Feature", "properties": {"node_id": 2749, "degree": 1, "node_type": "endpoint", "node_kind": null}, "geometry": {"type": "Point", "coordinates": [326386.1875, 4694152.5]}}, {"type": "Feature", "properties": {"node_id": 2750, "degree": 1, "node_type": "endpoint", "node_kind": null}, "geometry": {"type": "Point", "coordinates": [326334.4375, 4694211.5]}}, {"type": "Feature", "properties": {"node_id": 2751, "degree": 1, "node_type": "endpoint", "node_kind": null}, "geometry": {"type": "Point", "coordinates": [326217.0, 4693577.5]}}, {"type": "Feature", "properties": {"node_id": 2752, "degree": 1, "node_type": "endpoint", "node_kind": null}, "geometry": {"type": "Point", "coordinates": [326346.15625, 4693552.0]}}, {"type": "Feature", "properties": {"node_id": 2753, "degree": 1, "node_type": "endpoint", "node_kind": null}, "geometry": {"type": "Point", "coordinates": [326373.4375, 4693537.0]}}, {"type": "Feature", "properties": {"node_id": 2754, "degree": 1, "node_type": "endpoint", "node_kind": null}, "geometry": {"type": "Point", "coordinates": [326417.40625, 4693529.0]}}, {"type": "Feature", "properties": {"node_id": 2755, "degree": 1, "node_type": "endpoint", "node_kind": null}, "geometry": {"type": "Point", "coordinates": [326786.84375, 4693704.0]}}, {"type": "Feature", "properties": {"node_id": 2756, "degree": 1, "node_type": "endpoint", "node_kind": null}, "geometry": {"type": "Point", "coordinates": [326743.65625, 4693754.5]}}, {"type": "Feature", "properties": {"node_id": 2757, "degree": 1, "node_type": "endpoint", "node_kind": null}, "geometry": {"type": "Point", "coordinates": [326463.3125, 4693529.0]}}, {"type": "Feature", "properties": {"node_id": 2758, "degree": 1, "node_type": "endpoint", "node_kind": null}, "geometry": {"type": "Point", "coordinates": [326782.34375, 4693465.0]}}, {"type": "Feature", "properties": {"node_id": 2759, "degree": 1, "node_type": "endpoint", "node_kind": null}, "geometry": {"type": "Point", "coordinates": [326274.0, 4693282.5]}}, {"type": "Feature", "properties": {"node_id": 2760, "degree": 1, "node_type": "endpoint", "node_kind": null}, "geometry": {"type": "Point", "coordinates": [326206.5, 4693154.0]}}, {"type": "Feature", "properties": {"node_id": 2761, "degree": 1, "node_type": "endpoint", "node_kind": null}, "geometry": {"type": "Point", "coordinates": [326724.3125, 4693465.0]}}, {"type": "Feature", "properties": {"node_id": 2762, "degree": 1, "node_type": "endpoint", "node_kind": null}, "geometry": {"type": "Point", "coordinates": [326805.0, 4693449.0]}}, {"type": "Feature", "properties": {"node_id": 2763, "degree": 1, "node_type": "endpoint", "node_kind": null}, "geometry": {"type": "Point", "coordinates": [326527.0625, 4693504.5]}}, {"type": "Feature", "properties": {"node_id": 2764, "degree": 1, "node_type": "endpoint", "node_kind": null}, "geometry": {"type": "Point", "coordinates": [326565.59375, 4693497.0]}}, {"type": "Feature", "properties": {"node_id": 2765, "degree": 1, "node_type": "endpoint", "node_kind": null}, "geometry": {"type": "Point", "coordinates": [326527.0625, 4692695.0]}}, {"type": "Feature", "properties": {"node_id": 2766, "degree": 1, "node_type": "endpoint", "node_kind": null}, "geometry": {"type": "Point", "coordinates": [326566.9375, 4692662.0]}}, {"type": "Feature", "properties": {"node_id": 2767, "degree": 1, "node_type": "endpoint", "node_kind": null}, "geometry": {"type": "Point", "coordinates": [326589.75, 4692656.5]}}, {"type": "Feature", "properties": {"node_id": 2768, "degree": 1, "node_type": "endpoint", "node_kind": null}, "geometry": {"type": "Point", "coordinates": [326570.6875, 4692672.5]}}, {"type": "Feature", "properties": {"node_id": 2769, "degree": 1, "node_type": "endpoint", "node_kind": null}, "geometry": {"type": "Point", "coordinates": [326567.6875, 4692673.0]}}, {"type": "Feature", "properties": {"node_id": 2770, "degree": 1, "node_type": "endpoint", "node_kind": null}, "geometry": {"type": "Point", "coordinates": [326589.0, 4692654.5]}}, {"type": "Feature", "properties": {"node_id": 2771, "degree": 1, "node_type": "endpoint", "node_kind": null}, "geometry": {"type": "Point", "coordinates": [326679.3125, 4692420.5]}}, {"type": "Feature", "properties": {"node_id": 2772, "degree": 1, "node_type": "endpoint", "node_kind": null}, "geometry": {"type": "Point", "coordinates": [326662.65625, 4692400.5]}}, {"type": "Feature", "properties": {"node_id": 2773, "degree": 1, "node_type": "endpoint", "node_kind": null}, "geometry": {"type": "Point", "coordinates": [326521.0625, 4692463.5]}}, {"type": "Feature", "properties": {"node_id": 2774, "degree": 1, "node_type": "endpoint", "node_kind": null}, "geometry": {"type": "Point", "coordinates": [326551.34375, 4692466.0]}}, {"type": "Feature", "properties": {"node_id": 2775, "degree": 1, "node_type": "endpoint", "node_kind": null}, "geometry": {"type": "Point", "coordinates": [326823.0, 4692139.0]}}, {"type": "Feature", "properties": {"node_id": 2776, "degree": 1, "node_type": "endpoint", "node_kind": null}, "geometry": {"type": "Point", "coordinates": [326749.8125, 4692037.0]}}, {"type": "Feature", "properties": {"node_id": 2777, "degree": 1, "node_type": "endpoint", "node_kind": null}, "geometry": {"type": "Point", "coordinates": [326598.3125, 4691647.5]}}, {"type": "Feature", "properties": {"node_id": 2778, "degree": 1, "node_type": "endpoint", "node_kind": null}, "geometry": {"type": "Point", "coordinates": [326504.5625, 4691534.0]}}, {"type": "Feature", "properties": {"node_id": 2779, "degree": 1, "node_type": "endpoint", "node_kind": null}, "geometry": {"type": "Point", "coordinates": [326677.0625, 4691374.5]}}, {"type": "Feature", "properties": {"node_id": 2780, "degree": 1, "node_type": "endpoint", "node_kind": null}, "geometry": {"type": "Point", "coordinates": [326650.34375, 4691357.5]}}, {"type": "Feature", "properties": {"node_id": 2781, "degree": 1, "node_type": "endpoint", "node_kind": null}, "geometry": {"type": "Point", "coordinates": [326617.0625, 4691165.5]}}, {"type": "Feature", "properties": {"node_id": 2782, "degree": 1, "node_type": "endpoint", "node_kind": null}, "geometry": {"type": "Point", "coordinates": [326584.34375, 4691163.5]}}, {"type": "Feature", "properties": {"node_id": 2783, "degree": 1, "node_type": "endpoint", "node_kind": null}, "geometry": {"type": "Point", "coordinates": [326274.15625, 4691456.0]}}, {"type": "Feature", "properties": {"node_id": 2784, "degree": 1, "node_type": "endpoint", "node_kind": null}, "geometry": {"type": "Point", "coordinates": [326297.5625, 4691484.5]}}, {"type": "Feature", "properties": {"node_id": 2785, "degree": 1, "node_type": "endpoint", "node_kind": null}, "geometry": {"type": "Point", "coordinates": [326610.75, 4691335.0]}}, {"type": "Feature", "properties": {"node_id": 2786, "degree": 1, "node_type": "endpoint", "node_kind": null}, "geometry": {"type": "Point", "coordinates": [326749.5, 4691420.5]}}, {"type": "Feature", "properties": {"node_id": 2787, "degree": 1, "node_type": "endpoint", "node_kind": null}, "geometry": {"type": "Point", "coordinates": [326631.4375, 4691357.5]}}, {"type": "Feature", "properties": {"node_id": 2788, "degree": 1, "node_type": "endpoint", "node_kind": null}, "geometry": {"type": "Point", "coordinates": [326606.25, 4691341.5]}}, {"type": "Feature", "properties": {"node_id": 2789, "degree": 1, "node_type": "endpoint", "node_kind": null}, "geometry": {"type": "Point", "coordinates": [326250.4375, 4690372.5]}}, {"type": "Feature", "properties": {"node_id": 2790, "degree": 1, "node_type": "endpoint", "node_kind": null}, "geometry": {"type": "Point", "coordinates": [326251.1875, 4690352.5]}}, {"type": "Feature", "properties": {"node_id": 2791, "degree": 1, "node_type": "endpoint", "node_kind": null}, "geometry": {"type": "Point", "coordinates": [326514.3125, 4690799.0]}}, {"type": "Feature", "properties": {"node_id": 2792, "degree": 1, "node_type": "endpoint", "node_kind": null}, "geometry": {"type": "Point", "coordinates": [326713.65625, 4690761.0]}}, {"type": "Feature", "properties": {"node_id": 2793, "degree": 1, "node_type": "endpoint", "node_kind": null}, "geometry": {"type": "Point", "coordinates": [326412.90625, 4690784.0]}}, {"type": "Feature", "properties": {"node_id": 2794, "degree": 1, "node_type": "endpoint", "node_kind": null}, "geometry": {"type": "Point", "coordinates": [326384.84375, 4690789.5]}}, {"type": "Feature", "properties": {"node_id": 2795, "degree": 1, "node_type": "endpoint", "node_kind": null}, "geometry": {"type": "Point", "coordinates": [326456.84375, 4690385.0]}}, {"type": "Feature", "properties": {"node_id": 2796, "degree": 1, "node_type": "endpoint", "node_kind": null}, "geometry": {"type": "Point", "coordinates": [326450.25, 4690404.0]}}, {"type": "Feature", "properties": {"node_id": 2797, "degree": 2, "node_type": "endpoint", "node_kind": null}, "geometry": {"type": "Point", "coordinates": [326474.6875, 4690378.5]}}, {"type": "Feature", "properties": {"node_id": 2798, "degree": 1, "node_type": "endpoint", "node_kind": null}, "geometry": {"type": "Point", "coordinates": [326525.09375, 4690395.0]}}, {"type": "Feature", "properties": {"node_id": 2799, "degree": 1, "node_type": "endpoint", "node_kind": null}, "geometry": {"type": "Point", "coordinates": [326739.90625, 4690799.0]}}, {"type": "Feature", "properties": {"node_id": 2800, "degree": 1, "node_type": "endpoint", "node_kind": null}, "geometry": {"type": "Point", "coordinates": [326735.84375, 4690776.0]}}, {"type": "Feature", "properties": {"node_id": 2801, "degree": 1, "node_type": "endpoint", "node_kind": null}, "geometry": {"type": "Point", "coordinates": [326599.34375, 4690454.5]}}, {"type": "Feature", "properties": {"node_id": 2802, "degree": 1, "node_type": "endpoint", "node_kind": null}, "geometry": {"type": "Point", "coordinates": [326606.5625, 4690434.0]}}, {"type": "Feature", "properties": {"node_id": 2803, "degree": 2, "node_type": "endpoint", "node_kind": null}, "geometry": {"type": "Point", "coordinates": [326445.0, 4690369.0]}}, {"type": "Feature", "properties": {"node_id": 2804, "degree": 1, "node_type": "endpoint", "node_kind": null}, "geometry": {"type": "Point", "coordinates": [326415.0, 4690359.5]}}, {"type": "Feature", "properties": {"node_id": 2805, "degree": 1, "node_type": "endpoint", "node_kind": null}, "geometry": {"type": "Point", "coordinates": [326413.65625, 4690786.0]}}, {"type": "Feature", "properties": {"node_id": 2806, "degree": 1, "node_type": "endpoint", "node_kind": null}, "geometry": {"type": "Point", "coordinates": [326379.3125, 4690792.5]}}, {"type": "Feature", "properties": {"node_id": 2807, "degree": 1, "node_type": "endpoint", "node_kind": null}, "geometry": {"type": "Point", "coordinates": [326702.84375, 4690451.0]}}, {"type": "Feature", "properties": {"node_id": 2808, "degree": 1, "node_type": "endpoint", "node_kind": null}, "geometry": {"type": "Point", "coordinates": [326671.65625, 4690440.0]}}, {"type": "Feature", "properties": {"node_id": 2809, "degree": 1, "node_type": "endpoint", "node_kind": null}, "geometry": {"type": "Point", "coordinates": [326660.5625, 4690438.5]}}, {"type": "Feature", "properties": {"node_id": 2810, "degree": 1, "node_type": "endpoint", "node_kind": null}, "geometry": {"type": "Point", "coordinates": [326690.09375, 4690449.5]}}, {"type": "Feature", "properties": {"node_id": 2811, "degree": 1, "node_type": "endpoint", "node_kind": null}, "geometry": {"type": "Point", "coordinates": [326768.84375, 4690842.5]}}, {"type": "Feature", "properties": {"node_id": 2812, "degree": 1, "node_type": "endpoint", "node_kind": null}, "geometry": {"type": "Point", "coordinates": [326813.40625, 4690835.5]}}, {"type": "Feature", "properties": {"node_id": 2813, "degree": 1, "node_type": "endpoint", "node_kind": null}, "geometry": {"type": "Point", "coordinates": [326360.40625, 4690829.5]}}, {"type": "Feature", "properties": {"node_id": 2814, "degree": 1, "node_type": "endpoint", "node_kind": null}, "geometry": {"type": "Point", "coordinates": [326445.15625, 4690813.5]}}, {"type": "Feature", "properties": {"node_id": 2815, "degree": 1, "node_type": "endpoint", "node_kind": null}, "geometry": {"type": "Point", "coordinates": [326252.6875, 4690484.0]}}, {"type": "Feature", "properties": {"node_id": 2816, "degree": 1, "node_type": "endpoint", "node_kind": null}, "geometry": {"type": "Point", "coordinates": [326251.8125, 4690462.0]}}, {"type": "Feature", "properties": {"node_id": 2817, "degree": 1, "node_type": "endpoint", "node_kind": null}, "geometry": {"type": "Point", "coordinates": [326445.75, 4690366.5]}}, {"type": "Feature", "properties": {"node_id": 2818, "degree": 1, "node_type": "endpoint", "node_kind": null}, "geometry": {"type": "Point", "coordinates": [326323.1875, 4690329.5]}}, {"type": "Feature", "properties": {"node_id": 2819, "degree": 1, "node_type": "endpoint", "node_kind": null}, "geometry": {"type": "Point", "coordinates": [326295.4375, 4690842.5]}}, {"type": "Feature", "properties": {"node_id": 2820, "degree": 1, "node_type": "endpoint", "node_kind": null}, "geometry": {"type": "Point", "coordinates": [326274.0, 4690846.5]}}, {"type": "Feature", "properties": {"node_id": 2821, "degree": 1, "node_type": "endpoint", "node_kind": null}, "geometry": {"type": "Point", "coordinates": [326337.0, 4690099.0]}}, {"type": "Feature", "properties": {"node_id": 2822, "degree": 1, "node_type": "endpoint", "node_kind": null}, "geometry": {"type": "Point", "coordinates": [326310.75, 4690175.5]}}, {"type": "Feature", "properties": {"node_id": 2823, "degree": 1, "node_type": "endpoint", "node_kind": null}, "geometry": {"type": "Point", "coordinates": [326511.4375, 4690358.5]}}, {"type": "Feature", "properties": {"node_id": 2824, "degree": 1, "node_type": "endpoint", "node_kind": null}, "geometry": {"type": "Point", "coordinates": [326180.5625, 4690244.0]}}, {"type": "Feature", "properties": {"node_id": 2825, "degree": 1, "node_type": "endpoint", "node_kind": null}, "geometry": {"type": "Point", "coordinates": [326266.1875, 4690316.0]}}, {"type": "Feature", "properties": {"node_id": 2826, "degree": 1, "node_type": "endpoint", "node_kind": null}, "geometry": {"type": "Point", "coordinates": [326259.0, 4690337.0]}}, {"type": "Feature", "properties": {"node_id": 2827, "degree": 1, "node_type": "endpoint", "node_kind": null}, "geometry": {"type": "Point", "coordinates": [326315.40625, 4689437.0]}}, {"type": "Feature", "properties": {"node_id": 2828, "degree": 1, "node_type": "endpoint", "node_kind": null}, "geometry": {"type": "Point", "coordinates": [326298.3125, 4689416.0]}}, {"type": "Feature", "properties": {"node_id": 2829, "degree": 1, "node_type": "endpoint", "node_kind": null}, "geometry": {"type": "Point", "coordinates": [326791.9375, 4689108.5]}}, {"type": "Feature", "properties": {"node_id": 2830, "degree": 1, "node_type": "endpoint", "node_kind": null}, "geometry": {"type": "Point", "coordinates": [326720.09375, 4689075.0]}}, {"type": "Feature", "properties": {"node_id": 2831, "degree": 1, "node_type": "endpoint", "node_kind": null}, "geometry": {"type": "Point", "coordinates": [326278.65625, 4688926.0]}}, {"type": "Feature", "properties": {"node_id": 2832, "degree": 1, "node_type": "endpoint", "node_kind": null}, "geometry": {"type": "Point", "coordinates": [326467.34375, 4688934.5]}}, {"type": "Feature", "properties": {"node_id": 2833, "degree": 1, "node_type": "endpoint", "node_kind": null}, "geometry": {"type": "Point", "coordinates": [326081.09375, 4688860.5]}}, {"type": "Feature", "properties": {"node_id": 2834, "degree": 1, "node_type": "endpoint", "node_kind": null}, "geometry": {"type": "Point", "coordinates": [326140.65625, 4688900.0]}}, {"type": "Feature", "properties": {"node_id": 2835, "degree": 1, "node_type": "endpoint", "node_kind": null}, "geometry": {"type": "Point", "coordinates": [326758.34375, 4689115.5]}}, {"type": "Feature", "properties": {"node_id": 2836, "degree": 1, "node_type": "endpoint", "node_kind": null}, "geometry": {"type": "Point", "coordinates": [326933.25, 4689191.0]}}, {"type": "Feature", "properties": {"node_id": 2837, "degree": 1, "node_type": "endpoint", "node_kind": null}, "geometry": {"type": "Point", "coordinates": [326348.6875, 4687728.5]}}, {"type": "Feature", "properties": {"node_id": 2838, "degree": 1, "node_type": "endpoint", "node_kind": null}, "geometry": {"type": "Point", "coordinates": [326497.65625, 4687744.0]}}, {"type": "Feature", "properties": {"node_id": 2839, "degree": 1, "node_type": "endpoint", "node_kind": null}, "geometry": {"type": "Point", "coordinates": [326318.09375, 4687726.0]}}, {"type": "Feature", "properties": {"node_id": 2840, "degree": 1, "node_type": "endpoint", "node_kind": null}, "geometry": {"type": "Point", "coordinates": [326348.40625, 4687728.0]}}, {"type": "Feature", "properties": {"node_id": 2841, "degree": 1, "node_type": "endpoint", "node_kind": null}, "geometry": {"type": "Point", "coordinates": [326429.25, 4687741.5]}}, {"type": "Feature", "properties": {"node_id": 2842, "degree": 1, "node_type": "endpoint", "node_kind": null}, "geometry": {"type": "Point", "coordinates": [326524.34375, 4687752.5]}}, {"type": "Feature", "properties": {"node_id": 2843, "degree": 1, "node_type": "endpoint", "node_kind": null}, "geometry": {"type": "Point", "coordinates": [326670.3125, 4687770.5]}}, {"type": "Feature", "properties": {"node_id": 2844, "degree": 1, "node_type": "endpoint", "node_kind": null}, "geometry": {"type": "Point", "coordinates": [326641.65625, 4687766.5]}}, {"type": "Feature", "properties": {"node_id": 2845, "degree": 1, "node_type": "endpoint", "node_kind": null}, "geometry": {"type": "Point", "coordinates": [326499.0, 4687752.5]}}, {"type": "Feature", "properties": {"node_id": 2846, "degree": 1, "node_type": "endpoint", "node_kind": null}, "geometry": {"type": "Point", "coordinates": [326523.90625, 4687756.0]}}, {"type": "Feature", "properties": {"node_id": 2847, "degree": 1, "node_type": "endpoint", "node_kind": null}, "geometry": {"type": "Point", "coordinates": [326563.65625, 4687123.0]}}, {"type": "Feature", "properties": {"node_id": 2848, "degree": 1, "node_type": "endpoint", "node_kind": null}, "geometry": {"type": "Point", "coordinates": [326613.0, 4687115.5]}}, {"type": "Feature", "properties": {"node_id": 2849, "degree": 1, "node_type": "endpoint", "node_kind": null}, "geometry": {"type": "Point", "coordinates": [326602.65625, 4687112.5]}}, {"type": "Feature", "properties": {"node_id": 2850, "degree": 1, "node_type": "endpoint", "node_kind": null}, "geometry": {"type": "Point", "coordinates": [326566.65625, 4687117.5]}}, {"type": "Feature", "properties": {"node_id": 2851, "degree": 1, "node_type": "endpoint", "node_kind": null}, "geometry": {"type": "Point", "coordinates": [326726.5625, 4686505.5]}}, {"type": "Feature", "properties": {"node_id": 2852, "degree": 1, "node_type": "endpoint", "node_kind": null}, "geometry": {"type": "Point", "coordinates": [326751.3125, 4686537.5]}}, {"type": "Feature", "properties": {"node_id": 2853, "degree": 1, "node_type": "endpoint", "node_kind": null}, "geometry": {"type": "Point", "coordinates": [326294.09375, 4686434.5]}}, {"type": "Feature", "properties": {"node_id": 2854, "degree": 1, "node_type": "endpoint", "node_kind": null}, "geometry": {"type": "Point", "coordinates": [326338.8125, 4686408.0]}}, {"type": "Feature", "properties": {"node_id": 2855, "degree": 1, "node_type": "endpoint", "node_kind": null}, "geometry": {"type": "Point", "coordinates": [326562.59375, 4686292.0]}}, {"type": "Feature", "properties": {"node_id": 2856, "degree": 1, "node_type": "endpoint", "node_kind": null}, "geometry": {"type": "Point", "coordinates": [326595.4375, 4686334.5]}}, {"type": "Feature", "properties": {"node_id": 2857, "degree": 1, "node_type": "endpoint", "node_kind": null}, "geometry": {"type": "Point", "coordinates": [326673.75, 4696462.0]}}, {"type": "Feature", "properties": {"node_id": 2858, "degree": 1, "node_type": "endpoint", "node_kind": null}, "geometry": {"type": "Point", "coordinates": [326615.40625, 4696645.5]}}, {"type": "Feature", "properties": {"node_id": 2859, "degree": 1, "node_type": "endpoint", "node_kind": null}, "geometry": {"type": "Point", "coordinates": [326421.59375, 4686109.0]}}, {"type": "Feature", "properties": {"node_id": 2860, "degree": 1, "node_type": "endpoint", "node_kind": null}, "geometry": {"type": "Point", "coordinates": [326447.84375, 4686143.0]}}, {"type": "Feature", "properties": {"node_id": 2861, "degree": 1, "node_type": "endpoint", "node_kind": null}, "geometry": {"type": "Point", "coordinates": [326276.25, 4685920.0]}}, {"type": "Feature", "properties": {"node_id": 2862, "degree": 1, "node_type": "endpoint", "node_kind": null}, "geometry": {"type": "Point", "coordinates": [326293.65625, 4685943.0]}}, {"type": "Feature", "properties": {"node_id": 2863, "degree": 1, "node_type": "endpoint", "node_kind": null}, "geometry": {"type": "Point", "coordinates": [326625.59375, 4685213.5]}}, {"type": "Feature", "properties": {"node_id": 2864, "degree": 1, "node_type": "endpoint", "node_kind": null}, "geometry": {"type": "Point", "coordinates": [326587.0625, 4685243.5]}}, {"type": "Feature", "properties": {"node_id": 2865, "degree": 1, "node_type": "endpoint", "node_kind": null}, "geometry": {"type": "Point", "coordinates": [326716.1875, 4685327.0]}}, {"type": "Feature", "properties": {"node_id": 2866, "degree": 1, "node_type": "endpoint", "node_kind": null}, "geometry": {"type": "Point", "coordinates": [326662.8125, 4685328.0]}}, {"type": "Feature", "properties": {"node_id": 2867, "degree": 1, "node_type": "endpoint", "node_kind": null}, "geometry": {"type": "Point", "coordinates": [326449.34375, 4685348.5]}}, {"type": "Feature", "properties": {"node_id": 2868, "degree": 1, "node_type": "endpoint", "node_kind": null}, "geometry": {"type": "Point", "coordinates": [326712.75, 4685312.0]}}, {"type": "Feature", "properties": {"node_id": 2869, "degree": 1, "node_type": "endpoint", "node_kind": null}, "geometry": {"type": "Point", "coordinates": [326755.5, 4685372.5]}}, {"type": "Feature", "properties": {"node_id": 2870, "degree": 1, "node_type": "endpoint", "node_kind": null}, "geometry": {"type": "Point", "coordinates": [326856.75, 4685525.5]}}, {"type": "Feature", "properties": {"node_id": 2871, "degree": 1, "node_type": "endpoint", "node_kind": null}, "geometry": {"type": "Point", "coordinates": [326298.90625, 4685313.0]}}, {"type": "Feature", "properties": {"node_id": 2872, "degree": 1, "node_type": "endpoint", "node_kind": null}, "geometry": {"type": "Point", "coordinates": [326280.0, 4685328.0]}}, {"type": "Feature", "properties": {"node_id": 2873, "degree": 1, "node_type": "endpoint", "node_kind": null}, "geometry": {"type": "Point", "coordinates": [326659.1875, 4685320.0]}}, {"type": "Feature", "properties": {"node_id": 2874, "degree": 1, "node_type": "endpoint", "node_kind": null}, "geometry": {"type": "Point", "coordinates": [326801.40625, 4685467.5]}}, {"type": "Feature", "properties": {"node_id": 2875, "degree": 1, "node_type": "endpoint", "node_kind": null}, "geometry": {"type": "Point", "coordinates": [326549.6875, 4685257.5]}}, {"type": "Feature", "properties": {"node_id": 2876, "degree": 1, "node_type": "endpoint", "node_kind": null}, "geometry": {"type": "Point", "coordinates": [326704.0625, 4685112.0]}}, {"type": "Feature", "properties": {"node_id": 2877, "degree": 1, "node_type": "endpoint", "node_kind": null}, "geometry": {"type": "Point", "coordinates": [326762.40625, 4685005.0]}}, {"type": "Feature", "properties": {"node_id": 2878, "degree": 1, "node_type": "endpoint", "node_kind": null}, "geometry": {"type": "Point", "coordinates": [326947.8125, 4684753.5]}}, {"type": "Feature", "properties": {"node_id": 2879, "degree": 1, "node_type": "endpoint", "node_kind": null}, "geometry": {"type": "Point", "coordinates": [326646.3125, 4685156.0]}}, {"type": "Feature", "properties": {"node_id": 2880, "degree": 1, "node_type": "endpoint", "node_kind": null}, "geometry": {"type": "Point", "coordinates": [326530.1875, 4685244.5]}}, {"type": "Feature", "properties": {"node_id": 2881, "degree": 1, "node_type": "endpoint", "node_kind": null}, "geometry": {"type": "Point", "coordinates": [326766.3125, 4685031.5]}}, {"type": "Feature", "properties": {"node_id": 2882, "degree": 1, "node_type": "endpoint", "node_kind": null}, "geometry": {"type": "Point", "coordinates": [326842.65625, 4684928.0]}}, {"type": "Feature", "properties": {"node_id": 2883, "degree": 1, "node_type": "endpoint", "node_kind": null}, "geometry": {"type": "Point", "coordinates": [326554.9375, 4684028.0]}}, {"type": "Feature", "properties": {"node_id": 2884, "degree": 1, "node_type": "endpoint", "node_kind": null}, "geometry": {"type": "Point", "coordinates": [326516.5625, 4684009.5]}}, {"type": "Feature", "properties": {"node_id": 2885, "degree": 1, "node_type": "endpoint", "node_kind": null}, "geometry": {"type": "Point", "coordinates": [326471.40625, 4683969.0]}}, {"type": "Feature", "properties": {"node_id": 2886, "degree": 1, "node_type": "endpoint", "node_kind": null}, "geometry": {"type": "Point", "coordinates": [326675.84375, 4684064.5]}}, {"type": "Feature", "properties": {"node_id": 2887, "degree": 1, "node_type": "endpoint", "node_kind": null}, "geometry": {"type": "Point", "coordinates": [326506.1875, 4684007.0]}}, {"type": "Feature", "properties": {"node_id": 2888, "degree": 1, "node_type": "endpoint", "node_kind": null}, "geometry": {"type": "Point", "coordinates": [327089.40625, 4684251.0]}}, {"type": "Feature", "properties": {"node_id": 2889, "degree": 1, "node_type": "endpoint", "node_kind": null}, "geometry": {"type": "Point", "coordinates": [326197.5, 4683768.0]}}, {"type": "Feature", "properties": {"node_id": 2890, "degree": 2, "node_type": "endpoint", "node_kind": null}, "geometry": {"type": "Point", "coordinates": [326298.59375, 4683845.5]}}, {"type": "Feature", "properties": {"node_id": 2891, "degree": 2, "node_type": "endpoint", "node_kind": null}, "geometry": {"type": "Point", "coordinates": [326331.90625, 4683871.0]}}, {"type": "Feature", "properties": {"node_id": 2892, "degree": 1, "node_type": "endpoint", "node_kind": null}, "geometry": {"type": "Point", "coordinates": [326451.59375, 4683953.5]}}, {"type": "Feature", "properties": {"node_id": 2893, "degree": 1, "node_type": "endpoint", "node_kind": null}, "geometry": {"type": "Point", "coordinates": [326561.84375, 4683585.5]}}, {"type": "Feature", "properties": {"node_id": 2894, "degree": 1, "node_type": "endpoint", "node_kind": null}, "geometry": {"type": "Point", "coordinates": [326545.9375, 4683603.5]}}, {"type": "Feature", "properties": {"node_id": 2895, "degree": 1, "node_type": "endpoint", "node_kind": null}, "geometry": {"type": "Point", "coordinates": [326551.34375, 4683597.5]}}, {"type": "Feature", "properties": {"node_id": 2896, "degree": 1, "node_type": "endpoint", "node_kind": null}, "geometry": {"type": "Point", "coordinates": [326562.75, 4683584.5]}}, {"type": "Feature", "properties": {"node_id": 2897, "degree": 1, "node_type": "endpoint", "node_kind": null}, "geometry": {"type": "Point", "coordinates": [326488.34375, 4683677.5]}}, {"type": "Feature", "properties": {"node_id": 2898, "degree": 1, "node_type": "endpoint", "node_kind": null}, "geometry": {"type": "Point", "coordinates": [326330.09375, 4683854.5]}}, {"type": "Feature", "properties": {"node_id": 2899, "degree": 1, "node_type": "endpoint", "node_kind": null}, "geometry": {"type": "Point", "coordinates": [326227.8125, 4683961.0]}}, {"type": "Feature", "properties": {"node_id": 2900, "degree": 1, "node_type": "endpoint", "node_kind": null}, "geometry": {"type": "Point", "coordinates": [326257.8125, 4683930.0]}}, {"type": "Feature", "properties": {"node_id": 2901, "degree": 1, "node_type": "endpoint", "node_kind": null}, "geometry": {"type": "Point", "coordinates": [326679.59375, 4683463.5]}}, {"type": "Feature", "properties": {"node_id": 2902, "degree": 1, "node_type": "endpoint", "node_kind": null}, "geometry": {"type": "Point", "coordinates": [326644.0625, 4683504.0]}}, {"type": "Feature", "properties": {"node_id": 2903, "degree": 1, "node_type": "endpoint", "node_kind": null}, "geometry": {"type": "Point", "coordinates": [326489.09375, 4684001.0]}}, {"type": "Feature", "properties": {"node_id": 2904, "degree": 1, "node_type": "endpoint", "node_kind": null}, "geometry": {"type": "Point", "coordinates": [326511.0, 4684012.5]}}, {"type": "Feature", "properties": {"node_id": 2905, "degree": 1, "node_type": "endpoint", "node_kind": null}, "geometry": {"type": "Point", "coordinates": [326262.90625, 4683912.5]}}, {"type": "Feature", "properties": {"node_id": 2906, "degree": 1, "node_type": "endpoint", "node_kind": null}, "geometry": {"type": "Point", "coordinates": [326279.25, 4683895.5]}}, {"type": "Feature", "properties": {"node_id": 2907, "degree": 2, "node_type": "endpoint", "node_kind": null}, "geometry": {"type": "Point", "coordinates": [326858.5625, 4683278.0]}}, {"type": "Feature", "properties": {"node_id": 2908, "degree": 1, "node_type": "endpoint", "node_kind": null}, "geometry": {"type": "Point", "coordinates": [326753.40625, 4683385.0]}}, {"type": "Feature", "properties": {"node_id": 2909, "degree": 1, "node_type": "endpoint", "node_kind": null}, "geometry": {"type": "Point", "coordinates": [327326.09375, 4681943.0]}}, {"type": "Feature", "properties": {"node_id": 2910, "degree": 1, "node_type": "endpoint", "node_kind": null}, "geometry": {"type": "Point", "coordinates": [327331.34375, 4682054.0]}}, {"type": "Feature", "properties": {"node_id": 2911, "degree": 1, "node_type": "endpoint", "node_kind": null}, "geometry": {"type": "Point", "coordinates": [327126.4375, 4681781.0]}}, {"type": "Feature", "properties": {"node_id": 2912, "degree": 1, "node_type": "endpoint", "node_kind": null}, "geometry": {"type": "Point", "coordinates": [327098.84375, 4681810.0]}}, {"type": "Feature", "properties": {"node_id": 2913, "degree": 1, "node_type": "endpoint", "node_kind": null}, "geometry": {"type": "Point", "coordinates": [327351.75, 4681847.0]}}, {"type": "Feature", "properties": {"node_id": 2914, "degree": 1, "node_type": "endpoint", "node_kind": null}, "geometry": {"type": "Point", "coordinates": [327353.40625, 4681854.0]}}, {"type": "Feature", "properties": {"node_id": 2915, "degree": 1, "node_type": "endpoint", "node_kind": null}, "geometry": {"type": "Point", "coordinates": [327358.8125, 4682121.5]}}, {"type": "Feature", "properties": {"node_id": 2916, "degree": 1, "node_type": "endpoint", "node_kind": null}, "geometry": {"type": "Point", "coordinates": [327360.75, 4682161.5]}}, {"type": "Feature", "properties": {"node_id": 2917, "degree": 1, "node_type": "endpoint", "node_kind": null}, "geometry": {"type": "Point", "coordinates": [327323.09375, 4681799.0]}}, {"type": "Feature", "properties": {"node_id": 2918, "degree": 1, "node_type": "endpoint", "node_kind": null}, "geometry": {"type": "Point", "coordinates": [327321.3125, 4681771.0]}}, {"type": "Feature", "properties": {"node_id": 2919, "degree": 1, "node_type": "endpoint", "node_kind": null}, "geometry": {"type": "Point", "coordinates": [327352.34375, 4681988.0]}}, {"type": "Feature", "properties": {"node_id": 2920, "degree": 1, "node_type": "endpoint", "node_kind": null}, "geometry": {"type": "Point", "coordinates": [327355.0625, 4682045.0]}}, {"type": "Feature", "properties": {"node_id": 2921, "degree": 1, "node_type": "endpoint", "node_kind": null}, "geometry": {"type": "Point", "coordinates": [327362.40625, 4682161.5]}}, {"type": "Feature", "properties": {"node_id": 2922, "degree": 1, "node_type": "endpoint", "node_kind": null}, "geometry": {"type": "Point", "coordinates": [327352.0625, 4681945.5]}}, {"type": "Feature", "properties": {"node_id": 2923, "degree": 1, "node_type": "endpoint", "node_kind": null}, "geometry": {"type": "Point", "coordinates": [327327.75, 4681568.0]}}, {"type": "Feature", "properties": {"node_id": 2924, "degree": 1, "node_type": "endpoint", "node_kind": null}, "geometry": {"type": "Point", "coordinates": [327317.25, 4681342.5]}}, {"type": "Feature", "properties": {"node_id": 2925, "degree": 1, "node_type": "endpoint", "node_kind": null}, "geometry": {"type": "Point", "coordinates": [327303.4375, 4681565.0]}}, {"type": "Feature", "properties": {"node_id": 2926, "degree": 1, "node_type": "endpoint", "node_kind": null}, "geometry": {"type": "Point", "coordinates": [327272.40625, 4681424.0]}}, {"type": "Feature", "properties": {"node_id": 2927, "degree": 1, "node_type": "endpoint", "node_kind": null}, "geometry": {"type": "Point", "coordinates": [327316.5, 4681701.5]}}, {"type": "Feature", "properties": {"node_id": 2928, "degree": 1, "node_type": "endpoint", "node_kind": null}, "geometry": {"type": "Point", "coordinates": [327313.8125, 4681658.5]}}, {"type": "Feature", "properties": {"node_id": 2929, "degree": 1, "node_type": "endpoint", "node_kind": null}, "geometry": {"type": "Point", "coordinates": [326910.4375, 4681377.5]}}, {"type": "Feature", "properties": {"node_id": 2930, "degree": 1, "node_type": "endpoint", "node_kind": null}, "geometry": {"type": "Point", "coordinates": [326970.59375, 4681424.0]}}, {"type": "Feature", "properties": {"node_id": 2931, "degree": 1, "node_type": "endpoint", "node_kind": null}, "geometry": {"type": "Point", "coordinates": [327295.1875, 4681490.0]}}, {"type": "Feature", "properties": {"node_id": 2932, "degree": 1, "node_type": "endpoint", "node_kind": null}, "geometry": {"type": "Point", "coordinates": [327298.1875, 4681514.0]}}, {"type": "Feature", "properties": {"node_id": 2933, "degree": 1, "node_type": "endpoint", "node_kind": null}, "geometry": {"type": "Point", "coordinates": [327336.59375, 4681705.5]}}, {"type": "Feature", "properties": {"node_id": 2934, "degree": 1, "node_type": "endpoint", "node_kind": null}, "geometry": {"type": "Point", "coordinates": [327333.75, 4681663.0]}}, {"type": "Feature", "properties": {"node_id": 2935, "degree": 1, "node_type": "endpoint", "node_kind": null}, "geometry": {"type": "Point", "coordinates": [327257.5625, 4681361.0]}}, {"type": "Feature", "properties": {"node_id": 2936, "degree": 1, "node_type": "endpoint", "node_kind": null}, "geometry": {"type": "Point", "coordinates": [327252.59375, 4681334.5]}}, {"type": "Feature", "properties": {"node_id": 2937, "degree": 1, "node_type": "endpoint", "node_kind": null}, "geometry": {"type": "Point", "coordinates": [327170.84375, 4681248.0]}}, {"type": "Feature", "properties": {"node_id": 2938, "degree": 1, "node_type": "endpoint", "node_kind": null}, "geometry": {"type": "Point", "coordinates": [326952.3125, 4680991.0]}}, {"type": "Feature", "properties": {"node_id": 2939, "degree": 1, "node_type": "endpoint", "node_kind": null}, "geometry": {"type": "Point", "coordinates": [326849.6875, 4680914.5]}}, {"type": "Feature", "properties": {"node_id": 2940, "degree": 1, "node_type": "endpoint", "node_kind": null}, "geometry": {"type": "Point", "coordinates": [326922.3125, 4680964.0]}}, {"type": "Feature", "properties": {"node_id": 2941, "degree": 1, "node_type": "endpoint", "node_kind": null}, "geometry": {"type": "Point", "coordinates": [327305.6875, 4680855.5]}}, {"type": "Feature", "properties": {"node_id": 2942, "degree": 1, "node_type": "endpoint", "node_kind": null}, "geometry": {"type": "Point", "coordinates": [327307.34375, 4680919.5]}}, {"type": "Feature", "properties": {"node_id": 2943, "degree": 1, "node_type": "endpoint", "node_kind": null}, "geometry": {"type": "Point", "coordinates": [327330.0, 4680853.5]}}, {"type": "Feature", "properties": {"node_id": 2944, "degree": 1, "node_type": "endpoint", "node_kind": null}, "geometry": {"type": "Point", "coordinates": [327319.5, 4680440.0]}}, {"type": "Feature", "properties": {"node_id": 2945, "degree": 1, "node_type": "endpoint", "node_kind": null}, "geometry": {"type": "Point", "coordinates": [327333.90625, 4680934.0]}}, {"type": "Feature", "properties": {"node_id": 2946, "degree": 1, "node_type": "endpoint", "node_kind": null}, "geometry": {"type": "Point", "coordinates": [327336.0, 4681012.0]}}, {"type": "Feature", "properties": {"node_id": 2947, "degree": 1, "node_type": "endpoint", "node_kind": null}, "geometry": {"type": "Point", "coordinates": [326898.4375, 4680944.0]}}, {"type": "Feature", "properties": {"node_id": 2948, "degree": 1, "node_type": "endpoint", "node_kind": null}, "geometry": {"type": "Point", "coordinates": [326640.0, 4680773.5]}}, {"type": "Feature", "properties": {"node_id": 2949, "degree": 1, "node_type": "endpoint", "node_kind": null}, "geometry": {"type": "Point", "coordinates": [327326.6875, 4680727.0]}}, {"type": "Feature", "properties": {"node_id": 2950, "degree": 1, "node_type": "endpoint", "node_kind": null}, "geometry": {"type": "Point", "coordinates": [327321.59375, 4680440.0]}}, {"type": "Feature", "properties": {"node_id": 2951, "degree": 1, "node_type": "endpoint", "node_kind": null}, "geometry": {"type": "Point", "coordinates": [327331.0625, 4680820.5]}}, {"type": "Feature", "properties": {"node_id": 2952, "degree": 1, "node_type": "endpoint", "node_kind": null}, "geometry": {"type": "Point", "coordinates": [327331.9375, 4680853.0]}}, {"type": "Feature", "properties": {"node_id": 2953, "degree": 1, "node_type": "endpoint", "node_kind": null}, "geometry": {"type": "Point", "coordinates": [327311.40625, 4680994.0]}}, {"type": "Feature", "properties": {"node_id": 2954, "degree": 1, "node_type": "endpoint", "node_kind": null}, "geometry": {"type": "Point", "coordinates": [327294.75, 4680353.5]}}, {"type": "Feature", "properties": {"node_id": 2955, "degree": 1, "node_type": "endpoint", "node_kind": null}, "geometry": {"type": "Point", "coordinates": [326993.6875, 4695963.5]}}, {"type": "Feature", "properties": {"node_id": 2956, "degree": 1, "node_type": "endpoint", "node_kind": null}, "geometry": {"type": "Point", "coordinates": [326858.84375, 4696027.0]}}, {"type": "Feature", "properties": {"node_id": 2957, "degree": 1, "node_type": "endpoint", "node_kind": null}, "geometry": {"type": "Point", "coordinates": [326834.6875, 4696018.0]}}, {"type": "Feature", "properties": {"node_id": 2958, "degree": 1, "node_type": "endpoint", "node_kind": null}, "geometry": {"type": "Point", "coordinates": [327319.9375, 4695756.5]}}, {"type": "Feature", "properties": {"node_id": 2959, "degree": 1, "node_type": "endpoint", "node_kind": null}, "geometry": {"type": "Point", "coordinates": [327262.8125, 4695811.5]}}, {"type": "Feature", "properties": {"node_id": 2960, "degree": 1, "node_type": "endpoint", "node_kind": null}, "geometry": {"type": "Point", "coordinates": [327606.59375, 4695572.0]}}, {"type": "Feature", "properties": {"node_id": 2961, "degree": 1, "node_type": "endpoint", "node_kind": null}, "geometry": {"type": "Point", "coordinates": [327271.34375, 4695804.0]}}, {"type": "Feature", "properties": {"node_id": 2962, "degree": 1, "node_type": "endpoint", "node_kind": null}, "geometry": {"type": "Point", "coordinates": [327147.75, 4695876.0]}}, {"type": "Feature", "properties": {"node_id": 2963, "degree": 1, "node_type": "endpoint", "node_kind": null}, "geometry": {"type": "Point", "coordinates": [327316.65625, 4680247.0]}}, {"type": "Feature", "properties": {"node_id": 2964, "degree": 1, "node_type": "endpoint", "node_kind": null}, "geometry": {"type": "Point", "coordinates": [327308.09375, 4679915.0]}}, {"type": "Feature", "properties": {"node_id": 2965, "degree": 1, "node_type": "endpoint", "node_kind": null}, "geometry": {"type": "Point", "coordinates": [327317.25, 4680350.0]}}, {"type": "Feature", "properties": {"node_id": 2966, "degree": 2, "node_type": "endpoint", "node_kind": null}, "geometry": {"type": "Point", "coordinates": [327303.59375, 4679815.0]}}, {"type": "Feature", "properties": {"node_id": 2967, "degree": 1, "node_type": "endpoint", "node_kind": null}, "geometry": {"type": "Point", "coordinates": [327294.15625, 4680407.5]}}, {"type": "Feature", "properties": {"node_id": 2968, "degree": 2, "node_type": "endpoint", "node_kind": null}, "geometry": {"type": "Point", "coordinates": [327292.8125, 4680353.5]}}, {"type": "Feature", "properties": {"node_id": 2969, "degree": 2, "node_type": "endpoint", "node_kind": null}, "geometry": {"type": "Point", "coordinates": [327292.5, 4680331.0]}}, {"type": "Feature", "properties": {"node_id": 2970, "degree": 1, "node_type": "endpoint", "node_kind": null}, "geometry": {"type": "Point", "coordinates": [327283.8125, 4679990.5]}}, {"type": "Feature", "properties": {"node_id": 2971, "degree": 1, "node_type": "endpoint", "node_kind": null}, "geometry": {"type": "Point", "coordinates": [327304.34375, 4679758.0]}}, {"type": "Feature", "properties": {"node_id": 2972, "degree": 1, "node_type": "endpoint", "node_kind": null}, "geometry": {"type": "Point", "coordinates": [327301.34375, 4679639.0]}}, {"type": "Feature", "properties": {"node_id": 2973, "degree": 1, "node_type": "endpoint", "node_kind": null}, "geometry": {"type": "Point", "coordinates": [327270.0, 4679446.5]}}, {"type": "Feature", "properties": {"node_id": 2974, "degree": 1, "node_type": "endpoint", "node_kind": null}, "geometry": {"type": "Point", "coordinates": [327275.40625, 4679653.5]}}, {"type": "Feature", "properties": {"node_id": 2975, "degree": 1, "node_type": "endpoint", "node_kind": null}, "geometry": {"type": "Point", "coordinates": [327299.09375, 4679639.5]}}, {"type": "Feature", "properties": {"node_id": 2976, "degree": 2, "node_type": "endpoint", "node_kind": null}, "geometry": {"type": "Point", "coordinates": [327302.84375, 4679778.0]}}, {"type": "Feature", "properties": {"node_id": 2977, "degree": 1, "node_type": "endpoint", "node_kind": null}, "geometry": {"type": "Point", "coordinates": [327288.0, 4679180.0]}}, {"type": "Feature", "properties": {"node_id": 2978, "degree": 1, "node_type": "endpoint", "node_kind": null}, "geometry": {"type": "Point", "coordinates": [327296.84375, 4679553.0]}}, {"type": "Feature", "properties": {"node_id": 2979, "degree": 1, "node_type": "endpoint", "node_kind": null}, "geometry": {"type": "Point", "coordinates": [327287.6875, 4680141.5]}}, {"type": "Feature", "properties": {"node_id": 2980, "degree": 1, "node_type": "endpoint", "node_kind": null}, "geometry": {"type": "Point", "coordinates": [327277.65625, 4679744.5]}}, {"type": "Feature", "properties": {"node_id": 2981, "degree": 1, "node_type": "endpoint", "node_kind": null}, "geometry": {"type": "Point", "coordinates": [327299.09375, 4679552.0]}}, {"type": "Feature", "properties": {"node_id": 2982, "degree": 1, "node_type": "endpoint", "node_kind": null}, "geometry": {"type": "Point", "coordinates": [327289.9375, 4679180.0]}}, {"type": "Feature", "properties": {"node_id": 2983, "degree": 1, "node_type": "endpoint", "node_kind": null}, "geometry": {"type": "Point", "coordinates": [327289.65625, 4680141.5]}}, {"type": "Feature", "properties": {"node_id": 2984, "degree": 1, "node_type": "endpoint", "node_kind": null}, "geometry": {"type": "Point", "coordinates": [327271.1875, 4679414.5]}}, {"type": "Feature", "properties": {"node_id": 2985, "degree": 1, "node_type": "endpoint", "node_kind": null}, "geometry": {"type": "Point", "coordinates": [327351.4375, 4679188.5]}}, {"type": "Feature", "properties": {"node_id": 2986, "degree": 1, "node_type": "endpoint", "node_kind": null}, "geometry": {"type": "Point", "coordinates": [327295.9375, 4679144.5]}}, {"type": "Feature", "properties": {"node_id": 2987, "degree": 2, "node_type": "endpoint", "node_kind": null}, "geometry": {"type": "Point", "coordinates": [326935.5, 4678886.0]}}, {"type": "Feature", "properties": {"node_id": 2988, "degree": 1, "node_type": "endpoint", "node_kind": null}, "geometry": {"type": "Point", "coordinates": [326669.6875, 4678689.5]}}, {"type": "Feature", "properties": {"node_id": 2989, "degree": 1, "node_type": "endpoint", "node_kind": null}, "geometry": {"type": "Point", "coordinates": [327266.5625, 4679223.5]}}, {"type": "Feature", "properties": {"node_id": 2990, "degree": 1, "node_type": "endpoint", "node_kind": null}, "geometry": {"type": "Point", "coordinates": [327274.9375, 4679565.5]}}, {"type": "Feature", "properties": {"node_id": 2991, "degree": 1, "node_type": "endpoint", "node_kind": null}, "geometry": {"type": "Point", "coordinates": [327132.59375, 4679031.0]}}, {"type": "Feature", "properties": {"node_id": 2992, "degree": 2, "node_type": "endpoint", "node_kind": null}, "geometry": {"type": "Point", "coordinates": [326950.0625, 4678898.0]}}, {"type": "Feature", "properties": {"node_id": 2993, "degree": 1, "node_type": "endpoint", "node_kind": null}, "geometry": {"type": "Point", "coordinates": [326934.59375, 4678880.5]}}, {"type": "Feature", "properties": {"node_id": 2994, "degree": 1, "node_type": "endpoint", "node_kind": null}, "geometry": {"type": "Point", "coordinates": [326876.25, 4678837.0]}}, {"type": "Feature", "properties": {"node_id": 2995, "degree": 1, "node_type": "endpoint", "node_kind": null}, "geometry": {"type": "Point", "coordinates": [327315.15625, 4679086.5]}}, {"type": "Feature", "properties": {"node_id": 2996, "degree": 1, "node_type": "endpoint", "node_kind": null}, "geometry": {"type": "Point", "coordinates": [327307.0625, 4678855.0]}}, {"type": "Feature", "properties": {"node_id": 2997, "degree": 1, "node_type": "endpoint", "node_kind": null}, "geometry": {"type": "Point", "coordinates": [327198.15625, 4679080.0]}}, {"type": "Feature", "properties": {"node_id": 2998, "degree": 1, "node_type": "endpoint", "node_kind": null}, "geometry": {"type": "Point", "coordinates": [327263.40625, 4679128.5]}}, {"type": "Feature", "properties": {"node_id": 2999, "degree": 1, "node_type": "endpoint", "node_kind": null}, "geometry": {"type": "Point", "coordinates": [327273.90625, 4678507.5]}}, {"type": "Feature", "properties": {"node_id": 3000, "degree": 1, "node_type": "endpoint", "node_kind": null}, "geometry": {"type": "Point", "coordinates": [327276.59375, 4678528.5]}}, {"type": "Feature", "properties": {"node_id": 3001, "degree": 1, "node_type": "endpoint", "node_kind": null}, "geometry": {"type": "Point", "coordinates": [327366.0, 4677714.5]}}, {"type": "Feature", "properties": {"node_id": 3002, "degree": 1, "node_type": "endpoint", "node_kind": null}, "geometry": {"type": "Point", "coordinates": [327146.40625, 4677110.5]}}, {"type": "Feature", "properties": {"node_id": 3003, "degree": 1, "node_type": "endpoint", "node_kind": null}, "geometry": {"type": "Point", "coordinates": [327224.6875, 4695319.5]}}, {"type": "Feature", "properties": {"node_id": 3004, "degree": 1, "node_type": "endpoint", "node_kind": null}, "geometry": {"type": "Point", "coordinates": [327207.15625, 4695344.5]}}, {"type": "Feature", "properties": {"node_id": 3005, "degree": 1, "node_type": "endpoint", "node_kind": null}, "geometry": {"type": "Point", "coordinates": [327350.6875, 4695154.5]}}, {"type": "Feature", "properties": {"node_id": 3006, "degree": 1, "node_type": "endpoint", "node_kind": null}, "geometry": {"type": "Point", "coordinates": [327365.25, 4695134.5]}}, {"type": "Feature", "properties": {"node_id": 3007, "degree": 1, "node_type": "endpoint", "node_kind": null}, "geometry": {"type": "Point", "coordinates": [327192.0, 4695374.5]}}, {"type": "Feature", "properties": {"node_id": 3008, "degree": 1, "node_type": "endpoint", "node_kind": null}, "geometry": {"type": "Point", "coordinates": [327178.1875, 4695393.5]}}, {"type": "Feature", "properties": {"node_id": 3009, "degree": 1, "node_type": "endpoint", "node_kind": null}, "geometry": {"type": "Point", "coordinates": [327088.9375, 4694272.5]}}, {"type": "Feature", "properties": {"node_id": 3010, "degree": 1, "node_type": "endpoint", "node_kind": null}, "geometry": {"type": "Point", "coordinates": [327108.3125, 4694264.0]}}, {"type": "Feature", "properties": {"node_id": 3011, "degree": 1, "node_type": "endpoint", "node_kind": null}, "geometry": {"type": "Point", "coordinates": [326906.5625, 4694347.0]}}, {"type": "Feature", "properties": {"node_id": 3012, "degree": 1, "node_type": "endpoint", "node_kind": null}, "geometry": {"type": "Point", "coordinates": [326855.84375, 4694370.0]}}, {"type": "Feature", "properties": {"node_id": 3013, "degree": 1, "node_type": "endpoint", "node_kind": null}, "geometry": {"type": "Point", "coordinates": [327071.09375, 4693372.0]}}, {"type": "Feature", "properties": {"node_id": 3014, "degree": 1, "node_type": "endpoint", "node_kind": null}, "geometry": {"type": "Point", "coordinates": [327343.0625, 4693056.0]}}, {"type": "Feature", "properties": {"node_id": 3015, "degree": 1, "node_type": "endpoint", "node_kind": null}, "geometry": {"type": "Point", "coordinates": [326793.15625, 4693681.5]}}, {"type": "Feature", "properties": {"node_id": 3016, "degree": 1, "node_type": "endpoint", "node_kind": null}, "geometry": {"type": "Point", "coordinates": [326956.34375, 4693489.5]}}, {"type": "Feature", "properties": {"node_id": 3017, "degree": 1, "node_type": "endpoint", "node_kind": null}, "geometry": {"type": "Point", "coordinates": [326863.9375, 4693449.5]}}, {"type": "Feature", "properties": {"node_id": 3018, "degree": 1, "node_type": "endpoint", "node_kind": null}, "geometry": {"type": "Point", "coordinates": [326948.6875, 4693432.5]}}, {"type": "Feature", "properties": {"node_id": 3019, "degree": 1, "node_type": "endpoint", "node_kind": null}, "geometry": {"type": "Point", "coordinates": [326793.75, 4693678.0]}}, {"type": "Feature", "properties": {"node_id": 3020, "degree": 1, "node_type": "endpoint", "node_kind": null}, "geometry": {"type": "Point", "coordinates": [326955.15625, 4693489.5]}}, {"type": "Feature", "properties": {"node_id": 3021, "degree": 1, "node_type": "endpoint", "node_kind": null}, "geometry": {"type": "Point", "coordinates": [327069.90625, 4693370.0]}}, {"type": "Feature", "properties": {"node_id": 3022, "degree": 1, "node_type": "endpoint", "node_kind": null}, "geometry": {"type": "Point", "coordinates": [327094.8125, 4693343.0]}}, {"type": "Feature", "properties": {"node_id": 3023, "degree": 1, "node_type": "endpoint", "node_kind": null}, "geometry": {"type": "Point", "coordinates": [327095.25, 4692193.0]}}, {"type": "Feature", "properties": {"node_id": 3024, "degree": 1, "node_type": "endpoint", "node_kind": null}, "geometry": {"type": "Point", "coordinates": [326874.15625, 4691934.5]}}, {"type": "Feature", "properties": {"node_id": 3025, "degree": 1, "node_type": "endpoint", "node_kind": null}, "geometry": {"type": "Point", "coordinates": [327100.8125, 4692224.0]}}, {"type": "Feature", "properties": {"node_id": 3026, "degree": 1, "node_type": "endpoint", "node_kind": null}, "geometry": {"type": "Point", "coordinates": [327079.65625, 4692242.0]}}, {"type": "Feature", "properties": {"node_id": 3027, "degree": 1, "node_type": "endpoint", "node_kind": null}, "geometry": {"type": "Point", "coordinates": [326685.90625, 4692571.5]}}, {"type": "Feature", "properties": {"node_id": 3028, "degree": 2, "node_type": "endpoint", "node_kind": null}, "geometry": {"type": "Point", "coordinates": [326808.15625, 4692467.5]}}, {"type": "Feature", "properties": {"node_id": 3029, "degree": 1, "node_type": "endpoint", "node_kind": null}, "geometry": {"type": "Point", "coordinates": [327009.75, 4692104.5]}}, {"type": "Feature", "properties": {"node_id": 3030, "degree": 1, "node_type": "endpoint", "node_kind": null}, "geometry": {"type": "Point", "coordinates": [327086.40625, 4692195.5]}}, {"type": "Feature", "properties": {"node_id": 3031, "degree": 1, "node_type": "endpoint", "node_kind": null}, "geometry": {"type": "Point", "coordinates": [327329.84375, 4692122.5]}}, {"type": "Feature", "properties": {"node_id": 3032, "degree": 1, "node_type": "endpoint", "node_kind": null}, "geometry": {"type": "Point", "coordinates": [327321.15625, 4692055.5]}}, {"type": "Feature", "properties": {"node_id": 3033, "degree": 1, "node_type": "endpoint", "node_kind": null}, "geometry": {"type": "Point", "coordinates": [327026.40625, 4692108.0]}}, {"type": "Feature", "properties": {"node_id": 3034, "degree": 1, "node_type": "endpoint", "node_kind": null}, "geometry": {"type": "Point", "coordinates": [327096.3125, 4692191.5]}}, {"type": "Feature", "properties": {"node_id": 3035, "degree": 1, "node_type": "endpoint", "node_kind": null}, "geometry": {"type": "Point", "coordinates": [327322.9375, 4692049.5]}}, {"type": "Feature", "properties": {"node_id": 3036, "degree": 1, "node_type": "endpoint", "node_kind": null}, "geometry": {"type": "Point", "coordinates": [327332.25, 4692122.5]}}, {"type": "Feature", "properties": {"node_id": 3037, "degree": 1, "node_type": "endpoint", "node_kind": null}, "geometry": {"type": "Point", "coordinates": [327367.0625, 4692234.5]}}, {"type": "Feature", "properties": {"node_id": 3038, "degree": 1, "node_type": "endpoint", "node_kind": null}, "geometry": {"type": "Point", "coordinates": [327322.8125, 4692240.0]}}, {"type": "Feature", "properties": {"node_id": 3039, "degree": 1, "node_type": "endpoint", "node_kind": null}, "geometry": {"type": "Point", "coordinates": [327167.40625, 4692146.5]}}, {"type": "Feature", "properties": {"node_id": 3040, "degree": 1, "node_type": "endpoint", "node_kind": null}, "geometry": {"type": "Point", "coordinates": [327203.6875, 4692116.5]}}, {"type": "Feature", "properties": {"node_id": 3041, "degree": 1, "node_type": "endpoint", "node_kind": null}, "geometry": {"type": "Point", "coordinates": [326830.8125, 4692150.0]}}, {"type": "Feature", "properties": {"node_id": 3042, "degree": 1, "node_type": "endpoint", "node_kind": null}, "geometry": {"type": "Point", "coordinates": [326785.65625, 4692086.5]}}, {"type": "Feature", "properties": {"node_id": 3043, "degree": 1, "node_type": "endpoint", "node_kind": null}, "geometry": {"type": "Point", "coordinates": [327173.40625, 4692258.5]}}, {"type": "Feature", "properties": {"node_id": 3044, "degree": 1, "node_type": "endpoint", "node_kind": null}, "geometry": {"type": "Point", "coordinates": [327139.65625, 4692262.5]}}, {"type": "Feature", "properties": {"node_id": 3045, "degree": 1, "node_type": "endpoint", "node_kind": null}, "geometry": {"type": "Point", "coordinates": [326856.3125, 4692426.5]}}, {"type": "Feature", "properties": {"node_id": 3046, "degree": 2, "node_type": "endpoint", "node_kind": null}, "geometry": {"type": "Point", "coordinates": [326817.59375, 4692459.0]}}, {"type": "Feature", "properties": {"node_id": 3047, "degree": 1, "node_type": "endpoint", "node_kind": null}, "geometry": {"type": "Point", "coordinates": [327088.9375, 4691633.5]}}, {"type": "Feature", "properties": {"node_id": 3048, "degree": 1, "node_type": "endpoint", "node_kind": null}, "geometry": {"type": "Point", "coordinates": [327135.4375, 4691664.0]}}, {"type": "Feature", "properties": {"node_id": 3049, "degree": 1, "node_type": "endpoint", "node_kind": null}, "geometry": {"type": "Point", "coordinates": [327344.6875, 4692020.5]}}, {"type": "Feature", "properties": {"node_id": 3050, "degree": 1, "node_type": "endpoint", "node_kind": null}, "geometry": {"type": "Point", "coordinates": [327363.90625, 4692004.0]}}, {"type": "Feature", "properties": {"node_id": 3051, "degree": 1, "node_type": "endpoint", "node_kind": null}, "geometry": {"type": "Point", "coordinates": [326878.9375, 4691936.5]}}, {"type": "Feature", "properties": {"node_id": 3052, "degree": 1, "node_type": "endpoint", "node_kind": null}, "geometry": {"type": "Point", "coordinates": [326955.15625, 4692024.0]}}, {"type": "Feature", "properties": {"node_id": 3053, "degree": 1, "node_type": "endpoint", "node_kind": null}, "geometry": {"type": "Point", "coordinates": [326952.15625, 4692036.0]}}, {"type": "Feature", "properties": {"node_id": 3054, "degree": 1, "node_type": "endpoint", "node_kind": null}, "geometry": {"type": "Point", "coordinates": [326916.15625, 4691993.0]}}, {"type": "Feature", "properties": {"node_id": 3055, "degree": 1, "node_type": "endpoint", "node_kind": null}, "geometry": {"type": "Point", "coordinates": [326917.8125, 4691684.0]}}, {"type": "Feature", "properties": {"node_id": 3056, "degree": 1, "node_type": "endpoint", "node_kind": null}, "geometry": {"type": "Point", "coordinates": [326994.0, 4691732.0]}}, {"type": "Feature", "properties": {"node_id": 3057, "degree": 1, "node_type": "endpoint", "node_kind": null}, "geometry": {"type": "Point", "coordinates": [326780.25, 4690717.0]}}, {"type": "Feature", "properties": {"node_id": 3058, "degree": 1, "node_type": "endpoint", "node_kind": null}, "geometry": {"type": "Point", "coordinates": [326825.5625, 4690708.5]}}, {"type": "Feature", "properties": {"node_id": 3059, "degree": 1, "node_type": "endpoint", "node_kind": null}, "geometry": {"type": "Point", "coordinates": [327255.4375, 4690601.0]}}, {"type": "Feature", "properties": {"node_id": 3060, "degree": 1, "node_type": "endpoint", "node_kind": null}, "geometry": {"type": "Point", "coordinates": [327243.15625, 4690583.0]}}, {"type": "Feature", "properties": {"node_id": 3061, "degree": 1, "node_type": "endpoint", "node_kind": null}, "geometry": {"type": "Point", "coordinates": [327098.84375, 4690571.0]}}, {"type": "Feature", "properties": {"node_id": 3062, "degree": 1, "node_type": "endpoint", "node_kind": null}, "geometry": {"type": "Point", "coordinates": [327227.6875, 4690615.5]}}, {"type": "Feature", "properties": {"node_id": 3063, "degree": 1, "node_type": "endpoint", "node_kind": null}, "geometry": {"type": "Point", "coordinates": [327229.65625, 4690614.5]}}, {"type": "Feature", "properties": {"node_id": 3064, "degree": 1, "node_type": "endpoint", "node_kind": null}, "geometry": {"type": "Point", "coordinates": [327101.84375, 4690569.5]}}, {"type": "Feature", "properties": {"node_id": 3065, "degree": 1, "node_type": "endpoint", "node_kind": null}, "geometry": {"type": "Point", "coordinates": [326829.3125, 4690474.0]}}, {"type": "Feature", "properties": {"node_id": 3066, "degree": 1, "node_type": "endpoint", "node_kind": null}, "geometry": {"type": "Point", "coordinates": [327031.0625, 4690542.0]}}, {"type": "Feature", "properties": {"node_id": 3067, "degree": 1, "node_type": "endpoint", "node_kind": null}, "geometry": {"type": "Point", "coordinates": [326776.34375, 4690751.5]}}, {"type": "Feature", "properties": {"node_id": 3068, "degree": 1, "node_type": "endpoint", "node_kind": null}, "geometry": {"type": "Point", "coordinates": [327242.09375, 4690661.0]}}, {"type": "Feature", "properties": {"node_id": 3069, "degree": 1, "node_type": "endpoint", "node_kind": null}, "geometry": {"type": "Point", "coordinates": [327104.25, 4690588.5]}}, {"type": "Feature", "properties": {"node_id": 3070, "degree": 1, "node_type": "endpoint", "node_kind": null}, "geometry": {"type": "Point", "coordinates": [326765.40625, 4690475.0]}}, {"type": "Feature", "properties": {"node_id": 3071, "degree": 1, "node_type": "endpoint", "node_kind": null}, "geometry": {"type": "Point", "coordinates": [326769.3125, 4690844.5]}}, {"type": "Feature", "properties": {"node_id": 3072, "degree": 1, "node_type": "endpoint", "node_kind": null}, "geometry": {"type": "Point", "coordinates": [326805.15625, 4690839.0]}}, {"type": "Feature", "properties": {"node_id": 3073, "degree": 1, "node_type": "endpoint", "node_kind": null}, "geometry": {"type": "Point", "coordinates": [327242.25, 4690663.0]}}, {"type": "Feature", "properties": {"node_id": 3074, "degree": 1, "node_type": "endpoint", "node_kind": null}, "geometry": {"type": "Point", "coordinates": [327160.1875, 4690679.0]}}, {"type": "Feature", "properties": {"node_id": 3075, "degree": 1, "node_type": "endpoint", "node_kind": null}, "geometry": {"type": "Point", "coordinates": [326860.9375, 4690487.5]}}, {"type": "Feature", "properties": {"node_id": 3076, "degree": 1, "node_type": "endpoint", "node_kind": null}, "geometry": {"type": "Point", "coordinates": [326828.40625, 4690476.5]}}, {"type": "Feature", "properties": {"node_id": 3077, "degree": 1, "node_type": "endpoint", "node_kind": null}, "geometry": {"type": "Point", "coordinates": [326817.59375, 4690070.0]}}, {"type": "Feature", "properties": {"node_id": 3078, "degree": 1, "node_type": "endpoint", "node_kind": null}, "geometry": {"type": "Point", "coordinates": [326848.0625, 4690105.5]}}, {"type": "Feature", "properties": {"node_id": 3079, "degree": 1, "node_type": "endpoint", "node_kind": null}, "geometry": {"type": "Point", "coordinates": [327136.9375, 4690132.5]}}, {"type": "Feature", "properties": {"node_id": 3080, "degree": 1, "node_type": "endpoint", "node_kind": null}, "geometry": {"type": "Point", "coordinates": [327170.84375, 4690144.0]}}, {"type": "Feature", "properties": {"node_id": 3081, "degree": 1, "node_type": "endpoint", "node_kind": null}, "geometry": {"type": "Point", "coordinates": [326976.15625, 4690189.5]}}, {"type": "Feature", "properties": {"node_id": 3082, "degree": 1, "node_type": "endpoint", "node_kind": null}, "geometry": {"type": "Point", "coordinates": [326953.65625, 4690199.5]}}, {"type": "Feature", "properties": {"node_id": 3083, "degree": 1, "node_type": "endpoint", "node_kind": null}, "geometry": {"type": "Point", "coordinates": [326999.84375, 4690106.5]}}, {"type": "Feature", "properties": {"node_id": 3084, "degree": 1, "node_type": "endpoint", "node_kind": null}, "geometry": {"type": "Point", "coordinates": [326837.5625, 4690050.0]}}, {"type": "Feature", "properties": {"node_id": 3085, "degree": 1, "node_type": "endpoint", "node_kind": null}, "geometry": {"type": "Point", "coordinates": [327002.5625, 4690089.0]}}, {"type": "Feature", "properties": {"node_id": 3086, "degree": 1, "node_type": "endpoint", "node_kind": null}, "geometry": {"type": "Point", "coordinates": [326881.65625, 4690048.0]}}, {"type": "Feature", "properties": {"node_id": 3087, "degree": 1, "node_type": "endpoint", "node_kind": null}, "geometry": {"type": "Point", "coordinates": [326986.1875, 4689225.0]}}, {"type": "Feature", "properties": {"node_id": 3088, "degree": 1, "node_type": "endpoint", "node_kind": null}, "geometry": {"type": "Point", "coordinates": [327135.0, 4689295.0]}}, {"type": "Feature", "properties": {"node_id": 3089, "degree": 1, "node_type": "endpoint", "node_kind": null}, "geometry": {"type": "Point", "coordinates": [327078.15625, 4689242.5]}}, {"type": "Feature", "properties": {"node_id": 3090, "degree": 1, "node_type": "endpoint", "node_kind": null}, "geometry": {"type": "Point", "coordinates": [327143.25, 4689273.5]}}, {"type": "Feature", "properties": {"node_id": 3091, "degree": 1, "node_type": "endpoint", "node_kind": null}, "geometry": {"type": "Point", "coordinates": [327279.15625, 4689546.5]}}, {"type": "Feature", "properties": {"node_id": 3092, "degree": 1, "node_type": "endpoint", "node_kind": null}, "geometry": {"type": "Point", "coordinates": [327335.5625, 4689511.0]}}, {"type": "Feature", "properties": {"node_id": 3093, "degree": 1, "node_type": "endpoint", "node_kind": null}, "geometry": {"type": "Point", "coordinates": [327182.5625, 4688757.0]}}, {"type": "Feature", "properties": {"node_id": 3094, "degree": 1, "node_type": "endpoint", "node_kind": null}, "geometry": {"type": "Point", "coordinates": [327213.90625, 4688750.0]}}, {"type": "Feature", "properties": {"node_id": 3095, "degree": 1, "node_type": "endpoint", "node_kind": null}, "geometry": {"type": "Point", "coordinates": [326994.15625, 4689115.5]}}, {"type": "Feature", "properties": {"node_id": 3096, "degree": 1, "node_type": "endpoint", "node_kind": null}, "geometry": {"type": "Point", "coordinates": [326961.75, 4689052.0]}}, {"type": "Feature", "properties": {"node_id": 3097, "degree": 1, "node_type": "endpoint", "node_kind": null}, "geometry": {"type": "Point", "coordinates": [326943.15625, 4689025.0]}}, {"type": "Feature", "properties": {"node_id": 3098, "degree": 1, "node_type": "endpoint", "node_kind": null}, "geometry": {"type": "Point", "coordinates": [326931.4375, 4689001.0]}}, {"type": "Feature", "properties": {"node_id": 3099, "degree": 1, "node_type": "endpoint", "node_kind": null}, "geometry": {"type": "Point", "coordinates": [327206.5625, 4688740.0]}}, {"type": "Feature", "properties": {"node_id": 3100, "degree": 1, "node_type": "endpoint", "node_kind": null}, "geometry": {"type": "Point", "coordinates": [326994.3125, 4688816.5]}}, {"type": "Feature", "properties": {"node_id": 3101, "degree": 1, "node_type": "endpoint", "node_kind": null}, "geometry": {"type": "Point", "coordinates": [326893.65625, 4688877.5]}}, {"type": "Feature", "properties": {"node_id": 3102, "degree": 1, "node_type": "endpoint", "node_kind": null}, "geometry": {"type": "Point", "coordinates": [326932.34375, 4688857.5]}}, {"type": "Feature", "properties": {"node_id": 3103, "degree": 1, "node_type": "endpoint", "node_kind": null}, "geometry": {"type": "Point", "coordinates": [326965.65625, 4689040.0]}}, {"type": "Feature", "properties": {"node_id": 3104, "degree": 1, "node_type": "endpoint", "node_kind": null}, "geometry": {"type": "Point", "coordinates": [326990.84375, 4689091.0]}}, {"type": "Feature", "properties": {"node_id": 3105, "degree": 1, "node_type": "endpoint", "node_kind": null}, "geometry": {"type": "Point", "coordinates": [327280.0625, 4688725.5]}}, {"type": "Feature", "properties": {"node_id": 3106, "degree": 2, "node_type": "endpoint", "node_kind": null}, "geometry": {"type": "Point", "coordinates": [327231.59375, 4688735.0]}}, {"type": "Feature", "properties": {"node_id": 3107, "degree": 1, "node_type": "endpoint", "node_kind": null}, "geometry": {"type": "Point", "coordinates": [326992.34375, 4689122.0]}}, {"type": "Feature", "properties": {"node_id": 3108, "degree": 1, "node_type": "endpoint", "node_kind": null}, "geometry": {"type": "Point", "coordinates": [326933.25, 4688999.5]}}, {"type": "Feature", "properties": {"node_id": 3109, "degree": 1, "node_type": "endpoint", "node_kind": null}, "geometry": {"type": "Point", "coordinates": [327063.59375, 4688791.0]}}, {"type": "Feature", "properties": {"node_id": 3110, "degree": 2, "node_type": "endpoint", "node_kind": null}, "geometry": {"type": "Point", "coordinates": [327207.3125, 4688741.5]}}, {"type": "Feature", "properties": {"node_id": 3111, "degree": 1, "node_type": "endpoint", "node_kind": null}, "geometry": {"type": "Point", "coordinates": [327087.75, 4688790.5]}}, {"type": "Feature", "properties": {"node_id": 3112, "degree": 1, "node_type": "endpoint", "node_kind": null}, "geometry": {"type": "Point", "coordinates": [327138.59375, 4688771.0]}}, {"type": "Feature", "properties": {"node_id": 3113, "degree": 1, "node_type": "endpoint", "node_kind": null}, "geometry": {"type": "Point", "coordinates": [326896.1875, 4687759.5]}}, {"type": "Feature", "properties": {"node_id": 3114, "degree": 1, "node_type": "endpoint", "node_kind": null}, "geometry": {"type": "Point", "coordinates": [326855.40625, 4687763.0]}}, {"type": "Feature", "properties": {"node_id": 3115, "degree": 1, "node_type": "endpoint", "node_kind": null}, "geometry": {"type": "Point", "coordinates": [327124.5, 4687032.0]}}, {"type": "Feature", "properties": {"node_id": 3116, "degree": 1, "node_type": "endpoint", "node_kind": null}, "geometry": {"type": "Point", "coordinates": [327171.3125, 4687092.5]}}, {"type": "Feature", "properties": {"node_id": 3117, "degree": 1, "node_type": "endpoint", "node_kind": null}, "geometry": {"type": "Point", "coordinates": [327064.9375, 4687393.0]}}, {"type": "Feature", "properties": {"node_id": 3118, "degree": 1, "node_type": "endpoint", "node_kind": null}, "geometry": {"type": "Point", "coordinates": [327010.1875, 4687407.0]}}, {"type": "Feature", "properties": {"node_id": 3119, "degree": 1, "node_type": "endpoint", "node_kind": null}, "geometry": {"type": "Point", "coordinates": [327349.34375, 4687312.0]}}, {"type": "Feature", "properties": {"node_id": 3120, "degree": 1, "node_type": "endpoint", "node_kind": null}, "geometry": {"type": "Point", "coordinates": [327365.5625, 4687333.0]}}, {"type": "Feature", "properties": {"node_id": 3121, "degree": 1, "node_type": "endpoint", "node_kind": null}, "geometry": {"type": "Point", "coordinates": [327216.59375, 4687151.0]}}, {"type": "Feature", "properties": {"node_id": 3122, "degree": 1, "node_type": "endpoint", "node_kind": null}, "geometry": {"type": "Point", "coordinates": [327213.0, 4687146.5]}}, {"type": "Feature", "properties": {"node_id": 3123, "degree": 1, "node_type": "endpoint", "node_kind": null}, "geometry": {"type": "Point", "coordinates": [327033.0, 4686904.0]}}, {"type": "Feature", "properties": {"node_id": 3124, "degree": 1, "node_type": "endpoint", "node_kind": null}, "geometry": {"type": "Point", "coordinates": [327065.09375, 4686945.5]}}, {"type": "Feature", "properties": {"node_id": 3125, "degree": 1, "node_type": "endpoint", "node_kind": null}, "geometry": {"type": "Point", "coordinates": [327369.4375, 4686727.5]}}, {"type": "Feature", "properties": {"node_id": 3126, "degree": 1, "node_type": "endpoint", "node_kind": null}, "geometry": {"type": "Point", "coordinates": [327349.34375, 4686707.0]}}, {"type": "Feature", "properties": {"node_id": 3127, "degree": 1, "node_type": "endpoint", "node_kind": null}, "geometry": {"type": "Point", "coordinates": [327324.90625, 4686674.5]}}, {"type": "Feature", "properties": {"node_id": 3128, "degree": 1, "node_type": "endpoint", "node_kind": null}, "geometry": {"type": "Point", "coordinates": [327307.5, 4686658.0]}}, {"type": "Feature", "properties": {"node_id": 3129, "degree": 1, "node_type": "endpoint", "node_kind": null}, "geometry": {"type": "Point", "coordinates": [327103.9375, 4686452.0]}}, {"type": "Feature", "properties": {"node_id": 3130, "degree": 1, "node_type": "endpoint", "node_kind": null}, "geometry": {"type": "Point", "coordinates": [327201.0, 4686580.5]}}, {"type": "Feature", "properties": {"node_id": 3131, "degree": 1, "node_type": "endpoint", "node_kind": null}, "geometry": {"type": "Point", "coordinates": [326947.34375, 4686792.5]}}, {"type": "Feature", "properties": {"node_id": 3132, "degree": 1, "node_type": "endpoint", "node_kind": null}, "geometry": {"type": "Point", "coordinates": [326973.3125, 4686826.0]}}, {"type": "Feature", "properties": {"node_id": 3133, "degree": 1, "node_type": "endpoint", "node_kind": null}, "geometry": {"type": "Point", "coordinates": [327094.9375, 4686340.5]}}, {"type": "Feature", "properties": {"node_id": 3134, "degree": 1, "node_type": "endpoint", "node_kind": null}, "geometry": {"type": "Point", "coordinates": [327098.84375, 4686365.0]}}, {"type": "Feature", "properties": {"node_id": 3135, "degree": 1, "node_type": "endpoint", "node_kind": null}, "geometry": {"type": "Point", "coordinates": [326812.8125, 4686618.0]}}, {"type": "Feature", "properties": {"node_id": 3136, "degree": 1, "node_type": "endpoint", "node_kind": null}, "geometry": {"type": "Point", "coordinates": [326844.90625, 4686659.0]}}, {"type": "Feature", "properties": {"node_id": 3137, "degree": 1, "node_type": "endpoint", "node_kind": null}, "geometry": {"type": "Point", "coordinates": [326954.5625, 4686811.5]}}, {"type": "Feature", "properties": {"node_id": 3138, "degree": 1, "node_type": "endpoint", "node_kind": null}, "geometry": {"type": "Point", "coordinates": [326968.9375, 4686830.0]}}, {"type": "Feature", "properties": {"node_id": 3139, "degree": 1, "node_type": "endpoint", "node_kind": null}, "geometry": {"type": "Point", "coordinates": [327111.59375, 4686479.0]}}, {"type": "Feature", "properties": {"node_id": 3140, "degree": 1, "node_type": "endpoint", "node_kind": null}, "geometry": {"type": "Point", "coordinates": [327145.9375, 4686541.0]}}, {"type": "Feature", "properties": {"node_id": 3141, "degree": 1, "node_type": "endpoint", "node_kind": null}, "geometry": {"type": "Point", "coordinates": [327344.84375, 4685780.0]}}, {"type": "Feature", "properties": {"node_id": 3142, "degree": 1, "node_type": "endpoint", "node_kind": null}, "geometry": {"type": "Point", "coordinates": [327810.59375, 4685405.5]}}, {"type": "Feature", "properties": {"node_id": 3143, "degree": 1, "node_type": "endpoint", "node_kind": null}, "geometry": {"type": "Point", "coordinates": [327283.8125, 4685751.0]}}, {"type": "Feature", "properties": {"node_id": 3144, "degree": 1, "node_type": "endpoint", "node_kind": null}, "geometry": {"type": "Point", "coordinates": [326839.5, 4685522.0]}}, {"type": "Feature", "properties": {"node_id": 3145, "degree": 1, "node_type": "endpoint", "node_kind": null}, "geometry": {"type": "Point", "coordinates": [327282.15625, 4685752.0]}}, {"type": "Feature", "properties": {"node_id": 3146, "degree": 1, "node_type": "endpoint", "node_kind": null}, "geometry": {"type": "Point", "coordinates": [327019.1875, 4685645.5]}}, {"type": "Feature", "properties": {"node_id": 3147, "degree": 1, "node_type": "endpoint", "node_kind": null}, "geometry": {"type": "Point", "coordinates": [326840.40625, 4685520.0]}}, {"type": "Feature", "properties": {"node_id": 3148, "degree": 1, "node_type": "endpoint", "node_kind": null}, "geometry": {"type": "Point", "coordinates": [327289.34375, 4685752.5]}}, {"type": "Feature", "properties": {"node_id": 3149, "degree": 1, "node_type": "endpoint", "node_kind": null}, "geometry": {"type": "Point", "coordinates": [326857.1875, 4685539.5]}}, {"type": "Feature", "properties": {"node_id": 3150, "degree": 1, "node_type": "endpoint", "node_kind": null}, "geometry": {"type": "Point", "coordinates": [326838.3125, 4685523.0]}}, {"type": "Feature", "properties": {"node_id": 3151, "degree": 1, "node_type": "endpoint", "node_kind": null}, "geometry": {"type": "Point", "coordinates": [326790.75, 4684970.5]}}, {"type": "Feature", "properties": {"node_id": 3152, "degree": 1, "node_type": "endpoint", "node_kind": null}, "geometry": {"type": "Point", "coordinates": [327136.1875, 4684497.0]}}, {"type": "Feature", "properties": {"node_id": 3153, "degree": 1, "node_type": "endpoint", "node_kind": null}, "geometry": {"type": "Point", "coordinates": [327074.84375, 4684579.0]}}, {"type": "Feature", "properties": {"node_id": 3154, "degree": 1, "node_type": "endpoint", "node_kind": null}, "geometry": {"type": "Point", "coordinates": [327000.75, 4684680.5]}}, {"type": "Feature", "properties": {"node_id": 3155, "degree": 1, "node_type": "endpoint", "node_kind": null}, "geometry": {"type": "Point", "coordinates": [326914.65625, 4684830.0]}}, {"type": "Feature", "properties": {"node_id": 3156, "degree": 1, "node_type": "endpoint", "node_kind": null}, "geometry": {"type": "Point", "coordinates": [327150.59375, 4684506.0]}}, {"type": "Feature", "properties": {"node_id": 3157, "degree": 1, "node_type": "endpoint", "node_kind": null}, "geometry": {"type": "Point", "coordinates": [326943.4375, 4684793.0]}}, {"type": "Feature", "properties": {"node_id": 3158, "degree": 1, "node_type": "endpoint", "node_kind": null}, "geometry": {"type": "Point", "coordinates": [327173.25, 4684477.0]}}, {"type": "Feature", "properties": {"node_id": 3159, "degree": 1, "node_type": "endpoint", "node_kind": null}, "geometry": {"type": "Point", "coordinates": [326819.25, 4684963.0]}}, {"type": "Feature", "properties": {"node_id": 3160, "degree": 1, "node_type": "endpoint", "node_kind": null}, "geometry": {"type": "Point", "coordinates": [326863.8125, 4684902.0]}}, {"type": "Feature", "properties": {"node_id": 3161, "degree": 1, "node_type": "endpoint", "node_kind": null}, "geometry": {"type": "Point", "coordinates": [327325.65625, 4684456.5]}}, {"type": "Feature", "properties": {"node_id": 3162, "degree": 1, "node_type": "endpoint", "node_kind": null}, "geometry": {"type": "Point", "coordinates": [327374.6875, 4684523.5]}}, {"type": "Feature", "properties": {"node_id": 3163, "degree": 1, "node_type": "endpoint", "node_kind": null}, "geometry": {"type": "Point", "coordinates": [327077.5625, 4684222.0]}}, {"type": "Feature", "properties": {"node_id": 3164, "degree": 1, "node_type": "endpoint", "node_kind": null}, "geometry": {"type": "Point", "coordinates": [327251.25, 4684335.0]}}, {"type": "Feature", "properties": {"node_id": 3165, "degree": 1, "node_type": "endpoint", "node_kind": null}, "geometry": {"type": "Point", "coordinates": [327356.40625, 4684461.5]}}, {"type": "Feature", "properties": {"node_id": 3166, "degree": 1, "node_type": "endpoint", "node_kind": null}, "geometry": {"type": "Point", "coordinates": [327441.75, 4684590.0]}}, {"type": "Feature", "properties": {"node_id": 3167, "degree": 1, "node_type": "endpoint", "node_kind": null}, "geometry": {"type": "Point", "coordinates": [326871.4375, 4684160.5]}}, {"type": "Feature", "properties": {"node_id": 3168, "degree": 1, "node_type": "endpoint", "node_kind": null}, "geometry": {"type": "Point", "coordinates": [327135.90625, 4684268.5]}}, {"type": "Feature", "properties": {"node_id": 3169, "degree": 1, "node_type": "endpoint", "node_kind": null}, "geometry": {"type": "Point", "coordinates": [327351.4375, 4683850.0]}}, {"type": "Feature", "properties": {"node_id": 3170, "degree": 1, "node_type": "endpoint", "node_kind": null}, "geometry": {"type": "Point", "coordinates": [327316.65625, 4683965.0]}}, {"type": "Feature", "properties": {"node_id": 3171, "degree": 2, "node_type": "endpoint", "node_kind": null}, "geometry": {"type": "Point", "coordinates": [326891.84375, 4683243.5]}}, {"type": "Feature", "properties": {"node_id": 3172, "degree": 1, "node_type": "endpoint", "node_kind": null}, "geometry": {"type": "Point", "coordinates": [326921.09375, 4683222.0]}}, {"type": "Feature", "properties": {"node_id": 3173, "degree": 1, "node_type": "endpoint", "node_kind": null}, "geometry": {"type": "Point", "coordinates": [326818.8125, 4683309.0]}}, {"type": "Feature", "properties": {"node_id": 3174, "degree": 1, "node_type": "endpoint", "node_kind": null}, "geometry": {"type": "Point", "coordinates": [326792.40625, 4683336.0]}}, {"type": "Feature", "properties": {"node_id": 3175, "degree": 1, "node_type": "endpoint", "node_kind": null}, "geometry": {"type": "Point", "coordinates": [327849.75, 4697484.0]}}, {"type": "Feature", "properties": {"node_id": 3176, "degree": 1, "node_type": "endpoint", "node_kind": null}, "geometry": {"type": "Point", "coordinates": [327839.25, 4697413.5]}}, {"type": "Feature", "properties": {"node_id": 3177, "degree": 1, "node_type": "endpoint", "node_kind": null}, "geometry": {"type": "Point", "coordinates": [327857.09375, 4697513.0]}}, {"type": "Feature", "properties": {"node_id": 3178, "degree": 1, "node_type": "endpoint", "node_kind": null}, "geometry": {"type": "Point", "coordinates": [327852.4375, 4697482.5]}}, {"type": "Feature", "properties": {"node_id": 3179, "degree": 1, "node_type": "endpoint", "node_kind": null}, "geometry": {"type": "Point", "coordinates": [327379.5, 4682534.5]}}, {"type": "Feature", "properties": {"node_id": 3180, "degree": 1, "node_type": "endpoint", "node_kind": null}, "geometry": {"type": "Point", "coordinates": [327370.8125, 4682355.5]}}, {"type": "Feature", "properties": {"node_id": 3181, "degree": 1, "node_type": "endpoint", "node_kind": null}, "geometry": {"type": "Point", "coordinates": [327440.09375, 4681708.0]}}, {"type": "Feature", "properties": {"node_id": 3182, "degree": 1, "node_type": "endpoint", "node_kind": null}, "geometry": {"type": "Point", "coordinates": [327455.6875, 4681724.0]}}, {"type": "Feature", "properties": {"node_id": 3183, "degree": 1, "node_type": "endpoint", "node_kind": null}, "geometry": {"type": "Point", "coordinates": [327460.8125, 4681055.0]}}, {"type": "Feature", "properties": {"node_id": 3184, "degree": 1, "node_type": "endpoint", "node_kind": null}, "geometry": {"type": "Point", "coordinates": [327607.65625, 4681042.5]}}, {"type": "Feature", "properties": {"node_id": 3185, "degree": 1, "node_type": "endpoint", "node_kind": null}, "geometry": {"type": "Point", "coordinates": [327766.8125, 4680944.5]}}, {"type": "Feature", "properties": {"node_id": 3186, "degree": 1, "node_type": "endpoint", "node_kind": null}, "geometry": {"type": "Point", "coordinates": [327646.34375, 4681036.5]}}, {"type": "Feature", "properties": {"node_id": 3187, "degree": 1, "node_type": "endpoint", "node_kind": null}, "geometry": {"type": "Point", "coordinates": [327593.40625, 4681063.5]}}, {"type": "Feature", "properties": {"node_id": 3188, "degree": 1, "node_type": "endpoint", "node_kind": null}, "geometry": {"type": "Point", "coordinates": [327535.0625, 4681077.5]}}, {"type": "Feature", "properties": {"node_id": 3189, "degree": 1, "node_type": "endpoint", "node_kind": null}, "geometry": {"type": "Point", "coordinates": [327876.3125, 4680857.0]}}, {"type": "Feature", "properties": {"node_id": 3190, "degree": 1, "node_type": "endpoint", "node_kind": null}, "geometry": {"type": "Point", "coordinates": [327904.9375, 4680837.0]}}, {"type": "Feature", "properties": {"node_id": 3191, "degree": 1, "node_type": "endpoint", "node_kind": null}, "geometry": {"type": "Point", "coordinates": [327690.75, 4680992.5]}}, {"type": "Feature", "properties": {"node_id": 3192, "degree": 1, "node_type": "endpoint", "node_kind": null}, "geometry": {"type": "Point", "coordinates": [327718.5, 4680970.5]}}, {"type": "Feature", "properties": {"node_id": 3193, "degree": 1, "node_type": "endpoint", "node_kind": null}, "geometry": {"type": "Point", "coordinates": [327769.5, 4680924.5]}}, {"type": "Feature", "properties": {"node_id": 3194, "degree": 1, "node_type": "endpoint", "node_kind": null}, "geometry": {"type": "Point", "coordinates": [327691.9375, 4680994.5]}}, {"type": "Feature", "properties": {"node_id": 3195, "degree": 1, "node_type": "endpoint", "node_kind": null}, "geometry": {"type": "Point", "coordinates": [327463.9375, 4681068.0]}}, {"type": "Feature", "properties": {"node_id": 3196, "degree": 1, "node_type": "endpoint", "node_kind": null}, "geometry": {"type": "Point", "coordinates": [327715.9375, 4680989.0]}}, {"type": "Feature", "properties": {"node_id": 3197, "degree": 1, "node_type": "endpoint", "node_kind": null}, "geometry": {"type": "Point", "coordinates": [327459.75, 4681065.5]}}, {"type": "Feature", "properties": {"node_id": 3198, "degree": 1, "node_type": "endpoint", "node_kind": null}, "geometry": {"type": "Point", "coordinates": [327514.1875, 4681073.0]}}, {"type": "Feature", "properties": {"node_id": 3199, "degree": 1, "node_type": "endpoint", "node_kind": null}, "geometry": {"type": "Point", "coordinates": [327559.5, 4681061.5]}}, {"type": "Feature", "properties": {"node_id": 3200, "degree": 1, "node_type": "endpoint", "node_kind": null}, "geometry": {"type": "Point", "coordinates": [327460.5, 4681053.0]}}, {"type": "Feature", "properties": {"node_id": 3201, "degree": 1, "node_type": "endpoint", "node_kind": null}, "geometry": {"type": "Point", "coordinates": [327925.5, 4680835.0]}}, {"type": "Feature", "properties": {"node_id": 3202, "degree": 1, "node_type": "endpoint", "node_kind": null}, "geometry": {"type": "Point", "coordinates": [327978.15625, 4680769.5]}}, {"type": "Feature", "properties": {"node_id": 3203, "degree": 1, "node_type": "endpoint", "node_kind": null}, "geometry": {"type": "Point", "coordinates": [327930.0, 4680832.0]}}, {"type": "Feature", "properties": {"node_id": 3204, "degree": 1, "node_type": "endpoint", "node_kind": null}, "geometry": {"type": "Point", "coordinates": [327975.4375, 4680776.0]}}, {"type": "Feature", "properties": {"node_id": 3205, "degree": 2, "node_type": "endpoint", "node_kind": null}, "geometry": {"type": "Point", "coordinates": [327874.8125, 4695778.0]}}, {"type": "Feature", "properties": {"node_id": 3206, "degree": 2, "node_type": "endpoint", "node_kind": null}, "geometry": {"type": "Point", "coordinates": [327974.5625, 4695798.0]}}, {"type": "Feature", "properties": {"node_id": 3207, "degree": 1, "node_type": "endpoint", "node_kind": null}, "geometry": {"type": "Point", "coordinates": [327716.25, 4695506.0]}}, {"type": "Feature", "properties": {"node_id": 3208, "degree": 1, "node_type": "endpoint", "node_kind": null}, "geometry": {"type": "Point", "coordinates": [327760.34375, 4695577.0]}}, {"type": "Feature", "properties": {"node_id": 3209, "degree": 1, "node_type": "endpoint", "node_kind": null}, "geometry": {"type": "Point", "coordinates": [327753.90625, 4695588.5]}}, {"type": "Feature", "properties": {"node_id": 3210, "degree": 1, "node_type": "endpoint", "node_kind": null}, "geometry": {"type": "Point", "coordinates": [327738.15625, 4695559.5]}}, {"type": "Feature", "properties": {"node_id": 3211, "degree": 1, "node_type": "endpoint", "node_kind": null}, "geometry": {"type": "Point", "coordinates": [327942.75, 4695789.5]}}, {"type": "Feature", "properties": {"node_id": 3212, "degree": 2, "node_type": "endpoint", "node_kind": null}, "geometry": {"type": "Point", "coordinates": [327875.25, 4695775.5]}}, {"type": "Feature", "properties": {"node_id": 3213, "degree": 1, "node_type": "endpoint", "node_kind": null}, "geometry": {"type": "Point", "coordinates": [327854.09375, 4695747.0]}}, {"type": "Feature", "properties": {"node_id": 3214, "degree": 1, "node_type": "endpoint", "node_kind": null}, "geometry": {"type": "Point", "coordinates": [327792.0, 4695636.5]}}, {"type": "Feature", "properties": {"node_id": 3215, "degree": 1, "node_type": "endpoint", "node_kind": null}, "geometry": {"type": "Point", "coordinates": [327761.5625, 4695581.0]}}, {"type": "Feature", "properties": {"node_id": 3216, "degree": 1, "node_type": "endpoint", "node_kind": null}, "geometry": {"type": "Point", "coordinates": [327734.6875, 4695539.0]}}, {"type": "Feature", "properties": {"node_id": 3217, "degree": 2, "node_type": "endpoint", "node_kind": null}, "geometry": {"type": "Point", "coordinates": [327864.15625, 4695773.0]}}, {"type": "Feature", "properties": {"node_id": 3218, "degree": 1, "node_type": "endpoint", "node_kind": null}, "geometry": {"type": "Point", "coordinates": [327819.75, 4695700.5]}}, {"type": "Feature", "properties": {"node_id": 3219, "degree": 1, "node_type": "endpoint", "node_kind": null}, "geometry": {"type": "Point", "coordinates": [327810.90625, 4695669.0]}}, {"type": "Feature", "properties": {"node_id": 3220, "degree": 1, "node_type": "endpoint", "node_kind": null}, "geometry": {"type": "Point", "coordinates": [327784.8125, 4695621.0]}}, {"type": "Feature", "properties": {"node_id": 3221, "degree": 2, "node_type": "endpoint", "node_kind": null}, "geometry": {"type": "Point", "coordinates": [327867.4375, 4695777.0]}}, {"type": "Feature", "properties": {"node_id": 3222, "degree": 1, "node_type": "endpoint", "node_kind": null}, "geometry": {"type": "Point", "coordinates": [327734.5625, 4695557.0]}}, {"type": "Feature", "properties": {"node_id": 3223, "degree": 1, "node_type": "endpoint", "node_kind": null}, "geometry": {"type": "Point", "coordinates": [327593.5625, 4695558.5]}}, {"type": "Feature", "properties": {"node_id": 3224, "degree": 1, "node_type": "endpoint", "node_kind": null}, "geometry": {"type": "Point", "coordinates": [327487.5, 4695637.0]}}, {"type": "Feature", "properties": {"node_id": 3225, "degree": 1, "node_type": "endpoint", "node_kind": null}, "geometry": {"type": "Point", "coordinates": [327826.1875, 4695692.5]}}, {"type": "Feature", "properties": {"node_id": 3226, "degree": 1, "node_type": "endpoint", "node_kind": null}, "geometry": {"type": "Point", "coordinates": [327787.5, 4695623.0]}}, {"type": "Feature", "properties": {"node_id": 3227, "degree": 1, "node_type": "endpoint", "node_kind": null}, "geometry": {"type": "Point", "coordinates": [327926.84375, 4695782.5]}}, {"type": "Feature", "properties": {"node_id": 3228, "degree": 1, "node_type": "endpoint", "node_kind": null}, "geometry": {"type": "Point", "coordinates": [327875.5625, 4695771.5]}}, {"type": "Feature", "properties": {"node_id": 3229, "degree": 1, "node_type": "endpoint", "node_kind": null}, "geometry": {"type": "Point", "coordinates": [327685.34375, 4696269.0]}}, {"type": "Feature", "properties": {"node_id": 3230, "degree": 1, "node_type": "endpoint", "node_kind": null}, "geometry": {"type": "Point", "coordinates": [327945.4375, 4695976.0]}}, {"type": "Feature", "properties": {"node_id": 3231, "degree": 1, "node_type": "endpoint", "node_kind": null}, "geometry": {"type": "Point", "coordinates": [327830.09375, 4679549.0]}}, {"type": "Feature", "properties": {"node_id": 3232, "degree": 1, "node_type": "endpoint", "node_kind": null}, "geometry": {"type": "Point", "coordinates": [327786.4375, 4679516.5]}}, {"type": "Feature", "properties": {"node_id": 3233, "degree": 1, "node_type": "endpoint", "node_kind": null}, "geometry": {"type": "Point", "coordinates": [327576.59375, 4679355.5]}}, {"type": "Feature", "properties": {"node_id": 3234, "degree": 1, "node_type": "endpoint", "node_kind": null}, "geometry": {"type": "Point", "coordinates": [327732.90625, 4679472.5]}}, {"type": "Feature", "properties": {"node_id": 3235, "degree": 1, "node_type": "endpoint", "node_kind": null}, "geometry": {"type": "Point", "coordinates": [327736.34375, 4679479.0]}}, {"type": "Feature", "properties": {"node_id": 3236, "degree": 1, "node_type": "endpoint", "node_kind": null}, "geometry": {"type": "Point", "coordinates": [327467.40625, 4679281.0]}}, {"type": "Feature", "properties": {"node_id": 3237, "degree": 1, "node_type": "endpoint", "node_kind": null}, "geometry": {"type": "Point", "coordinates": [327473.40625, 4677837.0]}}, {"type": "Feature", "properties": {"node_id": 3238, "degree": 1, "node_type": "endpoint", "node_kind": null}, "geometry": {"type": "Point", "coordinates": [327216.0, 4677578.0]}}, {"type": "Feature", "properties": {"node_id": 3239, "degree": 1, "node_type": "endpoint", "node_kind": null}, "geometry": {"type": "Point", "coordinates": [327530.25, 4694896.5]}}, {"type": "Feature", "properties": {"node_id": 3240, "degree": 1, "node_type": "endpoint", "node_kind": null}, "geometry": {"type": "Point", "coordinates": [327560.6875, 4694855.5]}}, {"type": "Feature", "properties": {"node_id": 3241, "degree": 1, "node_type": "endpoint", "node_kind": null}, "geometry": {"type": "Point", "coordinates": [327581.84375, 4694829.5]}}, {"type": "Feature", "properties": {"node_id": 3242, "degree": 1, "node_type": "endpoint", "node_kind": null}, "geometry": {"type": "Point", "coordinates": [327567.15625, 4694852.5]}}, {"type": "Feature", "properties": {"node_id": 3243, "degree": 1, "node_type": "endpoint", "node_kind": null}, "geometry": {"type": "Point", "coordinates": [327537.75, 4693871.0]}}, {"type": "Feature", "properties": {"node_id": 3244, "degree": 1, "node_type": "endpoint", "node_kind": null}, "geometry": {"type": "Point", "coordinates": [327489.59375, 4693785.0]}}, {"type": "Feature", "properties": {"node_id": 3245, "degree": 1, "node_type": "endpoint", "node_kind": null}, "geometry": {"type": "Point", "coordinates": [327515.84375, 4694045.5]}}, {"type": "Feature", "properties": {"node_id": 3246, "degree": 1, "node_type": "endpoint", "node_kind": null}, "geometry": {"type": "Point", "coordinates": [327479.40625, 4694066.0]}}, {"type": "Feature", "properties": {"node_id": 3247, "degree": 1, "node_type": "endpoint", "node_kind": null}, "geometry": {"type": "Point", "coordinates": [327449.6875, 4693887.5]}}, {"type": "Feature", "properties": {"node_id": 3248, "degree": 1, "node_type": "endpoint", "node_kind": null}, "geometry": {"type": "Point", "coordinates": [327440.84375, 4693923.0]}}, {"type": "Feature", "properties": {"node_id": 3249, "degree": 1, "node_type": "endpoint", "node_kind": null}, "geometry": {"type": "Point", "coordinates": [327743.5625, 4694022.0]}}, {"type": "Feature", "properties": {"node_id": 3250, "degree": 1, "node_type": "endpoint", "node_kind": null}, "geometry": {"type": "Point", "coordinates": [327649.8125, 4694032.0]}}, {"type": "Feature", "properties": {"node_id": 3251, "degree": 1, "node_type": "endpoint", "node_kind": null}, "geometry": {"type": "Point", "coordinates": [327427.0625, 4693984.5]}}, {"type": "Feature", "properties": {"node_id": 3252, "degree": 1, "node_type": "endpoint", "node_kind": null}, "geometry": {"type": "Point", "coordinates": [327415.5, 4694037.0]}}, {"type": "Feature", "properties": {"node_id": 3253, "degree": 1, "node_type": "endpoint", "node_kind": null}, "geometry": {"type": "Point", "coordinates": [327457.34375, 4693851.0]}}, {"type": "Feature", "properties": {"node_id": 3254, "degree": 1, "node_type": "endpoint", "node_kind": null}, "geometry": {"type": "Point", "coordinates": [327463.5, 4693820.5]}}, {"type": "Feature", "properties": {"node_id": 3255, "degree": 1, "node_type": "endpoint", "node_kind": null}, "geometry": {"type": "Point", "coordinates": [327411.3125, 4694040.0]}}, {"type": "Feature", "properties": {"node_id": 3256, "degree": 1, "node_type": "endpoint", "node_kind": null}, "geometry": {"type": "Point", "coordinates": [327417.3125, 4694012.0]}}, {"type": "Feature", "properties": {"node_id": 3257, "degree": 1, "node_type": "endpoint", "node_kind": null}, "geometry": {"type": "Point", "coordinates": [327739.1875, 4694025.0]}}, {"type": "Feature", "properties": {"node_id": 3258, "degree": 1, "node_type": "endpoint", "node_kind": null}, "geometry": {"type": "Point", "coordinates": [327646.9375, 4694033.0]}}, {"type": "Feature", "properties": {"node_id": 3259, "degree": 1, "node_type": "endpoint", "node_kind": null}, "geometry": {"type": "Point", "coordinates": [327522.90625, 4693914.5]}}, {"type": "Feature", "properties": {"node_id": 3260, "degree": 1, "node_type": "endpoint", "node_kind": null}, "geometry": {"type": "Point", "coordinates": [327474.90625, 4693876.0]}}, {"type": "Feature", "properties": {"node_id": 3261, "degree": 1, "node_type": "endpoint", "node_kind": null}, "geometry": {"type": "Point", "coordinates": [327815.84375, 4694036.5]}}, {"type": "Feature", "properties": {"node_id": 3262, "degree": 1, "node_type": "endpoint", "node_kind": null}, "geometry": {"type": "Point", "coordinates": [327796.34375, 4694030.0]}}, {"type": "Feature", "properties": {"node_id": 3263, "degree": 1, "node_type": "endpoint", "node_kind": null}, "geometry": {"type": "Point", "coordinates": [327460.0625, 4694049.5]}}, {"type": "Feature", "properties": {"node_id": 3264, "degree": 1, "node_type": "endpoint", "node_kind": null}, "geometry": {"type": "Point", "coordinates": [327437.09375, 4694049.0]}}, {"type": "Feature", "properties": {"node_id": 3265, "degree": 1, "node_type": "endpoint", "node_kind": null}, "geometry": {"type": "Point", "coordinates": [327485.40625, 4693789.0]}}, {"type": "Feature", "properties": {"node_id": 3266, "degree": 1, "node_type": "endpoint", "node_kind": null}, "geometry": {"type": "Point", "coordinates": [327526.34375, 4693862.5]}}, {"type": "Feature", "properties": {"node_id": 3267, "degree": 1, "node_type": "endpoint", "node_kind": null}, "geometry": {"type": "Point", "coordinates": [327892.5, 4694084.0]}}, {"type": "Feature", "properties": {"node_id": 3268, "degree": 1, "node_type": "endpoint", "node_kind": null}, "geometry": {"type": "Point", "coordinates": [327932.5625, 4694105.0]}}, {"type": "Feature", "properties": {"node_id": 3269, "degree": 1, "node_type": "endpoint", "node_kind": null}, "geometry": {"type": "Point", "coordinates": [327894.3125, 4694066.5]}}, {"type": "Feature", "properties": {"node_id": 3270, "degree": 1, "node_type": "endpoint", "node_kind": null}, "geometry": {"type": "Point", "coordinates": [327936.3125, 4694065.5]}}, {"type": "Feature", "properties": {"node_id": 3271, "degree": 1, "node_type": "endpoint", "node_kind": null}, "geometry": {"type": "Point", "coordinates": [327933.59375, 4694171.5]}}, {"type": "Feature", "properties": {"node_id": 3272, "degree": 1, "node_type": "endpoint", "node_kind": null}, "geometry": {"type": "Point", "coordinates": [327941.5625, 4694123.0]}}, {"type": "Feature", "properties": {"node_id": 3273, "degree": 1, "node_type": "endpoint", "node_kind": null}, "geometry": {"type": "Point", "coordinates": [327539.6875, 4693870.5]}}, {"type": "Feature", "properties": {"node_id": 3274, "degree": 1, "node_type": "endpoint", "node_kind": null}, "geometry": {"type": "Point", "coordinates": [327498.59375, 4693797.0]}}, {"type": "Feature", "properties": {"node_id": 3275, "degree": 1, "node_type": "endpoint", "node_kind": null}, "geometry": {"type": "Point", "coordinates": [327937.0625, 4694371.0]}}, {"type": "Feature", "properties": {"node_id": 3276, "degree": 1, "node_type": "endpoint", "node_kind": null}, "geometry": {"type": "Point", "coordinates": [327951.59375, 4694404.0]}}, {"type": "Feature", "properties": {"node_id": 3277, "degree": 1, "node_type": "endpoint", "node_kind": null}, "geometry": {"type": "Point", "coordinates": [327430.0625, 4693985.5]}}, {"type": "Feature", "properties": {"node_id": 3278, "degree": 1, "node_type": "endpoint", "node_kind": null}, "geometry": {"type": "Point", "coordinates": [327419.25, 4694037.5]}}, {"type": "Feature", "properties": {"node_id": 3279, "degree": 1, "node_type": "endpoint", "node_kind": null}, "geometry": {"type": "Point", "coordinates": [327921.59375, 4693226.0]}}, {"type": "Feature", "properties": {"node_id": 3280, "degree": 1, "node_type": "endpoint", "node_kind": null}, "geometry": {"type": "Point", "coordinates": [327838.34375, 4693243.0]}}, {"type": "Feature", "properties": {"node_id": 3281, "degree": 1, "node_type": "endpoint", "node_kind": null}, "geometry": {"type": "Point", "coordinates": [327784.65625, 4693262.5]}}, {"type": "Feature", "properties": {"node_id": 3282, "degree": 1, "node_type": "endpoint", "node_kind": null}, "geometry": {"type": "Point", "coordinates": [327924.90625, 4693234.5]}}, {"type": "Feature", "properties": {"node_id": 3283, "degree": 1, "node_type": "endpoint", "node_kind": null}, "geometry": {"type": "Point", "coordinates": [327589.9375, 4692768.5]}}, {"type": "Feature", "properties": {"node_id": 3284, "degree": 1, "node_type": "endpoint", "node_kind": null}, "geometry": {"type": "Point", "coordinates": [327564.3125, 4692798.0]}}, {"type": "Feature", "properties": {"node_id": 3285, "degree": 1, "node_type": "endpoint", "node_kind": null}, "geometry": {"type": "Point", "coordinates": [327430.5, 4692684.0]}}, {"type": "Feature", "properties": {"node_id": 3286, "degree": 1, "node_type": "endpoint", "node_kind": null}, "geometry": {"type": "Point", "coordinates": [327366.75, 4692720.0]}}, {"type": "Feature", "properties": {"node_id": 3287, "degree": 1, "node_type": "endpoint", "node_kind": null}, "geometry": {"type": "Point", "coordinates": [327469.8125, 4692908.5]}}, {"type": "Feature", "properties": {"node_id": 3288, "degree": 1, "node_type": "endpoint", "node_kind": null}, "geometry": {"type": "Point", "coordinates": [327510.0, 4692862.0]}}, {"type": "Feature", "properties": {"node_id": 3289, "degree": 1, "node_type": "endpoint", "node_kind": null}, "geometry": {"type": "Point", "coordinates": [327621.4375, 4692203.0]}}, {"type": "Feature", "properties": {"node_id": 3290, "degree": 2, "node_type": "endpoint", "node_kind": null}, "geometry": {"type": "Point", "coordinates": [327704.84375, 4692192.5]}}, {"type": "Feature", "properties": {"node_id": 3291, "degree": 1, "node_type": "endpoint", "node_kind": null}, "geometry": {"type": "Point", "coordinates": [327749.84375, 4692506.5]}}, {"type": "Feature", "properties": {"node_id": 3292, "degree": 1, "node_type": "endpoint", "node_kind": null}, "geometry": {"type": "Point", "coordinates": [327767.84375, 4692497.0]}}, {"type": "Feature", "properties": {"node_id": 3293, "degree": 1, "node_type": "endpoint", "node_kind": null}, "geometry": {"type": "Point", "coordinates": [327860.6875, 4692449.5]}}, {"type": "Feature", "properties": {"node_id": 3294, "degree": 1, "node_type": "endpoint", "node_kind": null}, "geometry": {"type": "Point", "coordinates": [327916.9375, 4692419.0]}}, {"type": "Feature", "properties": {"node_id": 3295, "degree": 1, "node_type": "endpoint", "node_kind": null}, "geometry": {"type": "Point", "coordinates": [327357.3125, 4692235.5]}}, {"type": "Feature", "properties": {"node_id": 3296, "degree": 1, "node_type": "endpoint", "node_kind": null}, "geometry": {"type": "Point", "coordinates": [327450.3125, 4692223.5]}}, {"type": "Feature", "properties": {"node_id": 3297, "degree": 1, "node_type": "endpoint", "node_kind": null}, "geometry": {"type": "Point", "coordinates": [327947.84375, 4692347.0]}}, {"type": "Feature", "properties": {"node_id": 3298, "degree": 1, "node_type": "endpoint", "node_kind": null}, "geometry": {"type": "Point", "coordinates": [327912.0, 4692184.5]}}, {"type": "Feature", "properties": {"node_id": 3299, "degree": 2, "node_type": "endpoint", "node_kind": null}, "geometry": {"type": "Point", "coordinates": [327722.25, 4692192.0]}}, {"type": "Feature", "properties": {"node_id": 3300, "degree": 1, "node_type": "endpoint", "node_kind": null}, "geometry": {"type": "Point", "coordinates": [327768.90625, 4692184.5]}}, {"type": "Feature", "properties": {"node_id": 3301, "degree": 1, "node_type": "endpoint", "node_kind": null}, "geometry": {"type": "Point", "coordinates": [327790.8125, 4692536.0]}}, {"type": "Feature", "properties": {"node_id": 3302, "degree": 2, "node_type": "endpoint", "node_kind": null}, "geometry": {"type": "Point", "coordinates": [327774.15625, 4692555.0]}}, {"type": "Feature", "properties": {"node_id": 3303, "degree": 1, "node_type": "endpoint", "node_kind": null}, "geometry": {"type": "Point", "coordinates": [327722.6875, 4692614.0]}}, {"type": "Feature", "properties": {"node_id": 3304, "degree": 2, "node_type": "endpoint", "node_kind": null}, "geometry": {"type": "Point", "coordinates": [327747.90625, 4692584.5]}}, {"type": "Feature", "properties": {"node_id": 3305, "degree": 1, "node_type": "endpoint", "node_kind": null}, "geometry": {"type": "Point", "coordinates": [327795.59375, 4692090.5]}}, {"type": "Feature", "properties": {"node_id": 3306, "degree": 1, "node_type": "endpoint", "node_kind": null}, "geometry": {"type": "Point", "coordinates": [327837.4375, 4692119.0]}}, {"type": "Feature", "properties": {"node_id": 3307, "degree": 1, "node_type": "endpoint", "node_kind": null}, "geometry": {"type": "Point", "coordinates": [327769.34375, 4692174.0]}}, {"type": "Feature", "properties": {"node_id": 3308, "degree": 1, "node_type": "endpoint", "node_kind": null}, "geometry": {"type": "Point", "coordinates": [327721.5, 4692178.5]}}, {"type": "Feature", "properties": {"node_id": 3309, "degree": 1, "node_type": "endpoint", "node_kind": null}, "geometry": {"type": "Point", "coordinates": [327677.5625, 4697072.0]}}, {"type": "Feature", "properties": {"node_id": 3310, "degree": 1, "node_type": "endpoint", "node_kind": null}, "geometry": {"type": "Point", "coordinates": [327712.5, 4697123.0]}}, {"type": "Feature", "properties": {"node_id": 3311, "degree": 1, "node_type": "endpoint", "node_kind": null}, "geometry": {"type": "Point", "coordinates": [327650.6875, 4697026.5]}}, {"type": "Feature", "properties": {"node_id": 3312, "degree": 1, "node_type": "endpoint", "node_kind": null}, "geometry": {"type": "Point", "coordinates": [327715.0625, 4697121.5]}}, {"type": "Feature", "properties": {"node_id": 3313, "degree": 1, "node_type": "endpoint", "node_kind": null}, "geometry": {"type": "Point", "coordinates": [327725.84375, 4697150.5]}}, {"type": "Feature", "properties": {"node_id": 3314, "degree": 1, "node_type": "endpoint", "node_kind": null}, "geometry": {"type": "Point", "coordinates": [327811.1875, 4697274.0]}}, {"type": "Feature", "properties": {"node_id": 3315, "degree": 1, "node_type": "endpoint", "node_kind": null}, "geometry": {"type": "Point", "coordinates": [327592.65625, 4691767.5]}}, {"type": "Feature", "properties": {"node_id": 3316, "degree": 1, "node_type": "endpoint", "node_kind": null}, "geometry": {"type": "Point", "coordinates": [327546.90625, 4691838.5]}}, {"type": "Feature", "properties": {"node_id": 3317, "degree": 2, "node_type": "endpoint", "node_kind": null}, "geometry": {"type": "Point", "coordinates": [327681.15625, 4691528.0]}}, {"type": "Feature", "properties": {"node_id": 3318, "degree": 1, "node_type": "endpoint", "node_kind": null}, "geometry": {"type": "Point", "coordinates": [327806.25, 4691157.0]}}, {"type": "Feature", "properties": {"node_id": 3319, "degree": 1, "node_type": "endpoint", "node_kind": null}, "geometry": {"type": "Point", "coordinates": [327475.9375, 4691907.5]}}, {"type": "Feature", "properties": {"node_id": 3320, "degree": 1, "node_type": "endpoint", "node_kind": null}, "geometry": {"type": "Point", "coordinates": [327418.5, 4691956.0]}}, {"type": "Feature", "properties": {"node_id": 3321, "degree": 1, "node_type": "endpoint", "node_kind": null}, "geometry": {"type": "Point", "coordinates": [327648.4375, 4691630.0]}}, {"type": "Feature", "properties": {"node_id": 3322, "degree": 2, "node_type": "endpoint", "node_kind": null}, "geometry": {"type": "Point", "coordinates": [327660.3125, 4691594.5]}}, {"type": "Feature", "properties": {"node_id": 3323, "degree": 2, "node_type": "endpoint", "node_kind": null}, "geometry": {"type": "Point", "coordinates": [327666.90625, 4691577.0]}}, {"type": "Feature", "properties": {"node_id": 3324, "degree": 2, "node_type": "endpoint", "node_kind": null}, "geometry": {"type": "Point", "coordinates": [327676.34375, 4691544.5]}}, {"type": "Feature", "properties": {"node_id": 3325, "degree": 1, "node_type": "endpoint", "node_kind": null}, "geometry": {"type": "Point", "coordinates": [327604.65625, 4691957.0]}}, {"type": "Feature", "properties": {"node_id": 3326, "degree": 1, "node_type": "endpoint", "node_kind": null}, "geometry": {"type": "Point", "coordinates": [327637.5, 4691977.5]}}, {"type": "Feature", "properties": {"node_id": 3327, "degree": 1, "node_type": "endpoint", "node_kind": null}, "geometry": {"type": "Point", "coordinates": [327666.90625, 4691528.5]}}, {"type": "Feature", "properties": {"node_id": 3328, "degree": 2, "node_type": "endpoint", "node_kind": null}, "geometry": {"type": "Point", "coordinates": [327855.0, 4690969.0]}}, {"type": "Feature", "properties": {"node_id": 3329, "degree": 1, "node_type": "endpoint", "node_kind": null}, "geometry": {"type": "Point", "coordinates": [327394.9375, 4691825.0]}}, {"type": "Feature", "properties": {"node_id": 3330, "degree": 1, "node_type": "endpoint", "node_kind": null}, "geometry": {"type": "Point", "coordinates": [327473.25, 4691875.5]}}, {"type": "Feature", "properties": {"node_id": 3331, "degree": 1, "node_type": "endpoint", "node_kind": null}, "geometry": {"type": "Point", "coordinates": [327600.90625, 4691719.5]}}, {"type": "Feature", "properties": {"node_id": 3332, "degree": 1, "node_type": "endpoint", "node_kind": null}, "geometry": {"type": "Point", "coordinates": [327612.59375, 4691685.5]}}, {"type": "Feature", "properties": {"node_id": 3333, "degree": 1, "node_type": "endpoint", "node_kind": null}, "geometry": {"type": "Point", "coordinates": [327457.65625, 4691584.0]}}, {"type": "Feature", "properties": {"node_id": 3334, "degree": 1, "node_type": "endpoint", "node_kind": null}, "geometry": {"type": "Point", "coordinates": [327484.5, 4691520.5]}}, {"type": "Feature", "properties": {"node_id": 3335, "degree": 1, "node_type": "endpoint", "node_kind": null}, "geometry": {"type": "Point", "coordinates": [327834.3125, 4691073.5]}}, {"type": "Feature", "properties": {"node_id": 3336, "degree": 2, "node_type": "endpoint", "node_kind": null}, "geometry": {"type": "Point", "coordinates": [327867.3125, 4690975.5]}}, {"type": "Feature", "properties": {"node_id": 3337, "degree": 1, "node_type": "endpoint", "node_kind": null}, "geometry": {"type": "Point", "coordinates": [327875.5625, 4690906.5]}}, {"type": "Feature", "properties": {"node_id": 3338, "degree": 2, "node_type": "endpoint", "node_kind": null}, "geometry": {"type": "Point", "coordinates": [327855.59375, 4690968.5]}}, {"type": "Feature", "properties": {"node_id": 3339, "degree": 1, "node_type": "endpoint", "node_kind": null}, "geometry": {"type": "Point", "coordinates": [327937.1875, 4690953.0]}}, {"type": "Feature", "properties": {"node_id": 3340, "degree": 1, "node_type": "endpoint", "node_kind": null}, "geometry": {"type": "Point", "coordinates": [327910.0625, 4690942.0]}}, {"type": "Feature", "properties": {"node_id": 3341, "degree": 2, "node_type": "endpoint", "node_kind": null}, "geometry": {"type": "Point", "coordinates": [327871.1875, 4690963.5]}}, {"type": "Feature", "properties": {"node_id": 3342, "degree": 1, "node_type": "endpoint", "node_kind": null}, "geometry": {"type": "Point", "coordinates": [327878.84375, 4690941.5]}}, {"type": "Feature", "properties": {"node_id": 3343, "degree": 1, "node_type": "endpoint", "node_kind": null}, "geometry": {"type": "Point", "coordinates": [327736.5, 4690538.0]}}, {"type": "Feature", "properties": {"node_id": 3344, "degree": 1, "node_type": "endpoint", "node_kind": null}, "geometry": {"type": "Point", "coordinates": [327859.65625, 4690538.0]}}, {"type": "Feature", "properties": {"node_id": 3345, "degree": 1, "node_type": "endpoint", "node_kind": null}, "geometry": {"type": "Point", "coordinates": [327601.34375, 4690750.0]}}, {"type": "Feature", "properties": {"node_id": 3346, "degree": 1, "node_type": "endpoint", "node_kind": null}, "geometry": {"type": "Point", "coordinates": [327460.1875, 4690700.0]}}, {"type": "Feature", "properties": {"node_id": 3347, "degree": 1, "node_type": "endpoint", "node_kind": null}, "geometry": {"type": "Point", "coordinates": [327674.84375, 4690621.0]}}, {"type": "Feature", "properties": {"node_id": 3348, "degree": 1, "node_type": "endpoint", "node_kind": null}, "geometry": {"type": "Point", "coordinates": [327707.5625, 4690621.0]}}, {"type": "Feature", "properties": {"node_id": 3349, "degree": 1, "node_type": "endpoint", "node_kind": null}, "geometry": {"type": "Point", "coordinates": [327619.0625, 4690689.0]}}, {"type": "Feature", "properties": {"node_id": 3350, "degree": 1, "node_type": "endpoint", "node_kind": null}, "geometry": {"type": "Point", "coordinates": [327618.90625, 4690722.5]}}, {"type": "Feature", "properties": {"node_id": 3351, "degree": 1, "node_type": "endpoint", "node_kind": null}, "geometry": {"type": "Point", "coordinates": [327494.40625, 4690444.5]}}, {"type": "Feature", "properties": {"node_id": 3352, "degree": 1, "node_type": "endpoint", "node_kind": null}, "geometry": {"type": "Point", "coordinates": [327394.5, 4690328.0]}}, {"type": "Feature", "properties": {"node_id": 3353, "degree": 1, "node_type": "endpoint", "node_kind": null}, "geometry": {"type": "Point", "coordinates": [327916.34375, 4690833.5]}}, {"type": "Feature", "properties": {"node_id": 3354, "degree": 1, "node_type": "endpoint", "node_kind": null}, "geometry": {"type": "Point", "coordinates": [327965.5625, 4690688.5]}}, {"type": "Feature", "properties": {"node_id": 3355, "degree": 1, "node_type": "endpoint", "node_kind": null}, "geometry": {"type": "Point", "coordinates": [327678.90625, 4690671.0]}}, {"type": "Feature", "properties": {"node_id": 3356, "degree": 1, "node_type": "endpoint", "node_kind": null}, "geometry": {"type": "Point", "coordinates": [327715.5, 4690671.0]}}, {"type": "Feature", "properties": {"node_id": 3357, "degree": 1, "node_type": "endpoint", "node_kind": null}, "geometry": {"type": "Point", "coordinates": [327496.1875, 4690443.5]}}, {"type": "Feature", "properties": {"node_id": 3358, "degree": 1, "node_type": "endpoint", "node_kind": null}, "geometry": {"type": "Point", "coordinates": [327395.6875, 4690327.0]}}, {"type": "Feature", "properties": {"node_id": 3359, "degree": 1, "node_type": "endpoint", "node_kind": null}, "geometry": {"type": "Point", "coordinates": [327448.34375, 4690752.0]}}, {"type": "Feature", "properties": {"node_id": 3360, "degree": 1, "node_type": "endpoint", "node_kind": null}, "geometry": {"type": "Point", "coordinates": [327560.5625, 4690751.5]}}, {"type": "Feature", "properties": {"node_id": 3361, "degree": 2, "node_type": "endpoint", "node_kind": null}, "geometry": {"type": "Point", "coordinates": [327918.3125, 4690857.0]}}, {"type": "Feature", "properties": {"node_id": 3362, "degree": 1, "node_type": "endpoint", "node_kind": null}, "geometry": {"type": "Point", "coordinates": [327947.84375, 4690866.5]}}, {"type": "Feature", "properties": {"node_id": 3363, "degree": 2, "node_type": "endpoint", "node_kind": null}, "geometry": {"type": "Point", "coordinates": [327887.40625, 4690846.5]}}, {"type": "Feature", "properties": {"node_id": 3364, "degree": 1, "node_type": "endpoint", "node_kind": null}, "geometry": {"type": "Point", "coordinates": [327805.5, 4690818.5]}}, {"type": "Feature", "properties": {"node_id": 3365, "degree": 1, "node_type": "endpoint", "node_kind": null}, "geometry": {"type": "Point", "coordinates": [327388.0625, 4690336.0]}}, {"type": "Feature", "properties": {"node_id": 3366, "degree": 1, "node_type": "endpoint", "node_kind": null}, "geometry": {"type": "Point", "coordinates": [327435.75, 4690391.5]}}, {"type": "Feature", "properties": {"node_id": 3367, "degree": 1, "node_type": "endpoint", "node_kind": null}, "geometry": {"type": "Point", "coordinates": [327548.40625, 4690624.0]}}, {"type": "Feature", "properties": {"node_id": 3368, "degree": 1, "node_type": "endpoint", "node_kind": null}, "geometry": {"type": "Point", "coordinates": [327481.5, 4690624.0]}}, {"type": "Feature", "properties": {"node_id": 3369, "degree": 1, "node_type": "endpoint", "node_kind": null}, "geometry": {"type": "Point", "coordinates": [327391.1875, 4690336.5]}}, {"type": "Feature", "properties": {"node_id": 3370, "degree": 1, "node_type": "endpoint", "node_kind": null}, "geometry": {"type": "Point", "coordinates": [327438.4375, 4690392.0]}}, {"type": "Feature", "properties": {"node_id": 3371, "degree": 1, "node_type": "endpoint", "node_kind": null}, "geometry": {"type": "Point", "coordinates": [327866.84375, 4690082.0]}}, {"type": "Feature", "properties": {"node_id": 3372, "degree": 1, "node_type": "endpoint", "node_kind": null}, "geometry": {"type": "Point", "coordinates": [327895.34375, 4690076.0]}}, {"type": "Feature", "properties": {"node_id": 3373, "degree": 1, "node_type": "endpoint", "node_kind": null}, "geometry": {"type": "Point", "coordinates": [327598.8125, 4689627.5]}}, {"type": "Feature", "properties": {"node_id": 3374, "degree": 1, "node_type": "endpoint", "node_kind": null}, "geometry": {"type": "Point", "coordinates": [327589.8125, 4689645.5]}}, {"type": "Feature", "properties": {"node_id": 3375, "degree": 1, "node_type": "endpoint", "node_kind": null}, "geometry": {"type": "Point", "coordinates": [327795.3125, 4689629.0]}}, {"type": "Feature", "properties": {"node_id": 3376, "degree": 1, "node_type": "endpoint", "node_kind": null}, "geometry": {"type": "Point", "coordinates": [327942.59375, 4689700.0]}}, {"type": "Feature", "properties": {"node_id": 3377, "degree": 1, "node_type": "endpoint", "node_kind": null}, "geometry": {"type": "Point", "coordinates": [327852.75, 4689630.5]}}, {"type": "Feature", "properties": {"node_id": 3378, "degree": 1, "node_type": "endpoint", "node_kind": null}, "geometry": {"type": "Point", "coordinates": [328117.5, 4689781.5]}}, {"type": "Feature", "properties": {"node_id": 3379, "degree": 1, "node_type": "endpoint", "node_kind": null}, "geometry": {"type": "Point", "coordinates": [327572.5625, 4689515.0]}}, {"type": "Feature", "properties": {"node_id": 3380, "degree": 1, "node_type": "endpoint", "node_kind": null}, "geometry": {"type": "Point", "coordinates": [327611.25, 4689535.0]}}, {"type": "Feature", "properties": {"node_id": 3381, "degree": 1, "node_type": "endpoint", "node_kind": null}, "geometry": {"type": "Point", "coordinates": [327567.0, 4689712.0]}}, {"type": "Feature", "properties": {"node_id": 3382, "degree": 1, "node_type": "endpoint", "node_kind": null}, "geometry": {"type": "Point", "coordinates": [327580.65625, 4689682.0]}}, {"type": "Feature", "properties": {"node_id": 3383, "degree": 1, "node_type": "endpoint", "node_kind": null}, "geometry": {"type": "Point", "coordinates": [327616.34375, 4689588.5]}}, {"type": "Feature", "properties": {"node_id": 3384, "degree": 1, "node_type": "endpoint", "node_kind": null}, "geometry": {"type": "Point", "coordinates": [327588.0, 4689645.0]}}, {"type": "Feature", "properties": {"node_id": 3385, "degree": 1, "node_type": "endpoint", "node_kind": null}, "geometry": {"type": "Point", "coordinates": [327744.75, 4689699.5]}}, {"type": "Feature", "properties": {"node_id": 3386, "degree": 1, "node_type": "endpoint", "node_kind": null}, "geometry": {"type": "Point", "coordinates": [327766.8125, 4689634.0]}}, {"type": "Feature", "properties": {"node_id": 3387, "degree": 1, "node_type": "endpoint", "node_kind": null}, "geometry": {"type": "Point", "coordinates": [327731.09375, 4689201.5]}}, {"type": "Feature", "properties": {"node_id": 3388, "degree": 1, "node_type": "endpoint", "node_kind": null}, "geometry": {"type": "Point", "coordinates": [327754.65625, 4689188.0]}}, {"type": "Feature", "properties": {"node_id": 3389, "degree": 1, "node_type": "endpoint", "node_kind": null}, "geometry": {"type": "Point", "coordinates": [327838.8125, 4689049.5]}}, {"type": "Feature", "properties": {"node_id": 3390, "degree": 1, "node_type": "endpoint", "node_kind": null}, "geometry": {"type": "Point", "coordinates": [327811.65625, 4689096.5]}}, {"type": "Feature", "properties": {"node_id": 3391, "degree": 1, "node_type": "endpoint", "node_kind": null}, "geometry": {"type": "Point", "coordinates": [327677.84375, 4687667.0]}}, {"type": "Feature", "properties": {"node_id": 3392, "degree": 1, "node_type": "endpoint", "node_kind": null}, "geometry": {"type": "Point", "coordinates": [327805.5, 4687787.0]}}, {"type": "Feature", "properties": {"node_id": 3393, "degree": 1, "node_type": "endpoint", "node_kind": null}, "geometry": {"type": "Point", "coordinates": [327779.5625, 4687754.5]}}, {"type": "Feature", "properties": {"node_id": 3394, "degree": 2, "node_type": "endpoint", "node_kind": null}, "geometry": {"type": "Point", "coordinates": [327636.75, 4687620.0]}}, {"type": "Feature", "properties": {"node_id": 3395, "degree": 1, "node_type": "endpoint", "node_kind": null}, "geometry": {"type": "Point", "coordinates": [327635.25, 4687597.0]}}, {"type": "Feature", "properties": {"node_id": 3396, "degree": 1, "node_type": "endpoint", "node_kind": null}, "geometry": {"type": "Point", "coordinates": [327886.5, 4687439.0]}}, {"type": "Feature", "properties": {"node_id": 3397, "degree": 1, "node_type": "endpoint", "node_kind": null}, "geometry": {"type": "Point", "coordinates": [327527.25, 4687527.5]}}, {"type": "Feature", "properties": {"node_id": 3398, "degree": 1, "node_type": "endpoint", "node_kind": null}, "geometry": {"type": "Point", "coordinates": [327575.6875, 4687571.5]}}, {"type": "Feature", "properties": {"node_id": 3399, "degree": 1, "node_type": "endpoint", "node_kind": null}, "geometry": {"type": "Point", "coordinates": [327631.1875, 4687593.0]}}, {"type": "Feature", "properties": {"node_id": 3400, "degree": 1, "node_type": "endpoint", "node_kind": null}, "geometry": {"type": "Point", "coordinates": [327713.40625, 4687543.0]}}, {"type": "Feature", "properties": {"node_id": 3401, "degree": 1, "node_type": "endpoint", "node_kind": null}, "geometry": {"type": "Point", "coordinates": [327625.34375, 4687583.5]}}, {"type": "Feature", "properties": {"node_id": 3402, "degree": 1, "node_type": "endpoint", "node_kind": null}, "geometry": {"type": "Point", "coordinates": [327871.0625, 4687426.5]}}, {"type": "Feature", "properties": {"node_id": 3403, "degree": 1, "node_type": "endpoint", "node_kind": null}, "geometry": {"type": "Point", "coordinates": [327860.40625, 4687840.0]}}, {"type": "Feature", "properties": {"node_id": 3404, "degree": 1, "node_type": "endpoint", "node_kind": null}, "geometry": {"type": "Point", "coordinates": [328016.6875, 4688189.0]}}, {"type": "Feature", "properties": {"node_id": 3405, "degree": 2, "node_type": "endpoint", "node_kind": null}, "geometry": {"type": "Point", "coordinates": [327596.5625, 4687582.5]}}, {"type": "Feature", "properties": {"node_id": 3406, "degree": 1, "node_type": "endpoint", "node_kind": null}, "geometry": {"type": "Point", "coordinates": [327572.25, 4687560.0]}}, {"type": "Feature", "properties": {"node_id": 3407, "degree": 1, "node_type": "endpoint", "node_kind": null}, "geometry": {"type": "Point", "coordinates": [327827.09375, 4687452.0]}}, {"type": "Feature", "properties": {"node_id": 3408, "degree": 1, "node_type": "endpoint", "node_kind": null}, "geometry": {"type": "Point", "coordinates": [327632.84375, 4687576.0]}}, {"type": "Feature", "properties": {"node_id": 3409, "degree": 1, "node_type": "endpoint", "node_kind": null}, "geometry": {"type": "Point", "coordinates": [327439.9375, 4687426.0]}}, {"type": "Feature", "properties": {"node_id": 3410, "degree": 1, "node_type": "endpoint", "node_kind": null}, "geometry": {"type": "Point", "coordinates": [327434.40625, 4687419.5]}}, {"type": "Feature", "properties": {"node_id": 3411, "degree": 1, "node_type": "endpoint", "node_kind": null}, "geometry": {"type": "Point", "coordinates": [327730.5, 4687304.0]}}, {"type": "Feature", "properties": {"node_id": 3412, "degree": 1, "node_type": "endpoint", "node_kind": null}, "geometry": {"type": "Point", "coordinates": [327749.25, 4687324.0]}}, {"type": "Feature", "properties": {"node_id": 3413, "degree": 1, "node_type": "endpoint", "node_kind": null}, "geometry": {"type": "Point", "coordinates": [327707.84375, 4687271.0]}}, {"type": "Feature", "properties": {"node_id": 3414, "degree": 1, "node_type": "endpoint", "node_kind": null}, "geometry": {"type": "Point", "coordinates": [327699.59375, 4687243.5]}}, {"type": "Feature", "properties": {"node_id": 3415, "degree": 1, "node_type": "endpoint", "node_kind": null}, "geometry": {"type": "Point", "coordinates": [327502.65625, 4687032.0]}}, {"type": "Feature", "properties": {"node_id": 3416, "degree": 1, "node_type": "endpoint", "node_kind": null}, "geometry": {"type": "Point", "coordinates": [327493.1875, 4687003.0]}}, {"type": "Feature", "properties": {"node_id": 3417, "degree": 1, "node_type": "endpoint", "node_kind": null}, "geometry": {"type": "Point", "coordinates": [327450.15625, 4687448.0]}}, {"type": "Feature", "properties": {"node_id": 3418, "degree": 1, "node_type": "endpoint", "node_kind": null}, "geometry": {"type": "Point", "coordinates": [327474.90625, 4687475.5]}}, {"type": "Feature", "properties": {"node_id": 3419, "degree": 1, "node_type": "endpoint", "node_kind": null}, "geometry": {"type": "Point", "coordinates": [327887.6875, 4687440.5]}}, {"type": "Feature", "properties": {"node_id": 3420, "degree": 1, "node_type": "endpoint", "node_kind": null}, "geometry": {"type": "Point", "coordinates": [327784.9375, 4687505.5]}}, {"type": "Feature", "properties": {"node_id": 3421, "degree": 1, "node_type": "endpoint", "node_kind": null}, "geometry": {"type": "Point", "coordinates": [327829.1875, 4687456.0]}}, {"type": "Feature", "properties": {"node_id": 3422, "degree": 1, "node_type": "endpoint", "node_kind": null}, "geometry": {"type": "Point", "coordinates": [327661.34375, 4687562.0]}}, {"type": "Feature", "properties": {"node_id": 3423, "degree": 1, "node_type": "endpoint", "node_kind": null}, "geometry": {"type": "Point", "coordinates": [327485.84375, 4686994.5]}}, {"type": "Feature", "properties": {"node_id": 3424, "degree": 1, "node_type": "endpoint", "node_kind": null}, "geometry": {"type": "Point", "coordinates": [327458.6875, 4686883.0]}}, {"type": "Feature", "properties": {"node_id": 3425, "degree": 1, "node_type": "endpoint", "node_kind": null}, "geometry": {"type": "Point", "coordinates": [327584.25, 4687086.5]}}, {"type": "Feature", "properties": {"node_id": 3426, "degree": 1, "node_type": "endpoint", "node_kind": null}, "geometry": {"type": "Point", "coordinates": [327612.4375, 4687090.5]}}, {"type": "Feature", "properties": {"node_id": 3427, "degree": 1, "node_type": "endpoint", "node_kind": null}, "geometry": {"type": "Point", "coordinates": [327646.9375, 4687108.5]}}, {"type": "Feature", "properties": {"node_id": 3428, "degree": 1, "node_type": "endpoint", "node_kind": null}, "geometry": {"type": "Point", "coordinates": [327663.15625, 4687145.0]}}, {"type": "Feature", "properties": {"node_id": 3429, "degree": 1, "node_type": "endpoint", "node_kind": null}, "geometry": {"type": "Point", "coordinates": [327699.15625, 4687263.0]}}, {"type": "Feature", "properties": {"node_id": 3430, "degree": 1, "node_type": "endpoint", "node_kind": null}, "geometry": {"type": "Point", "coordinates": [327692.40625, 4687240.0]}}, {"type": "Feature", "properties": {"node_id": 3431, "degree": 2, "node_type": "endpoint", "node_kind": null}, "geometry": {"type": "Point", "coordinates": [327558.15625, 4686334.5]}}, {"type": "Feature", "properties": {"node_id": 3432, "degree": 1, "node_type": "endpoint", "node_kind": null}, "geometry": {"type": "Point", "coordinates": [327527.09375, 4686373.0]}}, {"type": "Feature", "properties": {"node_id": 3433, "degree": 1, "node_type": "endpoint", "node_kind": null}, "geometry": {"type": "Point", "coordinates": [327477.4375, 4686545.0]}}, {"type": "Feature", "properties": {"node_id": 3434, "degree": 1, "node_type": "endpoint", "node_kind": null}, "geometry": {"type": "Point", "coordinates": [327483.0, 4686497.5]}}, {"type": "Feature", "properties": {"node_id": 3435, "degree": 1, "node_type": "endpoint", "node_kind": null}, "geometry": {"type": "Point", "coordinates": [327376.9375, 4686674.0]}}, {"type": "Feature", "properties": {"node_id": 3436, "degree": 1, "node_type": "endpoint", "node_kind": null}, "geometry": {"type": "Point", "coordinates": [327400.34375, 4686656.5]}}, {"type": "Feature", "properties": {"node_id": 3437, "degree": 1, "node_type": "endpoint", "node_kind": null}, "geometry": {"type": "Point", "coordinates": [327463.65625, 4686877.0]}}, {"type": "Feature", "properties": {"node_id": 3438, "degree": 1, "node_type": "endpoint", "node_kind": null}, "geometry": {"type": "Point", "coordinates": [327472.9375, 4686921.5]}}, {"type": "Feature", "properties": {"node_id": 3439, "degree": 1, "node_type": "endpoint", "node_kind": null}, "geometry": {"type": "Point", "coordinates": [327528.90625, 4686374.0]}}, {"type": "Feature", "properties": {"node_id": 3440, "degree": 1, "node_type": "endpoint", "node_kind": null}, "geometry": {"type": "Point", "coordinates": [327558.90625, 4686337.0]}}, {"type": "Feature", "properties": {"node_id": 3441, "degree": 1, "node_type": "endpoint", "node_kind": null}, "geometry": {"type": "Point", "coordinates": [327394.34375, 4686746.0]}}, {"type": "Feature", "properties": {"node_id": 3442, "degree": 1, "node_type": "endpoint", "node_kind": null}, "geometry": {"type": "Point", "coordinates": [327369.4375, 4686721.0]}}, {"type": "Feature", "properties": {"node_id": 3443, "degree": 1, "node_type": "endpoint", "node_kind": null}, "geometry": {"type": "Point", "coordinates": [327876.59375, 4686004.0]}}, {"type": "Feature", "properties": {"node_id": 3444, "degree": 1, "node_type": "endpoint", "node_kind": null}, "geometry": {"type": "Point", "coordinates": [327839.25, 4686035.0]}}, {"type": "Feature", "properties": {"node_id": 3445, "degree": 1, "node_type": "endpoint", "node_kind": null}, "geometry": {"type": "Point", "coordinates": [327587.6875, 4686276.0]}}, {"type": "Feature", "properties": {"node_id": 3446, "degree": 1, "node_type": "endpoint", "node_kind": null}, "geometry": {"type": "Point", "coordinates": [327798.90625, 4686053.0]}}, {"type": "Feature", "properties": {"node_id": 3447, "degree": 1, "node_type": "endpoint", "node_kind": null}, "geometry": {"type": "Point", "coordinates": [327813.90625, 4686062.5]}}, {"type": "Feature", "properties": {"node_id": 3448, "degree": 1, "node_type": "endpoint", "node_kind": null}, "geometry": {"type": "Point", "coordinates": [327678.0, 4686206.0]}}, {"type": "Feature", "properties": {"node_id": 3449, "degree": 1, "node_type": "endpoint", "node_kind": null}, "geometry": {"type": "Point", "coordinates": [327343.34375, 4685779.5]}}, {"type": "Feature", "properties": {"node_id": 3450, "degree": 1, "node_type": "endpoint", "node_kind": null}, "geometry": {"type": "Point", "coordinates": [327503.40625, 4685750.5]}}, {"type": "Feature", "properties": {"node_id": 3451, "degree": 1, "node_type": "endpoint", "node_kind": null}, "geometry": {"type": "Point", "coordinates": [327624.0, 4686266.0]}}, {"type": "Feature", "properties": {"node_id": 3452, "degree": 2, "node_type": "endpoint", "node_kind": null}, "geometry": {"type": "Point", "coordinates": [327594.4375, 4686297.0]}}, {"type": "Feature", "properties": {"node_id": 3453, "degree": 1, "node_type": "endpoint", "node_kind": null}, "geometry": {"type": "Point", "coordinates": [327693.3125, 4686162.5]}}, {"type": "Feature", "properties": {"node_id": 3454, "degree": 1, "node_type": "endpoint", "node_kind": null}, "geometry": {"type": "Point", "coordinates": [327795.90625, 4686053.0]}}, {"type": "Feature", "properties": {"node_id": 3455, "degree": 1, "node_type": "endpoint", "node_kind": null}, "geometry": {"type": "Point", "coordinates": [327681.4375, 4686205.5]}}, {"type": "Feature", "properties": {"node_id": 3456, "degree": 1, "node_type": "endpoint", "node_kind": null}, "geometry": {"type": "Point", "coordinates": [327796.34375, 4686083.0]}}, {"type": "Feature", "properties": {"node_id": 3457, "degree": 1, "node_type": "endpoint", "node_kind": null}, "geometry": {"type": "Point", "coordinates": [327580.1875, 4686283.0]}}, {"type": "Feature", "properties": {"node_id": 3458, "degree": 1, "node_type": "endpoint", "node_kind": null}, "geometry": {"type": "Point", "coordinates": [327606.15625, 4686259.0]}}, {"type": "Feature", "properties": {"node_id": 3459, "degree": 1, "node_type": "endpoint", "node_kind": null}, "geometry": {"type": "Point", "coordinates": [327599.25, 4685674.5]}}, {"type": "Feature", "properties": {"node_id": 3460, "degree": 1, "node_type": "endpoint", "node_kind": null}, "geometry": {"type": "Point", "coordinates": [327515.25, 4685754.0]}}, {"type": "Feature", "properties": {"node_id": 3461, "degree": 1, "node_type": "endpoint", "node_kind": null}, "geometry": {"type": "Point", "coordinates": [327644.6875, 4685576.0]}}, {"type": "Feature", "properties": {"node_id": 3462, "degree": 1, "node_type": "endpoint", "node_kind": null}, "geometry": {"type": "Point", "coordinates": [327633.90625, 4685603.5]}}, {"type": "Feature", "properties": {"node_id": 3463, "degree": 1, "node_type": "endpoint", "node_kind": null}, "geometry": {"type": "Point", "coordinates": [327654.15625, 4685530.0]}}, {"type": "Feature", "properties": {"node_id": 3464, "degree": 1, "node_type": "endpoint", "node_kind": null}, "geometry": {"type": "Point", "coordinates": [327695.6875, 4685474.0]}}, {"type": "Feature", "properties": {"node_id": 3465, "degree": 1, "node_type": "endpoint", "node_kind": null}, "geometry": {"type": "Point", "coordinates": [327944.5625, 4685001.0]}}, {"type": "Feature", "properties": {"node_id": 3466, "degree": 1, "node_type": "endpoint", "node_kind": null}, "geometry": {"type": "Point", "coordinates": [327875.09375, 4684980.0]}}, {"type": "Feature", "properties": {"node_id": 3467, "degree": 1, "node_type": "endpoint", "node_kind": null}, "geometry": {"type": "Point", "coordinates": [327626.6875, 4684892.0]}}, {"type": "Feature", "properties": {"node_id": 3468, "degree": 1, "node_type": "endpoint", "node_kind": null}, "geometry": {"type": "Point", "coordinates": [327722.40625, 4684930.5]}}, {"type": "Feature", "properties": {"node_id": 3469, "degree": 1, "node_type": "endpoint", "node_kind": null}, "geometry": {"type": "Point", "coordinates": [327684.59375, 4684919.5]}}, {"type": "Feature", "properties": {"node_id": 3470, "degree": 1, "node_type": "endpoint", "node_kind": null}, "geometry": {"type": "Point", "coordinates": [327595.1875, 4684877.0]}}, {"type": "Feature", "properties": {"node_id": 3471, "degree": 1, "node_type": "endpoint", "node_kind": null}, "geometry": {"type": "Point", "coordinates": [327481.8125, 4684704.0]}}, {"type": "Feature", "properties": {"node_id": 3472, "degree": 1, "node_type": "endpoint", "node_kind": null}, "geometry": {"type": "Point", "coordinates": [327465.90625, 4684676.5]}}, {"type": "Feature", "properties": {"node_id": 3473, "degree": 1, "node_type": "endpoint", "node_kind": null}, "geometry": {"type": "Point", "coordinates": [327737.40625, 4684917.0]}}, {"type": "Feature", "properties": {"node_id": 3474, "degree": 1, "node_type": "endpoint", "node_kind": null}, "geometry": {"type": "Point", "coordinates": [327615.75, 4684867.5]}}, {"type": "Feature", "properties": {"node_id": 3475, "degree": 1, "node_type": "endpoint", "node_kind": null}, "geometry": {"type": "Point", "coordinates": [327573.15625, 4684856.5]}}, {"type": "Feature", "properties": {"node_id": 3476, "degree": 1, "node_type": "endpoint", "node_kind": null}, "geometry": {"type": "Point", "coordinates": [327550.0625, 4684818.5]}}, {"type": "Feature", "properties": {"node_id": 3477, "degree": 1, "node_type": "endpoint", "node_kind": null}, "geometry": {"type": "Point", "coordinates": [327853.65625, 4684491.5]}}, {"type": "Feature", "properties": {"node_id": 3478, "degree": 1, "node_type": "endpoint", "node_kind": null}, "geometry": {"type": "Point", "coordinates": [327785.25, 4684241.0]}}, {"type": "Feature", "properties": {"node_id": 3479, "degree": 1, "node_type": "endpoint", "node_kind": null}, "geometry": {"type": "Point", "coordinates": [327640.65625, 4683797.5]}}, {"type": "Feature", "properties": {"node_id": 3480, "degree": 1, "node_type": "endpoint", "node_kind": null}, "geometry": {"type": "Point", "coordinates": [327653.6875, 4683846.0]}}, {"type": "Feature", "properties": {"node_id": 3481, "degree": 1, "node_type": "endpoint", "node_kind": null}, "geometry": {"type": "Point", "coordinates": [327604.5, 4683567.0]}}, {"type": "Feature", "properties": {"node_id": 3482, "degree": 1, "node_type": "endpoint", "node_kind": null}, "geometry": {"type": "Point", "coordinates": [327592.65625, 4683521.5]}}, {"type": "Feature", "properties": {"node_id": 3483, "degree": 1, "node_type": "endpoint", "node_kind": null}, "geometry": {"type": "Point", "coordinates": [327655.9375, 4683847.5]}}, {"type": "Feature", "properties": {"node_id": 3484, "degree": 1, "node_type": "endpoint", "node_kind": null}, "geometry": {"type": "Point", "coordinates": [327642.4375, 4683797.0]}}, {"type": "Feature", "properties": {"node_id": 3485, "degree": 1, "node_type": "endpoint", "node_kind": null}, "geometry": {"type": "Point", "coordinates": [327588.59375, 4683512.5]}}, {"type": "Feature", "properties": {"node_id": 3486, "degree": 1, "node_type": "endpoint", "node_kind": null}, "geometry": {"type": "Point", "coordinates": [327604.34375, 4683577.0]}}, {"type": "Feature", "properties": {"node_id": 3487, "degree": 1, "node_type": "endpoint", "node_kind": null}, "geometry": {"type": "Point", "coordinates": [327655.34375, 4683763.5]}}, {"type": "Feature", "properties": {"node_id": 3488, "degree": 1, "node_type": "endpoint", "node_kind": null}, "geometry": {"type": "Point", "coordinates": [327644.84375, 4683725.0]}}, {"type": "Feature", "properties": {"node_id": 3489, "degree": 1, "node_type": "endpoint", "node_kind": null}, "geometry": {"type": "Point", "coordinates": [327488.5625, 4683152.0]}}, {"type": "Feature", "properties": {"node_id": 3490, "degree": 1, "node_type": "endpoint", "node_kind": null}, "geometry": {"type": "Point", "coordinates": [327454.0625, 4683026.0]}}, {"type": "Feature", "properties": {"node_id": 3491, "degree": 1, "node_type": "endpoint", "node_kind": null}, "geometry": {"type": "Point", "coordinates": [327792.59375, 4682988.5]}}, {"type": "Feature", "properties": {"node_id": 3492, "degree": 1, "node_type": "endpoint", "node_kind": null}, "geometry": {"type": "Point", "coordinates": [327902.25, 4683130.5]}}, {"type": "Feature", "properties": {"node_id": 3493, "degree": 1, "node_type": "endpoint", "node_kind": null}, "geometry": {"type": "Point", "coordinates": [327798.90625, 4682996.5]}}, {"type": "Feature", "properties": {"node_id": 3494, "degree": 1, "node_type": "endpoint", "node_kind": null}, "geometry": {"type": "Point", "coordinates": [327587.40625, 4682751.0]}}, {"type": "Feature", "properties": {"node_id": 3495, "degree": 1, "node_type": "endpoint", "node_kind": null}, "geometry": {"type": "Point", "coordinates": [327539.5625, 4683338.5]}}, {"type": "Feature", "properties": {"node_id": 3496, "degree": 1, "node_type": "endpoint", "node_kind": null}, "geometry": {"type": "Point", "coordinates": [327528.90625, 4683300.0]}}, {"type": "Feature", "properties": {"node_id": 3497, "degree": 1, "node_type": "endpoint", "node_kind": null}, "geometry": {"type": "Point", "coordinates": [327934.8125, 4683166.0]}}, {"type": "Feature", "properties": {"node_id": 3498, "degree": 1, "node_type": "endpoint", "node_kind": null}, "geometry": {"type": "Point", "coordinates": [328028.40625, 4683254.0]}}, {"type": "Feature", "properties": {"node_id": 3499, "degree": 1, "node_type": "endpoint", "node_kind": null}, "geometry": {"type": "Point", "coordinates": [327835.1875, 4683049.5]}}, {"type": "Feature", "properties": {"node_id": 3500, "degree": 2, "node_type": "endpoint", "node_kind": null}, "geometry": {"type": "Point", "coordinates": [327899.40625, 4683132.5]}}, {"type": "Feature", "properties": {"node_id": 3501, "degree": 1, "node_type": "endpoint", "node_kind": null}, "geometry": {"type": "Point", "coordinates": [327468.15625, 4683071.0]}}, {"type": "Feature", "properties": {"node_id": 3502, "degree": 1, "node_type": "endpoint", "node_kind": null}, "geometry": {"type": "Point", "coordinates": [327449.6875, 4683003.5]}}, {"type": "Feature", "properties": {"node_id": 3503, "degree": 1, "node_type": "endpoint", "node_kind": null}, "geometry": {"type": "Point", "coordinates": [327591.75, 4682745.0]}}, {"type": "Feature", "properties": {"node_id": 3504, "degree": 1, "node_type": "endpoint", "node_kind": null}, "geometry": {"type": "Point", "coordinates": [327663.0, 4682806.5]}}, {"type": "Feature", "properties": {"node_id": 3505, "degree": 1, "node_type": "endpoint", "node_kind": null}, "geometry": {"type": "Point", "coordinates": [327660.59375, 4682808.5]}}, {"type": "Feature", "properties": {"node_id": 3506, "degree": 1, "node_type": "endpoint", "node_kind": null}, "geometry": {"type": "Point", "coordinates": [327589.9375, 4682747.0]}}, {"type": "Feature", "properties": {"node_id": 3507, "degree": 1, "node_type": "endpoint", "node_kind": null}, "geometry": {"type": "Point", "coordinates": [327391.1875, 4682559.0]}}, {"type": "Feature", "properties": {"node_id": 3508, "degree": 1, "node_type": "endpoint", "node_kind": null}, "geometry": {"type": "Point", "coordinates": [327421.65625, 4682581.5]}}, {"type": "Feature", "properties": {"node_id": 3509, "degree": 1, "node_type": "endpoint", "node_kind": null}, "geometry": {"type": "Point", "coordinates": [327657.90625, 4682816.5]}}, {"type": "Feature", "properties": {"node_id": 3510, "degree": 1, "node_type": "endpoint", "node_kind": null}, "geometry": {"type": "Point", "coordinates": [327585.59375, 4682754.0]}}, {"type": "Feature", "properties": {"node_id": 3511, "degree": 1, "node_type": "endpoint", "node_kind": null}, "geometry": {"type": "Point", "coordinates": [328481.25, 4697784.0]}}, {"type": "Feature", "properties": {"node_id": 3512, "degree": 1, "node_type": "endpoint", "node_kind": null}, "geometry": {"type": "Point", "coordinates": [328475.6875, 4697416.5]}}, {"type": "Feature", "properties": {"node_id": 3513, "degree": 1, "node_type": "endpoint", "node_kind": null}, "geometry": {"type": "Point", "coordinates": [328458.59375, 4697775.5]}}, {"type": "Feature", "properties": {"node_id": 3514, "degree": 2, "node_type": "endpoint", "node_kind": null}, "geometry": {"type": "Point", "coordinates": [328465.0625, 4697804.5]}}, {"type": "Feature", "properties": {"node_id": 3515, "degree": 1, "node_type": "endpoint", "node_kind": null}, "geometry": {"type": "Point", "coordinates": [328460.25, 4697393.0]}}, {"type": "Feature", "properties": {"node_id": 3516, "degree": 1, "node_type": "endpoint", "node_kind": null}, "geometry": {"type": "Point", "coordinates": [328443.3125, 4697710.5]}}, {"type": "Feature", "properties": {"node_id": 3517, "degree": 1, "node_type": "endpoint", "node_kind": null}, "geometry": {"type": "Point", "coordinates": [328433.40625, 4697379.5]}}, {"type": "Feature", "properties": {"node_id": 3518, "degree": 1, "node_type": "endpoint", "node_kind": null}, "geometry": {"type": "Point", "coordinates": [328223.5625, 4697511.0]}}, {"type": "Feature", "properties": {"node_id": 3519, "degree": 1, "node_type": "endpoint", "node_kind": null}, "geometry": {"type": "Point", "coordinates": [328460.09375, 4697775.0]}}, {"type": "Feature", "properties": {"node_id": 3520, "degree": 1, "node_type": "endpoint", "node_kind": null}, "geometry": {"type": "Point", "coordinates": [328499.6875, 4697998.0]}}, {"type": "Feature", "properties": {"node_id": 3521, "degree": 1, "node_type": "endpoint", "node_kind": null}, "geometry": {"type": "Point", "coordinates": [328498.65625, 4697344.0]}}, {"type": "Feature", "properties": {"node_id": 3522, "degree": 1, "node_type": "endpoint", "node_kind": null}, "geometry": {"type": "Point", "coordinates": [328554.4375, 4697231.0]}}, {"type": "Feature", "properties": {"node_id": 3523, "degree": 1, "node_type": "endpoint", "node_kind": null}, "geometry": {"type": "Point", "coordinates": [328499.25, 4697835.0]}}, {"type": "Feature", "properties": {"node_id": 3524, "degree": 1, "node_type": "endpoint", "node_kind": null}, "geometry": {"type": "Point", "coordinates": [328521.4375, 4697923.0]}}, {"type": "Feature", "properties": {"node_id": 3525, "degree": 2, "node_type": "endpoint", "node_kind": null}, "geometry": {"type": "Point", "coordinates": [328464.3125, 4697807.5]}}, {"type": "Feature", "properties": {"node_id": 3526, "degree": 1, "node_type": "endpoint", "node_kind": null}, "geometry": {"type": "Point", "coordinates": [328479.75, 4697863.0]}}, {"type": "Feature", "properties": {"node_id": 3527, "degree": 1, "node_type": "endpoint", "node_kind": null}, "geometry": {"type": "Point", "coordinates": [328474.5, 4697421.5]}}, {"type": "Feature", "properties": {"node_id": 3528, "degree": 1, "node_type": "endpoint", "node_kind": null}, "geometry": {"type": "Point", "coordinates": [328485.4375, 4697383.5]}}, {"type": "Feature", "properties": {"node_id": 3529, "degree": 1, "node_type": "endpoint", "node_kind": null}, "geometry": {"type": "Point", "coordinates": [328403.84375, 4697408.5]}}, {"type": "Feature", "properties": {"node_id": 3530, "degree": 1, "node_type": "endpoint", "node_kind": null}, "geometry": {"type": "Point", "coordinates": [328199.25, 4697528.0]}}, {"type": "Feature", "properties": {"node_id": 3531, "degree": 1, "node_type": "endpoint", "node_kind": null}, "geometry": {"type": "Point", "coordinates": [328370.40625, 4680682.0]}}, {"type": "Feature", "properties": {"node_id": 3532, "degree": 1, "node_type": "endpoint", "node_kind": null}, "geometry": {"type": "Point", "coordinates": [328399.0625, 4680810.0]}}, {"type": "Feature", "properties": {"node_id": 3533, "degree": 1, "node_type": "endpoint", "node_kind": null}, "geometry": {"type": "Point", "coordinates": [328346.84375, 4680629.5]}}, {"type": "Feature", "properties": {"node_id": 3534, "degree": 1, "node_type": "endpoint", "node_kind": null}, "geometry": {"type": "Point", "coordinates": [328359.90625, 4680687.5]}}, {"type": "Feature", "properties": {"node_id": 3535, "degree": 1, "node_type": "endpoint", "node_kind": null}, "geometry": {"type": "Point", "coordinates": [328109.5625, 4680654.0]}}, {"type": "Feature", "properties": {"node_id": 3536, "degree": 1, "node_type": "endpoint", "node_kind": null}, "geometry": {"type": "Point", "coordinates": [328195.8125, 4680609.0]}}, {"type": "Feature", "properties": {"node_id": 3537, "degree": 1, "node_type": "endpoint", "node_kind": null}, "geometry": {"type": "Point", "coordinates": [328463.40625, 4680981.5]}}, {"type": "Feature", "properties": {"node_id": 3538, "degree": 1, "node_type": "endpoint", "node_kind": null}, "geometry": {"type": "Point", "coordinates": [328350.4375, 4680628.0]}}, {"type": "Feature", "properties": {"node_id": 3539, "degree": 1, "node_type": "endpoint", "node_kind": null}, "geometry": {"type": "Point", "coordinates": [328357.5, 4680631.5]}}, {"type": "Feature", "properties": {"node_id": 3540, "degree": 1, "node_type": "endpoint", "node_kind": null}, "geometry": {"type": "Point", "coordinates": [328521.4375, 4681090.5]}}, {"type": "Feature", "properties": {"node_id": 3541, "degree": 1, "node_type": "endpoint", "node_kind": null}, "geometry": {"type": "Point", "coordinates": [328186.9375, 4680596.5]}}, {"type": "Feature", "properties": {"node_id": 3542, "degree": 1, "node_type": "endpoint", "node_kind": null}, "geometry": {"type": "Point", "coordinates": [328309.9375, 4680559.0]}}, {"type": "Feature", "properties": {"node_id": 3543, "degree": 1, "node_type": "endpoint", "node_kind": null}, "geometry": {"type": "Point", "coordinates": [328435.0625, 4680923.0]}}, {"type": "Feature", "properties": {"node_id": 3544, "degree": 1, "node_type": "endpoint", "node_kind": null}, "geometry": {"type": "Point", "coordinates": [328460.84375, 4680984.0]}}, {"type": "Feature", "properties": {"node_id": 3545, "degree": 1, "node_type": "endpoint", "node_kind": null}, "geometry": {"type": "Point", "coordinates": [328359.59375, 4680631.0]}}, {"type": "Feature", "properties": {"node_id": 3546, "degree": 1, "node_type": "endpoint", "node_kind": null}, "geometry": {"type": "Point", "coordinates": [328378.1875, 4680717.5]}}, {"type": "Feature", "properties": {"node_id": 3547, "degree": 1, "node_type": "endpoint", "node_kind": null}, "geometry": {"type": "Point", "coordinates": [328319.84375, 4680568.5]}}, {"type": "Feature", "properties": {"node_id": 3548, "degree": 1, "node_type": "endpoint", "node_kind": null}, "geometry": {"type": "Point", "coordinates": [328288.0625, 4680577.5]}}, {"type": "Feature", "properties": {"node_id": 3549, "degree": 1, "node_type": "endpoint", "node_kind": null}, "geometry": {"type": "Point", "coordinates": [328016.84375, 4680700.0]}}, {"type": "Feature", "properties": {"node_id": 3550, "degree": 1, "node_type": "endpoint", "node_kind": null}, "geometry": {"type": "Point", "coordinates": [327979.1875, 4680746.5]}}, {"type": "Feature", "properties": {"node_id": 3551, "degree": 1, "node_type": "endpoint", "node_kind": null}, "geometry": {"type": "Point", "coordinates": [328401.59375, 4680848.5]}}, {"type": "Feature", "properties": {"node_id": 3552, "degree": 1, "node_type": "endpoint", "node_kind": null}, "geometry": {"type": "Point", "coordinates": [328381.0625, 4680785.5]}}, {"type": "Feature", "properties": {"node_id": 3553, "degree": 1, "node_type": "endpoint", "node_kind": null}, "geometry": {"type": "Point", "coordinates": [328035.59375, 4680700.5]}}, {"type": "Feature", "properties": {"node_id": 3554, "degree": 1, "node_type": "endpoint", "node_kind": null}, "geometry": {"type": "Point", "coordinates": [328229.6875, 4680593.5]}}, {"type": "Feature", "properties": {"node_id": 3555, "degree": 1, "node_type": "endpoint", "node_kind": null}, "geometry": {"type": "Point", "coordinates": [328479.75, 4696071.5]}}, {"type": "Feature", "properties": {"node_id": 3556, "degree": 1, "node_type": "endpoint", "node_kind": null}, "geometry": {"type": "Point", "coordinates": [328538.5625, 4696269.5]}}, {"type": "Feature", "properties": {"node_id": 3557, "degree": 1, "node_type": "endpoint", "node_kind": null}, "geometry": {"type": "Point", "coordinates": [328479.4375, 4696169.5]}}, {"type": "Feature", "properties": {"node_id": 3558, "degree": 1, "node_type": "endpoint", "node_kind": null}, "geometry": {"type": "Point", "coordinates": [328506.4375, 4696259.5]}}, {"type": "Feature", "properties": {"node_id": 3559, "degree": 1, "node_type": "endpoint", "node_kind": null}, "geometry": {"type": "Point", "coordinates": [328036.9375, 4695809.5]}}, {"type": "Feature", "properties": {"node_id": 3560, "degree": 2, "node_type": "endpoint", "node_kind": null}, "geometry": {"type": "Point", "coordinates": [327977.40625, 4695797.0]}}, {"type": "Feature", "properties": {"node_id": 3561, "degree": 1, "node_type": "endpoint", "node_kind": null}, "geometry": {"type": "Point", "coordinates": [328363.65625, 4680540.5]}}, {"type": "Feature", "properties": {"node_id": 3562, "degree": 1, "node_type": "endpoint", "node_kind": null}, "geometry": {"type": "Point", "coordinates": [328376.25, 4680541.5]}}, {"type": "Feature", "properties": {"node_id": 3563, "degree": 1, "node_type": "endpoint", "node_kind": null}, "geometry": {"type": "Point", "coordinates": [328517.40625, 4680276.5]}}, {"type": "Feature", "properties": {"node_id": 3564, "degree": 1, "node_type": "endpoint", "node_kind": null}, "geometry": {"type": "Point", "coordinates": [328341.3125, 4680523.0]}}, {"type": "Feature", "properties": {"node_id": 3565, "degree": 1, "node_type": "endpoint", "node_kind": null}, "geometry": {"type": "Point", "coordinates": [328418.6875, 4680566.0]}}, {"type": "Feature", "properties": {"node_id": 3566, "degree": 1, "node_type": "endpoint", "node_kind": null}, "geometry": {"type": "Point", "coordinates": [328604.84375, 4680605.5]}}, {"type": "Feature", "properties": {"node_id": 3567, "degree": 1, "node_type": "endpoint", "node_kind": null}, "geometry": {"type": "Point", "coordinates": [328356.15625, 4680524.5]}}, {"type": "Feature", "properties": {"node_id": 3568, "degree": 1, "node_type": "endpoint", "node_kind": null}, "geometry": {"type": "Point", "coordinates": [328616.25, 4680158.0]}}, {"type": "Feature", "properties": {"node_id": 3569, "degree": 1, "node_type": "endpoint", "node_kind": null}, "geometry": {"type": "Point", "coordinates": [328032.0, 4680312.5]}}, {"type": "Feature", "properties": {"node_id": 3570, "degree": 1, "node_type": "endpoint", "node_kind": null}, "geometry": {"type": "Point", "coordinates": [328327.34375, 4679924.0]}}, {"type": "Feature", "properties": {"node_id": 3571, "degree": 1, "node_type": "endpoint", "node_kind": null}, "geometry": {"type": "Point", "coordinates": [328436.6875, 4680555.0]}}, {"type": "Feature", "properties": {"node_id": 3572, "degree": 1, "node_type": "endpoint", "node_kind": null}, "geometry": {"type": "Point", "coordinates": [328490.40625, 4680566.0]}}, {"type": "Feature", "properties": {"node_id": 3573, "degree": 1, "node_type": "endpoint", "node_kind": null}, "geometry": {"type": "Point", "coordinates": [328358.5625, 4695012.0]}}, {"type": "Feature", "properties": {"node_id": 3574, "degree": 1, "node_type": "endpoint", "node_kind": null}, "geometry": {"type": "Point", "coordinates": [328398.4375, 4694986.0]}}, {"type": "Feature", "properties": {"node_id": 3575, "degree": 1, "node_type": "endpoint", "node_kind": null}, "geometry": {"type": "Point", "coordinates": [328070.6875, 4695203.5]}}, {"type": "Feature", "properties": {"node_id": 3576, "degree": 1, "node_type": "endpoint", "node_kind": null}, "geometry": {"type": "Point", "coordinates": [327966.0, 4695277.5]}}, {"type": "Feature", "properties": {"node_id": 3577, "degree": 1, "node_type": "endpoint", "node_kind": null}, "geometry": {"type": "Point", "coordinates": [328143.15625, 4695152.0]}}, {"type": "Feature", "properties": {"node_id": 3578, "degree": 1, "node_type": "endpoint", "node_kind": null}, "geometry": {"type": "Point", "coordinates": [328230.90625, 4695094.5]}}, {"type": "Feature", "properties": {"node_id": 3579, "degree": 1, "node_type": "endpoint", "node_kind": null}, "geometry": {"type": "Point", "coordinates": [328357.9375, 4694990.0]}}, {"type": "Feature", "properties": {"node_id": 3580, "degree": 1, "node_type": "endpoint", "node_kind": null}, "geometry": {"type": "Point", "coordinates": [328396.9375, 4694966.5]}}, {"type": "Feature", "properties": {"node_id": 3581, "degree": 1, "node_type": "endpoint", "node_kind": null}, "geometry": {"type": "Point", "coordinates": [328147.65625, 4695154.5]}}, {"type": "Feature", "properties": {"node_id": 3582, "degree": 1, "node_type": "endpoint", "node_kind": null}, "geometry": {"type": "Point", "coordinates": [328176.4375, 4695135.0]}}, {"type": "Feature", "properties": {"node_id": 3583, "degree": 1, "node_type": "endpoint", "node_kind": null}, "geometry": {"type": "Point", "coordinates": [327995.6875, 4695254.0]}}, {"type": "Feature", "properties": {"node_id": 3584, "degree": 1, "node_type": "endpoint", "node_kind": null}, "geometry": {"type": "Point", "coordinates": [327965.09375, 4695276.5]}}, {"type": "Feature", "properties": {"node_id": 3585, "degree": 1, "node_type": "endpoint", "node_kind": null}, "geometry": {"type": "Point", "coordinates": [328379.84375, 4694977.5]}}, {"type": "Feature", "properties": {"node_id": 3586, "degree": 1, "node_type": "endpoint", "node_kind": null}, "geometry": {"type": "Point", "coordinates": [328840.0625, 4694763.0]}}, {"type": "Feature", "properties": {"node_id": 3587, "degree": 1, "node_type": "endpoint", "node_kind": null}, "geometry": {"type": "Point", "coordinates": [328378.34375, 4694996.0]}}, {"type": "Feature", "properties": {"node_id": 3588, "degree": 1, "node_type": "endpoint", "node_kind": null}, "geometry": {"type": "Point", "coordinates": [328845.90625, 4694775.0]}}, {"type": "Feature", "properties": {"node_id": 3589, "degree": 1, "node_type": "endpoint", "node_kind": null}, "geometry": {"type": "Point", "coordinates": [328499.5625, 4694906.5]}}, {"type": "Feature", "properties": {"node_id": 3590, "degree": 1, "node_type": "endpoint", "node_kind": null}, "geometry": {"type": "Point", "coordinates": [328451.40625, 4694932.5]}}, {"type": "Feature", "properties": {"node_id": 3591, "degree": 1, "node_type": "endpoint", "node_kind": null}, "geometry": {"type": "Point", "coordinates": [328429.34375, 4694246.0]}}, {"type": "Feature", "properties": {"node_id": 3592, "degree": 1, "node_type": "endpoint", "node_kind": null}, "geometry": {"type": "Point", "coordinates": [328306.34375, 4694223.5]}}, {"type": "Feature", "properties": {"node_id": 3593, "degree": 1, "node_type": "endpoint", "node_kind": null}, "geometry": {"type": "Point", "coordinates": [328407.15625, 4694254.5]}}, {"type": "Feature", "properties": {"node_id": 3594, "degree": 1, "node_type": "endpoint", "node_kind": null}, "geometry": {"type": "Point", "coordinates": [328232.6875, 4694225.0]}}, {"type": "Feature", "properties": {"node_id": 3595, "degree": 1, "node_type": "endpoint", "node_kind": null}, "geometry": {"type": "Point", "coordinates": [328368.0, 4694249.5]}}, {"type": "Feature", "properties": {"node_id": 3596, "degree": 1, "node_type": "endpoint", "node_kind": null}, "geometry": {"type": "Point", "coordinates": [328620.90625, 4694294.5]}}, {"type": "Feature", "properties": {"node_id": 3597, "degree": 1, "node_type": "endpoint", "node_kind": null}, "geometry": {"type": "Point", "coordinates": [328181.40625, 4694192.0]}}, {"type": "Feature", "properties": {"node_id": 3598, "degree": 1, "node_type": "endpoint", "node_kind": null}, "geometry": {"type": "Point", "coordinates": [328130.6875, 4694178.0]}}, {"type": "Feature", "properties": {"node_id": 3599, "degree": 1, "node_type": "endpoint", "node_kind": null}, "geometry": {"type": "Point", "coordinates": [327984.3125, 4693850.0]}}, {"type": "Feature", "properties": {"node_id": 3600, "degree": 2, "node_type": "endpoint", "node_kind": null}, "geometry": {"type": "Point", "coordinates": [327991.1875, 4693807.0]}}, {"type": "Feature", "properties": {"node_id": 3601, "degree": 1, "node_type": "endpoint", "node_kind": null}, "geometry": {"type": "Point", "coordinates": [327936.0, 4694149.5]}}, {"type": "Feature", "properties": {"node_id": 3602, "degree": 1, "node_type": "endpoint", "node_kind": null}, "geometry": {"type": "Point", "coordinates": [327934.9375, 4694154.5]}}, {"type": "Feature", "properties": {"node_id": 3603, "degree": 1, "node_type": "endpoint", "node_kind": null}, "geometry": {"type": "Point", "coordinates": [328164.0, 4694188.5]}}, {"type": "Feature", "properties": {"node_id": 3604, "degree": 1, "node_type": "endpoint", "node_kind": null}, "geometry": {"type": "Point", "coordinates": [328228.65625, 4694209.0]}}, {"type": "Feature", "properties": {"node_id": 3605, "degree": 1, "node_type": "endpoint", "node_kind": null}, "geometry": {"type": "Point", "coordinates": [328138.1875, 4694187.0]}}, {"type": "Feature", "properties": {"node_id": 3606, "degree": 1, "node_type": "endpoint", "node_kind": null}, "geometry": {"type": "Point", "coordinates": [328170.90625, 4694197.0]}}, {"type": "Feature", "properties": {"node_id": 3607, "degree": 1, "node_type": "endpoint", "node_kind": null}, "geometry": {"type": "Point", "coordinates": [328161.15625, 4694189.5]}}, {"type": "Feature", "properties": {"node_id": 3608, "degree": 1, "node_type": "endpoint", "node_kind": null}, "geometry": {"type": "Point", "coordinates": [328127.6875, 4694180.0]}}, {"type": "Feature", "properties": {"node_id": 3609, "degree": 1, "node_type": "endpoint", "node_kind": null}, "geometry": {"type": "Point", "coordinates": [328030.34375, 4693839.0]}}, {"type": "Feature", "properties": {"node_id": 3610, "degree": 1, "node_type": "endpoint", "node_kind": null}, "geometry": {"type": "Point", "coordinates": [328010.84375, 4693965.5]}}, {"type": "Feature", "properties": {"node_id": 3611, "degree": 1, "node_type": "endpoint", "node_kind": null}, "geometry": {"type": "Point", "coordinates": [327977.84375, 4693798.5]}}, {"type": "Feature", "properties": {"node_id": 3612, "degree": 1, "node_type": "endpoint", "node_kind": null}, "geometry": {"type": "Point", "coordinates": [327948.90625, 4693818.5]}}, {"type": "Feature", "properties": {"node_id": 3613, "degree": 1, "node_type": "endpoint", "node_kind": null}, "geometry": {"type": "Point", "coordinates": [328006.9375, 4693682.5]}}, {"type": "Feature", "properties": {"node_id": 3614, "degree": 2, "node_type": "endpoint", "node_kind": null}, "geometry": {"type": "Point", "coordinates": [327996.0, 4693758.5]}}, {"type": "Feature", "properties": {"node_id": 3615, "degree": 1, "node_type": "endpoint", "node_kind": null}, "geometry": {"type": "Point", "coordinates": [328227.3125, 4693300.0]}}, {"type": "Feature", "properties": {"node_id": 3616, "degree": 1, "node_type": "endpoint", "node_kind": null}, "geometry": {"type": "Point", "coordinates": [328351.0625, 4693236.5]}}, {"type": "Feature", "properties": {"node_id": 3617, "degree": 1, "node_type": "endpoint", "node_kind": null}, "geometry": {"type": "Point", "coordinates": [327980.84375, 4693783.0]}}, {"type": "Feature", "properties": {"node_id": 3618, "degree": 1, "node_type": "endpoint", "node_kind": null}, "geometry": {"type": "Point", "coordinates": [327958.9375, 4693797.0]}}, {"type": "Feature", "properties": {"node_id": 3619, "degree": 1, "node_type": "endpoint", "node_kind": null}, "geometry": {"type": "Point", "coordinates": [327951.3125, 4693814.5]}}, {"type": "Feature", "properties": {"node_id": 3620, "degree": 1, "node_type": "endpoint", "node_kind": null}, "geometry": {"type": "Point", "coordinates": [327989.84375, 4693788.0]}}, {"type": "Feature", "properties": {"node_id": 3621, "degree": 1, "node_type": "endpoint", "node_kind": null}, "geometry": {"type": "Point", "coordinates": [328031.40625, 4693627.0]}}, {"type": "Feature", "properties": {"node_id": 3622, "degree": 1, "node_type": "endpoint", "node_kind": null}, "geometry": {"type": "Point", "coordinates": [328014.4375, 4693689.0]}}, {"type": "Feature", "properties": {"node_id": 3623, "degree": 1, "node_type": "endpoint", "node_kind": null}, "geometry": {"type": "Point", "coordinates": [328519.9375, 4692456.5]}}, {"type": "Feature", "properties": {"node_id": 3624, "degree": 1, "node_type": "endpoint", "node_kind": null}, "geometry": {"type": "Point", "coordinates": [328503.90625, 4692421.0]}}, {"type": "Feature", "properties": {"node_id": 3625, "degree": 1, "node_type": "endpoint", "node_kind": null}, "geometry": {"type": "Point", "coordinates": [328229.25, 4692114.5]}}, {"type": "Feature", "properties": {"node_id": 3626, "degree": 1, "node_type": "endpoint", "node_kind": null}, "geometry": {"type": "Point", "coordinates": [328263.4375, 4692110.0]}}, {"type": "Feature", "properties": {"node_id": 3627, "degree": 1, "node_type": "endpoint", "node_kind": null}, "geometry": {"type": "Point", "coordinates": [328054.9375, 4692191.0]}}, {"type": "Feature", "properties": {"node_id": 3628, "degree": 1, "node_type": "endpoint", "node_kind": null}, "geometry": {"type": "Point", "coordinates": [328051.65625, 4692164.0]}}, {"type": "Feature", "properties": {"node_id": 3629, "degree": 1, "node_type": "endpoint", "node_kind": null}, "geometry": {"type": "Point", "coordinates": [328480.5, 4692094.0]}}, {"type": "Feature", "properties": {"node_id": 3630, "degree": 1, "node_type": "endpoint", "node_kind": null}, "geometry": {"type": "Point", "coordinates": [328379.5625, 4692139.5]}}, {"type": "Feature", "properties": {"node_id": 3631, "degree": 1, "node_type": "endpoint", "node_kind": null}, "geometry": {"type": "Point", "coordinates": [328291.1875, 4692115.5]}}, {"type": "Feature", "properties": {"node_id": 3632, "degree": 1, "node_type": "endpoint", "node_kind": null}, "geometry": {"type": "Point", "coordinates": [328229.40625, 4692123.5]}}, {"type": "Feature", "properties": {"node_id": 3633, "degree": 1, "node_type": "endpoint", "node_kind": null}, "geometry": {"type": "Point", "coordinates": [328105.1875, 4692130.0]}}, {"type": "Feature", "properties": {"node_id": 3634, "degree": 1, "node_type": "endpoint", "node_kind": null}, "geometry": {"type": "Point", "coordinates": [328079.84375, 4692134.0]}}, {"type": "Feature", "properties": {"node_id": 3635, "degree": 1, "node_type": "endpoint", "node_kind": null}, "geometry": {"type": "Point", "coordinates": [328349.5625, 4692523.0]}}, {"type": "Feature", "properties": {"node_id": 3636, "degree": 1, "node_type": "endpoint", "node_kind": null}, "geometry": {"type": "Point", "coordinates": [328283.09375, 4692536.5]}}, {"type": "Feature", "properties": {"node_id": 3637, "degree": 1, "node_type": "endpoint", "node_kind": null}, "geometry": {"type": "Point", "coordinates": [328070.5625, 4692149.0]}}, {"type": "Feature", "properties": {"node_id": 3638, "degree": 1, "node_type": "endpoint", "node_kind": null}, "geometry": {"type": "Point", "coordinates": [328185.15625, 4692135.0]}}, {"type": "Feature", "properties": {"node_id": 3639, "degree": 1, "node_type": "endpoint", "node_kind": null}, "geometry": {"type": "Point", "coordinates": [328053.4375, 4692192.0]}}, {"type": "Feature", "properties": {"node_id": 3640, "degree": 1, "node_type": "endpoint", "node_kind": null}, "geometry": {"type": "Point", "coordinates": [328049.84375, 4692164.5]}}, {"type": "Feature", "properties": {"node_id": 3641, "degree": 1, "node_type": "endpoint", "node_kind": null}, "geometry": {"type": "Point", "coordinates": [328080.90625, 4692136.0]}}, {"type": "Feature", "properties": {"node_id": 3642, "degree": 1, "node_type": "endpoint", "node_kind": null}, "geometry": {"type": "Point", "coordinates": [328123.8125, 4692130.0]}}, {"type": "Feature", "properties": {"node_id": 3643, "degree": 1, "node_type": "endpoint", "node_kind": null}, "geometry": {"type": "Point", "coordinates": [328518.4375, 4697244.5]}}, {"type": "Feature", "properties": {"node_id": 3644, "degree": 1, "node_type": "endpoint", "node_kind": null}, "geometry": {"type": "Point", "coordinates": [328606.9375, 4697096.0]}}, {"type": "Feature", "properties": {"node_id": 3645, "degree": 2, "node_type": "endpoint", "node_kind": null}, "geometry": {"type": "Point", "coordinates": [328080.15625, 4691870.5]}}, {"type": "Feature", "properties": {"node_id": 3646, "degree": 1, "node_type": "endpoint", "node_kind": null}, "geometry": {"type": "Point", "coordinates": [328059.90625, 4691918.0]}}, {"type": "Feature", "properties": {"node_id": 3647, "degree": 2, "node_type": "endpoint", "node_kind": null}, "geometry": {"type": "Point", "coordinates": [328124.25, 4691765.5]}}, {"type": "Feature", "properties": {"node_id": 3648, "degree": 1, "node_type": "endpoint", "node_kind": null}, "geometry": {"type": "Point", "coordinates": [328130.25, 4691751.0]}}, {"type": "Feature", "properties": {"node_id": 3649, "degree": 2, "node_type": "endpoint", "node_kind": null}, "geometry": {"type": "Point", "coordinates": [328093.9375, 4691837.5]}}, {"type": "Feature", "properties": {"node_id": 3650, "degree": 2, "node_type": "endpoint", "node_kind": null}, "geometry": {"type": "Point", "coordinates": [328114.5, 4691790.5]}}, {"type": "Feature", "properties": {"node_id": 3651, "degree": 1, "node_type": "endpoint", "node_kind": null}, "geometry": {"type": "Point", "coordinates": [328033.9375, 4691981.5]}}, {"type": "Feature", "properties": {"node_id": 3652, "degree": 1, "node_type": "endpoint", "node_kind": null}, "geometry": {"type": "Point", "coordinates": [328040.5625, 4692074.5]}}, {"type": "Feature", "properties": {"node_id": 3653, "degree": 1, "node_type": "endpoint", "node_kind": null}, "geometry": {"type": "Point", "coordinates": [328320.59375, 4691814.0]}}, {"type": "Feature", "properties": {"node_id": 3654, "degree": 1, "node_type": "endpoint", "node_kind": null}, "geometry": {"type": "Point", "coordinates": [328278.4375, 4691796.0]}}, {"type": "Feature", "properties": {"node_id": 3655, "degree": 1, "node_type": "endpoint", "node_kind": null}, "geometry": {"type": "Point", "coordinates": [328251.0, 4691033.5]}}, {"type": "Feature", "properties": {"node_id": 3656, "degree": 1, "node_type": "endpoint", "node_kind": null}, "geometry": {"type": "Point", "coordinates": [328231.0625, 4691027.0]}}, {"type": "Feature", "properties": {"node_id": 3657, "degree": 1, "node_type": "endpoint", "node_kind": null}, "geometry": {"type": "Point", "coordinates": [328068.75, 4690687.0]}}, {"type": "Feature", "properties": {"node_id": 3658, "degree": 1, "node_type": "endpoint", "node_kind": null}, "geometry": {"type": "Point", "coordinates": [328032.59375, 4690669.0]}}, {"type": "Feature", "properties": {"node_id": 3659, "degree": 1, "node_type": "endpoint", "node_kind": null}, "geometry": {"type": "Point", "coordinates": [327965.6875, 4690636.0]}}, {"type": "Feature", "properties": {"node_id": 3660, "degree": 1, "node_type": "endpoint", "node_kind": null}, "geometry": {"type": "Point", "coordinates": [327958.9375, 4690657.0]}}, {"type": "Feature", "properties": {"node_id": 3661, "degree": 1, "node_type": "endpoint", "node_kind": null}, "geometry": {"type": "Point", "coordinates": [328003.9375, 4690574.0]}}, {"type": "Feature", "properties": {"node_id": 3662, "degree": 1, "node_type": "endpoint", "node_kind": null}, "geometry": {"type": "Point", "coordinates": [327990.75, 4690613.0]}}, {"type": "Feature", "properties": {"node_id": 3663, "degree": 1, "node_type": "endpoint", "node_kind": null}, "geometry": {"type": "Point", "coordinates": [328212.4375, 4690621.5]}}, {"type": "Feature", "properties": {"node_id": 3664, "degree": 1, "node_type": "endpoint", "node_kind": null}, "geometry": {"type": "Point", "coordinates": [328192.8125, 4690679.5]}}, {"type": "Feature", "properties": {"node_id": 3665, "degree": 1, "node_type": "endpoint", "node_kind": null}, "geometry": {"type": "Point", "coordinates": [328263.3125, 4690386.0]}}, {"type": "Feature", "properties": {"node_id": 3666, "degree": 1, "node_type": "endpoint", "node_kind": null}, "geometry": {"type": "Point", "coordinates": [328253.09375, 4690415.5]}}, {"type": "Feature", "properties": {"node_id": 3667, "degree": 1, "node_type": "endpoint", "node_kind": null}, "geometry": {"type": "Point", "coordinates": [328308.15625, 4690544.0]}}, {"type": "Feature", "properties": {"node_id": 3668, "degree": 2, "node_type": "endpoint", "node_kind": null}, "geometry": {"type": "Point", "coordinates": [328353.3125, 4690559.5]}}, {"type": "Feature", "properties": {"node_id": 3669, "degree": 1, "node_type": "endpoint", "node_kind": null}, "geometry": {"type": "Point", "coordinates": [328429.0625, 4690584.5]}}, {"type": "Feature", "properties": {"node_id": 3670, "degree": 2, "node_type": "endpoint", "node_kind": null}, "geometry": {"type": "Point", "coordinates": [328379.09375, 4690569.0]}}, {"type": "Feature", "properties": {"node_id": 3671, "degree": 1, "node_type": "endpoint", "node_kind": null}, "geometry": {"type": "Point", "coordinates": [328243.1875, 4690411.5]}}, {"type": "Feature", "properties": {"node_id": 3672, "degree": 1, "node_type": "endpoint", "node_kind": null}, "geometry": {"type": "Point", "coordinates": [328249.5, 4690391.5]}}, {"type": "Feature", "properties": {"node_id": 3673, "degree": 2, "node_type": "endpoint", "node_kind": null}, "geometry": {"type": "Point", "coordinates": [328442.5625, 4690788.5]}}, {"type": "Feature", "properties": {"node_id": 3674, "degree": 2, "node_type": "endpoint", "node_kind": null}, "geometry": {"type": "Point", "coordinates": [328318.9375, 4690746.5]}}, {"type": "Feature", "properties": {"node_id": 3675, "degree": 1, "node_type": "endpoint", "node_kind": null}, "geometry": {"type": "Point", "coordinates": [328214.09375, 4690621.5]}}, {"type": "Feature", "properties": {"node_id": 3676, "degree": 1, "node_type": "endpoint", "node_kind": null}, "geometry": {"type": "Point", "coordinates": [328192.8125, 4690684.5]}}, {"type": "Feature", "properties": {"node_id": 3677, "degree": 1, "node_type": "endpoint", "node_kind": null}, "geometry": {"type": "Point", "coordinates": [328194.90625, 4690705.0]}}, {"type": "Feature", "properties": {"node_id": 3678, "degree": 2, "node_type": "endpoint", "node_kind": null}, "geometry": {"type": "Point", "coordinates": [328294.8125, 4690738.5]}}, {"type": "Feature", "properties": {"node_id": 3679, "degree": 1, "node_type": "endpoint", "node_kind": null}, "geometry": {"type": "Point", "coordinates": [328341.59375, 4690551.5]}}, {"type": "Feature", "properties": {"node_id": 3680, "degree": 1, "node_type": "endpoint", "node_kind": null}, "geometry": {"type": "Point", "coordinates": [328260.15625, 4690524.0]}}, {"type": "Feature", "properties": {"node_id": 3681, "degree": 1, "node_type": "endpoint", "node_kind": null}, "geometry": {"type": "Point", "coordinates": [328177.0625, 4690485.0]}}, {"type": "Feature", "properties": {"node_id": 3682, "degree": 1, "node_type": "endpoint", "node_kind": null}, "geometry": {"type": "Point", "coordinates": [328200.90625, 4690493.0]}}, {"type": "Feature", "properties": {"node_id": 3683, "degree": 1, "node_type": "endpoint", "node_kind": null}, "geometry": {"type": "Point", "coordinates": [327929.5625, 4690404.0]}}, {"type": "Feature", "properties": {"node_id": 3684, "degree": 1, "node_type": "endpoint", "node_kind": null}, "geometry": {"type": "Point", "coordinates": [328014.0, 4690431.5]}}, {"type": "Feature", "properties": {"node_id": 3685, "degree": 1, "node_type": "endpoint", "node_kind": null}, "geometry": {"type": "Point", "coordinates": [328261.34375, 4690526.5]}}, {"type": "Feature", "properties": {"node_id": 3686, "degree": 1, "node_type": "endpoint", "node_kind": null}, "geometry": {"type": "Point", "coordinates": [328340.6875, 4690553.0]}}, {"type": "Feature", "properties": {"node_id": 3687, "degree": 1, "node_type": "endpoint", "node_kind": null}, "geometry": {"type": "Point", "coordinates": [328102.1875, 4690676.0]}}, {"type": "Feature", "properties": {"node_id": 3688, "degree": 1, "node_type": "endpoint", "node_kind": null}, "geometry": {"type": "Point", "coordinates": [327997.34375, 4690655.0]}}, {"type": "Feature", "properties": {"node_id": 3689, "degree": 1, "node_type": "endpoint", "node_kind": null}, "geometry": {"type": "Point", "coordinates": [328473.90625, 4690832.5]}}, {"type": "Feature", "properties": {"node_id": 3690, "degree": 1, "node_type": "endpoint", "node_kind": null}, "geometry": {"type": "Point", "coordinates": [328638.59375, 4690888.0]}}, {"type": "Feature", "properties": {"node_id": 3691, "degree": 1, "node_type": "endpoint", "node_kind": null}, "geometry": {"type": "Point", "coordinates": [328051.5, 4690432.5]}}, {"type": "Feature", "properties": {"node_id": 3692, "degree": 1, "node_type": "endpoint", "node_kind": null}, "geometry": {"type": "Point", "coordinates": [328095.75, 4690301.0]}}, {"type": "Feature", "properties": {"node_id": 3693, "degree": 1, "node_type": "endpoint", "node_kind": null}, "geometry": {"type": "Point", "coordinates": [328168.9375, 4690690.0]}}, {"type": "Feature", "properties": {"node_id": 3694, "degree": 1, "node_type": "endpoint", "node_kind": null}, "geometry": {"type": "Point", "coordinates": [328101.3125, 4690668.5]}}, {"type": "Feature", "properties": {"node_id": 3695, "degree": 1, "node_type": "endpoint", "node_kind": null}, "geometry": {"type": "Point", "coordinates": [328170.3125, 4690687.5]}}, {"type": "Feature", "properties": {"node_id": 3696, "degree": 1, "node_type": "endpoint", "node_kind": null}, "geometry": {"type": "Point", "coordinates": [328066.65625, 4690653.5]}}, {"type": "Feature", "properties": {"node_id": 3697, "degree": 1, "node_type": "endpoint", "node_kind": null}, "geometry": {"type": "Point", "coordinates": [328518.90625, 4690615.0]}}, {"type": "Feature", "properties": {"node_id": 3698, "degree": 1, "node_type": "endpoint", "node_kind": null}, "geometry": {"type": "Point", "coordinates": [328498.0625, 4690608.0]}}, {"type": "Feature", "properties": {"node_id": 3699, "degree": 1, "node_type": "endpoint", "node_kind": null}, "geometry": {"type": "Point", "coordinates": [328119.0, 4690181.0]}}, {"type": "Feature", "properties": {"node_id": 3700, "degree": 1, "node_type": "endpoint", "node_kind": null}, "geometry": {"type": "Point", "coordinates": [328096.8125, 4690247.0]}}, {"type": "Feature", "properties": {"node_id": 3701, "degree": 1, "node_type": "endpoint", "node_kind": null}, "geometry": {"type": "Point", "coordinates": [328342.0625, 4689869.5]}}, {"type": "Feature", "properties": {"node_id": 3702, "degree": 1, "node_type": "endpoint", "node_kind": null}, "geometry": {"type": "Point", "coordinates": [328390.5, 4689824.0]}}, {"type": "Feature", "properties": {"node_id": 3703, "degree": 1, "node_type": "endpoint", "node_kind": null}, "geometry": {"type": "Point", "coordinates": [327957.90625, 4690063.5]}}, {"type": "Feature", "properties": {"node_id": 3704, "degree": 1, "node_type": "endpoint", "node_kind": null}, "geometry": {"type": "Point", "coordinates": [328024.65625, 4690048.5]}}, {"type": "Feature", "properties": {"node_id": 3705, "degree": 1, "node_type": "endpoint", "node_kind": null}, "geometry": {"type": "Point", "coordinates": [328204.9375, 4689743.0]}}, {"type": "Feature", "properties": {"node_id": 3706, "degree": 1, "node_type": "endpoint", "node_kind": null}, "geometry": {"type": "Point", "coordinates": [328277.6875, 4689820.0]}}, {"type": "Feature", "properties": {"node_id": 3707, "degree": 1, "node_type": "endpoint", "node_kind": null}, "geometry": {"type": "Point", "coordinates": [328326.3125, 4689506.0]}}, {"type": "Feature", "properties": {"node_id": 3708, "degree": 1, "node_type": "endpoint", "node_kind": null}, "geometry": {"type": "Point", "coordinates": [328355.25, 4689536.0]}}, {"type": "Feature", "properties": {"node_id": 3709, "degree": 1, "node_type": "endpoint", "node_kind": null}, "geometry": {"type": "Point", "coordinates": [328109.25, 4689328.5]}}, {"type": "Feature", "properties": {"node_id": 3710, "degree": 1, "node_type": "endpoint", "node_kind": null}, "geometry": {"type": "Point", "coordinates": [328128.0, 4689344.0]}}, {"type": "Feature", "properties": {"node_id": 3711, "degree": 1, "node_type": "endpoint", "node_kind": null}, "geometry": {"type": "Point", "coordinates": [328093.5, 4689293.0]}}, {"type": "Feature", "properties": {"node_id": 3712, "degree": 1, "node_type": "endpoint", "node_kind": null}, "geometry": {"type": "Point", "coordinates": [328024.8125, 4689242.0]}}, {"type": "Feature", "properties": {"node_id": 3713, "degree": 1, "node_type": "endpoint", "node_kind": null}, "geometry": {"type": "Point", "coordinates": [328140.4375, 4689333.0]}}, {"type": "Feature", "properties": {"node_id": 3714, "degree": 1, "node_type": "endpoint", "node_kind": null}, "geometry": {"type": "Point", "coordinates": [328108.65625, 4689308.0]}}, {"type": "Feature", "properties": {"node_id": 3715, "degree": 1, "node_type": "endpoint", "node_kind": null}, "geometry": {"type": "Point", "coordinates": [328013.6875, 4689215.0]}}, {"type": "Feature", "properties": {"node_id": 3716, "degree": 1, "node_type": "endpoint", "node_kind": null}, "geometry": {"type": "Point", "coordinates": [328047.3125, 4689165.5]}}, {"type": "Feature", "properties": {"node_id": 3717, "degree": 1, "node_type": "endpoint", "node_kind": null}, "geometry": {"type": "Point", "coordinates": [328315.0625, 4689476.0]}}, {"type": "Feature", "properties": {"node_id": 3718, "degree": 1, "node_type": "endpoint", "node_kind": null}, "geometry": {"type": "Point", "coordinates": [328202.84375, 4689385.0]}}, {"type": "Feature", "properties": {"node_id": 3719, "degree": 1, "node_type": "endpoint", "node_kind": null}, "geometry": {"type": "Point", "coordinates": [328301.6875, 4689463.0]}}, {"type": "Feature", "properties": {"node_id": 3720, "degree": 1, "node_type": "endpoint", "node_kind": null}, "geometry": {"type": "Point", "coordinates": [328242.59375, 4689415.0]}}, {"type": "Feature", "properties": {"node_id": 3721, "degree": 1, "node_type": "endpoint", "node_kind": null}, "geometry": {"type": "Point", "coordinates": [328124.84375, 4689339.0]}}, {"type": "Feature", "properties": {"node_id": 3722, "degree": 1, "node_type": "endpoint", "node_kind": null}, "geometry": {"type": "Point", "coordinates": [328041.59375, 4689273.5]}}, {"type": "Feature", "properties": {"node_id": 3723, "degree": 1, "node_type": "endpoint", "node_kind": null}, "geometry": {"type": "Point", "coordinates": [328369.34375, 4689547.5]}}, {"type": "Feature", "properties": {"node_id": 3724, "degree": 1, "node_type": "endpoint", "node_kind": null}, "geometry": {"type": "Point", "coordinates": [328290.75, 4689472.0]}}, {"type": "Feature", "properties": {"node_id": 3725, "degree": 1, "node_type": "endpoint", "node_kind": null}, "geometry": {"type": "Point", "coordinates": [328488.15625, 4689655.0]}}, {"type": "Feature", "properties": {"node_id": 3726, "degree": 1, "node_type": "endpoint", "node_kind": null}, "geometry": {"type": "Point", "coordinates": [328398.0, 4689563.5]}}, {"type": "Feature", "properties": {"node_id": 3727, "degree": 1, "node_type": "endpoint", "node_kind": null}, "geometry": {"type": "Point", "coordinates": [328049.09375, 4689753.0]}}, {"type": "Feature", "properties": {"node_id": 3728, "degree": 1, "node_type": "endpoint", "node_kind": null}, "geometry": {"type": "Point", "coordinates": [327927.59375, 4689693.5]}}, {"type": "Feature", "properties": {"node_id": 3729, "degree": 1, "node_type": "endpoint", "node_kind": null}, "geometry": {"type": "Point", "coordinates": [328206.75, 4688830.5]}}, {"type": "Feature", "properties": {"node_id": 3730, "degree": 1, "node_type": "endpoint", "node_kind": null}, "geometry": {"type": "Point", "coordinates": [327978.75, 4689017.0]}}, {"type": "Feature", "properties": {"node_id": 3731, "degree": 1, "node_type": "endpoint", "node_kind": null}, "geometry": {"type": "Point", "coordinates": [328349.5625, 4688202.5]}}, {"type": "Feature", "properties": {"node_id": 3732, "degree": 1, "node_type": "endpoint", "node_kind": null}, "geometry": {"type": "Point", "coordinates": [328343.40625, 4688145.5]}}, {"type": "Feature", "properties": {"node_id": 3733, "degree": 1, "node_type": "endpoint", "node_kind": null}, "geometry": {"type": "Point", "coordinates": [328378.8125, 4688369.5]}}, {"type": "Feature", "properties": {"node_id": 3734, "degree": 1, "node_type": "endpoint", "node_kind": null}, "geometry": {"type": "Point", "coordinates": [328357.0625, 4688373.0]}}, {"type": "Feature", "properties": {"node_id": 3735, "degree": 1, "node_type": "endpoint", "node_kind": null}, "geometry": {"type": "Point", "coordinates": [328357.65625, 4688245.5]}}, {"type": "Feature", "properties": {"node_id": 3736, "degree": 1, "node_type": "endpoint", "node_kind": null}, "geometry": {"type": "Point", "coordinates": [328362.0, 4688270.0]}}, {"type": "Feature", "properties": {"node_id": 3737, "degree": 2, "node_type": "endpoint", "node_kind": null}, "geometry": {"type": "Point", "coordinates": [328351.0625, 4688078.0]}}, {"type": "Feature", "properties": {"node_id": 3738, "degree": 2, "node_type": "endpoint", "node_kind": null}, "geometry": {"type": "Point", "coordinates": [328360.5, 4688131.5]}}, {"type": "Feature", "properties": {"node_id": 3739, "degree": 1, "node_type": "endpoint", "node_kind": null}, "geometry": {"type": "Point", "coordinates": [328383.4375, 4688299.5]}}, {"type": "Feature", "properties": {"node_id": 3740, "degree": 2, "node_type": "endpoint", "node_kind": null}, "geometry": {"type": "Point", "coordinates": [328363.1875, 4688154.5]}}, {"type": "Feature", "properties": {"node_id": 3741, "degree": 1, "node_type": "endpoint", "node_kind": null}, "geometry": {"type": "Point", "coordinates": [328048.65625, 4688293.0]}}, {"type": "Feature", "properties": {"node_id": 3742, "degree": 1, "node_type": "endpoint", "node_kind": null}, "geometry": {"type": "Point", "coordinates": [328068.3125, 4688321.0]}}, {"type": "Feature", "properties": {"node_id": 3743, "degree": 1, "node_type": "endpoint", "node_kind": null}, "geometry": {"type": "Point", "coordinates": [328345.65625, 4688203.5]}}, {"type": "Feature", "properties": {"node_id": 3744, "degree": 1, "node_type": "endpoint", "node_kind": null}, "geometry": {"type": "Point", "coordinates": [328341.75, 4688167.5]}}, {"type": "Feature", "properties": {"node_id": 3745, "degree": 1, "node_type": "endpoint", "node_kind": null}, "geometry": {"type": "Point", "coordinates": [327942.3125, 4687992.0]}}, {"type": "Feature", "properties": {"node_id": 3746, "degree": 1, "node_type": "endpoint", "node_kind": null}, "geometry": {"type": "Point", "coordinates": [327976.8125, 4688093.0]}}, {"type": "Feature", "properties": {"node_id": 3747, "degree": 1, "node_type": "endpoint", "node_kind": null}, "geometry": {"type": "Point", "coordinates": [328133.5625, 4688366.0]}}, {"type": "Feature", "properties": {"node_id": 3748, "degree": 1, "node_type": "endpoint", "node_kind": null}, "geometry": {"type": "Point", "coordinates": [328183.0625, 4688391.5]}}, {"type": "Feature", "properties": {"node_id": 3749, "degree": 1, "node_type": "endpoint", "node_kind": null}, "geometry": {"type": "Point", "coordinates": [328374.90625, 4688243.5]}}, {"type": "Feature", "properties": {"node_id": 3750, "degree": 1, "node_type": "endpoint", "node_kind": null}, "geometry": {"type": "Point", "coordinates": [328382.5625, 4688285.5]}}, {"type": "Feature", "properties": {"node_id": 3751, "degree": 1, "node_type": "endpoint", "node_kind": null}, "geometry": {"type": "Point", "coordinates": [328448.25, 4687613.5]}}, {"type": "Feature", "properties": {"node_id": 3752, "degree": 1, "node_type": "endpoint", "node_kind": null}, "geometry": {"type": "Point", "coordinates": [328379.84375, 4687918.5]}}, {"type": "Feature", "properties": {"node_id": 3753, "degree": 1, "node_type": "endpoint", "node_kind": null}, "geometry": {"type": "Point", "coordinates": [328377.3125, 4687830.0]}}, {"type": "Feature", "properties": {"node_id": 3754, "degree": 1, "node_type": "endpoint", "node_kind": null}, "geometry": {"type": "Point", "coordinates": [328388.09375, 4687780.5]}}, {"type": "Feature", "properties": {"node_id": 3755, "degree": 1, "node_type": "endpoint", "node_kind": null}, "geometry": {"type": "Point", "coordinates": [328307.5625, 4687845.0]}}, {"type": "Feature", "properties": {"node_id": 3756, "degree": 1, "node_type": "endpoint", "node_kind": null}, "geometry": {"type": "Point", "coordinates": [328277.84375, 4687815.5]}}, {"type": "Feature", "properties": {"node_id": 3757, "degree": 2, "node_type": "endpoint", "node_kind": null}, "geometry": {"type": "Point", "coordinates": [328348.9375, 4688049.0]}}, {"type": "Feature", "properties": {"node_id": 3758, "degree": 1, "node_type": "endpoint", "node_kind": null}, "geometry": {"type": "Point", "coordinates": [328359.75, 4687998.5]}}, {"type": "Feature", "properties": {"node_id": 3759, "degree": 1, "node_type": "endpoint", "node_kind": null}, "geometry": {"type": "Point", "coordinates": [328158.15625, 4687603.0]}}, {"type": "Feature", "properties": {"node_id": 3760, "degree": 1, "node_type": "endpoint", "node_kind": null}, "geometry": {"type": "Point", "coordinates": [328260.90625, 4687789.0]}}, {"type": "Feature", "properties": {"node_id": 3761, "degree": 1, "node_type": "endpoint", "node_kind": null}, "geometry": {"type": "Point", "coordinates": [328123.5, 4687523.0]}}, {"type": "Feature", "properties": {"node_id": 3762, "degree": 1, "node_type": "endpoint", "node_kind": null}, "geometry": {"type": "Point", "coordinates": [328245.15625, 4687742.0]}}, {"type": "Feature", "properties": {"node_id": 3763, "degree": 1, "node_type": "endpoint", "node_kind": null}, "geometry": {"type": "Point", "coordinates": [328391.40625, 4687781.0]}}, {"type": "Feature", "properties": {"node_id": 3764, "degree": 1, "node_type": "endpoint", "node_kind": null}, "geometry": {"type": "Point", "coordinates": [328381.1875, 4687827.5]}}, {"type": "Feature", "properties": {"node_id": 3765, "degree": 1, "node_type": "endpoint", "node_kind": null}, "geometry": {"type": "Point", "coordinates": [328339.9375, 4687843.5]}}, {"type": "Feature", "properties": {"node_id": 3766, "degree": 1, "node_type": "endpoint", "node_kind": null}, "geometry": {"type": "Point", "coordinates": [328288.0625, 4687812.0]}}, {"type": "Feature", "properties": {"node_id": 3767, "degree": 1, "node_type": "endpoint", "node_kind": null}, "geometry": {"type": "Point", "coordinates": [328357.65625, 4687043.0]}}, {"type": "Feature", "properties": {"node_id": 3768, "degree": 1, "node_type": "endpoint", "node_kind": null}, "geometry": {"type": "Point", "coordinates": [328314.3125, 4686907.0]}}, {"type": "Feature", "properties": {"node_id": 3769, "degree": 1, "node_type": "endpoint", "node_kind": null}, "geometry": {"type": "Point", "coordinates": [328490.84375, 4687363.5]}}, {"type": "Feature", "properties": {"node_id": 3770, "degree": 1, "node_type": "endpoint", "node_kind": null}, "geometry": {"type": "Point", "coordinates": [328454.25, 4687218.5]}}, {"type": "Feature", "properties": {"node_id": 3771, "degree": 1, "node_type": "endpoint", "node_kind": null}, "geometry": {"type": "Point", "coordinates": [328486.5, 4687416.5]}}, {"type": "Feature", "properties": {"node_id": 3772, "degree": 1, "node_type": "endpoint", "node_kind": null}, "geometry": {"type": "Point", "coordinates": [328477.34375, 4687466.5]}}, {"type": "Feature", "properties": {"node_id": 3773, "degree": 1, "node_type": "endpoint", "node_kind": null}, "geometry": {"type": "Point", "coordinates": [328453.1875, 4687472.0]}}, {"type": "Feature", "properties": {"node_id": 3774, "degree": 1, "node_type": "endpoint", "node_kind": null}, "geometry": {"type": "Point", "coordinates": [328464.90625, 4687408.0]}}, {"type": "Feature", "properties": {"node_id": 3775, "degree": 1, "node_type": "endpoint", "node_kind": null}, "geometry": {"type": "Point", "coordinates": [328475.5625, 4687466.5]}}, {"type": "Feature", "properties": {"node_id": 3776, "degree": 1, "node_type": "endpoint", "node_kind": null}, "geometry": {"type": "Point", "coordinates": [328483.34375, 4687423.5]}}, {"type": "Feature", "properties": {"node_id": 3777, "degree": 1, "node_type": "endpoint", "node_kind": null}, "geometry": {"type": "Point", "coordinates": [328386.4375, 4687067.5]}}, {"type": "Feature", "properties": {"node_id": 3778, "degree": 1, "node_type": "endpoint", "node_kind": null}, "geometry": {"type": "Point", "coordinates": [328363.0625, 4687015.0]}}, {"type": "Feature", "properties": {"node_id": 3779, "degree": 1, "node_type": "endpoint", "node_kind": null}, "geometry": {"type": "Point", "coordinates": [328336.65625, 4686967.0]}}, {"type": "Feature", "properties": {"node_id": 3780, "degree": 1, "node_type": "endpoint", "node_kind": null}, "geometry": {"type": "Point", "coordinates": [328316.5625, 4686902.5]}}, {"type": "Feature", "properties": {"node_id": 3781, "degree": 1, "node_type": "endpoint", "node_kind": null}, "geometry": {"type": "Point", "coordinates": [328466.09375, 4687335.5]}}, {"type": "Feature", "properties": {"node_id": 3782, "degree": 1, "node_type": "endpoint", "node_kind": null}, "geometry": {"type": "Point", "coordinates": [328463.09375, 4687313.5]}}, {"type": "Feature", "properties": {"node_id": 3783, "degree": 1, "node_type": "endpoint", "node_kind": null}, "geometry": {"type": "Point", "coordinates": [328314.75, 4686403.5]}}, {"type": "Feature", "properties": {"node_id": 3784, "degree": 1, "node_type": "endpoint", "node_kind": null}, "geometry": {"type": "Point", "coordinates": [328341.0, 4686488.0]}}, {"type": "Feature", "properties": {"node_id": 3785, "degree": 1, "node_type": "endpoint", "node_kind": null}, "geometry": {"type": "Point", "coordinates": [328322.5625, 4686439.0]}}, {"type": "Feature", "properties": {"node_id": 3786, "degree": 1, "node_type": "endpoint", "node_kind": null}, "geometry": {"type": "Point", "coordinates": [328337.5625, 4686492.5]}}, {"type": "Feature", "properties": {"node_id": 3787, "degree": 1, "node_type": "endpoint", "node_kind": null}, "geometry": {"type": "Point", "coordinates": [328345.34375, 4686274.0]}}, {"type": "Feature", "properties": {"node_id": 3788, "degree": 1, "node_type": "endpoint", "node_kind": null}, "geometry": {"type": "Point", "coordinates": [328311.59375, 4686352.5]}}, {"type": "Feature", "properties": {"node_id": 3789, "degree": 1, "node_type": "endpoint", "node_kind": null}, "geometry": {"type": "Point", "coordinates": [328520.09375, 4696301.0]}}, {"type": "Feature", "properties": {"node_id": 3790, "degree": 1, "node_type": "endpoint", "node_kind": null}, "geometry": {"type": "Point", "coordinates": [328480.34375, 4696167.0]}}, {"type": "Feature", "properties": {"node_id": 3791, "degree": 1, "node_type": "endpoint", "node_kind": null}, "geometry": {"type": "Point", "coordinates": [327962.5625, 4685932.0]}}, {"type": "Feature", "properties": {"node_id": 3792, "degree": 1, "node_type": "endpoint", "node_kind": null}, "geometry": {"type": "Point", "coordinates": [328000.0625, 4685900.0]}}, {"type": "Feature", "properties": {"node_id": 3793, "degree": 1, "node_type": "endpoint", "node_kind": null}, "geometry": {"type": "Point", "coordinates": [328219.65625, 4685940.5]}}, {"type": "Feature", "properties": {"node_id": 3794, "degree": 1, "node_type": "endpoint", "node_kind": null}, "geometry": {"type": "Point", "coordinates": [328241.5625, 4685987.5]}}, {"type": "Feature", "properties": {"node_id": 3795, "degree": 2, "node_type": "endpoint", "node_kind": null}, "geometry": {"type": "Point", "coordinates": [328500.59375, 4685779.0]}}, {"type": "Feature", "properties": {"node_id": 3796, "degree": 1, "node_type": "endpoint", "node_kind": null}, "geometry": {"type": "Point", "coordinates": [328421.09375, 4685716.0]}}, {"type": "Feature", "properties": {"node_id": 3797, "degree": 1, "node_type": "endpoint", "node_kind": null}, "geometry": {"type": "Point", "coordinates": [327970.8125, 4685936.5]}}, {"type": "Feature", "properties": {"node_id": 3798, "degree": 1, "node_type": "endpoint", "node_kind": null}, "geometry": {"type": "Point", "coordinates": [328110.4375, 4685818.0]}}, {"type": "Feature", "properties": {"node_id": 3799, "degree": 1, "node_type": "endpoint", "node_kind": null}, "geometry": {"type": "Point", "coordinates": [328099.34375, 4685804.5]}}, {"type": "Feature", "properties": {"node_id": 3800, "degree": 1, "node_type": "endpoint", "node_kind": null}, "geometry": {"type": "Point", "coordinates": [328028.84375, 4685864.0]}}, {"type": "Feature", "properties": {"node_id": 3801, "degree": 1, "node_type": "endpoint", "node_kind": null}, "geometry": {"type": "Point", "coordinates": [328108.34375, 4685568.5]}}, {"type": "Feature", "properties": {"node_id": 3802, "degree": 1, "node_type": "endpoint", "node_kind": null}, "geometry": {"type": "Point", "coordinates": [328004.5625, 4685491.5]}}, {"type": "Feature", "properties": {"node_id": 3803, "degree": 1, "node_type": "endpoint", "node_kind": null}, "geometry": {"type": "Point", "coordinates": [328309.5, 4685612.0]}}, {"type": "Feature", "properties": {"node_id": 3804, "degree": 1, "node_type": "endpoint", "node_kind": null}, "geometry": {"type": "Point", "coordinates": [328443.90625, 4685736.5]}}, {"type": "Feature", "properties": {"node_id": 3805, "degree": 1, "node_type": "endpoint", "node_kind": null}, "geometry": {"type": "Point", "coordinates": [328331.6875, 4685600.5]}}, {"type": "Feature", "properties": {"node_id": 3806, "degree": 1, "node_type": "endpoint", "node_kind": null}, "geometry": {"type": "Point", "coordinates": [328455.90625, 4685715.5]}}, {"type": "Feature", "properties": {"node_id": 3807, "degree": 1, "node_type": "endpoint", "node_kind": null}, "geometry": {"type": "Point", "coordinates": [328155.90625, 4685562.5]}}, {"type": "Feature", "properties": {"node_id": 3808, "degree": 1, "node_type": "endpoint", "node_kind": null}, "geometry": {"type": "Point", "coordinates": [328183.9375, 4685563.0]}}, {"type": "Feature", "properties": {"node_id": 3809, "degree": 1, "node_type": "endpoint", "node_kind": null}, "geometry": {"type": "Point", "coordinates": [328056.4375, 4685408.0]}}, {"type": "Feature", "properties": {"node_id": 3810, "degree": 1, "node_type": "endpoint", "node_kind": null}, "geometry": {"type": "Point", "coordinates": [327993.4375, 4685402.0]}}, {"type": "Feature", "properties": {"node_id": 3811, "degree": 1, "node_type": "endpoint", "node_kind": null}, "geometry": {"type": "Point", "coordinates": [328197.59375, 4685544.5]}}, {"type": "Feature", "properties": {"node_id": 3812, "degree": 1, "node_type": "endpoint", "node_kind": null}, "geometry": {"type": "Point", "coordinates": [328187.40625, 4685525.0]}}, {"type": "Feature", "properties": {"node_id": 3813, "degree": 1, "node_type": "endpoint", "node_kind": null}, "geometry": {"type": "Point", "coordinates": [328215.3125, 4685578.5]}}, {"type": "Feature", "properties": {"node_id": 3814, "degree": 1, "node_type": "endpoint", "node_kind": null}, "geometry": {"type": "Point", "coordinates": [328157.09375, 4685577.5]}}, {"type": "Feature", "properties": {"node_id": 3815, "degree": 1, "node_type": "endpoint", "node_kind": null}, "geometry": {"type": "Point", "coordinates": [328122.3125, 4684520.0]}}, {"type": "Feature", "properties": {"node_id": 3816, "degree": 1, "node_type": "endpoint", "node_kind": null}, "geometry": {"type": "Point", "coordinates": [328170.59375, 4684499.0]}}, {"type": "Feature", "properties": {"node_id": 3817, "degree": 1, "node_type": "endpoint", "node_kind": null}, "geometry": {"type": "Point", "coordinates": [328203.15625, 4684498.5]}}, {"type": "Feature", "properties": {"node_id": 3818, "degree": 1, "node_type": "endpoint", "node_kind": null}, "geometry": {"type": "Point", "coordinates": [328167.4375, 4684514.0]}}, {"type": "Feature", "properties": {"node_id": 3819, "degree": 1, "node_type": "endpoint", "node_kind": null}, "geometry": {"type": "Point", "coordinates": [328302.75, 4684445.0]}}, {"type": "Feature", "properties": {"node_id": 3820, "degree": 1, "node_type": "endpoint", "node_kind": null}, "geometry": {"type": "Point", "coordinates": [328124.25, 4684521.5]}}, {"type": "Feature", "properties": {"node_id": 3821, "degree": 1, "node_type": "endpoint", "node_kind": null}, "geometry": {"type": "Point", "coordinates": [327969.4375, 4684585.5]}}, {"type": "Feature", "properties": {"node_id": 3822, "degree": 1, "node_type": "endpoint", "node_kind": null}, "geometry": {"type": "Point", "coordinates": [328024.9375, 4684563.5]}}, {"type": "Feature", "properties": {"node_id": 3823, "degree": 1, "node_type": "endpoint", "node_kind": null}, "geometry": {"type": "Point", "coordinates": [328422.4375, 4684405.0]}}, {"type": "Feature", "properties": {"node_id": 3824, "degree": 1, "node_type": "endpoint", "node_kind": null}, "geometry": {"type": "Point", "coordinates": [328368.0, 4684428.0]}}, {"type": "Feature", "properties": {"node_id": 3825, "degree": 1, "node_type": "endpoint", "node_kind": null}, "geometry": {"type": "Point", "coordinates": [328481.84375, 4683576.0]}}, {"type": "Feature", "properties": {"node_id": 3826, "degree": 1, "node_type": "endpoint", "node_kind": null}, "geometry": {"type": "Point", "coordinates": [328635.75, 4683776.5]}}, {"type": "Feature", "properties": {"node_id": 3827, "degree": 1, "node_type": "endpoint", "node_kind": null}, "geometry": {"type": "Point", "coordinates": [328465.5, 4683548.0]}}, {"type": "Feature", "properties": {"node_id": 3828, "degree": 1, "node_type": "endpoint", "node_kind": null}, "geometry": {"type": "Point", "coordinates": [328443.15625, 4683488.0]}}, {"type": "Feature", "properties": {"node_id": 3829, "degree": 1, "node_type": "endpoint", "node_kind": null}, "geometry": {"type": "Point", "coordinates": [328470.59375, 4683571.5]}}, {"type": "Feature", "properties": {"node_id": 3830, "degree": 1, "node_type": "endpoint", "node_kind": null}, "geometry": {"type": "Point", "coordinates": [328561.5, 4683694.0]}}, {"type": "Feature", "properties": {"node_id": 3831, "degree": 1, "node_type": "endpoint", "node_kind": null}, "geometry": {"type": "Point", "coordinates": [328447.8125, 4683491.5]}}, {"type": "Feature", "properties": {"node_id": 3832, "degree": 1, "node_type": "endpoint", "node_kind": null}, "geometry": {"type": "Point", "coordinates": [328465.8125, 4683541.0]}}, {"type": "Feature", "properties": {"node_id": 3833, "degree": 1, "node_type": "endpoint", "node_kind": null}, "geometry": {"type": "Point", "coordinates": [328093.8125, 4683275.5]}}, {"type": "Feature", "properties": {"node_id": 3834, "degree": 1, "node_type": "endpoint", "node_kind": null}, "geometry": {"type": "Point", "coordinates": [328060.65625, 4683259.0]}}, {"type": "Feature", "properties": {"node_id": 3835, "degree": 1, "node_type": "endpoint", "node_kind": null}, "geometry": {"type": "Point", "coordinates": [328368.0, 4682918.0]}}, {"type": "Feature", "properties": {"node_id": 3836, "degree": 1, "node_type": "endpoint", "node_kind": null}, "geometry": {"type": "Point", "coordinates": [328496.25, 4682798.0]}}, {"type": "Feature", "properties": {"node_id": 3837, "degree": 1, "node_type": "endpoint", "node_kind": null}, "geometry": {"type": "Point", "coordinates": [328342.65625, 4683402.0]}}, {"type": "Feature", "properties": {"node_id": 3838, "degree": 1, "node_type": "endpoint", "node_kind": null}, "geometry": {"type": "Point", "coordinates": [328374.15625, 4683416.0]}}, {"type": "Feature", "properties": {"node_id": 3839, "degree": 1, "node_type": "endpoint", "node_kind": null}, "geometry": {"type": "Point", "coordinates": [328049.6875, 4683260.5]}}, {"type": "Feature", "properties": {"node_id": 3840, "degree": 1, "node_type": "endpoint", "node_kind": null}, "geometry": {"type": "Point", "coordinates": [328147.5, 4683309.5]}}, {"type": "Feature", "properties": {"node_id": 3841, "degree": 1, "node_type": "endpoint", "node_kind": null}, "geometry": {"type": "Point", "coordinates": [328441.9375, 4682871.5]}}, {"type": "Feature", "properties": {"node_id": 3842, "degree": 1, "node_type": "endpoint", "node_kind": null}, "geometry": {"type": "Point", "coordinates": [328457.09375, 4682859.0]}}, {"type": "Feature", "properties": {"node_id": 3843, "degree": 1, "node_type": "endpoint", "node_kind": null}, "geometry": {"type": "Point", "coordinates": [328089.15625, 4683284.0]}}, {"type": "Feature", "properties": {"node_id": 3844, "degree": 1, "node_type": "endpoint", "node_kind": null}, "geometry": {"type": "Point", "coordinates": [328288.34375, 4683381.5]}}, {"type": "Feature", "properties": {"node_id": 3845, "degree": 1, "node_type": "endpoint", "node_kind": null}, "geometry": {"type": "Point", "coordinates": [328347.59375, 4682938.0]}}, {"type": "Feature", "properties": {"node_id": 3846, "degree": 1, "node_type": "endpoint", "node_kind": null}, "geometry": {"type": "Point", "coordinates": [328389.4375, 4682898.5]}}, {"type": "Feature", "properties": {"node_id": 3847, "degree": 1, "node_type": "endpoint", "node_kind": null}, "geometry": {"type": "Point", "coordinates": [328363.65625, 4682942.5]}}, {"type": "Feature", "properties": {"node_id": 3848, "degree": 1, "node_type": "endpoint", "node_kind": null}, "geometry": {"type": "Point", "coordinates": [328318.0625, 4682987.5]}}, {"type": "Feature", "properties": {"node_id": 3849, "degree": 1, "node_type": "endpoint", "node_kind": null}, "geometry": {"type": "Point", "coordinates": [328400.25, 4683423.0]}}, {"type": "Feature", "properties": {"node_id": 3850, "degree": 1, "node_type": "endpoint", "node_kind": null}, "geometry": {"type": "Point", "coordinates": [328267.8125, 4683361.5]}}, {"type": "Feature", "properties": {"node_id": 3851, "degree": 1, "node_type": "endpoint", "node_kind": null}, "geometry": {"type": "Point", "coordinates": [328348.0625, 4682939.5]}}, {"type": "Feature", "properties": {"node_id": 3852, "degree": 1, "node_type": "endpoint", "node_kind": null}, "geometry": {"type": "Point", "coordinates": [328390.34375, 4682900.0]}}, {"type": "Feature", "properties": {"node_id": 3853, "degree": 2, "node_type": "endpoint", "node_kind": null}, "geometry": {"type": "Point", "coordinates": [327928.5, 4683171.0]}}, {"type": "Feature", "properties": {"node_id": 3854, "degree": 1, "node_type": "endpoint", "node_kind": null}, "geometry": {"type": "Point", "coordinates": [327969.59375, 4683219.5]}}, {"type": "Feature", "properties": {"node_id": 3855, "degree": 1, "node_type": "endpoint", "node_kind": null}, "geometry": {"type": "Point", "coordinates": [327970.9375, 4683218.0]}}, {"type": "Feature", "properties": {"node_id": 3856, "degree": 1, "node_type": "endpoint", "node_kind": null}, "geometry": {"type": "Point", "coordinates": [327940.9375, 4683184.0]}}, {"type": "Feature", "properties": {"node_id": 3857, "degree": 1, "node_type": "endpoint", "node_kind": null}, "geometry": {"type": "Point", "coordinates": [328928.5625, 4697599.5]}}, {"type": "Feature", "properties": {"node_id": 3858, "degree": 1, "node_type": "endpoint", "node_kind": null}, "geometry": {"type": "Point", "coordinates": [328882.34375, 4697436.0]}}, {"type": "Feature", "properties": {"node_id": 3859, "degree": 1, "node_type": "endpoint", "node_kind": null}, "geometry": {"type": "Point", "coordinates": [328906.1875, 4697936.5]}}, {"type": "Feature", "properties": {"node_id": 3860, "degree": 1, "node_type": "endpoint", "node_kind": null}, "geometry": {"type": "Point", "coordinates": [328909.0625, 4697897.0]}}, {"type": "Feature", "properties": {"node_id": 3861, "degree": 1, "node_type": "endpoint", "node_kind": null}, "geometry": {"type": "Point", "coordinates": [328854.59375, 4697353.5]}}, {"type": "Feature", "properties": {"node_id": 3862, "degree": 1, "node_type": "endpoint", "node_kind": null}, "geometry": {"type": "Point", "coordinates": [328874.25, 4697420.5]}}, {"type": "Feature", "properties": {"node_id": 3863, "degree": 1, "node_type": "endpoint", "node_kind": null}, "geometry": {"type": "Point", "coordinates": [328810.65625, 4697272.5]}}, {"type": "Feature", "properties": {"node_id": 3864, "degree": 1, "node_type": "endpoint", "node_kind": null}, "geometry": {"type": "Point", "coordinates": [328686.4375, 4697309.0]}}, {"type": "Feature", "properties": {"node_id": 3865, "degree": 1, "node_type": "endpoint", "node_kind": null}, "geometry": {"type": "Point", "coordinates": [328902.0, 4697524.5]}}, {"type": "Feature", "properties": {"node_id": 3866, "degree": 1, "node_type": "endpoint", "node_kind": null}, "geometry": {"type": "Point", "coordinates": [328912.0625, 4697561.0]}}, {"type": "Feature", "properties": {"node_id": 3867, "degree": 1, "node_type": "endpoint", "node_kind": null}, "geometry": {"type": "Point", "coordinates": [328857.4375, 4697352.0]}}, {"type": "Feature", "properties": {"node_id": 3868, "degree": 2, "node_type": "endpoint", "node_kind": null}, "geometry": {"type": "Point", "coordinates": [328835.6875, 4697277.5]}}, {"type": "Feature", "properties": {"node_id": 3869, "degree": 1, "node_type": "endpoint", "node_kind": null}, "geometry": {"type": "Point", "coordinates": [328899.75, 4697876.0]}}, {"type": "Feature", "properties": {"node_id": 3870, "degree": 1, "node_type": "endpoint", "node_kind": null}, "geometry": {"type": "Point", "coordinates": [328902.0, 4697843.5]}}, {"type": "Feature", "properties": {"node_id": 3871, "degree": 1, "node_type": "endpoint", "node_kind": null}, "geometry": {"type": "Point", "coordinates": [328919.09375, 4697748.5]}}, {"type": "Feature", "properties": {"node_id": 3872, "degree": 1, "node_type": "endpoint", "node_kind": null}, "geometry": {"type": "Point", "coordinates": [328913.5625, 4697830.0]}}, {"type": "Feature", "properties": {"node_id": 3873, "degree": 1, "node_type": "endpoint", "node_kind": null}, "geometry": {"type": "Point", "coordinates": [328506.0, 4697363.0]}}, {"type": "Feature", "properties": {"node_id": 3874, "degree": 1, "node_type": "endpoint", "node_kind": null}, "geometry": {"type": "Point", "coordinates": [328621.34375, 4697328.5]}}, {"type": "Feature", "properties": {"node_id": 3875, "degree": 1, "node_type": "endpoint", "node_kind": null}, "geometry": {"type": "Point", "coordinates": [328678.5, 4697308.0]}}, {"type": "Feature", "properties": {"node_id": 3876, "degree": 1, "node_type": "endpoint", "node_kind": null}, "geometry": {"type": "Point", "coordinates": [328807.8125, 4697270.0]}}, {"type": "Feature", "properties": {"node_id": 3877, "degree": 1, "node_type": "endpoint", "node_kind": null}, "geometry": {"type": "Point", "coordinates": [328837.5, 4681600.5]}}, {"type": "Feature", "properties": {"node_id": 3878, "degree": 1, "node_type": "endpoint", "node_kind": null}, "geometry": {"type": "Point", "coordinates": [328791.3125, 4681559.5]}}, {"type": "Feature", "properties": {"node_id": 3879, "degree": 1, "node_type": "endpoint", "node_kind": null}, "geometry": {"type": "Point", "coordinates": [328711.0625, 4681428.5]}}, {"type": "Feature", "properties": {"node_id": 3880, "degree": 1, "node_type": "endpoint", "node_kind": null}, "geometry": {"type": "Point", "coordinates": [328872.15625, 4681625.5]}}, {"type": "Feature", "properties": {"node_id": 3881, "degree": 1, "node_type": "endpoint", "node_kind": null}, "geometry": {"type": "Point", "coordinates": [328572.15625, 4681189.0]}}, {"type": "Feature", "properties": {"node_id": 3882, "degree": 1, "node_type": "endpoint", "node_kind": null}, "geometry": {"type": "Point", "coordinates": [328669.1875, 4681342.5]}}, {"type": "Feature", "properties": {"node_id": 3883, "degree": 1, "node_type": "endpoint", "node_kind": null}, "geometry": {"type": "Point", "coordinates": [328573.5, 4681188.5]}}, {"type": "Feature", "properties": {"node_id": 3884, "degree": 1, "node_type": "endpoint", "node_kind": null}, "geometry": {"type": "Point", "coordinates": [328600.5, 4681232.0]}}, {"type": "Feature", "properties": {"node_id": 3885, "degree": 1, "node_type": "endpoint", "node_kind": null}, "geometry": {"type": "Point", "coordinates": [328664.09375, 4681352.0]}}, {"type": "Feature", "properties": {"node_id": 3886, "degree": 1, "node_type": "endpoint", "node_kind": null}, "geometry": {"type": "Point", "coordinates": [328678.5, 4681375.5]}}, {"type": "Feature", "properties": {"node_id": 3887, "degree": 1, "node_type": "endpoint", "node_kind": null}, "geometry": {"type": "Point", "coordinates": [328660.8125, 4681354.0]}}, {"type": "Feature", "properties": {"node_id": 3888, "degree": 1, "node_type": "endpoint", "node_kind": null}, "geometry": {"type": "Point", "coordinates": [328672.34375, 4681372.5]}}, {"type": "Feature", "properties": {"node_id": 3889, "degree": 1, "node_type": "endpoint", "node_kind": null}, "geometry": {"type": "Point", "coordinates": [328729.0625, 4681464.0]}}, {"type": "Feature", "properties": {"node_id": 3890, "degree": 1, "node_type": "endpoint", "node_kind": null}, "geometry": {"type": "Point", "coordinates": [328716.15625, 4681442.5]}}, {"type": "Feature", "properties": {"node_id": 3891, "degree": 1, "node_type": "endpoint", "node_kind": null}, "geometry": {"type": "Point", "coordinates": [328603.0625, 4681251.0]}}, {"type": "Feature", "properties": {"node_id": 3892, "degree": 1, "node_type": "endpoint", "node_kind": null}, "geometry": {"type": "Point", "coordinates": [328549.1875, 4681164.0]}}, {"type": "Feature", "properties": {"node_id": 3893, "degree": 1, "node_type": "endpoint", "node_kind": null}, "geometry": {"type": "Point", "coordinates": [328853.09375, 4680707.0]}}, {"type": "Feature", "properties": {"node_id": 3894, "degree": 1, "node_type": "endpoint", "node_kind": null}, "geometry": {"type": "Point", "coordinates": [328413.3125, 4680563.5]}}, {"type": "Feature", "properties": {"node_id": 3895, "degree": 1, "node_type": "endpoint", "node_kind": null}, "geometry": {"type": "Point", "coordinates": [328858.8125, 4680684.5]}}, {"type": "Feature", "properties": {"node_id": 3896, "degree": 1, "node_type": "endpoint", "node_kind": null}, "geometry": {"type": "Point", "coordinates": [328699.9375, 4680348.5]}}, {"type": "Feature", "properties": {"node_id": 3897, "degree": 1, "node_type": "endpoint", "node_kind": null}, "geometry": {"type": "Point", "coordinates": [328695.75, 4680625.5]}}, {"type": "Feature", "properties": {"node_id": 3898, "degree": 1, "node_type": "endpoint", "node_kind": null}, "geometry": {"type": "Point", "coordinates": [328732.8125, 4680641.5]}}, {"type": "Feature", "properties": {"node_id": 3899, "degree": 1, "node_type": "endpoint", "node_kind": null}, "geometry": {"type": "Point", "coordinates": [328925.09375, 4680707.0]}}, {"type": "Feature", "properties": {"node_id": 3900, "degree": 1, "node_type": "endpoint", "node_kind": null}, "geometry": {"type": "Point", "coordinates": [328965.0, 4680708.0]}}, {"type": "Feature", "properties": {"node_id": 3901, "degree": 1, "node_type": "endpoint", "node_kind": null}, "geometry": {"type": "Point", "coordinates": [328740.4375, 4680660.5]}}, {"type": "Feature", "properties": {"node_id": 3902, "degree": 1, "node_type": "endpoint", "node_kind": null}, "geometry": {"type": "Point", "coordinates": [328826.6875, 4680697.5]}}, {"type": "Feature", "properties": {"node_id": 3903, "degree": 1, "node_type": "endpoint", "node_kind": null}, "geometry": {"type": "Point", "coordinates": [328867.65625, 4680690.0]}}, {"type": "Feature", "properties": {"node_id": 3904, "degree": 1, "node_type": "endpoint", "node_kind": null}, "geometry": {"type": "Point", "coordinates": [328780.0625, 4680563.0]}}, {"type": "Feature", "properties": {"node_id": 3905, "degree": 1, "node_type": "endpoint", "node_kind": null}, "geometry": {"type": "Point", "coordinates": [328864.1875, 4680698.0]}}, {"type": "Feature", "properties": {"node_id": 3906, "degree": 1, "node_type": "endpoint", "node_kind": null}, "geometry": {"type": "Point", "coordinates": [328805.40625, 4680673.0]}}, {"type": "Feature", "properties": {"node_id": 3907, "degree": 1, "node_type": "endpoint", "node_kind": null}, "geometry": {"type": "Point", "coordinates": [328943.25, 4680709.0]}}, {"type": "Feature", "properties": {"node_id": 3908, "degree": 1, "node_type": "endpoint", "node_kind": null}, "geometry": {"type": "Point", "coordinates": [328914.75, 4680708.0]}}, {"type": "Feature", "properties": {"node_id": 3909, "degree": 1, "node_type": "endpoint", "node_kind": null}, "geometry": {"type": "Point", "coordinates": [328760.40625, 4695529.0]}}, {"type": "Feature", "properties": {"node_id": 3910, "degree": 1, "node_type": "endpoint", "node_kind": null}, "geometry": {"type": "Point", "coordinates": [328754.6875, 4695559.0]}}, {"type": "Feature", "properties": {"node_id": 3911, "degree": 1, "node_type": "endpoint", "node_kind": null}, "geometry": {"type": "Point", "coordinates": [328712.5625, 4695791.5]}}, {"type": "Feature", "properties": {"node_id": 3912, "degree": 1, "node_type": "endpoint", "node_kind": null}, "geometry": {"type": "Point", "coordinates": [328722.90625, 4695735.0]}}, {"type": "Feature", "properties": {"node_id": 3913, "degree": 1, "node_type": "endpoint", "node_kind": null}, "geometry": {"type": "Point", "coordinates": [328693.34375, 4695803.0]}}, {"type": "Feature", "properties": {"node_id": 3914, "degree": 1, "node_type": "endpoint", "node_kind": null}, "geometry": {"type": "Point", "coordinates": [328703.6875, 4695746.0]}}, {"type": "Feature", "properties": {"node_id": 3915, "degree": 1, "node_type": "endpoint", "node_kind": null}, "geometry": {"type": "Point", "coordinates": [328657.34375, 4680227.5]}}, {"type": "Feature", "properties": {"node_id": 3916, "degree": 1, "node_type": "endpoint", "node_kind": null}, "geometry": {"type": "Point", "coordinates": [328632.3125, 4680159.0]}}, {"type": "Feature", "properties": {"node_id": 3917, "degree": 1, "node_type": "endpoint", "node_kind": null}, "geometry": {"type": "Point", "coordinates": [328659.90625, 4680224.5]}}, {"type": "Feature", "properties": {"node_id": 3918, "degree": 1, "node_type": "endpoint", "node_kind": null}, "geometry": {"type": "Point", "coordinates": [328635.0, 4680154.5]}}, {"type": "Feature", "properties": {"node_id": 3919, "degree": 1, "node_type": "endpoint", "node_kind": null}, "geometry": {"type": "Point", "coordinates": [328753.34375, 4680212.5]}}, {"type": "Feature", "properties": {"node_id": 3920, "degree": 1, "node_type": "endpoint", "node_kind": null}, "geometry": {"type": "Point", "coordinates": [328902.75, 4680292.0]}}, {"type": "Feature", "properties": {"node_id": 3921, "degree": 1, "node_type": "endpoint", "node_kind": null}, "geometry": {"type": "Point", "coordinates": [329081.25, 4679541.0]}}, {"type": "Feature", "properties": {"node_id": 3922, "degree": 1, "node_type": "endpoint", "node_kind": null}, "geometry": {"type": "Point", "coordinates": [329280.4375, 4679456.5]}}, {"type": "Feature", "properties": {"node_id": 3923, "degree": 1, "node_type": "endpoint", "node_kind": null}, "geometry": {"type": "Point", "coordinates": [328805.84375, 4679880.5]}}, {"type": "Feature", "properties": {"node_id": 3924, "degree": 1, "node_type": "endpoint", "node_kind": null}, "geometry": {"type": "Point", "coordinates": [328929.4375, 4679719.5]}}, {"type": "Feature", "properties": {"node_id": 3925, "degree": 1, "node_type": "endpoint", "node_kind": null}, "geometry": {"type": "Point", "coordinates": [328987.9375, 4679642.5]}}, {"type": "Feature", "properties": {"node_id": 3926, "degree": 1, "node_type": "endpoint", "node_kind": null}, "geometry": {"type": "Point", "coordinates": [329067.3125, 4679539.5]}}, {"type": "Feature", "properties": {"node_id": 3927, "degree": 1, "node_type": "endpoint", "node_kind": null}, "geometry": {"type": "Point", "coordinates": [328614.0, 4695117.5]}}, {"type": "Feature", "properties": {"node_id": 3928, "degree": 1, "node_type": "endpoint", "node_kind": null}, "geometry": {"type": "Point", "coordinates": [328594.8125, 4695133.5]}}, {"type": "Feature", "properties": {"node_id": 3929, "degree": 1, "node_type": "endpoint", "node_kind": null}, "geometry": {"type": "Point", "coordinates": [328613.5625, 4695119.5]}}, {"type": "Feature", "properties": {"node_id": 3930, "degree": 1, "node_type": "endpoint", "node_kind": null}, "geometry": {"type": "Point", "coordinates": [328550.09375, 4695181.5]}}, {"type": "Feature", "properties": {"node_id": 3931, "degree": 1, "node_type": "endpoint", "node_kind": null}, "geometry": {"type": "Point", "coordinates": [328814.5625, 4695349.5]}}, {"type": "Feature", "properties": {"node_id": 3932, "degree": 1, "node_type": "endpoint", "node_kind": null}, "geometry": {"type": "Point", "coordinates": [328831.0625, 4695365.0]}}, {"type": "Feature", "properties": {"node_id": 3933, "degree": 1, "node_type": "endpoint", "node_kind": null}, "geometry": {"type": "Point", "coordinates": [328979.6875, 4695090.0]}}, {"type": "Feature", "properties": {"node_id": 3934, "degree": 1, "node_type": "endpoint", "node_kind": null}, "geometry": {"type": "Point", "coordinates": [329007.90625, 4694878.0]}}, {"type": "Feature", "properties": {"node_id": 3935, "degree": 1, "node_type": "endpoint", "node_kind": null}, "geometry": {"type": "Point", "coordinates": [328989.75, 4695018.0]}}, {"type": "Feature", "properties": {"node_id": 3936, "degree": 1, "node_type": "endpoint", "node_kind": null}, "geometry": {"type": "Point", "coordinates": [328981.1875, 4695060.0]}}, {"type": "Feature", "properties": {"node_id": 3937, "degree": 1, "node_type": "endpoint", "node_kind": null}, "geometry": {"type": "Point", "coordinates": [328640.6875, 4695094.5]}}, {"type": "Feature", "properties": {"node_id": 3938, "degree": 1, "node_type": "endpoint", "node_kind": null}, "geometry": {"type": "Point", "coordinates": [328611.4375, 4695120.0]}}, {"type": "Feature", "properties": {"node_id": 3939, "degree": 1, "node_type": "endpoint", "node_kind": null}, "geometry": {"type": "Point", "coordinates": [328692.75, 4695489.5]}}, {"type": "Feature", "properties": {"node_id": 3940, "degree": 1, "node_type": "endpoint", "node_kind": null}, "geometry": {"type": "Point", "coordinates": [328735.34375, 4695497.0]}}, {"type": "Feature", "properties": {"node_id": 3941, "degree": 1, "node_type": "endpoint", "node_kind": null}, "geometry": {"type": "Point", "coordinates": [328699.0625, 4695489.0]}}, {"type": "Feature", "properties": {"node_id": 3942, "degree": 1, "node_type": "endpoint", "node_kind": null}, "geometry": {"type": "Point", "coordinates": [328736.09375, 4695496.0]}}, {"type": "Feature", "properties": {"node_id": 3943, "degree": 1, "node_type": "endpoint", "node_kind": null}, "geometry": {"type": "Point", "coordinates": [328995.3125, 4695057.5]}}, {"type": "Feature", "properties": {"node_id": 3944, "degree": 1, "node_type": "endpoint", "node_kind": null}, "geometry": {"type": "Point", "coordinates": [328986.15625, 4695083.5]}}, {"type": "Feature", "properties": {"node_id": 3945, "degree": 1, "node_type": "endpoint", "node_kind": null}, "geometry": {"type": "Point", "coordinates": [328807.34375, 4694774.5]}}, {"type": "Feature", "properties": {"node_id": 3946, "degree": 1, "node_type": "endpoint", "node_kind": null}, "geometry": {"type": "Point", "coordinates": [328839.59375, 4694761.0]}}, {"type": "Feature", "properties": {"node_id": 3947, "degree": 1, "node_type": "endpoint", "node_kind": null}, "geometry": {"type": "Point", "coordinates": [328722.4375, 4694481.5]}}, {"type": "Feature", "properties": {"node_id": 3948, "degree": 1, "node_type": "endpoint", "node_kind": null}, "geometry": {"type": "Point", "coordinates": [328775.25, 4694573.0]}}, {"type": "Feature", "properties": {"node_id": 3949, "degree": 1, "node_type": "endpoint", "node_kind": null}, "geometry": {"type": "Point", "coordinates": [328866.0, 4694723.0]}}, {"type": "Feature", "properties": {"node_id": 3950, "degree": 1, "node_type": "endpoint", "node_kind": null}, "geometry": {"type": "Point", "coordinates": [328728.90625, 4694489.0]}}, {"type": "Feature", "properties": {"node_id": 3951, "degree": 1, "node_type": "endpoint", "node_kind": null}, "geometry": {"type": "Point", "coordinates": [329004.4375, 4694953.0]}}, {"type": "Feature", "properties": {"node_id": 3952, "degree": 1, "node_type": "endpoint", "node_kind": null}, "geometry": {"type": "Point", "coordinates": [329006.25, 4694878.0]}}, {"type": "Feature", "properties": {"node_id": 3953, "degree": 1, "node_type": "endpoint", "node_kind": null}, "geometry": {"type": "Point", "coordinates": [328783.0625, 4694309.0]}}, {"type": "Feature", "properties": {"node_id": 3954, "degree": 1, "node_type": "endpoint", "node_kind": null}, "geometry": {"type": "Point", "coordinates": [328663.5, 4694289.5]}}, {"type": "Feature", "properties": {"node_id": 3955, "degree": 1, "node_type": "endpoint", "node_kind": null}, "geometry": {"type": "Point", "coordinates": [328567.9375, 4694285.0]}}, {"type": "Feature", "properties": {"node_id": 3956, "degree": 1, "node_type": "endpoint", "node_kind": null}, "geometry": {"type": "Point", "coordinates": [328521.0, 4694275.5]}}, {"type": "Feature", "properties": {"node_id": 3957, "degree": 1, "node_type": "endpoint", "node_kind": null}, "geometry": {"type": "Point", "coordinates": [328710.15625, 4694304.0]}}, {"type": "Feature", "properties": {"node_id": 3958, "degree": 1, "node_type": "endpoint", "node_kind": null}, "geometry": {"type": "Point", "coordinates": [328785.0, 4694314.0]}}, {"type": "Feature", "properties": {"node_id": 3959, "degree": 1, "node_type": "endpoint", "node_kind": null}, "geometry": {"type": "Point", "coordinates": [329019.4375, 4693290.5]}}, {"type": "Feature", "properties": {"node_id": 3960, "degree": 1, "node_type": "endpoint", "node_kind": null}, "geometry": {"type": "Point", "coordinates": [328989.3125, 4693294.5]}}, {"type": "Feature", "properties": {"node_id": 3961, "degree": 1, "node_type": "endpoint", "node_kind": null}, "geometry": {"type": "Point", "coordinates": [328962.90625, 4693266.5]}}, {"type": "Feature", "properties": {"node_id": 3962, "degree": 1, "node_type": "endpoint", "node_kind": null}, "geometry": {"type": "Point", "coordinates": [329006.40625, 4693230.5]}}, {"type": "Feature", "properties": {"node_id": 3963, "degree": 1, "node_type": "endpoint", "node_kind": null}, "geometry": {"type": "Point", "coordinates": [328983.59375, 4693305.5]}}, {"type": "Feature", "properties": {"node_id": 3964, "degree": 1, "node_type": "endpoint", "node_kind": null}, "geometry": {"type": "Point", "coordinates": [329225.84375, 4693260.0]}}, {"type": "Feature", "properties": {"node_id": 3965, "degree": 2, "node_type": "endpoint", "node_kind": null}, "geometry": {"type": "Point", "coordinates": [329070.4375, 4693181.0]}}, {"type": "Feature", "properties": {"node_id": 3966, "degree": 1, "node_type": "endpoint", "node_kind": null}, "geometry": {"type": "Point", "coordinates": [328964.09375, 4693268.5]}}, {"type": "Feature", "properties": {"node_id": 3967, "degree": 1, "node_type": "endpoint", "node_kind": null}, "geometry": {"type": "Point", "coordinates": [328962.15625, 4692836.5]}}, {"type": "Feature", "properties": {"node_id": 3968, "degree": 1, "node_type": "endpoint", "node_kind": null}, "geometry": {"type": "Point", "coordinates": [328944.15625, 4692744.5]}}, {"type": "Feature", "properties": {"node_id": 3969, "degree": 1, "node_type": "endpoint", "node_kind": null}, "geometry": {"type": "Point", "coordinates": [328959.4375, 4693262.0]}}, {"type": "Feature", "properties": {"node_id": 3970, "degree": 1, "node_type": "endpoint", "node_kind": null}, "geometry": {"type": "Point", "coordinates": [329064.15625, 4693176.5]}}, {"type": "Feature", "properties": {"node_id": 3971, "degree": 1, "node_type": "endpoint", "node_kind": null}, "geometry": {"type": "Point", "coordinates": [329065.8125, 4693049.5]}}, {"type": "Feature", "properties": {"node_id": 3972, "degree": 1, "node_type": "endpoint", "node_kind": null}, "geometry": {"type": "Point", "coordinates": [329040.75, 4693071.5]}}, {"type": "Feature", "properties": {"node_id": 3973, "degree": 1, "node_type": "endpoint", "node_kind": null}, "geometry": {"type": "Point", "coordinates": [328982.25, 4692955.0]}}, {"type": "Feature", "properties": {"node_id": 3974, "degree": 1, "node_type": "endpoint", "node_kind": null}, "geometry": {"type": "Point", "coordinates": [328990.9375, 4692999.5]}}, {"type": "Feature", "properties": {"node_id": 3975, "degree": 1, "node_type": "endpoint", "node_kind": null}, "geometry": {"type": "Point", "coordinates": [328997.5625, 4693058.0]}}, {"type": "Feature", "properties": {"node_id": 3976, "degree": 1, "node_type": "endpoint", "node_kind": null}, "geometry": {"type": "Point", "coordinates": [328987.5, 4693036.0]}}, {"type": "Feature", "properties": {"node_id": 3977, "degree": 1, "node_type": "endpoint", "node_kind": null}, "geometry": {"type": "Point", "coordinates": [329043.15625, 4693035.0]}}, {"type": "Feature", "properties": {"node_id": 3978, "degree": 1, "node_type": "endpoint", "node_kind": null}, "geometry": {"type": "Point", "coordinates": [329026.0625, 4693050.0]}}, {"type": "Feature", "properties": {"node_id": 3979, "degree": 1, "node_type": "endpoint", "node_kind": null}, "geometry": {"type": "Point", "coordinates": [328592.6875, 4692396.0]}}, {"type": "Feature", "properties": {"node_id": 3980, "degree": 1, "node_type": "endpoint", "node_kind": null}, "geometry": {"type": "Point", "coordinates": [328633.9375, 4692388.0]}}, {"type": "Feature", "properties": {"node_id": 3981, "degree": 1, "node_type": "endpoint", "node_kind": null}, "geometry": {"type": "Point", "coordinates": [328867.5, 4692390.5]}}, {"type": "Feature", "properties": {"node_id": 3982, "degree": 1, "node_type": "endpoint", "node_kind": null}, "geometry": {"type": "Point", "coordinates": [328861.34375, 4692357.0]}}, {"type": "Feature", "properties": {"node_id": 3983, "degree": 1, "node_type": "endpoint", "node_kind": null}, "geometry": {"type": "Point", "coordinates": [328957.5, 4692813.5]}}, {"type": "Feature", "properties": {"node_id": 3984, "degree": 1, "node_type": "endpoint", "node_kind": null}, "geometry": {"type": "Point", "coordinates": [328926.0, 4692656.5]}}, {"type": "Feature", "properties": {"node_id": 3985, "degree": 1, "node_type": "endpoint", "node_kind": null}, "geometry": {"type": "Point", "coordinates": [328858.65625, 4692357.5]}}, {"type": "Feature", "properties": {"node_id": 3986, "degree": 1, "node_type": "endpoint", "node_kind": null}, "geometry": {"type": "Point", "coordinates": [328863.90625, 4692388.5]}}, {"type": "Feature", "properties": {"node_id": 3987, "degree": 1, "node_type": "endpoint", "node_kind": null}, "geometry": {"type": "Point", "coordinates": [328566.90625, 4692464.5]}}, {"type": "Feature", "properties": {"node_id": 3988, "degree": 1, "node_type": "endpoint", "node_kind": null}, "geometry": {"type": "Point", "coordinates": [328545.4375, 4692468.5]}}, {"type": "Feature", "properties": {"node_id": 3989, "degree": 1, "node_type": "endpoint", "node_kind": null}, "geometry": {"type": "Point", "coordinates": [328866.59375, 4692355.5]}}, {"type": "Feature", "properties": {"node_id": 3990, "degree": 1, "node_type": "endpoint", "node_kind": null}, "geometry": {"type": "Point", "coordinates": [328873.1875, 4692388.5]}}, {"type": "Feature", "properties": {"node_id": 3991, "degree": 1, "node_type": "endpoint", "node_kind": null}, "geometry": {"type": "Point", "coordinates": [328734.15625, 4696946.0]}}, {"type": "Feature", "properties": {"node_id": 3992, "degree": 1, "node_type": "endpoint", "node_kind": null}, "geometry": {"type": "Point", "coordinates": [328824.15625, 4697250.5]}}, {"type": "Feature", "properties": {"node_id": 3993, "degree": 1, "node_type": "endpoint", "node_kind": null}, "geometry": {"type": "Point", "coordinates": [328781.6875, 4697094.5]}}, {"type": "Feature", "properties": {"node_id": 3994, "degree": 2, "node_type": "endpoint", "node_kind": null}, "geometry": {"type": "Point", "coordinates": [328827.4375, 4697249.5]}}, {"type": "Feature", "properties": {"node_id": 3995, "degree": 1, "node_type": "endpoint", "node_kind": null}, "geometry": {"type": "Point", "coordinates": [328847.40625, 4692043.0]}}, {"type": "Feature", "properties": {"node_id": 3996, "degree": 2, "node_type": "endpoint", "node_kind": null}, "geometry": {"type": "Point", "coordinates": [329313.75, 4691984.5]}}, {"type": "Feature", "properties": {"node_id": 3997, "degree": 2, "node_type": "endpoint", "node_kind": null}, "geometry": {"type": "Point", "coordinates": [328851.3125, 4692020.5]}}, {"type": "Feature", "properties": {"node_id": 3998, "degree": 1, "node_type": "endpoint", "node_kind": null}, "geometry": {"type": "Point", "coordinates": [328743.3125, 4692034.0]}}, {"type": "Feature", "properties": {"node_id": 3999, "degree": 2, "node_type": "endpoint", "node_kind": null}, "geometry": {"type": "Point", "coordinates": [328855.65625, 4692020.0]}}, {"type": "Feature", "properties": {"node_id": 4000, "degree": 1, "node_type": "endpoint", "node_kind": null}, "geometry": {"type": "Point", "coordinates": [329314.9375, 4691961.0]}}, {"type": "Feature", "properties": {"node_id": 4001, "degree": 1, "node_type": "endpoint", "node_kind": null}, "geometry": {"type": "Point", "coordinates": [328739.5625, 4692062.0]}}, {"type": "Feature", "properties": {"node_id": 4002, "degree": 1, "node_type": "endpoint", "node_kind": null}, "geometry": {"type": "Point", "coordinates": [328545.15625, 4692086.0]}}, {"type": "Feature", "properties": {"node_id": 4003, "degree": 2, "node_type": "endpoint", "node_kind": null}, "geometry": {"type": "Point", "coordinates": [328851.4375, 4690925.5]}}, {"type": "Feature", "properties": {"node_id": 4004, "degree": 1, "node_type": "endpoint", "node_kind": null}, "geometry": {"type": "Point", "coordinates": [329005.8125, 4690977.5]}}, {"type": "Feature", "properties": {"node_id": 4005, "degree": 1, "node_type": "endpoint", "node_kind": null}, "geometry": {"type": "Point", "coordinates": [328985.84375, 4690548.5]}}, {"type": "Feature", "properties": {"node_id": 4006, "degree": 1, "node_type": "endpoint", "node_kind": null}, "geometry": {"type": "Point", "coordinates": [329128.8125, 4690604.0]}}, {"type": "Feature", "properties": {"node_id": 4007, "degree": 1, "node_type": "endpoint", "node_kind": null}, "geometry": {"type": "Point", "coordinates": [328659.90625, 4690660.5]}}, {"type": "Feature", "properties": {"node_id": 4008, "degree": 1, "node_type": "endpoint", "node_kind": null}, "geometry": {"type": "Point", "coordinates": [328704.0, 4690675.0]}}, {"type": "Feature", "properties": {"node_id": 4009, "degree": 1, "node_type": "endpoint", "node_kind": null}, "geometry": {"type": "Point", "coordinates": [328647.0, 4690857.0]}}, {"type": "Feature", "properties": {"node_id": 4010, "degree": 2, "node_type": "endpoint", "node_kind": null}, "geometry": {"type": "Point", "coordinates": [328480.34375, 4690801.0]}}, {"type": "Feature", "properties": {"node_id": 4011, "degree": 2, "node_type": "endpoint", "node_kind": null}, "geometry": {"type": "Point", "coordinates": [328883.09375, 4690737.5]}}, {"type": "Feature", "properties": {"node_id": 4012, "degree": 1, "node_type": "endpoint", "node_kind": null}, "geometry": {"type": "Point", "coordinates": [328783.1875, 4690703.0]}}, {"type": "Feature", "properties": {"node_id": 4013, "degree": 1, "node_type": "endpoint", "node_kind": null}, "geometry": {"type": "Point", "coordinates": [329020.0625, 4690783.5]}}, {"type": "Feature", "properties": {"node_id": 4014, "degree": 2, "node_type": "endpoint", "node_kind": null}, "geometry": {"type": "Point", "coordinates": [328920.15625, 4690750.0]}}, {"type": "Feature", "properties": {"node_id": 4015, "degree": 1, "node_type": "endpoint", "node_kind": null}, "geometry": {"type": "Point", "coordinates": [328798.9375, 4690705.0]}}, {"type": "Feature", "properties": {"node_id": 4016, "degree": 1, "node_type": "endpoint", "node_kind": null}, "geometry": {"type": "Point", "coordinates": [328842.3125, 4690720.0]}}, {"type": "Feature", "properties": {"node_id": 4017, "degree": 1, "node_type": "endpoint", "node_kind": null}, "geometry": {"type": "Point", "coordinates": [328750.1875, 4690442.5]}}, {"type": "Feature", "properties": {"node_id": 4018, "degree": 1, "node_type": "endpoint", "node_kind": null}, "geometry": {"type": "Point", "coordinates": [328734.90625, 4690426.5]}}, {"type": "Feature", "properties": {"node_id": 4019, "degree": 1, "node_type": "endpoint", "node_kind": null}, "geometry": {"type": "Point", "coordinates": [328705.5, 4690677.5]}}, {"type": "Feature", "properties": {"node_id": 4020, "degree": 1, "node_type": "endpoint", "node_kind": null}, "geometry": {"type": "Point", "coordinates": [328622.40625, 4690649.5]}}, {"type": "Feature", "properties": {"node_id": 4021, "degree": 2, "node_type": "endpoint", "node_kind": null}, "geometry": {"type": "Point", "coordinates": [328824.15625, 4690916.5]}}, {"type": "Feature", "properties": {"node_id": 4022, "degree": 1, "node_type": "endpoint", "node_kind": null}, "geometry": {"type": "Point", "coordinates": [328721.25, 4690882.0]}}, {"type": "Feature", "properties": {"node_id": 4023, "degree": 1, "node_type": "endpoint", "node_kind": null}, "geometry": {"type": "Point", "coordinates": [328841.25, 4690721.5]}}, {"type": "Feature", "properties": {"node_id": 4024, "degree": 1, "node_type": "endpoint", "node_kind": null}, "geometry": {"type": "Point", "coordinates": [328797.90625, 4690707.0]}}, {"type": "Feature", "properties": {"node_id": 4025, "degree": 1, "node_type": "endpoint", "node_kind": null}, "geometry": {"type": "Point", "coordinates": [329095.65625, 4689874.5]}}, {"type": "Feature", "properties": {"node_id": 4026, "degree": 1, "node_type": "endpoint", "node_kind": null}, "geometry": {"type": "Point", "coordinates": [329006.84375, 4689816.0]}}, {"type": "Feature", "properties": {"node_id": 4027, "degree": 1, "node_type": "endpoint", "node_kind": null}, "geometry": {"type": "Point", "coordinates": [329042.25, 4690249.0]}}, {"type": "Feature", "properties": {"node_id": 4028, "degree": 1, "node_type": "endpoint", "node_kind": null}, "geometry": {"type": "Point", "coordinates": [329017.0625, 4690222.5]}}, {"type": "Feature", "properties": {"node_id": 4029, "degree": 1, "node_type": "endpoint", "node_kind": null}, "geometry": {"type": "Point", "coordinates": [328921.34375, 4690122.5]}}, {"type": "Feature", "properties": {"node_id": 4030, "degree": 1, "node_type": "endpoint", "node_kind": null}, "geometry": {"type": "Point", "coordinates": [328844.6875, 4690043.0]}}, {"type": "Feature", "properties": {"node_id": 4031, "degree": 1, "node_type": "endpoint", "node_kind": null}, "geometry": {"type": "Point", "coordinates": [328771.0625, 4689967.0]}}, {"type": "Feature", "properties": {"node_id": 4032, "degree": 1, "node_type": "endpoint", "node_kind": null}, "geometry": {"type": "Point", "coordinates": [328702.34375, 4689895.0]}}, {"type": "Feature", "properties": {"node_id": 4033, "degree": 1, "node_type": "endpoint", "node_kind": null}, "geometry": {"type": "Point", "coordinates": [329049.90625, 4689845.5]}}, {"type": "Feature", "properties": {"node_id": 4034, "degree": 1, "node_type": "endpoint", "node_kind": null}, "geometry": {"type": "Point", "coordinates": [329265.59375, 4689993.5]}}, {"type": "Feature", "properties": {"node_id": 4035, "degree": 1, "node_type": "endpoint", "node_kind": null}, "geometry": {"type": "Point", "coordinates": [328661.25, 4689833.0]}}, {"type": "Feature", "properties": {"node_id": 4036, "degree": 1, "node_type": "endpoint", "node_kind": null}, "geometry": {"type": "Point", "coordinates": [328611.75, 4689782.5]}}, {"type": "Feature", "properties": {"node_id": 4037, "degree": 1, "node_type": "endpoint", "node_kind": null}, "geometry": {"type": "Point", "coordinates": [328691.09375, 4689602.0]}}, {"type": "Feature", "properties": {"node_id": 4038, "degree": 1, "node_type": "endpoint", "node_kind": null}, "geometry": {"type": "Point", "coordinates": [328904.09375, 4689746.0]}}, {"type": "Feature", "properties": {"node_id": 4039, "degree": 1, "node_type": "endpoint", "node_kind": null}, "geometry": {"type": "Point", "coordinates": [328832.6875, 4689680.0]}}, {"type": "Feature", "properties": {"node_id": 4040, "degree": 1, "node_type": "endpoint", "node_kind": null}, "geometry": {"type": "Point", "coordinates": [328827.0, 4689676.0]}}, {"type": "Feature", "properties": {"node_id": 4041, "degree": 1, "node_type": "endpoint", "node_kind": null}, "geometry": {"type": "Point", "coordinates": [328815.59375, 4689666.5]}}, {"type": "Feature", "properties": {"node_id": 4042, "degree": 1, "node_type": "endpoint", "node_kind": null}, "geometry": {"type": "Point", "coordinates": [328829.40625, 4689676.5]}}, {"type": "Feature", "properties": {"node_id": 4043, "degree": 1, "node_type": "endpoint", "node_kind": null}, "geometry": {"type": "Point", "coordinates": [328533.15625, 4689685.5]}}, {"type": "Feature", "properties": {"node_id": 4044, "degree": 1, "node_type": "endpoint", "node_kind": null}, "geometry": {"type": "Point", "coordinates": [328554.15625, 4689664.5]}}, {"type": "Feature", "properties": {"node_id": 4045, "degree": 1, "node_type": "endpoint", "node_kind": null}, "geometry": {"type": "Point", "coordinates": [328617.90625, 4689790.0]}}, {"type": "Feature", "properties": {"node_id": 4046, "degree": 1, "node_type": "endpoint", "node_kind": null}, "geometry": {"type": "Point", "coordinates": [328531.65625, 4689699.5]}}, {"type": "Feature", "properties": {"node_id": 4047, "degree": 1, "node_type": "endpoint", "node_kind": null}, "geometry": {"type": "Point", "coordinates": [328703.5625, 4689586.0]}}, {"type": "Feature", "properties": {"node_id": 4048, "degree": 1, "node_type": "endpoint", "node_kind": null}, "geometry": {"type": "Point", "coordinates": [328740.15625, 4689611.5]}}, {"type": "Feature", "properties": {"node_id": 4049, "degree": 1, "node_type": "endpoint", "node_kind": null}, "geometry": {"type": "Point", "coordinates": [328906.0625, 4688661.5]}}, {"type": "Feature", "properties": {"node_id": 4050, "degree": 1, "node_type": "endpoint", "node_kind": null}, "geometry": {"type": "Point", "coordinates": [328982.40625, 4688722.0]}}, {"type": "Feature", "properties": {"node_id": 4051, "degree": 1, "node_type": "endpoint", "node_kind": null}, "geometry": {"type": "Point", "coordinates": [329040.59375, 4686587.5]}}, {"type": "Feature", "properties": {"node_id": 4052, "degree": 1, "node_type": "endpoint", "node_kind": null}, "geometry": {"type": "Point", "coordinates": [329127.75, 4686534.5]}}, {"type": "Feature", "properties": {"node_id": 4053, "degree": 1, "node_type": "endpoint", "node_kind": null}, "geometry": {"type": "Point", "coordinates": [329088.0, 4686553.5]}}, {"type": "Feature", "properties": {"node_id": 4054, "degree": 1, "node_type": "endpoint", "node_kind": null}, "geometry": {"type": "Point", "coordinates": [329050.34375, 4686576.5]}}, {"type": "Feature", "properties": {"node_id": 4055, "degree": 1, "node_type": "endpoint", "node_kind": null}, "geometry": {"type": "Point", "coordinates": [328765.0625, 4686744.5]}}, {"type": "Feature", "properties": {"node_id": 4056, "degree": 1, "node_type": "endpoint", "node_kind": null}, "geometry": {"type": "Point", "coordinates": [328698.0, 4686791.0]}}, {"type": "Feature", "properties": {"node_id": 4057, "degree": 1, "node_type": "endpoint", "node_kind": null}, "geometry": {"type": "Point", "coordinates": [328825.34375, 4686702.5]}}, {"type": "Feature", "properties": {"node_id": 4058, "degree": 1, "node_type": "endpoint", "node_kind": null}, "geometry": {"type": "Point", "coordinates": [328860.4375, 4686682.5]}}, {"type": "Feature", "properties": {"node_id": 4059, "degree": 1, "node_type": "endpoint", "node_kind": null}, "geometry": {"type": "Point", "coordinates": [328561.8125, 4696349.5]}}, {"type": "Feature", "properties": {"node_id": 4060, "degree": 1, "node_type": "endpoint", "node_kind": null}, "geometry": {"type": "Point", "coordinates": [328595.6875, 4696455.5]}}, {"type": "Feature", "properties": {"node_id": 4061, "degree": 1, "node_type": "endpoint", "node_kind": null}, "geometry": {"type": "Point", "coordinates": [328571.25, 4696477.0]}}, {"type": "Feature", "properties": {"node_id": 4062, "degree": 1, "node_type": "endpoint", "node_kind": null}, "geometry": {"type": "Point", "coordinates": [328586.84375, 4696530.5]}}, {"type": "Feature", "properties": {"node_id": 4063, "degree": 1, "node_type": "endpoint", "node_kind": null}, "geometry": {"type": "Point", "coordinates": [328572.4375, 4696490.0]}}, {"type": "Feature", "properties": {"node_id": 4064, "degree": 1, "node_type": "endpoint", "node_kind": null}, "geometry": {"type": "Point", "coordinates": [328585.1875, 4696534.0]}}, {"type": "Feature", "properties": {"node_id": 4065, "degree": 1, "node_type": "endpoint", "node_kind": null}, "geometry": {"type": "Point", "coordinates": [328642.1875, 4685851.0]}}, {"type": "Feature", "properties": {"node_id": 4066, "degree": 1, "node_type": "endpoint", "node_kind": null}, "geometry": {"type": "Point", "coordinates": [328664.5625, 4685856.5]}}, {"type": "Feature", "properties": {"node_id": 4067, "degree": 1, "node_type": "endpoint", "node_kind": null}, "geometry": {"type": "Point", "coordinates": [328551.0, 4685791.0]}}, {"type": "Feature", "properties": {"node_id": 4068, "degree": 1, "node_type": "endpoint", "node_kind": null}, "geometry": {"type": "Point", "coordinates": [328675.0625, 4685839.0]}}, {"type": "Feature", "properties": {"node_id": 4069, "degree": 2, "node_type": "endpoint", "node_kind": null}, "geometry": {"type": "Point", "coordinates": [328523.6875, 4685797.0]}}, {"type": "Feature", "properties": {"node_id": 4070, "degree": 1, "node_type": "endpoint", "node_kind": null}, "geometry": {"type": "Point", "coordinates": [328560.4375, 4685823.5]}}, {"type": "Feature", "properties": {"node_id": 4071, "degree": 1, "node_type": "endpoint", "node_kind": null}, "geometry": {"type": "Point", "coordinates": [328621.5, 4685822.0]}}, {"type": "Feature", "properties": {"node_id": 4072, "degree": 1, "node_type": "endpoint", "node_kind": null}, "geometry": {"type": "Point", "coordinates": [328666.8125, 4685832.5]}}, {"type": "Feature", "properties": {"node_id": 4073, "degree": 1, "node_type": "endpoint", "node_kind": null}, "geometry": {"type": "Point", "coordinates": [328727.5625, 4685852.5]}}, {"type": "Feature", "properties": {"node_id": 4074, "degree": 1, "node_type": "endpoint", "node_kind": null}, "geometry": {"type": "Point", "coordinates": [328751.6875, 4685865.0]}}, {"type": "Feature", "properties": {"node_id": 4075, "degree": 1, "node_type": "endpoint", "node_kind": null}, "geometry": {"type": "Point", "coordinates": [328857.4375, 4685983.0]}}, {"type": "Feature", "properties": {"node_id": 4076, "degree": 1, "node_type": "endpoint", "node_kind": null}, "geometry": {"type": "Point", "coordinates": [328934.40625, 4686067.5]}}, {"type": "Feature", "properties": {"node_id": 4077, "degree": 1, "node_type": "endpoint", "node_kind": null}, "geometry": {"type": "Point", "coordinates": [328720.0625, 4685876.0]}}, {"type": "Feature", "properties": {"node_id": 4078, "degree": 1, "node_type": "endpoint", "node_kind": null}, "geometry": {"type": "Point", "coordinates": [328744.5, 4685888.5]}}, {"type": "Feature", "properties": {"node_id": 4079, "degree": 1, "node_type": "endpoint", "node_kind": null}, "geometry": {"type": "Point", "coordinates": [329021.5625, 4686122.0]}}, {"type": "Feature", "properties": {"node_id": 4080, "degree": 1, "node_type": "endpoint", "node_kind": null}, "geometry": {"type": "Point", "coordinates": [329124.4375, 4686205.5]}}, {"type": "Feature", "properties": {"node_id": 4081, "degree": 1, "node_type": "endpoint", "node_kind": null}, "geometry": {"type": "Point", "coordinates": [328919.84375, 4686018.5]}}, {"type": "Feature", "properties": {"node_id": 4082, "degree": 1, "node_type": "endpoint", "node_kind": null}, "geometry": {"type": "Point", "coordinates": [329127.4375, 4686213.5]}}, {"type": "Feature", "properties": {"node_id": 4083, "degree": 1, "node_type": "endpoint", "node_kind": null}, "geometry": {"type": "Point", "coordinates": [328784.09375, 4685914.5]}}, {"type": "Feature", "properties": {"node_id": 4084, "degree": 1, "node_type": "endpoint", "node_kind": null}, "geometry": {"type": "Point", "coordinates": [328812.4375, 4685937.5]}}, {"type": "Feature", "properties": {"node_id": 4085, "degree": 1, "node_type": "endpoint", "node_kind": null}, "geometry": {"type": "Point", "coordinates": [328954.1875, 4686053.5]}}, {"type": "Feature", "properties": {"node_id": 4086, "degree": 1, "node_type": "endpoint", "node_kind": null}, "geometry": {"type": "Point", "coordinates": [328726.65625, 4685854.0]}}, {"type": "Feature", "properties": {"node_id": 4087, "degree": 1, "node_type": "endpoint", "node_kind": null}, "geometry": {"type": "Point", "coordinates": [329017.1875, 4686145.5]}}, {"type": "Feature", "properties": {"node_id": 4088, "degree": 1, "node_type": "endpoint", "node_kind": null}, "geometry": {"type": "Point", "coordinates": [328975.9375, 4686108.5]}}, {"type": "Feature", "properties": {"node_id": 4089, "degree": 1, "node_type": "endpoint", "node_kind": null}, "geometry": {"type": "Point", "coordinates": [329184.59375, 4685637.5]}}, {"type": "Feature", "properties": {"node_id": 4090, "degree": 1, "node_type": "endpoint", "node_kind": null}, "geometry": {"type": "Point", "coordinates": [328838.5625, 4685741.5]}}, {"type": "Feature", "properties": {"node_id": 4091, "degree": 1, "node_type": "endpoint", "node_kind": null}, "geometry": {"type": "Point", "coordinates": [328959.0, 4685727.0]}}, {"type": "Feature", "properties": {"node_id": 4092, "degree": 1, "node_type": "endpoint", "node_kind": null}, "geometry": {"type": "Point", "coordinates": [328844.5625, 4685744.5]}}, {"type": "Feature", "properties": {"node_id": 4093, "degree": 1, "node_type": "endpoint", "node_kind": null}, "geometry": {"type": "Point", "coordinates": [328703.25, 4684487.5]}}, {"type": "Feature", "properties": {"node_id": 4094, "degree": 1, "node_type": "endpoint", "node_kind": null}, "geometry": {"type": "Point", "coordinates": [328721.25, 4684413.5]}}, {"type": "Feature", "properties": {"node_id": 4095, "degree": 1, "node_type": "endpoint", "node_kind": null}, "geometry": {"type": "Point", "coordinates": [328951.1875, 4684178.0]}}, {"type": "Feature", "properties": {"node_id": 4096, "degree": 1, "node_type": "endpoint", "node_kind": null}, "geometry": {"type": "Point", "coordinates": [329055.75, 4684133.0]}}, {"type": "Feature", "properties": {"node_id": 4097, "degree": 1, "node_type": "endpoint", "node_kind": null}, "geometry": {"type": "Point", "coordinates": [328725.0, 4684414.0]}}, {"type": "Feature", "properties": {"node_id": 4098, "degree": 1, "node_type": "endpoint", "node_kind": null}, "geometry": {"type": "Point", "coordinates": [328711.1875, 4684470.0]}}, {"type": "Feature", "properties": {"node_id": 4099, "degree": 1, "node_type": "endpoint", "node_kind": null}, "geometry": {"type": "Point", "coordinates": [328676.84375, 4684075.0]}}, {"type": "Feature", "properties": {"node_id": 4100, "degree": 1, "node_type": "endpoint", "node_kind": null}, "geometry": {"type": "Point", "coordinates": [328664.09375, 4684022.5]}}, {"type": "Feature", "properties": {"node_id": 4101, "degree": 1, "node_type": "endpoint", "node_kind": null}, "geometry": {"type": "Point", "coordinates": [328638.0, 4684311.5]}}, {"type": "Feature", "properties": {"node_id": 4102, "degree": 1, "node_type": "endpoint", "node_kind": null}, "geometry": {"type": "Point", "coordinates": [328665.0, 4684300.5]}}, {"type": "Feature", "properties": {"node_id": 4103, "degree": 1, "node_type": "endpoint", "node_kind": null}, "geometry": {"type": "Point", "coordinates": [328769.40625, 4684255.5]}}, {"type": "Feature", "properties": {"node_id": 4104, "degree": 1, "node_type": "endpoint", "node_kind": null}, "geometry": {"type": "Point", "coordinates": [328832.84375, 4684228.5]}}, {"type": "Feature", "properties": {"node_id": 4105, "degree": 1, "node_type": "endpoint", "node_kind": null}, "geometry": {"type": "Point", "coordinates": [328682.25, 4684287.0]}}, {"type": "Feature", "properties": {"node_id": 4106, "degree": 1, "node_type": "endpoint", "node_kind": null}, "geometry": {"type": "Point", "coordinates": [328702.65625, 4684278.5]}}, {"type": "Feature", "properties": {"node_id": 4107, "degree": 1, "node_type": "endpoint", "node_kind": null}, "geometry": {"type": "Point", "coordinates": [328485.75, 4683575.5]}}, {"type": "Feature", "properties": {"node_id": 4108, "degree": 1, "node_type": "endpoint", "node_kind": null}, "geometry": {"type": "Point", "coordinates": [328530.3125, 4683632.0]}}, {"type": "Feature", "properties": {"node_id": 4109, "degree": 1, "node_type": "endpoint", "node_kind": null}, "geometry": {"type": "Point", "coordinates": [328748.09375, 4683432.5]}}, {"type": "Feature", "properties": {"node_id": 4110, "degree": 1, "node_type": "endpoint", "node_kind": null}, "geometry": {"type": "Point", "coordinates": [328733.5625, 4683463.5]}}, {"type": "Feature", "properties": {"node_id": 4111, "degree": 1, "node_type": "endpoint", "node_kind": null}, "geometry": {"type": "Point", "coordinates": [329052.3125, 4683966.5]}}, {"type": "Feature", "properties": {"node_id": 4112, "degree": 1, "node_type": "endpoint", "node_kind": null}, "geometry": {"type": "Point", "coordinates": [328917.0, 4683928.5]}}, {"type": "Feature", "properties": {"node_id": 4113, "degree": 1, "node_type": "endpoint", "node_kind": null}, "geometry": {"type": "Point", "coordinates": [328999.9375, 4683948.5]}}, {"type": "Feature", "properties": {"node_id": 4114, "degree": 1, "node_type": "endpoint", "node_kind": null}, "geometry": {"type": "Point", "coordinates": [328915.34375, 4683924.5]}}, {"type": "Feature", "properties": {"node_id": 4115, "degree": 1, "node_type": "endpoint", "node_kind": null}, "geometry": {"type": "Point", "coordinates": [328591.0625, 4683722.5]}}, {"type": "Feature", "properties": {"node_id": 4116, "degree": 1, "node_type": "endpoint", "node_kind": null}, "geometry": {"type": "Point", "coordinates": [328554.3125, 4683670.5]}}, {"type": "Feature", "properties": {"node_id": 4117, "degree": 1, "node_type": "endpoint", "node_kind": null}, "geometry": {"type": "Point", "coordinates": [328534.65625, 4683650.5]}}, {"type": "Feature", "properties": {"node_id": 4118, "degree": 1, "node_type": "endpoint", "node_kind": null}, "geometry": {"type": "Point", "coordinates": [328506.75, 4683614.5]}}, {"type": "Feature", "properties": {"node_id": 4119, "degree": 1, "node_type": "endpoint", "node_kind": null}, "geometry": {"type": "Point", "coordinates": [328368.90625, 4682920.0]}}, {"type": "Feature", "properties": {"node_id": 4120, "degree": 1, "node_type": "endpoint", "node_kind": null}, "geometry": {"type": "Point", "coordinates": [328393.0625, 4682897.5]}}, {"type": "Feature", "properties": {"node_id": 4121, "degree": 1, "node_type": "endpoint", "node_kind": null}, "geometry": {"type": "Point", "coordinates": [329148.3125, 4697761.5]}}, {"type": "Feature", "properties": {"node_id": 4122, "degree": 1, "node_type": "endpoint", "node_kind": null}, "geometry": {"type": "Point", "coordinates": [329143.8125, 4697597.0]}}, {"type": "Feature", "properties": {"node_id": 4123, "degree": 1, "node_type": "endpoint", "node_kind": null}, "geometry": {"type": "Point", "coordinates": [329146.65625, 4697640.5]}}, {"type": "Feature", "properties": {"node_id": 4124, "degree": 1, "node_type": "endpoint", "node_kind": null}, "geometry": {"type": "Point", "coordinates": [329149.0625, 4697715.5]}}, {"type": "Feature", "properties": {"node_id": 4125, "degree": 1, "node_type": "endpoint", "node_kind": null}, "geometry": {"type": "Point", "coordinates": [329138.5625, 4697437.0]}}, {"type": "Feature", "properties": {"node_id": 4126, "degree": 1, "node_type": "endpoint", "node_kind": null}, "geometry": {"type": "Point", "coordinates": [329116.65625, 4696927.5]}}, {"type": "Feature", "properties": {"node_id": 4127, "degree": 1, "node_type": "endpoint", "node_kind": null}, "geometry": {"type": "Point", "coordinates": [329129.84375, 4681238.0]}}, {"type": "Feature", "properties": {"node_id": 4128, "degree": 1, "node_type": "endpoint", "node_kind": null}, "geometry": {"type": "Point", "coordinates": [329105.40625, 4681205.5]}}, {"type": "Feature", "properties": {"node_id": 4129, "degree": 1, "node_type": "endpoint", "node_kind": null}, "geometry": {"type": "Point", "coordinates": [329222.40625, 4680712.0]}}, {"type": "Feature", "properties": {"node_id": 4130, "degree": 1, "node_type": "endpoint", "node_kind": null}, "geometry": {"type": "Point", "coordinates": [329369.5625, 4680714.0]}}, {"type": "Feature", "properties": {"node_id": 4131, "degree": 1, "node_type": "endpoint", "node_kind": null}, "geometry": {"type": "Point", "coordinates": [329404.5, 4680333.5]}}, {"type": "Feature", "properties": {"node_id": 4132, "degree": 1, "node_type": "endpoint", "node_kind": null}, "geometry": {"type": "Point", "coordinates": [329502.15625, 4680405.5]}}, {"type": "Feature", "properties": {"node_id": 4133, "degree": 1, "node_type": "endpoint", "node_kind": null}, "geometry": {"type": "Point", "coordinates": [329368.5, 4680330.5]}}, {"type": "Feature", "properties": {"node_id": 4134, "degree": 1, "node_type": "endpoint", "node_kind": null}, "geometry": {"type": "Point", "coordinates": [329475.0, 4680389.5]}}, {"type": "Feature", "properties": {"node_id": 4135, "degree": 1, "node_type": "endpoint", "node_kind": null}, "geometry": {"type": "Point", "coordinates": [329569.5, 4680426.5]}}, {"type": "Feature", "properties": {"node_id": 4136, "degree": 1, "node_type": "endpoint", "node_kind": null}, "geometry": {"type": "Point", "coordinates": [329912.25, 4680486.0]}}, {"type": "Feature", "properties": {"node_id": 4137, "degree": 1, "node_type": "endpoint", "node_kind": null}, "geometry": {"type": "Point", "coordinates": [329632.65625, 4679504.0]}}, {"type": "Feature", "properties": {"node_id": 4138, "degree": 1, "node_type": "endpoint", "node_kind": null}, "geometry": {"type": "Point", "coordinates": [329579.40625, 4679462.0]}}, {"type": "Feature", "properties": {"node_id": 4139, "degree": 1, "node_type": "endpoint", "node_kind": null}, "geometry": {"type": "Point", "coordinates": [329588.6875, 4679481.0]}}, {"type": "Feature", "properties": {"node_id": 4140, "degree": 1, "node_type": "endpoint", "node_kind": null}, "geometry": {"type": "Point", "coordinates": [329830.1875, 4679632.5]}}, {"type": "Feature", "properties": {"node_id": 4141, "degree": 1, "node_type": "endpoint", "node_kind": null}, "geometry": {"type": "Point", "coordinates": [329271.15625, 4678841.0]}}, {"type": "Feature", "properties": {"node_id": 4142, "degree": 1, "node_type": "endpoint", "node_kind": null}, "geometry": {"type": "Point", "coordinates": [329299.34375, 4679378.0]}}, {"type": "Feature", "properties": {"node_id": 4143, "degree": 1, "node_type": "endpoint", "node_kind": null}, "geometry": {"type": "Point", "coordinates": [329457.0, 4679351.0]}}, {"type": "Feature", "properties": {"node_id": 4144, "degree": 1, "node_type": "endpoint", "node_kind": null}, "geometry": {"type": "Point", "coordinates": [329409.15625, 4679334.0]}}, {"type": "Feature", "properties": {"node_id": 4145, "degree": 1, "node_type": "endpoint", "node_kind": null}, "geometry": {"type": "Point", "coordinates": [329439.4375, 4679344.0]}}, {"type": "Feature", "properties": {"node_id": 4146, "degree": 1, "node_type": "endpoint", "node_kind": null}, "geometry": {"type": "Point", "coordinates": [329452.9375, 4679362.5]}}, {"type": "Feature", "properties": {"node_id": 4147, "degree": 1, "node_type": "endpoint", "node_kind": null}, "geometry": {"type": "Point", "coordinates": [329422.65625, 4679337.0]}}, {"type": "Feature", "properties": {"node_id": 4148, "degree": 1, "node_type": "endpoint", "node_kind": null}, "geometry": {"type": "Point", "coordinates": [329476.5, 4679385.0]}}, {"type": "Feature", "properties": {"node_id": 4149, "degree": 1, "node_type": "endpoint", "node_kind": null}, "geometry": {"type": "Point", "coordinates": [329378.09375, 4694566.0]}}, {"type": "Feature", "properties": {"node_id": 4150, "degree": 1, "node_type": "endpoint", "node_kind": null}, "geometry": {"type": "Point", "coordinates": [329389.8125, 4694649.5]}}, {"type": "Feature", "properties": {"node_id": 4151, "degree": 1, "node_type": "endpoint", "node_kind": null}, "geometry": {"type": "Point", "coordinates": [329142.15625, 4694591.5]}}, {"type": "Feature", "properties": {"node_id": 4152, "degree": 1, "node_type": "endpoint", "node_kind": null}, "geometry": {"type": "Point", "coordinates": [329161.5, 4694573.5]}}, {"type": "Feature", "properties": {"node_id": 4153, "degree": 1, "node_type": "endpoint", "node_kind": null}, "geometry": {"type": "Point", "coordinates": [329149.5, 4694580.5]}}, {"type": "Feature", "properties": {"node_id": 4154, "degree": 1, "node_type": "endpoint", "node_kind": null}, "geometry": {"type": "Point", "coordinates": [329128.65625, 4694597.5]}}, {"type": "Feature", "properties": {"node_id": 4155, "degree": 1, "node_type": "endpoint", "node_kind": null}, "geometry": {"type": "Point", "coordinates": [329268.4375, 4694555.0]}}, {"type": "Feature", "properties": {"node_id": 4156, "degree": 1, "node_type": "endpoint", "node_kind": null}, "geometry": {"type": "Point", "coordinates": [329254.5, 4694521.5]}}, {"type": "Feature", "properties": {"node_id": 4157, "degree": 1, "node_type": "endpoint", "node_kind": null}, "geometry": {"type": "Point", "coordinates": [329350.0625, 4694635.5]}}, {"type": "Feature", "properties": {"node_id": 4158, "degree": 1, "node_type": "endpoint", "node_kind": null}, "geometry": {"type": "Point", "coordinates": [329326.34375, 4694638.5]}}, {"type": "Feature", "properties": {"node_id": 4159, "degree": 1, "node_type": "endpoint", "node_kind": null}, "geometry": {"type": "Point", "coordinates": [329326.5, 4694473.0]}}, {"type": "Feature", "properties": {"node_id": 4160, "degree": 1, "node_type": "endpoint", "node_kind": null}, "geometry": {"type": "Point", "coordinates": [329305.8125, 4694471.0]}}, {"type": "Feature", "properties": {"node_id": 4161, "degree": 1, "node_type": "endpoint", "node_kind": null}, "geometry": {"type": "Point", "coordinates": [329116.1875, 4694425.5]}}, {"type": "Feature", "properties": {"node_id": 4162, "degree": 1, "node_type": "endpoint", "node_kind": null}, "geometry": {"type": "Point", "coordinates": [329138.5625, 4694435.5]}}, {"type": "Feature", "properties": {"node_id": 4163, "degree": 1, "node_type": "endpoint", "node_kind": null}, "geometry": {"type": "Point", "coordinates": [329676.0, 4693945.0]}}, {"type": "Feature", "properties": {"node_id": 4164, "degree": 1, "node_type": "endpoint", "node_kind": null}, "geometry": {"type": "Point", "coordinates": [329657.6875, 4693971.5]}}, {"type": "Feature", "properties": {"node_id": 4165, "degree": 1, "node_type": "endpoint", "node_kind": null}, "geometry": {"type": "Point", "coordinates": [329441.6875, 4694355.5]}}, {"type": "Feature", "properties": {"node_id": 4166, "degree": 1, "node_type": "endpoint", "node_kind": null}, "geometry": {"type": "Point", "coordinates": [329491.0625, 4694213.5]}}, {"type": "Feature", "properties": {"node_id": 4167, "degree": 1, "node_type": "endpoint", "node_kind": null}, "geometry": {"type": "Point", "coordinates": [329378.5625, 4694088.5]}}, {"type": "Feature", "properties": {"node_id": 4168, "degree": 1, "node_type": "endpoint", "node_kind": null}, "geometry": {"type": "Point", "coordinates": [329348.6875, 4694062.5]}}, {"type": "Feature", "properties": {"node_id": 4169, "degree": 1, "node_type": "endpoint", "node_kind": null}, "geometry": {"type": "Point", "coordinates": [329393.25, 4694088.5]}}, {"type": "Feature", "properties": {"node_id": 4170, "degree": 1, "node_type": "endpoint", "node_kind": null}, "geometry": {"type": "Point", "coordinates": [329422.5, 4694114.0]}}, {"type": "Feature", "properties": {"node_id": 4171, "degree": 1, "node_type": "endpoint", "node_kind": null}, "geometry": {"type": "Point", "coordinates": [329558.40625, 4693926.0]}}, {"type": "Feature", "properties": {"node_id": 4172, "degree": 1, "node_type": "endpoint", "node_kind": null}, "geometry": {"type": "Point", "coordinates": [329572.9375, 4693888.5]}}, {"type": "Feature", "properties": {"node_id": 4173, "degree": 1, "node_type": "endpoint", "node_kind": null}, "geometry": {"type": "Point", "coordinates": [329443.65625, 4694355.5]}}, {"type": "Feature", "properties": {"node_id": 4174, "degree": 1, "node_type": "endpoint", "node_kind": null}, "geometry": {"type": "Point", "coordinates": [329500.8125, 4694200.0]}}, {"type": "Feature", "properties": {"node_id": 4175, "degree": 1, "node_type": "endpoint", "node_kind": null}, "geometry": {"type": "Point", "coordinates": [329509.9375, 4694202.5]}}, {"type": "Feature", "properties": {"node_id": 4176, "degree": 1, "node_type": "endpoint", "node_kind": null}, "geometry": {"type": "Point", "coordinates": [329497.65625, 4694224.0]}}, {"type": "Feature", "properties": {"node_id": 4177, "degree": 1, "node_type": "endpoint", "node_kind": null}, "geometry": {"type": "Point", "coordinates": [329305.1875, 4694014.0]}}, {"type": "Feature", "properties": {"node_id": 4178, "degree": 1, "node_type": "endpoint", "node_kind": null}, "geometry": {"type": "Point", "coordinates": [329282.09375, 4693994.0]}}, {"type": "Feature", "properties": {"node_id": 4179, "degree": 1, "node_type": "endpoint", "node_kind": null}, "geometry": {"type": "Point", "coordinates": [329210.40625, 4693261.0]}}, {"type": "Feature", "properties": {"node_id": 4180, "degree": 1, "node_type": "endpoint", "node_kind": null}, "geometry": {"type": "Point", "coordinates": [329176.8125, 4693267.0]}}, {"type": "Feature", "properties": {"node_id": 4181, "degree": 1, "node_type": "endpoint", "node_kind": null}, "geometry": {"type": "Point", "coordinates": [329103.4375, 4693275.0]}}, {"type": "Feature", "properties": {"node_id": 4182, "degree": 1, "node_type": "endpoint", "node_kind": null}, "geometry": {"type": "Point", "coordinates": [329139.4375, 4693268.0]}}, {"type": "Feature", "properties": {"node_id": 4183, "degree": 1, "node_type": "endpoint", "node_kind": null}, "geometry": {"type": "Point", "coordinates": [329374.8125, 4693183.0]}}, {"type": "Feature", "properties": {"node_id": 4184, "degree": 1, "node_type": "endpoint", "node_kind": null}, "geometry": {"type": "Point", "coordinates": [329299.8125, 4693232.0]}}, {"type": "Feature", "properties": {"node_id": 4185, "degree": 1, "node_type": "endpoint", "node_kind": null}, "geometry": {"type": "Point", "coordinates": [329126.40625, 4693099.5]}}, {"type": "Feature", "properties": {"node_id": 4186, "degree": 1, "node_type": "endpoint", "node_kind": null}, "geometry": {"type": "Point", "coordinates": [329111.5625, 4693079.5]}}, {"type": "Feature", "properties": {"node_id": 4187, "degree": 2, "node_type": "endpoint", "node_kind": null}, "geometry": {"type": "Point", "coordinates": [329126.40625, 4693130.0]}}, {"type": "Feature", "properties": {"node_id": 4188, "degree": 2, "node_type": "endpoint", "node_kind": null}, "geometry": {"type": "Point", "coordinates": [329089.1875, 4693165.0]}}, {"type": "Feature", "properties": {"node_id": 4189, "degree": 1, "node_type": "endpoint", "node_kind": null}, "geometry": {"type": "Point", "coordinates": [329408.6875, 4693067.5]}}, {"type": "Feature", "properties": {"node_id": 4190, "degree": 1, "node_type": "endpoint", "node_kind": null}, "geometry": {"type": "Point", "coordinates": [329383.34375, 4693090.0]}}, {"type": "Feature", "properties": {"node_id": 4191, "degree": 1, "node_type": "endpoint", "node_kind": null}, "geometry": {"type": "Point", "coordinates": [329270.25, 4693066.0]}}, {"type": "Feature", "properties": {"node_id": 4192, "degree": 1, "node_type": "endpoint", "node_kind": null}, "geometry": {"type": "Point", "coordinates": [329142.75, 4693108.0]}}, {"type": "Feature", "properties": {"node_id": 4193, "degree": 1, "node_type": "endpoint", "node_kind": null}, "geometry": {"type": "Point", "coordinates": [329349.75, 4693122.0]}}, {"type": "Feature", "properties": {"node_id": 4194, "degree": 1, "node_type": "endpoint", "node_kind": null}, "geometry": {"type": "Point", "coordinates": [329374.8125, 4693160.0]}}, {"type": "Feature", "properties": {"node_id": 4195, "degree": 1, "node_type": "endpoint", "node_kind": null}, "geometry": {"type": "Point", "coordinates": [329152.65625, 4693112.0]}}, {"type": "Feature", "properties": {"node_id": 4196, "degree": 1, "node_type": "endpoint", "node_kind": null}, "geometry": {"type": "Point", "coordinates": [329280.4375, 4693071.0]}}, {"type": "Feature", "properties": {"node_id": 4197, "degree": 2, "node_type": "endpoint", "node_kind": null}, "geometry": {"type": "Point", "coordinates": [329146.65625, 4693112.0]}}, {"type": "Feature", "properties": {"node_id": 4198, "degree": 1, "node_type": "endpoint", "node_kind": null}, "geometry": {"type": "Point", "coordinates": [329204.6875, 4693093.0]}}, {"type": "Feature", "properties": {"node_id": 4199, "degree": 1, "node_type": "endpoint", "node_kind": null}, "geometry": {"type": "Point", "coordinates": [329306.84375, 4693229.5]}}, {"type": "Feature", "properties": {"node_id": 4200, "degree": 1, "node_type": "endpoint", "node_kind": null}, "geometry": {"type": "Point", "coordinates": [329375.09375, 4693185.0]}}, {"type": "Feature", "properties": {"node_id": 4201, "degree": 1, "node_type": "endpoint", "node_kind": null}, "geometry": {"type": "Point", "coordinates": [329222.84375, 4693184.0]}}, {"type": "Feature", "properties": {"node_id": 4202, "degree": 1, "node_type": "endpoint", "node_kind": null}, "geometry": {"type": "Point", "coordinates": [329157.3125, 4693196.0]}}, {"type": "Feature", "properties": {"node_id": 4203, "degree": 1, "node_type": "endpoint", "node_kind": null}, "geometry": {"type": "Point", "coordinates": [329416.0625, 4692779.0]}}, {"type": "Feature", "properties": {"node_id": 4204, "degree": 1, "node_type": "endpoint", "node_kind": null}, "geometry": {"type": "Point", "coordinates": [329387.6875, 4692799.5]}}, {"type": "Feature", "properties": {"node_id": 4205, "degree": 1, "node_type": "endpoint", "node_kind": null}, "geometry": {"type": "Point", "coordinates": [329297.40625, 4693224.5]}}, {"type": "Feature", "properties": {"node_id": 4206, "degree": 1, "node_type": "endpoint", "node_kind": null}, "geometry": {"type": "Point", "coordinates": [329370.75, 4693176.5]}}, {"type": "Feature", "properties": {"node_id": 4207, "degree": 1, "node_type": "endpoint", "node_kind": null}, "geometry": {"type": "Point", "coordinates": [329188.8125, 4693090.5]}}, {"type": "Feature", "properties": {"node_id": 4208, "degree": 1, "node_type": "endpoint", "node_kind": null}, "geometry": {"type": "Point", "coordinates": [329145.3125, 4693104.5]}}, {"type": "Feature", "properties": {"node_id": 4209, "degree": 1, "node_type": "endpoint", "node_kind": null}, "geometry": {"type": "Point", "coordinates": [329409.0, 4693063.0]}}, {"type": "Feature", "properties": {"node_id": 4210, "degree": 2, "node_type": "endpoint", "node_kind": null}, "geometry": {"type": "Point", "coordinates": [329379.75, 4693090.0]}}, {"type": "Feature", "properties": {"node_id": 4211, "degree": 2, "node_type": "endpoint", "node_kind": null}, "geometry": {"type": "Point", "coordinates": [329333.6875, 4693119.0]}}, {"type": "Feature", "properties": {"node_id": 4212, "degree": 1, "node_type": "endpoint", "node_kind": null}, "geometry": {"type": "Point", "coordinates": [329257.8125, 4693169.0]}}, {"type": "Feature", "properties": {"node_id": 4213, "degree": 1, "node_type": "endpoint", "node_kind": null}, "geometry": {"type": "Point", "coordinates": [329662.8125, 4692479.5]}}, {"type": "Feature", "properties": {"node_id": 4214, "degree": 1, "node_type": "endpoint", "node_kind": null}, "geometry": {"type": "Point", "coordinates": [329576.5625, 4692349.0]}}, {"type": "Feature", "properties": {"node_id": 4215, "degree": 1, "node_type": "endpoint", "node_kind": null}, "geometry": {"type": "Point", "coordinates": [329626.34375, 4692627.0]}}, {"type": "Feature", "properties": {"node_id": 4216, "degree": 1, "node_type": "endpoint", "node_kind": null}, "geometry": {"type": "Point", "coordinates": [329606.25, 4692641.5]}}, {"type": "Feature", "properties": {"node_id": 4217, "degree": 2, "node_type": "endpoint", "node_kind": null}, "geometry": {"type": "Point", "coordinates": [329303.6875, 4696751.5]}}, {"type": "Feature", "properties": {"node_id": 4218, "degree": 1, "node_type": "endpoint", "node_kind": null}, "geometry": {"type": "Point", "coordinates": [329270.6875, 4696757.0]}}, {"type": "Feature", "properties": {"node_id": 4219, "degree": 1, "node_type": "endpoint", "node_kind": null}, "geometry": {"type": "Point", "coordinates": [329489.09375, 4696673.0]}}, {"type": "Feature", "properties": {"node_id": 4220, "degree": 1, "node_type": "endpoint", "node_kind": null}, "geometry": {"type": "Point", "coordinates": [329307.59375, 4696722.0]}}, {"type": "Feature", "properties": {"node_id": 4221, "degree": 1, "node_type": "endpoint", "node_kind": null}, "geometry": {"type": "Point", "coordinates": [328953.90625, 4696781.0]}}, {"type": "Feature", "properties": {"node_id": 4222, "degree": 1, "node_type": "endpoint", "node_kind": null}, "geometry": {"type": "Point", "coordinates": [329128.5, 4696774.0]}}, {"type": "Feature", "properties": {"node_id": 4223, "degree": 1, "node_type": "endpoint", "node_kind": null}, "geometry": {"type": "Point", "coordinates": [329103.90625, 4696979.0]}}, {"type": "Feature", "properties": {"node_id": 4224, "degree": 1, "node_type": "endpoint", "node_kind": null}, "geometry": {"type": "Point", "coordinates": [329097.75, 4696874.0]}}, {"type": "Feature", "properties": {"node_id": 4225, "degree": 2, "node_type": "endpoint", "node_kind": null}, "geometry": {"type": "Point", "coordinates": [329314.34375, 4696752.0]}}, {"type": "Feature", "properties": {"node_id": 4226, "degree": 1, "node_type": "endpoint", "node_kind": null}, "geometry": {"type": "Point", "coordinates": [329617.0625, 4696650.0]}}, {"type": "Feature", "properties": {"node_id": 4227, "degree": 1, "node_type": "endpoint", "node_kind": null}, "geometry": {"type": "Point", "coordinates": [329243.5625, 4696796.5]}}, {"type": "Feature", "properties": {"node_id": 4228, "degree": 1, "node_type": "endpoint", "node_kind": null}, "geometry": {"type": "Point", "coordinates": [329272.0625, 4696791.5]}}, {"type": "Feature", "properties": {"node_id": 4229, "degree": 1, "node_type": "endpoint", "node_kind": null}, "geometry": {"type": "Point", "coordinates": [329107.8125, 4697096.0]}}, {"type": "Feature", "properties": {"node_id": 4230, "degree": 1, "node_type": "endpoint", "node_kind": null}, "geometry": {"type": "Point", "coordinates": [329110.0625, 4697156.0]}}, {"type": "Feature", "properties": {"node_id": 4231, "degree": 1, "node_type": "endpoint", "node_kind": null}, "geometry": {"type": "Point", "coordinates": [329359.9375, 4696744.0]}}, {"type": "Feature", "properties": {"node_id": 4232, "degree": 1, "node_type": "endpoint", "node_kind": null}, "geometry": {"type": "Point", "coordinates": [329609.40625, 4696656.0]}}, {"type": "Feature", "properties": {"node_id": 4233, "degree": 1, "node_type": "endpoint", "node_kind": null}, "geometry": {"type": "Point", "coordinates": [329508.15625, 4691970.5]}}, {"type": "Feature", "properties": {"node_id": 4234, "degree": 1, "node_type": "endpoint", "node_kind": null}, "geometry": {"type": "Point", "coordinates": [329614.8125, 4691953.0]}}, {"type": "Feature", "properties": {"node_id": 4235, "degree": 2, "node_type": "endpoint", "node_kind": null}, "geometry": {"type": "Point", "coordinates": [329410.0625, 4691978.0]}}, {"type": "Feature", "properties": {"node_id": 4236, "degree": 2, "node_type": "endpoint", "node_kind": null}, "geometry": {"type": "Point", "coordinates": [329353.65625, 4691981.0]}}, {"type": "Feature", "properties": {"node_id": 4237, "degree": 1, "node_type": "endpoint", "node_kind": null}, "geometry": {"type": "Point", "coordinates": [329622.15625, 4691956.0]}}, {"type": "Feature", "properties": {"node_id": 4238, "degree": 1, "node_type": "endpoint", "node_kind": null}, "geometry": {"type": "Point", "coordinates": [329599.8125, 4691956.5]}}, {"type": "Feature", "properties": {"node_id": 4239, "degree": 2, "node_type": "endpoint", "node_kind": null}, "geometry": {"type": "Point", "coordinates": [329425.0625, 4691979.5]}}, {"type": "Feature", "properties": {"node_id": 4240, "degree": 1, "node_type": "endpoint", "node_kind": null}, "geometry": {"type": "Point", "coordinates": [329485.0625, 4691986.0]}}, {"type": "Feature", "properties": {"node_id": 4241, "degree": 1, "node_type": "endpoint", "node_kind": null}, "geometry": {"type": "Point", "coordinates": [329221.1875, 4691047.5]}}, {"type": "Feature", "properties": {"node_id": 4242, "degree": 1, "node_type": "endpoint", "node_kind": null}, "geometry": {"type": "Point", "coordinates": [329374.65625, 4691099.0]}}, {"type": "Feature", "properties": {"node_id": 4243, "degree": 2, "node_type": "endpoint", "node_kind": null}, "geometry": {"type": "Point", "coordinates": [329228.5625, 4690960.5]}}, {"type": "Feature", "properties": {"node_id": 4244, "degree": 1, "node_type": "endpoint", "node_kind": null}, "geometry": {"type": "Point", "coordinates": [329206.5, 4691026.5]}}, {"type": "Feature", "properties": {"node_id": 4245, "degree": 1, "node_type": "endpoint", "node_kind": null}, "geometry": {"type": "Point", "coordinates": [329380.1875, 4691160.0]}}, {"type": "Feature", "properties": {"node_id": 4246, "degree": 1, "node_type": "endpoint", "node_kind": null}, "geometry": {"type": "Point", "coordinates": [329354.09375, 4691238.0]}}, {"type": "Feature", "properties": {"node_id": 4247, "degree": 1, "node_type": "endpoint", "node_kind": null}, "geometry": {"type": "Point", "coordinates": [329573.09375, 4691374.0]}}, {"type": "Feature", "properties": {"node_id": 4248, "degree": 1, "node_type": "endpoint", "node_kind": null}, "geometry": {"type": "Point", "coordinates": [329690.25, 4691068.5]}}, {"type": "Feature", "properties": {"node_id": 4249, "degree": 1, "node_type": "endpoint", "node_kind": null}, "geometry": {"type": "Point", "coordinates": [329277.90625, 4691103.5]}}, {"type": "Feature", "properties": {"node_id": 4250, "degree": 1, "node_type": "endpoint", "node_kind": null}, "geometry": {"type": "Point", "coordinates": [329198.09375, 4691076.5]}}, {"type": "Feature", "properties": {"node_id": 4251, "degree": 1, "node_type": "endpoint", "node_kind": null}, "geometry": {"type": "Point", "coordinates": [329522.25, 4690951.5]}}, {"type": "Feature", "properties": {"node_id": 4252, "degree": 1, "node_type": "endpoint", "node_kind": null}, "geometry": {"type": "Point", "coordinates": [329687.84375, 4690996.0]}}, {"type": "Feature", "properties": {"node_id": 4253, "degree": 1, "node_type": "endpoint", "node_kind": null}, "geometry": {"type": "Point", "coordinates": [329365.34375, 4691098.5]}}, {"type": "Feature", "properties": {"node_id": 4254, "degree": 1, "node_type": "endpoint", "node_kind": null}, "geometry": {"type": "Point", "coordinates": [329292.4375, 4691074.0]}}, {"type": "Feature", "properties": {"node_id": 4255, "degree": 1, "node_type": "endpoint", "node_kind": null}, "geometry": {"type": "Point", "coordinates": [329699.25, 4691002.5]}}, {"type": "Feature", "properties": {"node_id": 4256, "degree": 1, "node_type": "endpoint", "node_kind": null}, "geometry": {"type": "Point", "coordinates": [329528.40625, 4690954.5]}}, {"type": "Feature", "properties": {"node_id": 4257, "degree": 1, "node_type": "endpoint", "node_kind": null}, "geometry": {"type": "Point", "coordinates": [329402.09375, 4691095.0]}}, {"type": "Feature", "properties": {"node_id": 4258, "degree": 2, "node_type": "endpoint", "node_kind": null}, "geometry": {"type": "Point", "coordinates": [329453.09375, 4690946.0]}}, {"type": "Feature", "properties": {"node_id": 4259, "degree": 1, "node_type": "endpoint", "node_kind": null}, "geometry": {"type": "Point", "coordinates": [329448.4375, 4690949.0]}}, {"type": "Feature", "properties": {"node_id": 4260, "degree": 1, "node_type": "endpoint", "node_kind": null}, "geometry": {"type": "Point", "coordinates": [329430.59375, 4691001.5]}}, {"type": "Feature", "properties": {"node_id": 4261, "degree": 1, "node_type": "endpoint", "node_kind": null}, "geometry": {"type": "Point", "coordinates": [329554.5, 4691381.5]}}, {"type": "Feature", "properties": {"node_id": 4262, "degree": 1, "node_type": "endpoint", "node_kind": null}, "geometry": {"type": "Point", "coordinates": [329424.3125, 4691346.0]}}, {"type": "Feature", "properties": {"node_id": 4263, "degree": 1, "node_type": "endpoint", "node_kind": null}, "geometry": {"type": "Point", "coordinates": [329342.84375, 4690540.5]}}, {"type": "Feature", "properties": {"node_id": 4264, "degree": 1, "node_type": "endpoint", "node_kind": null}, "geometry": {"type": "Point", "coordinates": [329326.1875, 4690522.5]}}, {"type": "Feature", "properties": {"node_id": 4265, "degree": 1, "node_type": "endpoint", "node_kind": null}, "geometry": {"type": "Point", "coordinates": [329370.0, 4690683.5]}}, {"type": "Feature", "properties": {"node_id": 4266, "degree": 1, "node_type": "endpoint", "node_kind": null}, "geometry": {"type": "Point", "coordinates": [329334.90625, 4690671.5]}}, {"type": "Feature", "properties": {"node_id": 4267, "degree": 2, "node_type": "endpoint", "node_kind": null}, "geometry": {"type": "Point", "coordinates": [329237.6875, 4690934.0]}}, {"type": "Feature", "properties": {"node_id": 4268, "degree": 1, "node_type": "endpoint", "node_kind": null}, "geometry": {"type": "Point", "coordinates": [329258.40625, 4690871.0]}}, {"type": "Feature", "properties": {"node_id": 4269, "degree": 1, "node_type": "endpoint", "node_kind": null}, "geometry": {"type": "Point", "coordinates": [329569.65625, 4690515.5]}}, {"type": "Feature", "properties": {"node_id": 4270, "degree": 1, "node_type": "endpoint", "node_kind": null}, "geometry": {"type": "Point", "coordinates": [329524.9375, 4690715.0]}}, {"type": "Feature", "properties": {"node_id": 4271, "degree": 1, "node_type": "endpoint", "node_kind": null}, "geometry": {"type": "Point", "coordinates": [329476.9375, 4690700.5]}}, {"type": "Feature", "properties": {"node_id": 4272, "degree": 1, "node_type": "endpoint", "node_kind": null}, "geometry": {"type": "Point", "coordinates": [329509.0625, 4690734.5]}}, {"type": "Feature", "properties": {"node_id": 4273, "degree": 2, "node_type": "endpoint", "node_kind": null}, "geometry": {"type": "Point", "coordinates": [329465.25, 4690910.0]}}, {"type": "Feature", "properties": {"node_id": 4274, "degree": 1, "node_type": "endpoint", "node_kind": null}, "geometry": {"type": "Point", "coordinates": [329484.4375, 4690852.0]}}, {"type": "Feature", "properties": {"node_id": 4275, "degree": 1, "node_type": "endpoint", "node_kind": null}, "geometry": {"type": "Point", "coordinates": [329093.5625, 4690808.0]}}, {"type": "Feature", "properties": {"node_id": 4276, "degree": 2, "node_type": "endpoint", "node_kind": null}, "geometry": {"type": "Point", "coordinates": [329239.9375, 4690859.0]}}, {"type": "Feature", "properties": {"node_id": 4277, "degree": 1, "node_type": "endpoint", "node_kind": null}, "geometry": {"type": "Point", "coordinates": [329605.1875, 4690757.0]}}, {"type": "Feature", "properties": {"node_id": 4278, "degree": 1, "node_type": "endpoint", "node_kind": null}, "geometry": {"type": "Point", "coordinates": [329534.09375, 4690728.5]}}, {"type": "Feature", "properties": {"node_id": 4279, "degree": 2, "node_type": "endpoint", "node_kind": null}, "geometry": {"type": "Point", "coordinates": [329335.9375, 4690558.5]}}, {"type": "Feature", "properties": {"node_id": 4280, "degree": 1, "node_type": "endpoint", "node_kind": null}, "geometry": {"type": "Point", "coordinates": [329282.5625, 4690502.0]}}, {"type": "Feature", "properties": {"node_id": 4281, "degree": 1, "node_type": "endpoint", "node_kind": null}, "geometry": {"type": "Point", "coordinates": [329090.25, 4690808.5]}}, {"type": "Feature", "properties": {"node_id": 4282, "degree": 1, "node_type": "endpoint", "node_kind": null}, "geometry": {"type": "Point", "coordinates": [329123.25, 4690820.0]}}, {"type": "Feature", "properties": {"node_id": 4283, "degree": 2, "node_type": "endpoint", "node_kind": null}, "geometry": {"type": "Point", "coordinates": [329367.3125, 4690587.5]}}, {"type": "Feature", "properties": {"node_id": 4284, "degree": 1, "node_type": "endpoint", "node_kind": null}, "geometry": {"type": "Point", "coordinates": [329434.9375, 4690661.0]}}, {"type": "Feature", "properties": {"node_id": 4285, "degree": 1, "node_type": "endpoint", "node_kind": null}, "geometry": {"type": "Point", "coordinates": [329559.4375, 4690738.0]}}, {"type": "Feature", "properties": {"node_id": 4286, "degree": 1, "node_type": "endpoint", "node_kind": null}, "geometry": {"type": "Point", "coordinates": [329604.90625, 4690754.5]}}, {"type": "Feature", "properties": {"node_id": 4287, "degree": 1, "node_type": "endpoint", "node_kind": null}, "geometry": {"type": "Point", "coordinates": [329389.9375, 4690589.5]}}, {"type": "Feature", "properties": {"node_id": 4288, "degree": 1, "node_type": "endpoint", "node_kind": null}, "geometry": {"type": "Point", "coordinates": [329482.1875, 4690684.5]}}, {"type": "Feature", "properties": {"node_id": 4289, "degree": 1, "node_type": "endpoint", "node_kind": null}, "geometry": {"type": "Point", "coordinates": [329427.4375, 4690647.5]}}, {"type": "Feature", "properties": {"node_id": 4290, "degree": 1, "node_type": "endpoint", "node_kind": null}, "geometry": {"type": "Point", "coordinates": [329368.9375, 4690586.0]}}, {"type": "Feature", "properties": {"node_id": 4291, "degree": 1, "node_type": "endpoint", "node_kind": null}, "geometry": {"type": "Point", "coordinates": [329588.6875, 4690360.5]}}, {"type": "Feature", "properties": {"node_id": 4292, "degree": 1, "node_type": "endpoint", "node_kind": null}, "geometry": {"type": "Point", "coordinates": [329610.15625, 4690410.5]}}, {"type": "Feature", "properties": {"node_id": 4293, "degree": 1, "node_type": "endpoint", "node_kind": null}, "geometry": {"type": "Point", "coordinates": [329357.25, 4690587.0]}}, {"type": "Feature", "properties": {"node_id": 4294, "degree": 2, "node_type": "endpoint", "node_kind": null}, "geometry": {"type": "Point", "coordinates": [329335.5, 4690649.5]}}, {"type": "Feature", "properties": {"node_id": 4295, "degree": 1, "node_type": "endpoint", "node_kind": null}, "geometry": {"type": "Point", "coordinates": [329394.75, 4690910.5]}}, {"type": "Feature", "properties": {"node_id": 4296, "degree": 2, "node_type": "endpoint", "node_kind": null}, "geometry": {"type": "Point", "coordinates": [329272.0625, 4690868.5]}}, {"type": "Feature", "properties": {"node_id": 4297, "degree": 1, "node_type": "endpoint", "node_kind": null}, "geometry": {"type": "Point", "coordinates": [329305.0625, 4690739.5]}}, {"type": "Feature", "properties": {"node_id": 4298, "degree": 2, "node_type": "endpoint", "node_kind": null}, "geometry": {"type": "Point", "coordinates": [329325.59375, 4690679.0]}}, {"type": "Feature", "properties": {"node_id": 4299, "degree": 1, "node_type": "endpoint", "node_kind": null}, "geometry": {"type": "Point", "coordinates": [329259.4375, 4689819.0]}}, {"type": "Feature", "properties": {"node_id": 4300, "degree": 1, "node_type": "endpoint", "node_kind": null}, "geometry": {"type": "Point", "coordinates": [329307.15625, 4689762.0]}}, {"type": "Feature", "properties": {"node_id": 4301, "degree": 1, "node_type": "endpoint", "node_kind": null}, "geometry": {"type": "Point", "coordinates": [329381.5625, 4690073.0]}}, {"type": "Feature", "properties": {"node_id": 4302, "degree": 1, "node_type": "endpoint", "node_kind": null}, "geometry": {"type": "Point", "coordinates": [329471.84375, 4690151.0]}}, {"type": "Feature", "properties": {"node_id": 4303, "degree": 1, "node_type": "endpoint", "node_kind": null}, "geometry": {"type": "Point", "coordinates": [329433.4375, 4690358.5]}}, {"type": "Feature", "properties": {"node_id": 4304, "degree": 1, "node_type": "endpoint", "node_kind": null}, "geometry": {"type": "Point", "coordinates": [329445.75, 4690321.0]}}, {"type": "Feature", "properties": {"node_id": 4305, "degree": 1, "node_type": "endpoint", "node_kind": null}, "geometry": {"type": "Point", "coordinates": [329556.3125, 4690317.0]}}, {"type": "Feature", "properties": {"node_id": 4306, "degree": 1, "node_type": "endpoint", "node_kind": null}, "geometry": {"type": "Point", "coordinates": [329507.25, 4690202.0]}}, {"type": "Feature", "properties": {"node_id": 4307, "degree": 1, "node_type": "endpoint", "node_kind": null}, "geometry": {"type": "Point", "coordinates": [329592.15625, 4690361.5]}}, {"type": "Feature", "properties": {"node_id": 4308, "degree": 1, "node_type": "endpoint", "node_kind": null}, "geometry": {"type": "Point", "coordinates": [329539.9375, 4690242.5]}}, {"type": "Feature", "properties": {"node_id": 4309, "degree": 1, "node_type": "endpoint", "node_kind": null}, "geometry": {"type": "Point", "coordinates": [329248.1875, 4689822.0]}}, {"type": "Feature", "properties": {"node_id": 4310, "degree": 1, "node_type": "endpoint", "node_kind": null}, "geometry": {"type": "Point", "coordinates": [329280.3125, 4689782.5]}}, {"type": "Feature", "properties": {"node_id": 4311, "degree": 1, "node_type": "endpoint", "node_kind": null}, "geometry": {"type": "Point", "coordinates": [329387.09375, 4688651.5]}}, {"type": "Feature", "properties": {"node_id": 4312, "degree": 1, "node_type": "endpoint", "node_kind": null}, "geometry": {"type": "Point", "coordinates": [329366.25, 4688686.0]}}, {"type": "Feature", "properties": {"node_id": 4313, "degree": 1, "node_type": "endpoint", "node_kind": null}, "geometry": {"type": "Point", "coordinates": [329140.34375, 4688957.0]}}, {"type": "Feature", "properties": {"node_id": 4314, "degree": 1, "node_type": "endpoint", "node_kind": null}, "geometry": {"type": "Point", "coordinates": [329162.5625, 4688931.5]}}, {"type": "Feature", "properties": {"node_id": 4315, "degree": 1, "node_type": "endpoint", "node_kind": null}, "geometry": {"type": "Point", "coordinates": [329148.75, 4688875.0]}}, {"type": "Feature", "properties": {"node_id": 4316, "degree": 1, "node_type": "endpoint", "node_kind": null}, "geometry": {"type": "Point", "coordinates": [329106.75, 4688833.0]}}, {"type": "Feature", "properties": {"node_id": 4317, "degree": 1, "node_type": "endpoint", "node_kind": null}, "geometry": {"type": "Point", "coordinates": [329385.4375, 4688651.0]}}, {"type": "Feature", "properties": {"node_id": 4318, "degree": 1, "node_type": "endpoint", "node_kind": null}, "geometry": {"type": "Point", "coordinates": [329373.59375, 4688671.5]}}, {"type": "Feature", "properties": {"node_id": 4319, "degree": 1, "node_type": "endpoint", "node_kind": null}, "geometry": {"type": "Point", "coordinates": [329418.0, 4688620.0]}}, {"type": "Feature", "properties": {"node_id": 4320, "degree": 1, "node_type": "endpoint", "node_kind": null}, "geometry": {"type": "Point", "coordinates": [329379.3125, 4688685.5]}}, {"type": "Feature", "properties": {"node_id": 4321, "degree": 1, "node_type": "endpoint", "node_kind": null}, "geometry": {"type": "Point", "coordinates": [329339.5625, 4689033.5]}}, {"type": "Feature", "properties": {"node_id": 4322, "degree": 1, "node_type": "endpoint", "node_kind": null}, "geometry": {"type": "Point", "coordinates": [329316.3125, 4689010.5]}}, {"type": "Feature", "properties": {"node_id": 4323, "degree": 1, "node_type": "endpoint", "node_kind": null}, "geometry": {"type": "Point", "coordinates": [329444.5625, 4688557.0]}}, {"type": "Feature", "properties": {"node_id": 4324, "degree": 1, "node_type": "endpoint", "node_kind": null}, "geometry": {"type": "Point", "coordinates": [329427.15625, 4688586.5]}}, {"type": "Feature", "properties": {"node_id": 4325, "degree": 1, "node_type": "endpoint", "node_kind": null}, "geometry": {"type": "Point", "coordinates": [329597.84375, 4688295.5]}}, {"type": "Feature", "properties": {"node_id": 4326, "degree": 2, "node_type": "endpoint", "node_kind": null}, "geometry": {"type": "Point", "coordinates": [329701.9375, 4688118.5]}}, {"type": "Feature", "properties": {"node_id": 4327, "degree": 1, "node_type": "endpoint", "node_kind": null}, "geometry": {"type": "Point", "coordinates": [329572.8125, 4686679.0]}}, {"type": "Feature", "properties": {"node_id": 4328, "degree": 1, "node_type": "endpoint", "node_kind": null}, "geometry": {"type": "Point", "coordinates": [329530.34375, 4686584.5]}}, {"type": "Feature", "properties": {"node_id": 4329, "degree": 1, "node_type": "endpoint", "node_kind": null}, "geometry": {"type": "Point", "coordinates": [329287.5, 4686338.0]}}, {"type": "Feature", "properties": {"node_id": 4330, "degree": 1, "node_type": "endpoint", "node_kind": null}, "geometry": {"type": "Point", "coordinates": [329221.5, 4686287.5]}}, {"type": "Feature", "properties": {"node_id": 4331, "degree": 1, "node_type": "endpoint", "node_kind": null}, "geometry": {"type": "Point", "coordinates": [329527.0625, 4686537.0]}}, {"type": "Feature", "properties": {"node_id": 4332, "degree": 1, "node_type": "endpoint", "node_kind": null}, "geometry": {"type": "Point", "coordinates": [329416.34375, 4686420.0]}}, {"type": "Feature", "properties": {"node_id": 4333, "degree": 1, "node_type": "endpoint", "node_kind": null}, "geometry": {"type": "Point", "coordinates": [329208.0, 4686303.5]}}, {"type": "Feature", "properties": {"node_id": 4334, "degree": 1, "node_type": "endpoint", "node_kind": null}, "geometry": {"type": "Point", "coordinates": [329368.8125, 4686410.5]}}, {"type": "Feature", "properties": {"node_id": 4335, "degree": 1, "node_type": "endpoint", "node_kind": null}, "geometry": {"type": "Point", "coordinates": [329604.15625, 4686692.5]}}, {"type": "Feature", "properties": {"node_id": 4336, "degree": 1, "node_type": "endpoint", "node_kind": null}, "geometry": {"type": "Point", "coordinates": [329555.25, 4686584.0]}}, {"type": "Feature", "properties": {"node_id": 4337, "degree": 1, "node_type": "endpoint", "node_kind": null}, "geometry": {"type": "Point", "coordinates": [329645.5625, 4686821.5]}}, {"type": "Feature", "properties": {"node_id": 4338, "degree": 1, "node_type": "endpoint", "node_kind": null}, "geometry": {"type": "Point", "coordinates": [329657.5625, 4686839.5]}}, {"type": "Feature", "properties": {"node_id": 4339, "degree": 1, "node_type": "endpoint", "node_kind": null}, "geometry": {"type": "Point", "coordinates": [329117.84375, 4686229.0]}}, {"type": "Feature", "properties": {"node_id": 4340, "degree": 1, "node_type": "endpoint", "node_kind": null}, "geometry": {"type": "Point", "coordinates": [329073.15625, 4686192.0]}}, {"type": "Feature", "properties": {"node_id": 4341, "degree": 1, "node_type": "endpoint", "node_kind": null}, "geometry": {"type": "Point", "coordinates": [329377.65625, 4685441.0]}}, {"type": "Feature", "properties": {"node_id": 4342, "degree": 1, "node_type": "endpoint", "node_kind": null}, "geometry": {"type": "Point", "coordinates": [329399.25, 4685422.5]}}, {"type": "Feature", "properties": {"node_id": 4343, "degree": 1, "node_type": "endpoint", "node_kind": null}, "geometry": {"type": "Point", "coordinates": [329280.3125, 4685529.0]}}, {"type": "Feature", "properties": {"node_id": 4344, "degree": 1, "node_type": "endpoint", "node_kind": null}, "geometry": {"type": "Point", "coordinates": [329406.90625, 4685423.0]}}, {"type": "Feature", "properties": {"node_id": 4345, "degree": 1, "node_type": "endpoint", "node_kind": null}, "geometry": {"type": "Point", "coordinates": [329446.0625, 4684013.0]}}, {"type": "Feature", "properties": {"node_id": 4346, "degree": 1, "node_type": "endpoint", "node_kind": null}, "geometry": {"type": "Point", "coordinates": [329383.9375, 4684036.0]}}, {"type": "Feature", "properties": {"node_id": 4347, "degree": 1, "node_type": "endpoint", "node_kind": null}, "geometry": {"type": "Point", "coordinates": [329113.0625, 4684000.5]}}, {"type": "Feature", "properties": {"node_id": 4348, "degree": 1, "node_type": "endpoint", "node_kind": null}, "geometry": {"type": "Point", "coordinates": [329160.0, 4684060.5]}}, {"type": "Feature", "properties": {"node_id": 4349, "degree": 1, "node_type": "endpoint", "node_kind": null}, "geometry": {"type": "Point", "coordinates": [329133.90625, 4684100.0]}}, {"type": "Feature", "properties": {"node_id": 4350, "degree": 1, "node_type": "endpoint", "node_kind": null}, "geometry": {"type": "Point", "coordinates": [329153.84375, 4684091.0]}}, {"type": "Feature", "properties": {"node_id": 4351, "degree": 1, "node_type": "endpoint", "node_kind": null}, "geometry": {"type": "Point", "coordinates": [329520.75, 4683986.5]}}, {"type": "Feature", "properties": {"node_id": 4352, "degree": 1, "node_type": "endpoint", "node_kind": null}, "geometry": {"type": "Point", "coordinates": [329399.5625, 4684040.0]}}, {"type": "Feature", "properties": {"node_id": 4353, "degree": 1, "node_type": "endpoint", "node_kind": null}, "geometry": {"type": "Point", "coordinates": [329555.6875, 4683965.5]}}, {"type": "Feature", "properties": {"node_id": 4354, "degree": 1, "node_type": "endpoint", "node_kind": null}, "geometry": {"type": "Point", "coordinates": [329520.0, 4683986.0]}}, {"type": "Feature", "properties": {"node_id": 4355, "degree": 1, "node_type": "endpoint", "node_kind": null}, "geometry": {"type": "Point", "coordinates": [329233.9375, 4683681.0]}}, {"type": "Feature", "properties": {"node_id": 4356, "degree": 1, "node_type": "endpoint", "node_kind": null}, "geometry": {"type": "Point", "coordinates": [329233.34375, 4683746.5]}}, {"type": "Feature", "properties": {"node_id": 4357, "degree": 1, "node_type": "endpoint", "node_kind": null}, "geometry": {"type": "Point", "coordinates": [329556.75, 4683967.5]}}, {"type": "Feature", "properties": {"node_id": 4358, "degree": 1, "node_type": "endpoint", "node_kind": null}, "geometry": {"type": "Point", "coordinates": [329520.0, 4683988.5]}}, {"type": "Feature", "properties": {"node_id": 4359, "degree": 1, "node_type": "endpoint", "node_kind": null}, "geometry": {"type": "Point", "coordinates": [329560.5, 4683950.5]}}, {"type": "Feature", "properties": {"node_id": 4360, "degree": 1, "node_type": "endpoint", "node_kind": null}, "geometry": {"type": "Point", "coordinates": [329484.4375, 4683994.0]}}, {"type": "Feature", "properties": {"node_id": 4361, "degree": 1, "node_type": "endpoint", "node_kind": null}, "geometry": {"type": "Point", "coordinates": [329227.0625, 4684000.5]}}, {"type": "Feature", "properties": {"node_id": 4362, "degree": 2, "node_type": "endpoint", "node_kind": null}, "geometry": {"type": "Point", "coordinates": [329245.9375, 4683845.0]}}, {"type": "Feature", "properties": {"node_id": 4363, "degree": 2, "node_type": "endpoint", "node_kind": null}, "geometry": {"type": "Point", "coordinates": [329242.8125, 4683814.0]}}, {"type": "Feature", "properties": {"node_id": 4364, "degree": 1, "node_type": "endpoint", "node_kind": null}, "geometry": {"type": "Point", "coordinates": [329240.40625, 4683786.5]}}, {"type": "Feature", "properties": {"node_id": 4365, "degree": 1, "node_type": "endpoint", "node_kind": null}, "geometry": {"type": "Point", "coordinates": [329208.90625, 4683271.0]}}, {"type": "Feature", "properties": {"node_id": 4366, "degree": 1, "node_type": "endpoint", "node_kind": null}, "geometry": {"type": "Point", "coordinates": [329209.65625, 4683230.0]}}, {"type": "Feature", "properties": {"node_id": 4367, "degree": 1, "node_type": "endpoint", "node_kind": null}, "geometry": {"type": "Point", "coordinates": [329232.3125, 4683103.0]}}, {"type": "Feature", "properties": {"node_id": 4368, "degree": 1, "node_type": "endpoint", "node_kind": null}, "geometry": {"type": "Point", "coordinates": [329225.84375, 4683127.5]}}, {"type": "Feature", "properties": {"node_id": 4369, "degree": 1, "node_type": "endpoint", "node_kind": null}, "geometry": {"type": "Point", "coordinates": [329292.90625, 4682945.0]}}, {"type": "Feature", "properties": {"node_id": 4370, "degree": 1, "node_type": "endpoint", "node_kind": null}, "geometry": {"type": "Point", "coordinates": [329273.25, 4682991.5]}}, {"type": "Feature", "properties": {"node_id": 4371, "degree": 1, "node_type": "endpoint", "node_kind": null}, "geometry": {"type": "Point", "coordinates": [329698.8125, 4682134.5]}}, {"type": "Feature", "properties": {"node_id": 4372, "degree": 1, "node_type": "endpoint", "node_kind": null}, "geometry": {"type": "Point", "coordinates": [329776.0625, 4682170.5]}}, {"type": "Feature", "properties": {"node_id": 4373, "degree": 1, "node_type": "endpoint", "node_kind": null}, "geometry": {"type": "Point", "coordinates": [330116.40625, 4696078.5]}}, {"type": "Feature", "properties": {"node_id": 4374, "degree": 1, "node_type": "endpoint", "node_kind": null}, "geometry": {"type": "Point", "coordinates": [330099.59375, 4696090.5]}}, {"type": "Feature", "properties": {"node_id": 4375, "degree": 1, "node_type": "endpoint", "node_kind": null}, "geometry": {"type": "Point", "coordinates": [330158.6875, 4696076.5]}}, {"type": "Feature", "properties": {"node_id": 4376, "degree": 1, "node_type": "endpoint", "node_kind": null}, "geometry": {"type": "Point", "coordinates": [330174.15625, 4696098.0]}}, {"type": "Feature", "properties": {"node_id": 4377, "degree": 1, "node_type": "endpoint", "node_kind": null}, "geometry": {"type": "Point", "coordinates": [330058.0625, 4695911.5]}}, {"type": "Feature", "properties": {"node_id": 4378, "degree": 1, "node_type": "endpoint", "node_kind": null}, "geometry": {"type": "Point", "coordinates": [330135.4375, 4696018.5]}}, {"type": "Feature", "properties": {"node_id": 4379, "degree": 1, "node_type": "endpoint", "node_kind": null}, "geometry": {"type": "Point", "coordinates": [330098.40625, 4696089.0]}}, {"type": "Feature", "properties": {"node_id": 4380, "degree": 1, "node_type": "endpoint", "node_kind": null}, "geometry": {"type": "Point", "coordinates": [330121.1875, 4696072.5]}}, {"type": "Feature", "properties": {"node_id": 4381, "degree": 1, "node_type": "endpoint", "node_kind": null}, "geometry": {"type": "Point", "coordinates": [329920.5, 4680484.5]}}, {"type": "Feature", "properties": {"node_id": 4382, "degree": 1, "node_type": "endpoint", "node_kind": null}, "geometry": {"type": "Point", "coordinates": [329520.0, 4680413.0]}}, {"type": "Feature", "properties": {"node_id": 4383, "degree": 1, "node_type": "endpoint", "node_kind": null}, "geometry": {"type": "Point", "coordinates": [329766.75, 4679603.0]}}, {"type": "Feature", "properties": {"node_id": 4384, "degree": 1, "node_type": "endpoint", "node_kind": null}, "geometry": {"type": "Point", "coordinates": [329830.1875, 4679634.5]}}, {"type": "Feature", "properties": {"node_id": 4385, "degree": 1, "node_type": "endpoint", "node_kind": null}, "geometry": {"type": "Point", "coordinates": [329759.6875, 4679587.0]}}, {"type": "Feature", "properties": {"node_id": 4386, "degree": 1, "node_type": "endpoint", "node_kind": null}, "geometry": {"type": "Point", "coordinates": [329729.40625, 4679567.0]}}, {"type": "Feature", "properties": {"node_id": 4387, "degree": 1, "node_type": "endpoint", "node_kind": null}, "geometry": {"type": "Point", "coordinates": [330143.84375, 4692322.5]}}, {"type": "Feature", "properties": {"node_id": 4388, "degree": 1, "node_type": "endpoint", "node_kind": null}, "geometry": {"type": "Point", "coordinates": [330160.65625, 4692334.0]}}, {"type": "Feature", "properties": {"node_id": 4389, "degree": 1, "node_type": "endpoint", "node_kind": null}, "geometry": {"type": "Point", "coordinates": [330135.15625, 4692320.5]}}, {"type": "Feature", "properties": {"node_id": 4390, "degree": 1, "node_type": "endpoint", "node_kind": null}, "geometry": {"type": "Point", "coordinates": [330158.5625, 4692336.5]}}, {"type": "Feature", "properties": {"node_id": 4391, "degree": 1, "node_type": "endpoint", "node_kind": null}, "geometry": {"type": "Point", "coordinates": [330110.40625, 4692241.5]}}, {"type": "Feature", "properties": {"node_id": 4392, "degree": 1, "node_type": "endpoint", "node_kind": null}, "geometry": {"type": "Point", "coordinates": [330144.3125, 4692229.0]}}, {"type": "Feature", "properties": {"node_id": 4393, "degree": 1, "node_type": "endpoint", "node_kind": null}, "geometry": {"type": "Point", "coordinates": [330012.59375, 4692383.5]}}, {"type": "Feature", "properties": {"node_id": 4394, "degree": 1, "node_type": "endpoint", "node_kind": null}, "geometry": {"type": "Point", "coordinates": [330029.40625, 4692361.0]}}, {"type": "Feature", "properties": {"node_id": 4395, "degree": 1, "node_type": "endpoint", "node_kind": null}, "geometry": {"type": "Point", "coordinates": [330082.65625, 4692281.5]}}, {"type": "Feature", "properties": {"node_id": 4396, "degree": 1, "node_type": "endpoint", "node_kind": null}, "geometry": {"type": "Point", "coordinates": [330081.90625, 4692252.5]}}, {"type": "Feature", "properties": {"node_id": 4397, "degree": 1, "node_type": "endpoint", "node_kind": null}, "geometry": {"type": "Point", "coordinates": [330041.5625, 4692382.5]}}, {"type": "Feature", "properties": {"node_id": 4398, "degree": 1, "node_type": "endpoint", "node_kind": null}, "geometry": {"type": "Point", "coordinates": [330070.65625, 4692340.0]}}, {"type": "Feature", "properties": {"node_id": 4399, "degree": 1, "node_type": "endpoint", "node_kind": null}, "geometry": {"type": "Point", "coordinates": [330272.40625, 4692412.0]}}, {"type": "Feature", "properties": {"node_id": 4400, "degree": 1, "node_type": "endpoint", "node_kind": null}, "geometry": {"type": "Point", "coordinates": [330233.25, 4692385.0]}}, {"type": "Feature", "properties": {"node_id": 4401, "degree": 1, "node_type": "endpoint", "node_kind": null}, "geometry": {"type": "Point", "coordinates": [330072.0, 4692182.5]}}, {"type": "Feature", "properties": {"node_id": 4402, "degree": 1, "node_type": "endpoint", "node_kind": null}, "geometry": {"type": "Point", "coordinates": [330056.09375, 4692021.5]}}, {"type": "Feature", "properties": {"node_id": 4403, "degree": 1, "node_type": "endpoint", "node_kind": null}, "geometry": {"type": "Point", "coordinates": [329777.6875, 4696828.0]}}, {"type": "Feature", "properties": {"node_id": 4404, "degree": 1, "node_type": "endpoint", "node_kind": null}, "geometry": {"type": "Point", "coordinates": [329778.15625, 4696743.5]}}, {"type": "Feature", "properties": {"node_id": 4405, "degree": 1, "node_type": "endpoint", "node_kind": null}, "geometry": {"type": "Point", "coordinates": [329790.59375, 4696814.0]}}, {"type": "Feature", "properties": {"node_id": 4406, "degree": 1, "node_type": "endpoint", "node_kind": null}, "geometry": {"type": "Point", "coordinates": [329790.4375, 4696738.0]}}, {"type": "Feature", "properties": {"node_id": 4407, "degree": 1, "node_type": "endpoint", "node_kind": null}, "geometry": {"type": "Point", "coordinates": [329788.65625, 4696840.5]}}, {"type": "Feature", "properties": {"node_id": 4408, "degree": 1, "node_type": "endpoint", "node_kind": null}, "geometry": {"type": "Point", "coordinates": [329777.09375, 4696661.0]}}, {"type": "Feature", "properties": {"node_id": 4409, "degree": 1, "node_type": "endpoint", "node_kind": null}, "geometry": {"type": "Point", "coordinates": [329826.4375, 4696900.0]}}, {"type": "Feature", "properties": {"node_id": 4410, "degree": 1, "node_type": "endpoint", "node_kind": null}, "geometry": {"type": "Point", "coordinates": [329777.6875, 4696697.0]}}, {"type": "Feature", "properties": {"node_id": 4411, "degree": 1, "node_type": "endpoint", "node_kind": null}, "geometry": {"type": "Point", "coordinates": [329895.59375, 4691956.0]}}, {"type": "Feature", "properties": {"node_id": 4412, "degree": 1, "node_type": "endpoint", "node_kind": null}, "geometry": {"type": "Point", "coordinates": [329846.6875, 4691956.5]}}, {"type": "Feature", "properties": {"node_id": 4413, "degree": 1, "node_type": "endpoint", "node_kind": null}, "geometry": {"type": "Point", "coordinates": [330016.1875, 4691953.0]}}, {"type": "Feature", "properties": {"node_id": 4414, "degree": 1, "node_type": "endpoint", "node_kind": null}, "geometry": {"type": "Point", "coordinates": [329951.84375, 4691952.0]}}, {"type": "Feature", "properties": {"node_id": 4415, "degree": 1, "node_type": "endpoint", "node_kind": null}, "geometry": {"type": "Point", "coordinates": [330042.3125, 4691969.5]}}, {"type": "Feature", "properties": {"node_id": 4416, "degree": 1, "node_type": "endpoint", "node_kind": null}, "geometry": {"type": "Point", "coordinates": [330039.75, 4692036.0]}}, {"type": "Feature", "properties": {"node_id": 4417, "degree": 1, "node_type": "endpoint", "node_kind": null}, "geometry": {"type": "Point", "coordinates": [330133.65625, 4691087.0]}}, {"type": "Feature", "properties": {"node_id": 4418, "degree": 1, "node_type": "endpoint", "node_kind": null}, "geometry": {"type": "Point", "coordinates": [330126.90625, 4691067.0]}}, {"type": "Feature", "properties": {"node_id": 4419, "degree": 1, "node_type": "endpoint", "node_kind": null}, "geometry": {"type": "Point", "coordinates": [329960.09375, 4690981.5]}}, {"type": "Feature", "properties": {"node_id": 4420, "degree": 1, "node_type": "endpoint", "node_kind": null}, "geometry": {"type": "Point", "coordinates": [329983.9375, 4691073.5]}}, {"type": "Feature", "properties": {"node_id": 4421, "degree": 1, "node_type": "endpoint", "node_kind": null}, "geometry": {"type": "Point", "coordinates": [330145.8125, 4691381.5]}}, {"type": "Feature", "properties": {"node_id": 4422, "degree": 1, "node_type": "endpoint", "node_kind": null}, "geometry": {"type": "Point", "coordinates": [330096.0, 4691318.0]}}, {"type": "Feature", "properties": {"node_id": 4423, "degree": 1, "node_type": "endpoint", "node_kind": null}, "geometry": {"type": "Point", "coordinates": [330107.5625, 4690963.0]}}, {"type": "Feature", "properties": {"node_id": 4424, "degree": 1, "node_type": "endpoint", "node_kind": null}, "geometry": {"type": "Point", "coordinates": [330072.15625, 4690958.5]}}, {"type": "Feature", "properties": {"node_id": 4425, "degree": 1, "node_type": "endpoint", "node_kind": null}, "geometry": {"type": "Point", "coordinates": [330173.25, 4691148.0]}}, {"type": "Feature", "properties": {"node_id": 4426, "degree": 1, "node_type": "endpoint", "node_kind": null}, "geometry": {"type": "Point", "coordinates": [330159.75, 4691129.5]}}, {"type": "Feature", "properties": {"node_id": 4427, "degree": 1, "node_type": "endpoint", "node_kind": null}, "geometry": {"type": "Point", "coordinates": [330032.84375, 4691202.5]}}, {"type": "Feature", "properties": {"node_id": 4428, "degree": 1, "node_type": "endpoint", "node_kind": null}, "geometry": {"type": "Point", "coordinates": [330106.34375, 4691330.5]}}, {"type": "Feature", "properties": {"node_id": 4429, "degree": 2, "node_type": "endpoint", "node_kind": null}, "geometry": {"type": "Point", "coordinates": [329867.09375, 4690570.5]}}, {"type": "Feature", "properties": {"node_id": 4430, "degree": 1, "node_type": "endpoint", "node_kind": null}, "geometry": {"type": "Point", "coordinates": [329880.75, 4690644.5]}}, {"type": "Feature", "properties": {"node_id": 4431, "degree": 1, "node_type": "endpoint", "node_kind": null}, "geometry": {"type": "Point", "coordinates": [329898.90625, 4690831.5]}}, {"type": "Feature", "properties": {"node_id": 4432, "degree": 1, "node_type": "endpoint", "node_kind": null}, "geometry": {"type": "Point", "coordinates": [329784.0, 4690822.5]}}, {"type": "Feature", "properties": {"node_id": 4433, "degree": 2, "node_type": "endpoint", "node_kind": null}, "geometry": {"type": "Point", "coordinates": [329942.5625, 4690413.5]}}, {"type": "Feature", "properties": {"node_id": 4434, "degree": 1, "node_type": "endpoint", "node_kind": null}, "geometry": {"type": "Point", "coordinates": [329911.0625, 4690425.5]}}, {"type": "Feature", "properties": {"node_id": 4435, "degree": 1, "node_type": "endpoint", "node_kind": null}, "geometry": {"type": "Point", "coordinates": [330059.25, 4690378.0]}}, {"type": "Feature", "properties": {"node_id": 4436, "degree": 2, "node_type": "endpoint", "node_kind": null}, "geometry": {"type": "Point", "coordinates": [329979.75, 4690398.5]}}, {"type": "Feature", "properties": {"node_id": 4437, "degree": 1, "node_type": "endpoint", "node_kind": null}, "geometry": {"type": "Point", "coordinates": [330143.09375, 4690793.5]}}, {"type": "Feature", "properties": {"node_id": 4438, "degree": 1, "node_type": "endpoint", "node_kind": null}, "geometry": {"type": "Point", "coordinates": [330174.3125, 4690782.0]}}, {"type": "Feature", "properties": {"node_id": 4439, "degree": 1, "node_type": "endpoint", "node_kind": null}, "geometry": {"type": "Point", "coordinates": [330102.15625, 4690890.5]}}, {"type": "Feature", "properties": {"node_id": 4440, "degree": 1, "node_type": "endpoint", "node_kind": null}, "geometry": {"type": "Point", "coordinates": [330097.65625, 4690871.5]}}, {"type": "Feature", "properties": {"node_id": 4441, "degree": 1, "node_type": "endpoint", "node_kind": null}, "geometry": {"type": "Point", "coordinates": [330092.84375, 4690427.5]}}, {"type": "Feature", "properties": {"node_id": 4442, "degree": 1, "node_type": "endpoint", "node_kind": null}, "geometry": {"type": "Point", "coordinates": [330112.0625, 4690486.0]}}, {"type": "Feature", "properties": {"node_id": 4443, "degree": 1, "node_type": "endpoint", "node_kind": null}, "geometry": {"type": "Point", "coordinates": [329688.0, 4690485.0]}}, {"type": "Feature", "properties": {"node_id": 4444, "degree": 1, "node_type": "endpoint", "node_kind": null}, "geometry": {"type": "Point", "coordinates": [329814.4375, 4690459.5]}}, {"type": "Feature", "properties": {"node_id": 4445, "degree": 2, "node_type": "endpoint", "node_kind": null}, "geometry": {"type": "Point", "coordinates": [329860.65625, 4690533.5]}}, {"type": "Feature", "properties": {"node_id": 4446, "degree": 1, "node_type": "endpoint", "node_kind": null}, "geometry": {"type": "Point", "coordinates": [329854.0625, 4690496.5]}}, {"type": "Feature", "properties": {"node_id": 4447, "degree": 1, "node_type": "endpoint", "node_kind": null}, "geometry": {"type": "Point", "coordinates": [329876.40625, 4690599.0]}}, {"type": "Feature", "properties": {"node_id": 4448, "degree": 1, "node_type": "endpoint", "node_kind": null}, "geometry": {"type": "Point", "coordinates": [329884.65625, 4690644.5]}}, {"type": "Feature", "properties": {"node_id": 4449, "degree": 1, "node_type": "endpoint", "node_kind": null}, "geometry": {"type": "Point", "coordinates": [330222.90625, 4689884.5]}}, {"type": "Feature", "properties": {"node_id": 4450, "degree": 1, "node_type": "endpoint", "node_kind": null}, "geometry": {"type": "Point", "coordinates": [330202.8125, 4689891.5]}}, {"type": "Feature", "properties": {"node_id": 4451, "degree": 1, "node_type": "endpoint", "node_kind": null}, "geometry": {"type": "Point", "coordinates": [329673.15625, 4689584.5]}}, {"type": "Feature", "properties": {"node_id": 4452, "degree": 1, "node_type": "endpoint", "node_kind": null}, "geometry": {"type": "Point", "coordinates": [329716.8125, 4689564.0]}}, {"type": "Feature", "properties": {"node_id": 4453, "degree": 1, "node_type": "endpoint", "node_kind": null}, "geometry": {"type": "Point", "coordinates": [330126.3125, 4688540.0]}}, {"type": "Feature", "properties": {"node_id": 4454, "degree": 1, "node_type": "endpoint", "node_kind": null}, "geometry": {"type": "Point", "coordinates": [330045.59375, 4688667.0]}}, {"type": "Feature", "properties": {"node_id": 4455, "degree": 2, "node_type": "endpoint", "node_kind": null}, "geometry": {"type": "Point", "coordinates": [329708.5625, 4688107.0]}}, {"type": "Feature", "properties": {"node_id": 4456, "degree": 2, "node_type": "endpoint", "node_kind": null}, "geometry": {"type": "Point", "coordinates": [329821.0625, 4687915.5]}}, {"type": "Feature", "properties": {"node_id": 4457, "degree": 1, "node_type": "endpoint", "node_kind": null}, "geometry": {"type": "Point", "coordinates": [330205.8125, 4688504.0]}}, {"type": "Feature", "properties": {"node_id": 4458, "degree": 1, "node_type": "endpoint", "node_kind": null}, "geometry": {"type": "Point", "coordinates": [330054.90625, 4688548.5]}}, {"type": "Feature", "properties": {"node_id": 4459, "degree": 1, "node_type": "endpoint", "node_kind": null}, "geometry": {"type": "Point", "coordinates": [330036.75, 4687549.0]}}, {"type": "Feature", "properties": {"node_id": 4460, "degree": 2, "node_type": "endpoint", "node_kind": null}, "geometry": {"type": "Point", "coordinates": [329841.75, 4687879.0]}}, {"type": "Feature", "properties": {"node_id": 4461, "degree": 1, "node_type": "endpoint", "node_kind": null}, "geometry": {"type": "Point", "coordinates": [329992.0625, 4687624.0]}}, {"type": "Feature", "properties": {"node_id": 4462, "degree": 1, "node_type": "endpoint", "node_kind": null}, "geometry": {"type": "Point", "coordinates": [330000.15625, 4687610.0]}}, {"type": "Feature", "properties": {"node_id": 4463, "degree": 1, "node_type": "endpoint", "node_kind": null}, "geometry": {"type": "Point", "coordinates": [330014.40625, 4687590.5]}}, {"type": "Feature", "properties": {"node_id": 4464, "degree": 1, "node_type": "endpoint", "node_kind": null}, "geometry": {"type": "Point", "coordinates": [329956.65625, 4687686.0]}}, {"type": "Feature", "properties": {"node_id": 4465, "degree": 1, "node_type": "endpoint", "node_kind": null}, "geometry": {"type": "Point", "coordinates": [329955.90625, 4687684.0]}}, {"type": "Feature", "properties": {"node_id": 4466, "degree": 1, "node_type": "endpoint", "node_kind": null}, "geometry": {"type": "Point", "coordinates": [330040.9375, 4687545.0]}}, {"type": "Feature", "properties": {"node_id": 4467, "degree": 1, "node_type": "endpoint", "node_kind": null}, "geometry": {"type": "Point", "coordinates": [330083.40625, 4687471.5]}}, {"type": "Feature", "properties": {"node_id": 4468, "degree": 1, "node_type": "endpoint", "node_kind": null}, "geometry": {"type": "Point", "coordinates": [330072.0, 4687491.0]}}, {"type": "Feature", "properties": {"node_id": 4469, "degree": 2, "node_type": "endpoint", "node_kind": null}, "geometry": {"type": "Point", "coordinates": [329780.40625, 4687983.5]}}, {"type": "Feature", "properties": {"node_id": 4470, "degree": 1, "node_type": "endpoint", "node_kind": null}, "geometry": {"type": "Point", "coordinates": [329777.5625, 4687988.0]}}, {"type": "Feature", "properties": {"node_id": 4471, "degree": 1, "node_type": "endpoint", "node_kind": null}, "geometry": {"type": "Point", "coordinates": [329794.9375, 4687957.5]}}, {"type": "Feature", "properties": {"node_id": 4472, "degree": 1, "node_type": "endpoint", "node_kind": null}, "geometry": {"type": "Point", "coordinates": [329847.75, 4687044.5]}}, {"type": "Feature", "properties": {"node_id": 4473, "degree": 1, "node_type": "endpoint", "node_kind": null}, "geometry": {"type": "Point", "coordinates": [329895.90625, 4687088.5]}}, {"type": "Feature", "properties": {"node_id": 4474, "degree": 1, "node_type": "endpoint", "node_kind": null}, "geometry": {"type": "Point", "coordinates": [330014.6875, 4687330.0]}}, {"type": "Feature", "properties": {"node_id": 4475, "degree": 1, "node_type": "endpoint", "node_kind": null}, "geometry": {"type": "Point", "coordinates": [330030.4375, 4687349.5]}}, {"type": "Feature", "properties": {"node_id": 4476, "degree": 1, "node_type": "endpoint", "node_kind": null}, "geometry": {"type": "Point", "coordinates": [330102.0, 4687384.0]}}, {"type": "Feature", "properties": {"node_id": 4477, "degree": 1, "node_type": "endpoint", "node_kind": null}, "geometry": {"type": "Point", "coordinates": [329934.0, 4687148.0]}}, {"type": "Feature", "properties": {"node_id": 4478, "degree": 1, "node_type": "endpoint", "node_kind": null}, "geometry": {"type": "Point", "coordinates": [330247.0625, 4687356.5]}}, {"type": "Feature", "properties": {"node_id": 4479, "degree": 1, "node_type": "endpoint", "node_kind": null}, "geometry": {"type": "Point", "coordinates": [330225.90625, 4687360.5]}}, {"type": "Feature", "properties": {"node_id": 4480, "degree": 1, "node_type": "endpoint", "node_kind": null}, "geometry": {"type": "Point", "coordinates": [329928.90625, 4687185.5]}}, {"type": "Feature", "properties": {"node_id": 4481, "degree": 1, "node_type": "endpoint", "node_kind": null}, "geometry": {"type": "Point", "coordinates": [329941.5, 4687207.0]}}, {"type": "Feature", "properties": {"node_id": 4482, "degree": 1, "node_type": "endpoint", "node_kind": null}, "geometry": {"type": "Point", "coordinates": [330261.90625, 4687367.0]}}, {"type": "Feature", "properties": {"node_id": 4483, "degree": 1, "node_type": "endpoint", "node_kind": null}, "geometry": {"type": "Point", "coordinates": [330178.1875, 4687396.5]}}, {"type": "Feature", "properties": {"node_id": 4484, "degree": 1, "node_type": "endpoint", "node_kind": null}, "geometry": {"type": "Point", "coordinates": [329692.9375, 4686859.0]}}, {"type": "Feature", "properties": {"node_id": 4485, "degree": 1, "node_type": "endpoint", "node_kind": null}, "geometry": {"type": "Point", "coordinates": [329679.75, 4686839.0]}}, {"type": "Feature", "properties": {"node_id": 4486, "degree": 1, "node_type": "endpoint", "node_kind": null}, "geometry": {"type": "Point", "coordinates": [329767.65625, 4696669.0]}}, {"type": "Feature", "properties": {"node_id": 4487, "degree": 1, "node_type": "endpoint", "node_kind": null}, "geometry": {"type": "Point", "coordinates": [329780.5625, 4696845.5]}}, {"type": "Feature", "properties": {"node_id": 4488, "degree": 1, "node_type": "endpoint", "node_kind": null}, "geometry": {"type": "Point", "coordinates": [329778.15625, 4696660.0]}}, {"type": "Feature", "properties": {"node_id": 4489, "degree": 1, "node_type": "endpoint", "node_kind": null}, "geometry": {"type": "Point", "coordinates": [329786.09375, 4696696.0]}}, {"type": "Feature", "properties": {"node_id": 4490, "degree": 1, "node_type": "endpoint", "node_kind": null}, "geometry": {"type": "Point", "coordinates": [329981.09375, 4696544.5]}}, {"type": "Feature", "properties": {"node_id": 4491, "degree": 1, "node_type": "endpoint", "node_kind": null}, "geometry": {"type": "Point", "coordinates": [329943.59375, 4696550.5]}}, {"type": "Feature", "properties": {"node_id": 4492, "degree": 1, "node_type": "endpoint", "node_kind": null}, "geometry": {"type": "Point", "coordinates": [330237.75, 4686256.5]}}, {"type": "Feature", "properties": {"node_id": 4493, "degree": 1, "node_type": "endpoint", "node_kind": null}, "geometry": {"type": "Point", "coordinates": [330259.65625, 4686301.0]}}, {"type": "Feature", "properties": {"node_id": 4494, "degree": 1, "node_type": "endpoint", "node_kind": null}, "geometry": {"type": "Point", "coordinates": [330256.8125, 4685217.5]}}, {"type": "Feature", "properties": {"node_id": 4495, "degree": 1, "node_type": "endpoint", "node_kind": null}, "geometry": {"type": "Point", "coordinates": [330241.0625, 4685254.0]}}, {"type": "Feature", "properties": {"node_id": 4496, "degree": 1, "node_type": "endpoint", "node_kind": null}, "geometry": {"type": "Point", "coordinates": [329974.1875, 4684949.0]}}, {"type": "Feature", "properties": {"node_id": 4497, "degree": 1, "node_type": "endpoint", "node_kind": null}, "geometry": {"type": "Point", "coordinates": [329951.25, 4684968.5]}}, {"type": "Feature", "properties": {"node_id": 4498, "degree": 1, "node_type": "endpoint", "node_kind": null}, "geometry": {"type": "Point", "coordinates": [330301.9375, 4683730.5]}}, {"type": "Feature", "properties": {"node_id": 4499, "degree": 1, "node_type": "endpoint", "node_kind": null}, "geometry": {"type": "Point", "coordinates": [330096.0, 4683669.0]}}, {"type": "Feature", "properties": {"node_id": 4500, "degree": 1, "node_type": "endpoint", "node_kind": null}, "geometry": {"type": "Point", "coordinates": [330004.34375, 4683642.0]}}, {"type": "Feature", "properties": {"node_id": 4501, "degree": 1, "node_type": "endpoint", "node_kind": null}, "geometry": {"type": "Point", "coordinates": [330288.75, 4683721.5]}}, {"type": "Feature", "properties": {"node_id": 4502, "degree": 1, "node_type": "endpoint", "node_kind": null}, "geometry": {"type": "Point", "coordinates": [330112.65625, 4683672.0]}}, {"type": "Feature", "properties": {"node_id": 4503, "degree": 1, "node_type": "endpoint", "node_kind": null}, "geometry": {"type": "Point", "coordinates": [330082.34375, 4683665.5]}}, {"type": "Feature", "properties": {"node_id": 4504, "degree": 1, "node_type": "endpoint", "node_kind": null}, "geometry": {"type": "Point", "coordinates": [319198.1875, 4679630.5]}}, {"type": "Feature", "properties": {"node_id": 4505, "degree": 1, "node_type": "endpoint", "node_kind": null}, "geometry": {"type": "Point", "coordinates": [319395.90625, 4679792.0]}}, {"type": "Feature", "properties": {"node_id": 4506, "degree": 1, "node_type": "endpoint", "node_kind": null}, "geometry": {"type": "Point", "coordinates": [319675.0625, 4693536.0]}}, {"type": "Feature", "properties": {"node_id": 4507, "degree": 1, "node_type": "endpoint", "node_kind": null}, "geometry": {"type": "Point", "coordinates": [319703.5625, 4693580.0]}}, {"type": "Feature", "properties": {"node_id": 4508, "degree": 1, "node_type": "endpoint", "node_kind": null}, "geometry": {"type": "Point", "coordinates": [319764.15625, 4692995.0]}}, {"type": "Feature", "properties": {"node_id": 4509, "degree": 1, "node_type": "endpoint", "node_kind": null}, "geometry": {"type": "Point", "coordinates": [319616.5625, 4693164.0]}}, {"type": "Feature", "properties": {"node_id": 4510, "degree": 1, "node_type": "endpoint", "node_kind": null}, "geometry": {"type": "Point", "coordinates": [319760.84375, 4692987.0]}}, {"type": "Feature", "properties": {"node_id": 4511, "degree": 1, "node_type": "endpoint", "node_kind": null}, "geometry": {"type": "Point", "coordinates": [319617.75, 4693153.5]}}, {"type": "Feature", "properties": {"node_id": 4512, "degree": 1, "node_type": "endpoint", "node_kind": null}, "geometry": {"type": "Point", "coordinates": [319644.3125, 4693131.5]}}, {"type": "Feature", "properties": {"node_id": 4513, "degree": 1, "node_type": "endpoint", "node_kind": null}, "geometry": {"type": "Point", "coordinates": [319665.3125, 4693105.5]}}, {"type": "Feature", "properties": {"node_id": 4514, "degree": 1, "node_type": "endpoint", "node_kind": null}, "geometry": {"type": "Point", "coordinates": [319570.65625, 4693173.0]}}, {"type": "Feature", "properties": {"node_id": 4515, "degree": 1, "node_type": "endpoint", "node_kind": null}, "geometry": {"type": "Point", "coordinates": [319539.4375, 4693177.5]}}, {"type": "Feature", "properties": {"node_id": 4516, "degree": 1, "node_type": "endpoint", "node_kind": null}, "geometry": {"type": "Point", "coordinates": [319601.5625, 4690655.0]}}, {"type": "Feature", "properties": {"node_id": 4517, "degree": 1, "node_type": "endpoint", "node_kind": null}, "geometry": {"type": "Point", "coordinates": [319528.5, 4690676.5]}}, {"type": "Feature", "properties": {"node_id": 4518, "degree": 1, "node_type": "endpoint", "node_kind": null}, "geometry": {"type": "Point", "coordinates": [319642.1875, 4690497.5]}}, {"type": "Feature", "properties": {"node_id": 4519, "degree": 1, "node_type": "endpoint", "node_kind": null}, "geometry": {"type": "Point", "coordinates": [319635.15625, 4690477.5]}}, {"type": "Feature", "properties": {"node_id": 4520, "degree": 1, "node_type": "endpoint", "node_kind": null}, "geometry": {"type": "Point", "coordinates": [319633.1875, 4690478.0]}}, {"type": "Feature", "properties": {"node_id": 4521, "degree": 1, "node_type": "endpoint", "node_kind": null}, "geometry": {"type": "Point", "coordinates": [319645.1875, 4690512.5]}}, {"type": "Feature", "properties": {"node_id": 4522, "degree": 1, "node_type": "endpoint", "node_kind": null}, "geometry": {"type": "Point", "coordinates": [319597.65625, 4690397.0]}}, {"type": "Feature", "properties": {"node_id": 4523, "degree": 1, "node_type": "endpoint", "node_kind": null}, "geometry": {"type": "Point", "coordinates": [319575.0, 4690323.0]}}, {"type": "Feature", "properties": {"node_id": 4524, "degree": 1, "node_type": "endpoint", "node_kind": null}, "geometry": {"type": "Point", "coordinates": [319469.84375, 4690092.5]}}, {"type": "Feature", "properties": {"node_id": 4525, "degree": 1, "node_type": "endpoint", "node_kind": null}, "geometry": {"type": "Point", "coordinates": [319496.40625, 4690124.0]}}, {"type": "Feature", "properties": {"node_id": 4526, "degree": 1, "node_type": "endpoint", "node_kind": null}, "geometry": {"type": "Point", "coordinates": [319802.25, 4689439.0]}}, {"type": "Feature", "properties": {"node_id": 4527, "degree": 1, "node_type": "endpoint", "node_kind": null}, "geometry": {"type": "Point", "coordinates": [319485.90625, 4689434.5]}}, {"type": "Feature", "properties": {"node_id": 4528, "degree": 1, "node_type": "endpoint", "node_kind": null}, "geometry": {"type": "Point", "coordinates": [319470.15625, 4688712.0]}}, {"type": "Feature", "properties": {"node_id": 4529, "degree": 1, "node_type": "endpoint", "node_kind": null}, "geometry": {"type": "Point", "coordinates": [319296.4375, 4688623.0]}}, {"type": "Feature", "properties": {"node_id": 4530, "degree": 1, "node_type": "endpoint", "node_kind": null}, "geometry": {"type": "Point", "coordinates": [319609.34375, 4687048.0]}}, {"type": "Feature", "properties": {"node_id": 4531, "degree": 1, "node_type": "endpoint", "node_kind": null}, "geometry": {"type": "Point", "coordinates": [319703.6875, 4687019.5]}}, {"type": "Feature", "properties": {"node_id": 4532, "degree": 1, "node_type": "endpoint", "node_kind": null}, "geometry": {"type": "Point", "coordinates": [319668.15625, 4687042.0]}}, {"type": "Feature", "properties": {"node_id": 4533, "degree": 1, "node_type": "endpoint", "node_kind": null}, "geometry": {"type": "Point", "coordinates": [319717.5, 4687023.0]}}, {"type": "Feature", "properties": {"node_id": 4534, "degree": 1, "node_type": "endpoint", "node_kind": null}, "geometry": {"type": "Point", "coordinates": [319640.40625, 4685411.5]}}, {"type": "Feature", "properties": {"node_id": 4535, "degree": 1, "node_type": "endpoint", "node_kind": null}, "geometry": {"type": "Point", "coordinates": [319747.8125, 4685291.0]}}, {"type": "Feature", "properties": {"node_id": 4536, "degree": 1, "node_type": "endpoint", "node_kind": null}, "geometry": {"type": "Point", "coordinates": [330613.65625, 4680442.0]}}, {"type": "Feature", "properties": {"node_id": 4537, "degree": 1, "node_type": "endpoint", "node_kind": null}, "geometry": {"type": "Point", "coordinates": [330558.0, 4680424.0]}}, {"type": "Feature", "properties": {"node_id": 4538, "degree": 1, "node_type": "endpoint", "node_kind": null}, "geometry": {"type": "Point", "coordinates": [330750.4375, 4679959.0]}}, {"type": "Feature", "properties": {"node_id": 4539, "degree": 1, "node_type": "endpoint", "node_kind": null}, "geometry": {"type": "Point", "coordinates": [330692.25, 4679912.0]}}, {"type": "Feature", "properties": {"node_id": 4540, "degree": 1, "node_type": "endpoint", "node_kind": null}, "geometry": {"type": "Point", "coordinates": [330718.0625, 4693503.0]}}, {"type": "Feature", "properties": {"node_id": 4541, "degree": 1, "node_type": "endpoint", "node_kind": null}, "geometry": {"type": "Point", "coordinates": [331008.75, 4693859.0]}}, {"type": "Feature", "properties": {"node_id": 4542, "degree": 1, "node_type": "endpoint", "node_kind": null}, "geometry": {"type": "Point", "coordinates": [330693.15625, 4693487.5]}}, {"type": "Feature", "properties": {"node_id": 4543, "degree": 1, "node_type": "endpoint", "node_kind": null}, "geometry": {"type": "Point", "coordinates": [330540.59375, 4693336.0]}}, {"type": "Feature", "properties": {"node_id": 4544, "degree": 1, "node_type": "endpoint", "node_kind": null}, "geometry": {"type": "Point", "coordinates": [330448.8125, 4693138.5]}}, {"type": "Feature", "properties": {"node_id": 4545, "degree": 1, "node_type": "endpoint", "node_kind": null}, "geometry": {"type": "Point", "coordinates": [330397.8125, 4693108.0]}}, {"type": "Feature", "properties": {"node_id": 4546, "degree": 1, "node_type": "endpoint", "node_kind": null}, "geometry": {"type": "Point", "coordinates": [330680.09375, 4692725.0]}}, {"type": "Feature", "properties": {"node_id": 4547, "degree": 1, "node_type": "endpoint", "node_kind": null}, "geometry": {"type": "Point", "coordinates": [330861.90625, 4692662.5]}}, {"type": "Feature", "properties": {"node_id": 4548, "degree": 1, "node_type": "endpoint", "node_kind": null}, "geometry": {"type": "Point", "coordinates": [330321.90625, 4693236.5]}}, {"type": "Feature", "properties": {"node_id": 4549, "degree": 1, "node_type": "endpoint", "node_kind": null}, "geometry": {"type": "Point", "coordinates": [330347.84375, 4693179.0]}}, {"type": "Feature", "properties": {"node_id": 4550, "degree": 1, "node_type": "endpoint", "node_kind": null}, "geometry": {"type": "Point", "coordinates": [330298.65625, 4692117.5]}}, {"type": "Feature", "properties": {"node_id": 4551, "degree": 1, "node_type": "endpoint", "node_kind": null}, "geometry": {"type": "Point", "coordinates": [330318.75, 4692125.0]}}, {"type": "Feature", "properties": {"node_id": 4552, "degree": 1, "node_type": "endpoint", "node_kind": null}, "geometry": {"type": "Point", "coordinates": [330508.65625, 4692535.5]}}, {"type": "Feature", "properties": {"node_id": 4553, "degree": 1, "node_type": "endpoint", "node_kind": null}, "geometry": {"type": "Point", "coordinates": [330516.75, 4692301.0]}}, {"type": "Feature", "properties": {"node_id": 4554, "degree": 1, "node_type": "endpoint", "node_kind": null}, "geometry": {"type": "Point", "coordinates": [330514.9375, 4692307.5]}}, {"type": "Feature", "properties": {"node_id": 4555, "degree": 1, "node_type": "endpoint", "node_kind": null}, "geometry": {"type": "Point", "coordinates": [330506.5625, 4692537.5]}}, {"type": "Feature", "properties": {"node_id": 4556, "degree": 1, "node_type": "endpoint", "node_kind": null}, "geometry": {"type": "Point", "coordinates": [330571.8125, 4692634.0]}}, {"type": "Feature", "properties": {"node_id": 4557, "degree": 1, "node_type": "endpoint", "node_kind": null}, "geometry": {"type": "Point", "coordinates": [330519.59375, 4692585.5]}}, {"type": "Feature", "properties": {"node_id": 4558, "degree": 1, "node_type": "endpoint", "node_kind": null}, "geometry": {"type": "Point", "coordinates": [330720.3125, 4692093.0]}}, {"type": "Feature", "properties": {"node_id": 4559, "degree": 1, "node_type": "endpoint", "node_kind": null}, "geometry": {"type": "Point", "coordinates": [330797.5625, 4692190.5]}}, {"type": "Feature", "properties": {"node_id": 4560, "degree": 1, "node_type": "endpoint", "node_kind": null}, "geometry": {"type": "Point", "coordinates": [330308.6875, 4692176.0]}}, {"type": "Feature", "properties": {"node_id": 4561, "degree": 1, "node_type": "endpoint", "node_kind": null}, "geometry": {"type": "Point", "coordinates": [330361.9375, 4692154.5]}}, {"type": "Feature", "properties": {"node_id": 4562, "degree": 1, "node_type": "endpoint", "node_kind": null}, "geometry": {"type": "Point", "coordinates": [330313.8125, 4692106.5]}}, {"type": "Feature", "properties": {"node_id": 4563, "degree": 1, "node_type": "endpoint", "node_kind": null}, "geometry": {"type": "Point", "coordinates": [330340.1875, 4692116.0]}}, {"type": "Feature", "properties": {"node_id": 4564, "degree": 2, "node_type": "endpoint", "node_kind": null}, "geometry": {"type": "Point", "coordinates": [330722.40625, 4692091.0]}}, {"type": "Feature", "properties": {"node_id": 4565, "degree": 1, "node_type": "endpoint", "node_kind": null}, "geometry": {"type": "Point", "coordinates": [330798.0, 4692186.0]}}, {"type": "Feature", "properties": {"node_id": 4566, "degree": 1, "node_type": "endpoint", "node_kind": null}, "geometry": {"type": "Point", "coordinates": [330343.0625, 4692120.0]}}, {"type": "Feature", "properties": {"node_id": 4567, "degree": 1, "node_type": "endpoint", "node_kind": null}, "geometry": {"type": "Point", "coordinates": [330309.4375, 4692107.5]}}, {"type": "Feature", "properties": {"node_id": 4568, "degree": 1, "node_type": "endpoint", "node_kind": null}, "geometry": {"type": "Point", "coordinates": [330676.34375, 4696782.5]}}, {"type": "Feature", "properties": {"node_id": 4569, "degree": 1, "node_type": "endpoint", "node_kind": null}, "geometry": {"type": "Point", "coordinates": [330642.90625, 4696736.0]}}, {"type": "Feature", "properties": {"node_id": 4570, "degree": 1, "node_type": "endpoint", "node_kind": null}, "geometry": {"type": "Point", "coordinates": [330661.0625, 4692023.5]}}, {"type": "Feature", "properties": {"node_id": 4571, "degree": 1, "node_type": "endpoint", "node_kind": null}, "geometry": {"type": "Point", "coordinates": [330697.1875, 4692000.5]}}, {"type": "Feature", "properties": {"node_id": 4572, "degree": 1, "node_type": "endpoint", "node_kind": null}, "geometry": {"type": "Point", "coordinates": [330283.8125, 4691902.5]}}, {"type": "Feature", "properties": {"node_id": 4573, "degree": 1, "node_type": "endpoint", "node_kind": null}, "geometry": {"type": "Point", "coordinates": [330330.3125, 4691858.5]}}, {"type": "Feature", "properties": {"node_id": 4574, "degree": 1, "node_type": "endpoint", "node_kind": null}, "geometry": {"type": "Point", "coordinates": [330249.4375, 4691502.0]}}, {"type": "Feature", "properties": {"node_id": 4575, "degree": 1, "node_type": "endpoint", "node_kind": null}, "geometry": {"type": "Point", "coordinates": [330267.75, 4691525.0]}}, {"type": "Feature", "properties": {"node_id": 4576, "degree": 1, "node_type": "endpoint", "node_kind": null}, "geometry": {"type": "Point", "coordinates": [330670.65625, 4692042.0]}}, {"type": "Feature", "properties": {"node_id": 4577, "degree": 2, "node_type": "endpoint", "node_kind": null}, "geometry": {"type": "Point", "coordinates": [330684.59375, 4692052.0]}}, {"type": "Feature", "properties": {"node_id": 4578, "degree": 1, "node_type": "endpoint", "node_kind": null}, "geometry": {"type": "Point", "coordinates": [330291.90625, 4691870.0]}}, {"type": "Feature", "properties": {"node_id": 4579, "degree": 1, "node_type": "endpoint", "node_kind": null}, "geometry": {"type": "Point", "coordinates": [330269.84375, 4691885.0]}}, {"type": "Feature", "properties": {"node_id": 4580, "degree": 1, "node_type": "endpoint", "node_kind": null}, "geometry": {"type": "Point", "coordinates": [330326.6875, 4691592.0]}}, {"type": "Feature", "properties": {"node_id": 4581, "degree": 1, "node_type": "endpoint", "node_kind": null}, "geometry": {"type": "Point", "coordinates": [330364.5, 4691658.5]}}, {"type": "Feature", "properties": {"node_id": 4582, "degree": 1, "node_type": "endpoint", "node_kind": null}, "geometry": {"type": "Point", "coordinates": [330526.0625, 4690967.0]}}, {"type": "Feature", "properties": {"node_id": 4583, "degree": 1, "node_type": "endpoint", "node_kind": null}, "geometry": {"type": "Point", "coordinates": [330628.34375, 4691001.0]}}, {"type": "Feature", "properties": {"node_id": 4584, "degree": 2, "node_type": "endpoint", "node_kind": null}, "geometry": {"type": "Point", "coordinates": [330808.1875, 4691133.0]}}, {"type": "Feature", "properties": {"node_id": 4585, "degree": 1, "node_type": "endpoint", "node_kind": null}, "geometry": {"type": "Point", "coordinates": [330724.0625, 4691076.0]}}, {"type": "Feature", "properties": {"node_id": 4586, "degree": 1, "node_type": "endpoint", "node_kind": null}, "geometry": {"type": "Point", "coordinates": [330496.5, 4691293.0]}}, {"type": "Feature", "properties": {"node_id": 4587, "degree": 1, "node_type": "endpoint", "node_kind": null}, "geometry": {"type": "Point", "coordinates": [330468.75, 4691303.5]}}, {"type": "Feature", "properties": {"node_id": 4588, "degree": 1, "node_type": "endpoint", "node_kind": null}, "geometry": {"type": "Point", "coordinates": [330321.90625, 4691597.5]}}, {"type": "Feature", "properties": {"node_id": 4589, "degree": 1, "node_type": "endpoint", "node_kind": null}, "geometry": {"type": "Point", "coordinates": [330357.90625, 4691661.0]}}, {"type": "Feature", "properties": {"node_id": 4590, "degree": 1, "node_type": "endpoint", "node_kind": null}, "geometry": {"type": "Point", "coordinates": [330525.4375, 4690969.0]}}, {"type": "Feature", "properties": {"node_id": 4591, "degree": 1, "node_type": "endpoint", "node_kind": null}, "geometry": {"type": "Point", "coordinates": [330568.1875, 4690983.5]}}, {"type": "Feature", "properties": {"node_id": 4592, "degree": 1, "node_type": "endpoint", "node_kind": null}, "geometry": {"type": "Point", "coordinates": [330730.8125, 4691140.0]}}, {"type": "Feature", "properties": {"node_id": 4593, "degree": 1, "node_type": "endpoint", "node_kind": null}, "geometry": {"type": "Point", "coordinates": [330760.9375, 4691175.0]}}, {"type": "Feature", "properties": {"node_id": 4594, "degree": 1, "node_type": "endpoint", "node_kind": null}, "geometry": {"type": "Point", "coordinates": [330542.6875, 4690635.0]}}, {"type": "Feature", "properties": {"node_id": 4595, "degree": 1, "node_type": "endpoint", "node_kind": null}, "geometry": {"type": "Point", "coordinates": [330519.75, 4690642.5]}}, {"type": "Feature", "properties": {"node_id": 4596, "degree": 1, "node_type": "endpoint", "node_kind": null}, "geometry": {"type": "Point", "coordinates": [330560.6875, 4690646.5]}}, {"type": "Feature", "properties": {"node_id": 4597, "degree": 1, "node_type": "endpoint", "node_kind": null}, "geometry": {"type": "Point", "coordinates": [330533.5625, 4690655.0]}}, {"type": "Feature", "properties": {"node_id": 4598, "degree": 1, "node_type": "endpoint", "node_kind": null}, "geometry": {"type": "Point", "coordinates": [330406.8125, 4690696.5]}}, {"type": "Feature", "properties": {"node_id": 4599, "degree": 1, "node_type": "endpoint", "node_kind": null}, "geometry": {"type": "Point", "coordinates": [330368.84375, 4690709.0]}}, {"type": "Feature", "properties": {"node_id": 4600, "degree": 1, "node_type": "endpoint", "node_kind": null}, "geometry": {"type": "Point", "coordinates": [330384.59375, 4690686.0]}}, {"type": "Feature", "properties": {"node_id": 4601, "degree": 1, "node_type": "endpoint", "node_kind": null}, "geometry": {"type": "Point", "coordinates": [330363.75, 4690693.0]}}, {"type": "Feature", "properties": {"node_id": 4602, "degree": 1, "node_type": "endpoint", "node_kind": null}, "geometry": {"type": "Point", "coordinates": [330830.84375, 4689935.5]}}, {"type": "Feature", "properties": {"node_id": 4603, "degree": 1, "node_type": "endpoint", "node_kind": null}, "geometry": {"type": "Point", "coordinates": [330820.5, 4689924.0]}}, {"type": "Feature", "properties": {"node_id": 4604, "degree": 1, "node_type": "endpoint", "node_kind": null}, "geometry": {"type": "Point", "coordinates": [330552.15625, 4689861.5]}}, {"type": "Feature", "properties": {"node_id": 4605, "degree": 1, "node_type": "endpoint", "node_kind": null}, "geometry": {"type": "Point", "coordinates": [330552.0, 4689786.5]}}, {"type": "Feature", "properties": {"node_id": 4606, "degree": 1, "node_type": "endpoint", "node_kind": null}, "geometry": {"type": "Point", "coordinates": [330546.90625, 4690024.5]}}, {"type": "Feature", "properties": {"node_id": 4607, "degree": 1, "node_type": "endpoint", "node_kind": null}, "geometry": {"type": "Point", "coordinates": [330546.4375, 4689970.5]}}, {"type": "Feature", "properties": {"node_id": 4608, "degree": 1, "node_type": "endpoint", "node_kind": null}, "geometry": {"type": "Point", "coordinates": [330428.40625, 4689799.0]}}, {"type": "Feature", "properties": {"node_id": 4609, "degree": 1, "node_type": "endpoint", "node_kind": null}, "geometry": {"type": "Point", "coordinates": [330448.5, 4689792.0]}}, {"type": "Feature", "properties": {"node_id": 4610, "degree": 1, "node_type": "endpoint", "node_kind": null}, "geometry": {"type": "Point", "coordinates": [330537.0, 4690029.5]}}, {"type": "Feature", "properties": {"node_id": 4611, "degree": 1, "node_type": "endpoint", "node_kind": null}, "geometry": {"type": "Point", "coordinates": [330536.5625, 4689942.0]}}, {"type": "Feature", "properties": {"node_id": 4612, "degree": 1, "node_type": "endpoint", "node_kind": null}, "geometry": {"type": "Point", "coordinates": [330523.34375, 4689758.0]}}, {"type": "Feature", "properties": {"node_id": 4613, "degree": 1, "node_type": "endpoint", "node_kind": null}, "geometry": {"type": "Point", "coordinates": [330456.90625, 4689782.0]}}, {"type": "Feature", "properties": {"node_id": 4614, "degree": 1, "node_type": "endpoint", "node_kind": null}, "geometry": {"type": "Point", "coordinates": [330531.4375, 4689279.0]}}, {"type": "Feature", "properties": {"node_id": 4615, "degree": 1, "node_type": "endpoint", "node_kind": null}, "geometry": {"type": "Point", "coordinates": [330530.40625, 4689170.0]}}, {"type": "Feature", "properties": {"node_id": 4616, "degree": 1, "node_type": "endpoint", "node_kind": null}, "geometry": {"type": "Point", "coordinates": [330528.3125, 4688975.5]}}, {"type": "Feature", "properties": {"node_id": 4617, "degree": 1, "node_type": "endpoint", "node_kind": null}, "geometry": {"type": "Point", "coordinates": [330527.6875, 4688911.5]}}, {"type": "Feature", "properties": {"node_id": 4618, "degree": 1, "node_type": "endpoint", "node_kind": null}, "geometry": {"type": "Point", "coordinates": [330529.0625, 4689223.5]}}, {"type": "Feature", "properties": {"node_id": 4619, "degree": 1, "node_type": "endpoint", "node_kind": null}, "geometry": {"type": "Point", "coordinates": [330529.65625, 4689279.0]}}, {"type": "Feature", "properties": {"node_id": 4620, "degree": 1, "node_type": "endpoint", "node_kind": null}, "geometry": {"type": "Point", "coordinates": [330525.75, 4688057.0]}}, {"type": "Feature", "properties": {"node_id": 4621, "degree": 1, "node_type": "endpoint", "node_kind": null}, "geometry": {"type": "Point", "coordinates": [330526.5, 4688146.5]}}, {"type": "Feature", "properties": {"node_id": 4622, "degree": 1, "node_type": "endpoint", "node_kind": null}, "geometry": {"type": "Point", "coordinates": [330518.5625, 4688024.0]}}, {"type": "Feature", "properties": {"node_id": 4623, "degree": 1, "node_type": "endpoint", "node_kind": null}, "geometry": {"type": "Point", "coordinates": [330518.40625, 4688144.0]}}, {"type": "Feature", "properties": {"node_id": 4624, "degree": 1, "node_type": "endpoint", "node_kind": null}, "geometry": {"type": "Point", "coordinates": [330529.5, 4688106.5]}}, {"type": "Feature", "properties": {"node_id": 4625, "degree": 1, "node_type": "endpoint", "node_kind": null}, "geometry": {"type": "Point", "coordinates": [330528.4375, 4688054.5]}}, {"type": "Feature", "properties": {"node_id": 4626, "degree": 1, "node_type": "endpoint", "node_kind": null}, "geometry": {"type": "Point", "coordinates": [330521.84375, 4688144.0]}}, {"type": "Feature", "properties": {"node_id": 4627, "degree": 1, "node_type": "endpoint", "node_kind": null}, "geometry": {"type": "Point", "coordinates": [330521.5625, 4688025.0]}}, {"type": "Feature", "properties": {"node_id": 4628, "degree": 1, "node_type": "endpoint", "node_kind": null}, "geometry": {"type": "Point", "coordinates": [330516.0, 4687735.5]}}, {"type": "Feature", "properties": {"node_id": 4629, "degree": 1, "node_type": "endpoint", "node_kind": null}, "geometry": {"type": "Point", "coordinates": [330514.9375, 4687644.5]}}, {"type": "Feature", "properties": {"node_id": 4630, "degree": 1, "node_type": "endpoint", "node_kind": null}, "geometry": {"type": "Point", "coordinates": [330526.65625, 4687802.0]}}, {"type": "Feature", "properties": {"node_id": 4631, "degree": 1, "node_type": "endpoint", "node_kind": null}, "geometry": {"type": "Point", "coordinates": [330523.65625, 4687466.5]}}, {"type": "Feature", "properties": {"node_id": 4632, "degree": 1, "node_type": "endpoint", "node_kind": null}, "geometry": {"type": "Point", "coordinates": [330524.5625, 4687948.5]}}, {"type": "Feature", "properties": {"node_id": 4633, "degree": 1, "node_type": "endpoint", "node_kind": null}, "geometry": {"type": "Point", "coordinates": [330523.8125, 4687908.0]}}, {"type": "Feature", "properties": {"node_id": 4634, "degree": 1, "node_type": "endpoint", "node_kind": null}, "geometry": {"type": "Point", "coordinates": [330527.5625, 4687949.0]}}, {"type": "Feature", "properties": {"node_id": 4635, "degree": 1, "node_type": "endpoint", "node_kind": null}, "geometry": {"type": "Point", "coordinates": [330526.65625, 4687888.0]}}, {"type": "Feature", "properties": {"node_id": 4636, "degree": 1, "node_type": "endpoint", "node_kind": null}, "geometry": {"type": "Point", "coordinates": [330521.25, 4687460.0]}}, {"type": "Feature", "properties": {"node_id": 4637, "degree": 1, "node_type": "endpoint", "node_kind": null}, "geometry": {"type": "Point", "coordinates": [330522.59375, 4687587.0]}}, {"type": "Feature", "properties": {"node_id": 4638, "degree": 1, "node_type": "endpoint", "node_kind": null}, "geometry": {"type": "Point", "coordinates": [330518.25, 4687726.0]}}, {"type": "Feature", "properties": {"node_id": 4639, "degree": 1, "node_type": "endpoint", "node_kind": null}, "geometry": {"type": "Point", "coordinates": [330517.34375, 4687644.5]}}, {"type": "Feature", "properties": {"node_id": 4640, "degree": 1, "node_type": "endpoint", "node_kind": null}, "geometry": {"type": "Point", "coordinates": [330516.0, 4686924.0]}}, {"type": "Feature", "properties": {"node_id": 4641, "degree": 1, "node_type": "endpoint", "node_kind": null}, "geometry": {"type": "Point", "coordinates": [330515.25, 4686863.0]}}, {"type": "Feature", "properties": {"node_id": 4642, "degree": 1, "node_type": "endpoint", "node_kind": null}, "geometry": {"type": "Point", "coordinates": [330508.65625, 4687130.0]}}, {"type": "Feature", "properties": {"node_id": 4643, "degree": 1, "node_type": "endpoint", "node_kind": null}, "geometry": {"type": "Point", "coordinates": [330509.09375, 4687175.0]}}, {"type": "Feature", "properties": {"node_id": 4644, "degree": 1, "node_type": "endpoint", "node_kind": null}, "geometry": {"type": "Point", "coordinates": [330517.8125, 4686924.0]}}, {"type": "Feature", "properties": {"node_id": 4645, "degree": 1, "node_type": "endpoint", "node_kind": null}, "geometry": {"type": "Point", "coordinates": [330517.65625, 4686903.0]}}, {"type": "Feature", "properties": {"node_id": 4646, "degree": 1, "node_type": "endpoint", "node_kind": null}, "geometry": {"type": "Point", "coordinates": [330451.34375, 4686557.5]}}, {"type": "Feature", "properties": {"node_id": 4647, "degree": 1, "node_type": "endpoint", "node_kind": null}, "geometry": {"type": "Point", "coordinates": [330446.5625, 4686535.5]}}, {"type": "Feature", "properties": {"node_id": 4648, "degree": 1, "node_type": "endpoint", "node_kind": null}, "geometry": {"type": "Point", "coordinates": [330229.5, 4686261.0]}}, {"type": "Feature", "properties": {"node_id": 4649, "degree": 1, "node_type": "endpoint", "node_kind": null}, "geometry": {"type": "Point", "coordinates": [330253.34375, 4686306.5]}}, {"type": "Feature", "properties": {"node_id": 4650, "degree": 1, "node_type": "endpoint", "node_kind": null}, "geometry": {"type": "Point", "coordinates": [330405.0, 4685914.5]}}, {"type": "Feature", "properties": {"node_id": 4651, "degree": 1, "node_type": "endpoint", "node_kind": null}, "geometry": {"type": "Point", "coordinates": [330414.3125, 4685891.0]}}, {"type": "Feature", "properties": {"node_id": 4652, "degree": 1, "node_type": "endpoint", "node_kind": null}, "geometry": {"type": "Point", "coordinates": [330778.65625, 4685476.5]}}, {"type": "Feature", "properties": {"node_id": 4653, "degree": 1, "node_type": "endpoint", "node_kind": null}, "geometry": {"type": "Point", "coordinates": [330746.6875, 4685500.5]}}, {"type": "Feature", "properties": {"node_id": 4654, "degree": 1, "node_type": "endpoint", "node_kind": null}, "geometry": {"type": "Point", "coordinates": [330810.59375, 4685456.5]}}, {"type": "Feature", "properties": {"node_id": 4655, "degree": 1, "node_type": "endpoint", "node_kind": null}, "geometry": {"type": "Point", "coordinates": [330736.5, 4685514.0]}}, {"type": "Feature", "properties": {"node_id": 4656, "degree": 1, "node_type": "endpoint", "node_kind": null}, "geometry": {"type": "Point", "coordinates": [330811.34375, 4685458.5]}}, {"type": "Feature", "properties": {"node_id": 4657, "degree": 1, "node_type": "endpoint", "node_kind": null}, "geometry": {"type": "Point", "coordinates": [330738.0, 4685515.5]}}, {"type": "Feature", "properties": {"node_id": 4658, "degree": 1, "node_type": "endpoint", "node_kind": null}, "geometry": {"type": "Point", "coordinates": [330506.5625, 4685654.5]}}, {"type": "Feature", "properties": {"node_id": 4659, "degree": 1, "node_type": "endpoint", "node_kind": null}, "geometry": {"type": "Point", "coordinates": [330528.15625, 4685637.5]}}, {"type": "Feature", "properties": {"node_id": 4660, "degree": 1, "node_type": "endpoint", "node_kind": null}, "geometry": {"type": "Point", "coordinates": [330451.1875, 4684893.5]}}, {"type": "Feature", "properties": {"node_id": 4661, "degree": 1, "node_type": "endpoint", "node_kind": null}, "geometry": {"type": "Point", "coordinates": [330436.5, 4684926.0]}}, {"type": "Feature", "properties": {"node_id": 4662, "degree": 1, "node_type": "endpoint", "node_kind": null}, "geometry": {"type": "Point", "coordinates": [330441.3125, 4684926.5]}}, {"type": "Feature", "properties": {"node_id": 4663, "degree": 1, "node_type": "endpoint", "node_kind": null}, "geometry": {"type": "Point", "coordinates": [330468.15625, 4684869.5]}}, {"type": "Feature", "properties": {"node_id": 4664, "degree": 1, "node_type": "endpoint", "node_kind": null}, "geometry": {"type": "Point", "coordinates": [330600.15625, 4684723.0]}}, {"type": "Feature", "properties": {"node_id": 4665, "degree": 1, "node_type": "endpoint", "node_kind": null}, "geometry": {"type": "Point", "coordinates": [330543.59375, 4684780.5]}}, {"type": "Feature", "properties": {"node_id": 4666, "degree": 1, "node_type": "endpoint", "node_kind": null}, "geometry": {"type": "Point", "coordinates": [330675.4375, 4683870.0]}}, {"type": "Feature", "properties": {"node_id": 4667, "degree": 1, "node_type": "endpoint", "node_kind": null}, "geometry": {"type": "Point", "coordinates": [330753.59375, 4683896.5]}}, {"type": "Feature", "properties": {"node_id": 4668, "degree": 1, "node_type": "endpoint", "node_kind": null}, "geometry": {"type": "Point", "coordinates": [330388.1875, 4683756.0]}}, {"type": "Feature", "properties": {"node_id": 4669, "degree": 1, "node_type": "endpoint", "node_kind": null}, "geometry": {"type": "Point", "coordinates": [330536.84375, 4683819.0]}}, {"type": "Feature", "properties": {"node_id": 4670, "degree": 1, "node_type": "endpoint", "node_kind": null}, "geometry": {"type": "Point", "coordinates": [331381.0625, 4697766.0]}}, {"type": "Feature", "properties": {"node_id": 4671, "degree": 1, "node_type": "endpoint", "node_kind": null}, "geometry": {"type": "Point", "coordinates": [331407.59375, 4697808.0]}}, {"type": "Feature", "properties": {"node_id": 4672, "degree": 1, "node_type": "endpoint", "node_kind": null}, "geometry": {"type": "Point", "coordinates": [330903.15625, 4680083.5]}}, {"type": "Feature", "properties": {"node_id": 4673, "degree": 1, "node_type": "endpoint", "node_kind": null}, "geometry": {"type": "Point", "coordinates": [330813.75, 4680008.5]}}, {"type": "Feature", "properties": {"node_id": 4674, "degree": 1, "node_type": "endpoint", "node_kind": null}, "geometry": {"type": "Point", "coordinates": [331007.40625, 4693851.0]}}, {"type": "Feature", "properties": {"node_id": 4675, "degree": 1, "node_type": "endpoint", "node_kind": null}, "geometry": {"type": "Point", "coordinates": [330993.4375, 4693832.5]}}, {"type": "Feature", "properties": {"node_id": 4676, "degree": 1, "node_type": "endpoint", "node_kind": null}, "geometry": {"type": "Point", "coordinates": [330908.84375, 4692639.0]}}, {"type": "Feature", "properties": {"node_id": 4677, "degree": 1, "node_type": "endpoint", "node_kind": null}, "geometry": {"type": "Point", "coordinates": [330887.84375, 4692650.0]}}, {"type": "Feature", "properties": {"node_id": 4678, "degree": 1, "node_type": "endpoint", "node_kind": null}, "geometry": {"type": "Point", "coordinates": [331113.15625, 4692317.0]}}, {"type": "Feature", "properties": {"node_id": 4679, "degree": 1, "node_type": "endpoint", "node_kind": null}, "geometry": {"type": "Point", "coordinates": [331110.59375, 4692420.0]}}, {"type": "Feature", "properties": {"node_id": 4680, "degree": 1, "node_type": "endpoint", "node_kind": null}, "geometry": {"type": "Point", "coordinates": [331112.84375, 4692128.0]}}, {"type": "Feature", "properties": {"node_id": 4681, "degree": 1, "node_type": "endpoint", "node_kind": null}, "geometry": {"type": "Point", "coordinates": [331112.40625, 4692236.0]}}, {"type": "Feature", "properties": {"node_id": 4682, "degree": 1, "node_type": "endpoint", "node_kind": null}, "geometry": {"type": "Point", "coordinates": [330964.9375, 4692609.0]}}, {"type": "Feature", "properties": {"node_id": 4683, "degree": 1, "node_type": "endpoint", "node_kind": null}, "geometry": {"type": "Point", "coordinates": [330969.90625, 4692606.5]}}, {"type": "Feature", "properties": {"node_id": 4684, "degree": 1, "node_type": "endpoint", "node_kind": null}, "geometry": {"type": "Point", "coordinates": [331075.65625, 4692519.0]}}, {"type": "Feature", "properties": {"node_id": 4685, "degree": 1, "node_type": "endpoint", "node_kind": null}, "geometry": {"type": "Point", "coordinates": [331049.09375, 4692551.0]}}, {"type": "Feature", "properties": {"node_id": 4686, "degree": 1, "node_type": "endpoint", "node_kind": null}, "geometry": {"type": "Point", "coordinates": [331043.25, 4696881.5]}}, {"type": "Feature", "properties": {"node_id": 4687, "degree": 1, "node_type": "endpoint", "node_kind": null}, "geometry": {"type": "Point", "coordinates": [331090.1875, 4696850.0]}}, {"type": "Feature", "properties": {"node_id": 4688, "degree": 1, "node_type": "endpoint", "node_kind": null}, "geometry": {"type": "Point", "coordinates": [331379.5625, 4696694.5]}}, {"type": "Feature", "properties": {"node_id": 4689, "degree": 1, "node_type": "endpoint", "node_kind": null}, "geometry": {"type": "Point", "coordinates": [331249.65625, 4696747.0]}}, {"type": "Feature", "properties": {"node_id": 4690, "degree": 1, "node_type": "endpoint", "node_kind": null}, "geometry": {"type": "Point", "coordinates": [331042.34375, 4696880.0]}}, {"type": "Feature", "properties": {"node_id": 4691, "degree": 1, "node_type": "endpoint", "node_kind": null}, "geometry": {"type": "Point", "coordinates": [331125.59375, 4696824.5]}}, {"type": "Feature", "properties": {"node_id": 4692, "degree": 1, "node_type": "endpoint", "node_kind": null}, "geometry": {"type": "Point", "coordinates": [331057.34375, 4691984.5]}}, {"type": "Feature", "properties": {"node_id": 4693, "degree": 1, "node_type": "endpoint", "node_kind": null}, "geometry": {"type": "Point", "coordinates": [331076.25, 4691996.5]}}, {"type": "Feature", "properties": {"node_id": 4694, "degree": 1, "node_type": "endpoint", "node_kind": null}, "geometry": {"type": "Point", "coordinates": [330961.9375, 4691734.5]}}, {"type": "Feature", "properties": {"node_id": 4695, "degree": 1, "node_type": "endpoint", "node_kind": null}, "geometry": {"type": "Point", "coordinates": [330926.6875, 4691727.5]}}, {"type": "Feature", "properties": {"node_id": 4696, "degree": 1, "node_type": "endpoint", "node_kind": null}, "geometry": {"type": "Point", "coordinates": [330933.90625, 4691854.0]}}, {"type": "Feature", "properties": {"node_id": 4697, "degree": 1, "node_type": "endpoint", "node_kind": null}, "geometry": {"type": "Point", "coordinates": [330948.90625, 4691872.5]}}, {"type": "Feature", "properties": {"node_id": 4698, "degree": 1, "node_type": "endpoint", "node_kind": null}, "geometry": {"type": "Point", "coordinates": [330827.25, 4691622.0]}}, {"type": "Feature", "properties": {"node_id": 4699, "degree": 1, "node_type": "endpoint", "node_kind": null}, "geometry": {"type": "Point", "coordinates": [330842.25, 4691581.5]}}, {"type": "Feature", "properties": {"node_id": 4700, "degree": 1, "node_type": "endpoint", "node_kind": null}, "geometry": {"type": "Point", "coordinates": [330970.5, 4691751.5]}}, {"type": "Feature", "properties": {"node_id": 4701, "degree": 1, "node_type": "endpoint", "node_kind": null}, "geometry": {"type": "Point", "coordinates": [330958.5, 4691783.0]}}, {"type": "Feature", "properties": {"node_id": 4702, "degree": 1, "node_type": "endpoint", "node_kind": null}, "geometry": {"type": "Point", "coordinates": [331103.5625, 4691161.5]}}, {"type": "Feature", "properties": {"node_id": 4703, "degree": 2, "node_type": "endpoint", "node_kind": null}, "geometry": {"type": "Point", "coordinates": [331283.6875, 4691034.0]}}, {"type": "Feature", "properties": {"node_id": 4704, "degree": 1, "node_type": "endpoint", "node_kind": null}, "geometry": {"type": "Point", "coordinates": [330871.34375, 4691310.0]}}, {"type": "Feature", "properties": {"node_id": 4705, "degree": 1, "node_type": "endpoint", "node_kind": null}, "geometry": {"type": "Point", "coordinates": [330881.25, 4691322.5]}}, {"type": "Feature", "properties": {"node_id": 4706, "degree": 1, "node_type": "endpoint", "node_kind": null}, "geometry": {"type": "Point", "coordinates": [330851.40625, 4691282.5]}}, {"type": "Feature", "properties": {"node_id": 4707, "degree": 1, "node_type": "endpoint", "node_kind": null}, "geometry": {"type": "Point", "coordinates": [330882.59375, 4691321.5]}}, {"type": "Feature", "properties": {"node_id": 4708, "degree": 1, "node_type": "endpoint", "node_kind": null}, "geometry": {"type": "Point", "coordinates": [331064.40625, 4691177.5]}}, {"type": "Feature", "properties": {"node_id": 4709, "degree": 1, "node_type": "endpoint", "node_kind": null}, "geometry": {"type": "Point", "coordinates": [331128.59375, 4691124.0]}}, {"type": "Feature", "properties": {"node_id": 4710, "degree": 1, "node_type": "endpoint", "node_kind": null}, "geometry": {"type": "Point", "coordinates": [331110.15625, 4691388.5]}}, {"type": "Feature", "properties": {"node_id": 4711, "degree": 1, "node_type": "endpoint", "node_kind": null}, "geometry": {"type": "Point", "coordinates": [331069.8125, 4691219.0]}}, {"type": "Feature", "properties": {"node_id": 4712, "degree": 1, "node_type": "endpoint", "node_kind": null}, "geometry": {"type": "Point", "coordinates": [331324.34375, 4691004.0]}}, {"type": "Feature", "properties": {"node_id": 4713, "degree": 1, "node_type": "endpoint", "node_kind": null}, "geometry": {"type": "Point", "coordinates": [331362.0, 4690980.0]}}, {"type": "Feature", "properties": {"node_id": 4714, "degree": 1, "node_type": "endpoint", "node_kind": null}, "geometry": {"type": "Point", "coordinates": [331072.0625, 4691179.0]}}, {"type": "Feature", "properties": {"node_id": 4715, "degree": 1, "node_type": "endpoint", "node_kind": null}, "geometry": {"type": "Point", "coordinates": [331097.84375, 4691154.0]}}, {"type": "Feature", "properties": {"node_id": 4716, "degree": 1, "node_type": "endpoint", "node_kind": null}, "geometry": {"type": "Point", "coordinates": [331069.9375, 4691176.0]}}, {"type": "Feature", "properties": {"node_id": 4717, "degree": 1, "node_type": "endpoint", "node_kind": null}, "geometry": {"type": "Point", "coordinates": [331181.09375, 4691091.5]}}, {"type": "Feature", "properties": {"node_id": 4718, "degree": 2, "node_type": "endpoint", "node_kind": null}, "geometry": {"type": "Point", "coordinates": [330839.40625, 4691152.5]}}, {"type": "Feature", "properties": {"node_id": 4719, "degree": 1, "node_type": "endpoint", "node_kind": null}, "geometry": {"type": "Point", "coordinates": [330875.84375, 4691176.5]}}, {"type": "Feature", "properties": {"node_id": 4720, "degree": 1, "node_type": "endpoint", "node_kind": null}, "geometry": {"type": "Point", "coordinates": [331355.09375, 4690990.5]}}, {"type": "Feature", "properties": {"node_id": 4721, "degree": 2, "node_type": "endpoint", "node_kind": null}, "geometry": {"type": "Point", "coordinates": [331333.8125, 4691004.0]}}, {"type": "Feature", "properties": {"node_id": 4722, "degree": 1, "node_type": "endpoint", "node_kind": null}, "geometry": {"type": "Point", "coordinates": [331101.3125, 4691307.5]}}, {"type": "Feature", "properties": {"node_id": 4723, "degree": 1, "node_type": "endpoint", "node_kind": null}, "geometry": {"type": "Point", "coordinates": [331071.90625, 4691219.0]}}, {"type": "Feature", "properties": {"node_id": 4724, "degree": 1, "node_type": "endpoint", "node_kind": null}, "geometry": {"type": "Point", "coordinates": [331341.0, 4690573.0]}}, {"type": "Feature", "properties": {"node_id": 4725, "degree": 1, "node_type": "endpoint", "node_kind": null}, "geometry": {"type": "Point", "coordinates": [331578.4375, 4690415.0]}}, {"type": "Feature", "properties": {"node_id": 4726, "degree": 1, "node_type": "endpoint", "node_kind": null}, "geometry": {"type": "Point", "coordinates": [331332.90625, 4690557.0]}}, {"type": "Feature", "properties": {"node_id": 4727, "degree": 1, "node_type": "endpoint", "node_kind": null}, "geometry": {"type": "Point", "coordinates": [331496.6875, 4690449.5]}}, {"type": "Feature", "properties": {"node_id": 4728, "degree": 1, "node_type": "endpoint", "node_kind": null}, "geometry": {"type": "Point", "coordinates": [331413.4375, 4690528.5]}}, {"type": "Feature", "properties": {"node_id": 4729, "degree": 1, "node_type": "endpoint", "node_kind": null}, "geometry": {"type": "Point", "coordinates": [331342.1875, 4690575.0]}}, {"type": "Feature", "properties": {"node_id": 4730, "degree": 1, "node_type": "endpoint", "node_kind": null}, "geometry": {"type": "Point", "coordinates": [331121.25, 4690849.0]}}, {"type": "Feature", "properties": {"node_id": 4731, "degree": 1, "node_type": "endpoint", "node_kind": null}, "geometry": {"type": "Point", "coordinates": [331075.9375, 4690875.0]}}, {"type": "Feature", "properties": {"node_id": 4732, "degree": 1, "node_type": "endpoint", "node_kind": null}, "geometry": {"type": "Point", "coordinates": [331050.3125, 4690739.0]}}, {"type": "Feature", "properties": {"node_id": 4733, "degree": 1, "node_type": "endpoint", "node_kind": null}, "geometry": {"type": "Point", "coordinates": [330954.59375, 4690801.0]}}, {"type": "Feature", "properties": {"node_id": 4734, "degree": 1, "node_type": "endpoint", "node_kind": null}, "geometry": {"type": "Point", "coordinates": [331165.5, 4690811.0]}}, {"type": "Feature", "properties": {"node_id": 4735, "degree": 1, "node_type": "endpoint", "node_kind": null}, "geometry": {"type": "Point", "coordinates": [331147.8125, 4690827.5]}}, {"type": "Feature", "properties": {"node_id": 4736, "degree": 1, "node_type": "endpoint", "node_kind": null}, "geometry": {"type": "Point", "coordinates": [331147.34375, 4690481.0]}}, {"type": "Feature", "properties": {"node_id": 4737, "degree": 1, "node_type": "endpoint", "node_kind": null}, "geometry": {"type": "Point", "coordinates": [331188.4375, 4690548.5]}}, {"type": "Feature", "properties": {"node_id": 4738, "degree": 1, "node_type": "endpoint", "node_kind": null}, "geometry": {"type": "Point", "coordinates": [331045.1875, 4690313.5]}}, {"type": "Feature", "properties": {"node_id": 4739, "degree": 1, "node_type": "endpoint", "node_kind": null}, "geometry": {"type": "Point", "coordinates": [330950.40625, 4690159.5]}}, {"type": "Feature", "properties": {"node_id": 4740, "degree": 1, "node_type": "endpoint", "node_kind": null}, "geometry": {"type": "Point", "coordinates": [331398.3125, 4689817.5]}}, {"type": "Feature", "properties": {"node_id": 4741, "degree": 1, "node_type": "endpoint", "node_kind": null}, "geometry": {"type": "Point", "coordinates": [331325.40625, 4689735.0]}}, {"type": "Feature", "properties": {"node_id": 4742, "degree": 1, "node_type": "endpoint", "node_kind": null}, "geometry": {"type": "Point", "coordinates": [331010.84375, 4690280.0]}}, {"type": "Feature", "properties": {"node_id": 4743, "degree": 1, "node_type": "endpoint", "node_kind": null}, "geometry": {"type": "Point", "coordinates": [330937.0625, 4690164.5]}}, {"type": "Feature", "properties": {"node_id": 4744, "degree": 1, "node_type": "endpoint", "node_kind": null}, "geometry": {"type": "Point", "coordinates": [331122.15625, 4689872.0]}}, {"type": "Feature", "properties": {"node_id": 4745, "degree": 1, "node_type": "endpoint", "node_kind": null}, "geometry": {"type": "Point", "coordinates": [331088.84375, 4689902.0]}}, {"type": "Feature", "properties": {"node_id": 4746, "degree": 1, "node_type": "endpoint", "node_kind": null}, "geometry": {"type": "Point", "coordinates": [331098.0, 4689897.0]}}, {"type": "Feature", "properties": {"node_id": 4747, "degree": 1, "node_type": "endpoint", "node_kind": null}, "geometry": {"type": "Point", "coordinates": [331222.65625, 4689787.0]}}, {"type": "Feature", "properties": {"node_id": 4748, "degree": 1, "node_type": "endpoint", "node_kind": null}, "geometry": {"type": "Point", "coordinates": [330837.0, 4689966.5]}}, {"type": "Feature", "properties": {"node_id": 4749, "degree": 1, "node_type": "endpoint", "node_kind": null}, "geometry": {"type": "Point", "coordinates": [330863.5625, 4690025.0]}}, {"type": "Feature", "properties": {"node_id": 4750, "degree": 1, "node_type": "endpoint", "node_kind": null}, "geometry": {"type": "Point", "coordinates": [331458.59375, 4689866.5]}}, {"type": "Feature", "properties": {"node_id": 4751, "degree": 1, "node_type": "endpoint", "node_kind": null}, "geometry": {"type": "Point", "coordinates": [331326.59375, 4689718.0]}}, {"type": "Feature", "properties": {"node_id": 4752, "degree": 1, "node_type": "endpoint", "node_kind": null}, "geometry": {"type": "Point", "coordinates": [331371.4375, 4689784.5]}}, {"type": "Feature", "properties": {"node_id": 4753, "degree": 2, "node_type": "endpoint", "node_kind": null}, "geometry": {"type": "Point", "coordinates": [331702.8125, 4690153.5]}}, {"type": "Feature", "properties": {"node_id": 4754, "degree": 1, "node_type": "endpoint", "node_kind": null}, "geometry": {"type": "Point", "coordinates": [331315.1875, 4689709.0]}}, {"type": "Feature", "properties": {"node_id": 4755, "degree": 1, "node_type": "endpoint", "node_kind": null}, "geometry": {"type": "Point", "coordinates": [331363.8125, 4689763.0]}}, {"type": "Feature", "properties": {"node_id": 4756, "degree": 1, "node_type": "endpoint", "node_kind": null}, "geometry": {"type": "Point", "coordinates": [331399.0625, 4688355.0]}}, {"type": "Feature", "properties": {"node_id": 4757, "degree": 2, "node_type": "endpoint", "node_kind": null}, "geometry": {"type": "Point", "coordinates": [331358.5625, 4688320.5]}}, {"type": "Feature", "properties": {"node_id": 4758, "degree": 2, "node_type": "endpoint", "node_kind": null}, "geometry": {"type": "Point", "coordinates": [331321.0625, 4688283.5]}}, {"type": "Feature", "properties": {"node_id": 4759, "degree": 1, "node_type": "endpoint", "node_kind": null}, "geometry": {"type": "Point", "coordinates": [331254.90625, 4688194.0]}}, {"type": "Feature", "properties": {"node_id": 4760, "degree": 1, "node_type": "endpoint", "node_kind": null}, "geometry": {"type": "Point", "coordinates": [331223.5625, 4688106.0]}}, {"type": "Feature", "properties": {"node_id": 4761, "degree": 1, "node_type": "endpoint", "node_kind": null}, "geometry": {"type": "Point", "coordinates": [331238.40625, 4688140.0]}}, {"type": "Feature", "properties": {"node_id": 4762, "degree": 1, "node_type": "endpoint", "node_kind": null}, "geometry": {"type": "Point", "coordinates": [331197.75, 4688057.0]}}, {"type": "Feature", "properties": {"node_id": 4763, "degree": 1, "node_type": "endpoint", "node_kind": null}, "geometry": {"type": "Point", "coordinates": [331271.5625, 4688216.0]}}, {"type": "Feature", "properties": {"node_id": 4764, "degree": 1, "node_type": "endpoint", "node_kind": null}, "geometry": {"type": "Point", "coordinates": [331224.3125, 4688134.0]}}, {"type": "Feature", "properties": {"node_id": 4765, "degree": 1, "node_type": "endpoint", "node_kind": null}, "geometry": {"type": "Point", "coordinates": [331236.0, 4688159.0]}}, {"type": "Feature", "properties": {"node_id": 4766, "degree": 1, "node_type": "endpoint", "node_kind": null}, "geometry": {"type": "Point", "coordinates": [331183.0625, 4687893.0]}}, {"type": "Feature", "properties": {"node_id": 4767, "degree": 1, "node_type": "endpoint", "node_kind": null}, "geometry": {"type": "Point", "coordinates": [331182.15625, 4687800.0]}}, {"type": "Feature", "properties": {"node_id": 4768, "degree": 1, "node_type": "endpoint", "node_kind": null}, "geometry": {"type": "Point", "coordinates": [331156.8125, 4687687.5]}}, {"type": "Feature", "properties": {"node_id": 4769, "degree": 1, "node_type": "endpoint", "node_kind": null}, "geometry": {"type": "Point", "coordinates": [331184.84375, 4688003.0]}}, {"type": "Feature", "properties": {"node_id": 4770, "degree": 1, "node_type": "endpoint", "node_kind": null}, "geometry": {"type": "Point", "coordinates": [331175.6875, 4687941.5]}}, {"type": "Feature", "properties": {"node_id": 4771, "degree": 1, "node_type": "endpoint", "node_kind": null}, "geometry": {"type": "Point", "coordinates": [331172.84375, 4687823.0]}}, {"type": "Feature", "properties": {"node_id": 4772, "degree": 1, "node_type": "endpoint", "node_kind": null}, "geometry": {"type": "Point", "coordinates": [330905.25, 4687930.0]}}, {"type": "Feature", "properties": {"node_id": 4773, "degree": 1, "node_type": "endpoint", "node_kind": null}, "geometry": {"type": "Point", "coordinates": [330905.5625, 4687858.0]}}, {"type": "Feature", "properties": {"node_id": 4774, "degree": 1, "node_type": "endpoint", "node_kind": null}, "geometry": {"type": "Point", "coordinates": [331423.8125, 4687219.0]}}, {"type": "Feature", "properties": {"node_id": 4775, "degree": 1, "node_type": "endpoint", "node_kind": null}, "geometry": {"type": "Point", "coordinates": [331374.15625, 4687243.5]}}, {"type": "Feature", "properties": {"node_id": 4776, "degree": 2, "node_type": "endpoint", "node_kind": null}, "geometry": {"type": "Point", "coordinates": [331333.5, 4687281.0]}}, {"type": "Feature", "properties": {"node_id": 4777, "degree": 2, "node_type": "endpoint", "node_kind": null}, "geometry": {"type": "Point", "coordinates": [331354.34375, 4687270.5]}}, {"type": "Feature", "properties": {"node_id": 4778, "degree": 2, "node_type": "endpoint", "node_kind": null}, "geometry": {"type": "Point", "coordinates": [331330.8125, 4687281.0]}}, {"type": "Feature", "properties": {"node_id": 4779, "degree": 1, "node_type": "endpoint", "node_kind": null}, "geometry": {"type": "Point", "coordinates": [331268.40625, 4687312.0]}}, {"type": "Feature", "properties": {"node_id": 4780, "degree": 1, "node_type": "endpoint", "node_kind": null}, "geometry": {"type": "Point", "coordinates": [331350.75, 4696569.5]}}, {"type": "Feature", "properties": {"node_id": 4781, "degree": 1, "node_type": "endpoint", "node_kind": null}, "geometry": {"type": "Point", "coordinates": [331337.84375, 4696553.0]}}, {"type": "Feature", "properties": {"node_id": 4782, "degree": 1, "node_type": "endpoint", "node_kind": null}, "geometry": {"type": "Point", "coordinates": [331328.84375, 4696716.0]}}, {"type": "Feature", "properties": {"node_id": 4783, "degree": 1, "node_type": "endpoint", "node_kind": null}, "geometry": {"type": "Point", "coordinates": [331420.0625, 4696679.5]}}, {"type": "Feature", "properties": {"node_id": 4784, "degree": 1, "node_type": "endpoint", "node_kind": null}, "geometry": {"type": "Point", "coordinates": [331001.6875, 4685255.0]}}, {"type": "Feature", "properties": {"node_id": 4785, "degree": 1, "node_type": "endpoint", "node_kind": null}, "geometry": {"type": "Point", "coordinates": [331042.65625, 4685223.0]}}, {"type": "Feature", "properties": {"node_id": 4786, "degree": 1, "node_type": "endpoint", "node_kind": null}, "geometry": {"type": "Point", "coordinates": [331155.90625, 4684918.0]}}, {"type": "Feature", "properties": {"node_id": 4787, "degree": 1, "node_type": "endpoint", "node_kind": null}, "geometry": {"type": "Point", "coordinates": [331173.15625, 4684866.5]}}, {"type": "Feature", "properties": {"node_id": 4788, "degree": 1, "node_type": "endpoint", "node_kind": null}, "geometry": {"type": "Point", "coordinates": [331101.90625, 4684060.5]}}, {"type": "Feature", "properties": {"node_id": 4789, "degree": 1, "node_type": "endpoint", "node_kind": null}, "geometry": {"type": "Point", "coordinates": [330956.6875, 4684314.0]}}, {"type": "Feature", "properties": {"node_id": 4790, "degree": 1, "node_type": "endpoint", "node_kind": null}, "geometry": {"type": "Point", "coordinates": [331168.34375, 4683941.5]}}, {"type": "Feature", "properties": {"node_id": 4791, "degree": 1, "node_type": "endpoint", "node_kind": null}, "geometry": {"type": "Point", "coordinates": [331137.0, 4683997.5]}}, {"type": "Feature", "properties": {"node_id": 4792, "degree": 1, "node_type": "endpoint", "node_kind": null}, "geometry": {"type": "Point", "coordinates": [330872.5625, 4683940.0]}}, {"type": "Feature", "properties": {"node_id": 4793, "degree": 1, "node_type": "endpoint", "node_kind": null}, "geometry": {"type": "Point", "coordinates": [330818.6875, 4683922.0]}}, {"type": "Feature", "properties": {"node_id": 4794, "degree": 1, "node_type": "endpoint", "node_kind": null}, "geometry": {"type": "Point", "coordinates": [331178.6875, 4683903.5]}}, {"type": "Feature", "properties": {"node_id": 4795, "degree": 1, "node_type": "endpoint", "node_kind": null}, "geometry": {"type": "Point", "coordinates": [331190.6875, 4683881.5]}}, {"type": "Feature", "properties": {"node_id": 4796, "degree": 1, "node_type": "endpoint", "node_kind": null}, "geometry": {"type": "Point", "coordinates": [331209.0, 4683872.5]}}, {"type": "Feature", "properties": {"node_id": 4797, "degree": 1, "node_type": "endpoint", "node_kind": null}, "geometry": {"type": "Point", "coordinates": [331138.5, 4683998.0]}}, {"type": "Feature", "properties": {"node_id": 4798, "degree": 1, "node_type": "endpoint", "node_kind": null}, "geometry": {"type": "Point", "coordinates": [331192.5, 4683882.5]}}, {"type": "Feature", "properties": {"node_id": 4799, "degree": 1, "node_type": "endpoint", "node_kind": null}, "geometry": {"type": "Point", "coordinates": [331147.65625, 4683960.5]}}, {"type": "Feature", "properties": {"node_id": 4800, "degree": 1, "node_type": "endpoint", "node_kind": null}, "geometry": {"type": "Point", "coordinates": [331370.5625, 4697732.0]}}, {"type": "Feature", "properties": {"node_id": 4801, "degree": 1, "node_type": "endpoint", "node_kind": null}, "geometry": {"type": "Point", "coordinates": [331402.9375, 4697782.0]}}, {"type": "Feature", "properties": {"node_id": 4802, "degree": 1, "node_type": "endpoint", "node_kind": null}, "geometry": {"type": "Point", "coordinates": [331444.1875, 4681000.0]}}, {"type": "Feature", "properties": {"node_id": 4803, "degree": 1, "node_type": "endpoint", "node_kind": null}, "geometry": {"type": "Point", "coordinates": [331435.5, 4681026.5]}}, {"type": "Feature", "properties": {"node_id": 4804, "degree": 1, "node_type": "endpoint", "node_kind": null}, "geometry": {"type": "Point", "coordinates": [331458.0, 4680989.5]}}, {"type": "Feature", "properties": {"node_id": 4805, "degree": 1, "node_type": "endpoint", "node_kind": null}, "geometry": {"type": "Point", "coordinates": [331479.15625, 4680918.5]}}, {"type": "Feature", "properties": {"node_id": 4806, "degree": 1, "node_type": "endpoint", "node_kind": null}, "geometry": {"type": "Point", "coordinates": [331585.8125, 4680422.5]}}, {"type": "Feature", "properties": {"node_id": 4807, "degree": 1, "node_type": "endpoint", "node_kind": null}, "geometry": {"type": "Point", "coordinates": [331570.8125, 4680453.5]}}, {"type": "Feature", "properties": {"node_id": 4808, "degree": 1, "node_type": "endpoint", "node_kind": null}, "geometry": {"type": "Point", "coordinates": [331684.9375, 4680453.5]}}, {"type": "Feature", "properties": {"node_id": 4809, "degree": 1, "node_type": "endpoint", "node_kind": null}, "geometry": {"type": "Point", "coordinates": [331662.75, 4680459.5]}}, {"type": "Feature", "properties": {"node_id": 4810, "degree": 1, "node_type": "endpoint", "node_kind": null}, "geometry": {"type": "Point", "coordinates": [331527.4375, 4680515.0]}}, {"type": "Feature", "properties": {"node_id": 4811, "degree": 1, "node_type": "endpoint", "node_kind": null}, "geometry": {"type": "Point", "coordinates": [331501.0625, 4680529.5]}}, {"type": "Feature", "properties": {"node_id": 4812, "degree": 1, "node_type": "endpoint", "node_kind": null}, "geometry": {"type": "Point", "coordinates": [331463.09375, 4680352.5]}}, {"type": "Feature", "properties": {"node_id": 4813, "degree": 1, "node_type": "endpoint", "node_kind": null}, "geometry": {"type": "Point", "coordinates": [331364.40625, 4680312.0]}}, {"type": "Feature", "properties": {"node_id": 4814, "degree": 1, "node_type": "endpoint", "node_kind": null}, "geometry": {"type": "Point", "coordinates": [331558.34375, 4680457.0]}}, {"type": "Feature", "properties": {"node_id": 4815, "degree": 1, "node_type": "endpoint", "node_kind": null}, "geometry": {"type": "Point", "coordinates": [331523.40625, 4680387.0]}}, {"type": "Feature", "properties": {"node_id": 4816, "degree": 1, "node_type": "endpoint", "node_kind": null}, "geometry": {"type": "Point", "coordinates": [331662.3125, 4680467.5]}}, {"type": "Feature", "properties": {"node_id": 4817, "degree": 1, "node_type": "endpoint", "node_kind": null}, "geometry": {"type": "Point", "coordinates": [331697.40625, 4680456.5]}}, {"type": "Feature", "properties": {"node_id": 4818, "degree": 1, "node_type": "endpoint", "node_kind": null}, "geometry": {"type": "Point", "coordinates": [331970.25, 4679826.5]}}, {"type": "Feature", "properties": {"node_id": 4819, "degree": 1, "node_type": "endpoint", "node_kind": null}, "geometry": {"type": "Point", "coordinates": [332043.59375, 4679800.0]}}, {"type": "Feature", "properties": {"node_id": 4820, "degree": 1, "node_type": "endpoint", "node_kind": null}, "geometry": {"type": "Point", "coordinates": [331870.8125, 4679588.0]}}, {"type": "Feature", "properties": {"node_id": 4821, "degree": 1, "node_type": "endpoint", "node_kind": null}, "geometry": {"type": "Point", "coordinates": [331909.8125, 4679611.5]}}, {"type": "Feature", "properties": {"node_id": 4822, "degree": 1, "node_type": "endpoint", "node_kind": null}, "geometry": {"type": "Point", "coordinates": [331892.84375, 4695137.0]}}, {"type": "Feature", "properties": {"node_id": 4823, "degree": 1, "node_type": "endpoint", "node_kind": null}, "geometry": {"type": "Point", "coordinates": [331785.75, 4695282.0]}}, {"type": "Feature", "properties": {"node_id": 4824, "degree": 1, "node_type": "endpoint", "node_kind": null}, "geometry": {"type": "Point", "coordinates": [331789.1875, 4695576.0]}}, {"type": "Feature", "properties": {"node_id": 4825, "degree": 1, "node_type": "endpoint", "node_kind": null}, "geometry": {"type": "Point", "coordinates": [331843.8125, 4695502.0]}}, {"type": "Feature", "properties": {"node_id": 4826, "degree": 1, "node_type": "endpoint", "node_kind": null}, "geometry": {"type": "Point", "coordinates": [331497.90625, 4696819.0]}}, {"type": "Feature", "properties": {"node_id": 4827, "degree": 1, "node_type": "endpoint", "node_kind": null}, "geometry": {"type": "Point", "coordinates": [331461.15625, 4696720.0]}}, {"type": "Feature", "properties": {"node_id": 4828, "degree": 1, "node_type": "endpoint", "node_kind": null}, "geometry": {"type": "Point", "coordinates": [331482.3125, 4691016.5]}}, {"type": "Feature", "properties": {"node_id": 4829, "degree": 1, "node_type": "endpoint", "node_kind": null}, "geometry": {"type": "Point", "coordinates": [331437.15625, 4691046.0]}}, {"type": "Feature", "properties": {"node_id": 4830, "degree": 1, "node_type": "endpoint", "node_kind": null}, "geometry": {"type": "Point", "coordinates": [331434.0, 4691033.5]}}, {"type": "Feature", "properties": {"node_id": 4831, "degree": 1, "node_type": "endpoint", "node_kind": null}, "geometry": {"type": "Point", "coordinates": [331480.65625, 4691003.0]}}, {"type": "Feature", "properties": {"node_id": 4832, "degree": 1, "node_type": "endpoint", "node_kind": null}, "geometry": {"type": "Point", "coordinates": [331464.3125, 4691016.0]}}, {"type": "Feature", "properties": {"node_id": 4833, "degree": 1, "node_type": "endpoint", "node_kind": null}, "geometry": {"type": "Point", "coordinates": [331482.59375, 4691004.0]}}, {"type": "Feature", "properties": {"node_id": 4834, "degree": 1, "node_type": "endpoint", "node_kind": null}, "geometry": {"type": "Point", "coordinates": [331657.8125, 4690899.5]}}, {"type": "Feature", "properties": {"node_id": 4835, "degree": 1, "node_type": "endpoint", "node_kind": null}, "geometry": {"type": "Point", "coordinates": [331685.84375, 4690881.5]}}, {"type": "Feature", "properties": {"node_id": 4836, "degree": 2, "node_type": "endpoint", "node_kind": null}, "geometry": {"type": "Point", "coordinates": [331531.65625, 4690419.5]}}, {"type": "Feature", "properties": {"node_id": 4837, "degree": 1, "node_type": "endpoint", "node_kind": null}, "geometry": {"type": "Point", "coordinates": [331569.59375, 4690390.5]}}, {"type": "Feature", "properties": {"node_id": 4838, "degree": 1, "node_type": "endpoint", "node_kind": null}, "geometry": {"type": "Point", "coordinates": [331697.5625, 4690848.0]}}, {"type": "Feature", "properties": {"node_id": 4839, "degree": 1, "node_type": "endpoint", "node_kind": null}, "geometry": {"type": "Point", "coordinates": [331668.75, 4690794.0]}}, {"type": "Feature", "properties": {"node_id": 4840, "degree": 1, "node_type": "endpoint", "node_kind": null}, "geometry": {"type": "Point", "coordinates": [331458.4375, 4690918.5]}}, {"type": "Feature", "properties": {"node_id": 4841, "degree": 1, "node_type": "endpoint", "node_kind": null}, "geometry": {"type": "Point", "coordinates": [331594.34375, 4690829.5]}}, {"type": "Feature", "properties": {"node_id": 4842, "degree": 1, "node_type": "endpoint", "node_kind": null}, "geometry": {"type": "Point", "coordinates": [331693.5, 4690874.0]}}, {"type": "Feature", "properties": {"node_id": 4843, "degree": 1, "node_type": "endpoint", "node_kind": null}, "geometry": {"type": "Point", "coordinates": [331653.4375, 4690900.0]}}, {"type": "Feature", "properties": {"node_id": 4844, "degree": 1, "node_type": "endpoint", "node_kind": null}, "geometry": {"type": "Point", "coordinates": [331688.40625, 4690870.0]}}, {"type": "Feature", "properties": {"node_id": 4845, "degree": 1, "node_type": "endpoint", "node_kind": null}, "geometry": {"type": "Point", "coordinates": [331652.5625, 4690894.0]}}, {"type": "Feature", "properties": {"node_id": 4846, "degree": 1, "node_type": "endpoint", "node_kind": null}, "geometry": {"type": "Point", "coordinates": [331607.5625, 4690823.5]}}, {"type": "Feature", "properties": {"node_id": 4847, "degree": 1, "node_type": "endpoint", "node_kind": null}, "geometry": {"type": "Point", "coordinates": [331557.0, 4690857.0]}}, {"type": "Feature", "properties": {"node_id": 4848, "degree": 1, "node_type": "endpoint", "node_kind": null}, "geometry": {"type": "Point", "coordinates": [331582.0625, 4690813.5]}}, {"type": "Feature", "properties": {"node_id": 4849, "degree": 1, "node_type": "endpoint", "node_kind": null}, "geometry": {"type": "Point", "coordinates": [331554.0, 4690831.5]}}, {"type": "Feature", "properties": {"node_id": 4850, "degree": 1, "node_type": "endpoint", "node_kind": null}, "geometry": {"type": "Point", "coordinates": [331502.6875, 4690865.0]}}, {"type": "Feature", "properties": {"node_id": 4851, "degree": 1, "node_type": "endpoint", "node_kind": null}, "geometry": {"type": "Point", "coordinates": [331449.4375, 4690900.0]}}, {"type": "Feature", "properties": {"node_id": 4852, "degree": 1, "node_type": "endpoint", "node_kind": null}, "geometry": {"type": "Point", "coordinates": [331613.6875, 4690709.5]}}, {"type": "Feature", "properties": {"node_id": 4853, "degree": 1, "node_type": "endpoint", "node_kind": null}, "geometry": {"type": "Point", "coordinates": [331628.25, 4690734.5]}}, {"type": "Feature", "properties": {"node_id": 4854, "degree": 1, "node_type": "endpoint", "node_kind": null}, "geometry": {"type": "Point", "coordinates": [331335.3125, 4690553.0]}}, {"type": "Feature", "properties": {"node_id": 4855, "degree": 2, "node_type": "endpoint", "node_kind": null}, "geometry": {"type": "Point", "coordinates": [331495.9375, 4690448.5]}}, {"type": "Feature", "properties": {"node_id": 4856, "degree": 1, "node_type": "endpoint", "node_kind": null}, "geometry": {"type": "Point", "coordinates": [331936.8125, 4690588.5]}}, {"type": "Feature", "properties": {"node_id": 4857, "degree": 1, "node_type": "endpoint", "node_kind": null}, "geometry": {"type": "Point", "coordinates": [331976.09375, 4690565.5]}}, {"type": "Feature", "properties": {"node_id": 4858, "degree": 1, "node_type": "endpoint", "node_kind": null}, "geometry": {"type": "Point", "coordinates": [331995.90625, 4690567.5]}}, {"type": "Feature", "properties": {"node_id": 4859, "degree": 1, "node_type": "endpoint", "node_kind": null}, "geometry": {"type": "Point", "coordinates": [331938.0, 4690602.0]}}, {"type": "Feature", "properties": {"node_id": 4860, "degree": 1, "node_type": "endpoint", "node_kind": null}, "geometry": {"type": "Point", "coordinates": [331647.4375, 4690890.5]}}, {"type": "Feature", "properties": {"node_id": 4861, "degree": 1, "node_type": "endpoint", "node_kind": null}, "geometry": {"type": "Point", "coordinates": [331665.90625, 4690878.0]}}, {"type": "Feature", "properties": {"node_id": 4862, "degree": 1, "node_type": "endpoint", "node_kind": null}, "geometry": {"type": "Point", "coordinates": [331576.65625, 4689995.0]}}, {"type": "Feature", "properties": {"node_id": 4863, "degree": 1, "node_type": "endpoint", "node_kind": null}, "geometry": {"type": "Point", "coordinates": [331554.15625, 4689970.0]}}, {"type": "Feature", "properties": {"node_id": 4864, "degree": 1, "node_type": "endpoint", "node_kind": null}, "geometry": {"type": "Point", "coordinates": [331726.8125, 4690187.0]}}, {"type": "Feature", "properties": {"node_id": 4865, "degree": 1, "node_type": "endpoint", "node_kind": null}, "geometry": {"type": "Point", "coordinates": [331761.75, 4690228.0]}}, {"type": "Feature", "properties": {"node_id": 4866, "degree": 1, "node_type": "endpoint", "node_kind": null}, "geometry": {"type": "Point", "coordinates": [331710.3125, 4690140.5]}}, {"type": "Feature", "properties": {"node_id": 4867, "degree": 1, "node_type": "endpoint", "node_kind": null}, "geometry": {"type": "Point", "coordinates": [331651.5, 4690077.0]}}, {"type": "Feature", "properties": {"node_id": 4868, "degree": 1, "node_type": "endpoint", "node_kind": null}, "geometry": {"type": "Point", "coordinates": [331924.0625, 4690137.5]}}, {"type": "Feature", "properties": {"node_id": 4869, "degree": 1, "node_type": "endpoint", "node_kind": null}, "geometry": {"type": "Point", "coordinates": [331907.5625, 4690152.5]}}, {"type": "Feature", "properties": {"node_id": 4870, "degree": 1, "node_type": "endpoint", "node_kind": null}, "geometry": {"type": "Point", "coordinates": [331882.1875, 4690355.0]}}, {"type": "Feature", "properties": {"node_id": 4871, "degree": 1, "node_type": "endpoint", "node_kind": null}, "geometry": {"type": "Point", "coordinates": [331860.75, 4690332.0]}}, {"type": "Feature", "properties": {"node_id": 4872, "degree": 2, "node_type": "endpoint", "node_kind": null}, "geometry": {"type": "Point", "coordinates": [331853.40625, 4690297.5]}}, {"type": "Feature", "properties": {"node_id": 4873, "degree": 1, "node_type": "endpoint", "node_kind": null}, "geometry": {"type": "Point", "coordinates": [331810.9375, 4690250.0]}}, {"type": "Feature", "properties": {"node_id": 4874, "degree": 1, "node_type": "endpoint", "node_kind": null}, "geometry": {"type": "Point", "coordinates": [331904.6875, 4690126.5]}}, {"type": "Feature", "properties": {"node_id": 4875, "degree": 1, "node_type": "endpoint", "node_kind": null}, "geometry": {"type": "Point", "coordinates": [331803.0, 4690219.0]}}, {"type": "Feature", "properties": {"node_id": 4876, "degree": 1, "node_type": "endpoint", "node_kind": null}, "geometry": {"type": "Point", "coordinates": [331673.40625, 4690316.0]}}, {"type": "Feature", "properties": {"node_id": 4877, "degree": 1, "node_type": "endpoint", "node_kind": null}, "geometry": {"type": "Point", "coordinates": [331760.5625, 4690250.0]}}, {"type": "Feature", "properties": {"node_id": 4878, "degree": 2, "node_type": "endpoint", "node_kind": null}, "geometry": {"type": "Point", "coordinates": [331728.3125, 4690186.0]}}, {"type": "Feature", "properties": {"node_id": 4879, "degree": 1, "node_type": "endpoint", "node_kind": null}, "geometry": {"type": "Point", "coordinates": [331763.5625, 4690227.5]}}, {"type": "Feature", "properties": {"node_id": 4880, "degree": 1, "node_type": "endpoint", "node_kind": null}, "geometry": {"type": "Point", "coordinates": [331833.4375, 4690271.5]}}, {"type": "Feature", "properties": {"node_id": 4881, "degree": 1, "node_type": "endpoint", "node_kind": null}, "geometry": {"type": "Point", "coordinates": [331813.0625, 4690248.5]}}, {"type": "Feature", "properties": {"node_id": 4882, "degree": 2, "node_type": "endpoint", "node_kind": null}, "geometry": {"type": "Point", "coordinates": [331878.90625, 4690324.0]}}, {"type": "Feature", "properties": {"node_id": 4883, "degree": 1, "node_type": "endpoint", "node_kind": null}, "geometry": {"type": "Point", "coordinates": [331909.65625, 4690358.0]}}, {"type": "Feature", "properties": {"node_id": 4884, "degree": 1, "node_type": "endpoint", "node_kind": null}, "geometry": {"type": "Point", "coordinates": [331638.59375, 4688459.0]}}, {"type": "Feature", "properties": {"node_id": 4885, "degree": 1, "node_type": "endpoint", "node_kind": null}, "geometry": {"type": "Point", "coordinates": [331693.1875, 4688459.5]}}, {"type": "Feature", "properties": {"node_id": 4886, "degree": 1, "node_type": "endpoint", "node_kind": null}, "geometry": {"type": "Point", "coordinates": [331930.0625, 4688449.0]}}, {"type": "Feature", "properties": {"node_id": 4887, "degree": 1, "node_type": "endpoint", "node_kind": null}, "geometry": {"type": "Point", "coordinates": [331824.0, 4688464.5]}}, {"type": "Feature", "properties": {"node_id": 4888, "degree": 1, "node_type": "endpoint", "node_kind": null}, "geometry": {"type": "Point", "coordinates": [331768.8125, 4688468.5]}}, {"type": "Feature", "properties": {"node_id": 4889, "degree": 1, "node_type": "endpoint", "node_kind": null}, "geometry": {"type": "Point", "coordinates": [331897.1875, 4688456.5]}}, {"type": "Feature", "properties": {"node_id": 4890, "degree": 1, "node_type": "endpoint", "node_kind": null}, "geometry": {"type": "Point", "coordinates": [331639.65625, 4688467.0]}}, {"type": "Feature", "properties": {"node_id": 4891, "degree": 1, "node_type": "endpoint", "node_kind": null}, "geometry": {"type": "Point", "coordinates": [331929.75, 4688450.5]}}, {"type": "Feature", "properties": {"node_id": 4892, "degree": 1, "node_type": "endpoint", "node_kind": null}, "geometry": {"type": "Point", "coordinates": [331839.0, 4688454.0]}}, {"type": "Feature", "properties": {"node_id": 4893, "degree": 1, "node_type": "endpoint", "node_kind": null}, "geometry": {"type": "Point", "coordinates": [331926.90625, 4688441.5]}}, {"type": "Feature", "properties": {"node_id": 4894, "degree": 1, "node_type": "endpoint", "node_kind": null}, "geometry": {"type": "Point", "coordinates": [331698.0, 4688458.0]}}, {"type": "Feature", "properties": {"node_id": 4895, "degree": 1, "node_type": "endpoint", "node_kind": null}, "geometry": {"type": "Point", "coordinates": [331664.25, 4688458.0]}}, {"type": "Feature", "properties": {"node_id": 4896, "degree": 1, "node_type": "endpoint", "node_kind": null}, "geometry": {"type": "Point", "coordinates": [331638.90625, 4687112.5]}}, {"type": "Feature", "properties": {"node_id": 4897, "degree": 1, "node_type": "endpoint", "node_kind": null}, "geometry": {"type": "Point", "coordinates": [331596.59375, 4687133.5]}}, {"type": "Feature", "properties": {"node_id": 4898, "degree": 1, "node_type": "endpoint", "node_kind": null}, "geometry": {"type": "Point", "coordinates": [331879.9375, 4686911.0]}}, {"type": "Feature", "properties": {"node_id": 4899, "degree": 1, "node_type": "endpoint", "node_kind": null}, "geometry": {"type": "Point", "coordinates": [331856.6875, 4686850.5]}}, {"type": "Feature", "properties": {"node_id": 4900, "degree": 1, "node_type": "endpoint", "node_kind": null}, "geometry": {"type": "Point", "coordinates": [331639.1875, 4687114.0]}}, {"type": "Feature", "properties": {"node_id": 4901, "degree": 1, "node_type": "endpoint", "node_kind": null}, "geometry": {"type": "Point", "coordinates": [331569.59375, 4687148.5]}}, {"type": "Feature", "properties": {"node_id": 4902, "degree": 1, "node_type": "endpoint", "node_kind": null}, "geometry": {"type": "Point", "coordinates": [331821.75, 4687033.5]}}, {"type": "Feature", "properties": {"node_id": 4903, "degree": 2, "node_type": "endpoint", "node_kind": null}, "geometry": {"type": "Point", "coordinates": [331403.84375, 4687245.5]}}, {"type": "Feature", "properties": {"node_id": 4904, "degree": 1, "node_type": "endpoint", "node_kind": null}, "geometry": {"type": "Point", "coordinates": [331816.8125, 4687025.0]}}, {"type": "Feature", "properties": {"node_id": 4905, "degree": 1, "node_type": "endpoint", "node_kind": null}, "geometry": {"type": "Point", "coordinates": [331703.84375, 4687082.0]}}, {"type": "Feature", "properties": {"node_id": 4906, "degree": 1, "node_type": "endpoint", "node_kind": null}, "geometry": {"type": "Point", "coordinates": [331915.65625, 4686959.5]}}, {"type": "Feature", "properties": {"node_id": 4907, "degree": 1, "node_type": "endpoint", "node_kind": null}, "geometry": {"type": "Point", "coordinates": [331875.4375, 4686880.5]}}, {"type": "Feature", "properties": {"node_id": 4908, "degree": 1, "node_type": "endpoint", "node_kind": null}, "geometry": {"type": "Point", "coordinates": [331777.0625, 4687055.5]}}, {"type": "Feature", "properties": {"node_id": 4909, "degree": 1, "node_type": "endpoint", "node_kind": null}, "geometry": {"type": "Point", "coordinates": [331856.5625, 4687016.5]}}, {"type": "Feature", "properties": {"node_id": 4910, "degree": 1, "node_type": "endpoint", "node_kind": null}, "geometry": {"type": "Point", "coordinates": [331900.8125, 4686434.0]}}, {"type": "Feature", "properties": {"node_id": 4911, "degree": 1, "node_type": "endpoint", "node_kind": null}, "geometry": {"type": "Point", "coordinates": [331704.4375, 4686621.0]}}, {"type": "Feature", "properties": {"node_id": 4912, "degree": 1, "node_type": "endpoint", "node_kind": null}, "geometry": {"type": "Point", "coordinates": [331632.0, 4686695.0]}}, {"type": "Feature", "properties": {"node_id": 4913, "degree": 1, "node_type": "endpoint", "node_kind": null}, "geometry": {"type": "Point", "coordinates": [331584.3125, 4686717.0]}}, {"type": "Feature", "properties": {"node_id": 4914, "degree": 1, "node_type": "endpoint", "node_kind": null}, "geometry": {"type": "Point", "coordinates": [331789.9375, 4686763.5]}}, {"type": "Feature", "properties": {"node_id": 4915, "degree": 1, "node_type": "endpoint", "node_kind": null}, "geometry": {"type": "Point", "coordinates": [331809.15625, 4686784.5]}}, {"type": "Feature", "properties": {"node_id": 4916, "degree": 1, "node_type": "endpoint", "node_kind": null}, "geometry": {"type": "Point", "coordinates": [331796.40625, 4686525.0]}}, {"type": "Feature", "properties": {"node_id": 4917, "degree": 1, "node_type": "endpoint", "node_kind": null}, "geometry": {"type": "Point", "coordinates": [331768.34375, 4686549.5]}}, {"type": "Feature", "properties": {"node_id": 4918, "degree": 1, "node_type": "endpoint", "node_kind": null}, "geometry": {"type": "Point", "coordinates": [331855.9375, 4686855.0]}}, {"type": "Feature", "properties": {"node_id": 4919, "degree": 1, "node_type": "endpoint", "node_kind": null}, "geometry": {"type": "Point", "coordinates": [331863.0, 4686878.5]}}, {"type": "Feature", "properties": {"node_id": 4920, "degree": 1, "node_type": "endpoint", "node_kind": null}, "geometry": {"type": "Point", "coordinates": [331807.65625, 4686503.0]}}, {"type": "Feature", "properties": {"node_id": 4921, "degree": 1, "node_type": "endpoint", "node_kind": null}, "geometry": {"type": "Point", "coordinates": [331707.75, 4686603.5]}}, {"type": "Feature", "properties": {"node_id": 4922, "degree": 1, "node_type": "endpoint", "node_kind": null}, "geometry": {"type": "Point", "coordinates": [331976.6875, 4686361.0]}}, {"type": "Feature", "properties": {"node_id": 4923, "degree": 1, "node_type": "endpoint", "node_kind": null}, "geometry": {"type": "Point", "coordinates": [331705.1875, 4686612.0]}}, {"type": "Feature", "properties": {"node_id": 4924, "degree": 1, "node_type": "endpoint", "node_kind": null}, "geometry": {"type": "Point", "coordinates": [331357.5, 4686657.5]}}, {"type": "Feature", "properties": {"node_id": 4925, "degree": 1, "node_type": "endpoint", "node_kind": null}, "geometry": {"type": "Point", "coordinates": [331517.84375, 4686728.5]}}, {"type": "Feature", "properties": {"node_id": 4926, "degree": 1, "node_type": "endpoint", "node_kind": null}, "geometry": {"type": "Point", "coordinates": [331821.4375, 4686776.5]}}, {"type": "Feature", "properties": {"node_id": 4927, "degree": 1, "node_type": "endpoint", "node_kind": null}, "geometry": {"type": "Point", "coordinates": [331806.4375, 4686760.0]}}, {"type": "Feature", "properties": {"node_id": 4928, "degree": 1, "node_type": "endpoint", "node_kind": null}, "geometry": {"type": "Point", "coordinates": [331396.8125, 4696694.5]}}, {"type": "Feature", "properties": {"node_id": 4929, "degree": 1, "node_type": "endpoint", "node_kind": null}, "geometry": {"type": "Point", "coordinates": [331423.9375, 4696685.5]}}, {"type": "Feature", "properties": {"node_id": 4930, "degree": 2, "node_type": "endpoint", "node_kind": null}, "geometry": {"type": "Point", "coordinates": [332138.6875, 4686312.0]}}, {"type": "Feature", "properties": {"node_id": 4931, "degree": 1, "node_type": "endpoint", "node_kind": null}, "geometry": {"type": "Point", "coordinates": [331839.15625, 4686480.0]}}, {"type": "Feature", "properties": {"node_id": 4932, "degree": 1, "node_type": "endpoint", "node_kind": null}, "geometry": {"type": "Point", "coordinates": [331446.75, 4683278.0]}}, {"type": "Feature", "properties": {"node_id": 4933, "degree": 1, "node_type": "endpoint", "node_kind": null}, "geometry": {"type": "Point", "coordinates": [331496.09375, 4683367.0]}}, {"type": "Feature", "properties": {"node_id": 4934, "degree": 1, "node_type": "endpoint", "node_kind": null}, "geometry": {"type": "Point", "coordinates": [332530.8125, 4680818.0]}}, {"type": "Feature", "properties": {"node_id": 4935, "degree": 1, "node_type": "endpoint", "node_kind": null}, "geometry": {"type": "Point", "coordinates": [332504.84375, 4680853.0]}}, {"type": "Feature", "properties": {"node_id": 4936, "degree": 1, "node_type": "endpoint", "node_kind": null}, "geometry": {"type": "Point", "coordinates": [332111.09375, 4695822.5]}}, {"type": "Feature", "properties": {"node_id": 4937, "degree": 1, "node_type": "endpoint", "node_kind": null}, "geometry": {"type": "Point", "coordinates": [332127.4375, 4695743.0]}}, {"type": "Feature", "properties": {"node_id": 4938, "degree": 1, "node_type": "endpoint", "node_kind": null}, "geometry": {"type": "Point", "coordinates": [332071.0625, 4695997.0]}}, {"type": "Feature", "properties": {"node_id": 4939, "degree": 1, "node_type": "endpoint", "node_kind": null}, "geometry": {"type": "Point", "coordinates": [332053.9375, 4696080.5]}}, {"type": "Feature", "properties": {"node_id": 4940, "degree": 1, "node_type": "endpoint", "node_kind": null}, "geometry": {"type": "Point", "coordinates": [332335.65625, 4695566.5]}}, {"type": "Feature", "properties": {"node_id": 4941, "degree": 1, "node_type": "endpoint", "node_kind": null}, "geometry": {"type": "Point", "coordinates": [332365.5, 4695588.5]}}, {"type": "Feature", "properties": {"node_id": 4942, "degree": 1, "node_type": "endpoint", "node_kind": null}, "geometry": {"type": "Point", "coordinates": [332050.5, 4696080.0]}}, {"type": "Feature", "properties": {"node_id": 4943, "degree": 1, "node_type": "endpoint", "node_kind": null}, "geometry": {"type": "Point", "coordinates": [332063.84375, 4696014.0]}}, {"type": "Feature", "properties": {"node_id": 4944, "degree": 1, "node_type": "endpoint", "node_kind": null}, "geometry": {"type": "Point", "coordinates": [332168.5625, 4696176.5]}}, {"type": "Feature", "properties": {"node_id": 4945, "degree": 1, "node_type": "endpoint", "node_kind": null}, "geometry": {"type": "Point", "coordinates": [332195.09375, 4696196.0]}}, {"type": "Feature", "properties": {"node_id": 4946, "degree": 1, "node_type": "endpoint", "node_kind": null}, "geometry": {"type": "Point", "coordinates": [332060.40625, 4696081.0]}}, {"type": "Feature", "properties": {"node_id": 4947, "degree": 1, "node_type": "endpoint", "node_kind": null}, "geometry": {"type": "Point", "coordinates": [332065.65625, 4696055.5]}}, {"type": "Feature", "properties": {"node_id": 4948, "degree": 1, "node_type": "endpoint", "node_kind": null}, "geometry": {"type": "Point", "coordinates": [332178.75, 4696202.0]}}, {"type": "Feature", "properties": {"node_id": 4949, "degree": 1, "node_type": "endpoint", "node_kind": null}, "geometry": {"type": "Point", "coordinates": [332211.75, 4696225.5]}}, {"type": "Feature", "properties": {"node_id": 4950, "degree": 1, "node_type": "endpoint", "node_kind": null}, "geometry": {"type": "Point", "coordinates": [332340.75, 4680191.5]}}, {"type": "Feature", "properties": {"node_id": 4951, "degree": 1, "node_type": "endpoint", "node_kind": null}, "geometry": {"type": "Point", "coordinates": [332437.5, 4680149.0]}}, {"type": "Feature", "properties": {"node_id": 4952, "degree": 1, "node_type": "endpoint", "node_kind": null}, "geometry": {"type": "Point", "coordinates": [332378.25, 4680187.5]}}, {"type": "Feature", "properties": {"node_id": 4953, "degree": 1, "node_type": "endpoint", "node_kind": null}, "geometry": {"type": "Point", "coordinates": [332500.1875, 4680127.0]}}, {"type": "Feature", "properties": {"node_id": 4954, "degree": 1, "node_type": "endpoint", "node_kind": null}, "geometry": {"type": "Point", "coordinates": [332354.6875, 4680185.0]}}, {"type": "Feature", "properties": {"node_id": 4955, "degree": 1, "node_type": "endpoint", "node_kind": null}, "geometry": {"type": "Point", "coordinates": [332436.59375, 4680147.0]}}, {"type": "Feature", "properties": {"node_id": 4956, "degree": 1, "node_type": "endpoint", "node_kind": null}, "geometry": {"type": "Point", "coordinates": [332127.4375, 4679727.5]}}, {"type": "Feature", "properties": {"node_id": 4957, "degree": 1, "node_type": "endpoint", "node_kind": null}, "geometry": {"type": "Point", "coordinates": [332150.84375, 4679708.5]}}, {"type": "Feature", "properties": {"node_id": 4958, "degree": 1, "node_type": "endpoint", "node_kind": null}, "geometry": {"type": "Point", "coordinates": [332204.5625, 4679679.0]}}, {"type": "Feature", "properties": {"node_id": 4959, "degree": 1, "node_type": "endpoint", "node_kind": null}, "geometry": {"type": "Point", "coordinates": [332104.34375, 4679760.5]}}, {"type": "Feature", "properties": {"node_id": 4960, "degree": 1, "node_type": "endpoint", "node_kind": null}, "geometry": {"type": "Point", "coordinates": [331969.1875, 4679818.5]}}, {"type": "Feature", "properties": {"node_id": 4961, "degree": 1, "node_type": "endpoint", "node_kind": null}, "geometry": {"type": "Point", "coordinates": [332037.90625, 4679793.5]}}, {"type": "Feature", "properties": {"node_id": 4962, "degree": 1, "node_type": "endpoint", "node_kind": null}, "geometry": {"type": "Point", "coordinates": [332153.40625, 4679710.5]}}, {"type": "Feature", "properties": {"node_id": 4963, "degree": 1, "node_type": "endpoint", "node_kind": null}, "geometry": {"type": "Point", "coordinates": [332200.5, 4679672.0]}}, {"type": "Feature", "properties": {"node_id": 4964, "degree": 1, "node_type": "endpoint", "node_kind": null}, "geometry": {"type": "Point", "coordinates": [332324.6875, 4679610.5]}}, {"type": "Feature", "properties": {"node_id": 4965, "degree": 1, "node_type": "endpoint", "node_kind": null}, "geometry": {"type": "Point", "coordinates": [332388.0, 4679598.5]}}, {"type": "Feature", "properties": {"node_id": 4966, "degree": 1, "node_type": "endpoint", "node_kind": null}, "geometry": {"type": "Point", "coordinates": [332352.3125, 4679602.5]}}, {"type": "Feature", "properties": {"node_id": 4967, "degree": 1, "node_type": "endpoint", "node_kind": null}, "geometry": {"type": "Point", "coordinates": [332324.5625, 4679609.0]}}, {"type": "Feature", "properties": {"node_id": 4968, "degree": 1, "node_type": "endpoint", "node_kind": null}, "geometry": {"type": "Point", "coordinates": [332352.15625, 4679600.5]}}, {"type": "Feature", "properties": {"node_id": 4969, "degree": 1, "node_type": "endpoint", "node_kind": null}, "geometry": {"type": "Point", "coordinates": [332304.90625, 4679613.0]}}, {"type": "Feature", "properties": {"node_id": 4970, "degree": 1, "node_type": "endpoint", "node_kind": null}, "geometry": {"type": "Point", "coordinates": [332120.6875, 4679749.0]}}, {"type": "Feature", "properties": {"node_id": 4971, "degree": 1, "node_type": "endpoint", "node_kind": null}, "geometry": {"type": "Point", "coordinates": [332202.4375, 4679682.5]}}, {"type": "Feature", "properties": {"node_id": 4972, "degree": 1, "node_type": "endpoint", "node_kind": null}, "geometry": {"type": "Point", "coordinates": [332449.65625, 4679600.0]}}, {"type": "Feature", "properties": {"node_id": 4973, "degree": 1, "node_type": "endpoint", "node_kind": null}, "geometry": {"type": "Point", "coordinates": [332376.15625, 4679609.0]}}, {"type": "Feature", "properties": {"node_id": 4974, "degree": 1, "node_type": "endpoint", "node_kind": null}, "geometry": {"type": "Point", "coordinates": [332315.40625, 4679123.0]}}, {"type": "Feature", "properties": {"node_id": 4975, "degree": 1, "node_type": "endpoint", "node_kind": null}, "geometry": {"type": "Point", "coordinates": [332370.0, 4679037.0]}}, {"type": "Feature", "properties": {"node_id": 4976, "degree": 1, "node_type": "endpoint", "node_kind": null}, "geometry": {"type": "Point", "coordinates": [332296.8125, 4679171.0]}}, {"type": "Feature", "properties": {"node_id": 4977, "degree": 1, "node_type": "endpoint", "node_kind": null}, "geometry": {"type": "Point", "coordinates": [332312.5625, 4679144.5]}}, {"type": "Feature", "properties": {"node_id": 4978, "degree": 1, "node_type": "endpoint", "node_kind": null}, "geometry": {"type": "Point", "coordinates": [332149.0625, 4679404.0]}}, {"type": "Feature", "properties": {"node_id": 4979, "degree": 1, "node_type": "endpoint", "node_kind": null}, "geometry": {"type": "Point", "coordinates": [332176.9375, 4679361.0]}}, {"type": "Feature", "properties": {"node_id": 4980, "degree": 1, "node_type": "endpoint", "node_kind": null}, "geometry": {"type": "Point", "coordinates": [332242.34375, 4679266.5]}}, {"type": "Feature", "properties": {"node_id": 4981, "degree": 1, "node_type": "endpoint", "node_kind": null}, "geometry": {"type": "Point", "coordinates": [332230.0625, 4679288.0]}}, {"type": "Feature", "properties": {"node_id": 4982, "degree": 1, "node_type": "endpoint", "node_kind": null}, "geometry": {"type": "Point", "coordinates": [332157.0, 4695537.5]}}, {"type": "Feature", "properties": {"node_id": 4983, "degree": 1, "node_type": "endpoint", "node_kind": null}, "geometry": {"type": "Point", "coordinates": [332167.5, 4695473.5]}}, {"type": "Feature", "properties": {"node_id": 4984, "degree": 1, "node_type": "endpoint", "node_kind": null}, "geometry": {"type": "Point", "coordinates": [332262.75, 4695503.5]}}, {"type": "Feature", "properties": {"node_id": 4985, "degree": 1, "node_type": "endpoint", "node_kind": null}, "geometry": {"type": "Point", "coordinates": [332300.6875, 4695451.5]}}, {"type": "Feature", "properties": {"node_id": 4986, "degree": 1, "node_type": "endpoint", "node_kind": null}, "geometry": {"type": "Point", "coordinates": [332266.5, 4695516.5]}}, {"type": "Feature", "properties": {"node_id": 4987, "degree": 1, "node_type": "endpoint", "node_kind": null}, "geometry": {"type": "Point", "coordinates": [332286.3125, 4695531.0]}}, {"type": "Feature", "properties": {"node_id": 4988, "degree": 1, "node_type": "endpoint", "node_kind": null}, "geometry": {"type": "Point", "coordinates": [332079.59375, 4694907.5]}}, {"type": "Feature", "properties": {"node_id": 4989, "degree": 1, "node_type": "endpoint", "node_kind": null}, "geometry": {"type": "Point", "coordinates": [332026.0625, 4694956.0]}}, {"type": "Feature", "properties": {"node_id": 4990, "degree": 1, "node_type": "endpoint", "node_kind": null}, "geometry": {"type": "Point", "coordinates": [331933.9375, 4694932.5]}}, {"type": "Feature", "properties": {"node_id": 4991, "degree": 1, "node_type": "endpoint", "node_kind": null}, "geometry": {"type": "Point", "coordinates": [331987.9375, 4694965.0]}}, {"type": "Feature", "properties": {"node_id": 4992, "degree": 1, "node_type": "endpoint", "node_kind": null}, "geometry": {"type": "Point", "coordinates": [332275.5, 4694852.5]}}, {"type": "Feature", "properties": {"node_id": 4993, "degree": 1, "node_type": "endpoint", "node_kind": null}, "geometry": {"type": "Point", "coordinates": [332246.6875, 4694856.0]}}, {"type": "Feature", "properties": {"node_id": 4994, "degree": 1, "node_type": "endpoint", "node_kind": null}, "geometry": {"type": "Point", "coordinates": [332116.9375, 4694259.0]}}, {"type": "Feature", "properties": {"node_id": 4995, "degree": 1, "node_type": "endpoint", "node_kind": null}, "geometry": {"type": "Point", "coordinates": [332116.34375, 4694054.0]}}, {"type": "Feature", "properties": {"node_id": 4996, "degree": 1, "node_type": "endpoint", "node_kind": null}, "geometry": {"type": "Point", "coordinates": [332119.9375, 4694146.0]}}, {"type": "Feature", "properties": {"node_id": 4997, "degree": 1, "node_type": "endpoint", "node_kind": null}, "geometry": {"type": "Point", "coordinates": [332120.09375, 4694192.5]}}, {"type": "Feature", "properties": {"node_id": 4998, "degree": 1, "node_type": "endpoint", "node_kind": null}, "geometry": {"type": "Point", "coordinates": [332116.8125, 4693869.0]}}, {"type": "Feature", "properties": {"node_id": 4999, "degree": 1, "node_type": "endpoint", "node_kind": null}, "geometry": {"type": "Point", "coordinates": [332116.9375, 4693927.5]}}, {"type": "Feature", "properties": {"node_id": 5000, "degree": 1, "node_type": "endpoint", "node_kind": null}, "geometry": {"type": "Point", "coordinates": [332124.3125, 4694076.0]}}, {"type": "Feature", "properties": {"node_id": 5001, "degree": 1, "node_type": "endpoint", "node_kind": null}, "geometry": {"type": "Point", "coordinates": [332124.3125, 4694054.5]}}, {"type": "Feature", "properties": {"node_id": 5002, "degree": 1, "node_type": "endpoint", "node_kind": null}, "geometry": {"type": "Point", "coordinates": [332442.90625, 4693557.5]}}, {"type": "Feature", "properties": {"node_id": 5003, "degree": 1, "node_type": "endpoint", "node_kind": null}, "geometry": {"type": "Point", "coordinates": [332411.25, 4693542.5]}}, {"type": "Feature", "properties": {"node_id": 5004, "degree": 1, "node_type": "endpoint", "node_kind": null}, "geometry": {"type": "Point", "coordinates": [332337.15625, 4693507.5]}}, {"type": "Feature", "properties": {"node_id": 5005, "degree": 1, "node_type": "endpoint", "node_kind": null}, "geometry": {"type": "Point", "coordinates": [332356.9375, 4693516.5]}}, {"type": "Feature", "properties": {"node_id": 5006, "degree": 1, "node_type": "endpoint", "node_kind": null}, "geometry": {"type": "Point", "coordinates": [332569.0625, 4693337.0]}}, {"type": "Feature", "properties": {"node_id": 5007, "degree": 1, "node_type": "endpoint", "node_kind": null}, "geometry": {"type": "Point", "coordinates": [332463.90625, 4693218.0]}}, {"type": "Feature", "properties": {"node_id": 5008, "degree": 1, "node_type": "endpoint", "node_kind": null}, "geometry": {"type": "Point", "coordinates": [332573.5625, 4693356.5]}}, {"type": "Feature", "properties": {"node_id": 5009, "degree": 1, "node_type": "endpoint", "node_kind": null}, "geometry": {"type": "Point", "coordinates": [332456.5625, 4693227.5]}}, {"type": "Feature", "properties": {"node_id": 5010, "degree": 1, "node_type": "endpoint", "node_kind": null}, "geometry": {"type": "Point", "coordinates": [332057.25, 4693400.0]}}, {"type": "Feature", "properties": {"node_id": 5011, "degree": 1, "node_type": "endpoint", "node_kind": null}, "geometry": {"type": "Point", "coordinates": [332069.25, 4693449.5]}}, {"type": "Feature", "properties": {"node_id": 5012, "degree": 1, "node_type": "endpoint", "node_kind": null}, "geometry": {"type": "Point", "coordinates": [332116.0625, 4693590.5]}}, {"type": "Feature", "properties": {"node_id": 5013, "degree": 1, "node_type": "endpoint", "node_kind": null}, "geometry": {"type": "Point", "coordinates": [332116.5, 4693736.0]}}, {"type": "Feature", "properties": {"node_id": 5014, "degree": 1, "node_type": "endpoint", "node_kind": null}, "geometry": {"type": "Point", "coordinates": [332069.09375, 4693455.5]}}, {"type": "Feature", "properties": {"node_id": 5015, "degree": 1, "node_type": "endpoint", "node_kind": null}, "geometry": {"type": "Point", "coordinates": [332055.0, 4693397.0]}}, {"type": "Feature", "properties": {"node_id": 5016, "degree": 1, "node_type": "endpoint", "node_kind": null}, "geometry": {"type": "Point", "coordinates": [332056.34375, 4693438.0]}}, {"type": "Feature", "properties": {"node_id": 5017, "degree": 1, "node_type": "endpoint", "node_kind": null}, "geometry": {"type": "Point", "coordinates": [332047.1875, 4693400.0]}}, {"type": "Feature", "properties": {"node_id": 5018, "degree": 1, "node_type": "endpoint", "node_kind": null}, "geometry": {"type": "Point", "coordinates": [332409.15625, 4693547.0]}}, {"type": "Feature", "properties": {"node_id": 5019, "degree": 1, "node_type": "endpoint", "node_kind": null}, "geometry": {"type": "Point", "coordinates": [332431.9375, 4693558.0]}}, {"type": "Feature", "properties": {"node_id": 5020, "degree": 1, "node_type": "endpoint", "node_kind": null}, "geometry": {"type": "Point", "coordinates": [332123.5625, 4693289.5]}}, {"type": "Feature", "properties": {"node_id": 5021, "degree": 1, "node_type": "endpoint", "node_kind": null}, "geometry": {"type": "Point", "coordinates": [332123.25, 4693172.0]}}, {"type": "Feature", "properties": {"node_id": 5022, "degree": 1, "node_type": "endpoint", "node_kind": null}, "geometry": {"type": "Point", "coordinates": [332121.59375, 4692900.5]}}, {"type": "Feature", "properties": {"node_id": 5023, "degree": 1, "node_type": "endpoint", "node_kind": null}, "geometry": {"type": "Point", "coordinates": [332122.65625, 4693005.0]}}, {"type": "Feature", "properties": {"node_id": 5024, "degree": 1, "node_type": "endpoint", "node_kind": null}, "geometry": {"type": "Point", "coordinates": [332157.4375, 4692879.0]}}, {"type": "Feature", "properties": {"node_id": 5025, "degree": 1, "node_type": "endpoint", "node_kind": null}, "geometry": {"type": "Point", "coordinates": [332264.40625, 4692997.5]}}, {"type": "Feature", "properties": {"node_id": 5026, "degree": 1, "node_type": "endpoint", "node_kind": null}, "geometry": {"type": "Point", "coordinates": [332155.8125, 4692880.5]}}, {"type": "Feature", "properties": {"node_id": 5027, "degree": 1, "node_type": "endpoint", "node_kind": null}, "geometry": {"type": "Point", "coordinates": [332371.8125, 4693117.5]}}, {"type": "Feature", "properties": {"node_id": 5028, "degree": 1, "node_type": "endpoint", "node_kind": null}, "geometry": {"type": "Point", "coordinates": [332205.4375, 4692947.5]}}, {"type": "Feature", "properties": {"node_id": 5029, "degree": 1, "node_type": "endpoint", "node_kind": null}, "geometry": {"type": "Point", "coordinates": [332150.25, 4692887.0]}}, {"type": "Feature", "properties": {"node_id": 5030, "degree": 1, "node_type": "endpoint", "node_kind": null}, "geometry": {"type": "Point", "coordinates": [332119.9375, 4693223.5]}}, {"type": "Feature", "properties": {"node_id": 5031, "degree": 1, "node_type": "endpoint", "node_kind": null}, "geometry": {"type": "Point", "coordinates": [332119.8125, 4693172.0]}}, {"type": "Feature", "properties": {"node_id": 5032, "degree": 1, "node_type": "endpoint", "node_kind": null}, "geometry": {"type": "Point", "coordinates": [332114.6875, 4693220.0]}}, {"type": "Feature", "properties": {"node_id": 5033, "degree": 1, "node_type": "endpoint", "node_kind": null}, "geometry": {"type": "Point", "coordinates": [332114.5625, 4693183.5]}}, {"type": "Feature", "properties": {"node_id": 5034, "degree": 1, "node_type": "endpoint", "node_kind": null}, "geometry": {"type": "Point", "coordinates": [332120.84375, 4692978.0]}}, {"type": "Feature", "properties": {"node_id": 5035, "degree": 1, "node_type": "endpoint", "node_kind": null}, "geometry": {"type": "Point", "coordinates": [332120.6875, 4693002.5]}}, {"type": "Feature", "properties": {"node_id": 5036, "degree": 1, "node_type": "endpoint", "node_kind": null}, "geometry": {"type": "Point", "coordinates": [332078.25, 4690521.5]}}, {"type": "Feature", "properties": {"node_id": 5037, "degree": 1, "node_type": "endpoint", "node_kind": null}, "geometry": {"type": "Point", "coordinates": [332112.90625, 4690501.5]}}, {"type": "Feature", "properties": {"node_id": 5038, "degree": 1, "node_type": "endpoint", "node_kind": null}, "geometry": {"type": "Point", "coordinates": [332163.90625, 4690471.5]}}, {"type": "Feature", "properties": {"node_id": 5039, "degree": 1, "node_type": "endpoint", "node_kind": null}, "geometry": {"type": "Point", "coordinates": [332095.9375, 4690512.0]}}, {"type": "Feature", "properties": {"node_id": 5040, "degree": 1, "node_type": "endpoint", "node_kind": null}, "geometry": {"type": "Point", "coordinates": [332403.75, 4690472.0]}}, {"type": "Feature", "properties": {"node_id": 5041, "degree": 1, "node_type": "endpoint", "node_kind": null}, "geometry": {"type": "Point", "coordinates": [332526.90625, 4690400.0]}}, {"type": "Feature", "properties": {"node_id": 5042, "degree": 1, "node_type": "endpoint", "node_kind": null}, "geometry": {"type": "Point", "coordinates": [332120.40625, 4690042.5]}}, {"type": "Feature", "properties": {"node_id": 5043, "degree": 1, "node_type": "endpoint", "node_kind": null}, "geometry": {"type": "Point", "coordinates": [332094.59375, 4690036.5]}}, {"type": "Feature", "properties": {"node_id": 5044, "degree": 1, "node_type": "endpoint", "node_kind": null}, "geometry": {"type": "Point", "coordinates": [332181.3125, 4689896.5]}}, {"type": "Feature", "properties": {"node_id": 5045, "degree": 1, "node_type": "endpoint", "node_kind": null}, "geometry": {"type": "Point", "coordinates": [332118.15625, 4689958.0]}}, {"type": "Feature", "properties": {"node_id": 5046, "degree": 1, "node_type": "endpoint", "node_kind": null}, "geometry": {"type": "Point", "coordinates": [332154.75, 4689900.0]}}, {"type": "Feature", "properties": {"node_id": 5047, "degree": 1, "node_type": "endpoint", "node_kind": null}, "geometry": {"type": "Point", "coordinates": [332306.09375, 4689707.0]}}, {"type": "Feature", "properties": {"node_id": 5048, "degree": 1, "node_type": "endpoint", "node_kind": null}, "geometry": {"type": "Point", "coordinates": [332425.9375, 4690234.0]}}, {"type": "Feature", "properties": {"node_id": 5049, "degree": 1, "node_type": "endpoint", "node_kind": null}, "geometry": {"type": "Point", "coordinates": [332406.15625, 4690246.5]}}, {"type": "Feature", "properties": {"node_id": 5050, "degree": 1, "node_type": "endpoint", "node_kind": null}, "geometry": {"type": "Point", "coordinates": [332266.0625, 4690121.0]}}, {"type": "Feature", "properties": {"node_id": 5051, "degree": 1, "node_type": "endpoint", "node_kind": null}, "geometry": {"type": "Point", "coordinates": [332229.59375, 4690071.5]}}, {"type": "Feature", "properties": {"node_id": 5052, "degree": 1, "node_type": "endpoint", "node_kind": null}, "geometry": {"type": "Point", "coordinates": [332139.90625, 4689935.0]}}, {"type": "Feature", "properties": {"node_id": 5053, "degree": 1, "node_type": "endpoint", "node_kind": null}, "geometry": {"type": "Point", "coordinates": [332321.40625, 4689713.0]}}, {"type": "Feature", "properties": {"node_id": 5054, "degree": 2, "node_type": "endpoint", "node_kind": null}, "geometry": {"type": "Point", "coordinates": [332326.34375, 4689629.5]}}, {"type": "Feature", "properties": {"node_id": 5055, "degree": 1, "node_type": "endpoint", "node_kind": null}, "geometry": {"type": "Point", "coordinates": [332325.3125, 4689563.5]}}, {"type": "Feature", "properties": {"node_id": 5056, "degree": 2, "node_type": "endpoint", "node_kind": null}, "geometry": {"type": "Point", "coordinates": [332327.09375, 4689644.5]}}, {"type": "Feature", "properties": {"node_id": 5057, "degree": 1, "node_type": "endpoint", "node_kind": null}, "geometry": {"type": "Point", "coordinates": [332327.6875, 4689668.5]}}, {"type": "Feature", "properties": {"node_id": 5058, "degree": 1, "node_type": "endpoint", "node_kind": null}, "geometry": {"type": "Point", "coordinates": [332310.4375, 4689631.0]}}, {"type": "Feature", "properties": {"node_id": 5059, "degree": 1, "node_type": "endpoint", "node_kind": null}, "geometry": {"type": "Point", "coordinates": [332310.3125, 4689558.0]}}, {"type": "Feature", "properties": {"node_id": 5060, "degree": 1, "node_type": "endpoint", "node_kind": null}, "geometry": {"type": "Point", "coordinates": [332268.15625, 4686750.0]}}, {"type": "Feature", "properties": {"node_id": 5061, "degree": 1, "node_type": "endpoint", "node_kind": null}, "geometry": {"type": "Point", "coordinates": [332206.8125, 4686680.0]}}, {"type": "Feature", "properties": {"node_id": 5062, "degree": 1, "node_type": "endpoint", "node_kind": null}, "geometry": {"type": "Point", "coordinates": [332265.75, 4686735.5]}}, {"type": "Feature", "properties": {"node_id": 5063, "degree": 1, "node_type": "endpoint", "node_kind": null}, "geometry": {"type": "Point", "coordinates": [332239.1875, 4686706.0]}}, {"type": "Feature", "properties": {"node_id": 5064, "degree": 1, "node_type": "endpoint", "node_kind": null}, "geometry": {"type": "Point", "coordinates": [332270.09375, 4686743.0]}}, {"type": "Feature", "properties": {"node_id": 5065, "degree": 1, "node_type": "endpoint", "node_kind": null}, "geometry": {"type": "Point", "coordinates": [332166.75, 4686630.0]}}, {"type": "Feature", "properties": {"node_id": 5066, "degree": 1, "node_type": "endpoint", "node_kind": null}, "geometry": {"type": "Point", "coordinates": [332169.90625, 4686628.0]}}, {"type": "Feature", "properties": {"node_id": 5067, "degree": 1, "node_type": "endpoint", "node_kind": null}, "geometry": {"type": "Point", "coordinates": [332196.3125, 4686657.5]}}, {"type": "Feature", "properties": {"node_id": 5068, "degree": 1, "node_type": "endpoint", "node_kind": null}, "geometry": {"type": "Point", "coordinates": [332168.6875, 4686640.5]}}, {"type": "Feature", "properties": {"node_id": 5069, "degree": 1, "node_type": "endpoint", "node_kind": null}, "geometry": {"type": "Point", "coordinates": [332266.1875, 4686752.0]}}, {"type": "Feature", "properties": {"node_id": 5070, "degree": 1, "node_type": "endpoint", "node_kind": null}, "geometry": {"type": "Point", "coordinates": [331993.8125, 4686353.5]}}, {"type": "Feature", "properties": {"node_id": 5071, "degree": 1, "node_type": "endpoint", "node_kind": null}, "geometry": {"type": "Point", "coordinates": [331976.6875, 4686368.5]}}, {"type": "Feature", "properties": {"node_id": 5072, "degree": 1, "node_type": "endpoint", "node_kind": null}, "geometry": {"type": "Point", "coordinates": [332039.6875, 4686873.5]}}, {"type": "Feature", "properties": {"node_id": 5073, "degree": 1, "node_type": "endpoint", "node_kind": null}, "geometry": {"type": "Point", "coordinates": [332017.65625, 4686848.5]}}, {"type": "Feature", "properties": {"node_id": 5074, "degree": 1, "node_type": "endpoint", "node_kind": null}, "geometry": {"type": "Point", "coordinates": [332226.0, 4686802.0]}}, {"type": "Feature", "properties": {"node_id": 5075, "degree": 1, "node_type": "endpoint", "node_kind": null}, "geometry": {"type": "Point", "coordinates": [332178.59375, 4686844.5]}}, {"type": "Feature", "properties": {"node_id": 5076, "degree": 1, "node_type": "endpoint", "node_kind": null}, "geometry": {"type": "Point", "coordinates": [332272.8125, 4686772.5]}}, {"type": "Feature", "properties": {"node_id": 5077, "degree": 1, "node_type": "endpoint", "node_kind": null}, "geometry": {"type": "Point", "coordinates": [332239.5, 4686802.0]}}, {"type": "Feature", "properties": {"node_id": 5078, "degree": 1, "node_type": "endpoint", "node_kind": null}, "geometry": {"type": "Point", "coordinates": [332140.9375, 4686316.0]}}, {"type": "Feature", "properties": {"node_id": 5079, "degree": 1, "node_type": "endpoint", "node_kind": null}, "geometry": {"type": "Point", "coordinates": [332264.09375, 4683131.5]}}, {"type": "Feature", "properties": {"node_id": 5080, "degree": 1, "node_type": "endpoint", "node_kind": null}, "geometry": {"type": "Point", "coordinates": [332343.3125, 4683188.0]}}, {"type": "Feature", "properties": {"node_id": 5081, "degree": 1, "node_type": "endpoint", "node_kind": null}, "geometry": {"type": "Point", "coordinates": [333078.0, 4682195.5]}}, {"type": "Feature", "properties": {"node_id": 5082, "degree": 1, "node_type": "endpoint", "node_kind": null}, "geometry": {"type": "Point", "coordinates": [333096.0, 4682209.5]}}, {"type": "Feature", "properties": {"node_id": 5083, "degree": 1, "node_type": "endpoint", "node_kind": null}, "geometry": {"type": "Point", "coordinates": [332884.5, 4682253.0]}}, {"type": "Feature", "properties": {"node_id": 5084, "degree": 1, "node_type": "endpoint", "node_kind": null}, "geometry": {"type": "Point", "coordinates": [332859.90625, 4682288.0]}}, {"type": "Feature", "properties": {"node_id": 5085, "degree": 1, "node_type": "endpoint", "node_kind": null}, "geometry": {"type": "Point", "coordinates": [333128.84375, 4682229.0]}}, {"type": "Feature", "properties": {"node_id": 5086, "degree": 1, "node_type": "endpoint", "node_kind": null}, "geometry": {"type": "Point", "coordinates": [333080.84375, 4682193.0]}}, {"type": "Feature", "properties": {"node_id": 5087, "degree": 1, "node_type": "endpoint", "node_kind": null}, "geometry": {"type": "Point", "coordinates": [333105.90625, 4695656.5]}}, {"type": "Feature", "properties": {"node_id": 5088, "degree": 1, "node_type": "endpoint", "node_kind": null}, "geometry": {"type": "Point", "coordinates": [333126.75, 4695658.0]}}, {"type": "Feature", "properties": {"node_id": 5089, "degree": 1, "node_type": "endpoint", "node_kind": null}, "geometry": {"type": "Point", "coordinates": [332568.75, 4680095.5]}}, {"type": "Feature", "properties": {"node_id": 5090, "degree": 1, "node_type": "endpoint", "node_kind": null}, "geometry": {"type": "Point", "coordinates": [332725.65625, 4680023.0]}}, {"type": "Feature", "properties": {"node_id": 5091, "degree": 1, "node_type": "endpoint", "node_kind": null}, "geometry": {"type": "Point", "coordinates": [332794.5, 4679981.5]}}, {"type": "Feature", "properties": {"node_id": 5092, "degree": 1, "node_type": "endpoint", "node_kind": null}, "geometry": {"type": "Point", "coordinates": [332577.75, 4680080.0]}}, {"type": "Feature", "properties": {"node_id": 5093, "degree": 1, "node_type": "endpoint", "node_kind": null}, "geometry": {"type": "Point", "coordinates": [332576.6875, 4680079.0]}}, {"type": "Feature", "properties": {"node_id": 5094, "degree": 1, "node_type": "endpoint", "node_kind": null}, "geometry": {"type": "Point", "coordinates": [332606.25, 4680064.5]}}, {"type": "Feature", "properties": {"node_id": 5095, "degree": 1, "node_type": "endpoint", "node_kind": null}, "geometry": {"type": "Point", "coordinates": [332656.34375, 4680053.0]}}, {"type": "Feature", "properties": {"node_id": 5096, "degree": 1, "node_type": "endpoint", "node_kind": null}, "geometry": {"type": "Point", "coordinates": [332568.75, 4680094.5]}}, {"type": "Feature", "properties": {"node_id": 5097, "degree": 1, "node_type": "endpoint", "node_kind": null}, "geometry": {"type": "Point", "coordinates": [332927.09375, 4679529.5]}}, {"type": "Feature", "properties": {"node_id": 5098, "degree": 1, "node_type": "endpoint", "node_kind": null}, "geometry": {"type": "Point", "coordinates": [333043.1875, 4679477.0]}}, {"type": "Feature", "properties": {"node_id": 5099, "degree": 1, "node_type": "endpoint", "node_kind": null}, "geometry": {"type": "Point", "coordinates": [332922.90625, 4679543.0]}}, {"type": "Feature", "properties": {"node_id": 5100, "degree": 1, "node_type": "endpoint", "node_kind": null}, "geometry": {"type": "Point", "coordinates": [333505.9375, 4679231.0]}}, {"type": "Feature", "properties": {"node_id": 5101, "degree": 1, "node_type": "endpoint", "node_kind": null}, "geometry": {"type": "Point", "coordinates": [332867.6875, 4679541.5]}}, {"type": "Feature", "properties": {"node_id": 5102, "degree": 1, "node_type": "endpoint", "node_kind": null}, "geometry": {"type": "Point", "coordinates": [332549.25, 4679577.0]}}, {"type": "Feature", "properties": {"node_id": 5103, "degree": 1, "node_type": "endpoint", "node_kind": null}, "geometry": {"type": "Point", "coordinates": [333016.0625, 4679501.0]}}, {"type": "Feature", "properties": {"node_id": 5104, "degree": 1, "node_type": "endpoint", "node_kind": null}, "geometry": {"type": "Point", "coordinates": [333089.5625, 4679468.0]}}, {"type": "Feature", "properties": {"node_id": 5105, "degree": 1, "node_type": "endpoint", "node_kind": null}, "geometry": {"type": "Point", "coordinates": [333006.0, 4679495.5]}}, {"type": "Feature", "properties": {"node_id": 5106, "degree": 1, "node_type": "endpoint", "node_kind": null}, "geometry": {"type": "Point", "coordinates": [333468.90625, 4679243.0]}}, {"type": "Feature", "properties": {"node_id": 5107, "degree": 1, "node_type": "endpoint", "node_kind": null}, "geometry": {"type": "Point", "coordinates": [333096.90625, 4677129.5]}}, {"type": "Feature", "properties": {"node_id": 5108, "degree": 1, "node_type": "endpoint", "node_kind": null}, "geometry": {"type": "Point", "coordinates": [333034.9375, 4677379.0]}}, {"type": "Feature", "properties": {"node_id": 5109, "degree": 1, "node_type": "endpoint", "node_kind": null}, "geometry": {"type": "Point", "coordinates": [333030.15625, 4677837.0]}}, {"type": "Feature", "properties": {"node_id": 5110, "degree": 1, "node_type": "endpoint", "node_kind": null}, "geometry": {"type": "Point", "coordinates": [333003.59375, 4677110.5]}}, {"type": "Feature", "properties": {"node_id": 5111, "degree": 1, "node_type": "endpoint", "node_kind": null}, "geometry": {"type": "Point", "coordinates": [333076.1875, 4694598.5]}}, {"type": "Feature", "properties": {"node_id": 5112, "degree": 1, "node_type": "endpoint", "node_kind": null}, "geometry": {"type": "Point", "coordinates": [333174.4375, 4694605.0]}}, {"type": "Feature", "properties": {"node_id": 5113, "degree": 1, "node_type": "endpoint", "node_kind": null}, "geometry": {"type": "Point", "coordinates": [332551.8125, 4694719.0]}}, {"type": "Feature", "properties": {"node_id": 5114, "degree": 1, "node_type": "endpoint", "node_kind": null}, "geometry": {"type": "Point", "coordinates": [332637.4375, 4694699.5]}}, {"type": "Feature", "properties": {"node_id": 5115, "degree": 1, "node_type": "endpoint", "node_kind": null}, "geometry": {"type": "Point", "coordinates": [332896.0625, 4694639.5]}}, {"type": "Feature", "properties": {"node_id": 5116, "degree": 1, "node_type": "endpoint", "node_kind": null}, "geometry": {"type": "Point", "coordinates": [332784.0, 4694663.5]}}, {"type": "Feature", "properties": {"node_id": 5117, "degree": 1, "node_type": "endpoint", "node_kind": null}, "geometry": {"type": "Point", "coordinates": [332930.09375, 4694621.0]}}, {"type": "Feature", "properties": {"node_id": 5118, "degree": 1, "node_type": "endpoint", "node_kind": null}, "geometry": {"type": "Point", "coordinates": [332795.09375, 4694652.0]}}, {"type": "Feature", "properties": {"node_id": 5119, "degree": 1, "node_type": "endpoint", "node_kind": null}, "geometry": {"type": "Point", "coordinates": [333123.0, 4694892.5]}}, {"type": "Feature", "properties": {"node_id": 5120, "degree": 1, "node_type": "endpoint", "node_kind": null}, "geometry": {"type": "Point", "coordinates": [333044.5625, 4694915.0]}}, {"type": "Feature", "properties": {"node_id": 5121, "degree": 1, "node_type": "endpoint", "node_kind": null}, "geometry": {"type": "Point", "coordinates": [332903.5625, 4693705.0]}}, {"type": "Feature", "properties": {"node_id": 5122, "degree": 1, "node_type": "endpoint", "node_kind": null}, "geometry": {"type": "Point", "coordinates": [332872.5, 4693671.0]}}, {"type": "Feature", "properties": {"node_id": 5123, "degree": 1, "node_type": "endpoint", "node_kind": null}, "geometry": {"type": "Point", "coordinates": [332695.9375, 4693490.0]}}, {"type": "Feature", "properties": {"node_id": 5124, "degree": 1, "node_type": "endpoint", "node_kind": null}, "geometry": {"type": "Point", "coordinates": [332629.1875, 4693416.0]}}, {"type": "Feature", "properties": {"node_id": 5125, "degree": 1, "node_type": "endpoint", "node_kind": null}, "geometry": {"type": "Point", "coordinates": [332926.1875, 4692389.0]}}, {"type": "Feature", "properties": {"node_id": 5126, "degree": 1, "node_type": "endpoint", "node_kind": null}, "geometry": {"type": "Point", "coordinates": [332694.59375, 4692532.0]}}, {"type": "Feature", "properties": {"node_id": 5127, "degree": 1, "node_type": "endpoint", "node_kind": null}, "geometry": {"type": "Point", "coordinates": [332976.3125, 4688670.5]}}, {"type": "Feature", "properties": {"node_id": 5128, "degree": 1, "node_type": "endpoint", "node_kind": null}, "geometry": {"type": "Point", "coordinates": [332949.90625, 4688659.0]}}, {"type": "Feature", "properties": {"node_id": 5129, "degree": 1, "node_type": "endpoint", "node_kind": null}, "geometry": {"type": "Point", "coordinates": [333511.9375, 4695806.5]}}, {"type": "Feature", "properties": {"node_id": 5130, "degree": 1, "node_type": "endpoint", "node_kind": null}, "geometry": {"type": "Point", "coordinates": [333447.15625, 4695767.0]}}, {"type": "Feature", "properties": {"node_id": 5131, "degree": 1, "node_type": "endpoint", "node_kind": null}, "geometry": {"type": "Point", "coordinates": [333111.3125, 4695656.5]}}, {"type": "Feature", "properties": {"node_id": 5132, "degree": 1, "node_type": "endpoint", "node_kind": null}, "geometry": {"type": "Point", "coordinates": [333488.6875, 4695800.0]}}, {"type": "Feature", "properties": {"node_id": 5133, "degree": 1, "node_type": "endpoint", "node_kind": null}, "geometry": {"type": "Point", "coordinates": [333438.90625, 4679823.5]}}, {"type": "Feature", "properties": {"node_id": 5134, "degree": 1, "node_type": "endpoint", "node_kind": null}, "geometry": {"type": "Point", "coordinates": [333517.8125, 4679818.5]}}, {"type": "Feature", "properties": {"node_id": 5135, "degree": 1, "node_type": "endpoint", "node_kind": null}, "geometry": {"type": "Point", "coordinates": [333257.09375, 4679367.5]}}, {"type": "Feature", "properties": {"node_id": 5136, "degree": 1, "node_type": "endpoint", "node_kind": null}, "geometry": {"type": "Point", "coordinates": [333277.34375, 4679355.5]}}, {"type": "Feature", "properties": {"node_id": 5137, "degree": 1, "node_type": "endpoint", "node_kind": null}, "geometry": {"type": "Point", "coordinates": [333465.75, 4679257.0]}}, {"type": "Feature", "properties": {"node_id": 5138, "degree": 1, "node_type": "endpoint", "node_kind": null}, "geometry": {"type": "Point", "coordinates": [333419.09375, 4679281.5]}}, {"type": "Feature", "properties": {"node_id": 5139, "degree": 1, "node_type": "endpoint", "node_kind": null}, "geometry": {"type": "Point", "coordinates": [333348.59375, 4678544.0]}}, {"type": "Feature", "properties": {"node_id": 5140, "degree": 1, "node_type": "endpoint", "node_kind": null}, "geometry": {"type": "Point", "coordinates": [333296.40625, 4678564.0]}}, {"type": "Feature", "properties": {"node_id": 5141, "degree": 2, "node_type": "endpoint", "node_kind": null}, "geometry": {"type": "Point", "coordinates": [333403.65625, 4677747.5]}}, {"type": "Feature", "properties": {"node_id": 5142, "degree": 1, "node_type": "endpoint", "node_kind": null}, "geometry": {"type": "Point", "coordinates": [333404.84375, 4677780.5]}}, {"type": "Feature", "properties": {"node_id": 5143, "degree": 1, "node_type": "endpoint", "node_kind": null}, "geometry": {"type": "Point", "coordinates": [333420.4375, 4677750.5]}}, {"type": "Feature", "properties": {"node_id": 5144, "degree": 1, "node_type": "endpoint", "node_kind": null}, "geometry": {"type": "Point", "coordinates": [333396.0, 4677882.5]}}, {"type": "Feature", "properties": {"node_id": 5145, "degree": 2, "node_type": "endpoint", "node_kind": null}, "geometry": {"type": "Point", "coordinates": [333402.4375, 4677718.0]}}, {"type": "Feature", "properties": {"node_id": 5146, "degree": 1, "node_type": "endpoint", "node_kind": null}, "geometry": {"type": "Point", "coordinates": [333398.09375, 4677606.0]}}, {"type": "Feature", "properties": {"node_id": 5147, "degree": 1, "node_type": "endpoint", "node_kind": null}, "geometry": {"type": "Point", "coordinates": [333476.25, 4695033.0]}}, {"type": "Feature", "properties": {"node_id": 5148, "degree": 1, "node_type": "endpoint", "node_kind": null}, "geometry": {"type": "Point", "coordinates": [333425.84375, 4694828.0]}}, {"type": "Feature", "properties": {"node_id": 5149, "degree": 1, "node_type": "endpoint", "node_kind": null}, "geometry": {"type": "Point", "coordinates": [333387.4375, 4694699.5]}}, {"type": "Feature", "properties": {"node_id": 5150, "degree": 1, "node_type": "endpoint", "node_kind": null}, "geometry": {"type": "Point", "coordinates": [333363.75, 4694687.0]}}, {"type": "Feature", "properties": {"node_id": 5151, "degree": 1, "node_type": "endpoint", "node_kind": null}, "geometry": {"type": "Point", "coordinates": [333206.6875, 4694609.0]}}, {"type": "Feature", "properties": {"node_id": 5152, "degree": 1, "node_type": "endpoint", "node_kind": null}, "geometry": {"type": "Point", "coordinates": [333133.9375, 4694579.5]}}, {"type": "Feature", "properties": {"node_id": 5153, "degree": 1, "node_type": "endpoint", "node_kind": null}, "geometry": {"type": "Point", "coordinates": [333430.65625, 4694859.0]}}, {"type": "Feature", "properties": {"node_id": 5154, "degree": 1, "node_type": "endpoint", "node_kind": null}, "geometry": {"type": "Point", "coordinates": [333389.25, 4694724.5]}}, {"type": "Feature", "properties": {"node_id": 5155, "degree": 1, "node_type": "endpoint", "node_kind": null}, "geometry": {"type": "Point", "coordinates": [333386.25, 4689226.5]}}, {"type": "Feature", "properties": {"node_id": 5156, "degree": 1, "node_type": "endpoint", "node_kind": null}, "geometry": {"type": "Point", "coordinates": [333319.8125, 4689151.5]}}, {"type": "Feature", "properties": {"node_id": 5157, "degree": 2, "node_type": "intersection", "node_kind": "midpoint"}, "geometry": {"type": "Point", "coordinates": [327855.296875, 4690968.75]}}, {"type": "Feature", "properties": {"node_id": 5158, "degree": 2, "node_type": "intersection", "node_kind": "midpoint"}, "geometry": {"type": "Point", "coordinates": [324452.1875, 4692295.75]}}, {"type": "Feature", "properties": {"node_id": 5159, "degree": 2, "node_type": "intersection", "node_kind": "midpoint"}, "geometry": {"type": "Point", "coordinates": [331332.15625, 4687281.0]}}, {"type": "Feature", "properties": {"node_id": 5160, "degree": 2, "node_type": "intersection", "node_kind": "midpoint"}, "geometry": {"type": "Point", "coordinates": [327975.984375, 4695797.5]}}, {"type": "Feature", "properties": {"node_id": 5161, "degree": 2, "node_type": "intersection", "node_kind": "midpoint"}, "geometry": {"type": "Point", "coordinates": [328464.6875, 4697806.0]}}, {"type": "Feature", "properties": {"node_id": 5162, "degree": 2, "node_type": "intersection", "node_kind": "midpoint"}, "geometry": {"type": "Point", "coordinates": [328853.484375, 4692020.25]}}, {"type": "Feature", "properties": {"node_id": 5163, "degree": 2, "node_type": "intersection", "node_kind": "midpoint"}, "geometry": {"type": "Point", "coordinates": [324506.40625, 4691519.5]}}, {"type": "Feature", "properties": {"node_id": 5164, "degree": 2, "node_type": "intersection", "node_kind": "midpoint"}, "geometry": {"type": "Point", "coordinates": [326298.828125, 4680783.0]}}, {"type": "Feature", "properties": {"node_id": 5165, "degree": 4, "node_type": "intersection", "node_kind": "osm_junction"}, "geometry": {"type": "Point", "coordinates": [327879.4264165021, 4695776.745473649]}}, {"type": "Feature", "properties": {"node_id": 5166, "degree": 2, "node_type": "intersection", "node_kind": "osm_junction"}, "geometry": {"type": "Point", "coordinates": [335770.53912994405, 4695871.725108796]}}, {"type": "Feature", "properties": {"node_id": 5167, "degree": 2, "node_type": "intersection", "node_kind": "osm_junction"}, "geometry": {"type": "Point", "coordinates": [324333.050019905, 4688654.521050118]}}, {"type": "Feature", "properties": {"node_id": 5168, "degree": 2, "node_type": "intersection", "node_kind": "osm_junction"}, "geometry": {"type": "Point", "coordinates": [334988.52737335523, 4679564.354908446]}}, {"type": "Feature", "properties": {"node_id": 5169, "degree": 2, "node_type": "intersection", "node_kind": "midpoint"}, "geometry": {"type": "Point", "coordinates": [329309.015625, 4696751.75]}}, {"type": "Feature", "properties": {"node_id": 5170, "degree": 2, "node_type": "intersection", "node_kind": "osm_junction"}, "geometry": {"type": "Point", "coordinates": [327870.17879926786, 4690946.367612808]}}, {"type": "Feature", "properties": {"node_id": 5171, "degree": 2, "node_type": "intersection", "node_kind": "osm_junction"}, "geometry": {"type": "Point", "coordinates": [326815.987823859, 4692455.603744203]}}, {"type": "Feature", "properties": {"node_id": 5172, "degree": 2, "node_type": "intersection", "node_kind": "osm_junction"}, "geometry": {"type": "Point", "coordinates": [325537.7834596657, 4695106.46882411]}}, {"type": "Feature", "properties": {"node_id": 5173, "degree": 2, "node_type": "intersection", "node_kind": "osm_junction"}, "geometry": {"type": "Point", "coordinates": [329705.92089983553, 4688124.802956932]}}, {"type": "Feature", "properties": {"node_id": 5174, "degree": 2, "node_type": "intersection", "node_kind": "osm_junction"}, "geometry": {"type": "Point", "coordinates": [325229.3390836667, 4693851.841916032]}}, {"type": "Feature", "properties": {"node_id": 5175, "degree": 2, "node_type": "intersection", "node_kind": "midpoint"}, "geometry": {"type": "Point", "coordinates": [332326.71875, 4689637.0]}}, {"type": "Feature", "properties": {"node_id": 5176, "degree": 2, "node_type": "intersection", "node_kind": "osm_junction"}, "geometry": {"type": "Point", "coordinates": [329440.06951109716, 4691978.9796779975]}}, {"type": "Feature", "properties": {"node_id": 5177, "degree": 4, "node_type": "intersection", "node_kind": "osm_junction"}, "geometry": {"type": "Point", "coordinates": [323652.75412824226, 4689108.606092718]}}, {"type": "Feature", "properties": {"node_id": 5178, "degree": 2, "node_type": "intersection", "node_kind": "midpoint"}, "geometry": {"type": "Point", "coordinates": [325636.953125, 4682748.75]}}, {"type": "Feature", "properties": {"node_id": 5179, "degree": 2, "node_type": "intersection", "node_kind": "osm_junction"}, "geometry": {"type": "Point", "coordinates": [327670.52531691873, 4691538.839424916]}}, {"type": "Feature", "properties": {"node_id": 5180, "degree": 2, "node_type": "intersection", "node_kind": "osm_junction"}, "geometry": {"type": "Point", "coordinates": [327729.5976941923, 4692184.468138089]}}, {"type": "Feature", "properties": {"node_id": 5181, "degree": 2, "node_type": "intersection", "node_kind": "osm_junction"}, "geometry": {"type": "Point", "coordinates": [327658.85771220183, 4691588.770627439]}}, {"type": "Feature", "properties": {"node_id": 5182, "degree": 2, "node_type": "intersection", "node_kind": "osm_junction"}, "geometry": {"type": "Point", "coordinates": [326944.8396633657, 4678890.557191541]}}, {"type": "Feature", "properties": {"node_id": 5183, "degree": 2, "node_type": "intersection", "node_kind": "midpoint"}, "geometry": {"type": "Point", "coordinates": [323511.0, 4695819.25]}}, {"type": "Feature", "properties": {"node_id": 5184, "degree": 2, "node_type": "intersection", "node_kind": "osm_junction"}, "geometry": {"type": "Point", "coordinates": [322664.9066800113, 4690411.341835464]}}, {"type": "Feature", "properties": {"node_id": 5185, "degree": 2, "node_type": "intersection", "node_kind": "osm_junction"}, "geometry": {"type": "Point", "coordinates": [327296.94848482526, 4680344.966501995]}}, {"type": "Feature", "properties": {"node_id": 5186, "degree": 2, "node_type": "intersection", "node_kind": "osm_junction"}, "geometry": {"type": "Point", "coordinates": [328357.0972924192, 4688141.643636748]}}, {"type": "Feature", "properties": {"node_id": 5187, "degree": 2, "node_type": "intersection", "node_kind": "osm_junction"}, "geometry": {"type": "Point", "coordinates": [336404.3710477012, 4694110.6734556975]}}, {"type": "Feature", "properties": {"node_id": 5188, "degree": 4, "node_type": "intersection", "node_kind": "osm_junction"}, "geometry": {"type": "Point", "coordinates": [323771.141021945, 4683771.298307227]}}, {"type": "Feature", "properties": {"node_id": 5189, "degree": 2, "node_type": "intersection", "node_kind": "osm_junction"}, "geometry": {"type": "Point", "coordinates": [329080.1098876116, 4693168.604989658]}}, {"type": "Feature", "properties": {"node_id": 5190, "degree": 2, "node_type": "intersection", "node_kind": "osm_junction"}, "geometry": {"type": "Point", "coordinates": [325124.1509589992, 4694040.617843415]}}, {"type": "Feature", "properties": {"node_id": 5191, "degree": 2, "node_type": "intersection", "node_kind": "osm_junction"}, "geometry": {"type": "Point", "coordinates": [327220.48824702424, 4688744.879254213]}}, {"type": "Feature", "properties": {"node_id": 5192, "degree": 2, "node_type": "intersection", "node_kind": "osm_junction"}, "geometry": {"type": "Point", "coordinates": [328309.2088574673, 4690739.946855134]}}, {"type": "Feature", "properties": {"node_id": 5193, "degree": 4, "node_type": "intersection", "node_kind": "osm_junction"}, "geometry": {"type": "Point", "coordinates": [324471.9971017886, 4683691.333023173]}}, {"type": "Feature", "properties": {"node_id": 5194, "degree": 2, "node_type": "intersection", "node_kind": "osm_junction"}, "geometry": {"type": "Point", "coordinates": [328115.0063102208, 4691771.641807013]}}, {"type": "Feature", "properties": {"node_id": 5195, "degree": 2, "node_type": "intersection", "node_kind": "osm_junction"}, "geometry": {"type": "Point", "coordinates": [329134.22244147933, 4693118.3508616965]}}, {"type": "Feature", "properties": {"node_id": 5196, "degree": 2, "node_type": "intersection", "node_kind": "osm_junction"}, "geometry": {"type": "Point", "coordinates": [324174.9167880796, 4694335.208601999]}}, {"type": "Feature", "properties": {"node_id": 5197, "degree": 2, "node_type": "intersection", "node_kind": "osm_junction"}, "geometry": {"type": "Point", "coordinates": [328369.79283427075, 4690559.6868082555]}}, {"type": "Feature", "properties": {"node_id": 5198, "degree": 2, "node_type": "intersection", "node_kind": "osm_junction"}, "geometry": {"type": "Point", "coordinates": [334508.310103568, 4694535.7453068765]}}, {"type": "Feature", "properties": {"node_id": 5199, "degree": 2, "node_type": "intersection", "node_kind": "midpoint"}, "geometry": {"type": "Point", "coordinates": [323511.671875, 4695829.5]}}, {"type": "Feature", "properties": {"node_id": 5200, "degree": 2, "node_type": "intersection", "node_kind": "osm_junction"}, "geometry": {"type": "Point", "coordinates": [329228.1765909553, 4690948.4022316]}}, {"type": "Feature", "properties": {"node_id": 5201, "degree": 2, "node_type": "intersection", "node_kind": "osm_junction"}, "geometry": {"type": "Point", "coordinates": [324496.7397589492, 4683824.93658531]}}, {"type": "Feature", "properties": {"node_id": 5202, "degree": 2, "node_type": "intersection", "node_kind": "osm_junction"}, "geometry": {"type": "Point", "coordinates": [328840.7890398649, 4690918.673358662]}}, {"type": "Feature", "properties": {"node_id": 5203, "degree": 2, "node_type": "intersection", "node_kind": "osm_junction"}, "geometry": {"type": "Point", "coordinates": [318836.4393341092, 4688809.774271243]}}, {"type": "Feature", "properties": {"node_id": 5204, "degree": 2, "node_type": "intersection", "node_kind": "osm_junction"}, "geometry": {"type": "Point", "coordinates": [328345.4975106383, 4688067.951534612]}}, {"type": "Feature", "properties": {"node_id": 5205, "degree": 2, "node_type": "intersection", "node_kind": "osm_junction"}, "geometry": {"type": "Point", "coordinates": [328829.97375110164, 4697264.970213342]}}, {"type": "Feature", "properties": {"node_id": 5206, "degree": 2, "node_type": "intersection", "node_kind": "osm_junction"}, "geometry": {"type": "Point", "coordinates": [325088.408115013, 4697953.7051011445]}}, {"type": "Feature", "properties": {"node_id": 5207, "degree": 2, "node_type": "intersection", "node_kind": "osm_junction"}, "geometry": {"type": "Point", "coordinates": [328515.57743588847, 4685785.932047281]}}, {"type": "Feature", "properties": {"node_id": 5208, "degree": 2, "node_type": "intersection", "node_kind": "osm_junction"}, "geometry": {"type": "Point", "coordinates": [333404.85800089897, 4677733.454215217]}}, {"type": "Feature", "properties": {"node_id": 5209, "degree": 4, "node_type": "intersection", "node_kind": "osm_junction"}, "geometry": {"type": "Point", "coordinates": [323825.4614763404, 4694290.867460285]}}, {"type": "Feature", "properties": {"node_id": 5210, "degree": 2, "node_type": "intersection", "node_kind": "osm_junction"}, "geometry": {"type": "Point", "coordinates": [323683.4755804937, 4690013.004585812]}}, {"type": "Feature", "properties": {"node_id": 5211, "degree": 2, "node_type": "intersection", "node_kind": "osm_junction"}, "geometry": {"type": "Point", "coordinates": [325962.45797353075, 4687645.695550615]}}, {"type": "Feature", "properties": {"node_id": 5212, "degree": 2, "node_type": "intersection", "node_kind": "osm_junction"}, "geometry": {"type": "Point", "coordinates": [329323.1472841598, 4690664.959841403]}}, {"type": "Feature", "properties": {"node_id": 5213, "degree": 2, "node_type": "intersection", "node_kind": "osm_junction"}, "geometry": {"type": "Point", "coordinates": [329242.1794670122, 4683825.268101389]}}, {"type": "Feature", "properties": {"node_id": 5214, "degree": 2, "node_type": "intersection", "node_kind": "osm_junction"}, "geometry": {"type": "Point", "coordinates": [326465.01586214, 4690369.254702001]}}, {"type": "Feature", "properties": {"node_id": 5215, "degree": 2, "node_type": "intersection", "node_kind": "osm_junction"}, "geometry": {"type": "Point", "coordinates": [323751.090828546, 4693760.927675747]}}, {"type": "Feature", "properties": {"node_id": 5216, "degree": 2, "node_type": "intersection", "node_kind": "osm_junction"}, "geometry": {"type": "Point", "coordinates": [325843.08599335945, 4690131.071159956]}}, {"type": "Feature", "properties": {"node_id": 5217, "degree": 2, "node_type": "intersection", "node_kind": "osm_junction"}, "geometry": {"type": "Point", "coordinates": [327904.74115028034, 4690845.6748316325]}}, {"type": "Feature", "properties": {"node_id": 5218, "degree": 2, "node_type": "intersection", "node_kind": "osm_junction"}, "geometry": {"type": "Point", "coordinates": [325563.1009495689, 4694901.645708053]}}, {"type": "Feature", "properties": {"node_id": 5219, "degree": 2, "node_type": "intersection", "node_kind": "osm_junction"}, "geometry": {"type": "Point", "coordinates": [329257.8081187305, 4690857.648312421]}}, {"type": "Feature", "properties": {"node_id": 5220, "degree": 2, "node_type": "intersection", "node_kind": "osm_junction"}, "geometry": {"type": "Point", "coordinates": [323546.87711467873, 4689488.312297469]}}, {"type": "Feature", "properties": {"node_id": 5221, "degree": 2, "node_type": "intersection", "node_kind": "osm_junction"}, "geometry": {"type": "Point", "coordinates": [322085.9722327757, 4689793.006184839]}}, {"type": "Feature", "properties": {"node_id": 5222, "degree": 2, "node_type": "intersection", "node_kind": "osm_junction"}, "geometry": {"type": "Point", "coordinates": [324541.6570389995, 4683774.257767297]}}, {"type": "Feature", "properties": {"node_id": 5223, "degree": 2, "node_type": "intersection", "node_kind": "osm_junction"}, "geometry": {"type": "Point", "coordinates": [323235.3225849358, 4691474.501720927]}}, {"type": "Feature", "properties": {"node_id": 5224, "degree": 2, "node_type": "intersection", "node_kind": "midpoint"}, "geometry": {"type": "Point", "coordinates": [328087.046875, 4691854.0]}}, {"type": "Feature", "properties": {"node_id": 5225, "degree": 2, "node_type": "intersection", "node_kind": "osm_junction"}, "geometry": {"type": "Point", "coordinates": [331853.0500478932, 4690300.976146925]}}, {"type": "Feature", "properties": {"node_id": 5226, "degree": 2, "node_type": "intersection", "node_kind": "osm_junction"}, "geometry": {"type": "Point", "coordinates": [330826.13358561567, 4691141.613061417]}}, {"type": "Feature", "properties": {"node_id": 5227, "degree": 2, "node_type": "intersection", "node_kind": "osm_junction"}, "geometry": {"type": "Point", "coordinates": [327299.5305201971, 4679799.573365497]}}, {"type": "Feature", "properties": {"node_id": 5228, "degree": 2, "node_type": "intersection", "node_kind": "osm_junction"}, "geometry": {"type": "Point", "coordinates": [325772.75945710525, 4686718.977655792]}}, {"type": "Feature", "properties": {"node_id": 5229, "degree": 2, "node_type": "intersection", "node_kind": "osm_junction"}, "geometry": {"type": "Point", "coordinates": [329870.60439098935, 4690551.517814543]}}, {"type": "Feature", "properties": {"node_id": 5230, "degree": 2, "node_type": "intersection", "node_kind": "osm_junction"}, "geometry": {"type": "Point", "coordinates": [323915.0638289008, 4684900.95988003]}}, {"type": "Feature", "properties": {"node_id": 5231, "degree": 2, "node_type": "intersection", "node_kind": "osm_junction"}, "geometry": {"type": "Point", "coordinates": [329454.25935491186, 4690925.3031907]}}, {"type": "Feature", "properties": {"node_id": 5232, "degree": 2, "node_type": "intersection", "node_kind": "osm_junction"}, "geometry": {"type": "Point", "coordinates": [337615.01669867925, 4694195.6310769925]}}, {"type": "Feature", "properties": {"node_id": 5233, "degree": 2, "node_type": "intersection", "node_kind": "osm_junction"}, "geometry": {"type": "Point", "coordinates": [322967.10140793974, 4693621.774540251]}}, {"type": "Feature", "properties": {"node_id": 5234, "degree": 2, "node_type": "intersection", "node_kind": "osm_junction"}, "geometry": {"type": "Point", "coordinates": [328901.92399967427, 4690737.560607636]}}, {"type": "Feature", "properties": {"node_id": 5235, "degree": 2, "node_type": "intersection", "node_kind": "osm_junction"}, "geometry": {"type": "Point", "coordinates": [327756.98235453985, 4692566.257404053]}}, {"type": "Feature", "properties": {"node_id": 5236, "degree": 2, "node_type": "intersection", "node_kind": "osm_junction"}, "geometry": {"type": "Point", "coordinates": [328470.9795904132, 4690794.569998071]}}, {"type": "Feature", "properties": {"node_id": 5237, "degree": 2, "node_type": "intersection", "node_kind": "midpoint"}, "geometry": {"type": "Point", "coordinates": [329333.703125, 4691982.75]}}, {"type": "Feature", "properties": {"node_id": 5238, "degree": 2, "node_type": "intersection", "node_kind": "osm_junction"}, "geometry": {"type": "Point", "coordinates": [329962.89839295106, 4690403.980324149]}}, {"type": "Feature", "properties": {"node_id": 5239, "degree": 2, "node_type": "intersection", "node_kind": "osm_junction"}, "geometry": {"type": "Point", "coordinates": [331715.9574003542, 4690167.6750383405]}}, {"type": "Feature", "properties": {"node_id": 5240, "degree": 2, "node_type": "intersection", "node_kind": "osm_junction"}, "geometry": {"type": "Point", "coordinates": [326315.2134376975, 4683865.269871461]}}, {"type": "Feature", "properties": {"node_id": 5241, "degree": 2, "node_type": "intersection", "node_kind": "osm_junction"}, "geometry": {"type": "Point", "coordinates": [329834.9309726024, 4687905.376171996]}}, {"type": "Feature", "properties": {"node_id": 5242, "degree": 2, "node_type": "intersection", "node_kind": "osm_junction"}, "geometry": {"type": "Point", "coordinates": [329355.4754528074, 4690567.396502945]}}, {"type": "Feature", "properties": {"node_id": 5243, "degree": 2, "node_type": "intersection", "node_kind": "osm_junction"}, "geometry": {"type": "Point", "coordinates": [325232.8999340289, 4695410.420286524]}}, {"type": "Feature", "properties": {"node_id": 5244, "degree": 2, "node_type": "intersection", "node_kind": "osm_junction"}, "geometry": {"type": "Point", "coordinates": [323158.324938289, 4690888.52058475]}}, {"type": "Feature", "properties": {"node_id": 5245, "degree": 2, "node_type": "intersection", "node_kind": "osm_junction"}, "geometry": {"type": "Point", "coordinates": [323540.4612672101, 4691361.567938536]}}, {"type": "Feature", "properties": {"node_id": 5246, "degree": 4, "node_type": "intersection", "node_kind": "osm_junction"}, "geometry": {"type": "Point", "coordinates": [324082.1269512703, 4678540.374243503]}}, {"type": "Feature", "properties": {"node_id": 5247, "degree": 2, "node_type": "intersection", "node_kind": "osm_junction"}, "geometry": {"type": "Point", "coordinates": [331529.1582489263, 4690437.255222296]}}, {"type": "Feature", "properties": {"node_id": 5248, "degree": 2, "node_type": "intersection", "node_kind": "osm_junction"}, "geometry": {"type": "Point", "coordinates": [326880.50913042563, 4683259.033827573]}}, {"type": "Feature", "properties": {"node_id": 5249, "degree": 2, "node_type": "intersection", "node_kind": "osm_junction"}, "geometry": {"type": "Point", "coordinates": [327916.59424055205, 4683148.534696183]}}, {"type": "Feature", "properties": {"node_id": 5250, "degree": 2, "node_type": "intersection", "node_kind": "osm_junction"}, "geometry": {"type": "Point", "coordinates": [327997.26076830854, 4693777.947281583]}}, {"type": "Feature", "properties": {"node_id": 5251, "degree": 2, "node_type": "intersection", "node_kind": "osm_junction"}, "geometry": {"type": "Point", "coordinates": [322163.4690880204, 4692341.876841539]}}, {"type": "Feature", "properties": {"node_id": 5252, "degree": 2, "node_type": "intersection", "node_kind": "midpoint"}, "geometry": {"type": "Point", "coordinates": [323924.859375, 4691686.0]}}, {"type": "Feature", "properties": {"node_id": 5253, "degree": 2, "node_type": "intersection", "node_kind": "osm_junction"}, "geometry": {"type": "Point", "coordinates": [327574.92237392673, 4686310.875837801]}}, {"type": "Feature", "properties": {"node_id": 5254, "degree": 2, "node_type": "intersection", "node_kind": "osm_junction"}, "geometry": {"type": "Point", "coordinates": [331338.72308676527, 4688297.117289106]}}, {"type": "Feature", "properties": {"node_id": 5255, "degree": 2, "node_type": "intersection", "node_kind": "osm_junction"}, "geometry": {"type": "Point", "coordinates": [330708.7930630456, 4692077.40767745]}}, {"type": "Feature", "properties": {"node_id": 5256, "degree": 2, "node_type": "intersection", "node_kind": "osm_junction"}, "geometry": {"type": "Point", "coordinates": [329345.5275193382, 4693109.40507632]}}, {"type": "Feature", "properties": {"node_id": 5257, "degree": 2, "node_type": "intersection", "node_kind": "osm_junction"}, "geometry": {"type": "Point", "coordinates": [326589.15785792994, 4693927.078508257]}}, {"type": "Feature", "properties": {"node_id": 5258, "degree": 2, "node_type": "intersection", "node_kind": "osm_junction"}, "geometry": {"type": "Point", "coordinates": [325573.2702217986, 4682813.959135583]}}, {"type": "Feature", "properties": {"node_id": 5259, "degree": 2, "node_type": "intersection", "node_kind": "osm_junction"}, "geometry": {"type": "Point", "coordinates": [327609.6024387543, 4687601.000726794]}}, {"type": "Feature", "properties": {"node_id": 5260, "degree": 2, "node_type": "intersection", "node_kind": "midpoint"}, "geometry": {"type": "Point", "coordinates": [331379.09375, 4687258.0]}}, {"type": "Feature", "properties": {"node_id": 5261, "degree": 4, "node_type": "intersection", "node_kind": "osm_junction"}, "geometry": {"type": "Point", "coordinates": [323707.7767191413, 4697646.98569828]}}, {"type": "Feature", "properties": {"node_id": 5262, "degree": 2, "node_type": "intersection", "node_kind": "osm_junction"}, "geometry": {"type": "Point", "coordinates": [325513.58442797547, 4690982.099364409]}}, {"type": "Feature", "properties": {"node_id": 5263, "degree": 2, "node_type": "intersection", "node_kind": "osm_junction"}, "geometry": {"type": "Point", "coordinates": [325525.1834146216, 4688760.20149422]}}, {"type": "Feature", "properties": {"node_id": 5264, "degree": 2, "node_type": "intersection", "node_kind": "osm_junction"}, "geometry": {"type": "Point", "coordinates": [322659.4866519124, 4692266.310908097]}}, {"type": "Feature", "properties": {"node_id": 5265, "degree": 2, "node_type": "intersection", "node_kind": "osm_junction"}, "geometry": {"type": "Point", "coordinates": [331293.4622732622, 4691017.462819108]}}]}