{"type": "FeatureCollection", "crs": {"type": "name", "properties": {"name": "urn:ogc:def:crs:EPSG::32619"}}, "features": [{"type": "Feature", "properties": {"id": 0, "source": "intersection", "node_kind": "midpoint", "node_snap_m": 0.0, "line": 5043, "gap_m": 0.3, "length_m": 0.2}, "geometry": {"type": "LineString", "coordinates": [[335151.3125, 4697977.0], [335151.15625, 4697977.0]]}}, {"type": "Feature", "properties": {"id": 1, "source": "intersection", "node_kind": "midpoint", "node_snap_m": 0.0, "line": 5044, "gap_m": 0.3, "length_m": 0.2}, "geometry": {"type": "LineString", "coordinates": [[335151.0, 4697977.0], [335151.15625, 4697977.0]]}}, {"type": "Feature", "properties": {"id": 2, "source": "intersection", "node_kind": "midpoint", "node_snap_m": 0.0, "line": 4289, "gap_m": 0.5, "length_m": 0.3}, "geometry": {"type": "LineString", "coordinates": [[329781.4375, 4696776.5], [329781.375, 4696776.25]]}}, {"type": "Feature", "properties": {"id": 3, "source": "intersection", "node_kind": "midpoint", "node_snap_m": 0.0, "line": 4293, "gap_m": 0.5, "length_m": 0.3}, "geometry": {"type": "LineString", "coordinates": [[329781.3125, 4696776.0], [329781.375, 4696776.25]]}}, {"type": "Feature", "properties": {"id": 4, "source": "intersection", "node_kind": "midpoint", "node_snap_m": 0.0, "line": 2993, "gap_m": 1.3, "length_m": 0.6}, "geometry": {"type": "LineString", "coordinates": [[326114.09375, 4665774.0], [326113.5, 4665773.75]]}}, {"type": "Feature", "properties": {"id": 5, "source": "intersection", "node_kind": "midpoint", "node_snap_m": 0.0, "line": 2994, "gap_m": 1.3, "length_m": 0.6}, "geometry": {"type": "LineString", "coordinates": [[326112.90625, 4665773.5], [326113.5, 4665773.75]]}}, {"type": "Feature", "properties": {"id": 6, "source": "intersection", "node_kind": "midpoint", "node_snap_m": 0.0, "line": 3451, "gap_m": 1.8, "length_m": 0.9}, "geometry": {"type": "LineString", "coordinates": [[327855.0, 4690969.0], [327855.453125, 4690968.25]]}}, {"type": "Feature", "properties": {"id": 7, "source": "intersection", "node_kind": "midpoint", "node_snap_m": 0.0, "line": 3458, "gap_m": 1.8, "length_m": 0.9}, "geometry": {"type": "LineString", "coordinates": [[327855.90625, 4690967.5], [327855.453125, 4690968.25]]}}, {"type": "Feature", "properties": {"id": 8, "source": "intersection", "node_kind": "midpoint", "node_snap_m": 0.0, "line": 4530, "gap_m": 2.5, "length_m": 1.3}, "geometry": {"type": "LineString", "coordinates": [[331334.09375, 4687280.5], [331332.828125, 4687280.5]]}}, {"type": "Feature", "properties": {"id": 9, "source": "intersection", "node_kind": "midpoint", "node_snap_m": 0.0, "line": 4534, "gap_m": 2.5, "length_m": 1.3}, "geometry": {"type": "LineString", "coordinates": [[331331.5625, 4687280.5], [331332.828125, 4687280.5]]}}, {"type": "Feature", "properties": {"id": 10, "source": "intersection", "node_kind": "midpoint", "node_snap_m": 0.0, "line": 3647, "gap_m": 2.9, "length_m": 1.4}, "geometry": {"type": "LineString", "coordinates": [[328161.3125, 4694189.5], [328162.65625, 4694189.0]]}}, {"type": "Feature", "properties": {"id": 11, "source": "intersection", "node_kind": "midpoint", "node_snap_m": 0.0, "line": 3652, "gap_m": 2.9, "length_m": 1.4}, "geometry": {"type": "LineString", "coordinates": [[328164.0, 4694188.5], [328162.65625, 4694189.0]]}}, {"type": "Feature", "properties": {"id": 12, "source": "intersection", "node_kind": "midpoint", "node_snap_m": 0.0, "line": 2455, "gap_m": 3.0, "length_m": 1.5}, "geometry": {"type": "LineString", "coordinates": [[324571.1875, 4683834.0], [324569.6875, 4683834.0]]}}, {"type": "Feature", "properties": {"id": 13, "source": "intersection", "node_kind": "midpoint", "node_snap_m": 0.0, "line": 2456, "gap_m": 3.0, "length_m": 1.5}, "geometry": {"type": "LineString", "coordinates": [[324568.1875, 4683834.0], [324569.6875, 4683834.0]]}}, {"type": "Feature", "properties": {"id": 14, "source": "intersection", "node_kind": "midpoint", "node_snap_m": 0.0, "line": 1689, "gap_m": 3.5, "length_m": 1.7}, "geometry": {"type": "LineString", "coordinates": [[321711.15625, 4692434.0], [321712.875, 4692433.75]]}}, {"type": "Feature", "properties": {"id": 15, "source": "intersection", "node_kind": "midpoint", "node_snap_m": 0.0, "line": 1694, "gap_m": 3.5, "length_m": 1.7}, "geometry": {"type": "LineString", "coordinates": [[321714.59375, 4692433.5], [321712.875, 4692433.75]]}}, {"type": "Feature", "properties": {"id": 16, "source": "intersection", "node_kind": "midpoint", "node_snap_m": 0.0, "line": 1078, "gap_m": 4.0, "length_m": 2.0}, "geometry": {"type": "LineString", "coordinates": [[317205.75, 4684944.0], [317207.703125, 4684944.5]]}}, {"type": "Feature", "properties": {"id": 17, "source": "intersection", "node_kind": "midpoint", "node_snap_m": 0.0, "line": 1082, "gap_m": 4.0, "length_m": 2.0}, "geometry": {"type": "LineString", "coordinates": [[317209.65625, 4684945.0], [317207.703125, 4684944.5]]}}, {"type": "Feature", "properties": {"id": 18, "source": "intersection", "node_kind": "midpoint", "node_snap_m": 0.0, "line": 4116, "gap_m": 4.0, "length_m": 2.0}, "geometry": {"type": "LineString", "coordinates": [[329404.65625, 4692861.0], [329402.78125, 4692860.25]]}}, {"type": "Feature", "properties": {"id": 19, "source": "intersection", "node_kind": "midpoint", "node_snap_m": 0.0, "line": 4117, "gap_m": 4.0, "length_m": 2.0}, "geometry": {"type": "LineString", "coordinates": [[329400.90625, 4692859.5], [329402.78125, 4692860.25]]}}, {"type": "Feature", "properties": {"id": 20, "source": "intersection", "node_kind": "midpoint", "node_snap_m": 0.0, "line": 2603, "gap_m": 4.1, "length_m": 2.0}, "geometry": {"type": "LineString", "coordinates": [[325387.34375, 4692371.0], [325389.375, 4692371.0]]}}, {"type": "Feature", "properties": {"id": 21, "source": "intersection", "node_kind": "midpoint", "node_snap_m": 0.0, "line": 2604, "gap_m": 4.1, "length_m": 2.0}, "geometry": {"type": "LineString", "coordinates": [[325391.40625, 4692371.0], [325389.375, 4692371.0]]}}, {"type": "Feature", "properties": {"id": 22, "source": "intersection", "node_kind": "midpoint", "node_snap_m": 0.0, "line": 1432, "gap_m": 4.3, "length_m": 2.2}, "geometry": {"type": "LineString", "coordinates": [[320056.1875, 4688913.0], [320054.09375, 4688913.5]]}}, {"type": "Feature", "properties": {"id": 23, "source": "intersection", "node_kind": "midpoint", "node_snap_m": 0.0, "line": 1435, "gap_m": 4.3, "length_m": 2.2}, "geometry": {"type": "LineString", "coordinates": [[320052.0, 4688914.0], [320054.09375, 4688913.5]]}}, {"type": "Feature", "properties": {"id": 24, "source": "intersection", "node_kind": "midpoint", "node_snap_m": 0.0, "line": 1935, "gap_m": 4.3, "length_m": 2.2}, "geometry": {"type": "LineString", "coordinates": [[323229.0, 4691481.0], [323226.828125, 4691481.0]]}}, {"type": "Feature", "properties": {"id": 25, "source": "intersection", "node_kind": "midpoint", "node_snap_m": 0.0, "line": 1943, "gap_m": 4.3, "length_m": 2.2}, "geometry": {"type": "LineString", "coordinates": [[323224.65625, 4691481.0], [323226.828125, 4691481.0]]}}, {"type": "Feature", "properties": {"id": 26, "source": "intersection", "node_kind": "midpoint", "node_snap_m": 0.0, "line": 3910, "gap_m": 4.4, "length_m": 2.2}, "geometry": {"type": "LineString", "coordinates": [[328851.3125, 4692020.5], [328853.484375, 4692020.25]]}}, {"type": "Feature", "properties": {"id": 27, "source": "intersection", "node_kind": "midpoint", "node_snap_m": 0.0, "line": 3916, "gap_m": 4.4, "length_m": 2.2}, "geometry": {"type": "LineString", "coordinates": [[328855.65625, 4692020.0], [328853.484375, 4692020.25]]}}, {"type": "Feature", "properties": {"id": 28, "source": "intersection", "node_kind": "midpoint", "node_snap_m": 0.0, "line": 4024, "gap_m": 4.6, "length_m": 2.3}, "geometry": {"type": "LineString", "coordinates": [[328933.8125, 4674615.5], [328935.53125, 4674617.0]]}}, {"type": "Feature", "properties": {"id": 29, "source": "intersection", "node_kind": "midpoint", "node_snap_m": 0.0, "line": 4025, "gap_m": 4.6, "length_m": 2.3}, "geometry": {"type": "LineString", "coordinates": [[328937.25, 4674618.5], [328935.53125, 4674617.0]]}}, {"type": "Feature", "properties": {"id": 30, "source": "intersection", "node_kind": "midpoint", "node_snap_m": 0.0, "line": 840, "gap_m": 4.6, "length_m": 2.3}, "geometry": {"type": "LineString", "coordinates": [[316032.90625, 4704742.5], [316034.40625, 4704740.75]]}}, {"type": "Feature", "properties": {"id": 31, "source": "intersection", "node_kind": "midpoint", "node_snap_m": 0.0, "line": 841, "gap_m": 4.6, "length_m": 2.3}, "geometry": {"type": "LineString", "coordinates": [[316035.90625, 4704739.0], [316034.40625, 4704740.75]]}}, {"type": "Feature", "properties": {"id": 32, "source": "intersection", "node_kind": "midpoint", "node_snap_m": 0.0, "line": 2688, "gap_m": 5.0, "length_m": 2.5}, "geometry": {"type": "LineString", "coordinates": [[325302.3125, 4686072.5], [325303.359375, 4686070.25]]}}, {"type": "Feature", "properties": {"id": 33, "source": "intersection", "node_kind": "midpoint", "node_snap_m": 0.0, "line": 2695, "gap_m": 5.0, "length_m": 2.5}, "geometry": {"type": "LineString", "coordinates": [[325304.40625, 4686068.0], [325303.359375, 4686070.25]]}}, {"type": "Feature", "properties": {"id": 34, "source": "intersection", "node_kind": "midpoint", "node_snap_m": 0.0, "line": 3018, "gap_m": 5.0, "length_m": 2.5}, "geometry": {"type": "LineString", "coordinates": [[326355.4375, 4698082.0], [326355.515625, 4698084.5]]}}, {"type": "Feature", "properties": {"id": 35, "source": "intersection", "node_kind": "midpoint", "node_snap_m": 0.0, "line": 3023, "gap_m": 5.0, "length_m": 2.5}, "geometry": {"type": "LineString", "coordinates": [[326355.59375, 4698087.0], [326355.515625, 4698084.5]]}}, {"type": "Feature", "properties": {"id": 36, "source": "intersection", "node_kind": "midpoint", "node_snap_m": 0.0, "line": 2341, "gap_m": 5.0, "length_m": 2.5}, "geometry": {"type": "LineString", "coordinates": [[324812.09375, 4698208.5], [324810.296875, 4698210.25]]}}, {"type": "Feature", "properties": {"id": 37, "source": "intersection", "node_kind": "midpoint", "node_snap_m": 0.0, "line": 2346, "gap_m": 5.0, "length_m": 2.5}, "geometry": {"type": "LineString", "coordinates": [[324808.5, 4698212.0], [324810.296875, 4698210.25]]}}, {"type": "Feature", "properties": {"id": 38, "source": "intersection", "node_kind": "midpoint", "node_snap_m": 0.0, "line": 2508, "gap_m": 5.5, "length_m": 2.7}, "geometry": {"type": "LineString", "coordinates": [[325440.0, 4699097.5], [325437.375, 4699098.25]]}}, {"type": "Feature", "properties": {"id": 39, "source": "intersection", "node_kind": "midpoint", "node_snap_m": 0.0, "line": 2511, "gap_m": 5.5, "length_m": 2.7}, "geometry": {"type": "LineString", "coordinates": [[325434.75, 4699099.0], [325437.375, 4699098.25]]}}, {"type": "Feature", "properties": {"id": 40, "source": "intersection", "node_kind": "midpoint", "node_snap_m": 0.0, "line": 296, "gap_m": 5.5, "length_m": 2.8}, "geometry": {"type": "LineString", "coordinates": [[305191.0625, 4682810.5], [305190.828125, 4682813.25]]}}, {"type": "Feature", "properties": {"id": 41, "source": "intersection", "node_kind": "midpoint", "node_snap_m": 0.0, "line": 298, "gap_m": 5.5, "length_m": 2.8}, "geometry": {"type": "LineString", "coordinates": [[305190.59375, 4682816.0], [305190.828125, 4682813.25]]}}, {"type": "Feature", "properties": {"id": 42, "source": "intersection", "node_kind": "midpoint", "node_snap_m": 0.0, "line": 5535, "gap_m": 5.7, "length_m": 2.9}, "geometry": {"type": "LineString", "coordinates": [[342324.15625, 4707729.5], [342321.90625, 4707727.75]]}}, {"type": "Feature", "properties": {"id": 43, "source": "intersection", "node_kind": "midpoint", "node_snap_m": 0.0, "line": 5537, "gap_m": 5.7, "length_m": 2.9}, "geometry": {"type": "LineString", "coordinates": [[342319.65625, 4707726.0], [342321.90625, 4707727.75]]}}, {"type": "Feature", "properties": {"id": 44, "source": "intersection", "node_kind": "midpoint", "node_snap_m": 0.0, "line": 1020, "gap_m": 6.3, "length_m": 3.2}, "geometry": {"type": "LineString", "coordinates": [[316411.1875, 4659149.5], [316414.34375, 4659149.5]]}}, {"type": "Feature", "properties": {"id": 45, "source": "intersection", "node_kind": "midpoint", "node_snap_m": 0.0, "line": 1021, "gap_m": 6.3, "length_m": 3.2}, "geometry": {"type": "LineString", "coordinates": [[316417.5, 4659149.5], [316414.34375, 4659149.5]]}}, {"type": "Feature", "properties": {"id": 46, "source": "intersection", "node_kind": "midpoint", "node_snap_m": 0.0, "line": 1203, "gap_m": 6.8, "length_m": 3.4}, "geometry": {"type": "LineString", "coordinates": [[318209.40625, 4691111.5], [318207.375, 4691114.25]]}}, {"type": "Feature", "properties": {"id": 47, "source": "intersection", "node_kind": "midpoint", "node_snap_m": 0.0, "line": 1207, "gap_m": 6.8, "length_m": 3.4}, "geometry": {"type": "LineString", "coordinates": [[318205.34375, 4691117.0], [318207.375, 4691114.25]]}}, {"type": "Feature", "properties": {"id": 48, "source": "intersection", "node_kind": "midpoint", "node_snap_m": 0.0, "line": 550, "gap_m": 6.9, "length_m": 3.4}, "geometry": {"type": "LineString", "coordinates": [[313935.15625, 4702875.0], [313936.28125, 4702878.25]]}}, {"type": "Feature", "properties": {"id": 49, "source": "intersection", "node_kind": "midpoint", "node_snap_m": 0.0, "line": 552, "gap_m": 6.9, "length_m": 3.4}, "geometry": {"type": "LineString", "coordinates": [[313937.40625, 4702881.5], [313936.28125, 4702878.25]]}}, {"type": "Feature", "properties": {"id": 50, "source": "intersection", "node_kind": "midpoint", "node_snap_m": 0.0, "line": 5131, "gap_m": 7.4, "length_m": 3.7}, "geometry": {"type": "LineString", "coordinates": [[336420.15625, 4694110.0], [336416.484375, 4694110.5]]}}, {"type": "Feature", "properties": {"id": 51, "source": "intersection", "node_kind": "midpoint", "node_snap_m": 0.0, "line": 5167, "gap_m": 7.4, "length_m": 3.7}, "geometry": {"type": "LineString", "coordinates": [[336412.8125, 4694111.0], [336416.484375, 4694110.5]]}}, {"type": "Feature", "properties": {"id": 52, "source": "intersection", "node_kind": "midpoint", "node_snap_m": 0.0, "line": 492, "gap_m": 8.5, "length_m": 4.3}, "geometry": {"type": "LineString", "coordinates": [[312683.84375, 4706816.5], [312683.390625, 4706812.25]]}}, {"type": "Feature", "properties": {"id": 53, "source": "intersection", "node_kind": "midpoint", "node_snap_m": 0.0, "line": 494, "gap_m": 8.5, "length_m": 4.3}, "geometry": {"type": "LineString", "coordinates": [[312682.9375, 4706808.0], [312683.390625, 4706812.25]]}}, {"type": "Feature", "properties": {"id": 54, "source": "intersection", "node_kind": "midpoint", "node_snap_m": 0.0, "line": 5059, "gap_m": 8.8, "length_m": 4.4}, "geometry": {"type": "LineString", "coordinates": [[335001.0, 4679553.5], [334996.875, 4679555.0]]}}, {"type": "Feature", "properties": {"id": 55, "source": "intersection", "node_kind": "midpoint", "node_snap_m": 0.0, "line": 5062, "gap_m": 8.8, "length_m": 4.4}, "geometry": {"type": "LineString", "coordinates": [[334992.75, 4679556.5], [334996.875, 4679555.0]]}}, {"type": "Feature", "properties": {"id": 56, "source": "intersection", "node_kind": "midpoint", "node_snap_m": 0.0, "line": 994, "gap_m": 8.9, "length_m": 4.4}, "geometry": {"type": "LineString", "coordinates": [[316412.6875, 4685666.0], [316416.515625, 4685668.25]]}}, {"type": "Feature", "properties": {"id": 57, "source": "intersection", "node_kind": "midpoint", "node_snap_m": 0.0, "line": 998, "gap_m": 8.9, "length_m": 4.4}, "geometry": {"type": "LineString", "coordinates": [[316420.34375, 4685670.5], [316416.515625, 4685668.25]]}}, {"type": "Feature", "properties": {"id": 58, "source": "intersection", "node_kind": "midpoint", "node_snap_m": 0.0, "line": 3172, "gap_m": 9.8, "length_m": 4.9}, "geometry": {"type": "LineString", "coordinates": [[326640.4375, 4665434.5], [326645.015625, 4665432.75]]}}, {"type": "Feature", "properties": {"id": 59, "source": "intersection", "node_kind": "midpoint", "node_snap_m": 0.0, "line": 3175, "gap_m": 9.8, "length_m": 4.9}, "geometry": {"type": "LineString", "coordinates": [[326649.59375, 4665431.0], [326645.015625, 4665432.75]]}}, {"type": "Feature", "properties": {"id": 60, "source": "intersection", "node_kind": "midpoint", "node_snap_m": 0.0, "line": 4134, "gap_m": 11.1, "length_m": 5.5}, "geometry": {"type": "LineString", "coordinates": [[329380.65625, 4691159.0], [329382.453125, 4691153.75]]}}, {"type": "Feature", "properties": {"id": 61, "source": "intersection", "node_kind": "midpoint", "node_snap_m": 0.0, "line": 4138, "gap_m": 11.1, "length_m": 5.5}, "geometry": {"type": "LineString", "coordinates": [[329384.25, 4691148.5], [329382.453125, 4691153.75]]}}, {"type": "Feature", "properties": {"id": 62, "source": "intersection", "node_kind": "midpoint", "node_snap_m": 0.0, "line": 2389, "gap_m": 11.8, "length_m": 5.9}, "geometry": {"type": "LineString", "coordinates": [[324509.40625, 4691521.0], [324514.734375, 4691523.5]]}}, {"type": "Feature", "properties": {"id": 63, "source": "intersection", "node_kind": "midpoint", "node_snap_m": 0.0, "line": 2392, "gap_m": 11.8, "length_m": 5.9}, "geometry": {"type": "LineString", "coordinates": [[324520.0625, 4691526.0], [324514.734375, 4691523.5]]}}, {"type": "Feature", "properties": {"id": 64, "source": "intersection", "node_kind": "midpoint", "node_snap_m": 0.0, "line": 2046, "gap_m": 12.6, "length_m": 6.3}, "geometry": {"type": "LineString", "coordinates": [[323345.84375, 4693680.0], [323352.078125, 4693681.0]]}}, {"type": "Feature", "properties": {"id": 65, "source": "intersection", "node_kind": "midpoint", "node_snap_m": 0.0, "line": 2051, "gap_m": 12.6, "length_m": 6.3}, "geometry": {"type": "LineString", "coordinates": [[323358.3125, 4693682.0], [323352.078125, 4693681.0]]}}, {"type": "Feature", "properties": {"id": 66, "source": "intersection", "node_kind": "midpoint", "node_snap_m": 0.0, "line": 3405, "gap_m": 12.7, "length_m": 6.3}, "geometry": {"type": "LineString", "coordinates": [[327876.15625, 4695775.5], [327870.0, 4695774.0]]}}, {"type": "Feature", "properties": {"id": 67, "source": "intersection", "node_kind": "midpoint", "node_snap_m": 0.0, "line": 3637, "gap_m": 12.7, "length_m": 6.3}, "geometry": {"type": "LineString", "coordinates": [[327863.84375, 4695772.5], [327870.0, 4695774.0]]}}, {"type": "Feature", "properties": {"id": 68, "source": "intersection", "node_kind": "midpoint", "node_snap_m": 0.0, "line": 3014, "gap_m": 13.0, "length_m": 6.5}, "geometry": {"type": "LineString", "coordinates": [[326341.0625, 4698092.0], [326340.828125, 4698085.5]]}}, {"type": "Feature", "properties": {"id": 69, "source": "intersection", "node_kind": "midpoint", "node_snap_m": 0.0, "line": 3017, "gap_m": 13.0, "length_m": 6.5}, "geometry": {"type": "LineString", "coordinates": [[326340.59375, 4698079.0], [326340.828125, 4698085.5]]}}, {"type": "Feature", "properties": {"id": 70, "source": "intersection", "node_kind": "midpoint", "node_snap_m": 0.0, "line": 4342, "gap_m": 13.3, "length_m": 6.7}, "geometry": {"type": "LineString", "coordinates": [[329708.6875, 4688107.0], [329705.3125, 4688112.75]]}}, {"type": "Feature", "properties": {"id": 71, "source": "intersection", "node_kind": "midpoint", "node_snap_m": 0.0, "line": 4344, "gap_m": 13.3, "length_m": 6.7}, "geometry": {"type": "LineString", "coordinates": [[329701.9375, 4688118.5], [329705.3125, 4688112.75]]}}, {"type": "Feature", "properties": {"id": 72, "source": "intersection", "node_kind": "midpoint", "node_snap_m": 0.0, "line": 2297, "gap_m": 13.8, "length_m": 6.9}, "geometry": {"type": "LineString", "coordinates": [[324628.5, 4703904.0], [324634.125, 4703908.0]]}}, {"type": "Feature", "properties": {"id": 73, "source": "intersection", "node_kind": "midpoint", "node_snap_m": 0.0, "line": 2298, "gap_m": 13.8, "length_m": 6.9}, "geometry": {"type": "LineString", "coordinates": [[324639.75, 4703912.0], [324634.125, 4703908.0]]}}, {"type": "Feature", "properties": {"id": 74, "source": "intersection", "node_kind": "midpoint", "node_snap_m": 0.0, "line": 4306, "gap_m": 14.1, "length_m": 7.0}, "geometry": {"type": "LineString", "coordinates": [[330014.5625, 4691953.0], [330021.53125, 4691954.0]]}}, {"type": "Feature", "properties": {"id": 75, "source": "intersection", "node_kind": "midpoint", "node_snap_m": 0.0, "line": 4307, "gap_m": 14.1, "length_m": 7.0}, "geometry": {"type": "LineString", "coordinates": [[330028.5, 4691955.0], [330021.53125, 4691954.0]]}}, {"type": "Feature", "properties": {"id": 76, "source": "intersection", "node_kind": "midpoint", "node_snap_m": 0.0, "line": 5080, "gap_m": 14.1, "length_m": 7.1}, "geometry": {"type": "LineString", "coordinates": [[335764.0625, 4695876.0], [335761.28125, 4695882.5]]}}, {"type": "Feature", "properties": {"id": 77, "source": "intersection", "node_kind": "midpoint", "node_snap_m": 0.0, "line": 5085, "gap_m": 14.1, "length_m": 7.1}, "geometry": {"type": "LineString", "coordinates": [[335758.5, 4695889.0], [335761.28125, 4695882.5]]}}, {"type": "Feature", "properties": {"id": 78, "source": "intersection", "node_kind": "midpoint", "node_snap_m": 0.0, "line": 1035, "gap_m": 15.8, "length_m": 7.9}, "geometry": {"type": "LineString", "coordinates": [[317025.59375, 4701761.5], [317018.390625, 4701764.75]]}}, {"type": "Feature", "properties": {"id": 79, "source": "intersection", "node_kind": "midpoint", "node_snap_m": 0.0, "line": 1039, "gap_m": 15.8, "length_m": 7.9}, "geometry": {"type": "LineString", "coordinates": [[317011.1875, 4701768.0], [317018.390625, 4701764.75]]}}, {"type": "Feature", "properties": {"id": 80, "source": "intersection", "node_kind": "midpoint", "node_snap_m": 0.0, "line": 3917, "gap_m": 15.8, "length_m": 7.9}, "geometry": {"type": "LineString", "coordinates": [[329410.0625, 4691978.0], [329417.9375, 4691978.75]]}}, {"type": "Feature", "properties": {"id": 81, "source": "intersection", "node_kind": "midpoint", "node_snap_m": 0.0, "line": 4126, "gap_m": 15.8, "length_m": 7.9}, "geometry": {"type": "LineString", "coordinates": [[329425.8125, 4691979.5], [329417.9375, 4691978.75]]}}, {"type": "Feature", "properties": {"id": 82, "source": "intersection", "node_kind": "midpoint", "node_snap_m": 0.0, "line": 2094, "gap_m": 16.2, "length_m": 8.1}, "geometry": {"type": "LineString", "coordinates": [[323657.5625, 4689106.0], [323651.40625, 4689111.25]]}}, {"type": "Feature", "properties": {"id": 83, "source": "intersection", "node_kind": "midpoint", "node_snap_m": 0.0, "line": 2099, "gap_m": 16.2, "length_m": 8.1}, "geometry": {"type": "LineString", "coordinates": [[323645.25, 4689116.5], [323651.40625, 4689111.25]]}}, {"type": "Feature", "properties": {"id": 84, "source": "intersection", "node_kind": "midpoint", "node_snap_m": 0.0, "line": 1863, "gap_m": 17.2, "length_m": 8.6}, "geometry": {"type": "LineString", "coordinates": [[322413.3125, 4669382.0], [322407.984375, 4669388.75]]}}, {"type": "Feature", "properties": {"id": 85, "source": "intersection", "node_kind": "midpoint", "node_snap_m": 0.0, "line": 1864, "gap_m": 17.2, "length_m": 8.6}, "geometry": {"type": "LineString", "coordinates": [[322402.65625, 4669395.5], [322407.984375, 4669388.75]]}}, {"type": "Feature", "properties": {"id": 86, "source": "intersection", "node_kind": "midpoint", "node_snap_m": 0.0, "line": 2687, "gap_m": 17.4, "length_m": 8.7}, "geometry": {"type": "LineString", "coordinates": [[325161.4375, 4686226.0], [325170.0, 4686227.5]]}}, {"type": "Feature", "properties": {"id": 87, "source": "intersection", "node_kind": "midpoint", "node_snap_m": 0.0, "line": 2689, "gap_m": 17.4, "length_m": 8.7}, "geometry": {"type": "LineString", "coordinates": [[325178.5625, 4686229.0], [325170.0, 4686227.5]]}}, {"type": "Feature", "properties": {"id": 88, "source": "intersection", "node_kind": "midpoint", "node_snap_m": 0.0, "line": 2150, "gap_m": 17.6, "length_m": 8.8}, "geometry": {"type": "LineString", "coordinates": [[324134.40625, 4702157.0], [324130.28125, 4702149.25]]}}, {"type": "Feature", "properties": {"id": 89, "source": "intersection", "node_kind": "midpoint", "node_snap_m": 0.0, "line": 2151, "gap_m": 17.6, "length_m": 8.8}, "geometry": {"type": "LineString", "coordinates": [[324126.15625, 4702141.5], [324130.28125, 4702149.25]]}}, {"type": "Feature", "properties": {"id": 90, "source": "intersection", "node_kind": "midpoint", "node_snap_m": 0.0, "line": 996, "gap_m": 18.9, "length_m": 9.5}, "geometry": {"type": "LineString", "coordinates": [[316823.5625, 4685882.0], [316815.375, 4685877.25]]}}, {"type": "Feature", "properties": {"id": 91, "source": "intersection", "node_kind": "midpoint", "node_snap_m": 0.0, "line": 997, "gap_m": 18.9, "length_m": 9.5}, "geometry": {"type": "LineString", "coordinates": [[316807.1875, 4685872.5], [316815.375, 4685877.25]]}}, {"type": "Feature", "properties": {"id": 92, "source": "intersection", "node_kind": "midpoint", "node_snap_m": 0.0, "line": 1812, "gap_m": 19.8, "length_m": 9.9}, "geometry": {"type": "LineString", "coordinates": [[322656.0, 4690439.0], [322657.796875, 4690429.25]]}}, {"type": "Feature", "properties": {"id": 93, "source": "intersection", "node_kind": "midpoint", "node_snap_m": 0.0, "line": 1823, "gap_m": 19.8, "length_m": 9.9}, "geometry": {"type": "LineString", "coordinates": [[322659.59375, 4690419.5], [322657.796875, 4690429.25]]}}, {"type": "Feature", "properties": {"id": 94, "source": "intersection", "node_kind": "midpoint", "node_snap_m": 0.0, "line": 1389, "gap_m": 19.9, "length_m": 9.9}, "geometry": {"type": "LineString", "coordinates": [[319877.40625, 4716648.0], [319872.234375, 4716656.5]]}}, {"type": "Feature", "properties": {"id": 95, "source": "intersection", "node_kind": "midpoint", "node_snap_m": 0.0, "line": 1394, "gap_m": 19.9, "length_m": 9.9}, "geometry": {"type": "LineString", "coordinates": [[319867.0625, 4716665.0], [319872.234375, 4716656.5]]}}, {"type": "Feature", "properties": {"id": 96, "source": "intersection", "node_kind": "midpoint", "node_snap_m": 0.0, "line": 2028, "gap_m": 20.3, "length_m": 10.1}, "geometry": {"type": "LineString", "coordinates": [[323505.4375, 4695831.0], [323515.421875, 4695829.25]]}}, {"type": "Feature", "properties": {"id": 97, "source": "intersection", "node_kind": "midpoint", "node_snap_m": 0.0, "line": 2030, "gap_m": 20.3, "length_m": 10.1}, "geometry": {"type": "LineString", "coordinates": [[323525.40625, 4695827.5], [323515.421875, 4695829.25]]}}, {"type": "Feature", "properties": {"id": 98, "source": "intersection", "node_kind": "midpoint", "node_snap_m": 0.0, "line": 2958, "gap_m": 20.3, "length_m": 10.1}, "geometry": {"type": "LineString", "coordinates": [[325643.25, 4682742.0], [325636.421875, 4682749.5]]}}, {"type": "Feature", "properties": {"id": 99, "source": "intersection", "node_kind": "midpoint", "node_snap_m": 0.0, "line": 2960, "gap_m": 20.3, "length_m": 10.1}, "geometry": {"type": "LineString", "coordinates": [[325629.59375, 4682757.0], [325636.421875, 4682749.5]]}}, {"type": "Feature", "properties": {"id": 100, "source": "intersection", "node_kind": "midpoint", "node_snap_m": 0.0, "line": 2029, "gap_m": 21.2, "length_m": 10.6}, "geometry": {"type": "LineString", "coordinates": [[323520.59375, 4695819.0], [323510.015625, 4695819.5]]}}, {"type": "Feature", "properties": {"id": 101, "source": "intersection", "node_kind": "midpoint", "node_snap_m": 0.0, "line": 2034, "gap_m": 21.2, "length_m": 10.6}, "geometry": {"type": "LineString", "coordinates": [[323499.4375, 4695820.0], [323510.015625, 4695819.5]]}}, {"type": "Feature", "properties": {"id": 102, "source": "intersection", "node_kind": "midpoint", "node_snap_m": 0.0, "line": 672, "gap_m": 21.3, "length_m": 10.6}, "geometry": {"type": "LineString", "coordinates": [[314782.1875, 4705258.0], [314789.46875, 4705250.25]]}}, {"type": "Feature", "properties": {"id": 103, "source": "intersection", "node_kind": "midpoint", "node_snap_m": 0.0, "line": 674, "gap_m": 21.3, "length_m": 10.6}, "geometry": {"type": "LineString", "coordinates": [[314796.75, 4705242.5], [314789.46875, 4705250.25]]}}, {"type": "Feature", "properties": {"id": 104, "source": "intersection", "node_kind": "midpoint", "node_snap_m": 0.0, "line": 471, "gap_m": 21.3, "length_m": 10.7}, "geometry": {"type": "LineString", "coordinates": [[312049.9375, 4687405.0], [312057.96875, 4687398.0]]}}, {"type": "Feature", "properties": {"id": 105, "source": "intersection", "node_kind": "midpoint", "node_snap_m": 0.0, "line": 473, "gap_m": 21.3, "length_m": 10.7}, "geometry": {"type": "LineString", "coordinates": [[312066.0, 4687391.0], [312057.96875, 4687398.0]]}}, {"type": "Feature", "properties": {"id": 106, "source": "intersection", "node_kind": "midpoint", "node_snap_m": 0.0, "line": 962, "gap_m": 21.6, "length_m": 10.8}, "geometry": {"type": "LineString", "coordinates": [[316559.09375, 4691881.5], [316555.71875, 4691871.25]]}}, {"type": "Feature", "properties": {"id": 107, "source": "intersection", "node_kind": "midpoint", "node_snap_m": 0.0, "line": 966, "gap_m": 21.6, "length_m": 10.8}, "geometry": {"type": "LineString", "coordinates": [[316552.34375, 4691861.0], [316555.71875, 4691871.25]]}}, {"type": "Feature", "properties": {"id": 108, "source": "intersection", "node_kind": "midpoint", "node_snap_m": 0.0, "line": 2207, "gap_m": 21.6, "length_m": 10.8}, "geometry": {"type": "LineString", "coordinates": [[323914.1875, 4691641.5], [323917.5625, 4691651.75]]}}, {"type": "Feature", "properties": {"id": 109, "source": "intersection", "node_kind": "midpoint", "node_snap_m": 0.0, "line": 2212, "gap_m": 21.6, "length_m": 10.8}, "geometry": {"type": "LineString", "coordinates": [[323920.9375, 4691662.0], [323917.5625, 4691651.75]]}}, {"type": "Feature", "properties": {"id": 110, "source": "intersection", "node_kind": "midpoint", "node_snap_m": 0.0, "line": 1296, "gap_m": 21.8, "length_m": 10.9}, "geometry": {"type": "LineString", "coordinates": [[318846.59375, 4688805.5], [318835.71875, 4688805.75]]}}, {"type": "Feature", "properties": {"id": 111, "source": "intersection", "node_kind": "midpoint", "node_snap_m": 0.0, "line": 1297, "gap_m": 21.8, "length_m": 10.9}, "geometry": {"type": "LineString", "coordinates": [[318824.84375, 4688806.0], [318835.71875, 4688805.75]]}}, {"type": "Feature", "properties": {"id": 112, "source": "intersection", "node_kind": "midpoint", "node_snap_m": 0.0, "line": 3338, "gap_m": 22.0, "length_m": 11.0}, "geometry": {"type": "LineString", "coordinates": [[327292.8125, 4680353.5], [327292.65625, 4680342.5]]}}, {"type": "Feature", "properties": {"id": 113, "source": "intersection", "node_kind": "midpoint", "node_snap_m": 0.0, "line": 3342, "gap_m": 22.0, "length_m": 11.0}, "geometry": {"type": "LineString", "coordinates": [[327292.5, 4680331.5], [327292.65625, 4680342.5]]}}, {"type": "Feature", "properties": {"id": 114, "source": "intersection", "node_kind": "midpoint", "node_snap_m": 0.0, "line": 3340, "gap_m": 22.0, "length_m": 11.0}, "geometry": {"type": "LineString", "coordinates": [[327294.3125, 4680331.5], [327294.53125, 4680342.5]]}}, {"type": "Feature", "properties": {"id": 115, "source": "intersection", "node_kind": "midpoint", "node_snap_m": 0.0, "line": 3344, "gap_m": 22.0, "length_m": 11.0}, "geometry": {"type": "LineString", "coordinates": [[327294.75, 4680353.5], [327294.53125, 4680342.5]]}}, {"type": "Feature", "properties": {"id": 116, "source": "intersection", "node_kind": "midpoint", "node_snap_m": 0.0, "line": 4153, "gap_m": 22.9, "length_m": 11.4}, "geometry": {"type": "LineString", "coordinates": [[329283.4375, 4690503.5], [329275.265625, 4690495.5]]}}, {"type": "Feature", "properties": {"id": 117, "source": "intersection", "node_kind": "midpoint", "node_snap_m": 0.0, "line": 4158, "gap_m": 22.9, "length_m": 11.4}, "geometry": {"type": "LineString", "coordinates": [[329267.09375, 4690487.5], [329275.265625, 4690495.5]]}}, {"type": "Feature", "properties": {"id": 118, "source": "intersection", "node_kind": "midpoint", "node_snap_m": 0.0, "line": 4133, "gap_m": 23.2, "length_m": 11.6}, "geometry": {"type": "LineString", "coordinates": [[329402.09375, 4691095.0], [329398.421875, 4691106.0]]}}, {"type": "Feature", "properties": {"id": 119, "source": "intersection", "node_kind": "midpoint", "node_snap_m": 0.0, "line": 4138, "gap_m": 23.2, "length_m": 11.6}, "geometry": {"type": "LineString", "coordinates": [[329394.75, 4691117.0], [329398.421875, 4691106.0]]}}, {"type": "Feature", "properties": {"id": 120, "source": "intersection", "node_kind": "midpoint", "node_snap_m": 0.0, "line": 3670, "gap_m": 23.2, "length_m": 11.6}, "geometry": {"type": "LineString", "coordinates": [[328080.15625, 4691870.5], [328084.578125, 4691859.75]]}}, {"type": "Feature", "properties": {"id": 121, "source": "intersection", "node_kind": "midpoint", "node_snap_m": 0.0, "line": 3679, "gap_m": 23.2, "length_m": 11.6}, "geometry": {"type": "LineString", "coordinates": [[328089.0, 4691849.0], [328084.578125, 4691859.75]]}}, {"type": "Feature", "properties": {"id": 122, "source": "intersection", "node_kind": "midpoint", "node_snap_m": 0.0, "line": 2690, "gap_m": 23.4, "length_m": 11.7}, "geometry": {"type": "LineString", "coordinates": [[325303.9375, 4686067.5], [325301.765625, 4686079.0]]}}, {"type": "Feature", "properties": {"id": 123, "source": "intersection", "node_kind": "midpoint", "node_snap_m": 0.0, "line": 2693, "gap_m": 23.4, "length_m": 11.7}, "geometry": {"type": "LineString", "coordinates": [[325299.59375, 4686090.5], [325301.765625, 4686079.0]]}}, {"type": "Feature", "properties": {"id": 124, "source": "intersection", "node_kind": "midpoint", "node_snap_m": 0.0, "line": 2895, "gap_m": 23.5, "length_m": 11.8}, "geometry": {"type": "LineString", "coordinates": [[325957.34375, 4687632.0], [325956.890625, 4687643.75]]}}, {"type": "Feature", "properties": {"id": 125, "source": "intersection", "node_kind": "midpoint", "node_snap_m": 0.0, "line": 2897, "gap_m": 23.5, "length_m": 11.8}, "geometry": {"type": "LineString", "coordinates": [[325956.4375, 4687655.5], [325956.890625, 4687643.75]]}}, {"type": "Feature", "properties": {"id": 126, "source": "intersection", "node_kind": "midpoint", "node_snap_m": 0.0, "line": 2128, "gap_m": 24.0, "length_m": 12.0}, "geometry": {"type": "LineString", "coordinates": [[323766.75, 4683776.0], [323778.75, 4683775.5]]}}, {"type": "Feature", "properties": {"id": 127, "source": "intersection", "node_kind": "midpoint", "node_snap_m": 0.0, "line": 2261, "gap_m": 24.0, "length_m": 12.0}, "geometry": {"type": "LineString", "coordinates": [[323790.75, 4683775.0], [323778.75, 4683775.5]]}}, {"type": "Feature", "properties": {"id": 128, "source": "intersection", "node_kind": "midpoint", "node_snap_m": 0.0, "line": 3085, "gap_m": 24.1, "length_m": 12.1}, "geometry": {"type": "LineString", "coordinates": [[326475.15625, 4690378.5], [326463.609375, 4690375.0]]}}, {"type": "Feature", "properties": {"id": 129, "source": "intersection", "node_kind": "midpoint", "node_snap_m": 0.0, "line": 3091, "gap_m": 24.1, "length_m": 12.1}, "geometry": {"type": "LineString", "coordinates": [[326452.0625, 4690371.5], [326463.609375, 4690375.0]]}}, {"type": "Feature", "properties": {"id": 130, "source": "intersection", "node_kind": "midpoint", "node_snap_m": 0.0, "line": 122, "gap_m": 24.5, "length_m": 12.2}, "geometry": {"type": "LineString", "coordinates": [[299968.65625, 4689360.5], [299956.5, 4689359.0]]}}, {"type": "Feature", "properties": {"id": 131, "source": "intersection", "node_kind": "midpoint", "node_snap_m": 0.0, "line": 123, "gap_m": 24.5, "length_m": 12.2}, "geometry": {"type": "LineString", "coordinates": [[299944.34375, 4689357.5], [299956.5, 4689359.0]]}}, {"type": "Feature", "properties": {"id": 132, "source": "intersection", "node_kind": "midpoint", "node_snap_m": 0.0, "line": 5014, "gap_m": 24.6, "length_m": 12.3}, "geometry": {"type": "LineString", "coordinates": [[334495.65625, 4694531.5], [334506.90625, 4694536.5]]}}, {"type": "Feature", "properties": {"id": 133, "source": "intersection", "node_kind": "midpoint", "node_snap_m": 0.0, "line": 5016, "gap_m": 24.6, "length_m": 12.3}, "geometry": {"type": "LineString", "coordinates": [[334518.15625, 4694541.5], [334506.90625, 4694536.5]]}}, {"type": "Feature", "properties": {"id": 134, "source": "intersection", "node_kind": "midpoint", "node_snap_m": 0.0, "line": 4102, "gap_m": 25.0, "length_m": 12.5}, "geometry": {"type": "LineString", "coordinates": [[329089.5, 4693164.5], [329080.125, 4693172.75]]}}, {"type": "Feature", "properties": {"id": 135, "source": "intersection", "node_kind": "midpoint", "node_snap_m": 0.0, "line": 4109, "gap_m": 25.0, "length_m": 12.5}, "geometry": {"type": "LineString", "coordinates": [[329070.75, 4693181.0], [329080.125, 4693172.75]]}}, {"type": "Feature", "properties": {"id": 136, "source": "intersection", "node_kind": "midpoint", "node_snap_m": 0.0, "line": 5519, "gap_m": 25.0, "length_m": 12.5}, "geometry": {"type": "LineString", "coordinates": [[341938.1875, 4671481.5], [341926.5, 4671477.0]]}}, {"type": "Feature", "properties": {"id": 137, "source": "intersection", "node_kind": "midpoint", "node_snap_m": 0.0, "line": 5526, "gap_m": 25.0, "length_m": 12.5}, "geometry": {"type": "LineString", "coordinates": [[341914.8125, 4671472.5], [341926.5, 4671477.0]]}}, {"type": "Feature", "properties": {"id": 138, "source": "intersection", "node_kind": "midpoint", "node_snap_m": 0.0, "line": 844, "gap_m": 25.1, "length_m": 12.6}, "geometry": {"type": "LineString", "coordinates": [[316163.84375, 4702869.5], [316172.625, 4702878.5]]}}, {"type": "Feature", "properties": {"id": 139, "source": "intersection", "node_kind": "midpoint", "node_snap_m": 0.0, "line": 845, "gap_m": 25.1, "length_m": 12.6}, "geometry": {"type": "LineString", "coordinates": [[316181.40625, 4702887.5], [316172.625, 4702878.5]]}}, {"type": "Feature", "properties": {"id": 140, "source": "intersection", "node_kind": "midpoint", "node_snap_m": 0.0, "line": 1490, "gap_m": 25.2, "length_m": 12.6}, "geometry": {"type": "LineString", "coordinates": [[320572.8125, 4698488.0], [320578.4375, 4698476.75]]}}, {"type": "Feature", "properties": {"id": 141, "source": "intersection", "node_kind": "midpoint", "node_snap_m": 0.0, "line": 1491, "gap_m": 25.2, "length_m": 12.6}, "geometry": {"type": "LineString", "coordinates": [[320584.0625, 4698465.5], [320578.4375, 4698476.75]]}}, {"type": "Feature", "properties": {"id": 142, "source": "intersection", "node_kind": "midpoint", "node_snap_m": 0.0, "line": 3691, "gap_m": 25.4, "length_m": 12.7}, "geometry": {"type": "LineString", "coordinates": [[328318.9375, 4690746.5], [328306.875, 4690742.5]]}}, {"type": "Feature", "properties": {"id": 143, "source": "intersection", "node_kind": "midpoint", "node_snap_m": 0.0, "line": 3692, "gap_m": 25.4, "length_m": 12.7}, "geometry": {"type": "LineString", "coordinates": [[328294.8125, 4690738.5], [328306.875, 4690742.5]]}}, {"type": "Feature", "properties": {"id": 144, "source": "intersection", "node_kind": "midpoint", "node_snap_m": 0.0, "line": 3921, "gap_m": 25.6, "length_m": 12.8}, "geometry": {"type": "LineString", "coordinates": [[329183.5625, 4691037.5], [329195.703125, 4691041.5]]}}, {"type": "Feature", "properties": {"id": 145, "source": "intersection", "node_kind": "midpoint", "node_snap_m": 0.0, "line": 4142, "gap_m": 25.6, "length_m": 12.8}, "geometry": {"type": "LineString", "coordinates": [[329207.84375, 4691045.5], [329195.703125, 4691041.5]]}}, {"type": "Feature", "properties": {"id": 146, "source": "intersection", "node_kind": "midpoint", "node_snap_m": 0.0, "line": 3194, "gap_m": 25.8, "length_m": 12.9}, "geometry": {"type": "LineString", "coordinates": [[327099.75, 4699187.0], [327112.5, 4699185.0]]}}, {"type": "Feature", "properties": {"id": 147, "source": "intersection", "node_kind": "midpoint", "node_snap_m": 0.0, "line": 3195, "gap_m": 25.8, "length_m": 12.9}, "geometry": {"type": "LineString", "coordinates": [[327125.25, 4699183.0], [327112.5, 4699185.0]]}}, {"type": "Feature", "properties": {"id": 148, "source": "intersection", "node_kind": "midpoint", "node_snap_m": 0.0, "line": 2452, "gap_m": 26.4, "length_m": 13.2}, "geometry": {"type": "LineString", "coordinates": [[324485.5625, 4683832.5], [324498.3125, 4683829.0]]}}, {"type": "Feature", "properties": {"id": 149, "source": "intersection", "node_kind": "midpoint", "node_snap_m": 0.0, "line": 2456, "gap_m": 26.4, "length_m": 13.2}, "geometry": {"type": "LineString", "coordinates": [[324511.0625, 4683825.5], [324498.3125, 4683829.0]]}}, {"type": "Feature", "properties": {"id": 150, "source": "intersection", "node_kind": "midpoint", "node_snap_m": 0.0, "line": 4102, "gap_m": 26.6, "length_m": 13.3}, "geometry": {"type": "LineString", "coordinates": [[329126.5625, 4693130.0], [329136.375, 4693121.0]]}}, {"type": "Feature", "properties": {"id": 151, "source": "intersection", "node_kind": "midpoint", "node_snap_m": 0.0, "line": 4106, "gap_m": 26.6, "length_m": 13.3}, "geometry": {"type": "LineString", "coordinates": [[329146.1875, 4693112.0], [329136.375, 4693121.0]]}}, {"type": "Feature", "properties": {"id": 152, "source": "intersection", "node_kind": "midpoint", "node_snap_m": 0.0, "line": 2562, "gap_m": 26.7, "length_m": 13.3}, "geometry": {"type": "LineString", "coordinates": [[325568.6875, 4694911.0], [325567.1875, 4694897.75]]}}, {"type": "Feature", "properties": {"id": 153, "source": "intersection", "node_kind": "midpoint", "node_snap_m": 0.0, "line": 2564, "gap_m": 26.7, "length_m": 13.3}, "geometry": {"type": "LineString", "coordinates": [[325565.6875, 4694884.5], [325567.1875, 4694897.75]]}}, {"type": "Feature", "properties": {"id": 154, "source": "intersection", "node_kind": "midpoint", "node_snap_m": 0.0, "line": 6064, "gap_m": 26.7, "length_m": 13.4}, "geometry": {"type": "LineString", "coordinates": [[290589.3125, 4690474.5], [290591.03125, 4690461.25]]}}, {"type": "Feature", "properties": {"id": 155, "source": "intersection", "node_kind": "midpoint", "node_snap_m": 0.0, "line": 6069, "gap_m": 26.7, "length_m": 13.4}, "geometry": {"type": "LineString", "coordinates": [[290592.75, 4690448.0], [290591.03125, 4690461.25]]}}, {"type": "Feature", "properties": {"id": 156, "source": "intersection", "node_kind": "midpoint", "node_snap_m": 0.0, "line": 5605, "gap_m": 27.1, "length_m": 13.6}, "geometry": {"type": "LineString", "coordinates": [[344294.84375, 4709428.0], [344296.265625, 4709414.5]]}}, {"type": "Feature", "properties": {"id": 157, "source": "intersection", "node_kind": "midpoint", "node_snap_m": 0.0, "line": 5612, "gap_m": 27.1, "length_m": 13.6}, "geometry": {"type": "LineString", "coordinates": [[344297.6875, 4709401.0], [344296.265625, 4709414.5]]}}, {"type": "Feature", "properties": {"id": 158, "source": "intersection", "node_kind": "midpoint", "node_snap_m": 0.0, "line": 3702, "gap_m": 27.2, "length_m": 13.6}, "geometry": {"type": "LineString", "coordinates": [[328353.3125, 4690559.5], [328366.125, 4690564.0]]}}, {"type": "Feature", "properties": {"id": 159, "source": "intersection", "node_kind": "midpoint", "node_snap_m": 0.0, "line": 3704, "gap_m": 27.2, "length_m": 13.6}, "geometry": {"type": "LineString", "coordinates": [[328378.9375, 4690568.5], [328366.125, 4690564.0]]}}, {"type": "Feature", "properties": {"id": 160, "source": "intersection", "node_kind": "midpoint", "node_snap_m": 0.0, "line": 5211, "gap_m": 27.2, "length_m": 13.6}, "geometry": {"type": "LineString", "coordinates": [[338101.1875, 4703362.5], [338091.0, 4703353.5]]}}, {"type": "Feature", "properties": {"id": 161, "source": "intersection", "node_kind": "midpoint", "node_snap_m": 0.0, "line": 5212, "gap_m": 27.2, "length_m": 13.6}, "geometry": {"type": "LineString", "coordinates": [[338080.8125, 4703344.5], [338091.0, 4703353.5]]}}, {"type": "Feature", "properties": {"id": 162, "source": "intersection", "node_kind": "midpoint", "node_snap_m": 0.0, "line": 2176, "gap_m": 27.7, "length_m": 13.8}, "geometry": {"type": "LineString", "coordinates": [[324161.25, 4694339.0], [324175.046875, 4694340.0]]}}, {"type": "Feature", "properties": {"id": 163, "source": "intersection", "node_kind": "midpoint", "node_snap_m": 0.0, "line": 2179, "gap_m": 27.7, "length_m": 13.8}, "geometry": {"type": "LineString", "coordinates": [[324188.84375, 4694341.0], [324175.046875, 4694340.0]]}}, {"type": "Feature", "properties": {"id": 164, "source": "intersection", "node_kind": "midpoint", "node_snap_m": 0.0, "line": 3694, "gap_m": 27.7, "length_m": 13.8}, "geometry": {"type": "LineString", "coordinates": [[327980.84375, 4690640.5], [327985.578125, 4690627.5]]}}, {"type": "Feature", "properties": {"id": 165, "source": "intersection", "node_kind": "midpoint", "node_snap_m": 0.0, "line": 3711, "gap_m": 27.7, "length_m": 13.8}, "geometry": {"type": "LineString", "coordinates": [[327990.3125, 4690614.5], [327985.578125, 4690627.5]]}}, {"type": "Feature", "properties": {"id": 166, "source": "intersection", "node_kind": "midpoint", "node_snap_m": 0.0, "line": 847, "gap_m": 28.2, "length_m": 14.1}, "geometry": {"type": "LineString", "coordinates": [[316161.59375, 4702888.0], [316169.390625, 4702876.25]]}}, {"type": "Feature", "properties": {"id": 167, "source": "intersection", "node_kind": "midpoint", "node_snap_m": 0.0, "line": 853, "gap_m": 28.2, "length_m": 14.1}, "geometry": {"type": "LineString", "coordinates": [[316177.1875, 4702864.5], [316169.390625, 4702876.25]]}}, {"type": "Feature", "properties": {"id": 168, "source": "intersection", "node_kind": "midpoint", "node_snap_m": 0.0, "line": 973, "gap_m": 28.3, "length_m": 14.2}, "geometry": {"type": "LineString", "coordinates": [[316553.25, 4690943.5], [316539.671875, 4690939.5]]}}, {"type": "Feature", "properties": {"id": 169, "source": "intersection", "node_kind": "midpoint", "node_snap_m": 0.0, "line": 981, "gap_m": 28.3, "length_m": 14.2}, "geometry": {"type": "LineString", "coordinates": [[316526.09375, 4690935.5], [316539.671875, 4690939.5]]}}, {"type": "Feature", "properties": {"id": 170, "source": "intersection", "node_kind": "midpoint", "node_snap_m": 0.0, "line": 1038, "gap_m": 28.5, "length_m": 14.2}, "geometry": {"type": "LineString", "coordinates": [[316953.90625, 4701790.0], [316967.03125, 4701784.5]]}}, {"type": "Feature", "properties": {"id": 171, "source": "intersection", "node_kind": "midpoint", "node_snap_m": 0.0, "line": 1039, "gap_m": 28.5, "length_m": 14.2}, "geometry": {"type": "LineString", "coordinates": [[316980.15625, 4701779.0], [316967.03125, 4701784.5]]}}, {"type": "Feature", "properties": {"id": 172, "source": "intersection", "node_kind": "midpoint", "node_snap_m": 0.0, "line": 5732, "gap_m": 28.6, "length_m": 14.3}, "geometry": {"type": "LineString", "coordinates": [[345374.40625, 4713871.0], [345377.40625, 4713857.0]]}}, {"type": "Feature", "properties": {"id": 173, "source": "intersection", "node_kind": "midpoint", "node_snap_m": 0.0, "line": 5735, "gap_m": 28.6, "length_m": 14.3}, "geometry": {"type": "LineString", "coordinates": [[345380.40625, 4713843.0], [345377.40625, 4713857.0]]}}, {"type": "Feature", "properties": {"id": 174, "source": "intersection", "node_kind": "midpoint", "node_snap_m": 0.0, "line": 5327, "gap_m": 28.7, "length_m": 14.4}, "geometry": {"type": "LineString", "coordinates": [[338928.4375, 4705448.5], [338938.5, 4705438.25]]}}, {"type": "Feature", "properties": {"id": 175, "source": "intersection", "node_kind": "midpoint", "node_snap_m": 0.0, "line": 5330, "gap_m": 28.7, "length_m": 14.4}, "geometry": {"type": "LineString", "coordinates": [[338948.5625, 4705428.0], [338938.5, 4705438.25]]}}, {"type": "Feature", "properties": {"id": 176, "source": "intersection", "node_kind": "midpoint", "node_snap_m": 0.0, "line": 3921, "gap_m": 29.0, "length_m": 14.5}, "geometry": {"type": "LineString", "coordinates": [[328851.59375, 4690926.0], [328837.875, 4690921.25]]}}, {"type": "Feature", "properties": {"id": 177, "source": "intersection", "node_kind": "midpoint", "node_snap_m": 0.0, "line": 3925, "gap_m": 29.0, "length_m": 14.5}, "geometry": {"type": "LineString", "coordinates": [[328824.15625, 4690916.5], [328837.875, 4690921.25]]}}, {"type": "Feature", "properties": {"id": 178, "source": "intersection", "node_kind": "midpoint", "node_snap_m": 0.0, "line": 1307, "gap_m": 29.1, "length_m": 14.6}, "geometry": {"type": "LineString", "coordinates": [[319120.5, 4687280.0], [319117.5, 4687265.75]]}}, {"type": "Feature", "properties": {"id": 179, "source": "intersection", "node_kind": "midpoint", "node_snap_m": 0.0, "line": 1310, "gap_m": 29.1, "length_m": 14.6}, "geometry": {"type": "LineString", "coordinates": [[319114.5, 4687251.5], [319117.5, 4687265.75]]}}, {"type": "Feature", "properties": {"id": 180, "source": "intersection", "node_kind": "midpoint", "node_snap_m": 0.0, "line": 3681, "gap_m": 29.2, "length_m": 14.6}, "geometry": {"type": "LineString", "coordinates": [[327888.3125, 4690847.0], [327902.1875, 4690851.5]]}}, {"type": "Feature", "properties": {"id": 181, "source": "intersection", "node_kind": "midpoint", "node_snap_m": 0.0, "line": 3686, "gap_m": 29.2, "length_m": 14.6}, "geometry": {"type": "LineString", "coordinates": [[327916.0625, 4690856.0], [327902.1875, 4690851.5]]}}, {"type": "Feature", "properties": {"id": 182, "source": "intersection", "node_kind": "midpoint", "node_snap_m": 0.0, "line": 2046, "gap_m": 29.2, "length_m": 14.6}, "geometry": {"type": "LineString", "coordinates": [[323312.09375, 4693675.0], [323297.625, 4693673.0]]}}, {"type": "Feature", "properties": {"id": 183, "source": "intersection", "node_kind": "midpoint", "node_snap_m": 0.0, "line": 2049, "gap_m": 29.2, "length_m": 14.6}, "geometry": {"type": "LineString", "coordinates": [[323283.15625, 4693671.0], [323297.625, 4693673.0]]}}, {"type": "Feature", "properties": {"id": 184, "source": "intersection", "node_kind": "midpoint", "node_snap_m": 0.0, "line": 3694, "gap_m": 29.4, "length_m": 14.7}, "geometry": {"type": "LineString", "coordinates": [[327974.6875, 4690659.0], [327970.265625, 4690673.0]]}}, {"type": "Feature", "properties": {"id": 185, "source": "intersection", "node_kind": "midpoint", "node_snap_m": 0.0, "line": 3695, "gap_m": 29.4, "length_m": 14.7}, "geometry": {"type": "LineString", "coordinates": [[327965.84375, 4690687.0], [327970.265625, 4690673.0]]}}, {"type": "Feature", "properties": {"id": 186, "source": "intersection", "node_kind": "midpoint", "node_snap_m": 0.0, "line": 2038, "gap_m": 29.8, "length_m": 14.9}, "geometry": {"type": "LineString", "coordinates": [[323810.25, 4694281.5], [323824.71875, 4694285.0]]}}, {"type": "Feature", "properties": {"id": 187, "source": "intersection", "node_kind": "midpoint", "node_snap_m": 0.0, "line": 2039, "gap_m": 29.8, "length_m": 14.9}, "geometry": {"type": "LineString", "coordinates": [[323839.1875, 4694288.5], [323824.71875, 4694285.0]]}}, {"type": "Feature", "properties": {"id": 188, "source": "intersection", "node_kind": "midpoint", "node_snap_m": 0.0, "line": 2040, "gap_m": 29.8, "length_m": 14.9}, "geometry": {"type": "LineString", "coordinates": [[323812.1875, 4694290.5], [323826.75, 4694293.75]]}}, {"type": "Feature", "properties": {"id": 189, "source": "intersection", "node_kind": "midpoint", "node_snap_m": 0.0, "line": 2175, "gap_m": 29.8, "length_m": 14.9}, "geometry": {"type": "LineString", "coordinates": [[323841.3125, 4694297.0], [323826.75, 4694293.75]]}}, {"type": "Feature", "properties": {"id": 190, "source": "intersection", "node_kind": "midpoint", "node_snap_m": 0.0, "line": 5776, "gap_m": 30.0, "length_m": 15.0}, "geometry": {"type": "LineString", "coordinates": [[345223.8125, 4711694.0], [345224.1875, 4711679.0]]}}, {"type": "Feature", "properties": {"id": 191, "source": "intersection", "node_kind": "midpoint", "node_snap_m": 0.0, "line": 5781, "gap_m": 30.0, "length_m": 15.0}, "geometry": {"type": "LineString", "coordinates": [[345224.5625, 4711664.0], [345224.1875, 4711679.0]]}}, {"type": "Feature", "properties": {"id": 192, "source": "intersection", "node_kind": "midpoint", "node_snap_m": 0.0, "line": 2916, "gap_m": 30.7, "length_m": 15.3}, "geometry": {"type": "LineString", "coordinates": [[325649.09375, 4686308.5], [325653.296875, 4686323.25]]}}, {"type": "Feature", "properties": {"id": 193, "source": "intersection", "node_kind": "midpoint", "node_snap_m": 0.0, "line": 2924, "gap_m": 30.7, "length_m": 15.3}, "geometry": {"type": "LineString", "coordinates": [[325657.5, 4686338.0], [325653.296875, 4686323.25]]}}, {"type": "Feature", "properties": {"id": 194, "source": "intersection", "node_kind": "midpoint", "node_snap_m": 0.0, "line": 3849, "gap_m": 30.8, "length_m": 15.4}, "geometry": {"type": "LineString", "coordinates": [[328827.3125, 4697249.0], [328831.65625, 4697263.75]]}}, {"type": "Feature", "properties": {"id": 195, "source": "intersection", "node_kind": "midpoint", "node_snap_m": 0.0, "line": 3858, "gap_m": 30.8, "length_m": 15.4}, "geometry": {"type": "LineString", "coordinates": [[328836.0, 4697278.5], [328831.65625, 4697263.75]]}}, {"type": "Feature", "properties": {"id": 196, "source": "intersection", "node_kind": "midpoint", "node_snap_m": 0.0, "line": 3453, "gap_m": 30.8, "length_m": 15.4}, "geometry": {"type": "LineString", "coordinates": [[327670.8125, 4691565.5], [327665.5625, 4691580.0]]}}, {"type": "Feature", "properties": {"id": 197, "source": "intersection", "node_kind": "midpoint", "node_snap_m": 0.0, "line": 3456, "gap_m": 30.8, "length_m": 15.4}, "geometry": {"type": "LineString", "coordinates": [[327660.3125, 4691594.5], [327665.5625, 4691580.0]]}}, {"type": "Feature", "properties": {"id": 198, "source": "intersection", "node_kind": "midpoint", "node_snap_m": 0.0, "line": 1392, "gap_m": 30.9, "length_m": 15.5}, "geometry": {"type": "LineString", "coordinates": [[320053.1875, 4716600.0], [320066.84375, 4716592.75]]}}, {"type": "Feature", "properties": {"id": 199, "source": "intersection", "node_kind": "midpoint", "node_snap_m": 0.0, "line": 1393, "gap_m": 30.9, "length_m": 15.5}, "geometry": {"type": "LineString", "coordinates": [[320080.5, 4716585.5], [320066.84375, 4716592.75]]}}, {"type": "Feature", "properties": {"id": 200, "source": "intersection", "node_kind": "midpoint", "node_snap_m": 0.0, "line": 2763, "gap_m": 31.0, "length_m": 15.5}, "geometry": {"type": "LineString", "coordinates": [[325743.3125, 4698468.0], [325743.234375, 4698483.5]]}}, {"type": "Feature", "properties": {"id": 201, "source": "intersection", "node_kind": "midpoint", "node_snap_m": 0.0, "line": 2773, "gap_m": 31.0, "length_m": 15.5}, "geometry": {"type": "LineString", "coordinates": [[325743.15625, 4698499.0], [325743.234375, 4698483.5]]}}, {"type": "Feature", "properties": {"id": 202, "source": "intersection", "node_kind": "midpoint", "node_snap_m": 0.0, "line": 2636, "gap_m": 31.0, "length_m": 15.5}, "geometry": {"type": "LineString", "coordinates": [[325125.59375, 4689911.5], [325110.671875, 4689907.25]]}}, {"type": "Feature", "properties": {"id": 203, "source": "intersection", "node_kind": "midpoint", "node_snap_m": 0.0, "line": 2642, "gap_m": 31.0, "length_m": 15.5}, "geometry": {"type": "LineString", "coordinates": [[325095.75, 4689903.0], [325110.671875, 4689907.25]]}}, {"type": "Feature", "properties": {"id": 204, "source": "intersection", "node_kind": "midpoint", "node_snap_m": 0.0, "line": 1427, "gap_m": 31.3, "length_m": 15.6}, "geometry": {"type": "LineString", "coordinates": [[319929.3125, 4691404.0], [319931.40625, 4691419.5]]}}, {"type": "Feature", "properties": {"id": 205, "source": "intersection", "node_kind": "midpoint", "node_snap_m": 0.0, "line": 1428, "gap_m": 31.3, "length_m": 15.6}, "geometry": {"type": "LineString", "coordinates": [[319933.5, 4691435.0], [319931.40625, 4691419.5]]}}, {"type": "Feature", "properties": {"id": 206, "source": "intersection", "node_kind": "midpoint", "node_snap_m": 0.0, "line": 3000, "gap_m": 31.6, "length_m": 15.8}, "geometry": {"type": "LineString", "coordinates": [[326643.4375, 4698867.5], [326637.21875, 4698853.0]]}}, {"type": "Feature", "properties": {"id": 207, "source": "intersection", "node_kind": "midpoint", "node_snap_m": 0.0, "line": 3004, "gap_m": 31.6, "length_m": 15.8}, "geometry": {"type": "LineString", "coordinates": [[326631.0, 4698838.5], [326637.21875, 4698853.0]]}}, {"type": "Feature", "properties": {"id": 208, "source": "intersection", "node_kind": "midpoint", "node_snap_m": 0.0, "line": 5757, "gap_m": 31.7, "length_m": 15.8}, "geometry": {"type": "LineString", "coordinates": [[345368.6875, 4712601.5], [345365.390625, 4712586.0]]}}, {"type": "Feature", "properties": {"id": 209, "source": "intersection", "node_kind": "midpoint", "node_snap_m": 0.0, "line": 5764, "gap_m": 31.7, "length_m": 15.8}, "geometry": {"type": "LineString", "coordinates": [[345362.09375, 4712570.5], [345365.390625, 4712586.0]]}}, {"type": "Feature", "properties": {"id": 210, "source": "intersection", "node_kind": "midpoint", "node_snap_m": 0.0, "line": 2854, "gap_m": 32.1, "length_m": 16.0}, "geometry": {"type": "LineString", "coordinates": [[325857.90625, 4690133.0], [325842.671875, 4690128.0]]}}, {"type": "Feature", "properties": {"id": 211, "source": "intersection", "node_kind": "midpoint", "node_snap_m": 0.0, "line": 2859, "gap_m": 32.1, "length_m": 16.0}, "geometry": {"type": "LineString", "coordinates": [[325827.4375, 4690123.0], [325842.671875, 4690128.0]]}}, {"type": "Feature", "properties": {"id": 212, "source": "intersection", "node_kind": "midpoint", "node_snap_m": 0.0, "line": 297, "gap_m": 32.1, "length_m": 16.0}, "geometry": {"type": "LineString", "coordinates": [[305194.8125, 4682764.0], [305198.9375, 4682748.5]]}}, {"type": "Feature", "properties": {"id": 213, "source": "intersection", "node_kind": "midpoint", "node_snap_m": 0.0, "line": 300, "gap_m": 32.1, "length_m": 16.0}, "geometry": {"type": "LineString", "coordinates": [[305203.0625, 4682733.0], [305198.9375, 4682748.5]]}}, {"type": "Feature", "properties": {"id": 214, "source": "intersection", "node_kind": "midpoint", "node_snap_m": 0.0, "line": 4200, "gap_m": 32.2, "length_m": 16.1}, "geometry": {"type": "LineString", "coordinates": [[329246.09375, 4683845.5], [329244.453125, 4683829.5]]}}, {"type": "Feature", "properties": {"id": 215, "source": "intersection", "node_kind": "midpoint", "node_snap_m": 0.0, "line": 4203, "gap_m": 32.2, "length_m": 16.1}, "geometry": {"type": "LineString", "coordinates": [[329242.8125, 4683813.5], [329244.453125, 4683829.5]]}}, {"type": "Feature", "properties": {"id": 216, "source": "intersection", "node_kind": "midpoint", "node_snap_m": 0.0, "line": 3331, "gap_m": 32.2, "length_m": 16.1}, "geometry": {"type": "LineString", "coordinates": [[327229.5, 4681312.0], [327241.046875, 4681323.25]]}}, {"type": "Feature", "properties": {"id": 217, "source": "intersection", "node_kind": "midpoint", "node_snap_m": 0.0, "line": 3333, "gap_m": 32.2, "length_m": 16.1}, "geometry": {"type": "LineString", "coordinates": [[327252.59375, 4681334.5], [327241.046875, 4681323.25]]}}, {"type": "Feature", "properties": {"id": 218, "source": "intersection", "node_kind": "midpoint", "node_snap_m": 0.0, "line": 2126, "gap_m": 32.4, "length_m": 16.2}, "geometry": {"type": "LineString", "coordinates": [[323756.6875, 4683772.5], [323772.890625, 4683772.75]]}}, {"type": "Feature", "properties": {"id": 219, "source": "intersection", "node_kind": "midpoint", "node_snap_m": 0.0, "line": 2263, "gap_m": 32.4, "length_m": 16.2}, "geometry": {"type": "LineString", "coordinates": [[323789.09375, 4683773.0], [323772.890625, 4683772.75]]}}, {"type": "Feature", "properties": {"id": 220, "source": "intersection", "node_kind": "midpoint", "node_snap_m": 0.0, "line": 4923, "gap_m": 32.5, "length_m": 16.3}, "geometry": {"type": "LineString", "coordinates": [[333402.3125, 4677714.0], [333402.984375, 4677730.25]]}}, {"type": "Feature", "properties": {"id": 221, "source": "intersection", "node_kind": "midpoint", "node_snap_m": 0.0, "line": 4925, "gap_m": 32.5, "length_m": 16.3}, "geometry": {"type": "LineString", "coordinates": [[333403.65625, 4677746.5], [333402.984375, 4677730.25]]}}, {"type": "Feature", "properties": {"id": 222, "source": "intersection", "node_kind": "midpoint", "node_snap_m": 0.0, "line": 3452, "gap_m": 33.6, "length_m": 16.8}, "geometry": {"type": "LineString", "coordinates": [[327686.5625, 4691512.5], [327681.453125, 4691528.5]]}}, {"type": "Feature", "properties": {"id": 223, "source": "intersection", "node_kind": "midpoint", "node_snap_m": 0.0, "line": 3453, "gap_m": 33.6, "length_m": 16.8}, "geometry": {"type": "LineString", "coordinates": [[327676.34375, 4691544.5], [327681.453125, 4691528.5]]}}, {"type": "Feature", "properties": {"id": 224, "source": "intersection", "node_kind": "midpoint", "node_snap_m": 0.0, "line": 2451, "gap_m": 33.8, "length_m": 16.9}, "geometry": {"type": "LineString", "coordinates": [[324558.3125, 4683787.5], [324546.90625, 4683775.0]]}}, {"type": "Feature", "properties": {"id": 225, "source": "intersection", "node_kind": "midpoint", "node_snap_m": 0.0, "line": 2459, "gap_m": 33.8, "length_m": 16.9}, "geometry": {"type": "LineString", "coordinates": [[324535.5, 4683762.5], [324546.90625, 4683775.0]]}}, {"type": "Feature", "properties": {"id": 226, "source": "intersection", "node_kind": "midpoint", "node_snap_m": 0.0, "line": 2090, "gap_m": 34.2, "length_m": 17.1}, "geometry": {"type": "LineString", "coordinates": [[323564.84375, 4689491.0], [323548.265625, 4689486.75]]}}, {"type": "Feature", "properties": {"id": 227, "source": "intersection", "node_kind": "midpoint", "node_snap_m": 0.0, "line": 2095, "gap_m": 34.2, "length_m": 17.1}, "geometry": {"type": "LineString", "coordinates": [[323531.6875, 4689482.5], [323548.265625, 4689486.75]]}}, {"type": "Feature", "properties": {"id": 228, "source": "intersection", "node_kind": "midpoint", "node_snap_m": 0.0, "line": 5078, "gap_m": 34.3, "length_m": 17.1}, "geometry": {"type": "LineString", "coordinates": [[335769.0, 4695888.0], [335774.46875, 4695871.75]]}}, {"type": "Feature", "properties": {"id": 229, "source": "intersection", "node_kind": "midpoint", "node_snap_m": 0.0, "line": 5084, "gap_m": 34.3, "length_m": 17.1}, "geometry": {"type": "LineString", "coordinates": [[335779.9375, 4695855.5], [335774.46875, 4695871.75]]}}, {"type": "Feature", "properties": {"id": 230, "source": "intersection", "node_kind": "midpoint", "node_snap_m": 0.0, "line": 5767, "gap_m": 34.3, "length_m": 17.1}, "geometry": {"type": "LineString", "coordinates": [[345284.09375, 4712222.0], [345280.421875, 4712205.25]]}}, {"type": "Feature", "properties": {"id": 231, "source": "intersection", "node_kind": "midpoint", "node_snap_m": 0.0, "line": 5768, "gap_m": 34.3, "length_m": 17.1}, "geometry": {"type": "LineString", "coordinates": [[345276.75, 4712188.5], [345280.421875, 4712205.25]]}}, {"type": "Feature", "properties": {"id": 232, "source": "intersection", "node_kind": "midpoint", "node_snap_m": 0.0, "line": 2504, "gap_m": 34.4, "length_m": 17.2}, "geometry": {"type": "LineString", "coordinates": [[325054.1875, 4699471.5], [325067.390625, 4699460.5]]}}, {"type": "Feature", "properties": {"id": 233, "source": "intersection", "node_kind": "midpoint", "node_snap_m": 0.0, "line": 2505, "gap_m": 34.4, "length_m": 17.2}, "geometry": {"type": "LineString", "coordinates": [[325080.59375, 4699449.5], [325067.390625, 4699460.5]]}}, {"type": "Feature", "properties": {"id": 234, "source": "intersection", "node_kind": "midpoint", "node_snap_m": 0.0, "line": 2364, "gap_m": 34.7, "length_m": 17.3}, "geometry": {"type": "LineString", "coordinates": [[324556.9375, 4694430.0], [324570.140625, 4694441.25]]}}, {"type": "Feature", "properties": {"id": 235, "source": "intersection", "node_kind": "midpoint", "node_snap_m": 0.0, "line": 2368, "gap_m": 34.7, "length_m": 17.3}, "geometry": {"type": "LineString", "coordinates": [[324583.34375, 4694452.5], [324570.140625, 4694441.25]]}}, {"type": "Feature", "properties": {"id": 236, "source": "intersection", "node_kind": "midpoint", "node_snap_m": 0.0, "line": 1367, "gap_m": 34.8, "length_m": 17.4}, "geometry": {"type": "LineString", "coordinates": [[319749.4375, 4685294.0], [319762.71875, 4685282.75]]}}, {"type": "Feature", "properties": {"id": 237, "source": "intersection", "node_kind": "midpoint", "node_snap_m": 0.0, "line": 1370, "gap_m": 34.8, "length_m": 17.4}, "geometry": {"type": "LineString", "coordinates": [[319776.0, 4685271.5], [319762.71875, 4685282.75]]}}, {"type": "Feature", "properties": {"id": 238, "source": "intersection", "node_kind": "midpoint", "node_snap_m": 0.0, "line": 116, "gap_m": 35.1, "length_m": 17.6}, "geometry": {"type": "LineString", "coordinates": [[299995.65625, 4706575.5], [300008.25, 4706587.75]]}}, {"type": "Feature", "properties": {"id": 239, "source": "intersection", "node_kind": "midpoint", "node_snap_m": 0.0, "line": 117, "gap_m": 35.1, "length_m": 17.6}, "geometry": {"type": "LineString", "coordinates": [[300020.84375, 4706600.0], [300008.25, 4706587.75]]}}, {"type": "Feature", "properties": {"id": 240, "source": "intersection", "node_kind": "midpoint", "node_snap_m": 0.0, "line": 2519, "gap_m": 35.2, "length_m": 17.6}, "geometry": {"type": "LineString", "coordinates": [[325100.84375, 4697945.5], [325087.953125, 4697957.5]]}}, {"type": "Feature", "properties": {"id": 241, "source": "intersection", "node_kind": "midpoint", "node_snap_m": 0.0, "line": 2522, "gap_m": 35.2, "length_m": 17.6}, "geometry": {"type": "LineString", "coordinates": [[325075.0625, 4697969.5], [325087.953125, 4697957.5]]}}, {"type": "Feature", "properties": {"id": 242, "source": "intersection", "node_kind": "midpoint", "node_snap_m": 0.0, "line": 1058, "gap_m": 35.3, "length_m": 17.7}, "geometry": {"type": "LineString", "coordinates": [[317209.0625, 4688860.5], [317191.578125, 4688858.0]]}}, {"type": "Feature", "properties": {"id": 243, "source": "intersection", "node_kind": "midpoint", "node_snap_m": 0.0, "line": 1060, "gap_m": 35.3, "length_m": 17.7}, "geometry": {"type": "LineString", "coordinates": [[317174.09375, 4688855.5], [317191.578125, 4688858.0]]}}, {"type": "Feature", "properties": {"id": 244, "source": "intersection", "node_kind": "midpoint", "node_snap_m": 0.0, "line": 5802, "gap_m": 35.4, "length_m": 17.7}, "geometry": {"type": "LineString", "coordinates": [[345895.0625, 4715155.5], [345885.6875, 4715170.5]]}}, {"type": "Feature", "properties": {"id": 245, "source": "intersection", "node_kind": "midpoint", "node_snap_m": 0.0, "line": 5803, "gap_m": 35.4, "length_m": 17.7}, "geometry": {"type": "LineString", "coordinates": [[345876.3125, 4715185.5], [345885.6875, 4715170.5]]}}, {"type": "Feature", "properties": {"id": 246, "source": "intersection", "node_kind": "midpoint", "node_snap_m": 0.0, "line": 2769, "gap_m": 35.5, "length_m": 17.8}, "geometry": {"type": "LineString", "coordinates": [[325754.5625, 4698494.0], [325754.703125, 4698476.25]]}}, {"type": "Feature", "properties": {"id": 247, "source": "intersection", "node_kind": "midpoint", "node_snap_m": 0.0, "line": 2775, "gap_m": 35.5, "length_m": 17.8}, "geometry": {"type": "LineString", "coordinates": [[325754.84375, 4698458.5], [325754.703125, 4698476.25]]}}, {"type": "Feature", "properties": {"id": 248, "source": "intersection", "node_kind": "midpoint", "node_snap_m": 0.0, "line": 1366, "gap_m": 35.9, "length_m": 17.9}, "geometry": {"type": "LineString", "coordinates": [[319624.9375, 4685454.5], [319634.765625, 4685439.5]]}}, {"type": "Feature", "properties": {"id": 249, "source": "intersection", "node_kind": "midpoint", "node_snap_m": 0.0, "line": 1369, "gap_m": 35.9, "length_m": 17.9}, "geometry": {"type": "LineString", "coordinates": [[319644.59375, 4685424.5], [319634.765625, 4685439.5]]}}, {"type": "Feature", "properties": {"id": 250, "source": "intersection", "node_kind": "midpoint", "node_snap_m": 0.0, "line": 1132, "gap_m": 35.9, "length_m": 17.9}, "geometry": {"type": "LineString", "coordinates": [[317875.34375, 4691977.5], [317860.125, 4691987.0]]}}, {"type": "Feature", "properties": {"id": 251, "source": "intersection", "node_kind": "midpoint", "node_snap_m": 0.0, "line": 1134, "gap_m": 35.9, "length_m": 17.9}, "geometry": {"type": "LineString", "coordinates": [[317844.90625, 4691996.5], [317860.125, 4691987.0]]}}, {"type": "Feature", "properties": {"id": 252, "source": "intersection", "node_kind": "midpoint", "node_snap_m": 0.0, "line": 6054, "gap_m": 36.1, "length_m": 18.1}, "geometry": {"type": "LineString", "coordinates": [[290327.6875, 4666940.5], [290313.0, 4666930.0]]}}, {"type": "Feature", "properties": {"id": 253, "source": "intersection", "node_kind": "midpoint", "node_snap_m": 0.0, "line": 6055, "gap_m": 36.1, "length_m": 18.1}, "geometry": {"type": "LineString", "coordinates": [[290298.3125, 4666919.5], [290313.0, 4666930.0]]}}, {"type": "Feature", "properties": {"id": 254, "source": "intersection", "node_kind": "midpoint", "node_snap_m": 0.0, "line": 4868, "gap_m": 36.1, "length_m": 18.1}, "geometry": {"type": "LineString", "coordinates": [[286398.3125, 4693705.0], [286406.1875, 4693721.25]]}}, {"type": "Feature", "properties": {"id": 255, "source": "intersection", "node_kind": "midpoint", "node_snap_m": 0.0, "line": 5314, "gap_m": 36.1, "length_m": 18.1}, "geometry": {"type": "LineString", "coordinates": [[286414.0625, 4693737.5], [286406.1875, 4693721.25]]}}, {"type": "Feature", "properties": {"id": 256, "source": "intersection", "node_kind": "midpoint", "node_snap_m": 0.0, "line": 1388, "gap_m": 36.3, "length_m": 18.1}, "geometry": {"type": "LineString", "coordinates": [[320069.5625, 4716607.5], [320064.75, 4716590.0]]}}, {"type": "Feature", "properties": {"id": 257, "source": "intersection", "node_kind": "midpoint", "node_snap_m": 0.0, "line": 1396, "gap_m": 36.3, "length_m": 18.1}, "geometry": {"type": "LineString", "coordinates": [[320059.9375, 4716572.5], [320064.75, 4716590.0]]}}, {"type": "Feature", "properties": {"id": 258, "source": "intersection", "node_kind": "midpoint", "node_snap_m": 0.0, "line": 4637, "gap_m": 36.7, "length_m": 18.3}, "geometry": {"type": "LineString", "coordinates": [[331853.6875, 4690297.5], [331866.375, 4690310.75]]}}, {"type": "Feature", "properties": {"id": 259, "source": "intersection", "node_kind": "midpoint", "node_snap_m": 0.0, "line": 4643, "gap_m": 36.7, "length_m": 18.3}, "geometry": {"type": "LineString", "coordinates": [[331879.0625, 4690324.0], [331866.375, 4690310.75]]}}, {"type": "Feature", "properties": {"id": 260, "source": "intersection", "node_kind": "midpoint", "node_snap_m": 0.0, "line": 3343, "gap_m": 37.0, "length_m": 18.5}, "geometry": {"type": "LineString", "coordinates": [[327304.8125, 4679778.0], [327305.40625, 4679796.5]]}}, {"type": "Feature", "properties": {"id": 261, "source": "intersection", "node_kind": "midpoint", "node_snap_m": 0.0, "line": 3347, "gap_m": 37.0, "length_m": 18.5}, "geometry": {"type": "LineString", "coordinates": [[327306.0, 4679815.0], [327305.40625, 4679796.5]]}}, {"type": "Feature", "properties": {"id": 262, "source": "intersection", "node_kind": "midpoint", "node_snap_m": 0.0, "line": 5522, "gap_m": 37.4, "length_m": 18.7}, "geometry": {"type": "LineString", "coordinates": [[341913.0, 4671474.0], [341931.21875, 4671478.25]]}}, {"type": "Feature", "properties": {"id": 263, "source": "intersection", "node_kind": "midpoint", "node_snap_m": 0.0, "line": 5523, "gap_m": 37.4, "length_m": 18.7}, "geometry": {"type": "LineString", "coordinates": [[341949.4375, 4671482.5], [341931.21875, 4671478.25]]}}, {"type": "Feature", "properties": {"id": 264, "source": "intersection", "node_kind": "midpoint", "node_snap_m": 0.0, "line": 3345, "gap_m": 37.5, "length_m": 18.8}, "geometry": {"type": "LineString", "coordinates": [[327303.59375, 4679815.5], [327303.21875, 4679796.75]]}}, {"type": "Feature", "properties": {"id": 265, "source": "intersection", "node_kind": "midpoint", "node_snap_m": 0.0, "line": 3346, "gap_m": 37.5, "length_m": 18.8}, "geometry": {"type": "LineString", "coordinates": [[327302.84375, 4679778.0], [327303.21875, 4679796.75]]}}, {"type": "Feature", "properties": {"id": 266, "source": "intersection", "node_kind": "midpoint", "node_snap_m": 0.0, "line": 4133, "gap_m": 37.5, "length_m": 18.8}, "geometry": {"type": "LineString", "coordinates": [[329452.9375, 4690946.0], [329459.015625, 4690928.25]]}}, {"type": "Feature", "properties": {"id": 267, "source": "intersection", "node_kind": "midpoint", "node_snap_m": 0.0, "line": 4141, "gap_m": 37.5, "length_m": 18.8}, "geometry": {"type": "LineString", "coordinates": [[329465.09375, 4690910.5], [329459.015625, 4690928.25]]}}, {"type": "Feature", "properties": {"id": 268, "source": "intersection", "node_kind": "midpoint", "node_snap_m": 0.0, "line": 3919, "gap_m": 37.8, "length_m": 18.9}, "geometry": {"type": "LineString", "coordinates": [[328883.25, 4690737.5], [328901.171875, 4690743.5]]}}, {"type": "Feature", "properties": {"id": 269, "source": "intersection", "node_kind": "midpoint", "node_snap_m": 0.0, "line": 3923, "gap_m": 37.8, "length_m": 18.9}, "geometry": {"type": "LineString", "coordinates": [[328919.09375, 4690749.5], [328901.171875, 4690743.5]]}}, {"type": "Feature", "properties": {"id": 270, "source": "intersection", "node_kind": "midpoint", "node_snap_m": 0.0, "line": 2037, "gap_m": 37.8, "length_m": 18.9}, "geometry": {"type": "LineString", "coordinates": [[323841.4375, 4694287.0], [323823.0625, 4694282.5]]}}, {"type": "Feature", "properties": {"id": 271, "source": "intersection", "node_kind": "midpoint", "node_snap_m": 0.0, "line": 2041, "gap_m": 37.8, "length_m": 18.9}, "geometry": {"type": "LineString", "coordinates": [[323804.6875, 4694278.0], [323823.0625, 4694282.5]]}}, {"type": "Feature", "properties": {"id": 272, "source": "intersection", "node_kind": "midpoint", "node_snap_m": 0.0, "line": 4123, "gap_m": 38.2, "length_m": 19.1}, "geometry": {"type": "LineString", "coordinates": [[329622.15625, 4691956.5], [329641.203125, 4691955.25]]}}, {"type": "Feature", "properties": {"id": 273, "source": "intersection", "node_kind": "midpoint", "node_snap_m": 0.0, "line": 4314, "gap_m": 38.2, "length_m": 19.1}, "geometry": {"type": "LineString", "coordinates": [[329660.25, 4691954.0], [329641.203125, 4691955.25]]}}, {"type": "Feature", "properties": {"id": 274, "source": "intersection", "node_kind": "midpoint", "node_snap_m": 0.0, "line": 2573, "gap_m": 38.3, "length_m": 19.1}, "geometry": {"type": "LineString", "coordinates": [[325118.40625, 4694061.0], [325127.171875, 4694044.0]]}}, {"type": "Feature", "properties": {"id": 275, "source": "intersection", "node_kind": "midpoint", "node_snap_m": 0.0, "line": 2583, "gap_m": 38.3, "length_m": 19.1}, "geometry": {"type": "LineString", "coordinates": [[325135.9375, 4694027.0], [325127.171875, 4694044.0]]}}, {"type": "Feature", "properties": {"id": 276, "source": "intersection", "node_kind": "midpoint", "node_snap_m": 0.0, "line": 4870, "gap_m": 38.3, "length_m": 19.1}, "geometry": {"type": "LineString", "coordinates": [[286060.5, 4693316.5], [286078.578125, 4693322.75]]}}, {"type": "Feature", "properties": {"id": 277, "source": "intersection", "node_kind": "midpoint", "node_snap_m": 0.0, "line": 4875, "gap_m": 38.3, "length_m": 19.1}, "geometry": {"type": "LineString", "coordinates": [[286096.65625, 4693329.0], [286078.578125, 4693322.75]]}}, {"type": "Feature", "properties": {"id": 278, "source": "intersection", "node_kind": "midpoint", "node_snap_m": 0.0, "line": 3671, "gap_m": 38.6, "length_m": 19.3}, "geometry": {"type": "LineString", "coordinates": [[328049.5625, 4692162.0], [328047.90625, 4692142.75]]}}, {"type": "Feature", "properties": {"id": 279, "source": "intersection", "node_kind": "midpoint", "node_snap_m": 0.0, "line": 3675, "gap_m": 38.6, "length_m": 19.3}, "geometry": {"type": "LineString", "coordinates": [[328046.25, 4692123.5], [328047.90625, 4692142.75]]}}, {"type": "Feature", "properties": {"id": 280, "source": "intersection", "node_kind": "midpoint", "node_snap_m": 0.0, "line": 2212, "gap_m": 39.1, "length_m": 19.5}, "geometry": {"type": "LineString", "coordinates": [[323935.0625, 4691699.5], [323942.03125, 4691717.75]]}}, {"type": "Feature", "properties": {"id": 281, "source": "intersection", "node_kind": "midpoint", "node_snap_m": 0.0, "line": 2216, "gap_m": 39.1, "length_m": 19.5}, "geometry": {"type": "LineString", "coordinates": [[323949.0, 4691736.0], [323942.03125, 4691717.75]]}}, {"type": "Feature", "properties": {"id": 282, "source": "intersection", "node_kind": "midpoint", "node_snap_m": 0.0, "line": 3691, "gap_m": 39.1, "length_m": 19.6}, "geometry": {"type": "LineString", "coordinates": [[328442.84375, 4690788.5], [328461.375, 4690794.75]]}}, {"type": "Feature", "properties": {"id": 283, "source": "intersection", "node_kind": "midpoint", "node_snap_m": 0.0, "line": 3918, "gap_m": 39.1, "length_m": 19.6}, "geometry": {"type": "LineString", "coordinates": [[328479.90625, 4690801.0], [328461.375, 4690794.75]]}}, {"type": "Feature", "properties": {"id": 284, "source": "intersection", "node_kind": "midpoint", "node_snap_m": 0.0, "line": 4146, "gap_m": 39.1, "length_m": 19.6}, "geometry": {"type": "LineString", "coordinates": [[329323.0625, 4690686.0], [329329.4375, 4690667.5]]}}, {"type": "Feature", "properties": {"id": 285, "source": "intersection", "node_kind": "midpoint", "node_snap_m": 0.0, "line": 4151, "gap_m": 39.1, "length_m": 19.6}, "geometry": {"type": "LineString", "coordinates": [[329335.8125, 4690649.0], [329329.4375, 4690667.5]]}}, {"type": "Feature", "properties": {"id": 286, "source": "intersection", "node_kind": "midpoint", "node_snap_m": 0.0, "line": 2819, "gap_m": 39.5, "length_m": 19.7}, "geometry": {"type": "LineString", "coordinates": [[326103.15625, 4693167.0], [326112.296875, 4693184.5]]}}, {"type": "Feature", "properties": {"id": 287, "source": "intersection", "node_kind": "midpoint", "node_snap_m": 0.0, "line": 2826, "gap_m": 39.5, "length_m": 19.7}, "geometry": {"type": "LineString", "coordinates": [[326121.4375, 4693202.0], [326112.296875, 4693184.5]]}}, {"type": "Feature", "properties": {"id": 288, "source": "intersection", "node_kind": "midpoint", "node_snap_m": 0.0, "line": 4331, "gap_m": 39.5, "length_m": 19.8}, "geometry": {"type": "LineString", "coordinates": [[329942.5625, 4690413.5], [329960.859375, 4690406.0]]}}, {"type": "Feature", "properties": {"id": 289, "source": "intersection", "node_kind": "midpoint", "node_snap_m": 0.0, "line": 4332, "gap_m": 39.5, "length_m": 19.8}, "geometry": {"type": "LineString", "coordinates": [[329979.15625, 4690398.5], [329960.859375, 4690406.0]]}}, {"type": "Feature", "properties": {"id": 290, "source": "intersection", "node_kind": "midpoint", "node_snap_m": 0.0, "line": 3074, "gap_m": 39.9, "length_m": 19.9}, "geometry": {"type": "LineString", "coordinates": [[326720.6875, 4690759.0], [326740.421875, 4690756.25]]}}, {"type": "Feature", "properties": {"id": 291, "source": "intersection", "node_kind": "midpoint", "node_snap_m": 0.0, "line": 3244, "gap_m": 39.9, "length_m": 19.9}, "geometry": {"type": "LineString", "coordinates": [[326760.15625, 4690753.5], [326740.421875, 4690756.25]]}}, {"type": "Feature", "properties": {"id": 292, "source": "intersection", "node_kind": "midpoint", "node_snap_m": 0.0, "line": 4503, "gap_m": 40.4, "length_m": 20.2}, "geometry": {"type": "LineString", "coordinates": [[331315.34375, 4691010.0], [331299.296875, 4691022.25]]}}, {"type": "Feature", "properties": {"id": 293, "source": "intersection", "node_kind": "midpoint", "node_snap_m": 0.0, "line": 4506, "gap_m": 40.4, "length_m": 20.2}, "geometry": {"type": "LineString", "coordinates": [[331283.25, 4691034.5], [331299.296875, 4691022.25]]}}, {"type": "Feature", "properties": {"id": 294, "source": "intersection", "node_kind": "midpoint", "node_snap_m": 0.0, "line": 3246, "gap_m": 40.4, "length_m": 20.2}, "geometry": {"type": "LineString", "coordinates": [[327004.9375, 4690703.5], [326985.375, 4690708.5]]}}, {"type": "Feature", "properties": {"id": 295, "source": "intersection", "node_kind": "midpoint", "node_snap_m": 0.0, "line": 3247, "gap_m": 40.4, "length_m": 20.2}, "geometry": {"type": "LineString", "coordinates": [[326965.8125, 4690713.5], [326985.375, 4690708.5]]}}, {"type": "Feature", "properties": {"id": 296, "source": "intersection", "node_kind": "midpoint", "node_snap_m": 0.0, "line": 1416, "gap_m": 40.5, "length_m": 20.2}, "geometry": {"type": "LineString", "coordinates": [[320401.5, 4698901.0], [320405.921875, 4698881.25]]}}, {"type": "Feature", "properties": {"id": 297, "source": "intersection", "node_kind": "midpoint", "node_snap_m": 0.0, "line": 1484, "gap_m": 40.5, "length_m": 20.2}, "geometry": {"type": "LineString", "coordinates": [[320410.34375, 4698861.5], [320405.921875, 4698881.25]]}}, {"type": "Feature", "properties": {"id": 298, "source": "intersection", "node_kind": "midpoint", "node_snap_m": 0.0, "line": 942, "gap_m": 40.5, "length_m": 20.2}, "geometry": {"type": "LineString", "coordinates": [[316417.1875, 4698639.0], [316397.25, 4698642.5]]}}, {"type": "Feature", "properties": {"id": 299, "source": "intersection", "node_kind": "midpoint", "node_snap_m": 0.0, "line": 944, "gap_m": 40.5, "length_m": 20.2}, "geometry": {"type": "LineString", "coordinates": [[316377.3125, 4698646.0], [316397.25, 4698642.5]]}}, {"type": "Feature", "properties": {"id": 300, "source": "intersection", "node_kind": "midpoint", "node_snap_m": 0.0, "line": 2066, "gap_m": 40.7, "length_m": 20.4}, "geometry": {"type": "LineString", "coordinates": [[323561.40625, 4691347.0], [323542.28125, 4691354.0]]}}, {"type": "Feature", "properties": {"id": 301, "source": "intersection", "node_kind": "midpoint", "node_snap_m": 0.0, "line": 2067, "gap_m": 40.7, "length_m": 20.4}, "geometry": {"type": "LineString", "coordinates": [[323523.15625, 4691361.0], [323542.28125, 4691354.0]]}}, {"type": "Feature", "properties": {"id": 302, "source": "intersection", "node_kind": "midpoint", "node_snap_m": 0.0, "line": 3286, "gap_m": 41.2, "length_m": 20.6}, "geometry": {"type": "LineString", "coordinates": [[327321.4375, 4686677.0], [327335.546875, 4686692.0]]}}, {"type": "Feature", "properties": {"id": 303, "source": "intersection", "node_kind": "midpoint", "node_snap_m": 0.0, "line": 3501, "gap_m": 41.2, "length_m": 20.6}, "geometry": {"type": "LineString", "coordinates": [[327349.65625, 4686707.0], [327335.546875, 4686692.0]]}}, {"type": "Feature", "properties": {"id": 304, "source": "intersection", "node_kind": "midpoint", "node_snap_m": 0.0, "line": 2543, "gap_m": 41.6, "length_m": 20.8}, "geometry": {"type": "LineString", "coordinates": [[325223.09375, 4695416.5], [325239.515625, 4695403.75]]}}, {"type": "Feature", "properties": {"id": 305, "source": "intersection", "node_kind": "midpoint", "node_snap_m": 0.0, "line": 2551, "gap_m": 41.6, "length_m": 20.8}, "geometry": {"type": "LineString", "coordinates": [[325255.9375, 4695391.0], [325239.515625, 4695403.75]]}}, {"type": "Feature", "properties": {"id": 306, "source": "intersection", "node_kind": "midpoint", "node_snap_m": 0.0, "line": 3846, "gap_m": 42.2, "length_m": 21.1}, "geometry": {"type": "LineString", "coordinates": [[328485.3125, 4697384.0], [328492.0625, 4697364.0]]}}, {"type": "Feature", "properties": {"id": 307, "source": "intersection", "node_kind": "midpoint", "node_snap_m": 0.0, "line": 3851, "gap_m": 42.2, "length_m": 21.1}, "geometry": {"type": "LineString", "coordinates": [[328498.8125, 4697344.0], [328492.0625, 4697364.0]]}}, {"type": "Feature", "properties": {"id": 308, "source": "intersection", "node_kind": "midpoint", "node_snap_m": 0.0, "line": 3412, "gap_m": 42.4, "length_m": 21.2}, "geometry": {"type": "LineString", "coordinates": [[327449.6875, 4693887.5], [327453.96875, 4693866.75]]}}, {"type": "Feature", "properties": {"id": 309, "source": "intersection", "node_kind": "midpoint", "node_snap_m": 0.0, "line": 3422, "gap_m": 42.4, "length_m": 21.2}, "geometry": {"type": "LineString", "coordinates": [[327458.25, 4693846.0], [327453.96875, 4693866.75]]}}, {"type": "Feature", "properties": {"id": 310, "source": "intersection", "node_kind": "midpoint", "node_snap_m": 0.0, "line": 4340, "gap_m": 42.6, "length_m": 21.3}, "geometry": {"type": "LineString", "coordinates": [[329820.75, 4687916.0], [329831.328125, 4687897.5]]}}, {"type": "Feature", "properties": {"id": 311, "source": "intersection", "node_kind": "midpoint", "node_snap_m": 0.0, "line": 4343, "gap_m": 42.6, "length_m": 21.3}, "geometry": {"type": "LineString", "coordinates": [[329841.90625, 4687879.0], [329831.328125, 4687897.5]]}}, {"type": "Feature", "properties": {"id": 312, "source": "intersection", "node_kind": "midpoint", "node_snap_m": 0.0, "line": 4504, "gap_m": 43.4, "length_m": 21.7}, "geometry": {"type": "LineString", "coordinates": [[330803.5625, 4691128.0], [330821.484375, 4691140.25]]}}, {"type": "Feature", "properties": {"id": 313, "source": "intersection", "node_kind": "midpoint", "node_snap_m": 0.0, "line": 4507, "gap_m": 43.4, "length_m": 21.7}, "geometry": {"type": "LineString", "coordinates": [[330839.40625, 4691152.5], [330821.484375, 4691140.25]]}}, {"type": "Feature", "properties": {"id": 314, "source": "intersection", "node_kind": "midpoint", "node_snap_m": 0.0, "line": 5448, "gap_m": 43.7, "length_m": 21.9}, "geometry": {"type": "LineString", "coordinates": [[340741.1875, 4673442.5], [340722.0, 4673453.0]]}}, {"type": "Feature", "properties": {"id": 315, "source": "intersection", "node_kind": "midpoint", "node_snap_m": 0.0, "line": 5450, "gap_m": 43.7, "length_m": 21.9}, "geometry": {"type": "LineString", "coordinates": [[340702.8125, 4673463.5], [340722.0, 4673453.0]]}}, {"type": "Feature", "properties": {"id": 316, "source": "intersection", "node_kind": "midpoint", "node_snap_m": 0.0, "line": 4764, "gap_m": 44.7, "length_m": 22.3}, "geometry": {"type": "LineString", "coordinates": [[332035.1875, 4690546.5], [332015.46875, 4690557.0]]}}, {"type": "Feature", "properties": {"id": 317, "source": "intersection", "node_kind": "midpoint", "node_snap_m": 0.0, "line": 4770, "gap_m": 44.7, "length_m": 22.3}, "geometry": {"type": "LineString", "coordinates": [[331995.75, 4690567.5], [332015.46875, 4690557.0]]}}, {"type": "Feature", "properties": {"id": 318, "source": "intersection", "node_kind": "midpoint", "node_snap_m": 0.0, "line": 2282, "gap_m": 44.8, "length_m": 22.4}, "geometry": {"type": "LineString", "coordinates": [[324092.84375, 4678551.0], [324080.171875, 4678532.5]]}}, {"type": "Feature", "properties": {"id": 319, "source": "intersection", "node_kind": "midpoint", "node_snap_m": 0.0, "line": 2290, "gap_m": 44.8, "length_m": 22.4}, "geometry": {"type": "LineString", "coordinates": [[324067.5, 4678514.0], [324080.171875, 4678532.5]]}}, {"type": "Feature", "properties": {"id": 320, "source": "intersection", "node_kind": "midpoint", "node_snap_m": 0.0, "line": 2548, "gap_m": 44.9, "length_m": 22.4}, "geometry": {"type": "LineString", "coordinates": [[325255.5, 4695389.0], [325237.203125, 4695402.0]]}}, {"type": "Feature", "properties": {"id": 321, "source": "intersection", "node_kind": "midpoint", "node_snap_m": 0.0, "line": 2550, "gap_m": 44.9, "length_m": 22.4}, "geometry": {"type": "LineString", "coordinates": [[325218.90625, 4695415.0], [325237.203125, 4695402.0]]}}, {"type": "Feature", "properties": {"id": 322, "source": "intersection", "node_kind": "midpoint", "node_snap_m": 0.0, "line": 5263, "gap_m": 45.0, "length_m": 22.5}, "geometry": {"type": "LineString", "coordinates": [[338545.0625, 4671581.5], [338522.859375, 4671585.25]]}}, {"type": "Feature", "properties": {"id": 323, "source": "intersection", "node_kind": "midpoint", "node_snap_m": 0.0, "line": 5266, "gap_m": 45.0, "length_m": 22.5}, "geometry": {"type": "LineString", "coordinates": [[338500.65625, 4671589.0], [338522.859375, 4671585.25]]}}, {"type": "Feature", "properties": {"id": 324, "source": "intersection", "node_kind": "midpoint", "node_snap_m": 0.0, "line": 3657, "gap_m": 45.2, "length_m": 22.6}, "geometry": {"type": "LineString", "coordinates": [[327995.5625, 4693763.0], [327993.375, 4693785.5]]}}, {"type": "Feature", "properties": {"id": 325, "source": "intersection", "node_kind": "midpoint", "node_snap_m": 0.0, "line": 3659, "gap_m": 45.2, "length_m": 22.6}, "geometry": {"type": "LineString", "coordinates": [[327991.1875, 4693808.0], [327993.375, 4693785.5]]}}, {"type": "Feature", "properties": {"id": 326, "source": "intersection", "node_kind": "midpoint", "node_snap_m": 0.0, "line": 4638, "gap_m": 45.6, "length_m": 22.8}, "geometry": {"type": "LineString", "coordinates": [[331702.9375, 4690153.5], [331716.96875, 4690171.5]]}}, {"type": "Feature", "properties": {"id": 327, "source": "intersection", "node_kind": "midpoint", "node_snap_m": 0.0, "line": 4645, "gap_m": 45.6, "length_m": 22.8}, "geometry": {"type": "LineString", "coordinates": [[331731.0, 4690189.5], [331716.96875, 4690171.5]]}}, {"type": "Feature", "properties": {"id": 328, "source": "intersection", "node_kind": "midpoint", "node_snap_m": 0.0, "line": 3770, "gap_m": 45.9, "length_m": 22.9}, "geometry": {"type": "LineString", "coordinates": [[328512.15625, 4685764.0], [328531.046875, 4685777.0]]}}, {"type": "Feature", "properties": {"id": 329, "source": "intersection", "node_kind": "midpoint", "node_snap_m": 0.0, "line": 3964, "gap_m": 45.9, "length_m": 22.9}, "geometry": {"type": "LineString", "coordinates": [[328549.9375, 4685790.0], [328531.046875, 4685777.0]]}}, {"type": "Feature", "properties": {"id": 330, "source": "intersection", "node_kind": "midpoint", "node_snap_m": 0.0, "line": 1090, "gap_m": 46.7, "length_m": 23.4}, "geometry": {"type": "LineString", "coordinates": [[317324.09375, 4676822.5], [317344.578125, 4676811.25]]}}, {"type": "Feature", "properties": {"id": 331, "source": "intersection", "node_kind": "midpoint", "node_snap_m": 0.0, "line": 1091, "gap_m": 46.7, "length_m": 23.4}, "geometry": {"type": "LineString", "coordinates": [[317365.0625, 4676800.0], [317344.578125, 4676811.25]]}}, {"type": "Feature", "properties": {"id": 332, "source": "intersection", "node_kind": "midpoint", "node_snap_m": 0.0, "line": 1340, "gap_m": 46.8, "length_m": 23.4}, "geometry": {"type": "LineString", "coordinates": [[319570.65625, 4693173.0], [319593.609375, 4693168.5]]}}, {"type": "Feature", "properties": {"id": 333, "source": "intersection", "node_kind": "midpoint", "node_snap_m": 0.0, "line": 1341, "gap_m": 46.8, "length_m": 23.4}, "geometry": {"type": "LineString", "coordinates": [[319616.5625, 4693164.0], [319593.609375, 4693168.5]]}}, {"type": "Feature", "properties": {"id": 334, "source": "intersection", "node_kind": "midpoint", "node_snap_m": 0.0, "line": 5287, "gap_m": 47.0, "length_m": 23.5}, "geometry": {"type": "LineString", "coordinates": [[338473.9375, 4668676.5], [338473.5625, 4668653.0]]}}, {"type": "Feature", "properties": {"id": 335, "source": "intersection", "node_kind": "midpoint", "node_snap_m": 0.0, "line": 5295, "gap_m": 47.0, "length_m": 23.5}, "geometry": {"type": "LineString", "coordinates": [[338473.1875, 4668629.5], [338473.5625, 4668653.0]]}}, {"type": "Feature", "properties": {"id": 336, "source": "intersection", "node_kind": "midpoint", "node_snap_m": 0.0, "line": 1910, "gap_m": 47.0, "length_m": 23.5}, "geometry": {"type": "LineString", "coordinates": [[322963.5, 4693628.0], [322986.53125, 4693623.25]]}}, {"type": "Feature", "properties": {"id": 337, "source": "intersection", "node_kind": "midpoint", "node_snap_m": 0.0, "line": 1916, "gap_m": 47.0, "length_m": 23.5}, "geometry": {"type": "LineString", "coordinates": [[323009.5625, 4693618.5], [322986.53125, 4693623.25]]}}, {"type": "Feature", "properties": {"id": 338, "source": "intersection", "node_kind": "midpoint", "node_snap_m": 0.0, "line": 2908, "gap_m": 47.0, "length_m": 23.5}, "geometry": {"type": "LineString", "coordinates": [[325779.15625, 4686738.5], [325778.25, 4686715.0]]}}, {"type": "Feature", "properties": {"id": 339, "source": "intersection", "node_kind": "midpoint", "node_snap_m": 0.0, "line": 2910, "gap_m": 47.0, "length_m": 23.5}, "geometry": {"type": "LineString", "coordinates": [[325777.34375, 4686691.5], [325778.25, 4686715.0]]}}, {"type": "Feature", "properties": {"id": 340, "source": "intersection", "node_kind": "midpoint", "node_snap_m": 0.0, "line": 5608, "gap_m": 47.3, "length_m": 23.7}, "geometry": {"type": "LineString", "coordinates": [[344304.90625, 4709069.0], [344307.75, 4709045.5]]}}, {"type": "Feature", "properties": {"id": 341, "source": "intersection", "node_kind": "midpoint", "node_snap_m": 0.0, "line": 5628, "gap_m": 47.3, "length_m": 23.7}, "geometry": {"type": "LineString", "coordinates": [[344310.59375, 4709022.0], [344307.75, 4709045.5]]}}, {"type": "Feature", "properties": {"id": 342, "source": "intersection", "node_kind": "midpoint", "node_snap_m": 0.0, "line": 3128, "gap_m": 47.6, "length_m": 23.8}, "geometry": {"type": "LineString", "coordinates": [[326298.4375, 4683845.5], [326317.5, 4683859.75]]}}, {"type": "Feature", "properties": {"id": 343, "source": "intersection", "node_kind": "midpoint", "node_snap_m": 0.0, "line": 3133, "gap_m": 47.6, "length_m": 23.8}, "geometry": {"type": "LineString", "coordinates": [[326336.5625, 4683874.0], [326317.5, 4683859.75]]}}, {"type": "Feature", "properties": {"id": 344, "source": "intersection", "node_kind": "midpoint", "node_snap_m": 0.0, "line": 958, "gap_m": 47.9, "length_m": 24.0}, "geometry": {"type": "LineString", "coordinates": [[316545.0, 4691879.0], [316566.15625, 4691867.75]]}}, {"type": "Feature", "properties": {"id": 345, "source": "intersection", "node_kind": "midpoint", "node_snap_m": 0.0, "line": 961, "gap_m": 47.9, "length_m": 24.0}, "geometry": {"type": "LineString", "coordinates": [[316587.3125, 4691856.5], [316566.15625, 4691867.75]]}}, {"type": "Feature", "properties": {"id": 346, "source": "intersection", "node_kind": "midpoint", "node_snap_m": 0.0, "line": 2284, "gap_m": 48.4, "length_m": 24.2}, "geometry": {"type": "LineString", "coordinates": [[324088.9375, 4678553.0], [324075.671875, 4678532.75]]}}, {"type": "Feature", "properties": {"id": 347, "source": "intersection", "node_kind": "midpoint", "node_snap_m": 0.0, "line": 2285, "gap_m": 48.4, "length_m": 24.2}, "geometry": {"type": "LineString", "coordinates": [[324062.40625, 4678512.5], [324075.671875, 4678532.75]]}}, {"type": "Feature", "properties": {"id": 348, "source": "intersection", "node_kind": "midpoint", "node_snap_m": 0.0, "line": 2727, "gap_m": 48.8, "length_m": 24.4}, "geometry": {"type": "LineString", "coordinates": [[325549.8125, 4682848.0], [325565.703125, 4682829.5]]}}, {"type": "Feature", "properties": {"id": 349, "source": "intersection", "node_kind": "midpoint", "node_snap_m": 0.0, "line": 2960, "gap_m": 48.8, "length_m": 24.4}, "geometry": {"type": "LineString", "coordinates": [[325581.59375, 4682811.0], [325565.703125, 4682829.5]]}}, {"type": "Feature", "properties": {"id": 350, "source": "intersection", "node_kind": "midpoint", "node_snap_m": 0.0, "line": 61, "gap_m": 49.1, "length_m": 24.6}, "geometry": {"type": "LineString", "coordinates": [[297687.75, 4686231.0], [297702.0, 4686211.0]]}}, {"type": "Feature", "properties": {"id": 351, "source": "intersection", "node_kind": "midpoint", "node_snap_m": 0.0, "line": 62, "gap_m": 49.1, "length_m": 24.6}, "geometry": {"type": "LineString", "coordinates": [[297716.25, 4686191.0], [297702.0, 4686211.0]]}}, {"type": "Feature", "properties": {"id": 352, "source": "intersection", "node_kind": "midpoint", "node_snap_m": 0.0, "line": 2136, "gap_m": 49.8, "length_m": 24.9}, "geometry": {"type": "LineString", "coordinates": [[323745.59375, 4683766.0], [323770.5, 4683766.0]]}}, {"type": "Feature", "properties": {"id": 353, "source": "intersection", "node_kind": "midpoint", "node_snap_m": 0.0, "line": 2268, "gap_m": 49.8, "length_m": 24.9}, "geometry": {"type": "LineString", "coordinates": [[323795.40625, 4683766.0], [323770.5, 4683766.0]]}}, {"type": "Feature", "properties": {"id": 354, "source": "intersection", "node_kind": "midpoint", "node_snap_m": 0.0, "line": 1695, "gap_m": 50.3, "length_m": 25.2}, "geometry": {"type": "LineString", "coordinates": [[322135.0625, 4692343.0], [322159.875, 4692338.75]]}}, {"type": "Feature", "properties": {"id": 355, "source": "intersection", "node_kind": "midpoint", "node_snap_m": 0.0, "line": 1796, "gap_m": 50.3, "length_m": 25.2}, "geometry": {"type": "LineString", "coordinates": [[322184.6875, 4692334.5], [322159.875, 4692338.75]]}}, {"type": "Feature", "properties": {"id": 356, "source": "intersection", "node_kind": "midpoint", "node_snap_m": 0.0, "line": 1077, "gap_m": 50.6, "length_m": 25.3}, "geometry": {"type": "LineString", "coordinates": [[317090.5625, 4684900.0], [317115.375, 4684905.0]]}}, {"type": "Feature", "properties": {"id": 357, "source": "intersection", "node_kind": "midpoint", "node_snap_m": 0.0, "line": 1079, "gap_m": 50.6, "length_m": 25.3}, "geometry": {"type": "LineString", "coordinates": [[317140.1875, 4684910.0], [317115.375, 4684905.0]]}}, {"type": "Feature", "properties": {"id": 358, "source": "intersection", "node_kind": "midpoint", "node_snap_m": 0.0, "line": 2855, "gap_m": 50.7, "length_m": 25.4}, "geometry": {"type": "LineString", "coordinates": [[326252.25, 4690303.0], [326275.953125, 4690312.0]]}}, {"type": "Feature", "properties": {"id": 359, "source": "intersection", "node_kind": "midpoint", "node_snap_m": 0.0, "line": 3092, "gap_m": 50.7, "length_m": 25.4}, "geometry": {"type": "LineString", "coordinates": [[326299.65625, 4690321.0], [326275.953125, 4690312.0]]}}, {"type": "Feature", "properties": {"id": 360, "source": "intersection", "node_kind": "midpoint", "node_snap_m": 0.0, "line": 5754, "gap_m": 51.8, "length_m": 25.9}, "geometry": {"type": "LineString", "coordinates": [[345537.59375, 4713079.0], [345527.25, 4713055.25]]}}, {"type": "Feature", "properties": {"id": 361, "source": "intersection", "node_kind": "midpoint", "node_snap_m": 0.0, "line": 5760, "gap_m": 51.8, "length_m": 25.9}, "geometry": {"type": "LineString", "coordinates": [[345516.90625, 4713031.5], [345527.25, 4713055.25]]}}, {"type": "Feature", "properties": {"id": 362, "source": "intersection", "node_kind": "midpoint", "node_snap_m": 0.0, "line": 3147, "gap_m": 52.2, "length_m": 26.1}, "geometry": {"type": "LineString", "coordinates": [[326502.4375, 4679478.5], [326492.171875, 4679454.5]]}}, {"type": "Feature", "properties": {"id": 363, "source": "intersection", "node_kind": "midpoint", "node_snap_m": 0.0, "line": 3148, "gap_m": 52.2, "length_m": 26.1}, "geometry": {"type": "LineString", "coordinates": [[326481.90625, 4679430.5], [326492.171875, 4679454.5]]}}, {"type": "Feature", "properties": {"id": 364, "source": "intersection", "node_kind": "midpoint", "node_snap_m": 0.0, "line": 3506, "gap_m": 52.8, "length_m": 26.4}, "geometry": {"type": "LineString", "coordinates": [[327558.15625, 4686334.5], [327576.453125, 4686315.5]]}}, {"type": "Feature", "properties": {"id": 365, "source": "intersection", "node_kind": "midpoint", "node_snap_m": 0.0, "line": 3513, "gap_m": 52.8, "length_m": 26.4}, "geometry": {"type": "LineString", "coordinates": [[327594.75, 4686296.5], [327576.453125, 4686315.5]]}}, {"type": "Feature", "properties": {"id": 366, "source": "intersection", "node_kind": "midpoint", "node_snap_m": 0.0, "line": 808, "gap_m": 53.3, "length_m": 26.6}, "geometry": {"type": "LineString", "coordinates": [[315842.09375, 4683089.5], [315860.765625, 4683070.5]]}}, {"type": "Feature", "properties": {"id": 367, "source": "intersection", "node_kind": "midpoint", "node_snap_m": 0.0, "line": 904, "gap_m": 53.3, "length_m": 26.6}, "geometry": {"type": "LineString", "coordinates": [[315879.4375, 4683051.5], [315860.765625, 4683070.5]]}}, {"type": "Feature", "properties": {"id": 368, "source": "intersection", "node_kind": "midpoint", "node_snap_m": 0.0, "line": 2276, "gap_m": 53.6, "length_m": 26.8}, "geometry": {"type": "LineString", "coordinates": [[324453.3125, 4683662.0], [324469.953125, 4683683.0]]}}, {"type": "Feature", "properties": {"id": 369, "source": "intersection", "node_kind": "midpoint", "node_snap_m": 0.0, "line": 2459, "gap_m": 53.6, "length_m": 26.8}, "geometry": {"type": "LineString", "coordinates": [[324486.59375, 4683704.0], [324469.953125, 4683683.0]]}}, {"type": "Feature", "properties": {"id": 370, "source": "intersection", "node_kind": "midpoint", "node_snap_m": 0.0, "line": 4100, "gap_m": 54.0, "length_m": 27.0}, "geometry": {"type": "LineString", "coordinates": [[329379.75, 4693090.0], [329356.953125, 4693104.5]]}}, {"type": "Feature", "properties": {"id": 371, "source": "intersection", "node_kind": "midpoint", "node_snap_m": 0.0, "line": 4115, "gap_m": 54.0, "length_m": 27.0}, "geometry": {"type": "LineString", "coordinates": [[329334.15625, 4693119.0], [329356.953125, 4693104.5]]}}, {"type": "Feature", "properties": {"id": 372, "source": "intersection", "node_kind": "midpoint", "node_snap_m": 0.0, "line": 3488, "gap_m": 54.4, "length_m": 27.2}, "geometry": {"type": "LineString", "coordinates": [[327596.84375, 4687583.0], [327616.796875, 4687601.5]]}}, {"type": "Feature", "properties": {"id": 373, "source": "intersection", "node_kind": "midpoint", "node_snap_m": 0.0, "line": 3491, "gap_m": 54.4, "length_m": 27.2}, "geometry": {"type": "LineString", "coordinates": [[327636.75, 4687620.0], [327616.796875, 4687601.5]]}}, {"type": "Feature", "properties": {"id": 374, "source": "intersection", "node_kind": "midpoint", "node_snap_m": 0.0, "line": 4790, "gap_m": 54.5, "length_m": 27.2}, "geometry": {"type": "LineString", "coordinates": [[332038.0625, 4679793.5], [332063.40625, 4679783.5]]}}, {"type": "Feature", "properties": {"id": 375, "source": "intersection", "node_kind": "midpoint", "node_snap_m": 0.0, "line": 4793, "gap_m": 54.5, "length_m": 27.2}, "geometry": {"type": "LineString", "coordinates": [[332088.75, 4679773.5], [332063.40625, 4679783.5]]}}, {"type": "Feature", "properties": {"id": 376, "source": "intersection", "node_kind": "midpoint", "node_snap_m": 0.0, "line": 4326, "gap_m": 55.0, "length_m": 27.5}, "geometry": {"type": "LineString", "coordinates": [[329813.84375, 4690459.5], [329840.390625, 4690452.25]]}}, {"type": "Feature", "properties": {"id": 377, "source": "intersection", "node_kind": "midpoint", "node_snap_m": 0.0, "line": 4327, "gap_m": 55.0, "length_m": 27.5}, "geometry": {"type": "LineString", "coordinates": [[329866.9375, 4690445.0], [329840.390625, 4690452.25]]}}, {"type": "Feature", "properties": {"id": 378, "source": "intersection", "node_kind": "midpoint", "node_snap_m": 0.0, "line": 5345, "gap_m": 55.9, "length_m": 28.0}, "geometry": {"type": "LineString", "coordinates": [[338843.40625, 4670957.5], [338869.953125, 4670966.25]]}}, {"type": "Feature", "properties": {"id": 379, "source": "intersection", "node_kind": "midpoint", "node_snap_m": 0.0, "line": 5347, "gap_m": 55.9, "length_m": 28.0}, "geometry": {"type": "LineString", "coordinates": [[338896.5, 4670975.0], [338869.953125, 4670966.25]]}}, {"type": "Feature", "properties": {"id": 380, "source": "intersection", "node_kind": "midpoint", "node_snap_m": 0.0, "line": 4283, "gap_m": 56.1, "length_m": 28.1}, "geometry": {"type": "LineString", "coordinates": [[329862.15625, 4699075.0], [329890.125, 4699072.75]]}}, {"type": "Feature", "properties": {"id": 381, "source": "intersection", "node_kind": "midpoint", "node_snap_m": 0.0, "line": 4286, "gap_m": 56.1, "length_m": 28.1}, "geometry": {"type": "LineString", "coordinates": [[329918.09375, 4699070.5], [329890.125, 4699072.75]]}}, {"type": "Feature", "properties": {"id": 382, "source": "intersection", "node_kind": "midpoint", "node_snap_m": 0.0, "line": 79, "gap_m": 56.5, "length_m": 28.3}, "geometry": {"type": "LineString", "coordinates": [[298721.6875, 4699058.0], [298722.140625, 4699086.25]]}}, {"type": "Feature", "properties": {"id": 383, "source": "intersection", "node_kind": "midpoint", "node_snap_m": 0.0, "line": 81, "gap_m": 56.5, "length_m": 28.3}, "geometry": {"type": "LineString", "coordinates": [[298722.59375, 4699114.5], [298722.140625, 4699086.25]]}}, {"type": "Feature", "properties": {"id": 384, "source": "intersection", "node_kind": "midpoint", "node_snap_m": 0.0, "line": 2010, "gap_m": 57.3, "length_m": 28.7}, "geometry": {"type": "LineString", "coordinates": [[323731.1875, 4697679.5], [323713.421875, 4697657.0]]}}, {"type": "Feature", "properties": {"id": 385, "source": "intersection", "node_kind": "midpoint", "node_snap_m": 0.0, "line": 2012, "gap_m": 57.3, "length_m": 28.7}, "geometry": {"type": "LineString", "coordinates": [[323695.65625, 4697634.5], [323713.421875, 4697657.0]]}}, {"type": "Feature", "properties": {"id": 386, "source": "intersection", "node_kind": "midpoint", "node_snap_m": 0.0, "line": 3046, "gap_m": 57.5, "length_m": 28.8}, "geometry": {"type": "LineString", "coordinates": [[326568.75, 4693957.0], [326587.28125, 4693935.0]]}}, {"type": "Feature", "properties": {"id": 387, "source": "intersection", "node_kind": "midpoint", "node_snap_m": 0.0, "line": 3047, "gap_m": 57.5, "length_m": 28.8}, "geometry": {"type": "LineString", "coordinates": [[326605.8125, 4693913.0], [326587.28125, 4693935.0]]}}, {"type": "Feature", "properties": {"id": 388, "source": "intersection", "node_kind": "midpoint", "node_snap_m": 0.0, "line": 973, "gap_m": 57.9, "length_m": 28.9}, "geometry": {"type": "LineString", "coordinates": [[316615.8125, 4690959.5], [316643.40625, 4690968.25]]}}, {"type": "Feature", "properties": {"id": 389, "source": "intersection", "node_kind": "midpoint", "node_snap_m": 0.0, "line": 979, "gap_m": 57.9, "length_m": 28.9}, "geometry": {"type": "LineString", "coordinates": [[316671.0, 4690977.0], [316643.40625, 4690968.25]]}}, {"type": "Feature", "properties": {"id": 390, "source": "intersection", "node_kind": "midpoint", "node_snap_m": 0.0, "line": 972, "gap_m": 59.9, "length_m": 30.0}, "geometry": {"type": "LineString", "coordinates": [[316668.3125, 4690988.5], [316641.6875, 4690974.75]]}}, {"type": "Feature", "properties": {"id": 391, "source": "intersection", "node_kind": "midpoint", "node_snap_m": 0.0, "line": 983, "gap_m": 59.9, "length_m": 30.0}, "geometry": {"type": "LineString", "coordinates": [[316615.0625, 4690961.0], [316641.6875, 4690974.75]]}}]}