{"type": "FeatureCollection", "crs": {"type": "name", "properties": {"name": "urn:ogc:def:crs:EPSG::32619"}}, "features": [{"type": "Feature", "properties": {"id": 0, "gap_m": 0.1, "facing": 1.9, "along": 3.1, "lat_m": 0.01, "line_a": 1762, "line_b": 1763, "type_a": "Sharrow", "type_b": "Sharrow", "crossing": 0}, "geometry": {"type": "LineString", "coordinates": [[320623.0625, 4675241.5], [320623.1875, 4675241.5]]}}, {"type": "Feature", "properties": {"id": 1, "gap_m": 0.2, "facing": 1.2, "along": 1.2, "lat_m": 0.0, "line_a": 2328, "line_b": 2329, "type_a": "Sharrow", "type_b": "Sharrow", "crossing": 0}, "geometry": {"type": "LineString", "coordinates": [[323479.65625, 4693678.0], [323479.8125, 4693678.0]]}}, {"type": "Feature", "properties": {"id": 2, "gap_m": 0.4, "facing": 2.8, "along": 4.9, "lat_m": 0.04, "line_a": 5020, "line_b": 5021, "type_a": "BikeOnly", "type_b": "BikeOnly", "crossing": 0}, "geometry": {"type": "LineString", "coordinates": [[329979.0, 4699068.0], [329979.4375, 4699068.0]]}}, {"type": "Feature", "properties": {"id": 3, "gap_m": 0.5, "facing": 1.8, "along": 0.0, "lat_m": 0.0, "line_a": 5261, "line_b": 5262, "type_a": "BikeOnly", "type_b": "BikeOnly", "crossing": 0}, "geometry": {"type": "LineString", "coordinates": [[331112.25, 4692349.5], [331112.25, 4692349.0]]}}, {"type": "Feature", "properties": {"id": 4, "gap_m": 0.5, "facing": 1.4, "along": 9.2, "lat_m": 0.08, "line_a": 3811, "line_b": 3812, "type_a": "BikeOnly", "type_b": "BikeOnly", "crossing": 0}, "geometry": {"type": "LineString", "coordinates": [[326938.8125, 4689016.5], [326938.65625, 4689016.0]]}}, {"type": "Feature", "properties": {"id": 5, "gap_m": 1.1, "facing": 0.1, "along": 2.0, "lat_m": 0.04, "line_a": 3671, "line_b": 3673, "type_a": "BikeOnly", "type_b": "BikeOnly", "crossing": 0}, "geometry": {"type": "LineString", "coordinates": [[326254.1875, 4678937.0], [326253.75, 4678936.0]]}}, {"type": "Feature", "properties": {"id": 6, "gap_m": 1.2, "facing": 2.8, "along": 11.9, "lat_m": 0.24, "line_a": 6552, "line_b": 6553, "type_a": "BikeOnly", "type_b": "BikeOnly", "crossing": 0}, "geometry": {"type": "LineString", "coordinates": [[343797.90625, 4710084.5], [343798.5, 4710083.5]]}}, {"type": "Feature", "properties": {"id": 7, "gap_m": 1.2, "facing": 0.5, "along": 0.1, "lat_m": 0.0, "line_a": 3233, "line_b": 3234, "type_a": "BikeOnly", "type_b": "BikeOnly", "crossing": 0}, "geometry": {"type": "LineString", "coordinates": [[325939.9375, 4697296.0], [325939.1875, 4697295.0]]}}, {"type": "Feature", "properties": {"id": 8, "gap_m": 1.3, "facing": 1.2, "along": 3.3, "lat_m": 0.07, "line_a": 6500, "line_b": 6501, "type_a": "BikeOnly", "type_b": "BikeOnly", "crossing": 0}, "geometry": {"type": "LineString", "coordinates": [[342591.59375, 4707899.0], [342590.40625, 4707898.5]]}}, {"type": "Feature", "properties": {"id": 9, "gap_m": 1.3, "facing": 0.4, "along": 9.0, "lat_m": 0.21, "line_a": 3929, "line_b": 3930, "type_a": "BikeOnly", "type_b": "BikeOnly", "crossing": 0}, "geometry": {"type": "LineString", "coordinates": [[285482.25, 4693021.0], [285483.15625, 4693022.0]]}}, {"type": "Feature", "properties": {"id": 10, "gap_m": 1.4, "facing": 7.5, "along": 5.7, "lat_m": 0.14, "line_a": 4470, "line_b": 4471, "type_a": "BikeOnly", "type_b": "BikeOnly", "crossing": 0}, "geometry": {"type": "LineString", "coordinates": [[328215.75, 4680585.0], [328214.40625, 4680585.5]]}}, {"type": "Feature", "properties": {"id": 11, "gap_m": 1.4, "facing": 1.0, "along": 0.7, "lat_m": 0.02, "line_a": 6804, "line_b": 6806, "type_a": "BikeOnly", "type_b": "BikeOnly", "crossing": 0}, "geometry": {"type": "LineString", "coordinates": [[345681.3125, 4710003.0], [345682.34375, 4710004.0]]}}, {"type": "Feature", "properties": {"id": 12, "gap_m": 1.5, "facing": 4.2, "along": 0.0, "lat_m": 0.0, "line_a": 5518, "line_b": 5526, "type_a": "BikeOnly", "type_b": "BikeOnly", "crossing": 0}, "geometry": {"type": "LineString", "coordinates": [[332010.4375, 4697684.0], [332011.9375, 4697684.0]]}}, {"type": "Feature", "properties": {"id": 13, "gap_m": 1.5, "facing": 0.7, "along": 1.4, "lat_m": 0.04, "line_a": 6995, "line_b": 6997, "type_a": "Sharrow", "type_b": "Sharrow", "crossing": 0}, "geometry": {"type": "LineString", "coordinates": [[354727.34375, 4715576.5], [354727.1875, 4715578.0]]}}, {"type": "Feature", "properties": {"id": 14, "gap_m": 1.5, "facing": 0.3, "along": 1.0, "lat_m": 0.03, "line_a": 5543, "line_b": 5549, "type_a": "Sharrow", "type_b": "Sharrow", "crossing": 0}, "geometry": {"type": "LineString", "coordinates": [[332115.3125, 4695802.0], [332115.59375, 4695800.5]]}}, {"type": "Feature", "properties": {"id": 15, "gap_m": 1.6, "facing": 0.0, "along": 3.2, "lat_m": 0.09, "line_a": 6999, "line_b": 7002, "type_a": "Sharrow", "type_b": "Sharrow", "crossing": 0}, "geometry": {"type": "LineString", "coordinates": [[354704.5625, 4715416.5], [354704.09375, 4715415.0]]}}, {"type": "Feature", "properties": {"id": 16, "gap_m": 1.6, "facing": 0.9, "along": 4.4, "lat_m": 0.12, "line_a": 6806, "line_b": 6808, "type_a": "BikeOnly", "type_b": "BikeOnly", "crossing": 0}, "geometry": {"type": "LineString", "coordinates": [[345703.1875, 4710024.0], [345704.40625, 4710025.0]]}}, {"type": "Feature", "properties": {"id": 17, "gap_m": 1.6, "facing": 0.6, "along": 3.4, "lat_m": 0.1, "line_a": 4036, "line_b": 4039, "type_a": "BikeOnly", "type_b": "BikeOnly", "crossing": 0}, "geometry": {"type": "LineString", "coordinates": [[327736.34375, 4691364.0], [327736.9375, 4691362.5]]}}, {"type": "Feature", "properties": {"id": 18, "gap_m": 1.7, "facing": 0.2, "along": 10.6, "lat_m": 0.3, "line_a": 3302, "line_b": 3321, "type_a": "BikeOnly", "type_b": "BikeOnly", "crossing": 0}, "geometry": {"type": "LineString", "coordinates": [[325982.25, 4690902.5], [325983.90625, 4690902.5]]}}, {"type": "Feature", "properties": {"id": 19, "gap_m": 1.7, "facing": 0.8, "along": 8.1, "lat_m": 0.24, "line_a": 6808, "line_b": 6809, "type_a": "BikeOnly", "type_b": "BikeOnly", "crossing": 0}, "geometry": {"type": "LineString", "coordinates": [[345722.5625, 4710043.0], [345723.90625, 4710044.0]]}}, {"type": "Feature", "properties": {"id": 20, "gap_m": 1.7, "facing": 0.2, "along": 1.1, "lat_m": 0.03, "line_a": 133, "line_b": 143, "type_a": "BikeOnly", "type_b": "BikeOnly", "crossing": 0}, "geometry": {"type": "LineString", "coordinates": [[299721.59375, 4685430.5], [299722.34375, 4685429.0]]}}, {"type": "Feature", "properties": {"id": 21, "gap_m": 1.7, "facing": 6.0, "along": 5.5, "lat_m": 0.17, "line_a": 103, "line_b": 108, "type_a": "BikeOnly", "type_b": "BikeOnly", "crossing": 0}, "geometry": {"type": "LineString", "coordinates": [[299607.15625, 4683274.5], [299605.5, 4683275.0]]}}, {"type": "Feature", "properties": {"id": 22, "gap_m": 1.9, "facing": 6.0, "along": 1.6, "lat_m": 0.05, "line_a": 5984, "line_b": 5986, "type_a": "BikeOnly", "type_b": "BikeOnly", "crossing": 0}, "geometry": {"type": "LineString", "coordinates": [[335905.9375, 4678442.0], [335907.75, 4678441.5]]}}, {"type": "Feature", "properties": {"id": 23, "gap_m": 1.9, "facing": 0.9, "along": 2.4, "lat_m": 0.08, "line_a": 157, "line_b": 160, "type_a": "BikeOnly", "type_b": "BikeOnly", "crossing": 0}, "geometry": {"type": "LineString", "coordinates": [[300010.1875, 4669167.0], [300012.0, 4669167.5]]}}, {"type": "Feature", "properties": {"id": 24, "gap_m": 1.9, "facing": 0.7, "along": 0.6, "lat_m": 0.02, "line_a": 4981, "line_b": 4983, "type_a": "Sharrow", "type_b": "Sharrow", "crossing": 0}, "geometry": {"type": "LineString", "coordinates": [[329690.5625, 4701680.0], [329691.75, 4701681.5]]}}, {"type": "Feature", "properties": {"id": 25, "gap_m": 2.0, "facing": 1.1, "along": 4.1, "lat_m": 0.14, "line_a": 312, "line_b": 314, "type_a": "BikeOnly", "type_b": "BikeOnly", "crossing": 0}, "geometry": {"type": "LineString", "coordinates": [[305345.5625, 4686456.5], [305345.5625, 4686458.5]]}}, {"type": "Feature", "properties": {"id": 26, "gap_m": 2.0, "facing": 4.7, "along": 4.1, "lat_m": 0.14, "line_a": 4288, "line_b": 4289, "type_a": "BikeOnly", "type_b": "BikeOnly", "crossing": 0}, "geometry": {"type": "LineString", "coordinates": [[328392.0, 4694240.5], [328390.0625, 4694240.0]]}}, {"type": "Feature", "properties": {"id": 27, "gap_m": 2.0, "facing": 0.9, "along": 5.8, "lat_m": 0.2, "line_a": 195, "line_b": 196, "type_a": "Sharrow", "type_b": "Sharrow", "crossing": 0}, "geometry": {"type": "LineString", "coordinates": [[300683.5625, 4679214.0], [300685.5, 4679213.5]]}}, {"type": "Feature", "properties": {"id": 28, "gap_m": 2.0, "facing": 1.1, "along": 7.3, "lat_m": 0.25, "line_a": 5298, "line_b": 5299, "type_a": "BikeOnly", "type_b": "BikeOnly", "crossing": 0}, "geometry": {"type": "LineString", "coordinates": [[331182.59375, 4687881.5], [331182.4375, 4687883.5]]}}, {"type": "Feature", "properties": {"id": 29, "gap_m": 2.0, "facing": 2.3, "along": 0.9, "lat_m": 0.03, "line_a": 3208, "line_b": 3212, "type_a": "BikeOnly", "type_b": "Sharrow", "crossing": 0}, "geometry": {"type": "LineString", "coordinates": [[325706.5625, 4698795.0], [325707.90625, 4698793.5]]}}, {"type": "Feature", "properties": {"id": 30, "gap_m": 2.0, "facing": 0.8, "along": 1.1, "lat_m": 0.04, "line_a": 5542, "line_b": 5549, "type_a": "Sharrow", "type_b": "Sharrow", "crossing": 0}, "geometry": {"type": "LineString", "coordinates": [[332121.4375, 4695773.0], [332121.0, 4695775.0]]}}, {"type": "Feature", "properties": {"id": 31, "gap_m": 2.0, "facing": 0.0, "along": 8.0, "lat_m": 0.29, "line_a": 1474, "line_b": 1477, "type_a": "BikeOnly", "type_b": "BikeOnly", "crossing": 0}, "geometry": {"type": "LineString", "coordinates": [[319215.90625, 4687965.5], [319216.34375, 4687967.5]]}}, {"type": "Feature", "properties": {"id": 32, "gap_m": 2.1, "facing": 1.9, "along": 9.9, "lat_m": 0.35, "line_a": 3511, "line_b": 3525, "type_a": "BikeOnly", "type_b": "BikeOnly", "crossing": 0}, "geometry": {"type": "LineString", "coordinates": [[326357.6875, 4698130.0], [326358.15625, 4698128.0]]}}, {"type": "Feature", "properties": {"id": 33, "gap_m": 2.1, "facing": 0.0, "along": 0.5, "lat_m": 0.02, "line_a": 814, "line_b": 818, "type_a": "BikeOnly", "type_b": "BikeOnly", "crossing": 0}, "geometry": {"type": "LineString", "coordinates": [[314703.15625, 4672002.5], [314702.5625, 4672004.5]]}}, {"type": "Feature", "properties": {"id": 34, "gap_m": 2.1, "facing": 3.4, "along": 1.3, "lat_m": 0.05, "line_a": 5363, "line_b": 5373, "type_a": "BikeOnly", "type_b": "BikeOnly", "crossing": 0}, "geometry": {"type": "LineString", "coordinates": [[331644.75, 4697671.5], [331645.5, 4697669.5]]}}, {"type": "Feature", "properties": {"id": 35, "gap_m": 2.2, "facing": 7.5, "along": 4.7, "lat_m": 0.17, "line_a": 2338, "line_b": 2339, "type_a": "BikeOnly", "type_b": "BikeOnly", "crossing": 0}, "geometry": {"type": "LineString", "coordinates": [[323663.5625, 4693745.0], [323665.65625, 4693745.5]]}}, {"type": "Feature", "properties": {"id": 36, "gap_m": 2.2, "facing": 0.6, "along": 6.5, "lat_m": 0.25, "line_a": 3542, "line_b": 3543, "type_a": "BikeOnly", "type_b": "BikeOnly", "crossing": 0}, "geometry": {"type": "LineString", "coordinates": [[326380.0625, 4694172.5], [326378.40625, 4694174.0]]}}, {"type": "Feature", "properties": {"id": 37, "gap_m": 2.2, "facing": 0.0, "along": 0.0, "lat_m": 0.0, "line_a": 4053, "line_b": 4058, "type_a": "Sharrow", "type_b": "Sharrow", "crossing": 0}, "geometry": {"type": "LineString", "coordinates": [[327791.40625, 4690538.0], [327793.65625, 4690538.0]]}}, {"type": "Feature", "properties": {"id": 38, "gap_m": 2.3, "facing": 1.0, "along": 3.5, "lat_m": 0.14, "line_a": 7026, "line_b": 7027, "type_a": "Sharrow", "type_b": "Sharrow", "crossing": 0}, "geometry": {"type": "LineString", "coordinates": [[356532.4375, 4659410.0], [356533.65625, 4659408.0]]}}, {"type": "Feature", "properties": {"id": 39, "gap_m": 2.4, "facing": 1.6, "along": 3.6, "lat_m": 0.15, "line_a": 1848, "line_b": 1851, "type_a": "BikeOnly", "type_b": "BikeOnly", "crossing": 0}, "geometry": {"type": "LineString", "coordinates": [[321271.1875, 4678887.5], [321269.84375, 4678889.5]]}}, {"type": "Feature", "properties": {"id": 40, "gap_m": 2.4, "facing": 0.8, "along": 7.5, "lat_m": 0.31, "line_a": 2751, "line_b": 2753, "type_a": "BikeOnly", "type_b": "BikeOnly", "crossing": 0}, "geometry": {"type": "LineString", "coordinates": [[324731.6875, 4691927.5], [324733.0625, 4691925.5]]}}, {"type": "Feature", "properties": {"id": 41, "gap_m": 2.4, "facing": 0.2, "along": 10.6, "lat_m": 0.45, "line_a": 5633, "line_b": 5694, "type_a": "BikeOnly", "type_b": "BikeOnly", "crossing": 0}, "geometry": {"type": "LineString", "coordinates": [[332512.1875, 4673269.5], [332513.5625, 4673271.5]]}}, {"type": "Feature", "properties": {"id": 42, "gap_m": 2.5, "facing": 0.1, "along": 0.9, "lat_m": 0.04, "line_a": 4493, "line_b": 4495, "type_a": "BikeOnly", "type_b": "BikeOnly", "crossing": 0}, "geometry": {"type": "LineString", "coordinates": [[328841.5625, 4708688.0], [328840.0625, 4708690.0]]}}, {"type": "Feature", "properties": {"id": 43, "gap_m": 2.5, "facing": 9.3, "along": 10.1, "lat_m": 0.44, "line_a": 5228, "line_b": 5229, "type_a": "BikeOnly", "type_b": "BikeOnly", "crossing": 0}, "geometry": {"type": "LineString", "coordinates": [[330404.25, 4685916.0], [330402.75, 4685918.0]]}}, {"type": "Feature", "properties": {"id": 44, "gap_m": 2.5, "facing": 0.9, "along": 11.9, "lat_m": 0.53, "line_a": 4992, "line_b": 4997, "type_a": "BikeOnly", "type_b": "BikeOnly", "crossing": 0}, "geometry": {"type": "LineString", "coordinates": [[329912.84375, 4701196.0], [329913.3125, 4701193.5]]}}, {"type": "Feature", "properties": {"id": 45, "gap_m": 2.6, "facing": 0.0, "along": 0.0, "lat_m": 0.0, "line_a": 4053, "line_b": 4061, "type_a": "Sharrow", "type_b": "Sharrow", "crossing": 0}, "geometry": {"type": "LineString", "coordinates": [[327758.25, 4690538.0], [327755.6875, 4690538.0]]}}, {"type": "Feature", "properties": {"id": 46, "gap_m": 2.8, "facing": 0.9, "along": 6.1, "lat_m": 0.29, "line_a": 5195, "line_b": 5198, "type_a": "BikeOnly", "type_b": "BikeOnly", "crossing": 0}, "geometry": {"type": "LineString", "coordinates": [[330454.34375, 4689782.5], [330457.0625, 4689782.0]]}}, {"type": "Feature", "properties": {"id": 47, "gap_m": 2.8, "facing": 3.6, "along": 1.9, "lat_m": 0.09, "line_a": 5703, "line_b": 5707, "type_a": "BikeOnly", "type_b": "BikeOnly", "crossing": 0}, "geometry": {"type": "LineString", "coordinates": [[286344.90625, 4693619.5], [286346.09375, 4693622.0]]}}, {"type": "Feature", "properties": {"id": 48, "gap_m": 2.8, "facing": 0.2, "along": 3.8, "lat_m": 0.19, "line_a": 3450, "line_b": 3454, "type_a": "BikeOnly", "type_b": "BikeOnly", "crossing": 0}, "geometry": {"type": "LineString", "coordinates": [[325826.5625, 4682580.5], [325828.9375, 4682579.0]]}}, {"type": "Feature", "properties": {"id": 49, "gap_m": 2.9, "facing": 2.0, "along": 11.5, "lat_m": 0.58, "line_a": 2987, "line_b": 3005, "type_a": "BikeOnly", "type_b": "BikeOnly", "crossing": 0}, "geometry": {"type": "LineString", "coordinates": [[325241.09375, 4694090.5], [325238.25, 4694090.0]]}}, {"type": "Feature", "properties": {"id": 50, "gap_m": 2.9, "facing": 0.7, "along": 3.8, "lat_m": 0.19, "line_a": 3047, "line_b": 3049, "type_a": "BikeOnly", "type_b": "BikeOnly", "crossing": 0}, "geometry": {"type": "LineString", "coordinates": [[325144.1875, 4690151.5], [325142.6875, 4690149.0]]}}, {"type": "Feature", "properties": {"id": 51, "gap_m": 3.0, "facing": 1.1, "along": 1.6, "lat_m": 0.09, "line_a": 674, "line_b": 677, "type_a": "BikeOnly", "type_b": "BikeOnly", "crossing": 0}, "geometry": {"type": "LineString", "coordinates": [[314609.5625, 4710780.5], [314609.25, 4710777.5]]}}, {"type": "Feature", "properties": {"id": 52, "gap_m": 3.1, "facing": 0.9, "along": 0.9, "lat_m": 0.05, "line_a": 2670, "line_b": 2672, "type_a": "BikeOnly", "type_b": "BikeOnly", "crossing": 0}, "geometry": {"type": "LineString", "coordinates": [[324659.09375, 4700083.0], [324658.5, 4700086.0]]}}, {"type": "Feature", "properties": {"id": 53, "gap_m": 3.1, "facing": 7.6, "along": 5.7, "lat_m": 0.3, "line_a": 597, "line_b": 608, "type_a": "Sharrow", "type_b": "Sharrow", "crossing": 0}, "geometry": {"type": "LineString", "coordinates": [[313922.25, 4703319.5], [313921.65625, 4703316.5]]}}, {"type": "Feature", "properties": {"id": 54, "gap_m": 3.1, "facing": 0.7, "along": 7.1, "lat_m": 0.38, "line_a": 4276, "line_b": 4283, "type_a": "BikeOnly", "type_b": "BikeOnly", "crossing": 0}, "geometry": {"type": "LineString", "coordinates": [[327963.59375, 4695278.5], [327966.3125, 4695277.0]]}}, {"type": "Feature", "properties": {"id": 55, "gap_m": 3.1, "facing": 0.6, "along": 1.7, "lat_m": 0.09, "line_a": 724, "line_b": 725, "type_a": "BikeOnly", "type_b": "BikeOnly", "crossing": 0}, "geometry": {"type": "LineString", "coordinates": [[314600.25, 4672365.5], [314599.34375, 4672368.5]]}}, {"type": "Feature", "properties": {"id": 56, "gap_m": 3.1, "facing": 0.4, "along": 3.4, "lat_m": 0.19, "line_a": 1483, "line_b": 1487, "type_a": "BikeOnly", "type_b": "BikeOnly", "crossing": 0}, "geometry": {"type": "LineString", "coordinates": [[319100.40625, 4687190.5], [319099.5, 4687187.5]]}}, {"type": "Feature", "properties": {"id": 57, "gap_m": 3.2, "facing": 2.8, "along": 0.0, "lat_m": 0.0, "line_a": 5019, "line_b": 5021, "type_a": "BikeOnly", "type_b": "BikeOnly", "crossing": 0}, "geometry": {"type": "LineString", "coordinates": [[330003.90625, 4699066.0], [330000.75, 4699066.0]]}}, {"type": "Feature", "properties": {"id": 58, "gap_m": 3.2, "facing": 0.3, "along": 4.0, "lat_m": 0.22, "line_a": 4221, "line_b": 4505, "type_a": "BikeOnly", "type_b": "BikeOnly", "crossing": 0}, "geometry": {"type": "LineString", "coordinates": [[328308.75, 4700441.5], [328310.6875, 4700439.0]]}}, {"type": "Feature", "properties": {"id": 59, "gap_m": 3.2, "facing": 0.3, "along": 5.3, "lat_m": 0.29, "line_a": 72, "line_b": 73, "type_a": "BikeOnly", "type_b": "BikeOnly", "crossing": 0}, "geometry": {"type": "LineString", "coordinates": [[298473.59375, 4682762.0], [298471.65625, 4682759.5]]}}, {"type": "Feature", "properties": {"id": 60, "gap_m": 3.2, "facing": 0.9, "along": 0.9, "lat_m": 0.05, "line_a": 2034, "line_b": 2038, "type_a": "BikeOnly", "type_b": "BikeOnly", "crossing": 0}, "geometry": {"type": "LineString", "coordinates": [[322216.8125, 4692328.5], [322213.65625, 4692329.0]]}}, {"type": "Feature", "properties": {"id": 61, "gap_m": 3.2, "facing": 3.3, "along": 11.5, "lat_m": 0.64, "line_a": 2594, "line_b": 2597, "type_a": "BikeOnly", "type_b": "BikeOnly", "crossing": 0}, "geometry": {"type": "LineString", "coordinates": [[324117.15625, 4683779.5], [324120.3125, 4683779.0]]}}, {"type": "Feature", "properties": {"id": 62, "gap_m": 3.3, "facing": 0.5, "along": 2.4, "lat_m": 0.14, "line_a": 5444, "line_b": 5447, "type_a": "BikeOnly", "type_b": "BikeOnly", "crossing": 0}, "geometry": {"type": "LineString", "coordinates": [[331448.25, 4689868.5], [331450.34375, 4689871.0]]}}, {"type": "Feature", "properties": {"id": 63, "gap_m": 3.3, "facing": 0.8, "along": 5.1, "lat_m": 0.29, "line_a": 4557, "line_b": 4562, "type_a": "BikeOnly", "type_b": "BikeOnly", "crossing": 0}, "geometry": {"type": "LineString", "coordinates": [[328628.5625, 4694850.0], [328631.6875, 4694849.0]]}}, {"type": "Feature", "properties": {"id": 64, "gap_m": 3.3, "facing": 2.4, "along": 0.1, "lat_m": 0.0, "line_a": 3633, "line_b": 3637, "type_a": "BikeOnly", "type_b": "BikeOnly", "crossing": 0}, "geometry": {"type": "LineString", "coordinates": [[326655.0, 4685319.5], [326658.15625, 4685318.5]]}}, {"type": "Feature", "properties": {"id": 65, "gap_m": 3.3, "facing": 0.5, "along": 3.7, "lat_m": 0.21, "line_a": 5197, "line_b": 5198, "type_a": "BikeOnly", "type_b": "BikeOnly", "crossing": 0}, "geometry": {"type": "LineString", "coordinates": [[330497.84375, 4689768.0], [330494.6875, 4689769.0]]}}, {"type": "Feature", "properties": {"id": 66, "gap_m": 3.3, "facing": 0.1, "along": 10.2, "lat_m": 0.59, "line_a": 2529, "line_b": 2545, "type_a": "BikeOnly", "type_b": "BikeOnly", "crossing": 0}, "geometry": {"type": "LineString", "coordinates": [[324205.34375, 4691368.0], [324208.5, 4691369.0]]}}, {"type": "Feature", "properties": {"id": 67, "gap_m": 3.4, "facing": 6.0, "along": 2.9, "lat_m": 0.17, "line_a": 1325, "line_b": 1329, "type_a": "BikeOnly", "type_b": "BikeOnly", "crossing": 0}, "geometry": {"type": "LineString", "coordinates": [[318283.8125, 4700321.0], [318282.15625, 4700324.0]]}}, {"type": "Feature", "properties": {"id": 68, "gap_m": 3.4, "facing": 1.9, "along": 3.7, "lat_m": 0.22, "line_a": 4524, "line_b": 4534, "type_a": "BikeOnly", "type_b": "BikeOnly", "crossing": 0}, "geometry": {"type": "LineString", "coordinates": [[328526.6875, 4697280.0], [328528.34375, 4697277.0]]}}, {"type": "Feature", "properties": {"id": 69, "gap_m": 3.4, "facing": 10.7, "along": 9.4, "lat_m": 0.56, "line_a": 2268, "line_b": 2275, "type_a": "BikeOnly", "type_b": "BikeOnly", "crossing": 0}, "geometry": {"type": "LineString", "coordinates": [[323292.59375, 4698297.0], [323290.9375, 4698294.0]]}}, {"type": "Feature", "properties": {"id": 70, "gap_m": 3.5, "facing": 0.4, "along": 5.4, "lat_m": 0.32, "line_a": 6276, "line_b": 6281, "type_a": "BikeOnly", "type_b": "BikeOnly", "crossing": 0}, "geometry": {"type": "LineString", "coordinates": [[338979.15625, 4702664.0], [338975.84375, 4702663.0]]}}, {"type": "Feature", "properties": {"id": 71, "gap_m": 3.5, "facing": 1.3, "along": 1.2, "lat_m": 0.08, "line_a": 3646, "line_b": 3648, "type_a": "BikeOnly", "type_b": "BikeOnly", "crossing": 0}, "geometry": {"type": "LineString", "coordinates": [[326588.84375, 4684050.0], [326585.6875, 4684048.5]]}}, {"type": "Feature", "properties": {"id": 72, "gap_m": 3.5, "facing": 0.3, "along": 1.8, "lat_m": 0.11, "line_a": 4759, "line_b": 4760, "type_a": "BikeOnly", "type_b": "BikeOnly", "crossing": 0}, "geometry": {"type": "LineString", "coordinates": [[329144.5625, 4697635.5], [329144.5625, 4697632.0]]}}, {"type": "Feature", "properties": {"id": 73, "gap_m": 3.5, "facing": 0.0, "along": 4.0, "lat_m": 0.24, "line_a": 1719, "line_b": 1724, "type_a": "BikeOnly", "type_b": "BikeOnly", "crossing": 0}, "geometry": {"type": "LineString", "coordinates": [[320740.1875, 4691440.0], [320743.0625, 4691438.0]]}}, {"type": "Feature", "properties": {"id": 74, "gap_m": 3.5, "facing": 0.2, "along": 0.1, "lat_m": 0.01, "line_a": 355, "line_b": 356, "type_a": "BikeOnly", "type_b": "BikeOnly", "crossing": 0}, "geometry": {"type": "LineString", "coordinates": [[306293.6875, 4675702.5], [306297.15625, 4675702.0]]}}, {"type": "Feature", "properties": {"id": 75, "gap_m": 3.5, "facing": 2.4, "along": 10.6, "lat_m": 0.64, "line_a": 6426, "line_b": 6431, "type_a": "BikeOnly", "type_b": "BikeOnly", "crossing": 0}, "geometry": {"type": "LineString", "coordinates": [[341441.40625, 4706928.5], [341439.59375, 4706925.5]]}}, {"type": "Feature", "properties": {"id": 76, "gap_m": 3.6, "facing": 7.1, "along": 1.9, "lat_m": 0.12, "line_a": 3502, "line_b": 3511, "type_a": "BikeOnly", "type_b": "BikeOnly", "crossing": 0}, "geometry": {"type": "LineString", "coordinates": [[326358.0, 4698176.0], [326357.40625, 4698172.5]]}}, {"type": "Feature", "properties": {"id": 77, "gap_m": 3.6, "facing": 0.2, "along": 1.5, "lat_m": 0.09, "line_a": 4307, "line_b": 4308, "type_a": "BikeOnly", "type_b": "BikeOnly", "crossing": 0}, "geometry": {"type": "LineString", "coordinates": [[328006.0625, 4693997.5], [328005.4375, 4694001.0]]}}, {"type": "Feature", "properties": {"id": 78, "gap_m": 3.6, "facing": 1.3, "along": 2.2, "lat_m": 0.14, "line_a": 971, "line_b": 975, "type_a": "Sharrow", "type_b": "Sharrow", "crossing": 0}, "geometry": {"type": "LineString", "coordinates": [[315950.6875, 4702049.0], [315947.25, 4702048.0]]}}, {"type": "Feature", "properties": {"id": 79, "gap_m": 3.6, "facing": 1.6, "along": 0.7, "lat_m": 0.05, "line_a": 2564, "line_b": 2786, "type_a": "BikeOnly", "type_b": "BikeOnly", "crossing": 0}, "geometry": {"type": "LineString", "coordinates": [[324377.84375, 4689705.5], [324381.4375, 4689705.5]]}}, {"type": "Feature", "properties": {"id": 80, "gap_m": 3.6, "facing": 1.6, "along": 3.2, "lat_m": 0.2, "line_a": 4268, "line_b": 4269, "type_a": "BikeOnly", "type_b": "BikeOnly", "crossing": 0}, "geometry": {"type": "LineString", "coordinates": [[328323.75, 4697445.5], [328326.75, 4697443.5]]}}, {"type": "Feature", "properties": {"id": 81, "gap_m": 3.6, "facing": 2.6, "along": 4.6, "lat_m": 0.29, "line_a": 4262, "line_b": 4264, "type_a": "BikeOnly", "type_b": "BikeOnly", "crossing": 0}, "geometry": {"type": "LineString", "coordinates": [[328443.3125, 4697710.5], [328444.1875, 4697714.0]]}}, {"type": "Feature", "properties": {"id": 82, "gap_m": 3.6, "facing": 1.0, "along": 0.4, "lat_m": 0.02, "line_a": 1671, "line_b": 1672, "type_a": "Sharrow", "type_b": "Sharrow", "crossing": 0}, "geometry": {"type": "LineString", "coordinates": [[320377.9375, 4701414.0], [320381.40625, 4701413.0]]}}, {"type": "Feature", "properties": {"id": 83, "gap_m": 3.6, "facing": 0.1, "along": 0.7, "lat_m": 0.04, "line_a": 4601, "line_b": 4602, "type_a": "BikeOnly", "type_b": "BikeOnly", "crossing": 0}, "geometry": {"type": "LineString", "coordinates": [[328893.59375, 4692037.5], [328897.1875, 4692037.0]]}}, {"type": "Feature", "properties": {"id": 84, "gap_m": 3.7, "facing": 0.3, "along": 0.0, "lat_m": 0.0, "line_a": 6776, "line_b": 6782, "type_a": "BikeOnly", "type_b": "BikeOnly", "crossing": 0}, "geometry": {"type": "LineString", "coordinates": [[345442.8125, 4712813.0], [345441.75, 4712809.5]]}}, {"type": "Feature", "properties": {"id": 85, "gap_m": 3.7, "facing": 0.0, "along": 0.2, "lat_m": 0.01, "line_a": 5346, "line_b": 5349, "type_a": "BikeOnly", "type_b": "BikeOnly", "crossing": 0}, "geometry": {"type": "LineString", "coordinates": [[331882.65625, 4698619.0], [331881.59375, 4698615.5]]}}, {"type": "Feature", "properties": {"id": 86, "gap_m": 3.7, "facing": 0.8, "along": 0.6, "lat_m": 0.04, "line_a": 3349, "line_b": 3351, "type_a": "Sharrow", "type_b": "Sharrow", "crossing": 0}, "geometry": {"type": "LineString", "coordinates": [[326024.09375, 4688699.0], [326025.15625, 4688695.5]]}}, {"type": "Feature", "properties": {"id": 87, "gap_m": 3.7, "facing": 0.4, "along": 2.9, "lat_m": 0.19, "line_a": 2267, "line_b": 2272, "type_a": "BikeOnly", "type_b": "BikeOnly", "crossing": 0}, "geometry": {"type": "LineString", "coordinates": [[323481.4375, 4698532.5], [323479.34375, 4698529.5]]}}, {"type": "Feature", "properties": {"id": 88, "gap_m": 3.7, "facing": 0.6, "along": 0.7, "lat_m": 0.04, "line_a": 4046, "line_b": 4049, "type_a": "BikeOnly", "type_b": "BikeOnly", "crossing": 0}, "geometry": {"type": "LineString", "coordinates": [[327833.09375, 4691077.0], [327831.90625, 4691080.5]]}}, {"type": "Feature", "properties": {"id": 89, "gap_m": 3.7, "facing": 3.5, "along": 1.9, "lat_m": 0.13, "line_a": 4468, "line_b": 4487, "type_a": "BikeOnly", "type_b": "BikeOnly", "crossing": 0}, "geometry": {"type": "LineString", "coordinates": [[328455.4375, 4680962.0], [328454.09375, 4680958.5]]}}, {"type": "Feature", "properties": {"id": 90, "gap_m": 3.8, "facing": 0.0, "along": 0.9, "lat_m": 0.06, "line_a": 3873, "line_b": 3874, "type_a": "BikeOnly", "type_b": "BikeOnly", "crossing": 0}, "geometry": {"type": "LineString", "coordinates": [[326971.8125, 4684751.5], [326969.5625, 4684754.5]]}}, {"type": "Feature", "properties": {"id": 91, "gap_m": 3.8, "facing": 1.7, "along": 6.7, "lat_m": 0.44, "line_a": 4529, "line_b": 4533, "type_a": "BikeOnly", "type_b": "BikeOnly", "crossing": 0}, "geometry": {"type": "LineString", "coordinates": [[328535.40625, 4697214.5], [328537.65625, 4697211.5]]}}, {"type": "Feature", "properties": {"id": 92, "gap_m": 3.8, "facing": 0.3, "along": 0.3, "lat_m": 0.02, "line_a": 5871, "line_b": 5874, "type_a": "Sharrow", "type_b": "Sharrow", "crossing": 0}, "geometry": {"type": "LineString", "coordinates": [[334413.0, 4694496.5], [334416.4375, 4694498.0]]}}, {"type": "Feature", "properties": {"id": 93, "gap_m": 3.8, "facing": 0.9, "along": 7.6, "lat_m": 0.5, "line_a": 2598, "line_b": 2604, "type_a": "BikeOnly", "type_b": "BikeOnly", "crossing": 0}, "geometry": {"type": "LineString", "coordinates": [[324001.8125, 4683773.0], [323998.0625, 4683773.5]]}}, {"type": "Feature", "properties": {"id": 94, "gap_m": 3.8, "facing": 0.3, "along": 0.8, "lat_m": 0.05, "line_a": 6831, "line_b": 6833, "type_a": "BikeOnly", "type_b": "BikeOnly", "crossing": 0}, "geometry": {"type": "LineString", "coordinates": [[345789.15625, 4714867.0], [345787.65625, 4714870.5]]}}, {"type": "Feature", "properties": {"id": 95, "gap_m": 3.8, "facing": 0.0, "along": 3.5, "lat_m": 0.23, "line_a": 3643, "line_b": 3651, "type_a": "BikeOnly", "type_b": "BikeOnly", "crossing": 0}, "geometry": {"type": "LineString", "coordinates": [[326259.3125, 4683815.5], [326256.4375, 4683813.0]]}}, {"type": "Feature", "properties": {"id": 96, "gap_m": 3.8, "facing": 0.5, "along": 1.3, "lat_m": 0.09, "line_a": 4078, "line_b": 4087, "type_a": "BikeOnly", "type_b": "BikeOnly", "crossing": 0}, "geometry": {"type": "LineString", "coordinates": [[327847.65625, 4687463.5], [327850.9375, 4687461.5]]}}, {"type": "Feature", "properties": {"id": 97, "gap_m": 3.9, "facing": 11.0, "along": 3.0, "lat_m": 0.21, "line_a": 5216, "line_b": 5219, "type_a": "BikeOnly", "type_b": "BikeOnly", "crossing": 0}, "geometry": {"type": "LineString", "coordinates": [[330215.5625, 4687379.5], [330212.25, 4687381.5]]}}, {"type": "Feature", "properties": {"id": 98, "gap_m": 3.9, "facing": 3.0, "along": 10.1, "lat_m": 0.68, "line_a": 4377, "line_b": 4384, "type_a": "BikeOnly", "type_b": "BikeOnly", "crossing": 0}, "geometry": {"type": "LineString", "coordinates": [[328053.4375, 4688956.0], [328056.75, 4688954.0]]}}, {"type": "Feature", "properties": {"id": 99, "gap_m": 3.9, "facing": 0.2, "along": 5.4, "lat_m": 0.37, "line_a": 553, "line_b": 556, "type_a": "Sharrow", "type_b": "Sharrow", "crossing": 0}, "geometry": {"type": "LineString", "coordinates": [[312765.4375, 4696743.5], [312767.09375, 4696747.0]]}}, {"type": "Feature", "properties": {"id": 100, "gap_m": 3.9, "facing": 0.2, "along": 4.8, "lat_m": 0.32, "line_a": 2498, "line_b": 2502, "type_a": "BikeOnly", "type_b": "BikeOnly", "crossing": 0}, "geometry": {"type": "LineString", "coordinates": [[324247.9375, 4694337.5], [324244.0625, 4694337.5]]}}, {"type": "Feature", "properties": {"id": 101, "gap_m": 3.9, "facing": 0.0, "along": 4.1, "lat_m": 0.28, "line_a": 3798, "line_b": 3799, "type_a": "BikeOnly", "type_b": "BikeOnly", "crossing": 0}, "geometry": {"type": "LineString", "coordinates": [[326959.1875, 4690519.0], [326955.4375, 4690518.0]]}}, {"type": "Feature", "properties": {"id": 102, "gap_m": 3.9, "facing": 2.8, "along": 7.2, "lat_m": 0.49, "line_a": 5465, "line_b": 5468, "type_a": "BikeOnly", "type_b": "Sharrow", "crossing": 0}, "geometry": {"type": "LineString", "coordinates": [[331494.4375, 4687196.0], [331498.1875, 4687195.0]]}}, {"type": "Feature", "properties": {"id": 103, "gap_m": 3.9, "facing": 0.8, "along": 1.5, "lat_m": 0.1, "line_a": 6275, "line_b": 6278, "type_a": "BikeOnly", "type_b": "BikeOnly", "crossing": 0}, "geometry": {"type": "LineString", "coordinates": [[339220.65625, 4702736.0], [339217.0625, 4702734.5]]}}, {"type": "Feature", "properties": {"id": 104, "gap_m": 3.9, "facing": 0.7, "along": 2.5, "lat_m": 0.17, "line_a": 5519, "line_b": 5528, "type_a": "BikeOnly", "type_b": "BikeOnly", "crossing": 0}, "geometry": {"type": "LineString", "coordinates": [[332131.1875, 4697702.0], [332127.3125, 4697701.5]]}}, {"type": "Feature", "properties": {"id": 105, "gap_m": 3.9, "facing": 3.0, "along": 4.2, "lat_m": 0.29, "line_a": 5033, "line_b": 5041, "type_a": "BikeOnly", "type_b": "BikeOnly", "crossing": 0}, "geometry": {"type": "LineString", "coordinates": [[329971.9375, 4696546.0], [329968.0625, 4696546.5]]}}, {"type": "Feature", "properties": {"id": 106, "gap_m": 3.9, "facing": 0.1, "along": 1.2, "lat_m": 0.08, "line_a": 2183, "line_b": 2189, "type_a": "BikeOnly", "type_b": "BikeOnly", "crossing": 0}, "geometry": {"type": "LineString", "coordinates": [[323222.25, 4691976.0], [323220.4375, 4691972.5]]}}, {"type": "Feature", "properties": {"id": 107, "gap_m": 4.0, "facing": 4.5, "along": 10.1, "lat_m": 0.7, "line_a": 306, "line_b": 307, "type_a": "Sharrow", "type_b": "Sharrow", "crossing": 0}, "geometry": {"type": "LineString", "coordinates": [[305103.59375, 4687658.5], [305100.15625, 4687656.5]]}}, {"type": "Feature", "properties": {"id": 108, "gap_m": 4.0, "facing": 2.1, "along": 2.0, "lat_m": 0.14, "line_a": 4660, "line_b": 4662, "type_a": "BikeOnly", "type_b": "BikeOnly", "crossing": 0}, "geometry": {"type": "LineString", "coordinates": [[328783.1875, 4685914.0], [328780.0625, 4685911.5]]}}, {"type": "Feature", "properties": {"id": 109, "gap_m": 4.0, "facing": 1.2, "along": 0.2, "lat_m": 0.02, "line_a": 5841, "line_b": 5844, "type_a": "BikeOnly", "type_b": "BikeOnly", "crossing": 0}, "geometry": {"type": "LineString", "coordinates": [[334061.25, 4668639.0], [334061.40625, 4668635.0]]}}, {"type": "Feature", "properties": {"id": 110, "gap_m": 4.0, "facing": 0.8, "along": 1.6, "lat_m": 0.11, "line_a": 6549, "line_b": 6551, "type_a": "Sharrow", "type_b": "Sharrow", "crossing": 0}, "geometry": {"type": "LineString", "coordinates": [[343523.84375, 4710616.0], [343523.6875, 4710612.0]]}}, {"type": "Feature", "properties": {"id": 111, "gap_m": 4.0, "facing": 1.2, "along": 1.8, "lat_m": 0.13, "line_a": 2254, "line_b": 2263, "type_a": "BikeOnly", "type_b": "BikeOnly", "crossing": 0}, "geometry": {"type": "LineString", "coordinates": [[323760.90625, 4700282.0], [323761.34375, 4700278.0]]}}, {"type": "Feature", "properties": {"id": 112, "gap_m": 4.0, "facing": 0.8, "along": 4.1, "lat_m": 0.29, "line_a": 3082, "line_b": 3093, "type_a": "BikeOnly", "type_b": "BikeOnly", "crossing": 0}, "geometry": {"type": "LineString", "coordinates": [[325427.40625, 4689036.5], [325427.84375, 4689032.5]]}}, {"type": "Feature", "properties": {"id": 113, "gap_m": 4.0, "facing": 4.1, "along": 0.3, "lat_m": 0.02, "line_a": 1413, "line_b": 1415, "type_a": "BikeOnly", "type_b": "BikeOnly", "crossing": 0}, "geometry": {"type": "LineString", "coordinates": [[318645.0, 4685142.5], [318648.15625, 4685145.0]]}}, {"type": "Feature", "properties": {"id": 114, "gap_m": 4.0, "facing": 0.2, "along": 2.2, "lat_m": 0.15, "line_a": 5489, "line_b": 5491, "type_a": "BikeOnly", "type_b": "BikeOnly", "crossing": 0}, "geometry": {"type": "LineString", "coordinates": [[331791.3125, 4686517.0], [331788.15625, 4686519.5]]}}, {"type": "Feature", "properties": {"id": 115, "gap_m": 4.0, "facing": 2.6, "along": 2.0, "lat_m": 0.14, "line_a": 2924, "line_b": 2926, "type_a": "BikeOnly", "type_b": "BikeOnly", "crossing": 0}, "geometry": {"type": "LineString", "coordinates": [[325451.40625, 4696726.0], [325454.09375, 4696723.0]]}}, {"type": "Feature", "properties": {"id": 116, "gap_m": 4.0, "facing": 0.5, "along": 9.2, "lat_m": 0.65, "line_a": 1818, "line_b": 1944, "type_a": "BikeOnly", "type_b": "BikeOnly", "crossing": 0}, "geometry": {"type": "LineString", "coordinates": [[321522.3125, 4690962.0], [321526.34375, 4690962.0]]}}, {"type": "Feature", "properties": {"id": 117, "gap_m": 4.0, "facing": 0.3, "along": 4.0, "lat_m": 0.28, "line_a": 627, "line_b": 629, "type_a": "Sharrow", "type_b": "Sharrow", "crossing": 0}, "geometry": {"type": "LineString", "coordinates": [[313847.40625, 4687935.5], [313843.5, 4687936.5]]}}, {"type": "Feature", "properties": {"id": 118, "gap_m": 4.0, "facing": 2.3, "along": 1.4, "lat_m": 0.1, "line_a": 622, "line_b": 623, "type_a": "BikeOnly", "type_b": "BikeOnly", "crossing": 0}, "geometry": {"type": "LineString", "coordinates": [[314016.0, 4688377.5], [314012.25, 4688376.0]]}}, {"type": "Feature", "properties": {"id": 119, "gap_m": 4.0, "facing": 1.9, "along": 2.7, "lat_m": 0.19, "line_a": 981, "line_b": 986, "type_a": "BikeOnly", "type_b": "BikeOnly", "crossing": 0}, "geometry": {"type": "LineString", "coordinates": [[316162.1875, 4699142.0], [316158.4375, 4699140.5]]}}, {"type": "Feature", "properties": {"id": 120, "gap_m": 4.0, "facing": 2.4, "along": 2.9, "lat_m": 0.2, "line_a": 5957, "line_b": 5961, "type_a": "BikeOnly", "type_b": "BikeOnly", "crossing": 0}, "geometry": {"type": "LineString", "coordinates": [[335657.09375, 4694221.0], [335653.34375, 4694222.5]]}}, {"type": "Feature", "properties": {"id": 121, "gap_m": 4.0, "facing": 3.6, "along": 2.3, "lat_m": 0.16, "line_a": 6086, "line_b": 6090, "type_a": "Sharrow", "type_b": "Sharrow", "crossing": 0}, "geometry": {"type": "LineString", "coordinates": [[337328.84375, 4693881.5], [337329.4375, 4693885.5]]}}, {"type": "Feature", "properties": {"id": 122, "gap_m": 4.0, "facing": 0.2, "along": 0.6, "lat_m": 0.05, "line_a": 5604, "line_b": 5607, "type_a": "BikeOnly", "type_b": "BikeOnly", "crossing": 0}, "geometry": {"type": "LineString", "coordinates": [[332245.9375, 4686728.0], [332248.65625, 4686731.0]]}}, {"type": "Feature", "properties": {"id": 123, "gap_m": 4.1, "facing": 2.5, "along": 3.0, "lat_m": 0.21, "line_a": 5403, "line_b": 5536, "type_a": "BikeOnly", "type_b": "BikeOnly", "crossing": 0}, "geometry": {"type": "LineString", "coordinates": [[331845.75, 4696530.0], [331849.8125, 4696530.0]]}}, {"type": "Feature", "properties": {"id": 124, "gap_m": 4.1, "facing": 0.1, "along": 1.5, "lat_m": 0.11, "line_a": 6609, "line_b": 6618, "type_a": "Sharrow", "type_b": "Sharrow", "crossing": 0}, "geometry": {"type": "LineString", "coordinates": [[344250.3125, 4708768.0], [344251.0625, 4708772.0]]}}, {"type": "Feature", "properties": {"id": 125, "gap_m": 4.1, "facing": 0.6, "along": 5.1, "lat_m": 0.36, "line_a": 4287, "line_b": 4289, "type_a": "BikeOnly", "type_b": "BikeOnly", "crossing": 0}, "geometry": {"type": "LineString", "coordinates": [[328359.75, 4694235.5], [328363.8125, 4694236.0]]}}, {"type": "Feature", "properties": {"id": 126, "gap_m": 4.1, "facing": 0.0, "along": 3.8, "lat_m": 0.27, "line_a": 4782, "line_b": 4795, "type_a": "BikeOnly", "type_b": "BikeOnly", "crossing": 0}, "geometry": {"type": "LineString", "coordinates": [[329390.6875, 4694653.5], [329389.8125, 4694649.5]]}}, {"type": "Feature", "properties": {"id": 127, "gap_m": 4.1, "facing": 0.0, "along": 0.2, "lat_m": 0.02, "line_a": 6523, "line_b": 6527, "type_a": "BikeOnly", "type_b": "BikeOnly", "crossing": 0}, "geometry": {"type": "LineString", "coordinates": [[343361.84375, 4710418.0], [343358.25, 4710420.0]]}}, {"type": "Feature", "properties": {"id": 128, "gap_m": 4.1, "facing": 0.0, "along": 1.4, "lat_m": 0.1, "line_a": 5756, "line_b": 5759, "type_a": "BikeOnly", "type_b": "BikeOnly", "crossing": 0}, "geometry": {"type": "LineString", "coordinates": [[333401.84375, 4679278.5], [333398.25, 4679280.5]]}}, {"type": "Feature", "properties": {"id": 129, "gap_m": 4.1, "facing": 0.2, "along": 0.5, "lat_m": 0.03, "line_a": 4109, "line_b": 4110, "type_a": "BikeOnly", "type_b": "BikeOnly", "crossing": 0}, "geometry": {"type": "LineString", "coordinates": [[327743.6875, 4686109.0], [327740.84375, 4686112.0]]}}, {"type": "Feature", "properties": {"id": 130, "gap_m": 4.1, "facing": 1.9, "along": 1.6, "lat_m": 0.11, "line_a": 6864, "line_b": 6866, "type_a": "BikeOnly", "type_b": "BikeOnly", "crossing": 0}, "geometry": {"type": "LineString", "coordinates": [[346549.34375, 4681845.0], [346546.5, 4681848.0]]}}, {"type": "Feature", "properties": {"id": 131, "gap_m": 4.1, "facing": 0.3, "along": 3.3, "lat_m": 0.24, "line_a": 3762, "line_b": 3765, "type_a": "BikeOnly", "type_b": "BikeOnly", "crossing": 0}, "geometry": {"type": "LineString", "coordinates": [[327096.59375, 4693343.0], [327099.4375, 4693340.0]]}}, {"type": "Feature", "properties": {"id": 132, "gap_m": 4.1, "facing": 1.6, "along": 1.6, "lat_m": 0.12, "line_a": 932, "line_b": 936, "type_a": "Sharrow", "type_b": "Sharrow", "crossing": 0}, "geometry": {"type": "LineString", "coordinates": [[315915.59375, 4705688.5], [315916.65625, 4705692.5]]}}, {"type": "Feature", "properties": {"id": 133, "gap_m": 4.2, "facing": 0.4, "along": 0.4, "lat_m": 0.03, "line_a": 5652, "line_b": 5653, "type_a": "BikeOnly", "type_b": "BikeOnly", "crossing": 0}, "geometry": {"type": "LineString", "coordinates": [[332801.5625, 4694650.5], [332805.59375, 4694649.5]]}}, {"type": "Feature", "properties": {"id": 134, "gap_m": 4.2, "facing": 0.0, "along": 1.3, "lat_m": 0.09, "line_a": 2160, "line_b": 2300, "type_a": "BikeOnly", "type_b": "BikeOnly", "crossing": 0}, "geometry": {"type": "LineString", "coordinates": [[323276.40625, 4695881.0], [323280.4375, 4695880.0]]}}, {"type": "Feature", "properties": {"id": 135, "gap_m": 4.2, "facing": 1.3, "along": 3.9, "lat_m": 0.28, "line_a": 3236, "line_b": 3244, "type_a": "BikeOnly", "type_b": "BikeOnly", "crossing": 0}, "geometry": {"type": "LineString", "coordinates": [[326021.40625, 4697420.5], [326019.15625, 4697417.0]]}}, {"type": "Feature", "properties": {"id": 136, "gap_m": 4.2, "facing": 0.8, "along": 0.5, "lat_m": 0.04, "line_a": 2198, "line_b": 2200, "type_a": "BikeOnly", "type_b": "BikeOnly", "crossing": 0}, "geometry": {"type": "LineString", "coordinates": [[322843.9375, 4691614.0], [322847.84375, 4691612.5]]}}, {"type": "Feature", "properties": {"id": 137, "gap_m": 4.2, "facing": 0.2, "along": 7.3, "lat_m": 0.53, "line_a": 2387, "line_b": 2389, "type_a": "BikeOnly", "type_b": "BikeOnly", "crossing": 0}, "geometry": {"type": "LineString", "coordinates": [[323459.40625, 4689497.5], [323463.3125, 4689499.0]]}}, {"type": "Feature", "properties": {"id": 138, "gap_m": 4.2, "facing": 4.1, "along": 0.0, "lat_m": 0.0, "line_a": 5972, "line_b": 5975, "type_a": "BikeOnly", "type_b": "BikeOnly", "crossing": 0}, "geometry": {"type": "LineString", "coordinates": [[335388.59375, 4679472.5], [335384.40625, 4679472.5]]}}, {"type": "Feature", "properties": {"id": 139, "gap_m": 4.2, "facing": 2.2, "along": 2.6, "lat_m": 0.19, "line_a": 4548, "line_b": 4549, "type_a": "BikeOnly", "type_b": "BikeOnly", "crossing": 0}, "geometry": {"type": "LineString", "coordinates": [[328495.8125, 4696129.0], [328497.15625, 4696133.0]]}}, {"type": "Feature", "properties": {"id": 140, "gap_m": 4.2, "facing": 1.3, "along": 3.1, "lat_m": 0.23, "line_a": 2903, "line_b": 2909, "type_a": "BikeOnly", "type_b": "BikeOnly", "crossing": 0}, "geometry": {"type": "LineString", "coordinates": [[325119.4375, 4698784.0], [325123.65625, 4698783.5]]}}, {"type": "Feature", "properties": {"id": 141, "gap_m": 4.2, "facing": 1.0, "along": 3.1, "lat_m": 0.23, "line_a": 5468, "line_b": 5477, "type_a": "Sharrow", "type_b": "BikeOnly", "crossing": 0}, "geometry": {"type": "LineString", "coordinates": [[331518.59375, 4687185.5], [331522.34375, 4687183.5]]}}, {"type": "Feature", "properties": {"id": 142, "gap_m": 4.3, "facing": 0.4, "along": 2.4, "lat_m": 0.18, "line_a": 4036, "line_b": 4042, "type_a": "BikeOnly", "type_b": "BikeOnly", "crossing": 0}, "geometry": {"type": "LineString", "coordinates": [[327727.8125, 4691390.0], [327726.3125, 4691394.0]]}}, {"type": "Feature", "properties": {"id": 143, "gap_m": 4.3, "facing": 5.8, "along": 2.8, "lat_m": 0.21, "line_a": 5879, "line_b": 5880, "type_a": "BikeOnly", "type_b": "BikeOnly", "crossing": 0}, "geometry": {"type": "LineString", "coordinates": [[334519.34375, 4680827.0], [334515.3125, 4680828.5]]}}, {"type": "Feature", "properties": {"id": 144, "gap_m": 4.3, "facing": 0.4, "along": 1.0, "lat_m": 0.07, "line_a": 1900, "line_b": 1904, "type_a": "BikeOnly", "type_b": "BikeOnly", "crossing": 0}, "geometry": {"type": "LineString", "coordinates": [[322074.0, 4698358.5], [322078.1875, 4698357.5]]}}, {"type": "Feature", "properties": {"id": 145, "gap_m": 4.3, "facing": 0.8, "along": 1.5, "lat_m": 0.11, "line_a": 4493, "line_b": 4499, "type_a": "BikeOnly", "type_b": "BikeOnly", "crossing": 0}, "geometry": {"type": "LineString", "coordinates": [[328901.5625, 4708604.5], [328904.09375, 4708601.0]]}}, {"type": "Feature", "properties": {"id": 146, "gap_m": 4.3, "facing": 3.6, "along": 2.8, "lat_m": 0.21, "line_a": 2663, "line_b": 2673, "type_a": "BikeOnly", "type_b": "BikeOnly", "crossing": 0}, "geometry": {"type": "LineString", "coordinates": [[324697.1875, 4699925.0], [324698.84375, 4699921.0]]}}, {"type": "Feature", "properties": {"id": 147, "gap_m": 4.3, "facing": 0.1, "along": 0.3, "lat_m": 0.02, "line_a": 2353, "line_b": 2362, "type_a": "BikeOnly", "type_b": "BikeOnly", "crossing": 0}, "geometry": {"type": "LineString", "coordinates": [[323469.59375, 4691381.0], [323473.65625, 4691379.5]]}}, {"type": "Feature", "properties": {"id": 148, "gap_m": 4.3, "facing": 2.6, "along": 1.1, "lat_m": 0.08, "line_a": 6155, "line_b": 6158, "type_a": "BikeOnly", "type_b": "BikeOnly", "crossing": 0}, "geometry": {"type": "LineString", "coordinates": [[337862.6875, 4678752.0], [337866.75, 4678750.5]]}}, {"type": "Feature", "properties": {"id": 149, "gap_m": 4.3, "facing": 2.4, "along": 8.5, "lat_m": 0.64, "line_a": 3783, "line_b": 3784, "type_a": "BikeOnly", "type_b": "BikeOnly", "crossing": 0}, "geometry": {"type": "LineString", "coordinates": [[326785.5, 4690750.0], [326781.4375, 4690751.5]]}}, {"type": "Feature", "properties": {"id": 150, "gap_m": 4.3, "facing": 2.3, "along": 1.8, "lat_m": 0.13, "line_a": 6805, "line_b": 6807, "type_a": "BikeOnly", "type_b": "BikeOnly", "crossing": 0}, "geometry": {"type": "LineString", "coordinates": [[345579.4375, 4709900.0], [345576.3125, 4709897.0]]}}, {"type": "Feature", "properties": {"id": 151, "gap_m": 4.3, "facing": 0.1, "along": 2.3, "lat_m": 0.18, "line_a": 2729, "line_b": 2734, "type_a": "BikeOnly", "type_b": "BikeOnly", "crossing": 0}, "geometry": {"type": "LineString", "coordinates": [[324499.9375, 4694372.0], [324496.8125, 4694369.0]]}}, {"type": "Feature", "properties": {"id": 152, "gap_m": 4.3, "facing": 0.7, "along": 2.7, "lat_m": 0.21, "line_a": 3262, "line_b": 3263, "type_a": "BikeOnly", "type_b": "BikeOnly", "crossing": 0}, "geometry": {"type": "LineString", "coordinates": [[325663.9375, 4696333.0], [325660.8125, 4696330.0]]}}, {"type": "Feature", "properties": {"id": 153, "gap_m": 4.3, "facing": 0.5, "along": 0.4, "lat_m": 0.03, "line_a": 2594, "line_b": 2603, "type_a": "BikeOnly", "type_b": "BikeOnly", "crossing": 0}, "geometry": {"type": "LineString", "coordinates": [[324000.59375, 4683777.0], [323996.25, 4683777.0]]}}, {"type": "Feature", "properties": {"id": 154, "gap_m": 4.4, "facing": 1.0, "along": 3.7, "lat_m": 0.28, "line_a": 4219, "line_b": 4221, "type_a": "BikeOnly", "type_b": "BikeOnly", "crossing": 0}, "geometry": {"type": "LineString", "coordinates": [[328227.4375, 4700532.0], [328230.59375, 4700529.0]]}}, {"type": "Feature", "properties": {"id": 155, "gap_m": 4.4, "facing": 0.0, "along": 0.7, "lat_m": 0.05, "line_a": 4837, "line_b": 4842, "type_a": "BikeOnly", "type_b": "BikeOnly", "crossing": 0}, "geometry": {"type": "LineString", "coordinates": [[329079.0, 4691991.5], [329083.34375, 4691991.0]]}}, {"type": "Feature", "properties": {"id": 156, "gap_m": 4.4, "facing": 5.7, "along": 2.7, "lat_m": 0.21, "line_a": 5051, "line_b": 5060, "type_a": "BikeOnly", "type_b": "BikeOnly", "crossing": 0}, "geometry": {"type": "LineString", "coordinates": [[329899.8125, 4691956.0], [329895.4375, 4691956.0]]}}, {"type": "Feature", "properties": {"id": 157, "gap_m": 4.4, "facing": 0.4, "along": 0.4, "lat_m": 0.03, "line_a": 302, "line_b": 304, "type_a": "BikeOnly", "type_b": "BikeOnly", "crossing": 0}, "geometry": {"type": "LineString", "coordinates": [[305321.09375, 4687806.0], [305317.5, 4687803.5]]}}, {"type": "Feature", "properties": {"id": 158, "gap_m": 4.4, "facing": 6.2, "along": 5.5, "lat_m": 0.42, "line_a": 923, "line_b": 927, "type_a": "BikeOnly", "type_b": "BikeOnly", "crossing": 0}, "geometry": {"type": "LineString", "coordinates": [[284225.40625, 4691960.5], [284221.8125, 4691958.0]]}}, {"type": "Feature", "properties": {"id": 159, "gap_m": 4.4, "facing": 11.0, "along": 3.8, "lat_m": 0.29, "line_a": 4940, "line_b": 4945, "type_a": "Sharrow", "type_b": "Sharrow", "crossing": 0}, "geometry": {"type": "LineString", "coordinates": [[329506.0625, 4680407.5], [329502.15625, 4680405.5]]}}, {"type": "Feature", "properties": {"id": 160, "gap_m": 4.4, "facing": 0.9, "along": 2.0, "lat_m": 0.16, "line_a": 6627, "line_b": 6631, "type_a": "Sharrow", "type_b": "Sharrow", "crossing": 0}, "geometry": {"type": "LineString", "coordinates": [[344217.59375, 4708194.0], [344219.40625, 4708190.0]]}}, {"type": "Feature", "properties": {"id": 161, "gap_m": 4.4, "facing": 2.3, "along": 4.2, "lat_m": 0.32, "line_a": 6049, "line_b": 6057, "type_a": "BikeOnly", "type_b": "BikeOnly", "crossing": 0}, "geometry": {"type": "LineString", "coordinates": [[336749.09375, 4703627.0], [336750.90625, 4703623.0]]}}, {"type": "Feature", "properties": {"id": 162, "gap_m": 4.4, "facing": 0.2, "along": 0.9, "lat_m": 0.07, "line_a": 3236, "line_b": 3241, "type_a": "BikeOnly", "type_b": "BikeOnly", "crossing": 0}, "geometry": {"type": "LineString", "coordinates": [[326037.75, 4697442.5], [326040.4375, 4697446.0]]}}, {"type": "Feature", "properties": {"id": 163, "gap_m": 4.4, "facing": 0.8, "along": 3.4, "lat_m": 0.26, "line_a": 3739, "line_b": 3740, "type_a": "BikeOnly", "type_b": "BikeOnly", "crossing": 0}, "geometry": {"type": "LineString", "coordinates": [[326746.8125, 4696076.0], [326751.0, 4696074.5]]}}, {"type": "Feature", "properties": {"id": 164, "gap_m": 4.4, "facing": 0.2, "along": 5.0, "lat_m": 0.39, "line_a": 3734, "line_b": 3738, "type_a": "BikeOnly", "type_b": "BikeOnly", "crossing": 0}, "geometry": {"type": "LineString", "coordinates": [[326947.34375, 4695984.5], [326943.15625, 4695986.0]]}}, {"type": "Feature", "properties": {"id": 165, "gap_m": 4.5, "facing": 0.0, "along": 2.5, "lat_m": 0.19, "line_a": 5922, "line_b": 5925, "type_a": "BikeOnly", "type_b": "BikeOnly", "crossing": 0}, "geometry": {"type": "LineString", "coordinates": [[335029.65625, 4679551.5], [335025.4375, 4679553.0]]}}, {"type": "Feature", "properties": {"id": 166, "gap_m": 4.5, "facing": 0.2, "along": 2.3, "lat_m": 0.18, "line_a": 329, "line_b": 331, "type_a": "BikeOnly", "type_b": "BikeOnly", "crossing": 0}, "geometry": {"type": "LineString", "coordinates": [[305476.5, 4687286.5], [305476.5, 4687291.0]]}}, {"type": "Feature", "properties": {"id": 167, "gap_m": 4.5, "facing": 2.9, "along": 0.7, "lat_m": 0.05, "line_a": 2067, "line_b": 2084, "type_a": "BikeOnly", "type_b": "BikeOnly", "crossing": 0}, "geometry": {"type": "LineString", "coordinates": [[322311.4375, 4689724.5], [322307.40625, 4689726.5]]}}, {"type": "Feature", "properties": {"id": 168, "gap_m": 4.5, "facing": 1.5, "along": 2.0, "lat_m": 0.16, "line_a": 3886, "line_b": 3887, "type_a": "BikeOnly", "type_b": "Sharrow", "crossing": 0}, "geometry": {"type": "LineString", "coordinates": [[327300.59375, 4681522.0], [327300.4375, 4681517.5]]}}, {"type": "Feature", "properties": {"id": 169, "gap_m": 4.5, "facing": 1.1, "along": 1.2, "lat_m": 0.09, "line_a": 1220, "line_b": 1222, "type_a": "BikeOnly", "type_b": "Sharrow", "crossing": 0}, "geometry": {"type": "LineString", "coordinates": [[317091.4375, 4684742.0], [317089.34375, 4684746.0]]}}, {"type": "Feature", "properties": {"id": 170, "gap_m": 4.5, "facing": 0.0, "along": 1.9, "lat_m": 0.15, "line_a": 6371, "line_b": 6379, "type_a": "BikeOnly", "type_b": "BikeOnly", "crossing": 0}, "geometry": {"type": "LineString", "coordinates": [[340987.34375, 4706238.0], [340985.25, 4706234.0]]}}, {"type": "Feature", "properties": {"id": 171, "gap_m": 4.5, "facing": 0.2, "along": 0.4, "lat_m": 0.03, "line_a": 1482, "line_b": 1484, "type_a": "BikeOnly", "type_b": "BikeOnly", "crossing": 0}, "geometry": {"type": "LineString", "coordinates": [[319190.25, 4687647.5], [319190.6875, 4687652.0]]}}, {"type": "Feature", "properties": {"id": 172, "gap_m": 4.5, "facing": 0.6, "along": 5.8, "lat_m": 0.46, "line_a": 2020, "line_b": 2030, "type_a": "Sharrow", "type_b": "Sharrow", "crossing": 0}, "geometry": {"type": "LineString", "coordinates": [[322495.65625, 4692956.0], [322496.09375, 4692951.5]]}}, {"type": "Feature", "properties": {"id": 173, "gap_m": 4.5, "facing": 1.5, "along": 0.6, "lat_m": 0.05, "line_a": 3237, "line_b": 3238, "type_a": "BikeOnly", "type_b": "BikeOnly", "crossing": 0}, "geometry": {"type": "LineString", "coordinates": [[325668.4375, 4697403.5], [325671.3125, 4697400.0]]}}, {"type": "Feature", "properties": {"id": 174, "gap_m": 4.5, "facing": 0.5, "along": 7.4, "lat_m": 0.58, "line_a": 2466, "line_b": 2657, "type_a": "BikeOnly", "type_b": "BikeOnly", "crossing": 0}, "geometry": {"type": "LineString", "coordinates": [[324478.1875, 4700857.0], [324481.0625, 4700853.5]]}}, {"type": "Feature", "properties": {"id": 175, "gap_m": 4.6, "facing": 0.5, "along": 2.1, "lat_m": 0.17, "line_a": 660, "line_b": 662, "type_a": "Sharrow", "type_b": "Sharrow", "crossing": 0}, "geometry": {"type": "LineString", "coordinates": [[313975.5, 4670939.0], [313976.25, 4670943.5]]}}, {"type": "Feature", "properties": {"id": 176, "gap_m": 4.6, "facing": 2.6, "along": 5.1, "lat_m": 0.41, "line_a": 5302, "line_b": 5313, "type_a": "BikeOnly", "type_b": "BikeOnly", "crossing": 0}, "geometry": {"type": "LineString", "coordinates": [[331169.84375, 4687769.0], [331169.09375, 4687764.5]]}}, {"type": "Feature", "properties": {"id": 177, "gap_m": 4.6, "facing": 0.4, "along": 11.2, "lat_m": 0.89, "line_a": 2965, "line_b": 2966, "type_a": "BikeOnly", "type_b": "BikeOnly", "crossing": 0}, "geometry": {"type": "LineString", "coordinates": [[325081.8125, 4695600.5], [325078.34375, 4695603.5]]}}, {"type": "Feature", "properties": {"id": 178, "gap_m": 4.6, "facing": 3.0, "along": 7.8, "lat_m": 0.63, "line_a": 3120, "line_b": 3127, "type_a": "BikeOnly", "type_b": "BikeOnly", "crossing": 0}, "geometry": {"type": "LineString", "coordinates": [[325165.65625, 4686320.5], [325163.40625, 4686324.5]]}}, {"type": "Feature", "properties": {"id": 179, "gap_m": 4.6, "facing": 0.3, "along": 1.0, "lat_m": 0.08, "line_a": 6767, "line_b": 6792, "type_a": "BikeOnly", "type_b": "BikeOnly", "crossing": 0}, "geometry": {"type": "LineString", "coordinates": [[345348.15625, 4712518.0], [345347.25, 4712513.5]]}}, {"type": "Feature", "properties": {"id": 180, "gap_m": 4.6, "facing": 3.9, "along": 0.4, "lat_m": 0.03, "line_a": 5114, "line_b": 5115, "type_a": "Sharrow", "type_b": "Sharrow", "crossing": 0}, "geometry": {"type": "LineString", "coordinates": [[330114.0, 4683672.5], [330118.5, 4683673.5]]}}, {"type": "Feature", "properties": {"id": 181, "gap_m": 4.6, "facing": 1.6, "along": 1.1, "lat_m": 0.09, "line_a": 2557, "line_b": 2561, "type_a": "BikeOnly", "type_b": "BikeOnly", "crossing": 0}, "geometry": {"type": "LineString", "coordinates": [[324235.5, 4689586.0], [324240.0, 4689585.0]]}}, {"type": "Feature", "properties": {"id": 182, "gap_m": 4.6, "facing": 0.6, "along": 2.2, "lat_m": 0.18, "line_a": 2819, "line_b": 2820, "type_a": "BikeOnly", "type_b": "BikeOnly", "crossing": 0}, "geometry": {"type": "LineString", "coordinates": [[324491.5625, 4685170.5], [324488.5625, 4685167.0]]}}, {"type": "Feature", "properties": {"id": 183, "gap_m": 4.6, "facing": 1.1, "along": 2.2, "lat_m": 0.18, "line_a": 3787, "line_b": 3791, "type_a": "BikeOnly", "type_b": "BikeOnly", "crossing": 0}, "geometry": {"type": "LineString", "coordinates": [[326883.3125, 4690728.5], [326878.8125, 4690729.5]]}}, {"type": "Feature", "properties": {"id": 184, "gap_m": 4.6, "facing": 0.6, "along": 2.3, "lat_m": 0.19, "line_a": 5581, "line_b": 5582, "type_a": "BikeOnly", "type_b": "BikeOnly", "crossing": 0}, "geometry": {"type": "LineString", "coordinates": [[332213.5625, 4692941.0], [332216.5625, 4692944.5]]}}, {"type": "Feature", "properties": {"id": 185, "gap_m": 4.6, "facing": 0.4, "along": 4.0, "lat_m": 0.32, "line_a": 6523, "line_b": 6528, "type_a": "BikeOnly", "type_b": "BikeOnly", "crossing": 0}, "geometry": {"type": "LineString", "coordinates": [[343381.8125, 4710407.0], [343385.6875, 4710404.5]]}}, {"type": "Feature", "properties": {"id": 186, "gap_m": 4.6, "facing": 0.8, "along": 3.2, "lat_m": 0.26, "line_a": 712, "line_b": 716, "type_a": "BikeOnly", "type_b": "BikeOnly", "crossing": 0}, "geometry": {"type": "LineString", "coordinates": [[314185.1875, 4688448.0], [314189.5625, 4688449.5]]}}, {"type": "Feature", "properties": {"id": 187, "gap_m": 4.6, "facing": 0.6, "along": 0.3, "lat_m": 0.02, "line_a": 1872, "line_b": 3935, "type_a": "BikeOnly", "type_b": "BikeOnly", "crossing": 0}, "geometry": {"type": "LineString", "coordinates": [[285291.4375, 4692867.5], [285295.34375, 4692870.0]]}}, {"type": "Feature", "properties": {"id": 188, "gap_m": 4.6, "facing": 0.6, "along": 1.7, "lat_m": 0.14, "line_a": 6295, "line_b": 6297, "type_a": "BikeOnly", "type_b": "BikeOnly", "crossing": 0}, "geometry": {"type": "LineString", "coordinates": [[339215.6875, 4668711.5], [339219.59375, 4668709.0]]}}, {"type": "Feature", "properties": {"id": 189, "gap_m": 4.6, "facing": 2.2, "along": 3.6, "lat_m": 0.29, "line_a": 2081, "line_b": 2094, "type_a": "BikeOnly", "type_b": "BikeOnly", "crossing": 0}, "geometry": {"type": "LineString", "coordinates": [[322499.09375, 4689610.0], [322495.1875, 4689612.5]]}}, {"type": "Feature", "properties": {"id": 190, "gap_m": 4.6, "facing": 4.0, "along": 7.0, "lat_m": 0.56, "line_a": 1971, "line_b": 2105, "type_a": "Sharrow", "type_b": "Sharrow", "crossing": 0}, "geometry": {"type": "LineString", "coordinates": [[322062.4375, 4679230.5], [322066.34375, 4679228.0]]}}, {"type": "Feature", "properties": {"id": 191, "gap_m": 4.7, "facing": 0.8, "along": 3.0, "lat_m": 0.25, "line_a": 5528, "line_b": 5529, "type_a": "BikeOnly", "type_b": "BikeOnly", "crossing": 0}, "geometry": {"type": "LineString", "coordinates": [[332105.6875, 4697698.0], [332101.0625, 4697697.5]]}}, {"type": "Feature", "properties": {"id": 192, "gap_m": 4.7, "facing": 1.4, "along": 2.8, "lat_m": 0.23, "line_a": 1487, "line_b": 1493, "type_a": "BikeOnly", "type_b": "BikeOnly", "crossing": 0}, "geometry": {"type": "LineString", "coordinates": [[319079.6875, 4687102.5], [319078.5, 4687098.0]]}}, {"type": "Feature", "properties": {"id": 193, "gap_m": 4.7, "facing": 4.7, "along": 1.5, "lat_m": 0.12, "line_a": 6025, "line_b": 6034, "type_a": "BikeOnly", "type_b": "BikeOnly", "crossing": 0}, "geometry": {"type": "LineString", "coordinates": [[336042.59375, 4679353.5], [336047.25, 4679353.5]]}}, {"type": "Feature", "properties": {"id": 194, "gap_m": 4.7, "facing": 0.7, "along": 4.9, "lat_m": 0.4, "line_a": 2559, "line_b": 2564, "type_a": "BikeOnly", "type_b": "BikeOnly", "crossing": 0}, "geometry": {"type": "LineString", "coordinates": [[324285.15625, 4689708.5], [324289.8125, 4689708.0]]}}, {"type": "Feature", "properties": {"id": 195, "gap_m": 4.7, "facing": 5.2, "along": 0.9, "lat_m": 0.07, "line_a": 1073, "line_b": 1092, "type_a": "BikeOnly", "type_b": "BikeOnly", "crossing": 0}, "geometry": {"type": "LineString", "coordinates": [[316786.0625, 4692422.5], [316789.1875, 4692419.0]]}}, {"type": "Feature", "properties": {"id": 196, "gap_m": 4.7, "facing": 0.5, "along": 2.7, "lat_m": 0.22, "line_a": 455, "line_b": 456, "type_a": "Sharrow", "type_b": "Sharrow", "crossing": 0}, "geometry": {"type": "LineString", "coordinates": [[311133.15625, 4684930.0], [311131.8125, 4684934.5]]}}, {"type": "Feature", "properties": {"id": 197, "gap_m": 4.7, "facing": 0.2, "along": 2.1, "lat_m": 0.17, "line_a": 6422, "line_b": 6425, "type_a": "BikeOnly", "type_b": "BikeOnly", "crossing": 0}, "geometry": {"type": "LineString", "coordinates": [[341515.9375, 4707023.5], [341519.5625, 4707026.5]]}}, {"type": "Feature", "properties": {"id": 198, "gap_m": 4.7, "facing": 0.2, "along": 2.4, "lat_m": 0.2, "line_a": 2894, "line_b": 2907, "type_a": "BikeOnly", "type_b": "BikeOnly", "crossing": 0}, "geometry": {"type": "LineString", "coordinates": [[325295.40625, 4699256.0], [325298.5625, 4699252.5]]}}, {"type": "Feature", "properties": {"id": 199, "gap_m": 4.7, "facing": 0.2, "along": 3.2, "lat_m": 0.27, "line_a": 2019, "line_b": 2174, "type_a": "BikeOnly", "type_b": "BikeOnly", "crossing": 0}, "geometry": {"type": "LineString", "coordinates": [[322726.0625, 4693668.5], [322730.6875, 4693667.5]]}}, {"type": "Feature", "properties": {"id": 200, "gap_m": 4.7, "facing": 0.1, "along": 0.2, "lat_m": 0.01, "line_a": 1507, "line_b": 1508, "type_a": "Sharrow", "type_b": "Sharrow", "crossing": 0}, "geometry": {"type": "LineString", "coordinates": [[319549.5, 4701543.5], [319545.0, 4701542.0]]}}, {"type": "Feature", "properties": {"id": 201, "gap_m": 4.7, "facing": 1.3, "along": 2.7, "lat_m": 0.23, "line_a": 1572, "line_b": 1586, "type_a": "Sharrow", "type_b": "Sharrow", "crossing": 0}, "geometry": {"type": "LineString", "coordinates": [[320126.5625, 4716559.0], [320131.0625, 4716557.5]]}}, {"type": "Feature", "properties": {"id": 202, "gap_m": 4.7, "facing": 0.0, "along": 3.6, "lat_m": 0.3, "line_a": 2228, "line_b": 2232, "type_a": "BikeOnly", "type_b": "BikeOnly", "crossing": 0}, "geometry": {"type": "LineString", "coordinates": [[323195.09375, 4689431.5], [323190.59375, 4689430.0]]}}, {"type": "Feature", "properties": {"id": 203, "gap_m": 4.7, "facing": 0.2, "along": 4.5, "lat_m": 0.37, "line_a": 2425, "line_b": 2426, "type_a": "BikeOnly", "type_b": "BikeOnly", "crossing": 0}, "geometry": {"type": "LineString", "coordinates": [[323812.8125, 4686406.5], [323817.3125, 4686405.0]]}}, {"type": "Feature", "properties": {"id": 204, "gap_m": 4.7, "facing": 9.4, "along": 6.7, "lat_m": 0.56, "line_a": 2134, "line_b": 2141, "type_a": "BikeOnly", "type_b": "BikeOnly", "crossing": 0}, "geometry": {"type": "LineString", "coordinates": [[323032.34375, 4698404.5], [323033.84375, 4698400.0]]}}, {"type": "Feature", "properties": {"id": 205, "gap_m": 4.7, "facing": 1.4, "along": 1.7, "lat_m": 0.14, "line_a": 1272, "line_b": 1273, "type_a": "BikeOnly", "type_b": "BikeOnly", "crossing": 0}, "geometry": {"type": "LineString", "coordinates": [[318066.3125, 4691859.5], [318070.34375, 4691857.0]]}}, {"type": "Feature", "properties": {"id": 206, "gap_m": 4.7, "facing": 1.3, "along": 2.3, "lat_m": 0.19, "line_a": 5361, "line_b": 5374, "type_a": "BikeOnly", "type_b": "BikeOnly", "crossing": 0}, "geometry": {"type": "LineString", "coordinates": [[331750.0625, 4697642.0], [331754.09375, 4697644.5]]}}, {"type": "Feature", "properties": {"id": 207, "gap_m": 4.8, "facing": 0.3, "along": 0.8, "lat_m": 0.06, "line_a": 3383, "line_b": 3392, "type_a": "BikeOnly", "type_b": "BikeOnly", "crossing": 0}, "geometry": {"type": "LineString", "coordinates": [[325935.75, 4686652.0], [325931.40625, 4686654.0]]}}, {"type": "Feature", "properties": {"id": 208, "gap_m": 4.8, "facing": 0.0, "along": 3.1, "lat_m": 0.26, "line_a": 3641, "line_b": 3646, "type_a": "BikeOnly", "type_b": "BikeOnly", "crossing": 0}, "geometry": {"type": "LineString", "coordinates": [[326646.59375, 4684074.0], [326642.25, 4684072.0]]}}, {"type": "Feature", "properties": {"id": 209, "gap_m": 4.8, "facing": 0.4, "along": 0.1, "lat_m": 0.01, "line_a": 6049, "line_b": 6052, "type_a": "BikeOnly", "type_b": "BikeOnly", "crossing": 0}, "geometry": {"type": "LineString", "coordinates": [[336716.09375, 4703717.0], [336714.4375, 4703721.5]]}}, {"type": "Feature", "properties": {"id": 210, "gap_m": 4.8, "facing": 0.2, "along": 2.5, "lat_m": 0.21, "line_a": 4055, "line_b": 4060, "type_a": "BikeOnly", "type_b": "BikeOnly", "crossing": 0}, "geometry": {"type": "LineString", "coordinates": [[327476.40625, 4690420.5], [327479.6875, 4690424.0]]}}, {"type": "Feature", "properties": {"id": 211, "gap_m": 4.8, "facing": 0.7, "along": 1.3, "lat_m": 0.11, "line_a": 714, "line_b": 717, "type_a": "Sharrow", "type_b": "Sharrow", "crossing": 0}, "geometry": {"type": "LineString", "coordinates": [[314078.5625, 4687971.0], [314074.8125, 4687968.0]]}}, {"type": "Feature", "properties": {"id": 212, "gap_m": 4.8, "facing": 1.2, "along": 2.5, "lat_m": 0.21, "line_a": 4538, "line_b": 4778, "type_a": "BikeOnly", "type_b": "BikeOnly", "crossing": 0}, "geometry": {"type": "LineString", "coordinates": [[329128.34375, 4696774.0], [329133.15625, 4696774.0]]}}, {"type": "Feature", "properties": {"id": 213, "gap_m": 4.8, "facing": 10.5, "along": 7.6, "lat_m": 0.64, "line_a": 2586, "line_b": 2589, "type_a": "Sharrow", "type_b": "Sharrow", "crossing": 0}, "geometry": {"type": "LineString", "coordinates": [[324342.75, 4684377.0], [324345.4375, 4684381.0]]}}, {"type": "Feature", "properties": {"id": 214, "gap_m": 4.8, "facing": 0.4, "along": 7.2, "lat_m": 0.6, "line_a": 2119, "line_b": 2250, "type_a": "Sharrow", "type_b": "Sharrow", "crossing": 0}, "geometry": {"type": "LineString", "coordinates": [[322586.6875, 4669244.0], [322591.5, 4669243.5]]}}, {"type": "Feature", "properties": {"id": 215, "gap_m": 4.8, "facing": 0.3, "along": 1.1, "lat_m": 0.09, "line_a": 6055, "line_b": 6056, "type_a": "BikeOnly", "type_b": "BikeOnly", "crossing": 0}, "geometry": {"type": "LineString", "coordinates": [[336684.90625, 4703776.5], [336686.6875, 4703772.0]]}}, {"type": "Feature", "properties": {"id": 216, "gap_m": 4.9, "facing": 0.2, "along": 0.0, "lat_m": 0.0, "line_a": 5826, "line_b": 5827, "type_a": "BikeOnly", "type_b": "BikeOnly", "crossing": 0}, "geometry": {"type": "LineString", "coordinates": [[333715.0625, 4671261.5], [333713.25, 4671266.0]]}}, {"type": "Feature", "properties": {"id": 217, "gap_m": 4.9, "facing": 3.2, "along": 4.0, "lat_m": 0.34, "line_a": 1289, "line_b": 1292, "type_a": "BikeOnly", "type_b": "BikeOnly", "crossing": 0}, "geometry": {"type": "LineString", "coordinates": [[318023.09375, 4689661.0], [318018.3125, 4689660.0]]}}, {"type": "Feature", "properties": {"id": 218, "gap_m": 4.9, "facing": 0.3, "along": 4.6, "lat_m": 0.39, "line_a": 4606, "line_b": 4840, "type_a": "BikeOnly", "type_b": "BikeOnly", "crossing": 0}, "geometry": {"type": "LineString", "coordinates": [[329032.0625, 4692020.0], [329036.84375, 4692019.0]]}}, {"type": "Feature", "properties": {"id": 219, "gap_m": 4.9, "facing": 0.4, "along": 5.2, "lat_m": 0.44, "line_a": 3476, "line_b": 3479, "type_a": "Sharrow", "type_b": "Sharrow", "crossing": 0}, "geometry": {"type": "LineString", "coordinates": [[325908.0, 4666870.0], [325903.34375, 4666868.5]]}}, {"type": "Feature", "properties": {"id": 220, "gap_m": 4.9, "facing": 3.0, "along": 1.5, "lat_m": 0.12, "line_a": 1114, "line_b": 1117, "type_a": "BikeOnly", "type_b": "BikeOnly", "crossing": 0}, "geometry": {"type": "LineString", "coordinates": [[316526.84375, 4689773.5], [316531.0625, 4689771.0]]}}, {"type": "Feature", "properties": {"id": 221, "gap_m": 4.9, "facing": 0.6, "along": 2.8, "lat_m": 0.24, "line_a": 2553, "line_b": 2569, "type_a": "BikeOnly", "type_b": "BikeOnly", "crossing": 0}, "geometry": {"type": "LineString", "coordinates": [[324090.59375, 4689805.0], [324087.75, 4689809.0]]}}, {"type": "Feature", "properties": {"id": 222, "gap_m": 4.9, "facing": 1.6, "along": 4.0, "lat_m": 0.34, "line_a": 3412, "line_b": 3413, "type_a": "Sharrow", "type_b": "Sharrow", "crossing": 0}, "geometry": {"type": "LineString", "coordinates": [[326057.40625, 4685633.5], [326054.5625, 4685629.5]]}}, {"type": "Feature", "properties": {"id": 223, "gap_m": 4.9, "facing": 0.9, "along": 0.9, "lat_m": 0.08, "line_a": 3577, "line_b": 3580, "type_a": "BikeOnly", "type_b": "BikeOnly", "crossing": 0}, "geometry": {"type": "LineString", "coordinates": [[326379.75, 4690792.5], [326374.9375, 4690793.5]]}}, {"type": "Feature", "properties": {"id": 224, "gap_m": 4.9, "facing": 0.6, "along": 1.5, "lat_m": 0.13, "line_a": 5971, "line_b": 5972, "type_a": "BikeOnly", "type_b": "BikeOnly", "crossing": 0}, "geometry": {"type": "LineString", "coordinates": [[335474.25, 4679459.0], [335469.4375, 4679460.0]]}}, {"type": "Feature", "properties": {"id": 225, "gap_m": 4.9, "facing": 3.6, "along": 2.5, "lat_m": 0.21, "line_a": 4244, "line_b": 4248, "type_a": "BikeOnly", "type_b": "BikeOnly", "crossing": 0}, "geometry": {"type": "LineString", "coordinates": [[327781.8125, 4699033.5], [327777.0, 4699034.5]]}}, {"type": "Feature", "properties": {"id": 226, "gap_m": 4.9, "facing": 3.2, "along": 0.4, "lat_m": 0.04, "line_a": 578, "line_b": 579, "type_a": "Sharrow", "type_b": "Sharrow", "crossing": 0}, "geometry": {"type": "LineString", "coordinates": [[312825.0, 4696580.5], [312820.5, 4696582.5]]}}, {"type": "Feature", "properties": {"id": 227, "gap_m": 4.9, "facing": 4.0, "along": 2.7, "lat_m": 0.23, "line_a": 2420, "line_b": 2427, "type_a": "BikeOnly", "type_b": "BikeOnly", "crossing": 0}, "geometry": {"type": "LineString", "coordinates": [[323669.6875, 4686525.5], [323672.5625, 4686529.5]]}}, {"type": "Feature", "properties": {"id": 228, "gap_m": 4.9, "facing": 0.1, "along": 4.8, "lat_m": 0.41, "line_a": 2492, "line_b": 2499, "type_a": "BikeOnly", "type_b": "BikeOnly", "crossing": 0}, "geometry": {"type": "LineString", "coordinates": [[324113.25, 4694335.0], [324108.3125, 4694335.0]]}}, {"type": "Feature", "properties": {"id": 229, "gap_m": 5.0, "facing": 1.4, "along": 1.2, "lat_m": 0.1, "line_a": 1323, "line_b": 1330, "type_a": "BikeOnly", "type_b": "BikeOnly", "crossing": 0}, "geometry": {"type": "LineString", "coordinates": [[318333.75, 4700187.5], [318335.84375, 4700183.0]]}}, {"type": "Feature", "properties": {"id": 230, "gap_m": 5.0, "facing": 0.3, "along": 0.8, "lat_m": 0.07, "line_a": 4492, "line_b": 4494, "type_a": "BikeOnly", "type_b": "BikeOnly", "crossing": 0}, "geometry": {"type": "LineString", "coordinates": [[328718.25, 4708859.0], [328721.25, 4708855.0]]}}, {"type": "Feature", "properties": {"id": 231, "gap_m": 5.0, "facing": 0.4, "along": 0.0, "lat_m": 0.0, "line_a": 4759, "line_b": 4761, "type_a": "BikeOnly", "type_b": "BikeOnly", "crossing": 0}, "geometry": {"type": "LineString", "coordinates": [[329147.40625, 4697726.5], [329147.5625, 4697731.5]]}}, {"type": "Feature", "properties": {"id": 232, "gap_m": 5.0, "facing": 0.3, "along": 3.7, "lat_m": 0.33, "line_a": 962, "line_b": 963, "type_a": "BikeOnly", "type_b": "BikeOnly", "crossing": 0}, "geometry": {"type": "LineString", "coordinates": [[316163.09375, 4702290.0], [316166.6875, 4702293.5]]}}, {"type": "Feature", "properties": {"id": 233, "gap_m": 5.0, "facing": 0.5, "along": 0.4, "lat_m": 0.03, "line_a": 1469, "line_b": 1472, "type_a": "BikeOnly", "type_b": "BikeOnly", "crossing": 0}, "geometry": {"type": "LineString", "coordinates": [[319222.5, 4688151.5], [319222.0625, 4688146.5]]}}, {"type": "Feature", "properties": {"id": 234, "gap_m": 5.0, "facing": 0.7, "along": 1.1, "lat_m": 0.09, "line_a": 3451, "line_b": 3452, "type_a": "BikeOnly", "type_b": "BikeOnly", "crossing": 0}, "geometry": {"type": "LineString", "coordinates": [[325887.15625, 4682537.0], [325891.1875, 4682534.0]]}}, {"type": "Feature", "properties": {"id": 235, "gap_m": 5.0, "facing": 0.2, "along": 1.5, "lat_m": 0.13, "line_a": 2515, "line_b": 2520, "type_a": "Sharrow", "type_b": "Sharrow", "crossing": 0}, "geometry": {"type": "LineString", "coordinates": [[324370.65625, 4692325.5], [324375.59375, 4692324.5]]}}, {"type": "Feature", "properties": {"id": 236, "gap_m": 5.0, "facing": 0.2, "along": 1.0, "lat_m": 0.09, "line_a": 676, "line_b": 678, "type_a": "BikeOnly", "type_b": "BikeOnly", "crossing": 0}, "geometry": {"type": "LineString", "coordinates": [[314599.1875, 4710787.0], [314599.8125, 4710792.0]]}}, {"type": "Feature", "properties": {"id": 237, "gap_m": 5.0, "facing": 1.4, "along": 5.1, "lat_m": 0.45, "line_a": 1308, "line_b": 1309, "type_a": "BikeOnly", "type_b": "BikeOnly", "crossing": 0}, "geometry": {"type": "LineString", "coordinates": [[317973.4375, 4664005.0], [317977.8125, 4664007.5]]}}, {"type": "Feature", "properties": {"id": 238, "gap_m": 5.0, "facing": 1.4, "along": 11.1, "lat_m": 0.97, "line_a": 2172, "line_b": 2175, "type_a": "BikeOnly", "type_b": "BikeOnly", "crossing": 0}, "geometry": {"type": "LineString", "coordinates": [[323085.3125, 4693637.5], [323089.9375, 4693639.5]]}}, {"type": "Feature", "properties": {"id": 239, "gap_m": 5.1, "facing": 0.3, "along": 0.3, "lat_m": 0.02, "line_a": 2650, "line_b": 2655, "type_a": "BikeOnly", "type_b": "BikeOnly", "crossing": 0}, "geometry": {"type": "LineString", "coordinates": [[324566.5625, 4700668.0], [324567.3125, 4700663.0]]}}, {"type": "Feature", "properties": {"id": 240, "gap_m": 5.1, "facing": 0.2, "along": 0.5, "lat_m": 0.04, "line_a": 3711, "line_b": 3712, "type_a": "BikeOnly", "type_b": "BikeOnly", "crossing": 0}, "geometry": {"type": "LineString", "coordinates": [[326971.9375, 4701169.0], [326971.1875, 4701164.0]]}}, {"type": "Feature", "properties": {"id": 241, "gap_m": 5.1, "facing": 0.9, "along": 2.8, "lat_m": 0.25, "line_a": 2414, "line_b": 2416, "type_a": "Sharrow", "type_b": "Sharrow", "crossing": 0}, "geometry": {"type": "LineString", "coordinates": [[323724.15625, 4686671.0], [323723.40625, 4686666.0]]}}, {"type": "Feature", "properties": {"id": 242, "gap_m": 5.1, "facing": 0.4, "along": 0.1, "lat_m": 0.01, "line_a": 4273, "line_b": 4277, "type_a": "BikeOnly", "type_b": "BikeOnly", "crossing": 0}, "geometry": {"type": "LineString", "coordinates": [[327931.8125, 4695789.5], [327926.84375, 4695788.5]]}}, {"type": "Feature", "properties": {"id": 243, "gap_m": 5.1, "facing": 0.3, "along": 3.1, "lat_m": 0.27, "line_a": 3265, "line_b": 3279, "type_a": "BikeOnly", "type_b": "BikeOnly", "crossing": 0}, "geometry": {"type": "LineString", "coordinates": [[325968.3125, 4694649.0], [325971.4375, 4694645.0]]}}, {"type": "Feature", "properties": {"id": 244, "gap_m": 5.1, "facing": 0.0, "along": 1.6, "lat_m": 0.14, "line_a": 4301, "line_b": 4307, "type_a": "BikeOnly", "type_b": "BikeOnly", "crossing": 0}, "geometry": {"type": "LineString", "coordinates": [[328016.5625, 4693929.5], [328015.65625, 4693934.5]]}}, {"type": "Feature", "properties": {"id": 245, "gap_m": 5.1, "facing": 0.3, "along": 2.6, "lat_m": 0.23, "line_a": 2253, "line_b": 2260, "type_a": "BikeOnly", "type_b": "BikeOnly", "crossing": 0}, "geometry": {"type": "LineString", "coordinates": [[323778.15625, 4700175.0], [323779.0625, 4700170.0]]}}, {"type": "Feature", "properties": {"id": 246, "gap_m": 5.1, "facing": 1.5, "along": 2.2, "lat_m": 0.19, "line_a": 182, "line_b": 188, "type_a": "BikeOnly", "type_b": "BikeOnly", "crossing": 0}, "geometry": {"type": "LineString", "coordinates": [[300416.6875, 4684136.5], [300414.3125, 4684141.0]]}}, {"type": "Feature", "properties": {"id": 247, "gap_m": 5.1, "facing": 0.9, "along": 1.1, "lat_m": 0.1, "line_a": 5455, "line_b": 5459, "type_a": "BikeOnly", "type_b": "BikeOnly", "crossing": 0}, "geometry": {"type": "LineString", "coordinates": [[331816.34375, 4688466.5], [331821.4375, 4688466.0]]}}, {"type": "Feature", "properties": {"id": 248, "gap_m": 5.1, "facing": 1.1, "along": 1.8, "lat_m": 0.16, "line_a": 5463, "line_b": 5600, "type_a": "BikeOnly", "type_b": "BikeOnly", "crossing": 0}, "geometry": {"type": "LineString", "coordinates": [[331877.25, 4688450.0], [331882.34375, 4688449.5]]}}, {"type": "Feature", "properties": {"id": 249, "gap_m": 5.1, "facing": 2.6, "along": 5.4, "lat_m": 0.48, "line_a": 5388, "line_b": 5395, "type_a": "BikeOnly", "type_b": "BikeOnly", "crossing": 0}, "geometry": {"type": "LineString", "coordinates": [[331678.65625, 4696552.0], [331673.5625, 4696552.5]]}}, {"type": "Feature", "properties": {"id": 250, "gap_m": 5.1, "facing": 0.1, "along": 2.3, "lat_m": 0.21, "line_a": 1720, "line_b": 1721, "type_a": "BikeOnly", "type_b": "BikeOnly", "crossing": 0}, "geometry": {"type": "LineString", "coordinates": [[320740.65625, 4691441.5], [320745.15625, 4691439.0]]}}, {"type": "Feature", "properties": {"id": 251, "gap_m": 5.1, "facing": 3.5, "along": 5.1, "lat_m": 0.46, "line_a": 5410, "line_b": 5415, "type_a": "BikeOnly", "type_b": "BikeOnly", "crossing": 0}, "geometry": {"type": "LineString", "coordinates": [[331611.4375, 4690821.0], [331606.9375, 4690823.5]]}}, {"type": "Feature", "properties": {"id": 252, "gap_m": 5.1, "facing": 0.1, "along": 1.7, "lat_m": 0.15, "line_a": 4833, "line_b": 4836, "type_a": "BikeOnly", "type_b": "BikeOnly", "crossing": 0}, "geometry": {"type": "LineString", "coordinates": [[329163.4375, 4692003.0], [329168.5625, 4692002.5]]}}, {"type": "Feature", "properties": {"id": 253, "gap_m": 5.2, "facing": 1.5, "along": 7.4, "lat_m": 0.66, "line_a": 1623, "line_b": 1626, "type_a": "BikeOnly", "type_b": "BikeOnly", "crossing": 0}, "geometry": {"type": "LineString", "coordinates": [[320158.1875, 4688925.5], [320153.25, 4688924.0]]}}, {"type": "Feature", "properties": {"id": 254, "gap_m": 5.2, "facing": 3.1, "along": 0.1, "lat_m": 0.01, "line_a": 6471, "line_b": 6495, "type_a": "BikeOnly", "type_b": "BikeOnly", "crossing": 0}, "geometry": {"type": "LineString", "coordinates": [[342404.84375, 4707809.0], [342409.0625, 4707812.0]]}}, {"type": "Feature", "properties": {"id": 255, "gap_m": 5.2, "facing": 2.3, "along": 1.6, "lat_m": 0.15, "line_a": 952, "line_b": 954, "type_a": "Sharrow", "type_b": "Sharrow", "crossing": 0}, "geometry": {"type": "LineString", "coordinates": [[316081.9375, 4702770.0], [316086.15625, 4702773.0]]}}, {"type": "Feature", "properties": {"id": 256, "gap_m": 5.2, "facing": 0.6, "along": 4.0, "lat_m": 0.36, "line_a": 5687, "line_b": 5688, "type_a": "BikeOnly", "type_b": "BikeOnly", "crossing": 0}, "geometry": {"type": "LineString", "coordinates": [[332564.25, 4673446.5], [332565.59375, 4673451.5]]}}, {"type": "Feature", "properties": {"id": 257, "gap_m": 5.2, "facing": 8.4, "along": 5.1, "lat_m": 0.46, "line_a": 2589, "line_b": 2841, "type_a": "Sharrow", "type_b": "Sharrow", "crossing": 0}, "geometry": {"type": "LineString", "coordinates": [[324356.5625, 4684404.0], [324357.90625, 4684409.0]]}}, {"type": "Feature", "properties": {"id": 258, "gap_m": 5.2, "facing": 0.7, "along": 1.1, "lat_m": 0.1, "line_a": 1173, "line_b": 1180, "type_a": "Sharrow", "type_b": "Sharrow", "crossing": 0}, "geometry": {"type": "LineString", "coordinates": [[317261.6875, 4698367.5], [317256.90625, 4698369.5]]}}, {"type": "Feature", "properties": {"id": 259, "gap_m": 5.2, "facing": 0.1, "along": 2.0, "lat_m": 0.18, "line_a": 4033, "line_b": 4040, "type_a": "BikeOnly", "type_b": "BikeOnly", "crossing": 0}, "geometry": {"type": "LineString", "coordinates": [[327734.6875, 4691327.5], [327736.1875, 4691322.5]]}}, {"type": "Feature", "properties": {"id": 260, "gap_m": 5.2, "facing": 2.0, "along": 4.4, "lat_m": 0.4, "line_a": 5347, "line_b": 5352, "type_a": "BikeOnly", "type_b": "BikeOnly", "crossing": 0}, "geometry": {"type": "LineString", "coordinates": [[331759.8125, 4698320.5], [331762.5, 4698325.0]]}}, {"type": "Feature", "properties": {"id": 261, "gap_m": 5.3, "facing": 2.4, "along": 1.6, "lat_m": 0.15, "line_a": 2416, "line_b": 2423, "type_a": "Sharrow", "type_b": "Sharrow", "crossing": 0}, "geometry": {"type": "LineString", "coordinates": [[323705.6875, 4686595.5], [323704.0625, 4686590.5]]}}, {"type": "Feature", "properties": {"id": 262, "gap_m": 5.3, "facing": 3.0, "along": 2.3, "lat_m": 0.21, "line_a": 5690, "line_b": 5691, "type_a": "BikeOnly", "type_b": "BikeOnly", "crossing": 0}, "geometry": {"type": "LineString", "coordinates": [[332580.90625, 4673595.0], [332582.5625, 4673600.0]]}}, {"type": "Feature", "properties": {"id": 263, "gap_m": 5.3, "facing": 0.2, "along": 0.8, "lat_m": 0.08, "line_a": 2983, "line_b": 3277, "type_a": "BikeOnly", "type_b": "BikeOnly", "crossing": 0}, "geometry": {"type": "LineString", "coordinates": [[325578.59375, 4694130.0], [325583.84375, 4694129.5]]}}, {"type": "Feature", "properties": {"id": 264, "gap_m": 5.3, "facing": 1.1, "along": 8.5, "lat_m": 0.78, "line_a": 1906, "line_b": 1907, "type_a": "BikeOnly", "type_b": "BikeOnly", "crossing": 0}, "geometry": {"type": "LineString", "coordinates": [[322115.84375, 4698351.5], [322110.59375, 4698352.0]]}}, {"type": "Feature", "properties": {"id": 265, "gap_m": 5.3, "facing": 0.5, "along": 4.0, "lat_m": 0.36, "line_a": 2367, "line_b": 2382, "type_a": "BikeOnly", "type_b": "BikeOnly", "crossing": 0}, "geometry": {"type": "LineString", "coordinates": [[323594.25, 4691074.5], [323589.59375, 4691072.0]]}}, {"type": "Feature", "properties": {"id": 266, "gap_m": 5.3, "facing": 0.2, "along": 0.3, "lat_m": 0.03, "line_a": 5378, "line_b": 5384, "type_a": "BikeOnly", "type_b": "BikeOnly", "crossing": 0}, "geometry": {"type": "LineString", "coordinates": [[331581.59375, 4697045.0], [331583.40625, 4697050.0]]}}, {"type": "Feature", "properties": {"id": 267, "gap_m": 5.4, "facing": 1.8, "along": 1.0, "lat_m": 0.1, "line_a": 4426, "line_b": 4430, "type_a": "BikeOnly", "type_b": "BikeOnly", "crossing": 0}, "geometry": {"type": "LineString", "coordinates": [[328033.9375, 4685881.5], [328038.0, 4685878.0]]}}, {"type": "Feature", "properties": {"id": 268, "gap_m": 5.4, "facing": 0.4, "along": 0.4, "lat_m": 0.03, "line_a": 4219, "line_b": 4229, "type_a": "BikeOnly", "type_b": "BikeOnly", "crossing": 0}, "geometry": {"type": "LineString", "coordinates": [[328126.9375, 4700643.5], [328123.34375, 4700647.5]]}}, {"type": "Feature", "properties": {"id": 269, "gap_m": 5.4, "facing": 0.2, "along": 1.5, "lat_m": 0.14, "line_a": 3756, "line_b": 3757, "type_a": "BikeOnly", "type_b": "BikeOnly", "crossing": 0}, "geometry": {"type": "LineString", "coordinates": [[326895.75, 4693574.5], [326892.15625, 4693578.5]]}}, {"type": "Feature", "properties": {"id": 270, "gap_m": 5.4, "facing": 0.0, "along": 2.3, "lat_m": 0.22, "line_a": 2894, "line_b": 2897, "type_a": "BikeOnly", "type_b": "BikeOnly", "crossing": 0}, "geometry": {"type": "LineString", "coordinates": [[325245.3125, 4699307.0], [325241.6875, 4699311.0]]}}, {"type": "Feature", "properties": {"id": 271, "gap_m": 5.4, "facing": 0.2, "along": 0.2, "lat_m": 0.02, "line_a": 4936, "line_b": 4937, "type_a": "Sharrow", "type_b": "Sharrow", "crossing": 0}, "geometry": {"type": "LineString", "coordinates": [[329282.25, 4682970.0], [329284.34375, 4682965.0]]}}, {"type": "Feature", "properties": {"id": 272, "gap_m": 5.4, "facing": 0.2, "along": 2.1, "lat_m": 0.2, "line_a": 6401, "line_b": 6403, "type_a": "BikeOnly", "type_b": "BikeOnly", "crossing": 0}, "geometry": {"type": "LineString", "coordinates": [[340806.4375, 4673405.5], [340811.25, 4673403.0]]}}, {"type": "Feature", "properties": {"id": 273, "gap_m": 5.5, "facing": 0.9, "along": 0.8, "lat_m": 0.08, "line_a": 953, "line_b": 956, "type_a": "Sharrow", "type_b": "Sharrow", "crossing": 0}, "geometry": {"type": "LineString", "coordinates": [[316324.9375, 4703010.0], [316320.75, 4703006.5]]}}, {"type": "Feature", "properties": {"id": 274, "gap_m": 5.5, "facing": 2.9, "along": 0.4, "lat_m": 0.04, "line_a": 1288, "line_b": 1293, "type_a": "BikeOnly", "type_b": "BikeOnly", "crossing": 0}, "geometry": {"type": "LineString", "coordinates": [[318022.8125, 4689663.0], [318017.5625, 4689661.5]]}}, {"type": "Feature", "properties": {"id": 275, "gap_m": 5.5, "facing": 2.2, "along": 5.1, "lat_m": 0.49, "line_a": 6350, "line_b": 6352, "type_a": "BikeOnly", "type_b": "BikeOnly", "crossing": 0}, "geometry": {"type": "LineString", "coordinates": [[340435.65625, 4703040.5], [340430.40625, 4703039.0]]}}, {"type": "Feature", "properties": {"id": 276, "gap_m": 5.5, "facing": 2.5, "along": 8.4, "lat_m": 0.79, "line_a": 5388, "line_b": 5403, "type_a": "BikeOnly", "type_b": "BikeOnly", "crossing": 0}, "geometry": {"type": "LineString", "coordinates": [[331777.1875, 4696534.5], [331782.4375, 4696533.0]]}}, {"type": "Feature", "properties": {"id": 277, "gap_m": 5.5, "facing": 0.1, "along": 0.7, "lat_m": 0.07, "line_a": 1174, "line_b": 1180, "type_a": "Sharrow", "type_b": "Sharrow", "crossing": 0}, "geometry": {"type": "LineString", "coordinates": [[317051.5625, 4698453.5], [317056.65625, 4698451.5]]}}, {"type": "Feature", "properties": {"id": 278, "gap_m": 5.5, "facing": 4.2, "along": 4.7, "lat_m": 0.45, "line_a": 5817, "line_b": 5819, "type_a": "BikeOnly", "type_b": "BikeOnly", "crossing": 0}, "geometry": {"type": "LineString", "coordinates": [[333839.84375, 4678979.5], [333834.75, 4678981.5]]}}, {"type": "Feature", "properties": {"id": 279, "gap_m": 5.5, "facing": 0.0, "along": 1.7, "lat_m": 0.17, "line_a": 4233, "line_b": 4236, "type_a": "BikeOnly", "type_b": "BikeOnly", "crossing": 0}, "geometry": {"type": "LineString", "coordinates": [[328356.15625, 4700371.0], [328359.90625, 4700367.0]]}}, {"type": "Feature", "properties": {"id": 280, "gap_m": 5.5, "facing": 0.2, "along": 1.9, "lat_m": 0.18, "line_a": 4223, "line_b": 4228, "type_a": "BikeOnly", "type_b": "BikeOnly", "crossing": 0}, "geometry": {"type": "LineString", "coordinates": [[327850.0625, 4700955.0], [327853.8125, 4700951.0]]}}, {"type": "Feature", "properties": {"id": 281, "gap_m": 5.5, "facing": 0.1, "along": 1.1, "lat_m": 0.1, "line_a": 3852, "line_b": 3858, "type_a": "BikeOnly", "type_b": "BikeOnly", "crossing": 0}, "geometry": {"type": "LineString", "coordinates": [[326823.75, 4684923.5], [326826.90625, 4684919.0]]}}, {"type": "Feature", "properties": {"id": 282, "gap_m": 5.5, "facing": 1.7, "along": 1.4, "lat_m": 0.13, "line_a": 3320, "line_b": 3321, "type_a": "BikeOnly", "type_b": "BikeOnly", "crossing": 0}, "geometry": {"type": "LineString", "coordinates": [[326041.8125, 4690891.5], [326036.40625, 4690892.5]]}}, {"type": "Feature", "properties": {"id": 283, "gap_m": 5.5, "facing": 0.3, "along": 1.0, "lat_m": 0.09, "line_a": 5134, "line_b": 5138, "type_a": "BikeOnly", "type_b": "BikeOnly", "crossing": 0}, "geometry": {"type": "LineString", "coordinates": [[330554.6875, 4704180.5], [330554.6875, 4704186.0]]}}, {"type": "Feature", "properties": {"id": 284, "gap_m": 5.5, "facing": 1.2, "along": 0.1, "lat_m": 0.01, "line_a": 6303, "line_b": 6304, "type_a": "Sharrow", "type_b": "Sharrow", "crossing": 0}, "geometry": {"type": "LineString", "coordinates": [[339375.75, 4664174.0], [339375.90625, 4664179.5]]}}, {"type": "Feature", "properties": {"id": 285, "gap_m": 5.5, "facing": 1.0, "along": 0.1, "lat_m": 0.01, "line_a": 2875, "line_b": 3198, "type_a": "BikeOnly", "type_b": "BikeOnly", "crossing": 0}, "geometry": {"type": "LineString", "coordinates": [[325005.90625, 4675548.5], [325006.1875, 4675554.0]]}}, {"type": "Feature", "properties": {"id": 286, "gap_m": 5.5, "facing": 2.0, "along": 1.6, "lat_m": 0.15, "line_a": 5304, "line_b": 5305, "type_a": "BikeOnly", "type_b": "BikeOnly", "crossing": 0}, "geometry": {"type": "LineString", "coordinates": [[331177.5, 4687946.5], [331177.0625, 4687941.0]]}}, {"type": "Feature", "properties": {"id": 287, "gap_m": 5.5, "facing": 4.8, "along": 6.4, "lat_m": 0.62, "line_a": 6396, "line_b": 6398, "type_a": "BikeOnly", "type_b": "BikeOnly", "crossing": 0}, "geometry": {"type": "LineString", "coordinates": [[341097.75, 4702703.0], [341092.8125, 4702700.5]]}}, {"type": "Feature", "properties": {"id": 288, "gap_m": 5.6, "facing": 0.1, "along": 0.4, "lat_m": 0.04, "line_a": 3371, "line_b": 3373, "type_a": "BikeOnly", "type_b": "BikeOnly", "crossing": 0}, "geometry": {"type": "LineString", "coordinates": [[325990.5, 4687497.0], [325989.75, 4687502.5]]}}, {"type": "Feature", "properties": {"id": 289, "gap_m": 5.6, "facing": 0.4, "along": 5.2, "lat_m": 0.5, "line_a": 6549, "line_b": 6550, "type_a": "Sharrow", "type_b": "Sharrow", "crossing": 0}, "geometry": {"type": "LineString", "coordinates": [[343529.5625, 4710719.0], [343530.3125, 4710724.5]]}}, {"type": "Feature", "properties": {"id": 290, "gap_m": 5.6, "facing": 2.3, "along": 7.7, "lat_m": 0.75, "line_a": 3353, "line_b": 3363, "type_a": "BikeOnly", "type_b": "BikeOnly", "crossing": 0}, "geometry": {"type": "LineString", "coordinates": [[326075.25, 4688288.0], [326076.15625, 4688293.5]]}}, {"type": "Feature", "properties": {"id": 291, "gap_m": 5.6, "facing": 0.8, "along": 5.2, "lat_m": 0.5, "line_a": 2397, "line_b": 2572, "type_a": "Sharrow", "type_b": "Sharrow", "crossing": 0}, "geometry": {"type": "LineString", "coordinates": [[323874.75, 4688968.5], [323879.09375, 4688965.0]]}}, {"type": "Feature", "properties": {"id": 292, "gap_m": 5.6, "facing": 0.0, "along": 0.3, "lat_m": 0.03, "line_a": 3864, "line_b": 3873, "type_a": "BikeOnly", "type_b": "BikeOnly", "crossing": 0}, "geometry": {"type": "LineString", "coordinates": [[327018.0, 4684688.0], [327014.6875, 4684692.5]]}}, {"type": "Feature", "properties": {"id": 293, "gap_m": 5.6, "facing": 0.2, "along": 1.1, "lat_m": 0.11, "line_a": 2863, "line_b": 2864, "type_a": "BikeOnly", "type_b": "BikeOnly", "crossing": 0}, "geometry": {"type": "LineString", "coordinates": [[324770.25, 4679552.5], [324766.9375, 4679548.0]]}}, {"type": "Feature", "properties": {"id": 294, "gap_m": 5.6, "facing": 4.2, "along": 4.6, "lat_m": 0.45, "line_a": 3117, "line_b": 3122, "type_a": "BikeOnly", "type_b": "BikeOnly", "crossing": 0}, "geometry": {"type": "LineString", "coordinates": [[325164.75, 4686325.5], [325168.0625, 4686321.0]]}}, {"type": "Feature", "properties": {"id": 295, "gap_m": 5.6, "facing": 5.2, "along": 3.9, "lat_m": 0.38, "line_a": 2923, "line_b": 2925, "type_a": "BikeOnly", "type_b": "BikeOnly", "crossing": 0}, "geometry": {"type": "LineString", "coordinates": [[325414.8125, 4696766.5], [325410.4375, 4696770.0]]}}, {"type": "Feature", "properties": {"id": 296, "gap_m": 5.6, "facing": 1.7, "along": 2.6, "lat_m": 0.26, "line_a": 3397, "line_b": 3404, "type_a": "BikeOnly", "type_b": "BikeOnly", "crossing": 0}, "geometry": {"type": "LineString", "coordinates": [[325830.59375, 4686596.5], [325825.34375, 4686598.5]]}}, {"type": "Feature", "properties": {"id": 297, "gap_m": 5.6, "facing": 1.1, "along": 1.6, "lat_m": 0.16, "line_a": 469, "line_b": 473, "type_a": "Sharrow", "type_b": "Sharrow", "crossing": 0}, "geometry": {"type": "LineString", "coordinates": [[311431.5, 4685689.5], [311434.0625, 4685694.5]]}}, {"type": "Feature", "properties": {"id": 298, "gap_m": 5.6, "facing": 1.4, "along": 1.8, "lat_m": 0.18, "line_a": 2053, "line_b": 2061, "type_a": "BikeOnly", "type_b": "BikeOnly", "crossing": 0}, "geometry": {"type": "LineString", "coordinates": [[322642.5, 4690474.5], [322645.0625, 4690469.5]]}}, {"type": "Feature", "properties": {"id": 299, "gap_m": 5.6, "facing": 0.1, "along": 0.1, "lat_m": 0.01, "line_a": 2872, "line_b": 2873, "type_a": "BikeOnly", "type_b": "BikeOnly", "crossing": 0}, "geometry": {"type": "LineString", "coordinates": [[324612.59375, 4678495.0], [324611.40625, 4678500.5]]}}, {"type": "Feature", "properties": {"id": 300, "gap_m": 5.6, "facing": 0.3, "along": 0.2, "lat_m": 0.02, "line_a": 1916, "line_b": 1917, "type_a": "Sharrow", "type_b": "Sharrow", "crossing": 0}, "geometry": {"type": "LineString", "coordinates": [[321692.25, 4692990.5], [321691.0625, 4692985.0]]}}, {"type": "Feature", "properties": {"id": 301, "gap_m": 5.6, "facing": 0.9, "along": 1.4, "lat_m": 0.14, "line_a": 1407, "line_b": 1409, "type_a": "BikeOnly", "type_b": "BikeOnly", "crossing": 0}, "geometry": {"type": "LineString", "coordinates": [[318170.09375, 4688212.5], [318171.3125, 4688218.0]]}}, {"type": "Feature", "properties": {"id": 302, "gap_m": 5.7, "facing": 0.0, "along": 0.4, "lat_m": 0.04, "line_a": 3713, "line_b": 3714, "type_a": "BikeOnly", "type_b": "BikeOnly", "crossing": 0}, "geometry": {"type": "LineString", "coordinates": [[327021.75, 4700723.5], [327023.09375, 4700718.0]]}}, {"type": "Feature", "properties": {"id": 303, "gap_m": 5.7, "facing": 2.1, "along": 5.6, "lat_m": 0.56, "line_a": 3324, "line_b": 3333, "type_a": "Sharrow", "type_b": "Sharrow", "crossing": 0}, "geometry": {"type": "LineString", "coordinates": [[325654.1875, 4690412.5], [325655.6875, 4690418.0]]}}, {"type": "Feature", "properties": {"id": 304, "gap_m": 5.7, "facing": 6.0, "along": 6.4, "lat_m": 0.63, "line_a": 2902, "line_b": 2906, "type_a": "BikeOnly", "type_b": "BikeOnly", "crossing": 0}, "geometry": {"type": "LineString", "coordinates": [[325371.0, 4699168.0], [325375.0625, 4699164.0]]}}, {"type": "Feature", "properties": {"id": 305, "gap_m": 5.7, "facing": 3.5, "along": 0.4, "lat_m": 0.04, "line_a": 6337, "line_b": 6345, "type_a": "BikeOnly", "type_b": "BikeOnly", "crossing": 0}, "geometry": {"type": "LineString", "coordinates": [[339562.34375, 4668567.0], [339568.0625, 4668567.5]]}}, {"type": "Feature", "properties": {"id": 306, "gap_m": 5.8, "facing": 0.2, "along": 0.4, "lat_m": 0.04, "line_a": 3533, "line_b": 3534, "type_a": "Sharrow", "type_b": "Sharrow", "crossing": 0}, "geometry": {"type": "LineString", "coordinates": [[326635.1875, 4696584.0], [326637.0, 4696578.5]]}}, {"type": "Feature", "properties": {"id": 307, "gap_m": 5.8, "facing": 1.2, "along": 5.8, "lat_m": 0.59, "line_a": 6721, "line_b": 6724, "type_a": "BikeOnly", "type_b": "BikeOnly", "crossing": 0}, "geometry": {"type": "LineString", "coordinates": [[344971.0625, 4684227.5], [344969.09375, 4684233.0]]}}, {"type": "Feature", "properties": {"id": 308, "gap_m": 5.9, "facing": 0.5, "along": 0.3, "lat_m": 0.03, "line_a": 3553, "line_b": 3555, "type_a": "BikeOnly", "type_b": "BikeOnly", "crossing": 0}, "geometry": {"type": "LineString", "coordinates": [[326643.3125, 4693868.5], [326647.0625, 4693864.0]]}}, {"type": "Feature", "properties": {"id": 309, "gap_m": 5.9, "facing": 3.9, "along": 1.0, "lat_m": 0.1, "line_a": 2305, "line_b": 2312, "type_a": "BikeOnly", "type_b": "BikeOnly", "crossing": 0}, "geometry": {"type": "LineString", "coordinates": [[323556.90625, 4695816.5], [323562.75, 4695816.0]]}}, {"type": "Feature", "properties": {"id": 310, "gap_m": 5.9, "facing": 3.3, "along": 4.4, "lat_m": 0.45, "line_a": 2421, "line_b": 2423, "type_a": "Sharrow", "type_b": "Sharrow", "crossing": 0}, "geometry": {"type": "LineString", "coordinates": [[323694.90625, 4686567.5], [323697.0, 4686573.0]]}}, {"type": "Feature", "properties": {"id": 311, "gap_m": 5.9, "facing": 0.1, "along": 0.0, "lat_m": 0.0, "line_a": 2430, "line_b": 2432, "type_a": "BikeOnly", "type_b": "BikeOnly", "crossing": 0}, "geometry": {"type": "LineString", "coordinates": [[323785.34375, 4684827.5], [323791.0625, 4684829.0]]}}, {"type": "Feature", "properties": {"id": 312, "gap_m": 6.0, "facing": 0.6, "along": 2.0, "lat_m": 0.21, "line_a": 1652, "line_b": 1653, "type_a": "BikeOnly", "type_b": "BikeOnly", "crossing": 0}, "geometry": {"type": "LineString", "coordinates": [[320333.84375, 4677285.5], [320333.40625, 4677291.5]]}}, {"type": "Feature", "properties": {"id": 313, "gap_m": 6.0, "facing": 0.2, "along": 0.3, "lat_m": 0.04, "line_a": 1832, "line_b": 1834, "type_a": "Sharrow", "type_b": "Sharrow", "crossing": 0}, "geometry": {"type": "LineString", "coordinates": [[321345.59375, 4687721.0], [321351.59375, 4687721.5]]}}, {"type": "Feature", "properties": {"id": 314, "gap_m": 6.0, "facing": 2.8, "along": 0.7, "lat_m": 0.07, "line_a": 6952, "line_b": 6953, "type_a": "Sharrow", "type_b": "Sharrow", "crossing": 0}, "geometry": {"type": "LineString", "coordinates": [[351344.25, 4678613.5], [351348.75, 4678617.5]]}}, {"type": "Feature", "properties": {"id": 315, "gap_m": 6.0, "facing": 4.2, "along": 7.2, "lat_m": 0.75, "line_a": 5822, "line_b": 5823, "type_a": "Sharrow", "type_b": "Sharrow", "crossing": 0}, "geometry": {"type": "LineString", "coordinates": [[333706.65625, 4677438.5], [333711.15625, 4677442.5]]}}, {"type": "Feature", "properties": {"id": 316, "gap_m": 6.0, "facing": 0.1, "along": 4.5, "lat_m": 0.48, "line_a": 5968, "line_b": 5969, "type_a": "BikeOnly", "type_b": "BikeOnly", "crossing": 0}, "geometry": {"type": "LineString", "coordinates": [[335842.8125, 4679374.5], [335848.5, 4679372.5]]}}, {"type": "Feature", "properties": {"id": 317, "gap_m": 6.0, "facing": 1.4, "along": 2.1, "lat_m": 0.22, "line_a": 1946, "line_b": 2070, "type_a": "BikeOnly", "type_b": "BikeOnly", "crossing": 0}, "geometry": {"type": "LineString", "coordinates": [[322135.5, 4689787.0], [322141.34375, 4689785.5]]}}, {"type": "Feature", "properties": {"id": 318, "gap_m": 6.1, "facing": 0.5, "along": 0.3, "lat_m": 0.03, "line_a": 4915, "line_b": 4919, "type_a": "BikeOnly", "type_b": "BikeOnly", "crossing": 0}, "geometry": {"type": "LineString", "coordinates": [[329496.15625, 4686503.0], [329492.09375, 4686498.5]]}}, {"type": "Feature", "properties": {"id": 319, "gap_m": 6.1, "facing": 0.7, "along": 2.6, "lat_m": 0.27, "line_a": 5632, "line_b": 5633, "type_a": "BikeOnly", "type_b": "BikeOnly", "crossing": 0}, "geometry": {"type": "LineString", "coordinates": [[332452.1875, 4673134.0], [332454.75, 4673139.5]]}}, {"type": "Feature", "properties": {"id": 320, "gap_m": 6.1, "facing": 2.9, "along": 1.0, "lat_m": 0.11, "line_a": 4566, "line_b": 4572, "type_a": "BikeOnly", "type_b": "BikeOnly", "crossing": 0}, "geometry": {"type": "LineString", "coordinates": [[328522.5, 4694911.0], [328516.9375, 4694913.5]]}}, {"type": "Feature", "properties": {"id": 321, "gap_m": 6.1, "facing": 0.2, "along": 0.9, "lat_m": 0.1, "line_a": 4467, "line_b": 4483, "type_a": "BikeOnly", "type_b": "BikeOnly", "crossing": 0}, "geometry": {"type": "LineString", "coordinates": [[328384.1875, 4680754.0], [328383.0, 4680748.0]]}}, {"type": "Feature", "properties": {"id": 322, "gap_m": 6.1, "facing": 0.2, "along": 1.8, "lat_m": 0.19, "line_a": 660, "line_b": 661, "type_a": "Sharrow", "type_b": "Sharrow", "crossing": 0}, "geometry": {"type": "LineString", "coordinates": [[313966.0625, 4670874.5], [313964.84375, 4670868.5]]}}, {"type": "Feature", "properties": {"id": 323, "gap_m": 6.2, "facing": 4.8, "along": 3.7, "lat_m": 0.4, "line_a": 2467, "line_b": 2649, "type_a": "BikeOnly", "type_b": "BikeOnly", "crossing": 0}, "geometry": {"type": "LineString", "coordinates": [[324471.4375, 4700853.0], [324475.0625, 4700848.0]]}}, {"type": "Feature", "properties": {"id": 324, "gap_m": 6.2, "facing": 0.0, "along": 1.6, "lat_m": 0.18, "line_a": 3933, "line_b": 5717, "type_a": "BikeOnly", "type_b": "BikeOnly", "crossing": 0}, "geometry": {"type": "LineString", "coordinates": [[285987.75, 4693305.0], [285993.59375, 4693307.0]]}}, {"type": "Feature", "properties": {"id": 325, "gap_m": 6.2, "facing": 0.6, "along": 0.5, "lat_m": 0.05, "line_a": 5953, "line_b": 5955, "type_a": "Sharrow", "type_b": "Sharrow", "crossing": 0}, "geometry": {"type": "LineString", "coordinates": [[335538.90625, 4694286.0], [335544.3125, 4694283.0]]}}, {"type": "Feature", "properties": {"id": 326, "gap_m": 6.2, "facing": 7.3, "along": 0.1, "lat_m": 0.01, "line_a": 2832, "line_b": 2839, "type_a": "BikeOnly", "type_b": "BikeOnly", "crossing": 0}, "geometry": {"type": "LineString", "coordinates": [[324589.9375, 4683844.5], [324595.0625, 4683848.0]]}}, {"type": "Feature", "properties": {"id": 327, "gap_m": 6.3, "facing": 0.1, "along": 1.1, "lat_m": 0.13, "line_a": 3044, "line_b": 3051, "type_a": "Sharrow", "type_b": "Sharrow", "crossing": 0}, "geometry": {"type": "LineString", "coordinates": [[325266.75, 4690474.0], [325268.5625, 4690480.0]]}}, {"type": "Feature", "properties": {"id": 328, "gap_m": 6.3, "facing": 0.7, "along": 2.0, "lat_m": 0.22, "line_a": 5456, "line_b": 5462, "type_a": "BikeOnly", "type_b": "BikeOnly", "crossing": 0}, "geometry": {"type": "LineString", "coordinates": [[331807.34375, 4688465.5], [331801.0625, 4688466.0]]}}, {"type": "Feature", "properties": {"id": 329, "gap_m": 6.3, "facing": 0.1, "along": 2.1, "lat_m": 0.23, "line_a": 3953, "line_b": 3961, "type_a": "BikeOnly", "type_b": "BikeOnly", "crossing": 0}, "geometry": {"type": "LineString", "coordinates": [[327630.3125, 4698746.0], [327636.4375, 4698747.5]]}}, {"type": "Feature", "properties": {"id": 330, "gap_m": 6.3, "facing": 8.2, "along": 3.7, "lat_m": 0.41, "line_a": 5957, "line_b": 5962, "type_a": "BikeOnly", "type_b": "BikeOnly", "crossing": 0}, "geometry": {"type": "LineString", "coordinates": [[335689.0625, 4694210.5], [335695.1875, 4694209.0]]}}, {"type": "Feature", "properties": {"id": 331, "gap_m": 6.3, "facing": 2.1, "along": 3.6, "lat_m": 0.4, "line_a": 4732, "line_b": 4968, "type_a": "Sharrow", "type_b": "Sharrow", "crossing": 0}, "geometry": {"type": "LineString", "coordinates": [[329761.9375, 4708629.0], [329763.90625, 4708623.0]]}}, {"type": "Feature", "properties": {"id": 332, "gap_m": 6.4, "facing": 2.4, "along": 8.1, "lat_m": 0.9, "line_a": 6316, "line_b": 6319, "type_a": "BikeOnly", "type_b": "BikeOnly", "crossing": 0}, "geometry": {"type": "LineString", "coordinates": [[339614.09375, 4702806.0], [339619.9375, 4702808.5]]}}, {"type": "Feature", "properties": {"id": 333, "gap_m": 6.4, "facing": 3.6, "along": 2.4, "lat_m": 0.27, "line_a": 5011, "line_b": 5013, "type_a": "BikeOnly", "type_b": "BikeOnly", "crossing": 0}, "geometry": {"type": "LineString", "coordinates": [[329720.5625, 4699444.0], [329726.84375, 4699445.0]]}}, {"type": "Feature", "properties": {"id": 334, "gap_m": 6.5, "facing": 1.7, "along": 0.8, "lat_m": 0.09, "line_a": 3794, "line_b": 3807, "type_a": "BikeOnly", "type_b": "BikeOnly", "crossing": 0}, "geometry": {"type": "LineString", "coordinates": [[326803.65625, 4690488.0], [326809.8125, 4690490.0]]}}, {"type": "Feature", "properties": {"id": 335, "gap_m": 6.5, "facing": 0.0, "along": 3.8, "lat_m": 0.42, "line_a": 2294, "line_b": 2295, "type_a": "Sharrow", "type_b": "Sharrow", "crossing": 0}, "geometry": {"type": "LineString", "coordinates": [[323490.75, 4696962.0], [323484.59375, 4696960.0]]}}, {"type": "Feature", "properties": {"id": 336, "gap_m": 6.5, "facing": 0.4, "along": 2.6, "lat_m": 0.29, "line_a": 1953, "line_b": 1958, "type_a": "BikeOnly", "type_b": "BikeOnly", "crossing": 0}, "geometry": {"type": "LineString", "coordinates": [[321703.34375, 4689112.0], [321709.8125, 4689112.5]]}}, {"type": "Feature", "properties": {"id": 337, "gap_m": 6.5, "facing": 1.0, "along": 0.7, "lat_m": 0.08, "line_a": 6273, "line_b": 6275, "type_a": "BikeOnly", "type_b": "BikeOnly", "crossing": 0}, "geometry": {"type": "LineString", "coordinates": [[339280.65625, 4702760.0], [339274.65625, 4702757.5]]}}, {"type": "Feature", "properties": {"id": 338, "gap_m": 6.5, "facing": 1.4, "along": 2.6, "lat_m": 0.3, "line_a": 4150, "line_b": 4155, "type_a": "BikeOnly", "type_b": "BikeOnly", "crossing": 0}, "geometry": {"type": "LineString", "coordinates": [[327627.3125, 4682788.5], [327622.1875, 4682784.5]]}}, {"type": "Feature", "properties": {"id": 339, "gap_m": 6.5, "facing": 3.2, "along": 3.8, "lat_m": 0.43, "line_a": 649, "line_b": 651, "type_a": "Sharrow", "type_b": "Sharrow", "crossing": 0}, "geometry": {"type": "LineString", "coordinates": [[313972.1875, 4671574.0], [313972.0625, 4671580.5]]}}, {"type": "Feature", "properties": {"id": 340, "gap_m": 6.5, "facing": 2.3, "along": 8.8, "lat_m": 1.0, "line_a": 5809, "line_b": 5880, "type_a": "BikeOnly", "type_b": "BikeOnly", "crossing": 0}, "geometry": {"type": "LineString", "coordinates": [[334194.15625, 4680836.0], [334200.59375, 4680835.0]]}}, {"type": "Feature", "properties": {"id": 341, "gap_m": 6.5, "facing": 3.3, "along": 2.8, "lat_m": 0.32, "line_a": 4108, "line_b": 4114, "type_a": "BikeOnly", "type_b": "BikeOnly", "crossing": 0}, "geometry": {"type": "LineString", "coordinates": [[327768.59375, 4686109.0], [327772.8125, 4686104.0]]}}, {"type": "Feature", "properties": {"id": 342, "gap_m": 6.5, "facing": 2.7, "along": 2.9, "lat_m": 0.34, "line_a": 657, "line_b": 658, "type_a": "Sharrow", "type_b": "Sharrow", "crossing": 0}, "geometry": {"type": "LineString", "coordinates": [[313983.90625, 4670987.0], [313983.15625, 4670980.5]]}}, {"type": "Feature", "properties": {"id": 343, "gap_m": 6.5, "facing": 0.1, "along": 1.4, "lat_m": 0.16, "line_a": 4835, "line_b": 4836, "type_a": "BikeOnly", "type_b": "BikeOnly", "crossing": 0}, "geometry": {"type": "LineString", "coordinates": [[329268.90625, 4691989.5], [329262.4375, 4691990.5]]}}, {"type": "Feature", "properties": {"id": 344, "gap_m": 6.6, "facing": 10.1, "along": 5.3, "lat_m": 0.61, "line_a": 1423, "line_b": 1499, "type_a": "Sharrow", "type_b": "Sharrow", "crossing": 0}, "geometry": {"type": "LineString", "coordinates": [[318613.65625, 4681165.5], [318617.25, 4681160.0]]}}, {"type": "Feature", "properties": {"id": 345, "gap_m": 6.6, "facing": 0.2, "along": 0.1, "lat_m": 0.01, "line_a": 3090, "line_b": 3091, "type_a": "BikeOnly", "type_b": "BikeOnly", "crossing": 0}, "geometry": {"type": "LineString", "coordinates": [[325440.3125, 4689009.0], [325439.25, 4689015.5]]}}, {"type": "Feature", "properties": {"id": 346, "gap_m": 6.6, "facing": 0.3, "along": 1.3, "lat_m": 0.14, "line_a": 1869, "line_b": 1881, "type_a": "BikeOnly", "type_b": "BikeOnly", "crossing": 0}, "geometry": {"type": "LineString", "coordinates": [[284939.6875, 4692493.5], [284944.9375, 4692497.5]]}}, {"type": "Feature", "properties": {"id": 347, "gap_m": 6.6, "facing": 0.6, "along": 0.6, "lat_m": 0.07, "line_a": 2315, "line_b": 2319, "type_a": "BikeOnly", "type_b": "BikeOnly", "crossing": 0}, "geometry": {"type": "LineString", "coordinates": [[323629.9375, 4694247.5], [323623.5, 4694246.0]]}}, {"type": "Feature", "properties": {"id": 348, "gap_m": 6.6, "facing": 0.7, "along": 3.3, "lat_m": 0.38, "line_a": 4940, "line_b": 5118, "type_a": "Sharrow", "type_b": "Sharrow", "crossing": 0}, "geometry": {"type": "LineString", "coordinates": [[329774.40625, 4680458.5], [329780.84375, 4680460.0]]}}, {"type": "Feature", "properties": {"id": 349, "gap_m": 6.6, "facing": 0.4, "along": 0.4, "lat_m": 0.05, "line_a": 787, "line_b": 793, "type_a": "BikeOnly", "type_b": "BikeOnly", "crossing": 0}, "geometry": {"type": "LineString", "coordinates": [[314846.09375, 4685558.0], [314848.9375, 4685564.0]]}}, {"type": "Feature", "properties": {"id": 350, "gap_m": 6.6, "facing": 0.7, "along": 1.7, "lat_m": 0.2, "line_a": 2386, "line_b": 2394, "type_a": "BikeOnly", "type_b": "BikeOnly", "crossing": 0}, "geometry": {"type": "LineString", "coordinates": [[323617.34375, 4689538.0], [323623.8125, 4689539.5]]}}, {"type": "Feature", "properties": {"id": 351, "gap_m": 6.7, "facing": 0.6, "along": 1.0, "lat_m": 0.12, "line_a": 1485, "line_b": 1493, "type_a": "BikeOnly", "type_b": "BikeOnly", "crossing": 0}, "geometry": {"type": "LineString", "coordinates": [[319070.5625, 4687064.5], [319072.0625, 4687071.0]]}}, {"type": "Feature", "properties": {"id": 352, "gap_m": 6.7, "facing": 0.5, "along": 1.3, "lat_m": 0.15, "line_a": 1388, "line_b": 1390, "type_a": "BikeOnly", "type_b": "BikeOnly", "crossing": 0}, "geometry": {"type": "LineString", "coordinates": [[318133.0625, 4689047.0], [318131.5625, 4689053.5]]}}, {"type": "Feature", "properties": {"id": 353, "gap_m": 6.7, "facing": 0.8, "along": 0.5, "lat_m": 0.06, "line_a": 4084, "line_b": 4086, "type_a": "BikeOnly", "type_b": "BikeOnly", "crossing": 0}, "geometry": {"type": "LineString", "coordinates": [[327852.75, 4687438.5], [327847.0625, 4687442.0]]}}, {"type": "Feature", "properties": {"id": 354, "gap_m": 6.7, "facing": 2.0, "along": 1.9, "lat_m": 0.22, "line_a": 3437, "line_b": 3442, "type_a": "BikeOnly", "type_b": "BikeOnly", "crossing": 0}, "geometry": {"type": "LineString", "coordinates": [[325682.6875, 4683338.5], [325687.65625, 4683343.0]]}}, {"type": "Feature", "properties": {"id": 355, "gap_m": 6.7, "facing": 0.7, "along": 2.3, "lat_m": 0.27, "line_a": 4148, "line_b": 4162, "type_a": "BikeOnly", "type_b": "BikeOnly", "crossing": 0}, "geometry": {"type": "LineString", "coordinates": [[327629.40625, 4682786.0], [327624.4375, 4682781.5]]}}, {"type": "Feature", "properties": {"id": 356, "gap_m": 6.7, "facing": 3.4, "along": 1.3, "lat_m": 0.15, "line_a": 3899, "line_b": 3905, "type_a": "BikeOnly", "type_b": "BikeOnly", "crossing": 0}, "geometry": {"type": "LineString", "coordinates": [[326621.5625, 4680764.5], [326615.84375, 4680761.0]]}}, {"type": "Feature", "properties": {"id": 357, "gap_m": 6.7, "facing": 0.1, "along": 0.8, "lat_m": 0.09, "line_a": 4222, "line_b": 4224, "type_a": "BikeOnly", "type_b": "BikeOnly", "crossing": 0}, "geometry": {"type": "LineString", "coordinates": [[328225.5, 4700519.5], [328221.0, 4700524.5]]}}, {"type": "Feature", "properties": {"id": 358, "gap_m": 6.7, "facing": 0.1, "along": 0.4, "lat_m": 0.05, "line_a": 6708, "line_b": 6713, "type_a": "BikeOnly", "type_b": "BikeOnly", "crossing": 0}, "geometry": {"type": "LineString", "coordinates": [[344841.4375, 4684692.0], [344839.65625, 4684698.5]]}}, {"type": "Feature", "properties": {"id": 359, "gap_m": 6.7, "facing": 0.1, "along": 0.2, "lat_m": 0.02, "line_a": 6710, "line_b": 6713, "type_a": "BikeOnly", "type_b": "BikeOnly", "crossing": 0}, "geometry": {"type": "LineString", "coordinates": [[344798.09375, 4684847.0], [344799.90625, 4684840.5]]}}, {"type": "Feature", "properties": {"id": 360, "gap_m": 6.8, "facing": 0.2, "along": 2.2, "lat_m": 0.26, "line_a": 1165, "line_b": 1166, "type_a": "BikeOnly", "type_b": "BikeOnly", "crossing": 0}, "geometry": {"type": "LineString", "coordinates": [[317065.1875, 4701742.0], [317058.59375, 4701743.5]]}}, {"type": "Feature", "properties": {"id": 361, "gap_m": 6.8, "facing": 0.4, "along": 2.8, "lat_m": 0.33, "line_a": 4815, "line_b": 4816, "type_a": "BikeOnly", "type_b": "BikeOnly", "crossing": 0}, "geometry": {"type": "LineString", "coordinates": [[329148.90625, 4693274.0], [329142.3125, 4693275.5]]}}, {"type": "Feature", "properties": {"id": 362, "gap_m": 6.8, "facing": 0.9, "along": 3.0, "lat_m": 0.35, "line_a": 4050, "line_b": 4052, "type_a": "BikeOnly", "type_b": "BikeOnly", "crossing": 0}, "geometry": {"type": "LineString", "coordinates": [[327568.1875, 4690736.5], [327574.5, 4690739.0]]}}, {"type": "Feature", "properties": {"id": 363, "gap_m": 6.8, "facing": 0.0, "along": 0.1, "lat_m": 0.02, "line_a": 2347, "line_b": 2360, "type_a": "Sharrow", "type_b": "BikeOnly", "crossing": 0}, "geometry": {"type": "LineString", "coordinates": [[323837.5625, 4691318.5], [323835.59375, 4691312.0]]}}, {"type": "Feature", "properties": {"id": 364, "gap_m": 6.8, "facing": 0.6, "along": 1.9, "lat_m": 0.22, "line_a": 2940, "line_b": 2943, "type_a": "BikeOnly", "type_b": "BikeOnly", "crossing": 0}, "geometry": {"type": "LineString", "coordinates": [[325491.3125, 4696227.5], [325497.15625, 4696231.0]]}}, {"type": "Feature", "properties": {"id": 365, "gap_m": 6.8, "facing": 0.6, "along": 1.8, "lat_m": 0.22, "line_a": 814, "line_b": 820, "type_a": "BikeOnly", "type_b": "BikeOnly", "crossing": 0}, "geometry": {"type": "LineString", "coordinates": [[314709.90625, 4671979.0], [314712.0, 4671972.5]]}}, {"type": "Feature", "properties": {"id": 366, "gap_m": 6.8, "facing": 2.7, "along": 2.4, "lat_m": 0.28, "line_a": 6250, "line_b": 6254, "type_a": "BikeOnly", "type_b": "BikeOnly", "crossing": 0}, "geometry": {"type": "LineString", "coordinates": [[286623.90625, 4689457.0], [286621.8125, 4689450.5]]}}, {"type": "Feature", "properties": {"id": 367, "gap_m": 6.8, "facing": 2.5, "along": 5.5, "lat_m": 0.66, "line_a": 3518, "line_b": 3521, "type_a": "Sharrow", "type_b": "Sharrow", "crossing": 0}, "geometry": {"type": "LineString", "coordinates": [[326555.25, 4697730.5], [326551.1875, 4697736.0]]}}, {"type": "Feature", "properties": {"id": 368, "gap_m": 6.9, "facing": 0.9, "along": 0.1, "lat_m": 0.01, "line_a": 4326, "line_b": 4352, "type_a": "BikeOnly", "type_b": "BikeOnly", "crossing": 0}, "geometry": {"type": "LineString", "coordinates": [[328200.59375, 4690657.0], [328202.84375, 4690650.5]]}}, {"type": "Feature", "properties": {"id": 369, "gap_m": 6.9, "facing": 0.3, "along": 5.7, "lat_m": 0.68, "line_a": 1386, "line_b": 1389, "type_a": "BikeOnly", "type_b": "BikeOnly", "crossing": 0}, "geometry": {"type": "LineString", "coordinates": [[318135.15625, 4689271.5], [318132.90625, 4689265.0]]}}, {"type": "Feature", "properties": {"id": 370, "gap_m": 6.9, "facing": 0.7, "along": 3.1, "lat_m": 0.38, "line_a": 1295, "line_b": 1296, "type_a": "BikeOnly", "type_b": "BikeOnly", "crossing": 0}, "geometry": {"type": "LineString", "coordinates": [[317991.3125, 4688892.0], [317998.1875, 4688891.5]]}}, {"type": "Feature", "properties": {"id": 371, "gap_m": 6.9, "facing": 0.1, "along": 0.5, "lat_m": 0.07, "line_a": 2194, "line_b": 2201, "type_a": "BikeOnly", "type_b": "BikeOnly", "crossing": 0}, "geometry": {"type": "LineString", "coordinates": [[322745.40625, 4691661.5], [322751.84375, 4691659.0]]}}, {"type": "Feature", "properties": {"id": 372, "gap_m": 6.9, "facing": 0.7, "along": 1.2, "lat_m": 0.15, "line_a": 5102, "line_b": 5104, "type_a": "BikeOnly", "type_b": "BikeOnly", "crossing": 0}, "geometry": {"type": "LineString", "coordinates": [[330014.5625, 4687590.0], [330018.0, 4687584.0]]}}, {"type": "Feature", "properties": {"id": 373, "gap_m": 6.9, "facing": 0.4, "along": 0.9, "lat_m": 0.11, "line_a": 2725, "line_b": 2728, "type_a": "BikeOnly", "type_b": "BikeOnly", "crossing": 0}, "geometry": {"type": "LineString", "coordinates": [[324935.09375, 4695784.5], [324939.3125, 4695779.0]]}}, {"type": "Feature", "properties": {"id": 374, "gap_m": 7.0, "facing": 3.4, "along": 2.0, "lat_m": 0.25, "line_a": 1324, "line_b": 1326, "type_a": "BikeOnly", "type_b": "BikeOnly", "crossing": 0}, "geometry": {"type": "LineString", "coordinates": [[318355.5, 4700159.5], [318358.0625, 4700153.0]]}}, {"type": "Feature", "properties": {"id": 375, "gap_m": 7.0, "facing": 0.1, "along": 1.1, "lat_m": 0.14, "line_a": 2860, "line_b": 2863, "type_a": "BikeOnly", "type_b": "BikeOnly", "crossing": 0}, "geometry": {"type": "LineString", "coordinates": [[324850.0625, 4679656.5], [324845.6875, 4679651.0]]}}, {"type": "Feature", "properties": {"id": 376, "gap_m": 7.0, "facing": 0.0, "along": 1.5, "lat_m": 0.19, "line_a": 828, "line_b": 833, "type_a": "BikeOnly", "type_b": "BikeOnly", "crossing": 0}, "geometry": {"type": "LineString", "coordinates": [[315143.6875, 4670736.5], [315141.0, 4670743.0]]}}, {"type": "Feature", "properties": {"id": 377, "gap_m": 7.0, "facing": 4.1, "along": 3.4, "lat_m": 0.41, "line_a": 6453, "line_b": 6454, "type_a": "BikeOnly", "type_b": "BikeOnly", "crossing": 0}, "geometry": {"type": "LineString", "coordinates": [[341286.4375, 4667492.0], [341283.75, 4667498.5]]}}, {"type": "Feature", "properties": {"id": 378, "gap_m": 7.0, "facing": 2.2, "along": 1.6, "lat_m": 0.2, "line_a": 492, "line_b": 493, "type_a": "Sharrow", "type_b": "Sharrow", "crossing": 0}, "geometry": {"type": "LineString", "coordinates": [[311325.0, 4683578.0], [311325.75, 4683585.0]]}}, {"type": "Feature", "properties": {"id": 379, "gap_m": 7.0, "facing": 4.5, "along": 1.8, "lat_m": 0.22, "line_a": 1701, "line_b": 1702, "type_a": "Sharrow", "type_b": "Sharrow", "crossing": 0}, "geometry": {"type": "LineString", "coordinates": [[320921.84375, 4694618.5], [320921.09375, 4694625.5]]}}, {"type": "Feature", "properties": {"id": 380, "gap_m": 7.1, "facing": 0.9, "along": 1.6, "lat_m": 0.19, "line_a": 138, "line_b": 140, "type_a": "BikeOnly", "type_b": "BikeOnly", "crossing": 0}, "geometry": {"type": "LineString", "coordinates": [[299978.84375, 4684941.5], [299982.59375, 4684935.5]]}}, {"type": "Feature", "properties": {"id": 381, "gap_m": 7.1, "facing": 2.7, "along": 2.2, "lat_m": 0.27, "line_a": 4953, "line_b": 4963, "type_a": "Sharrow", "type_b": "Sharrow", "crossing": 0}, "geometry": {"type": "LineString", "coordinates": [[329330.40625, 4665412.0], [329326.65625, 4665418.0]]}}, {"type": "Feature", "properties": {"id": 382, "gap_m": 7.1, "facing": 2.8, "along": 1.6, "lat_m": 0.2, "line_a": 400, "line_b": 401, "type_a": "Sharrow", "type_b": "BikeOnly", "crossing": 0}, "geometry": {"type": "LineString", "coordinates": [[308786.6875, 4682839.0], [308780.84375, 4682843.0]]}}, {"type": "Feature", "properties": {"id": 383, "gap_m": 7.2, "facing": 1.1, "along": 5.0, "lat_m": 0.62, "line_a": 384, "line_b": 385, "type_a": "BikeOnly", "type_b": "BikeOnly", "crossing": 0}, "geometry": {"type": "LineString", "coordinates": [[307412.25, 4674407.0], [307408.34375, 4674413.0]]}}, {"type": "Feature", "properties": {"id": 384, "gap_m": 7.2, "facing": 0.7, "along": 0.5, "lat_m": 0.06, "line_a": 6029, "line_b": 6032, "type_a": "BikeOnly", "type_b": "BikeOnly", "crossing": 0}, "geometry": {"type": "LineString", "coordinates": [[336256.0625, 4679291.5], [336249.15625, 4679293.5]]}}, {"type": "Feature", "properties": {"id": 385, "gap_m": 7.2, "facing": 0.2, "along": 1.9, "lat_m": 0.24, "line_a": 2117, "line_b": 2120, "type_a": "Sharrow", "type_b": "Sharrow", "crossing": 0}, "geometry": {"type": "LineString", "coordinates": [[322388.40625, 4669413.5], [322383.75, 4669419.0]]}}, {"type": "Feature", "properties": {"id": 386, "gap_m": 7.2, "facing": 0.3, "along": 2.2, "lat_m": 0.27, "line_a": 2950, "line_b": 2966, "type_a": "BikeOnly", "type_b": "BikeOnly", "crossing": 0}, "geometry": {"type": "LineString", "coordinates": [[325024.5, 4695671.0], [325029.15625, 4695665.5]]}}, {"type": "Feature", "properties": {"id": 387, "gap_m": 7.2, "facing": 0.2, "along": 3.1, "lat_m": 0.39, "line_a": 962, "line_b": 964, "type_a": "BikeOnly", "type_b": "BikeOnly", "crossing": 0}, "geometry": {"type": "LineString", "coordinates": [[316099.34375, 4702235.5], [316094.09375, 4702230.5]]}}, {"type": "Feature", "properties": {"id": 388, "gap_m": 7.2, "facing": 9.3, "along": 4.3, "lat_m": 0.55, "line_a": 1873, "line_b": 1882, "type_a": "BikeOnly", "type_b": "BikeOnly", "crossing": 0}, "geometry": {"type": "LineString", "coordinates": [[285105.59375, 4692754.0], [285100.34375, 4692749.0]]}}, {"type": "Feature", "properties": {"id": 389, "gap_m": 7.3, "facing": 1.3, "along": 0.6, "lat_m": 0.08, "line_a": 3687, "line_b": 3694, "type_a": "BikeOnly", "type_b": "BikeOnly", "crossing": 0}, "geometry": {"type": "LineString", "coordinates": [[326553.90625, 4665631.5], [326559.59375, 4665636.0]]}}, {"type": "Feature", "properties": {"id": 390, "gap_m": 7.3, "facing": 3.7, "along": 1.3, "lat_m": 0.17, "line_a": 2945, "line_b": 2952, "type_a": "BikeOnly", "type_b": "BikeOnly", "crossing": 0}, "geometry": {"type": "LineString", "coordinates": [[325466.25, 4695717.5], [325461.4375, 4695712.0]]}}, {"type": "Feature", "properties": {"id": 391, "gap_m": 7.3, "facing": 1.2, "along": 5.3, "lat_m": 0.68, "line_a": 2348, "line_b": 2355, "type_a": "BikeOnly", "type_b": "BikeOnly", "crossing": 0}, "geometry": {"type": "LineString", "coordinates": [[323374.9375, 4691427.5], [323367.90625, 4691429.5]]}}, {"type": "Feature", "properties": {"id": 392, "gap_m": 7.3, "facing": 0.8, "along": 1.7, "lat_m": 0.22, "line_a": 4877, "line_b": 4892, "type_a": "BikeOnly", "type_b": "BikeOnly", "crossing": 0}, "geometry": {"type": "LineString", "coordinates": [[329383.1875, 4690074.0], [329377.0625, 4690070.0]]}}, {"type": "Feature", "properties": {"id": 393, "gap_m": 7.4, "facing": 4.2, "along": 3.6, "lat_m": 0.46, "line_a": 470, "line_b": 476, "type_a": "Sharrow", "type_b": "Sharrow", "crossing": 0}, "geometry": {"type": "LineString", "coordinates": [[311326.1875, 4685485.5], [311329.65625, 4685492.0]]}}, {"type": "Feature", "properties": {"id": 394, "gap_m": 7.5, "facing": 0.2, "along": 1.2, "lat_m": 0.15, "line_a": 472, "line_b": 523, "type_a": "Sharrow", "type_b": "Sharrow", "crossing": 0}, "geometry": {"type": "LineString", "coordinates": [[311838.3125, 4686189.0], [311843.84375, 4686194.0]]}}, {"type": "Feature", "properties": {"id": 395, "gap_m": 7.5, "facing": 0.2, "along": 0.4, "lat_m": 0.06, "line_a": 2474, "line_b": 2477, "type_a": "Sharrow", "type_b": "Sharrow", "crossing": 0}, "geometry": {"type": "LineString", "coordinates": [[323934.15625, 4697953.5], [323938.65625, 4697959.5]]}}, {"type": "Feature", "properties": {"id": 396, "gap_m": 7.5, "facing": 0.2, "along": 0.8, "lat_m": 0.11, "line_a": 3858, "line_b": 3865, "type_a": "BikeOnly", "type_b": "BikeOnly", "crossing": 0}, "geometry": {"type": "LineString", "coordinates": [[326894.25, 4684826.5], [326898.75, 4684820.5]]}}, {"type": "Feature", "properties": {"id": 397, "gap_m": 7.5, "facing": 0.3, "along": 1.3, "lat_m": 0.17, "line_a": 3451, "line_b": 3454, "type_a": "BikeOnly", "type_b": "BikeOnly", "crossing": 0}, "geometry": {"type": "LineString", "coordinates": [[325854.3125, 4682560.5], [325848.3125, 4682565.0]]}}, {"type": "Feature", "properties": {"id": 398, "gap_m": 7.5, "facing": 1.4, "along": 0.4, "lat_m": 0.05, "line_a": 3707, "line_b": 3711, "type_a": "BikeOnly", "type_b": "BikeOnly", "crossing": 0}, "geometry": {"type": "LineString", "coordinates": [[326988.3125, 4701350.0], [326988.4375, 4701342.5]]}}, {"type": "Feature", "properties": {"id": 399, "gap_m": 7.6, "facing": 0.1, "along": 1.1, "lat_m": 0.15, "line_a": 2655, "line_b": 2661, "type_a": "BikeOnly", "type_b": "BikeOnly", "crossing": 0}, "geometry": {"type": "LineString", "coordinates": [[324578.6875, 4700582.0], [324579.59375, 4700574.5]]}}, {"type": "Feature", "properties": {"id": 400, "gap_m": 7.6, "facing": 0.0, "along": 3.1, "lat_m": 0.41, "line_a": 2109, "line_b": 2110, "type_a": "BikeOnly", "type_b": "BikeOnly", "crossing": 0}, "geometry": {"type": "LineString", "coordinates": [[322259.6875, 4675743.5], [322254.0, 4675748.5]]}}, {"type": "Feature", "properties": {"id": 401, "gap_m": 7.6, "facing": 0.0, "along": 1.8, "lat_m": 0.23, "line_a": 3859, "line_b": 3864, "type_a": "BikeOnly", "type_b": "BikeOnly", "crossing": 0}, "geometry": {"type": "LineString", "coordinates": [[327077.5625, 4684606.5], [327072.90625, 4684612.5]]}}, {"type": "Feature", "properties": {"id": 402, "gap_m": 7.6, "facing": 0.0, "along": 2.0, "lat_m": 0.27, "line_a": 2916, "line_b": 2920, "type_a": "Sharrow", "type_b": "Sharrow", "crossing": 0}, "geometry": {"type": "LineString", "coordinates": [[325192.9375, 4697859.0], [325198.65625, 4697854.0]]}}, {"type": "Feature", "properties": {"id": 403, "gap_m": 7.6, "facing": 2.6, "along": 0.6, "lat_m": 0.08, "line_a": 2980, "line_b": 2988, "type_a": "BikeOnly", "type_b": "BikeOnly", "crossing": 0}, "geometry": {"type": "LineString", "coordinates": [[325119.4375, 4694208.0], [325112.6875, 4694204.5]]}}, {"type": "Feature", "properties": {"id": 404, "gap_m": 7.6, "facing": 0.4, "along": 0.1, "lat_m": 0.01, "line_a": 3800, "line_b": 3803, "type_a": "BikeOnly", "type_b": "BikeOnly", "crossing": 0}, "geometry": {"type": "LineString", "coordinates": [[327111.4375, 4690591.0], [327104.25, 4690588.5]]}}, {"type": "Feature", "properties": {"id": 405, "gap_m": 7.6, "facing": 0.2, "along": 0.2, "lat_m": 0.03, "line_a": 6764, "line_b": 6771, "type_a": "BikeOnly", "type_b": "BikeOnly", "crossing": 0}, "geometry": {"type": "LineString", "coordinates": [[345574.0625, 4713191.0], [345577.0625, 4713198.0]]}}, {"type": "Feature", "properties": {"id": 406, "gap_m": 7.6, "facing": 3.5, "along": 5.0, "lat_m": 0.66, "line_a": 6750, "line_b": 6752, "type_a": "BikeOnly", "type_b": "BikeOnly", "crossing": 0}, "geometry": {"type": "LineString", "coordinates": [[345366.3125, 4713860.0], [345363.3125, 4713867.0]]}}, {"type": "Feature", "properties": {"id": 407, "gap_m": 7.6, "facing": 3.6, "along": 1.6, "lat_m": 0.21, "line_a": 5379, "line_b": 5386, "type_a": "BikeOnly", "type_b": "BikeOnly", "crossing": 0}, "geometry": {"type": "LineString", "coordinates": [[331662.15625, 4697297.5], [331663.5, 4697305.0]]}}, {"type": "Feature", "properties": {"id": 408, "gap_m": 7.6, "facing": 2.3, "along": 0.8, "lat_m": 0.11, "line_a": 547, "line_b": 550, "type_a": "Sharrow", "type_b": "Sharrow", "crossing": 0}, "geometry": {"type": "LineString", "coordinates": [[312710.5625, 4706559.0], [312709.1875, 4706566.5]]}}, {"type": "Feature", "properties": {"id": 409, "gap_m": 7.7, "facing": 7.5, "along": 5.4, "lat_m": 0.73, "line_a": 2681, "line_b": 2683, "type_a": "BikeOnly", "type_b": "BikeOnly", "crossing": 0}, "geometry": {"type": "LineString", "coordinates": [[324834.90625, 4699669.0], [324839.6875, 4699663.0]]}}, {"type": "Feature", "properties": {"id": 410, "gap_m": 7.7, "facing": 3.0, "along": 3.7, "lat_m": 0.5, "line_a": 5808, "line_b": 5878, "type_a": "BikeOnly", "type_b": "BikeOnly", "crossing": 0}, "geometry": {"type": "LineString", "coordinates": [[334192.9375, 4680832.0], [334200.59375, 4680832.5]]}}, {"type": "Feature", "properties": {"id": 411, "gap_m": 7.7, "facing": 0.8, "along": 0.8, "lat_m": 0.1, "line_a": 6125, "line_b": 6129, "type_a": "Sharrow", "type_b": "Sharrow", "crossing": 0}, "geometry": {"type": "LineString", "coordinates": [[337737.75, 4693366.0], [337734.59375, 4693373.0]]}}, {"type": "Feature", "properties": {"id": 412, "gap_m": 7.7, "facing": 1.7, "along": 3.9, "lat_m": 0.53, "line_a": 5544, "line_b": 5547, "type_a": "BikeOnly", "type_b": "BikeOnly", "crossing": 0}, "geometry": {"type": "LineString", "coordinates": [[332151.75, 4695543.0], [332153.5625, 4695535.5]]}}, {"type": "Feature", "properties": {"id": 413, "gap_m": 7.7, "facing": 4.6, "along": 3.7, "lat_m": 0.5, "line_a": 546, "line_b": 548, "type_a": "Sharrow", "type_b": "Sharrow", "crossing": 0}, "geometry": {"type": "LineString", "coordinates": [[312761.09375, 4706351.5], [312764.40625, 4706344.5]]}}, {"type": "Feature", "properties": {"id": 414, "gap_m": 7.8, "facing": 0.3, "along": 0.6, "lat_m": 0.08, "line_a": 1164, "line_b": 1169, "type_a": "BikeOnly", "type_b": "BikeOnly", "crossing": 0}, "geometry": {"type": "LineString", "coordinates": [[317067.90625, 4701750.0], [317060.40625, 4701752.0]]}}, {"type": "Feature", "properties": {"id": 415, "gap_m": 7.8, "facing": 0.2, "along": 0.5, "lat_m": 0.07, "line_a": 897, "line_b": 901, "type_a": "BikeOnly", "type_b": "BikeOnly", "crossing": 0}, "geometry": {"type": "LineString", "coordinates": [[315414.75, 4686043.5], [315409.8125, 4686037.5]]}}, {"type": "Feature", "properties": {"id": 416, "gap_m": 7.8, "facing": 0.0, "along": 1.3, "lat_m": 0.17, "line_a": 3752, "line_b": 3757, "type_a": "BikeOnly", "type_b": "BikeOnly", "crossing": 0}, "geometry": {"type": "LineString", "coordinates": [[326793.15625, 4693694.0], [326798.09375, 4693688.0]]}}, {"type": "Feature", "properties": {"id": 417, "gap_m": 7.8, "facing": 1.5, "along": 2.1, "lat_m": 0.28, "line_a": 1700, "line_b": 1805, "type_a": "Sharrow", "type_b": "Sharrow", "crossing": 0}, "geometry": {"type": "LineString", "coordinates": [[320989.0625, 4695040.0], [320994.0, 4695046.0]]}}, {"type": "Feature", "properties": {"id": 418, "gap_m": 7.8, "facing": 0.1, "along": 0.1, "lat_m": 0.01, "line_a": 4612, "line_b": 4616, "type_a": "BikeOnly", "type_b": "BikeOnly", "crossing": 0}, "geometry": {"type": "LineString", "coordinates": [[328562.6875, 4690862.5], [328570.0625, 4690865.0]]}}, {"type": "Feature", "properties": {"id": 419, "gap_m": 7.8, "facing": 2.9, "along": 0.2, "lat_m": 0.03, "line_a": 4941, "line_b": 4945, "type_a": "Sharrow", "type_b": "Sharrow", "crossing": 0}, "geometry": {"type": "LineString", "coordinates": [[329477.25, 4680387.0], [329483.25, 4680392.0]]}}, {"type": "Feature", "properties": {"id": 420, "gap_m": 7.8, "facing": 0.1, "along": 1.2, "lat_m": 0.16, "line_a": 705, "line_b": 706, "type_a": "Sharrow", "type_b": "BikeOnly", "crossing": 0}, "geometry": {"type": "LineString", "coordinates": [[314522.40625, 4694023.5], [314514.59375, 4694024.0]]}}, {"type": "Feature", "properties": {"id": 421, "gap_m": 7.9, "facing": 6.2, "along": 6.3, "lat_m": 0.87, "line_a": 3634, "line_b": 3640, "type_a": "BikeOnly", "type_b": "BikeOnly", "crossing": 0}, "geometry": {"type": "LineString", "coordinates": [[326239.9375, 4685355.5], [326232.90625, 4685359.0]]}}, {"type": "Feature", "properties": {"id": 422, "gap_m": 7.9, "facing": 7.6, "along": 1.0, "lat_m": 0.14, "line_a": 6438, "line_b": 6441, "type_a": "BikeOnly", "type_b": "BikeOnly", "crossing": 0}, "geometry": {"type": "LineString", "coordinates": [[341302.9375, 4702832.5], [341309.09375, 4702837.5]]}}, {"type": "Feature", "properties": {"id": 423, "gap_m": 7.9, "facing": 0.1, "along": 2.3, "lat_m": 0.32, "line_a": 2775, "line_b": 2785, "type_a": "Sharrow", "type_b": "Sharrow", "crossing": 0}, "geometry": {"type": "LineString", "coordinates": [[324949.34375, 4689919.0], [324943.1875, 4689924.0]]}}, {"type": "Feature", "properties": {"id": 424, "gap_m": 7.9, "facing": 0.2, "along": 0.8, "lat_m": 0.11, "line_a": 1181, "line_b": 1263, "type_a": "Sharrow", "type_b": "Sharrow", "crossing": 0}, "geometry": {"type": "LineString", "coordinates": [[317516.5625, 4698270.5], [317523.90625, 4698267.5]]}}, {"type": "Feature", "properties": {"id": 425, "gap_m": 7.9, "facing": 0.4, "along": 1.7, "lat_m": 0.24, "line_a": 2349, "line_b": 2355, "type_a": "BikeOnly", "type_b": "BikeOnly", "crossing": 0}, "geometry": {"type": "LineString", "coordinates": [[323300.09375, 4691455.0], [323307.4375, 4691452.0]]}}, {"type": "Feature", "properties": {"id": 426, "gap_m": 8.0, "facing": 0.4, "along": 0.2, "lat_m": 0.02, "line_a": 3558, "line_b": 3559, "type_a": "BikeOnly", "type_b": "BikeOnly", "crossing": 0}, "geometry": {"type": "LineString", "coordinates": [[326610.4375, 4693499.5], [326618.25, 4693498.0]]}}, {"type": "Feature", "properties": {"id": 427, "gap_m": 8.0, "facing": 0.2, "along": 0.6, "lat_m": 0.09, "line_a": 4224, "line_b": 4230, "type_a": "BikeOnly", "type_b": "BikeOnly", "crossing": 0}, "geometry": {"type": "LineString", "coordinates": [[328120.34375, 4700638.0], [328115.09375, 4700644.0]]}}, {"type": "Feature", "properties": {"id": 428, "gap_m": 8.0, "facing": 0.0, "along": 0.6, "lat_m": 0.08, "line_a": 6207, "line_b": 6208, "type_a": "BikeOnly", "type_b": "BikeOnly", "crossing": 0}, "geometry": {"type": "LineString", "coordinates": [[338490.90625, 4669716.5], [338490.90625, 4669724.5]]}}, {"type": "Feature", "properties": {"id": 429, "gap_m": 8.0, "facing": 0.1, "along": 0.7, "lat_m": 0.1, "line_a": 5214, "line_b": 5217, "type_a": "BikeOnly", "type_b": "BikeOnly", "crossing": 0}, "geometry": {"type": "LineString", "coordinates": [[330525.0, 4687635.0], [330525.0, 4687643.0]]}}, {"type": "Feature", "properties": {"id": 430, "gap_m": 8.0, "facing": 3.5, "along": 5.8, "lat_m": 0.81, "line_a": 5058, "line_b": 5064, "type_a": "BikeOnly", "type_b": "BikeOnly", "crossing": 0}, "geometry": {"type": "LineString", "coordinates": [[330055.1875, 4692104.0], [330055.1875, 4692096.0]]}}, {"type": "Feature", "properties": {"id": 431, "gap_m": 8.0, "facing": 1.4, "along": 3.6, "lat_m": 0.5, "line_a": 4250, "line_b": 4257, "type_a": "BikeOnly", "type_b": "BikeOnly", "crossing": 0}, "geometry": {"type": "LineString", "coordinates": [[328384.8125, 4698645.0], [328385.09375, 4698653.0]]}}, {"type": "Feature", "properties": {"id": 432, "gap_m": 8.0, "facing": 0.5, "along": 0.8, "lat_m": 0.11, "line_a": 1650, "line_b": 1654, "type_a": "BikeOnly", "type_b": "BikeOnly", "crossing": 0}, "geometry": {"type": "LineString", "coordinates": [[320317.5, 4677389.5], [320317.8125, 4677381.5]]}}, {"type": "Feature", "properties": {"id": 433, "gap_m": 8.0, "facing": 0.2, "along": 1.6, "lat_m": 0.23, "line_a": 172, "line_b": 173, "type_a": "BikeOnly", "type_b": "BikeOnly", "crossing": 0}, "geometry": {"type": "LineString", "coordinates": [[300286.9375, 4684376.5], [300290.84375, 4684369.5]]}}, {"type": "Feature", "properties": {"id": 434, "gap_m": 8.0, "facing": 6.8, "along": 5.9, "lat_m": 0.82, "line_a": 1655, "line_b": 1756, "type_a": "BikeOnly", "type_b": "BikeOnly", "crossing": 0}, "geometry": {"type": "LineString", "coordinates": [[320412.59375, 4677218.0], [320419.8125, 4677221.5]]}}, {"type": "Feature", "properties": {"id": 435, "gap_m": 8.1, "facing": 0.2, "along": 0.3, "lat_m": 0.04, "line_a": 6611, "line_b": 6622, "type_a": "Sharrow", "type_b": "Sharrow", "crossing": 0}, "geometry": {"type": "LineString", "coordinates": [[344193.75, 4708351.0], [344192.84375, 4708343.0]]}}, {"type": "Feature", "properties": {"id": 436, "gap_m": 8.1, "facing": 2.1, "along": 1.3, "lat_m": 0.19, "line_a": 3814, "line_b": 3818, "type_a": "Sharrow", "type_b": "Sharrow", "crossing": 0}, "geometry": {"type": "LineString", "coordinates": [[327060.75, 4689260.0], [327068.25, 4689263.0]]}}, {"type": "Feature", "properties": {"id": 437, "gap_m": 8.1, "facing": 0.2, "along": 2.8, "lat_m": 0.39, "line_a": 2373, "line_b": 2381, "type_a": "BikeOnly", "type_b": "BikeOnly", "crossing": 0}, "geometry": {"type": "LineString", "coordinates": [[323589.0, 4691081.0], [323596.5, 4691084.0]]}}, {"type": "Feature", "properties": {"id": 438, "gap_m": 8.1, "facing": 0.2, "along": 0.2, "lat_m": 0.03, "line_a": 2278, "line_b": 2283, "type_a": "Sharrow", "type_b": "Sharrow", "crossing": 0}, "geometry": {"type": "LineString", "coordinates": [[323814.90625, 4697792.5], [323810.09375, 4697786.0]]}}, {"type": "Feature", "properties": {"id": 439, "gap_m": 8.1, "facing": 1.6, "along": 2.2, "lat_m": 0.31, "line_a": 1287, "line_b": 1293, "type_a": "BikeOnly", "type_b": "BikeOnly", "crossing": 0}, "geometry": {"type": "LineString", "coordinates": [[317952.90625, 4689654.0], [317961.0, 4689654.0]]}}, {"type": "Feature", "properties": {"id": 440, "gap_m": 8.1, "facing": 3.4, "along": 6.4, "lat_m": 0.91, "line_a": 5979, "line_b": 5980, "type_a": "BikeOnly", "type_b": "BikeOnly", "crossing": 0}, "geometry": {"type": "LineString", "coordinates": [[335921.09375, 4679345.5], [335929.1875, 4679345.0]]}}, {"type": "Feature", "properties": {"id": 441, "gap_m": 8.1, "facing": 0.4, "along": 0.1, "lat_m": 0.01, "line_a": 6608, "line_b": 6620, "type_a": "Sharrow", "type_b": "Sharrow", "crossing": 0}, "geometry": {"type": "LineString", "coordinates": [[344244.15625, 4708701.5], [344245.5, 4708709.5]]}}, {"type": "Feature", "properties": {"id": 442, "gap_m": 8.1, "facing": 1.3, "along": 0.1, "lat_m": 0.02, "line_a": 6129, "line_b": 6130, "type_a": "Sharrow", "type_b": "Sharrow", "crossing": 0}, "geometry": {"type": "LineString", "coordinates": [[337703.25, 4693448.0], [337700.09375, 4693455.5]]}}, {"type": "Feature", "properties": {"id": 443, "gap_m": 8.1, "facing": 8.9, "along": 6.7, "lat_m": 0.95, "line_a": 1868, "line_b": 1874, "type_a": "BikeOnly", "type_b": "BikeOnly", "crossing": 0}, "geometry": {"type": "LineString", "coordinates": [[285090.59375, 4692758.5], [285096.59375, 4692764.0]]}}, {"type": "Feature", "properties": {"id": 444, "gap_m": 8.2, "facing": 1.8, "along": 1.0, "lat_m": 0.15, "line_a": 5930, "line_b": 5974, "type_a": "BikeOnly", "type_b": "BikeOnly", "crossing": 0}, "geometry": {"type": "LineString", "coordinates": [[335350.34375, 4679460.5], [335358.4375, 4679461.5]]}}, {"type": "Feature", "properties": {"id": 445, "gap_m": 8.2, "facing": 1.3, "along": 3.1, "lat_m": 0.43, "line_a": 1545, "line_b": 1546, "type_a": "BikeOnly", "type_b": "BikeOnly", "crossing": 0}, "geometry": {"type": "LineString", "coordinates": [[319372.9375, 4688664.5], [319380.3125, 4688668.0]]}}, {"type": "Feature", "properties": {"id": 446, "gap_m": 8.2, "facing": 2.5, "along": 3.9, "lat_m": 0.56, "line_a": 4519, "line_b": 4526, "type_a": "BikeOnly", "type_b": "BikeOnly", "crossing": 0}, "geometry": {"type": "LineString", "coordinates": [[328478.40625, 4697405.5], [328476.59375, 4697413.5]]}}, {"type": "Feature", "properties": {"id": 447, "gap_m": 8.3, "facing": 0.6, "along": 1.1, "lat_m": 0.15, "line_a": 3181, "line_b": 3182, "type_a": "BikeOnly", "type_b": "BikeOnly", "crossing": 0}, "geometry": {"type": "LineString", "coordinates": [[325575.0, 4677529.5], [325571.5625, 4677522.0]]}}, {"type": "Feature", "properties": {"id": 448, "gap_m": 8.3, "facing": 0.3, "along": 1.1, "lat_m": 0.16, "line_a": 3670, "line_b": 3679, "type_a": "Sharrow", "type_b": "Sharrow", "crossing": 0}, "geometry": {"type": "LineString", "coordinates": [[326725.5, 4678730.0], [326718.90625, 4678725.0]]}}, {"type": "Feature", "properties": {"id": 449, "gap_m": 8.3, "facing": 0.1, "along": 2.9, "lat_m": 0.41, "line_a": 4974, "line_b": 4976, "type_a": "Sharrow", "type_b": "Sharrow", "crossing": 0}, "geometry": {"type": "LineString", "coordinates": [[330059.6875, 4703558.0], [330053.09375, 4703563.0]]}}, {"type": "Feature", "properties": {"id": 450, "gap_m": 8.4, "facing": 0.3, "along": 0.0, "lat_m": 0.0, "line_a": 906, "line_b": 1022, "type_a": "Sharrow", "type_b": "Sharrow", "crossing": 0}, "geometry": {"type": "LineString", "coordinates": [[315798.3125, 4683134.0], [315804.15625, 4683128.0]]}}, {"type": "Feature", "properties": {"id": 451, "gap_m": 8.4, "facing": 0.2, "along": 0.2, "lat_m": 0.03, "line_a": 2219, "line_b": 2221, "type_a": "Sharrow", "type_b": "Sharrow", "crossing": 0}, "geometry": {"type": "LineString", "coordinates": [[322746.59375, 4690522.5], [322750.34375, 4690530.0]]}}, {"type": "Feature", "properties": {"id": 452, "gap_m": 8.4, "facing": 0.1, "along": 1.5, "lat_m": 0.23, "line_a": 3956, "line_b": 3961, "type_a": "BikeOnly", "type_b": "BikeOnly", "crossing": 0}, "geometry": {"type": "LineString", "coordinates": [[327762.3125, 4698773.5], [327754.0625, 4698772.0]]}}, {"type": "Feature", "properties": {"id": 453, "gap_m": 8.4, "facing": 1.5, "along": 5.2, "lat_m": 0.76, "line_a": 4774, "line_b": 4778, "type_a": "BikeOnly", "type_b": "BikeOnly", "crossing": 0}, "geometry": {"type": "LineString", "coordinates": [[329172.59375, 4696772.0], [329164.1875, 4696772.0]]}}, {"type": "Feature", "properties": {"id": 454, "gap_m": 8.5, "facing": 5.4, "along": 4.7, "lat_m": 0.69, "line_a": 3085, "line_b": 3088, "type_a": "BikeOnly", "type_b": "BikeOnly", "crossing": 0}, "geometry": {"type": "LineString", "coordinates": [[325368.90625, 4689191.0], [325363.5, 4689197.5]]}}, {"type": "Feature", "properties": {"id": 455, "gap_m": 8.5, "facing": 0.0, "along": 0.5, "lat_m": 0.08, "line_a": 4842, "line_b": 4846, "type_a": "BikeOnly", "type_b": "BikeOnly", "crossing": 0}, "geometry": {"type": "LineString", "coordinates": [[329176.9375, 4691979.0], [329185.34375, 4691978.0]]}}, {"type": "Feature", "properties": {"id": 456, "gap_m": 8.5, "facing": 0.1, "along": 0.1, "lat_m": 0.01, "line_a": 967, "line_b": 968, "type_a": "BikeOnly", "type_b": "BikeOnly", "crossing": 0}, "geometry": {"type": "LineString", "coordinates": [[316105.34375, 4702229.0], [316098.90625, 4702223.5]]}}, {"type": "Feature", "properties": {"id": 457, "gap_m": 8.5, "facing": 1.5, "along": 0.4, "lat_m": 0.06, "line_a": 2491, "line_b": 2497, "type_a": "BikeOnly", "type_b": "BikeOnly", "crossing": 0}, "geometry": {"type": "LineString", "coordinates": [[323924.40625, 4694316.5], [323932.65625, 4694318.5]]}}, {"type": "Feature", "properties": {"id": 458, "gap_m": 8.5, "facing": 0.5, "along": 4.2, "lat_m": 0.62, "line_a": 4808, "line_b": 4815, "type_a": "BikeOnly", "type_b": "BikeOnly", "crossing": 0}, "geometry": {"type": "LineString", "coordinates": [[329230.8125, 4693259.0], [329222.5625, 4693261.0]]}}, {"type": "Feature", "properties": {"id": 459, "gap_m": 8.5, "facing": 0.2, "along": 0.2, "lat_m": 0.03, "line_a": 2519, "line_b": 2521, "type_a": "Sharrow", "type_b": "Sharrow", "crossing": 0}, "geometry": {"type": "LineString", "coordinates": [[324065.84375, 4692018.5], [324068.6875, 4692026.5]]}}, {"type": "Feature", "properties": {"id": 460, "gap_m": 8.5, "facing": 0.0, "along": 0.1, "lat_m": 0.01, "line_a": 6635, "line_b": 6643, "type_a": "Sharrow", "type_b": "Sharrow", "crossing": 0}, "geometry": {"type": "LineString", "coordinates": [[344214.75, 4707616.0], [344214.90625, 4707624.5]]}}, {"type": "Feature", "properties": {"id": 461, "gap_m": 8.5, "facing": 0.1, "along": 0.1, "lat_m": 0.01, "line_a": 6686, "line_b": 6687, "type_a": "BikeOnly", "type_b": "BikeOnly", "crossing": 0}, "geometry": {"type": "LineString", "coordinates": [[344796.15625, 4708996.5], [344796.0, 4708988.0]]}}, {"type": "Feature", "properties": {"id": 462, "gap_m": 8.5, "facing": 0.3, "along": 5.4, "lat_m": 0.8, "line_a": 4319, "line_b": 4322, "type_a": "BikeOnly", "type_b": "BikeOnly", "crossing": 0}, "geometry": {"type": "LineString", "coordinates": [[328040.40625, 4692073.5], [328040.6875, 4692082.0]]}}, {"type": "Feature", "properties": {"id": 463, "gap_m": 8.5, "facing": 0.2, "along": 0.7, "lat_m": 0.1, "line_a": 979, "line_b": 982, "type_a": "Sharrow", "type_b": "Sharrow", "crossing": 0}, "geometry": {"type": "LineString", "coordinates": [[315993.0, 4698717.0], [315984.59375, 4698718.5]]}}, {"type": "Feature", "properties": {"id": 464, "gap_m": 8.6, "facing": 0.2, "along": 0.1, "lat_m": 0.01, "line_a": 3894, "line_b": 3897, "type_a": "BikeOnly", "type_b": "BikeOnly", "crossing": 0}, "geometry": {"type": "LineString", "coordinates": [[327024.3125, 4681071.5], [327018.75, 4681065.0]]}}, {"type": "Feature", "properties": {"id": 465, "gap_m": 8.6, "facing": 0.2, "along": 6.0, "lat_m": 0.9, "line_a": 2593, "line_b": 2611, "type_a": "BikeOnly", "type_b": "BikeOnly", "crossing": 0}, "geometry": {"type": "LineString", "coordinates": [[324175.1875, 4684227.5], [324180.75, 4684234.0]]}}, {"type": "Feature", "properties": {"id": 466, "gap_m": 8.6, "facing": 0.0, "along": 0.3, "lat_m": 0.05, "line_a": 6611, "line_b": 6614, "type_a": "Sharrow", "type_b": "Sharrow", "crossing": 0}, "geometry": {"type": "LineString", "coordinates": [[344212.5, 4708514.5], [344213.6875, 4708523.0]]}}, {"type": "Feature", "properties": {"id": 467, "gap_m": 8.6, "facing": 0.0, "along": 0.2, "lat_m": 0.02, "line_a": 4023, "line_b": 4031, "type_a": "Sharrow", "type_b": "BikeOnly", "crossing": 0}, "geometry": {"type": "LineString", "coordinates": [[327441.3125, 4691937.0], [327447.90625, 4691931.5]]}}, {"type": "Feature", "properties": {"id": 468, "gap_m": 8.6, "facing": 8.5, "along": 5.1, "lat_m": 0.76, "line_a": 1378, "line_b": 1384, "type_a": "BikeOnly", "type_b": "BikeOnly", "crossing": 0}, "geometry": {"type": "LineString", "coordinates": [[318231.4375, 4690060.5], [318230.09375, 4690052.0]]}}, {"type": "Feature", "properties": {"id": 469, "gap_m": 8.6, "facing": 0.3, "along": 0.9, "lat_m": 0.13, "line_a": 6609, "line_b": 6614, "type_a": "Sharrow", "type_b": "Sharrow", "crossing": 0}, "geometry": {"type": "LineString", "coordinates": [[344241.15625, 4708711.0], [344239.65625, 4708702.5]]}}, {"type": "Feature", "properties": {"id": 470, "gap_m": 8.6, "facing": 3.6, "along": 3.2, "lat_m": 0.48, "line_a": 2968, "line_b": 2975, "type_a": "BikeOnly", "type_b": "Sharrow", "crossing": 0}, "geometry": {"type": "LineString", "coordinates": [[325553.6875, 4695042.0], [325555.1875, 4695033.5]]}}, {"type": "Feature", "properties": {"id": 471, "gap_m": 8.6, "facing": 0.6, "along": 0.3, "lat_m": 0.04, "line_a": 4182, "line_b": 4190, "type_a": "BikeOnly", "type_b": "BikeOnly", "crossing": 0}, "geometry": {"type": "LineString", "coordinates": [[327637.65625, 4681038.5], [327645.3125, 4681034.5]]}}, {"type": "Feature", "properties": {"id": 472, "gap_m": 8.6, "facing": 0.8, "along": 0.3, "lat_m": 0.04, "line_a": 2319, "line_b": 2325, "type_a": "BikeOnly", "type_b": "BikeOnly", "crossing": 0}, "geometry": {"type": "LineString", "coordinates": [[323546.25, 4694228.0], [323537.84375, 4694226.0]]}}, {"type": "Feature", "properties": {"id": 473, "gap_m": 8.7, "facing": 0.2, "along": 0.8, "lat_m": 0.11, "line_a": 4054, "line_b": 4063, "type_a": "BikeOnly", "type_b": "BikeOnly", "crossing": 0}, "geometry": {"type": "LineString", "coordinates": [[327474.59375, 4690421.5], [327480.3125, 4690428.0]]}}, {"type": "Feature", "properties": {"id": 474, "gap_m": 8.7, "facing": 0.3, "along": 1.0, "lat_m": 0.15, "line_a": 4474, "line_b": 4480, "type_a": "BikeOnly", "type_b": "BikeOnly", "crossing": 0}, "geometry": {"type": "LineString", "coordinates": [[328386.75, 4680757.5], [328385.09375, 4680749.0]]}}, {"type": "Feature", "properties": {"id": 475, "gap_m": 8.7, "facing": 1.6, "along": 1.0, "lat_m": 0.15, "line_a": 1717, "line_b": 1718, "type_a": "BikeOnly", "type_b": "BikeOnly", "crossing": 0}, "geometry": {"type": "LineString", "coordinates": [[320551.8125, 4691555.0], [320543.84375, 4691558.5]]}}, {"type": "Feature", "properties": {"id": 476, "gap_m": 8.7, "facing": 1.1, "along": 1.9, "lat_m": 0.29, "line_a": 5511, "line_b": 5638, "type_a": "BikeOnly", "type_b": "BikeOnly", "crossing": 0}, "geometry": {"type": "LineString", "coordinates": [[332490.0, 4708722.0], [332498.6875, 4708721.0]]}}, {"type": "Feature", "properties": {"id": 477, "gap_m": 8.7, "facing": 0.3, "along": 2.9, "lat_m": 0.45, "line_a": 1830, "line_b": 1837, "type_a": "Sharrow", "type_b": "Sharrow", "crossing": 0}, "geometry": {"type": "LineString", "coordinates": [[321345.75, 4687718.0], [321354.4375, 4687719.0]]}}, {"type": "Feature", "properties": {"id": 478, "gap_m": 8.7, "facing": 0.9, "along": 1.1, "lat_m": 0.17, "line_a": 6256, "line_b": 6258, "type_a": "BikeOnly", "type_b": "BikeOnly", "crossing": 0}, "geometry": {"type": "LineString", "coordinates": [[286966.1875, 4674577.0], [286958.6875, 4674572.5]]}}, {"type": "Feature", "properties": {"id": 479, "gap_m": 8.8, "facing": 1.3, "along": 0.8, "lat_m": 0.12, "line_a": 3072, "line_b": 3075, "type_a": "Sharrow", "type_b": "Sharrow", "crossing": 0}, "geometry": {"type": "LineString", "coordinates": [[325357.0625, 4689958.0], [325348.8125, 4689955.0]]}}, {"type": "Feature", "properties": {"id": 480, "gap_m": 8.8, "facing": 3.0, "along": 2.8, "lat_m": 0.42, "line_a": 5300, "line_b": 5307, "type_a": "BikeOnly", "type_b": "BikeOnly", "crossing": 0}, "geometry": {"type": "LineString", "coordinates": [[331196.5625, 4688053.0], [331194.3125, 4688044.5]]}}, {"type": "Feature", "properties": {"id": 481, "gap_m": 8.8, "facing": 0.1, "along": 1.3, "lat_m": 0.2, "line_a": 5973, "line_b": 5977, "type_a": "BikeOnly", "type_b": "BikeOnly", "crossing": 0}, "geometry": {"type": "LineString", "coordinates": [[335677.9375, 4679407.0], [335686.5, 4679405.0]]}}, {"type": "Feature", "properties": {"id": 482, "gap_m": 8.8, "facing": 0.4, "along": 0.1, "lat_m": 0.01, "line_a": 2034, "line_b": 2036, "type_a": "BikeOnly", "type_b": "BikeOnly", "crossing": 0}, "geometry": {"type": "LineString", "coordinates": [[322282.8125, 4692317.0], [322291.5, 4692315.5]]}}, {"type": "Feature", "properties": {"id": 483, "gap_m": 8.8, "facing": 0.1, "along": 0.5, "lat_m": 0.08, "line_a": 977, "line_b": 987, "type_a": "Sharrow", "type_b": "Sharrow", "crossing": 0}, "geometry": {"type": "LineString", "coordinates": [[315993.59375, 4698721.0], [315984.90625, 4698722.5]]}}, {"type": "Feature", "properties": {"id": 484, "gap_m": 8.8, "facing": 1.1, "along": 0.3, "lat_m": 0.04, "line_a": 6741, "line_b": 6744, "type_a": "BikeOnly", "type_b": "BikeOnly", "crossing": 0}, "geometry": {"type": "LineString", "coordinates": [[345669.0, 4714565.0], [345673.65625, 4714557.5]]}}, {"type": "Feature", "properties": {"id": 485, "gap_m": 8.9, "facing": 0.2, "along": 0.9, "lat_m": 0.13, "line_a": 1874, "line_b": 1876, "type_a": "BikeOnly", "type_b": "BikeOnly", "crossing": 0}, "geometry": {"type": "LineString", "coordinates": [[285201.15625, 4692830.5], [285208.8125, 4692835.0]]}}, {"type": "Feature", "properties": {"id": 486, "gap_m": 8.9, "facing": 1.1, "along": 1.1, "lat_m": 0.18, "line_a": 4499, "line_b": 4500, "type_a": "BikeOnly", "type_b": "BikeOnly", "crossing": 0}, "geometry": {"type": "LineString", "coordinates": [[328969.65625, 4708502.5], [328974.4375, 4708495.0]]}}, {"type": "Feature", "properties": {"id": 487, "gap_m": 8.9, "facing": 0.1, "along": 2.5, "lat_m": 0.39, "line_a": 2368, "line_b": 2380, "type_a": "BikeOnly", "type_b": "BikeOnly", "crossing": 0}, "geometry": {"type": "LineString", "coordinates": [[323641.9375, 4691093.5], [323649.90625, 4691097.5]]}}, {"type": "Feature", "properties": {"id": 488, "gap_m": 9.0, "facing": 0.1, "along": 0.9, "lat_m": 0.15, "line_a": 6370, "line_b": 6373, "type_a": "BikeOnly", "type_b": "BikeOnly", "crossing": 0}, "geometry": {"type": "LineString", "coordinates": [[341008.9375, 4706244.0], [341004.90625, 4706236.0]]}}, {"type": "Feature", "properties": {"id": 489, "gap_m": 9.0, "facing": 0.5, "along": 5.8, "lat_m": 0.9, "line_a": 1674, "line_b": 1680, "type_a": "BikeOnly", "type_b": "BikeOnly", "crossing": 0}, "geometry": {"type": "LineString", "coordinates": [[320673.15625, 4699172.0], [320682.0, 4699170.5]]}}, {"type": "Feature", "properties": {"id": 490, "gap_m": 9.1, "facing": 1.9, "along": 2.0, "lat_m": 0.32, "line_a": 2516, "line_b": 2526, "type_a": "BikeOnly", "type_b": "BikeOnly", "crossing": 0}, "geometry": {"type": "LineString", "coordinates": [[324379.8125, 4692326.5], [324370.9375, 4692328.5]]}}, {"type": "Feature", "properties": {"id": 491, "gap_m": 9.1, "facing": 1.2, "along": 1.0, "lat_m": 0.16, "line_a": 4279, "line_b": 4572, "type_a": "BikeOnly", "type_b": "BikeOnly", "crossing": 0}, "geometry": {"type": "LineString", "coordinates": [[328455.90625, 4694947.0], [328463.84375, 4694942.5]]}}, {"type": "Feature", "properties": {"id": 492, "gap_m": 9.2, "facing": 0.0, "along": 0.0, "lat_m": 0.0, "line_a": 5457, "line_b": 5462, "type_a": "BikeOnly", "type_b": "BikeOnly", "crossing": 0}, "geometry": {"type": "LineString", "coordinates": [[331694.6875, 4688467.0], [331703.84375, 4688467.0]]}}, {"type": "Feature", "properties": {"id": 493, "gap_m": 9.2, "facing": 2.3, "along": 5.1, "lat_m": 0.82, "line_a": 2503, "line_b": 2506, "type_a": "BikeOnly", "type_b": "BikeOnly", "crossing": 0}, "geometry": {"type": "LineString", "coordinates": [[323874.15625, 4693793.0], [323883.0, 4693795.5]]}}, {"type": "Feature", "properties": {"id": 494, "gap_m": 9.2, "facing": 0.7, "along": 0.7, "lat_m": 0.11, "line_a": 3596, "line_b": 3601, "type_a": "BikeOnly", "type_b": "BikeOnly", "crossing": 0}, "geometry": {"type": "LineString", "coordinates": [[326524.8125, 4690395.0], [326533.5, 4690398.0]]}}, {"type": "Feature", "properties": {"id": 495, "gap_m": 9.2, "facing": 0.3, "along": 0.0, "lat_m": 0.01, "line_a": 4480, "line_b": 4484, "type_a": "BikeOnly", "type_b": "BikeOnly", "crossing": 0}, "geometry": {"type": "LineString", "coordinates": [[328369.0625, 4680675.5], [328367.09375, 4680666.5]]}}, {"type": "Feature", "properties": {"id": 496, "gap_m": 9.2, "facing": 1.1, "along": 2.3, "lat_m": 0.37, "line_a": 3540, "line_b": 3739, "type_a": "BikeOnly", "type_b": "BikeOnly", "crossing": 0}, "geometry": {"type": "LineString", "coordinates": [[326688.15625, 4696100.5], [326696.6875, 4696097.0]]}}, {"type": "Feature", "properties": {"id": 497, "gap_m": 9.3, "facing": 0.4, "along": 1.1, "lat_m": 0.18, "line_a": 4132, "line_b": 4134, "type_a": "BikeOnly", "type_b": "BikeOnly", "crossing": 0}, "geometry": {"type": "LineString", "coordinates": [[327436.5, 4684581.5], [327431.84375, 4684573.5]]}}, {"type": "Feature", "properties": {"id": 498, "gap_m": 9.3, "facing": 0.3, "along": 4.3, "lat_m": 0.69, "line_a": 2664, "line_b": 2667, "type_a": "BikeOnly", "type_b": "Sharrow", "crossing": 0}, "geometry": {"type": "LineString", "coordinates": [[324624.3125, 4700280.0], [324626.5625, 4700271.0]]}}, {"type": "Feature", "properties": {"id": 499, "gap_m": 9.3, "facing": 0.3, "along": 1.8, "lat_m": 0.29, "line_a": 2161, "line_b": 2163, "type_a": "BikeOnly", "type_b": "BikeOnly", "crossing": 0}, "geometry": {"type": "LineString", "coordinates": [[322788.3125, 4695375.5], [322779.15625, 4695377.0]]}}, {"type": "Feature", "properties": {"id": 500, "gap_m": 9.3, "facing": 4.4, "along": 5.8, "lat_m": 0.93, "line_a": 4784, "line_b": 4798, "type_a": "BikeOnly", "type_b": "BikeOnly", "crossing": 0}, "geometry": {"type": "LineString", "coordinates": [[329456.25, 4694301.0], [329460.0, 4694292.5]]}}, {"type": "Feature", "properties": {"id": 501, "gap_m": 9.4, "facing": 0.9, "along": 6.1, "lat_m": 1.0, "line_a": 7191, "line_b": 7192, "type_a": "BikeOnly", "type_b": "BikeOnly", "crossing": 0}, "geometry": {"type": "LineString", "coordinates": [[295196.09375, 4662429.0], [295205.40625, 4662430.0]]}}, {"type": "Feature", "properties": {"id": 502, "gap_m": 9.4, "facing": 0.0, "along": 0.4, "lat_m": 0.06, "line_a": 6773, "line_b": 6786, "type_a": "BikeOnly", "type_b": "BikeOnly", "crossing": 0}, "geometry": {"type": "LineString", "coordinates": [[345430.1875, 4712800.0], [345427.34375, 4712791.0]]}}, {"type": "Feature", "properties": {"id": 503, "gap_m": 9.4, "facing": 0.6, "along": 0.8, "lat_m": 0.14, "line_a": 1535, "line_b": 1539, "type_a": "BikeOnly", "type_b": "BikeOnly", "crossing": 0}, "geometry": {"type": "LineString", "coordinates": [[319589.25, 4690337.5], [319586.40625, 4690328.5]]}}, {"type": "Feature", "properties": {"id": 504, "gap_m": 9.5, "facing": 2.3, "along": 0.9, "lat_m": 0.14, "line_a": 3409, "line_b": 3414, "type_a": "Sharrow", "type_b": "Sharrow", "crossing": 0}, "geometry": {"type": "LineString", "coordinates": [[325693.8125, 4685679.5], [325693.8125, 4685670.0]]}}, {"type": "Feature", "properties": {"id": 505, "gap_m": 9.5, "facing": 1.4, "along": 0.4, "lat_m": 0.06, "line_a": 2946, "line_b": 2960, "type_a": "BikeOnly", "type_b": "BikeOnly", "crossing": 0}, "geometry": {"type": "LineString", "coordinates": [[325042.34375, 4695620.5], [325036.5, 4695628.0]]}}, {"type": "Feature", "properties": {"id": 506, "gap_m": 9.5, "facing": 0.7, "along": 0.3, "lat_m": 0.05, "line_a": 1873, "line_b": 1879, "type_a": "BikeOnly", "type_b": "BikeOnly", "crossing": 0}, "geometry": {"type": "LineString", "coordinates": [[285207.75, 4692818.5], [285215.84375, 4692823.5]]}}, {"type": "Feature", "properties": {"id": 507, "gap_m": 9.5, "facing": 0.2, "along": 0.6, "lat_m": 0.1, "line_a": 6078, "line_b": 6080, "type_a": "Sharrow", "type_b": "Sharrow", "crossing": 0}, "geometry": {"type": "LineString", "coordinates": [[337610.5625, 4694110.0], [337611.3125, 4694119.5]]}}, {"type": "Feature", "properties": {"id": 508, "gap_m": 9.5, "facing": 1.5, "along": 1.4, "lat_m": 0.24, "line_a": 6084, "line_b": 6091, "type_a": "Sharrow", "type_b": "Sharrow", "crossing": 0}, "geometry": {"type": "LineString", "coordinates": [[337603.5, 4693847.5], [337604.40625, 4693838.0]]}}, {"type": "Feature", "properties": {"id": 509, "gap_m": 9.5, "facing": 0.2, "along": 0.7, "lat_m": 0.12, "line_a": 144, "line_b": 148, "type_a": "BikeOnly", "type_b": "BikeOnly", "crossing": 0}, "geometry": {"type": "LineString", "coordinates": [[300067.8125, 4684793.5], [300072.15625, 4684785.0]]}}, {"type": "Feature", "properties": {"id": 510, "gap_m": 9.5, "facing": 5.3, "along": 2.5, "lat_m": 0.42, "line_a": 1849, "line_b": 1854, "type_a": "BikeOnly", "type_b": "BikeOnly", "crossing": 0}, "geometry": {"type": "LineString", "coordinates": [[321349.34375, 4678778.0], [321345.0, 4678786.5]]}}, {"type": "Feature", "properties": {"id": 511, "gap_m": 9.6, "facing": 0.5, "along": 2.1, "lat_m": 0.35, "line_a": 6591, "line_b": 6603, "type_a": "BikeOnly", "type_b": "BikeOnly", "crossing": 0}, "geometry": {"type": "LineString", "coordinates": [[344402.5625, 4709207.0], [344412.0, 4709205.0]]}}, {"type": "Feature", "properties": {"id": 512, "gap_m": 9.7, "facing": 2.0, "along": 1.0, "lat_m": 0.18, "line_a": 4177, "line_b": 4182, "type_a": "BikeOnly", "type_b": "BikeOnly", "crossing": 0}, "geometry": {"type": "LineString", "coordinates": [[327592.9375, 4681061.0], [327601.8125, 4681057.0]]}}, {"type": "Feature", "properties": {"id": 513, "gap_m": 9.8, "facing": 0.2, "along": 1.5, "lat_m": 0.26, "line_a": 2024, "line_b": 2031, "type_a": "BikeOnly", "type_b": "BikeOnly", "crossing": 0}, "geometry": {"type": "LineString", "coordinates": [[322618.8125, 4692390.0], [322615.0625, 4692399.0]]}}, {"type": "Feature", "properties": {"id": 514, "gap_m": 9.8, "facing": 3.6, "along": 2.3, "lat_m": 0.39, "line_a": 3575, "line_b": 3782, "type_a": "BikeOnly", "type_b": "BikeOnly", "crossing": 0}, "geometry": {"type": "LineString", "coordinates": [[326689.0625, 4691383.0], [326697.4375, 4691388.0]]}}, {"type": "Feature", "properties": {"id": 515, "gap_m": 9.8, "facing": 0.4, "along": 1.7, "lat_m": 0.29, "line_a": 4088, "line_b": 4096, "type_a": "BikeOnly", "type_b": "BikeOnly", "crossing": 0}, "geometry": {"type": "LineString", "coordinates": [[327785.25, 4687505.5], [327777.15625, 4687511.0]]}}, {"type": "Feature", "properties": {"id": 516, "gap_m": 9.8, "facing": 3.1, "along": 0.3, "lat_m": 0.05, "line_a": 6916, "line_b": 6920, "type_a": "Sharrow", "type_b": "Sharrow", "crossing": 0}, "geometry": {"type": "LineString", "coordinates": [[348762.4375, 4680971.0], [348772.1875, 4680970.0]]}}, {"type": "Feature", "properties": {"id": 517, "gap_m": 9.8, "facing": 6.2, "along": 5.0, "lat_m": 0.85, "line_a": 6336, "line_b": 6338, "type_a": "BikeOnly", "type_b": "BikeOnly", "crossing": 0}, "geometry": {"type": "LineString", "coordinates": [[339626.09375, 4668598.5], [339635.25, 4668602.0]]}}, {"type": "Feature", "properties": {"id": 518, "gap_m": 9.8, "facing": 1.6, "along": 1.9, "lat_m": 0.32, "line_a": 1076, "line_b": 1082, "type_a": "BikeOnly", "type_b": "BikeOnly", "crossing": 0}, "geometry": {"type": "LineString", "coordinates": [[316830.3125, 4692374.5], [316837.65625, 4692368.0]]}}, {"type": "Feature", "properties": {"id": 519, "gap_m": 9.9, "facing": 1.6, "along": 0.7, "lat_m": 0.12, "line_a": 5704, "line_b": 5706, "type_a": "BikeOnly", "type_b": "BikeOnly", "crossing": 0}, "geometry": {"type": "LineString", "coordinates": [[286374.0, 4693652.0], [286369.9375, 4693643.0]]}}, {"type": "Feature", "properties": {"id": 520, "gap_m": 9.9, "facing": 0.0, "along": 0.3, "lat_m": 0.05, "line_a": 6705, "line_b": 6722, "type_a": "BikeOnly", "type_b": "BikeOnly", "crossing": 0}, "geometry": {"type": "LineString", "coordinates": [[344953.1875, 4684322.5], [344955.90625, 4684313.0]]}}, {"type": "Feature", "properties": {"id": 521, "gap_m": 9.9, "facing": 4.7, "along": 4.0, "lat_m": 0.69, "line_a": 2432, "line_b": 2581, "type_a": "BikeOnly", "type_b": "BikeOnly", "crossing": 0}, "geometry": {"type": "LineString", "coordinates": [[323928.0, 4684903.5], [323936.5625, 4684908.5]]}}, {"type": "Feature", "properties": {"id": 522, "gap_m": 10.0, "facing": 0.0, "along": 0.4, "lat_m": 0.06, "line_a": 792, "line_b": 795, "type_a": "BikeOnly", "type_b": "BikeOnly", "crossing": 0}, "geometry": {"type": "LineString", "coordinates": [[314836.9375, 4685561.0], [314841.3125, 4685570.0]]}}, {"type": "Feature", "properties": {"id": 523, "gap_m": 10.0, "facing": 0.3, "along": 1.4, "lat_m": 0.24, "line_a": 4833, "line_b": 4840, "type_a": "BikeOnly", "type_b": "BikeOnly", "crossing": 0}, "geometry": {"type": "LineString", "coordinates": [[329096.40625, 4692011.5], [329086.5, 4692013.0]]}}, {"type": "Feature", "properties": {"id": 524, "gap_m": 10.0, "facing": 0.5, "along": 3.4, "lat_m": 0.6, "line_a": 4452, "line_b": 4458, "type_a": "BikeOnly", "type_b": "BikeOnly", "crossing": 0}, "geometry": {"type": "LineString", "coordinates": [[328146.15625, 4683312.5], [328154.84375, 4683317.5]]}}, {"type": "Feature", "properties": {"id": 525, "gap_m": 10.0, "facing": 1.4, "along": 1.5, "lat_m": 0.27, "line_a": 1263, "line_b": 1266, "type_a": "Sharrow", "type_b": "Sharrow", "crossing": 0}, "geometry": {"type": "LineString", "coordinates": [[318005.40625, 4697931.0], [318012.59375, 4697924.0]]}}, {"type": "Feature", "properties": {"id": 526, "gap_m": 10.1, "facing": 0.1, "along": 0.0, "lat_m": 0.01, "line_a": 2978, "line_b": 2990, "type_a": "BikeOnly", "type_b": "BikeOnly", "crossing": 0}, "geometry": {"type": "LineString", "coordinates": [[325528.34375, 4694550.0], [325529.40625, 4694560.0]]}}, {"type": "Feature", "properties": {"id": 527, "gap_m": 10.1, "facing": 3.7, "along": 3.3, "lat_m": 0.58, "line_a": 3082, "line_b": 3087, "type_a": "BikeOnly", "type_b": "BikeOnly", "crossing": 0}, "geometry": {"type": "LineString", "coordinates": [[325421.40625, 4689063.5], [325418.09375, 4689073.0]]}}, {"type": "Feature", "properties": {"id": 528, "gap_m": 10.1, "facing": 0.5, "along": 1.9, "lat_m": 0.33, "line_a": 810, "line_b": 902, "type_a": "BikeOnly", "type_b": "BikeOnly", "crossing": 0}, "geometry": {"type": "LineString", "coordinates": [[315240.59375, 4684789.0], [315250.65625, 4684788.5]]}}, {"type": "Feature", "properties": {"id": 529, "gap_m": 10.1, "facing": 2.4, "along": 0.9, "lat_m": 0.16, "line_a": 2870, "line_b": 2872, "type_a": "BikeOnly", "type_b": "BikeOnly", "crossing": 0}, "geometry": {"type": "LineString", "coordinates": [[324639.90625, 4678363.5], [324638.25, 4678373.5]]}}, {"type": "Feature", "properties": {"id": 530, "gap_m": 10.2, "facing": 0.6, "along": 0.1, "lat_m": 0.02, "line_a": 4282, "line_b": 4283, "type_a": "BikeOnly", "type_b": "BikeOnly", "crossing": 0}, "geometry": {"type": "LineString", "coordinates": [[328015.5, 4695242.0], [328007.25, 4695248.0]]}}, {"type": "Feature", "properties": {"id": 531, "gap_m": 10.3, "facing": 0.6, "along": 1.6, "lat_m": 0.28, "line_a": 6900, "line_b": 6903, "type_a": "Sharrow", "type_b": "Sharrow", "crossing": 0}, "geometry": {"type": "LineString", "coordinates": [[348117.59375, 4681011.5], [348109.1875, 4681005.5]]}}, {"type": "Feature", "properties": {"id": 532, "gap_m": 10.4, "facing": 4.6, "along": 3.2, "lat_m": 0.58, "line_a": 4895, "line_b": 4899, "type_a": "BikeOnly", "type_b": "BikeOnly", "crossing": 0}, "geometry": {"type": "LineString", "coordinates": [[329237.25, 4689973.5], [329229.59375, 4689966.5]]}}, {"type": "Feature", "properties": {"id": 533, "gap_m": 10.4, "facing": 3.7, "along": 0.3, "lat_m": 0.05, "line_a": 2222, "line_b": 2224, "type_a": "Sharrow", "type_b": "Sharrow", "crossing": 0}, "geometry": {"type": "LineString", "coordinates": [[322730.5625, 4689763.5], [322736.5625, 4689772.0]]}}, {"type": "Feature", "properties": {"id": 534, "gap_m": 10.5, "facing": 0.3, "along": 0.7, "lat_m": 0.13, "line_a": 3761, "line_b": 3765, "type_a": "BikeOnly", "type_b": "BikeOnly", "crossing": 0}, "geometry": {"type": "LineString", "coordinates": [[327148.0625, 4693283.0], [327141.3125, 4693291.0]]}}, {"type": "Feature", "properties": {"id": 535, "gap_m": 10.5, "facing": 0.7, "along": 0.7, "lat_m": 0.13, "line_a": 4388, "line_b": 4402, "type_a": "Sharrow", "type_b": "Sharrow", "crossing": 0}, "geometry": {"type": "LineString", "coordinates": [[327988.0625, 4688108.0], [327991.34375, 4688118.0]]}}, {"type": "Feature", "properties": {"id": 536, "gap_m": 10.5, "facing": 0.5, "along": 2.4, "lat_m": 0.44, "line_a": 6621, "line_b": 6624, "type_a": "BikeOnly", "type_b": "BikeOnly", "crossing": 0}, "geometry": {"type": "LineString", "coordinates": [[344220.4375, 4707985.5], [344221.1875, 4707996.0]]}}, {"type": "Feature", "properties": {"id": 537, "gap_m": 10.5, "facing": 0.9, "along": 0.5, "lat_m": 0.1, "line_a": 2356, "line_b": 2359, "type_a": "BikeOnly", "type_b": "BikeOnly", "crossing": 0}, "geometry": {"type": "LineString", "coordinates": [[323732.84375, 4691298.5], [323722.5, 4691300.5]]}}, {"type": "Feature", "properties": {"id": 538, "gap_m": 10.5, "facing": 0.3, "along": 0.9, "lat_m": 0.16, "line_a": 2551, "line_b": 2773, "type_a": "Sharrow", "type_b": "Sharrow", "crossing": 0}, "geometry": {"type": "LineString", "coordinates": [[324343.65625, 4690308.5], [324353.40625, 4690304.5]]}}, {"type": "Feature", "properties": {"id": 539, "gap_m": 10.5, "facing": 0.5, "along": 1.3, "lat_m": 0.23, "line_a": 5583, "line_b": 5585, "type_a": "Sharrow", "type_b": "Sharrow", "crossing": 0}, "geometry": {"type": "LineString", "coordinates": [[332121.90625, 4690496.0], [332112.90625, 4690501.5]]}}, {"type": "Feature", "properties": {"id": 540, "gap_m": 10.5, "facing": 0.2, "along": 1.8, "lat_m": 0.34, "line_a": 2954, "line_b": 2955, "type_a": "BikeOnly", "type_b": "BikeOnly", "crossing": 0}, "geometry": {"type": "LineString", "coordinates": [[325320.3125, 4695349.5], [325311.3125, 4695355.0]]}}, {"type": "Feature", "properties": {"id": 541, "gap_m": 10.5, "facing": 0.3, "along": 2.0, "lat_m": 0.36, "line_a": 873, "line_b": 877, "type_a": "Sharrow", "type_b": "Sharrow", "crossing": 0}, "geometry": {"type": "LineString", "coordinates": [[315368.6875, 4698931.5], [315359.6875, 4698937.0]]}}, {"type": "Feature", "properties": {"id": 542, "gap_m": 10.6, "facing": 6.9, "along": 4.1, "lat_m": 0.76, "line_a": 4791, "line_b": 4797, "type_a": "BikeOnly", "type_b": "BikeOnly", "crossing": 0}, "geometry": {"type": "LineString", "coordinates": [[329438.40625, 4694382.0], [329439.4375, 4694371.5]]}}, {"type": "Feature", "properties": {"id": 543, "gap_m": 10.6, "facing": 0.2, "along": 0.2, "lat_m": 0.03, "line_a": 1418, "line_b": 1419, "type_a": "Sharrow", "type_b": "Sharrow", "crossing": 0}, "geometry": {"type": "LineString", "coordinates": [[318116.09375, 4682126.5], [318114.90625, 4682116.0]]}}, {"type": "Feature", "properties": {"id": 544, "gap_m": 10.6, "facing": 0.2, "along": 3.1, "lat_m": 0.58, "line_a": 4566, "line_b": 4569, "type_a": "BikeOnly", "type_b": "BikeOnly", "crossing": 0}, "geometry": {"type": "LineString", "coordinates": [[328597.5, 4694878.0], [328607.09375, 4694873.5]]}}, {"type": "Feature", "properties": {"id": 545, "gap_m": 10.7, "facing": 1.8, "along": 0.9, "lat_m": 0.18, "line_a": 5448, "line_b": 5451, "type_a": "BikeOnly", "type_b": "BikeOnly", "crossing": 0}, "geometry": {"type": "LineString", "coordinates": [[331538.09375, 4689970.5], [331545.15625, 4689978.5]]}}, {"type": "Feature", "properties": {"id": 546, "gap_m": 10.7, "facing": 0.1, "along": 1.2, "lat_m": 0.23, "line_a": 2713, "line_b": 2721, "type_a": "BikeOnly", "type_b": "BikeOnly", "crossing": 0}, "geometry": {"type": "LineString", "coordinates": [[324855.3125, 4695859.5], [324848.84375, 4695868.0]]}}, {"type": "Feature", "properties": {"id": 547, "gap_m": 10.7, "facing": 3.8, "along": 1.9, "lat_m": 0.35, "line_a": 2790, "line_b": 2791, "type_a": "BikeOnly", "type_b": "BikeOnly", "crossing": 0}, "geometry": {"type": "LineString", "coordinates": [[324786.59375, 4689440.5], [324793.0625, 4689432.0]]}}, {"type": "Feature", "properties": {"id": 548, "gap_m": 10.8, "facing": 0.5, "along": 1.9, "lat_m": 0.35, "line_a": 5519, "line_b": 5533, "type_a": "BikeOnly", "type_b": "BikeOnly", "crossing": 0}, "geometry": {"type": "LineString", "coordinates": [[332154.15625, 4697706.0], [332164.8125, 4697707.5]]}}, {"type": "Feature", "properties": {"id": 549, "gap_m": 10.8, "facing": 1.0, "along": 1.5, "lat_m": 0.28, "line_a": 4258, "line_b": 4517, "type_a": "BikeOnly", "type_b": "BikeOnly", "crossing": 0}, "geometry": {"type": "LineString", "coordinates": [[328477.5, 4698115.5], [328482.59375, 4698106.0]]}}, {"type": "Feature", "properties": {"id": 550, "gap_m": 10.8, "facing": 5.9, "along": 5.3, "lat_m": 0.99, "line_a": 2090, "line_b": 2091, "type_a": "Sharrow", "type_b": "BikeOnly", "crossing": 0}, "geometry": {"type": "LineString", "coordinates": [[322518.4375, 4689034.5], [322514.40625, 4689024.5]]}}, {"type": "Feature", "properties": {"id": 551, "gap_m": 10.8, "facing": 2.4, "along": 1.3, "lat_m": 0.25, "line_a": 351, "line_b": 352, "type_a": "BikeOnly", "type_b": "BikeOnly", "crossing": 0}, "geometry": {"type": "LineString", "coordinates": [[306098.84375, 4684649.5], [306091.0625, 4684657.0]]}}, {"type": "Feature", "properties": {"id": 552, "gap_m": 10.8, "facing": 0.4, "along": 0.8, "lat_m": 0.14, "line_a": 6258, "line_b": 6260, "type_a": "BikeOnly", "type_b": "BikeOnly", "crossing": 0}, "geometry": {"type": "LineString", "coordinates": [[286869.90625, 4674515.0], [286860.90625, 4674509.0]]}}, {"type": "Feature", "properties": {"id": 553, "gap_m": 10.8, "facing": 0.6, "along": 1.2, "lat_m": 0.23, "line_a": 2377, "line_b": 2378, "type_a": "BikeOnly", "type_b": "BikeOnly", "crossing": 0}, "geometry": {"type": "LineString", "coordinates": [[323321.40625, 4690967.0], [323331.0, 4690972.0]]}}, {"type": "Feature", "properties": {"id": 554, "gap_m": 10.8, "facing": 0.5, "along": 0.5, "lat_m": 0.09, "line_a": 953, "line_b": 1045, "type_a": "Sharrow", "type_b": "Sharrow", "crossing": 0}, "geometry": {"type": "LineString", "coordinates": [[316474.9375, 4703133.0], [316483.1875, 4703140.0]]}}, {"type": "Feature", "properties": {"id": 555, "gap_m": 10.8, "facing": 0.3, "along": 2.2, "lat_m": 0.42, "line_a": 2496, "line_b": 2501, "type_a": "BikeOnly", "type_b": "BikeOnly", "crossing": 0}, "geometry": {"type": "LineString", "coordinates": [[324395.09375, 4694335.0], [324405.75, 4694333.0]]}}, {"type": "Feature", "properties": {"id": 556, "gap_m": 11.0, "facing": 0.1, "along": 1.5, "lat_m": 0.29, "line_a": 2561, "line_b": 2567, "type_a": "BikeOnly", "type_b": "BikeOnly", "crossing": 0}, "geometry": {"type": "LineString", "coordinates": [[324310.5, 4689570.0], [324321.3125, 4689568.0]]}}, {"type": "Feature", "properties": {"id": 557, "gap_m": 11.1, "facing": 0.3, "along": 1.4, "lat_m": 0.28, "line_a": 6198, "line_b": 6199, "type_a": "Sharrow", "type_b": "Sharrow", "crossing": 0}, "geometry": {"type": "LineString", "coordinates": [[338578.9375, 4670774.0], [338587.5, 4670781.0]]}}, {"type": "Feature", "properties": {"id": 558, "gap_m": 11.1, "facing": 5.1, "along": 5.2, "lat_m": 1.0, "line_a": 5981, "line_b": 5987, "type_a": "BikeOnly", "type_b": "BikeOnly", "crossing": 0}, "geometry": {"type": "LineString", "coordinates": [[335573.40625, 4678542.5], [335583.90625, 4678539.0]]}}, {"type": "Feature", "properties": {"id": 559, "gap_m": 11.1, "facing": 0.1, "along": 0.4, "lat_m": 0.08, "line_a": 243, "line_b": 244, "type_a": "BikeOnly", "type_b": "BikeOnly", "crossing": 0}, "geometry": {"type": "LineString", "coordinates": [[301615.65625, 4683573.5], [301626.3125, 4683576.5]]}}, {"type": "Feature", "properties": {"id": 560, "gap_m": 11.1, "facing": 2.5, "along": 4.1, "lat_m": 0.78, "line_a": 5092, "line_b": 5093, "type_a": "BikeOnly", "type_b": "BikeOnly", "crossing": 0}, "geometry": {"type": "LineString", "coordinates": [[329650.34375, 4688205.5], [329644.65625, 4688215.0]]}}, {"type": "Feature", "properties": {"id": 561, "gap_m": 11.1, "facing": 0.2, "along": 1.1, "lat_m": 0.21, "line_a": 1417, "line_b": 1421, "type_a": "Sharrow", "type_b": "Sharrow", "crossing": 0}, "geometry": {"type": "LineString", "coordinates": [[318111.4375, 4682116.0], [318112.8125, 4682127.0]]}}, {"type": "Feature", "properties": {"id": 562, "gap_m": 11.1, "facing": 0.3, "along": 0.2, "lat_m": 0.05, "line_a": 541, "line_b": 549, "type_a": "Sharrow", "type_b": "Sharrow", "crossing": 0}, "geometry": {"type": "LineString", "coordinates": [[312693.4375, 4706699.5], [312695.09375, 4706688.5]]}}, {"type": "Feature", "properties": {"id": 563, "gap_m": 11.1, "facing": 4.3, "along": 0.1, "lat_m": 0.02, "line_a": 1587, "line_b": 1589, "type_a": "BikeOnly", "type_b": "BikeOnly", "crossing": 0}, "geometry": {"type": "LineString", "coordinates": [[319986.75, 4716376.0], [319988.5625, 4716365.0]]}}, {"type": "Feature", "properties": {"id": 564, "gap_m": 11.2, "facing": 2.7, "along": 0.8, "lat_m": 0.16, "line_a": 1982, "line_b": 1984, "type_a": "Sharrow", "type_b": "Sharrow", "crossing": 0}, "geometry": {"type": "LineString", "coordinates": [[322049.40625, 4674186.5], [322045.5, 4674176.0]]}}, {"type": "Feature", "properties": {"id": 565, "gap_m": 11.3, "facing": 1.4, "along": 1.6, "lat_m": 0.31, "line_a": 2984, "line_b": 2994, "type_a": "BikeOnly", "type_b": "BikeOnly", "crossing": 0}, "geometry": {"type": "LineString", "coordinates": [[325077.90625, 4694137.5], [325083.15625, 4694127.5]]}}, {"type": "Feature", "properties": {"id": 566, "gap_m": 11.3, "facing": 2.3, "along": 1.7, "lat_m": 0.33, "line_a": 734, "line_b": 739, "type_a": "Sharrow", "type_b": "Sharrow", "crossing": 0}, "geometry": {"type": "LineString", "coordinates": [[314419.8125, 4670513.0], [314429.6875, 4670507.5]]}}, {"type": "Feature", "properties": {"id": 567, "gap_m": 11.3, "facing": 0.5, "along": 1.4, "lat_m": 0.27, "line_a": 4065, "line_b": 4364, "type_a": "Sharrow", "type_b": "Sharrow", "crossing": 0}, "geometry": {"type": "LineString", "coordinates": [[327922.5, 4689667.0], [327932.40625, 4689672.5]]}}, {"type": "Feature", "properties": {"id": 568, "gap_m": 11.3, "facing": 3.7, "along": 2.2, "lat_m": 0.44, "line_a": 1312, "line_b": 1314, "type_a": "Sharrow", "type_b": "Sharrow", "crossing": 0}, "geometry": {"type": "LineString", "coordinates": [[318202.9375, 4703152.0], [318210.4375, 4703143.5]]}}, {"type": "Feature", "properties": {"id": 569, "gap_m": 11.3, "facing": 0.2, "along": 1.7, "lat_m": 0.35, "line_a": 3860, "line_b": 3867, "type_a": "BikeOnly", "type_b": "BikeOnly", "crossing": 0}, "geometry": {"type": "LineString", "coordinates": [[327120.15625, 4684550.5], [327113.25, 4684559.5]]}}, {"type": "Feature", "properties": {"id": 570, "gap_m": 11.3, "facing": 0.8, "along": 0.5, "lat_m": 0.1, "line_a": 6002, "line_b": 6009, "type_a": "Sharrow", "type_b": "Sharrow", "crossing": 0}, "geometry": {"type": "LineString", "coordinates": [[336261.90625, 4694132.5], [336250.65625, 4694134.0]]}}, {"type": "Feature", "properties": {"id": 571, "gap_m": 11.4, "facing": 2.3, "along": 3.7, "lat_m": 0.74, "line_a": 6467, "line_b": 6470, "type_a": "Sharrow", "type_b": "Sharrow", "crossing": 0}, "geometry": {"type": "LineString", "coordinates": [[341995.34375, 4707486.0], [342004.65625, 4707492.5]]}}, {"type": "Feature", "properties": {"id": 572, "gap_m": 11.4, "facing": 1.3, "along": 1.9, "lat_m": 0.37, "line_a": 2771, "line_b": 2773, "type_a": "Sharrow", "type_b": "Sharrow", "crossing": 0}, "geometry": {"type": "LineString", "coordinates": [[324479.09375, 4690256.0], [324468.4375, 4690260.0]]}}, {"type": "Feature", "properties": {"id": 573, "gap_m": 11.4, "facing": 0.0, "along": 1.9, "lat_m": 0.38, "line_a": 5142, "line_b": 5143, "type_a": "Sharrow", "type_b": "Sharrow", "crossing": 0}, "geometry": {"type": "LineString", "coordinates": [[330235.8125, 4703799.0], [330225.15625, 4703803.0]]}}, {"type": "Feature", "properties": {"id": 574, "gap_m": 11.4, "facing": 0.2, "along": 0.4, "lat_m": 0.08, "line_a": 6707, "line_b": 6717, "type_a": "BikeOnly", "type_b": "BikeOnly", "crossing": 0}, "geometry": {"type": "LineString", "coordinates": [[344916.4375, 4684454.0], [344919.4375, 4684443.0]]}}, {"type": "Feature", "properties": {"id": 575, "gap_m": 11.5, "facing": 1.4, "along": 0.7, "lat_m": 0.13, "line_a": 3177, "line_b": 3178, "type_a": "BikeOnly", "type_b": "BikeOnly", "crossing": 0}, "geometry": {"type": "LineString", "coordinates": [[325347.3125, 4680136.5], [325353.75, 4680146.0]]}}, {"type": "Feature", "properties": {"id": 576, "gap_m": 11.5, "facing": 0.0, "along": 2.2, "lat_m": 0.44, "line_a": 4854, "line_b": 4869, "type_a": "BikeOnly", "type_b": "BikeOnly", "crossing": 0}, "geometry": {"type": "LineString", "coordinates": [[329428.9375, 4691015.0], [329425.65625, 4691026.0]]}}, {"type": "Feature", "properties": {"id": 577, "gap_m": 11.5, "facing": 3.6, "along": 1.4, "lat_m": 0.28, "line_a": 5301, "line_b": 5302, "type_a": "BikeOnly", "type_b": "BikeOnly", "crossing": 0}, "geometry": {"type": "LineString", "coordinates": [[331172.84375, 4687821.5], [331173.15625, 4687810.0]]}}, {"type": "Feature", "properties": {"id": 578, "gap_m": 11.5, "facing": 0.1, "along": 0.6, "lat_m": 0.11, "line_a": 6062, "line_b": 6063, "type_a": "Sharrow", "type_b": "Sharrow", "crossing": 0}, "geometry": {"type": "LineString", "coordinates": [[336583.5, 4694086.5], [336572.09375, 4694088.0]]}}, {"type": "Feature", "properties": {"id": 579, "gap_m": 11.5, "facing": 1.0, "along": 4.9, "lat_m": 0.98, "line_a": 3155, "line_b": 3168, "type_a": "BikeOnly", "type_b": "BikeOnly", "crossing": 0}, "geometry": {"type": "LineString", "coordinates": [[325048.65625, 4683210.0], [325056.4375, 4683201.5]]}}, {"type": "Feature", "properties": {"id": 580, "gap_m": 11.5, "facing": 4.8, "along": 1.9, "lat_m": 0.39, "line_a": 6703, "line_b": 6715, "type_a": "BikeOnly", "type_b": "BikeOnly", "crossing": 0}, "geometry": {"type": "LineString", "coordinates": [[344776.8125, 4684954.0], [344773.34375, 4684965.0]]}}, {"type": "Feature", "properties": {"id": 581, "gap_m": 11.5, "facing": 0.9, "along": 0.2, "lat_m": 0.03, "line_a": 791, "line_b": 792, "type_a": "BikeOnly", "type_b": "BikeOnly", "crossing": 0}, "geometry": {"type": "LineString", "coordinates": [[314806.8125, 4685497.5], [314811.59375, 4685508.0]]}}, {"type": "Feature", "properties": {"id": 582, "gap_m": 11.6, "facing": 3.7, "along": 4.4, "lat_m": 0.9, "line_a": 2893, "line_b": 2896, "type_a": "Sharrow", "type_b": "Sharrow", "crossing": 0}, "geometry": {"type": "LineString", "coordinates": [[325022.25, 4699497.5], [325013.84375, 4699505.5]]}}, {"type": "Feature", "properties": {"id": 583, "gap_m": 11.6, "facing": 0.3, "along": 1.5, "lat_m": 0.31, "line_a": 4469, "line_b": 4692, "type_a": "BikeOnly", "type_b": "BikeOnly", "crossing": 0}, "geometry": {"type": "LineString", "coordinates": [[328431.4375, 4680915.0], [328436.40625, 4680925.5]]}}, {"type": "Feature", "properties": {"id": 584, "gap_m": 11.8, "facing": 0.5, "along": 0.9, "lat_m": 0.18, "line_a": 1261, "line_b": 1264, "type_a": "Sharrow", "type_b": "Sharrow", "crossing": 0}, "geometry": {"type": "LineString", "coordinates": [[317596.9375, 4698235.5], [317585.84375, 4698239.5]]}}, {"type": "Feature", "properties": {"id": 585, "gap_m": 11.8, "facing": 0.2, "along": 0.7, "lat_m": 0.14, "line_a": 381, "line_b": 384, "type_a": "BikeOnly", "type_b": "BikeOnly", "crossing": 0}, "geometry": {"type": "LineString", "coordinates": [[307482.0, 4674321.0], [307474.34375, 4674330.0]]}}, {"type": "Feature", "properties": {"id": 586, "gap_m": 11.8, "facing": 4.1, "along": 3.4, "lat_m": 0.69, "line_a": 2067, "line_b": 2071, "type_a": "BikeOnly", "type_b": "BikeOnly", "crossing": 0}, "geometry": {"type": "LineString", "coordinates": [[322355.40625, 4689702.0], [322365.59375, 4689696.0]]}}, {"type": "Feature", "properties": {"id": 587, "gap_m": 11.8, "facing": 0.6, "along": 0.9, "lat_m": 0.19, "line_a": 3877, "line_b": 3880, "type_a": "BikeOnly", "type_b": "BikeOnly", "crossing": 0}, "geometry": {"type": "LineString", "coordinates": [[326863.0625, 4684160.0], [326874.0, 4684164.5]]}}, {"type": "Feature", "properties": {"id": 588, "gap_m": 11.9, "facing": 0.1, "along": 0.6, "lat_m": 0.12, "line_a": 2374, "line_b": 2381, "type_a": "BikeOnly", "type_b": "BikeOnly", "crossing": 0}, "geometry": {"type": "LineString", "coordinates": [[323665.8125, 4691115.5], [323655.0, 4691110.5]]}}, {"type": "Feature", "properties": {"id": 589, "gap_m": 11.9, "facing": 1.0, "along": 0.2, "lat_m": 0.05, "line_a": 6278, "line_b": 6280, "type_a": "BikeOnly", "type_b": "BikeOnly", "crossing": 0}, "geometry": {"type": "LineString", "coordinates": [[339104.25, 4702692.0], [339093.0, 4702688.0]]}}, {"type": "Feature", "properties": {"id": 590, "gap_m": 12.0, "facing": 1.4, "along": 0.5, "lat_m": 0.11, "line_a": 5447, "line_b": 5448, "type_a": "BikeOnly", "type_b": "BikeOnly", "crossing": 0}, "geometry": {"type": "LineString", "coordinates": [[331502.40625, 4689929.0], [331510.34375, 4689938.0]]}}, {"type": "Feature", "properties": {"id": 591, "gap_m": 12.0, "facing": 2.3, "along": 0.9, "lat_m": 0.19, "line_a": 6131, "line_b": 6133, "type_a": "Sharrow", "type_b": "Sharrow", "crossing": 0}, "geometry": {"type": "LineString", "coordinates": [[337925.09375, 4692950.0], [337928.5625, 4692938.5]]}}, {"type": "Feature", "properties": {"id": 592, "gap_m": 12.0, "facing": 1.9, "along": 0.4, "lat_m": 0.08, "line_a": 933, "line_b": 937, "type_a": "Sharrow", "type_b": "Sharrow", "crossing": 0}, "geometry": {"type": "LineString", "coordinates": [[315922.8125, 4705966.5], [315923.5625, 4705954.5]]}}, {"type": "Feature", "properties": {"id": 593, "gap_m": 12.1, "facing": 0.4, "along": 0.6, "lat_m": 0.12, "line_a": 3224, "line_b": 3227, "type_a": "Sharrow", "type_b": "Sharrow", "crossing": 0}, "geometry": {"type": "LineString", "coordinates": [[326001.59375, 4698286.5], [325990.0625, 4698290.0]]}}, {"type": "Feature", "properties": {"id": 594, "gap_m": 12.1, "facing": 1.2, "along": 3.5, "lat_m": 0.74, "line_a": 4261, "line_b": 4263, "type_a": "BikeOnly", "type_b": "BikeOnly", "crossing": 0}, "geometry": {"type": "LineString", "coordinates": [[328454.25, 4697623.0], [328455.4375, 4697635.0]]}}, {"type": "Feature", "properties": {"id": 595, "gap_m": 12.1, "facing": 3.9, "along": 2.2, "lat_m": 0.45, "line_a": 5385, "line_b": 5386, "type_a": "BikeOnly", "type_b": "BikeOnly", "crossing": 0}, "geometry": {"type": "LineString", "coordinates": [[331667.84375, 4697338.0], [331666.5, 4697326.0]]}}, {"type": "Feature", "properties": {"id": 596, "gap_m": 12.1, "facing": 0.6, "along": 0.8, "lat_m": 0.17, "line_a": 3824, "line_b": 3825, "type_a": "BikeOnly", "type_b": "BikeOnly", "crossing": 0}, "geometry": {"type": "LineString", "coordinates": [[327087.75, 4688790.5], [327076.5, 4688795.0]]}}, {"type": "Feature", "properties": {"id": 597, "gap_m": 12.1, "facing": 0.2, "along": 0.4, "lat_m": 0.09, "line_a": 4908, "line_b": 4910, "type_a": "BikeOnly", "type_b": "BikeOnly", "crossing": 0}, "geometry": {"type": "LineString", "coordinates": [[329577.75, 4686689.5], [329572.65625, 4686678.5]]}}, {"type": "Feature", "properties": {"id": 598, "gap_m": 12.2, "facing": 9.0, "along": 4.0, "lat_m": 0.86, "line_a": 6167, "line_b": 6172, "type_a": "BikeOnly", "type_b": "BikeOnly", "crossing": 0}, "geometry": {"type": "LineString", "coordinates": [[338580.90625, 4705679.5], [338572.1875, 4705688.0]]}}, {"type": "Feature", "properties": {"id": 599, "gap_m": 12.2, "facing": 2.5, "along": 1.2, "lat_m": 0.25, "line_a": 3083, "line_b": 3094, "type_a": "BikeOnly", "type_b": "BikeOnly", "crossing": 0}, "geometry": {"type": "LineString", "coordinates": [[325371.59375, 4689190.5], [325363.9375, 4689200.0]]}}, {"type": "Feature", "properties": {"id": 600, "gap_m": 12.3, "facing": 0.9, "along": 0.3, "lat_m": 0.06, "line_a": 6562, "line_b": 6563, "type_a": "BikeOnly", "type_b": "BikeOnly", "crossing": 0}, "geometry": {"type": "LineString", "coordinates": [[343703.6875, 4705104.0], [343695.3125, 4705095.0]]}}, {"type": "Feature", "properties": {"id": 601, "gap_m": 12.3, "facing": 0.0, "along": 2.4, "lat_m": 0.51, "line_a": 4161, "line_b": 4465, "type_a": "BikeOnly", "type_b": "BikeOnly", "crossing": 0}, "geometry": {"type": "LineString", "coordinates": [[327878.09375, 4683105.0], [327885.3125, 4683115.0]]}}, {"type": "Feature", "properties": {"id": 602, "gap_m": 12.4, "facing": 7.6, "along": 3.9, "lat_m": 0.84, "line_a": 12, "line_b": 14, "type_a": "BikeOnly", "type_b": "BikeOnly", "crossing": 0}, "geometry": {"type": "LineString", "coordinates": [[296555.5625, 4704983.5], [296558.5625, 4704971.5]]}}, {"type": "Feature", "properties": {"id": 603, "gap_m": 12.4, "facing": 9.3, "along": 2.7, "lat_m": 0.59, "line_a": 3080, "line_b": 3087, "type_a": "BikeOnly", "type_b": "BikeOnly", "crossing": 0}, "geometry": {"type": "LineString", "coordinates": [[325392.4375, 4689139.0], [325398.15625, 4689128.0]]}}, {"type": "Feature", "properties": {"id": 604, "gap_m": 12.5, "facing": 1.1, "along": 0.4, "lat_m": 0.09, "line_a": 4835, "line_b": 4838, "type_a": "BikeOnly", "type_b": "BikeOnly", "crossing": 0}, "geometry": {"type": "LineString", "coordinates": [[329375.5625, 4691979.0], [329388.0, 4691978.0]]}}, {"type": "Feature", "properties": {"id": 605, "gap_m": 12.5, "facing": 0.9, "along": 0.0, "lat_m": 0.0, "line_a": 2709, "line_b": 2714, "type_a": "BikeOnly", "type_b": "BikeOnly", "crossing": 0}, "geometry": {"type": "LineString", "coordinates": [[324602.5625, 4696201.0], [324594.4375, 4696210.5]]}}, {"type": "Feature", "properties": {"id": 606, "gap_m": 12.5, "facing": 0.5, "along": 0.4, "lat_m": 0.08, "line_a": 4762, "line_b": 4768, "type_a": "BikeOnly", "type_b": "BikeOnly", "crossing": 0}, "geometry": {"type": "LineString", "coordinates": [[329126.25, 4697164.5], [329126.84375, 4697177.0]]}}, {"type": "Feature", "properties": {"id": 607, "gap_m": 12.6, "facing": 1.1, "along": 0.0, "lat_m": 0.0, "line_a": 2601, "line_b": 2604, "type_a": "BikeOnly", "type_b": "BikeOnly", "crossing": 0}, "geometry": {"type": "LineString", "coordinates": [[323952.0, 4683773.0], [323964.59375, 4683773.0]]}}, {"type": "Feature", "properties": {"id": 608, "gap_m": 12.6, "facing": 1.5, "along": 0.3, "lat_m": 0.07, "line_a": 3063, "line_b": 3069, "type_a": "BikeOnly", "type_b": "BikeOnly", "crossing": 0}, "geometry": {"type": "LineString", "coordinates": [[325267.8125, 4689638.0], [325271.6875, 4689650.0]]}}, {"type": "Feature", "properties": {"id": 609, "gap_m": 12.6, "facing": 1.2, "along": 2.4, "lat_m": 0.53, "line_a": 2438, "line_b": 2441, "type_a": "BikeOnly", "type_b": "BikeOnly", "crossing": 0}, "geometry": {"type": "LineString", "coordinates": [[323712.59375, 4683770.5], [323725.1875, 4683771.5]]}}, {"type": "Feature", "properties": {"id": 610, "gap_m": 12.7, "facing": 0.0, "along": 0.9, "lat_m": 0.2, "line_a": 4807, "line_b": 4816, "type_a": "BikeOnly", "type_b": "BikeOnly", "crossing": 0}, "geometry": {"type": "LineString", "coordinates": [[329070.15625, 4693289.0], [329082.59375, 4693286.5]]}}, {"type": "Feature", "properties": {"id": 611, "gap_m": 12.7, "facing": 1.3, "along": 2.1, "lat_m": 0.46, "line_a": 5635, "line_b": 5695, "type_a": "BikeOnly", "type_b": "BikeOnly", "crossing": 0}, "geometry": {"type": "LineString", "coordinates": [[332476.5, 4673211.5], [332481.90625, 4673223.0]]}}, {"type": "Feature", "properties": {"id": 612, "gap_m": 12.8, "facing": 5.1, "along": 3.6, "lat_m": 0.81, "line_a": 887, "line_b": 1002, "type_a": "BikeOnly", "type_b": "BikeOnly", "crossing": 0}, "geometry": {"type": "LineString", "coordinates": [[315773.6875, 4689920.5], [315785.25, 4689915.0]]}}, {"type": "Feature", "properties": {"id": 613, "gap_m": 12.9, "facing": 0.2, "along": 0.5, "lat_m": 0.12, "line_a": 6452, "line_b": 6455, "type_a": "BikeOnly", "type_b": "BikeOnly", "crossing": 0}, "geometry": {"type": "LineString", "coordinates": [[341343.75, 4667291.5], [341346.90625, 4667279.0]]}}, {"type": "Feature", "properties": {"id": 614, "gap_m": 12.9, "facing": 0.4, "along": 1.3, "lat_m": 0.3, "line_a": 3154, "line_b": 3157, "type_a": "BikeOnly", "type_b": "BikeOnly", "crossing": 0}, "geometry": {"type": "LineString", "coordinates": [[325041.3125, 4683212.0], [325050.59375, 4683203.0]]}}, {"type": "Feature", "properties": {"id": 615, "gap_m": 12.9, "facing": 0.0, "along": 0.4, "lat_m": 0.09, "line_a": 6239, "line_b": 6240, "type_a": "BikeOnly", "type_b": "BikeOnly", "crossing": 0}, "geometry": {"type": "LineString", "coordinates": [[338791.65625, 4667013.5], [338786.84375, 4667025.5]]}}, {"type": "Feature", "properties": {"id": 616, "gap_m": 13.0, "facing": 1.6, "along": 2.2, "lat_m": 0.5, "line_a": 5629, "line_b": 5630, "type_a": "BikeOnly", "type_b": "BikeOnly", "crossing": 0}, "geometry": {"type": "LineString", "coordinates": [[332480.09375, 4673223.5], [332475.0, 4673211.5]]}}, {"type": "Feature", "properties": {"id": 617, "gap_m": 13.1, "facing": 1.0, "along": 0.2, "lat_m": 0.03, "line_a": 5667, "line_b": 5668, "type_a": "BikeOnly", "type_b": "BikeOnly", "crossing": 0}, "geometry": {"type": "LineString", "coordinates": [[332593.65625, 4680085.0], [332605.5, 4680079.5]]}}, {"type": "Feature", "properties": {"id": 618, "gap_m": 13.1, "facing": 4.0, "along": 2.3, "lat_m": 0.53, "line_a": 3950, "line_b": 3957, "type_a": "BikeOnly", "type_b": "BikeOnly", "crossing": 0}, "geometry": {"type": "LineString", "coordinates": [[327727.34375, 4699045.5], [327739.9375, 4699042.0]]}}, {"type": "Feature", "properties": {"id": 619, "gap_m": 13.1, "facing": 1.0, "along": 1.6, "lat_m": 0.38, "line_a": 3282, "line_b": 3285, "type_a": "BikeOnly", "type_b": "BikeOnly", "crossing": 0}, "geometry": {"type": "LineString", "coordinates": [[326006.09375, 4693620.5], [326018.84375, 4693617.5]]}}, {"type": "Feature", "properties": {"id": 620, "gap_m": 13.1, "facing": 5.8, "along": 1.5, "lat_m": 0.33, "line_a": 6184, "line_b": 6188, "type_a": "BikeOnly", "type_b": "BikeOnly", "crossing": 0}, "geometry": {"type": "LineString", "coordinates": [[338428.8125, 4671581.5], [338415.75, 4671582.5]]}}, {"type": "Feature", "properties": {"id": 621, "gap_m": 13.1, "facing": 1.2, "along": 2.4, "lat_m": 0.54, "line_a": 2306, "line_b": 2311, "type_a": "BikeOnly", "type_b": "BikeOnly", "crossing": 0}, "geometry": {"type": "LineString", "coordinates": [[323583.0, 4695824.0], [323569.9375, 4695825.0]]}}, {"type": "Feature", "properties": {"id": 622, "gap_m": 13.2, "facing": 2.0, "along": 3.9, "lat_m": 0.9, "line_a": 463, "line_b": 467, "type_a": "Sharrow", "type_b": "Sharrow", "crossing": 0}, "geometry": {"type": "LineString", "coordinates": [[311629.8125, 4687770.0], [311639.40625, 4687761.0]]}}, {"type": "Feature", "properties": {"id": 623, "gap_m": 13.2, "facing": 0.0, "along": 0.7, "lat_m": 0.15, "line_a": 2474, "line_b": 2475, "type_a": "Sharrow", "type_b": "Sharrow", "crossing": 0}, "geometry": {"type": "LineString", "coordinates": [[323898.0, 4697904.5], [323890.0625, 4697894.0]]}}, {"type": "Feature", "properties": {"id": 624, "gap_m": 13.2, "facing": 1.5, "along": 1.2, "lat_m": 0.27, "line_a": 3612, "line_b": 3816, "type_a": "Sharrow", "type_b": "Sharrow", "crossing": 0}, "geometry": {"type": "LineString", "coordinates": [[326757.4375, 4689093.0], [326769.4375, 4689098.5]]}}, {"type": "Feature", "properties": {"id": 625, "gap_m": 13.3, "facing": 0.3, "along": 3.7, "lat_m": 0.87, "line_a": 5323, "line_b": 5326, "type_a": "BikeOnly", "type_b": "BikeOnly", "crossing": 0}, "geometry": {"type": "LineString", "coordinates": [[331075.65625, 4684106.5], [331069.8125, 4684118.5]]}}, {"type": "Feature", "properties": {"id": 626, "gap_m": 13.4, "facing": 5.1, "along": 2.3, "lat_m": 0.53, "line_a": 6390, "line_b": 6440, "type_a": "BikeOnly", "type_b": "BikeOnly", "crossing": 0}, "geometry": {"type": "LineString", "coordinates": [[341039.25, 4702668.0], [341050.34375, 4702675.5]]}}, {"type": "Feature", "properties": {"id": 627, "gap_m": 13.5, "facing": 0.0, "along": 0.5, "lat_m": 0.12, "line_a": 3510, "line_b": 3513, "type_a": "BikeOnly", "type_b": "BikeOnly", "crossing": 0}, "geometry": {"type": "LineString", "coordinates": [[326341.8125, 4698150.0], [326341.9375, 4698136.5]]}}, {"type": "Feature", "properties": {"id": 628, "gap_m": 13.5, "facing": 0.2, "along": 0.8, "lat_m": 0.19, "line_a": 4165, "line_b": 4170, "type_a": "BikeOnly", "type_b": "BikeOnly", "crossing": 0}, "geometry": {"type": "LineString", "coordinates": [[327329.40625, 4682014.5], [327328.9375, 4682001.0]]}}, {"type": "Feature", "properties": {"id": 629, "gap_m": 13.5, "facing": 1.4, "along": 1.3, "lat_m": 0.31, "line_a": 3265, "line_b": 3271, "type_a": "BikeOnly", "type_b": "BikeOnly", "crossing": 0}, "geometry": {"type": "LineString", "coordinates": [[325936.9375, 4694685.0], [325927.8125, 4694695.0]]}}, {"type": "Feature", "properties": {"id": 630, "gap_m": 13.6, "facing": 0.8, "along": 1.0, "lat_m": 0.24, "line_a": 1257, "line_b": 1260, "type_a": "BikeOnly", "type_b": "BikeOnly", "crossing": 0}, "geometry": {"type": "LineString", "coordinates": [[317989.5, 4700662.0], [317994.75, 4700649.5]]}}, {"type": "Feature", "properties": {"id": 631, "gap_m": 13.6, "facing": 1.2, "along": 1.0, "lat_m": 0.23, "line_a": 99, "line_b": 107, "type_a": "BikeOnly", "type_b": "BikeOnly", "crossing": 0}, "geometry": {"type": "LineString", "coordinates": [[299392.9375, 4683251.0], [299379.59375, 4683248.5]]}}, {"type": "Feature", "properties": {"id": 632, "gap_m": 13.6, "facing": 0.3, "along": 1.4, "lat_m": 0.34, "line_a": 5913, "line_b": 5960, "type_a": "BikeOnly", "type_b": "BikeOnly", "crossing": 0}, "geometry": {"type": "LineString", "coordinates": [[335356.5, 4694374.5], [335368.5, 4694368.0]]}}, {"type": "Feature", "properties": {"id": 633, "gap_m": 13.6, "facing": 0.6, "along": 0.3, "lat_m": 0.07, "line_a": 3276, "line_b": 3543, "type_a": "BikeOnly", "type_b": "BikeOnly", "crossing": 0}, "geometry": {"type": "LineString", "coordinates": [[326216.6875, 4694362.0], [326225.40625, 4694351.5]]}}, {"type": "Feature", "properties": {"id": 634, "gap_m": 13.7, "facing": 2.3, "along": 0.3, "lat_m": 0.08, "line_a": 2598, "line_b": 2613, "type_a": "BikeOnly", "type_b": "BikeOnly", "crossing": 0}, "geometry": {"type": "LineString", "coordinates": [[324133.0625, 4683777.0], [324146.6875, 4683778.0]]}}, {"type": "Feature", "properties": {"id": 635, "gap_m": 13.7, "facing": 0.2, "along": 0.1, "lat_m": 0.03, "line_a": 4034, "line_b": 4039, "type_a": "BikeOnly", "type_b": "BikeOnly", "crossing": 0}, "geometry": {"type": "LineString", "coordinates": [[327747.75, 4691330.5], [327743.40625, 4691343.5]]}}, {"type": "Feature", "properties": {"id": 636, "gap_m": 13.7, "facing": 0.2, "along": 0.7, "lat_m": 0.16, "line_a": 4944, "line_b": 5119, "type_a": "Sharrow", "type_b": "Sharrow", "crossing": 0}, "geometry": {"type": "LineString", "coordinates": [[329778.3125, 4680462.5], [329791.8125, 4680465.0]]}}, {"type": "Feature", "properties": {"id": 637, "gap_m": 13.8, "facing": 0.1, "along": 1.3, "lat_m": 0.31, "line_a": 3472, "line_b": 3477, "type_a": "Sharrow", "type_b": "Sharrow", "crossing": 0}, "geometry": {"type": "LineString", "coordinates": [[325697.40625, 4666815.0], [325684.0625, 4666811.5]]}}, {"type": "Feature", "properties": {"id": 638, "gap_m": 13.9, "facing": 2.2, "along": 0.0, "lat_m": 0.01, "line_a": 2361, "line_b": 2363, "type_a": "BikeOnly", "type_b": "BikeOnly", "crossing": 0}, "geometry": {"type": "LineString", "coordinates": [[323745.3125, 4691285.5], [323731.65625, 4691288.0]]}}, {"type": "Feature", "properties": {"id": 639, "gap_m": 14.0, "facing": 1.4, "along": 2.3, "lat_m": 0.55, "line_a": 5522, "line_b": 5530, "type_a": "BikeOnly", "type_b": "BikeOnly", "crossing": 0}, "geometry": {"type": "LineString", "coordinates": [[332316.90625, 4697729.5], [332303.09375, 4697727.5]]}}, {"type": "Feature", "properties": {"id": 640, "gap_m": 14.0, "facing": 0.8, "along": 2.8, "lat_m": 0.68, "line_a": 2710, "line_b": 2712, "type_a": "Sharrow", "type_b": "BikeOnly", "crossing": 0}, "geometry": {"type": "LineString", "coordinates": [[324787.8125, 4695972.0], [324795.75, 4695960.5]]}}, {"type": "Feature", "properties": {"id": 641, "gap_m": 14.0, "facing": 0.1, "along": 0.1, "lat_m": 0.02, "line_a": 3214, "line_b": 3215, "type_a": "BikeOnly", "type_b": "BikeOnly", "crossing": 0}, "geometry": {"type": "LineString", "coordinates": [[325742.40625, 4698372.0], [325742.25, 4698358.0]]}}, {"type": "Feature", "properties": {"id": 642, "gap_m": 14.0, "facing": 0.1, "along": 0.2, "lat_m": 0.04, "line_a": 4179, "line_b": 4189, "type_a": "BikeOnly", "type_b": "BikeOnly", "crossing": 0}, "geometry": {"type": "LineString", "coordinates": [[327309.90625, 4680934.0], [327309.59375, 4680920.0]]}}, {"type": "Feature", "properties": {"id": 643, "gap_m": 14.0, "facing": 0.5, "along": 0.7, "lat_m": 0.18, "line_a": 3661, "line_b": 3662, "type_a": "BikeOnly", "type_b": "BikeOnly", "crossing": 0}, "geometry": {"type": "LineString", "coordinates": [[326680.0625, 4679907.5], [326674.8125, 4679894.5]]}}, {"type": "Feature", "properties": {"id": 644, "gap_m": 14.1, "facing": 0.9, "along": 0.7, "lat_m": 0.17, "line_a": 947, "line_b": 949, "type_a": "Sharrow", "type_b": "Sharrow", "crossing": 0}, "geometry": {"type": "LineString", "coordinates": [[316328.5625, 4703009.0], [316317.75, 4703000.0]]}}, {"type": "Feature", "properties": {"id": 645, "gap_m": 14.1, "facing": 5.4, "along": 2.9, "lat_m": 0.71, "line_a": 4119, "line_b": 4129, "type_a": "BikeOnly", "type_b": "BikeOnly", "crossing": 0}, "geometry": {"type": "LineString", "coordinates": [[327649.1875, 4685544.0], [327655.65625, 4685531.5]]}}, {"type": "Feature", "properties": {"id": 646, "gap_m": 14.1, "facing": 1.5, "along": 0.4, "lat_m": 0.09, "line_a": 6123, "line_b": 6140, "type_a": "Sharrow", "type_b": "Sharrow", "crossing": 0}, "geometry": {"type": "LineString", "coordinates": [[337921.34375, 4692950.5], [337925.40625, 4692937.0]]}}, {"type": "Feature", "properties": {"id": 647, "gap_m": 14.2, "facing": 0.5, "along": 0.5, "lat_m": 0.12, "line_a": 1748, "line_b": 1749, "type_a": "BikeOnly", "type_b": "BikeOnly", "crossing": 0}, "geometry": {"type": "LineString", "coordinates": [[320425.9375, 4681380.5], [320428.34375, 4681394.5]]}}, {"type": "Feature", "properties": {"id": 648, "gap_m": 14.2, "facing": 3.6, "along": 2.4, "lat_m": 0.59, "line_a": 3841, "line_b": 3848, "type_a": "BikeOnly", "type_b": "BikeOnly", "crossing": 0}, "geometry": {"type": "LineString", "coordinates": [[326810.5625, 4685481.5], [326801.5625, 4685470.5]]}}, {"type": "Feature", "properties": {"id": 649, "gap_m": 14.3, "facing": 0.1, "along": 1.0, "lat_m": 0.26, "line_a": 5807, "line_b": 5875, "type_a": "BikeOnly", "type_b": "BikeOnly", "crossing": 0}, "geometry": {"type": "LineString", "coordinates": [[334287.0, 4680829.0], [334301.25, 4680830.0]]}}, {"type": "Feature", "properties": {"id": 650, "gap_m": 14.3, "facing": 2.2, "along": 3.8, "lat_m": 0.94, "line_a": 1579, "line_b": 1588, "type_a": "Sharrow", "type_b": "Sharrow", "crossing": 0}, "geometry": {"type": "LineString", "coordinates": [[320118.75, 4716566.5], [320131.9375, 4716561.0]]}}, {"type": "Feature", "properties": {"id": 651, "gap_m": 14.3, "facing": 0.8, "along": 0.1, "lat_m": 0.02, "line_a": 6135, "line_b": 6140, "type_a": "Sharrow", "type_b": "Sharrow", "crossing": 0}, "geometry": {"type": "LineString", "coordinates": [[337943.6875, 4692864.5], [337940.5625, 4692878.5]]}}, {"type": "Feature", "properties": {"id": 652, "gap_m": 14.3, "facing": 0.0, "along": 0.1, "lat_m": 0.02, "line_a": 6134, "line_b": 6135, "type_a": "Sharrow", "type_b": "Sharrow", "crossing": 0}, "geometry": {"type": "LineString", "coordinates": [[337958.6875, 4692797.0], [337955.5625, 4692811.0]]}}, {"type": "Feature", "properties": {"id": 653, "gap_m": 14.4, "facing": 0.4, "along": 1.3, "lat_m": 0.33, "line_a": 1592, "line_b": 1594, "type_a": "Sharrow", "type_b": "Sharrow", "crossing": 0}, "geometry": {"type": "LineString", "coordinates": [[320261.6875, 4701449.0], [320275.34375, 4701444.5]]}}, {"type": "Feature", "properties": {"id": 654, "gap_m": 14.4, "facing": 1.5, "along": 1.7, "lat_m": 0.43, "line_a": 5860, "line_b": 5864, "type_a": "BikeOnly", "type_b": "BikeOnly", "crossing": 0}, "geometry": {"type": "LineString", "coordinates": [[334576.9375, 4697595.0], [334583.09375, 4697608.0]]}}, {"type": "Feature", "properties": {"id": 655, "gap_m": 14.5, "facing": 1.3, "along": 0.5, "lat_m": 0.12, "line_a": 5038, "line_b": 5040, "type_a": "BikeOnly", "type_b": "BikeOnly", "crossing": 0}, "geometry": {"type": "LineString", "coordinates": [[329781.3125, 4696769.5], [329781.4375, 4696755.0]]}}, {"type": "Feature", "properties": {"id": 656, "gap_m": 14.5, "facing": 0.3, "along": 1.1, "lat_m": 0.28, "line_a": 2315, "line_b": 2320, "type_a": "BikeOnly", "type_b": "BikeOnly", "crossing": 0}, "geometry": {"type": "LineString", "coordinates": [[323718.59375, 4694268.5], [323732.6875, 4694272.0]]}}, {"type": "Feature", "properties": {"id": 657, "gap_m": 14.6, "facing": 3.5, "along": 2.0, "lat_m": 0.51, "line_a": 3030, "line_b": 3033, "type_a": "Sharrow", "type_b": "Sharrow", "crossing": 0}, "geometry": {"type": "LineString", "coordinates": [[325266.59375, 4690865.5], [325267.8125, 4690851.0]]}}, {"type": "Feature", "properties": {"id": 658, "gap_m": 14.6, "facing": 0.3, "along": 0.2, "lat_m": 0.04, "line_a": 2992, "line_b": 3000, "type_a": "BikeOnly", "type_b": "BikeOnly", "crossing": 0}, "geometry": {"type": "LineString", "coordinates": [[325454.6875, 4694006.5], [325456.1875, 4694021.0]]}}, {"type": "Feature", "properties": {"id": 659, "gap_m": 14.6, "facing": 4.2, "along": 3.9, "lat_m": 1.0, "line_a": 6532, "line_b": 6534, "type_a": "Sharrow", "type_b": "Sharrow", "crossing": 0}, "geometry": {"type": "LineString", "coordinates": [[343096.8125, 4708248.5], [343090.1875, 4708235.5]]}}, {"type": "Feature", "properties": {"id": 660, "gap_m": 14.6, "facing": 1.5, "along": 0.4, "lat_m": 0.1, "line_a": 6122, "line_b": 6128, "type_a": "Sharrow", "type_b": "Sharrow", "crossing": 0}, "geometry": {"type": "LineString", "coordinates": [[337700.5625, 4693445.5], [337695.0, 4693459.0]]}}, {"type": "Feature", "properties": {"id": 661, "gap_m": 14.6, "facing": 0.0, "along": 1.0, "lat_m": 0.25, "line_a": 3370, "line_b": 3373, "type_a": "BikeOnly", "type_b": "BikeOnly", "crossing": 0}, "geometry": {"type": "LineString", "coordinates": [[325978.5, 4687583.5], [325980.3125, 4687569.0]]}}, {"type": "Feature", "properties": {"id": 662, "gap_m": 14.6, "facing": 0.2, "along": 0.3, "lat_m": 0.08, "line_a": 1250, "line_b": 1251, "type_a": "Sharrow", "type_b": "Sharrow", "crossing": 0}, "geometry": {"type": "LineString", "coordinates": [[317719.1875, 4701755.0], [317733.75, 4701756.5]]}}, {"type": "Feature", "properties": {"id": 663, "gap_m": 14.7, "facing": 1.9, "along": 0.7, "lat_m": 0.18, "line_a": 6083, "line_b": 6091, "type_a": "Sharrow", "type_b": "Sharrow", "crossing": 0}, "geometry": {"type": "LineString", "coordinates": [[337613.25, 4693768.5], [337611.0, 4693783.0]]}}, {"type": "Feature", "properties": {"id": 664, "gap_m": 14.8, "facing": 0.5, "along": 0.9, "lat_m": 0.22, "line_a": 4389, "line_b": 4393, "type_a": "Sharrow", "type_b": "Sharrow", "crossing": 0}, "geometry": {"type": "LineString", "coordinates": [[327944.40625, 4687981.0], [327949.1875, 4687995.0]]}}, {"type": "Feature", "properties": {"id": 665, "gap_m": 14.8, "facing": 0.3, "along": 1.5, "lat_m": 0.39, "line_a": 5904, "line_b": 5908, "type_a": "Sharrow", "type_b": "Sharrow", "crossing": 0}, "geometry": {"type": "LineString", "coordinates": [[334949.6875, 4697984.5], [334964.40625, 4697983.0]]}}, {"type": "Feature", "properties": {"id": 666, "gap_m": 14.8, "facing": 7.1, "along": 3.6, "lat_m": 0.93, "line_a": 2619, "line_b": 2858, "type_a": "BikeOnly", "type_b": "BikeOnly", "crossing": 0}, "geometry": {"type": "LineString", "coordinates": [[324390.75, 4680192.0], [324398.6875, 4680204.5]]}}, {"type": "Feature", "properties": {"id": 667, "gap_m": 14.8, "facing": 0.1, "along": 0.1, "lat_m": 0.02, "line_a": 3863, "line_b": 3867, "type_a": "BikeOnly", "type_b": "BikeOnly", "crossing": 0}, "geometry": {"type": "LineString", "coordinates": [[327071.25, 4684617.5], [327079.9375, 4684605.5]]}}, {"type": "Feature", "properties": {"id": 668, "gap_m": 14.8, "facing": 2.5, "along": 0.2, "lat_m": 0.06, "line_a": 5113, "line_b": 5236, "type_a": "Sharrow", "type_b": "Sharrow", "crossing": 0}, "geometry": {"type": "LineString", "coordinates": [[330089.5625, 4683662.5], [330104.09375, 4683665.5]]}}, {"type": "Feature", "properties": {"id": 669, "gap_m": 14.8, "facing": 4.1, "along": 3.0, "lat_m": 0.78, "line_a": 1819, "line_b": 1939, "type_a": "BikeOnly", "type_b": "BikeOnly", "crossing": 0}, "geometry": {"type": "LineString", "coordinates": [[321547.0625, 4691074.5], [321560.84375, 4691080.0]]}}, {"type": "Feature", "properties": {"id": 670, "gap_m": 14.9, "facing": 4.1, "along": 0.1, "lat_m": 0.03, "line_a": 3161, "line_b": 3163, "type_a": "BikeOnly", "type_b": "BikeOnly", "crossing": 0}, "geometry": {"type": "LineString", "coordinates": [[325562.84375, 4683198.0], [325570.0625, 4683211.0]]}}, {"type": "Feature", "properties": {"id": 671, "gap_m": 14.9, "facing": 3.5, "along": 3.0, "lat_m": 0.77, "line_a": 6124, "line_b": 6127, "type_a": "Sharrow", "type_b": "Sharrow", "crossing": 0}, "geometry": {"type": "LineString", "coordinates": [[337883.84375, 4693061.0], [337877.5625, 4693074.5]]}}, {"type": "Feature", "properties": {"id": 672, "gap_m": 14.9, "facing": 0.2, "along": 0.1, "lat_m": 0.03, "line_a": 1502, "line_b": 1505, "type_a": "BikeOnly", "type_b": "BikeOnly", "crossing": 0}, "geometry": {"type": "LineString", "coordinates": [[318938.40625, 4664529.0], [318925.5, 4664521.5]]}}, {"type": "Feature", "properties": {"id": 673, "gap_m": 14.9, "facing": 0.3, "along": 0.4, "lat_m": 0.11, "line_a": 4821, "line_b": 4825, "type_a": "BikeOnly", "type_b": "BikeOnly", "crossing": 0}, "geometry": {"type": "LineString", "coordinates": [[329217.0, 4693083.5], [329202.75, 4693088.0]]}}, {"type": "Feature", "properties": {"id": 674, "gap_m": 15.0, "facing": 2.0, "along": 1.4, "lat_m": 0.37, "line_a": 6124, "line_b": 6131, "type_a": "Sharrow", "type_b": "Sharrow", "crossing": 0}, "geometry": {"type": "LineString", "coordinates": [[337901.40625, 4693017.5], [337906.65625, 4693003.5]]}}, {"type": "Feature", "properties": {"id": 675, "gap_m": 15.0, "facing": 1.4, "along": 1.4, "lat_m": 0.36, "line_a": 1678, "line_b": 1780, "type_a": "BikeOnly", "type_b": "BikeOnly", "crossing": 0}, "geometry": {"type": "LineString", "coordinates": [[320946.90625, 4699119.5], [320960.84375, 4699114.0]]}}, {"type": "Feature", "properties": {"id": 676, "gap_m": 15.0, "facing": 1.4, "along": 1.1, "lat_m": 0.28, "line_a": 5129, "line_b": 5131, "type_a": "BikeOnly", "type_b": "BikeOnly", "crossing": 0}, "geometry": {"type": "LineString", "coordinates": [[330551.6875, 4704152.5], [330551.5625, 4704167.5]]}}, {"type": "Feature", "properties": {"id": 677, "gap_m": 15.0, "facing": 0.2, "along": 0.4, "lat_m": 0.09, "line_a": 6685, "line_b": 6688, "type_a": "BikeOnly", "type_b": "BikeOnly", "crossing": 0}, "geometry": {"type": "LineString", "coordinates": [[344792.25, 4708779.0], [344792.09375, 4708764.0]]}}, {"type": "Feature", "properties": {"id": 678, "gap_m": 15.0, "facing": 1.2, "along": 0.1, "lat_m": 0.02, "line_a": 6120, "line_b": 6123, "type_a": "Sharrow", "type_b": "Sharrow", "crossing": 0}, "geometry": {"type": "LineString", "coordinates": [[337898.09375, 4693016.5], [337903.5, 4693002.5]]}}, {"type": "Feature", "properties": {"id": 679, "gap_m": 15.0, "facing": 0.9, "along": 1.4, "lat_m": 0.36, "line_a": 3388, "line_b": 3389, "type_a": "BikeOnly", "type_b": "BikeOnly", "crossing": 0}, "geometry": {"type": "LineString", "coordinates": [[325779.75, 4686775.0], [325779.15625, 4686760.0]]}}, {"type": "Feature", "properties": {"id": 680, "gap_m": 15.0, "facing": 8.3, "along": 1.5, "lat_m": 0.41, "line_a": 5032, "line_b": 5043, "type_a": "BikeOnly", "type_b": "Sharrow", "crossing": 0}, "geometry": {"type": "LineString", "coordinates": [[329781.4375, 4696743.0], [329780.5625, 4696728.0]]}}, {"type": "Feature", "properties": {"id": 681, "gap_m": 15.0, "facing": 0.0, "along": 0.1, "lat_m": 0.04, "line_a": 6081, "line_b": 6082, "type_a": "Sharrow", "type_b": "Sharrow", "crossing": 0}, "geometry": {"type": "LineString", "coordinates": [[337603.9375, 4694063.5], [337602.90625, 4694048.5]]}}, {"type": "Feature", "properties": {"id": 682, "gap_m": 15.1, "facing": 0.1, "along": 0.8, "lat_m": 0.2, "line_a": 6012, "line_b": 6013, "type_a": "Sharrow", "type_b": "Sharrow", "crossing": 0}, "geometry": {"type": "LineString", "coordinates": [[336036.0, 4694014.0], [336034.34375, 4693999.0]]}}, {"type": "Feature", "properties": {"id": 683, "gap_m": 15.1, "facing": 0.1, "along": 0.5, "lat_m": 0.13, "line_a": 3230, "line_b": 3233, "type_a": "BikeOnly", "type_b": "BikeOnly", "crossing": 0}, "geometry": {"type": "LineString", "coordinates": [[325980.3125, 4697349.5], [325971.15625, 4697337.5]]}}, {"type": "Feature", "properties": {"id": 684, "gap_m": 15.1, "facing": 0.3, "along": 1.1, "lat_m": 0.28, "line_a": 5720, "line_b": 6251, "type_a": "BikeOnly", "type_b": "BikeOnly", "crossing": 0}, "geometry": {"type": "LineString", "coordinates": [[286391.09375, 4688995.0], [286405.1875, 4689000.5]]}}, {"type": "Feature", "properties": {"id": 685, "gap_m": 15.2, "facing": 1.0, "along": 2.0, "lat_m": 0.53, "line_a": 2056, "line_b": 2057, "type_a": "BikeOnly", "type_b": "BikeOnly", "crossing": 0}, "geometry": {"type": "LineString", "coordinates": [[322621.0625, 4690195.0], [322623.3125, 4690180.0]]}}, {"type": "Feature", "properties": {"id": 686, "gap_m": 15.2, "facing": 1.0, "along": 1.4, "lat_m": 0.38, "line_a": 739, "line_b": 741, "type_a": "Sharrow", "type_b": "Sharrow", "crossing": 0}, "geometry": {"type": "LineString", "coordinates": [[314458.5, 4670487.0], [314470.34375, 4670477.5]]}}, {"type": "Feature", "properties": {"id": 687, "gap_m": 15.2, "facing": 0.2, "along": 1.1, "lat_m": 0.3, "line_a": 5023, "line_b": 5024, "type_a": "BikeOnly", "type_b": "BikeOnly", "crossing": 0}, "geometry": {"type": "LineString", "coordinates": [[329686.5, 4699089.0], [329671.34375, 4699090.5]]}}, {"type": "Feature", "properties": {"id": 688, "gap_m": 15.3, "facing": 5.2, "along": 1.3, "lat_m": 0.34, "line_a": 5304, "line_b": 5307, "type_a": "BikeOnly", "type_b": "BikeOnly", "crossing": 0}, "geometry": {"type": "LineString", "coordinates": [[331185.59375, 4688007.0], [331188.4375, 4688022.0]]}}, {"type": "Feature", "properties": {"id": 689, "gap_m": 15.3, "facing": 2.3, "along": 1.5, "lat_m": 0.4, "line_a": 69, "line_b": 70, "type_a": "BikeOnly", "type_b": "Sharrow", "crossing": 0}, "geometry": {"type": "LineString", "coordinates": [[298187.40625, 4703769.5], [298192.1875, 4703755.0]]}}, {"type": "Feature", "properties": {"id": 690, "gap_m": 15.3, "facing": 2.7, "along": 3.7, "lat_m": 1.0, "line_a": 2413, "line_b": 2417, "type_a": "BikeOnly", "type_b": "BikeOnly", "crossing": 0}, "geometry": {"type": "LineString", "coordinates": [[323730.3125, 4686672.0], [323727.4375, 4686657.0]]}}, {"type": "Feature", "properties": {"id": 691, "gap_m": 15.3, "facing": 0.1, "along": 2.2, "lat_m": 0.6, "line_a": 6000, "line_b": 6007, "type_a": "Sharrow", "type_b": "Sharrow", "crossing": 0}, "geometry": {"type": "LineString", "coordinates": [[336129.3125, 4694152.0], [336144.4375, 4694149.5]]}}, {"type": "Feature", "properties": {"id": 692, "gap_m": 15.4, "facing": 0.1, "along": 0.0, "lat_m": 0.01, "line_a": 1871, "line_b": 1877, "type_a": "BikeOnly", "type_b": "BikeOnly", "crossing": 0}, "geometry": {"type": "LineString", "coordinates": [[284866.8125, 4692439.0], [284879.25, 4692448.0]]}}, {"type": "Feature", "properties": {"id": 693, "gap_m": 15.4, "facing": 7.8, "along": 3.3, "lat_m": 0.88, "line_a": 2085, "line_b": 2087, "type_a": "BikeOnly", "type_b": "BikeOnly", "crossing": 0}, "geometry": {"type": "LineString", "coordinates": [[322503.15625, 4689028.0], [322496.84375, 4689014.0]]}}, {"type": "Feature", "properties": {"id": 694, "gap_m": 15.5, "facing": 0.6, "along": 0.1, "lat_m": 0.04, "line_a": 6366, "line_b": 6367, "type_a": "BikeOnly", "type_b": "BikeOnly", "crossing": 0}, "geometry": {"type": "LineString", "coordinates": [[340990.34375, 4706248.5], [340983.75, 4706234.5]]}}, {"type": "Feature", "properties": {"id": 695, "gap_m": 15.5, "facing": 0.0, "along": 0.4, "lat_m": 0.12, "line_a": 3902, "line_b": 3908, "type_a": "BikeOnly", "type_b": "BikeOnly", "crossing": 0}, "geometry": {"type": "LineString", "coordinates": [[327302.09375, 4680643.0], [327301.8125, 4680627.5]]}}, {"type": "Feature", "properties": {"id": 696, "gap_m": 15.5, "facing": 0.2, "along": 0.3, "lat_m": 0.08, "line_a": 5381, "line_b": 5385, "type_a": "BikeOnly", "type_b": "BikeOnly", "crossing": 0}, "geometry": {"type": "LineString", "coordinates": [[331672.0625, 4697467.5], [331671.75, 4697452.0]]}}, {"type": "Feature", "properties": {"id": 697, "gap_m": 15.5, "facing": 1.3, "along": 0.7, "lat_m": 0.18, "line_a": 5133, "line_b": 5135, "type_a": "BikeOnly", "type_b": "BikeOnly", "crossing": 0}, "geometry": {"type": "LineString", "coordinates": [[330562.5, 4704077.0], [330562.1875, 4704092.5]]}}, {"type": "Feature", "properties": {"id": 698, "gap_m": 15.5, "facing": 0.0, "along": 0.4, "lat_m": 0.1, "line_a": 4993, "line_b": 4999, "type_a": "BikeOnly", "type_b": "BikeOnly", "crossing": 0}, "geometry": {"type": "LineString", "coordinates": [[329930.6875, 4701459.5], [329930.09375, 4701444.0]]}}, {"type": "Feature", "properties": {"id": 699, "gap_m": 15.5, "facing": 0.8, "along": 0.4, "lat_m": 0.11, "line_a": 6548, "line_b": 6550, "type_a": "Sharrow", "type_b": "Sharrow", "crossing": 0}, "geometry": {"type": "LineString", "coordinates": [[343535.40625, 4710821.0], [343534.5, 4710805.5]]}}, {"type": "Feature", "properties": {"id": 700, "gap_m": 15.6, "facing": 0.2, "along": 0.0, "lat_m": 0.01, "line_a": 3146, "line_b": 3148, "type_a": "BikeOnly", "type_b": "BikeOnly", "crossing": 0}, "geometry": {"type": "LineString", "coordinates": [[325197.4375, 4684551.5], [325207.34375, 4684563.5]]}}, {"type": "Feature", "properties": {"id": 701, "gap_m": 15.6, "facing": 0.2, "along": 0.3, "lat_m": 0.08, "line_a": 6720, "line_b": 6722, "type_a": "BikeOnly", "type_b": "BikeOnly", "crossing": 0}, "geometry": {"type": "LineString", "coordinates": [[344974.8125, 4684245.5], [344970.59375, 4684260.5]]}}, {"type": "Feature", "properties": {"id": 702, "gap_m": 15.6, "facing": 0.1, "along": 0.3, "lat_m": 0.09, "line_a": 3029, "line_b": 3041, "type_a": "Sharrow", "type_b": "Sharrow", "crossing": 0}, "geometry": {"type": "LineString", "coordinates": [[325284.3125, 4690705.0], [325282.5, 4690720.5]]}}, {"type": "Feature", "properties": {"id": 703, "gap_m": 15.6, "facing": 0.5, "along": 0.8, "lat_m": 0.22, "line_a": 2473, "line_b": 2697, "type_a": "Sharrow", "type_b": "BikeOnly", "crossing": 0}, "geometry": {"type": "LineString", "coordinates": [[324504.59375, 4698494.0], [324516.59375, 4698484.0]]}}, {"type": "Feature", "properties": {"id": 704, "gap_m": 15.7, "facing": 1.7, "along": 0.4, "lat_m": 0.1, "line_a": 6092, "line_b": 6093, "type_a": "Sharrow", "type_b": "Sharrow", "crossing": 0}, "geometry": {"type": "LineString", "coordinates": [[337607.6875, 4693783.0], [337609.9375, 4693767.5]]}}, {"type": "Feature", "properties": {"id": 705, "gap_m": 15.7, "facing": 0.6, "along": 1.7, "lat_m": 0.47, "line_a": 6061, "line_b": 6064, "type_a": "Sharrow", "type_b": "Sharrow", "crossing": 0}, "geometry": {"type": "LineString", "coordinates": [[336745.65625, 4694063.0], [336730.1875, 4694065.5]]}}, {"type": "Feature", "properties": {"id": 706, "gap_m": 15.7, "facing": 0.1, "along": 0.2, "lat_m": 0.06, "line_a": 2369, "line_b": 2376, "type_a": "BikeOnly", "type_b": "BikeOnly", "crossing": 0}, "geometry": {"type": "LineString", "coordinates": [[323344.0625, 4690996.0], [323357.84375, 4691003.5]]}}, {"type": "Feature", "properties": {"id": 707, "gap_m": 15.7, "facing": 0.0, "along": 0.6, "lat_m": 0.16, "line_a": 5346, "line_b": 5514, "type_a": "BikeOnly", "type_b": "BikeOnly", "crossing": 0}, "geometry": {"type": "LineString", "coordinates": [[331892.6875, 4698652.5], [331897.34375, 4698667.5]]}}, {"type": "Feature", "properties": {"id": 708, "gap_m": 15.7, "facing": 0.7, "along": 1.2, "lat_m": 0.34, "line_a": 6698, "line_b": 6702, "type_a": "BikeOnly", "type_b": "BikeOnly", "crossing": 0}, "geometry": {"type": "LineString", "coordinates": [[344752.65625, 4685039.5], [344757.3125, 4685024.5]]}}, {"type": "Feature", "properties": {"id": 709, "gap_m": 15.7, "facing": 1.1, "along": 2.3, "lat_m": 0.64, "line_a": 3280, "line_b": 3283, "type_a": "BikeOnly", "type_b": "BikeOnly", "crossing": 0}, "geometry": {"type": "LineString", "coordinates": [[326058.15625, 4693607.0], [326042.84375, 4693610.5]]}}, {"type": "Feature", "properties": {"id": 710, "gap_m": 15.8, "facing": 0.6, "along": 0.5, "lat_m": 0.14, "line_a": 5347, "line_b": 5351, "type_a": "BikeOnly", "type_b": "BikeOnly", "crossing": 0}, "geometry": {"type": "LineString", "coordinates": [[331710.75, 4698251.0], [331701.75, 4698238.0]]}}, {"type": "Feature", "properties": {"id": 711, "gap_m": 15.8, "facing": 0.1, "along": 2.9, "lat_m": 0.8, "line_a": 5319, "line_b": 5320, "type_a": "Sharrow", "type_b": "BikeOnly", "crossing": 0}, "geometry": {"type": "LineString", "coordinates": [[331001.6875, 4685255.0], [330988.65625, 4685264.0]]}}, {"type": "Feature", "properties": {"id": 712, "gap_m": 15.9, "facing": 0.5, "along": 1.4, "lat_m": 0.4, "line_a": 2962, "line_b": 2965, "type_a": "BikeOnly", "type_b": "BikeOnly", "crossing": 0}, "geometry": {"type": "LineString", "coordinates": [[325130.25, 4695539.5], [325120.5, 4695552.0]]}}, {"type": "Feature", "properties": {"id": 713, "gap_m": 15.9, "facing": 1.3, "along": 1.0, "lat_m": 0.27, "line_a": 6125, "line_b": 6126, "type_a": "Sharrow", "type_b": "Sharrow", "crossing": 0}, "geometry": {"type": "LineString", "coordinates": [[337757.09375, 4693321.5], [337763.6875, 4693307.0]]}}, {"type": "Feature", "properties": {"id": 714, "gap_m": 15.9, "facing": 3.6, "along": 0.2, "lat_m": 0.06, "line_a": 5644, "line_b": 5647, "type_a": "Sharrow", "type_b": "Sharrow", "crossing": 0}, "geometry": {"type": "LineString", "coordinates": [[332512.0625, 4697838.0], [332524.0625, 4697848.5]]}}, {"type": "Feature", "properties": {"id": 715, "gap_m": 16.0, "facing": 0.1, "along": 0.3, "lat_m": 0.08, "line_a": 4077, "line_b": 4086, "type_a": "BikeOnly", "type_b": "BikeOnly", "crossing": 0}, "geometry": {"type": "LineString", "coordinates": [[327736.9375, 4687511.5], [327750.4375, 4687503.0]]}}, {"type": "Feature", "properties": {"id": 716, "gap_m": 16.0, "facing": 6.9, "along": 1.1, "lat_m": 0.32, "line_a": 4790, "line_b": 4797, "type_a": "BikeOnly", "type_b": "BikeOnly", "crossing": 0}, "geometry": {"type": "LineString", "coordinates": [[329460.0, 4694289.5], [329453.25, 4694304.0]]}}, {"type": "Feature", "properties": {"id": 717, "gap_m": 16.0, "facing": 0.4, "along": 0.3, "lat_m": 0.09, "line_a": 3879, "line_b": 3880, "type_a": "BikeOnly", "type_b": "BikeOnly", "crossing": 0}, "geometry": {"type": "LineString", "coordinates": [[326948.09375, 4684194.5], [326933.25, 4684188.5]]}}, {"type": "Feature", "properties": {"id": 718, "gap_m": 16.0, "facing": 5.5, "along": 2.2, "lat_m": 0.61, "line_a": 6533, "line_b": 6537, "type_a": "Sharrow", "type_b": "Sharrow", "crossing": 0}, "geometry": {"type": "LineString", "coordinates": [[343063.1875, 4708160.0], [343055.40625, 4708146.0]]}}, {"type": "Feature", "properties": {"id": 719, "gap_m": 16.0, "facing": 4.2, "along": 0.7, "lat_m": 0.19, "line_a": 5467, "line_b": 5486, "type_a": "BikeOnly", "type_b": "BikeOnly", "crossing": 0}, "geometry": {"type": "LineString", "coordinates": [[331868.5625, 4686885.5], [331875.4375, 4686900.0]]}}, {"type": "Feature", "properties": {"id": 720, "gap_m": 16.1, "facing": 0.3, "along": 0.9, "lat_m": 0.26, "line_a": 6013, "line_b": 6014, "type_a": "Sharrow", "type_b": "Sharrow", "crossing": 0}, "geometry": {"type": "LineString", "coordinates": [[336028.9375, 4693942.0], [336027.15625, 4693926.0]]}}, {"type": "Feature", "properties": {"id": 721, "gap_m": 16.1, "facing": 0.3, "along": 0.8, "lat_m": 0.22, "line_a": 6720, "line_b": 6725, "type_a": "BikeOnly", "type_b": "BikeOnly", "crossing": 0}, "geometry": {"type": "LineString", "coordinates": [[344988.59375, 4684195.5], [344993.09375, 4684180.0]]}}, {"type": "Feature", "properties": {"id": 722, "gap_m": 16.2, "facing": 1.0, "along": 0.8, "lat_m": 0.24, "line_a": 6121, "line_b": 6132, "type_a": "Sharrow", "type_b": "Sharrow", "crossing": 0}, "geometry": {"type": "LineString", "coordinates": [[337814.84375, 4693192.0], [337807.65625, 4693206.5]]}}, {"type": "Feature", "properties": {"id": 723, "gap_m": 16.2, "facing": 2.7, "along": 0.0, "lat_m": 0.01, "line_a": 6527, "line_b": 6529, "type_a": "BikeOnly", "type_b": "BikeOnly", "crossing": 0}, "geometry": {"type": "LineString", "coordinates": [[343331.84375, 4710435.0], [343317.75, 4710443.0]]}}, {"type": "Feature", "properties": {"id": 724, "gap_m": 16.2, "facing": 0.3, "along": 0.1, "lat_m": 0.03, "line_a": 2959, "line_b": 2963, "type_a": "BikeOnly", "type_b": "BikeOnly", "crossing": 0}, "geometry": {"type": "LineString", "coordinates": [[325521.75, 4695780.5], [325511.40625, 4695768.0]]}}, {"type": "Feature", "properties": {"id": 725, "gap_m": 16.3, "facing": 3.3, "along": 1.3, "lat_m": 0.36, "line_a": 1321, "line_b": 1326, "type_a": "BikeOnly", "type_b": "BikeOnly", "crossing": 0}, "geometry": {"type": "LineString", "coordinates": [[318385.65625, 4700052.5], [318382.8125, 4700068.5]]}}, {"type": "Feature", "properties": {"id": 726, "gap_m": 16.3, "facing": 0.8, "along": 0.9, "lat_m": 0.26, "line_a": 6126, "line_b": 6127, "type_a": "Sharrow", "type_b": "Sharrow", "crossing": 0}, "geometry": {"type": "LineString", "coordinates": [[337810.8125, 4693207.5], [337818.15625, 4693193.0]]}}, {"type": "Feature", "properties": {"id": 727, "gap_m": 16.3, "facing": 0.4, "along": 0.3, "lat_m": 0.08, "line_a": 6047, "line_b": 6048, "type_a": "Sharrow", "type_b": "Sharrow", "crossing": 0}, "geometry": {"type": "LineString", "coordinates": [[336766.1875, 4704139.5], [336759.90625, 4704124.5]]}}, {"type": "Feature", "properties": {"id": 728, "gap_m": 16.4, "facing": 0.6, "along": 0.0, "lat_m": 0.01, "line_a": 2619, "line_b": 2621, "type_a": "BikeOnly", "type_b": "BikeOnly", "crossing": 0}, "geometry": {"type": "LineString", "coordinates": [[324299.5625, 4680078.5], [324288.4375, 4680066.5]]}}, {"type": "Feature", "properties": {"id": 729, "gap_m": 16.4, "facing": 1.7, "along": 0.9, "lat_m": 0.26, "line_a": 2352, "line_b": 2354, "type_a": "BikeOnly", "type_b": "BikeOnly", "crossing": 0}, "geometry": {"type": "LineString", "coordinates": [[323622.0, 4691324.0], [323606.5625, 4691329.5]]}}, {"type": "Feature", "properties": {"id": 730, "gap_m": 16.4, "facing": 0.0, "along": 1.7, "lat_m": 0.49, "line_a": 2699, "line_b": 2703, "type_a": "BikeOnly", "type_b": "BikeOnly", "crossing": 0}, "geometry": {"type": "LineString", "coordinates": [[324972.4375, 4698056.5], [324984.59375, 4698045.5]]}}, {"type": "Feature", "properties": {"id": 731, "gap_m": 16.4, "facing": 7.7, "along": 2.8, "lat_m": 0.8, "line_a": 697, "line_b": 699, "type_a": "Sharrow", "type_b": "Sharrow", "crossing": 0}, "geometry": {"type": "LineString", "coordinates": [[314371.65625, 4702278.5], [314384.25, 4702268.0]]}}, {"type": "Feature", "properties": {"id": 732, "gap_m": 16.4, "facing": 1.4, "along": 0.6, "lat_m": 0.18, "line_a": 6120, "line_b": 6121, "type_a": "Sharrow", "type_b": "Sharrow", "crossing": 0}, "geometry": {"type": "LineString", "coordinates": [[337880.5625, 4693059.5], [337873.9375, 4693074.5]]}}, {"type": "Feature", "properties": {"id": 733, "gap_m": 16.4, "facing": 0.2, "along": 0.8, "lat_m": 0.23, "line_a": 4607, "line_b": 4611, "type_a": "BikeOnly", "type_b": "BikeOnly", "crossing": 0}, "geometry": {"type": "LineString", "coordinates": [[328563.4375, 4690829.0], [328579.0625, 4690834.0]]}}, {"type": "Feature", "properties": {"id": 734, "gap_m": 16.4, "facing": 3.8, "along": 3.4, "lat_m": 0.97, "line_a": 6195, "line_b": 6196, "type_a": "Sharrow", "type_b": "Sharrow", "crossing": 0}, "geometry": {"type": "LineString", "coordinates": [[338590.65625, 4670779.0], [338578.9375, 4670767.5]]}}, {"type": "Feature", "properties": {"id": 735, "gap_m": 16.4, "facing": 2.4, "along": 3.2, "lat_m": 0.92, "line_a": 2908, "line_b": 3211, "type_a": "BikeOnly", "type_b": "BikeOnly", "crossing": 0}, "geometry": {"type": "LineString", "coordinates": [[325622.40625, 4698880.5], [325633.0625, 4698868.0]]}}, {"type": "Feature", "properties": {"id": 736, "gap_m": 16.4, "facing": 3.4, "along": 0.5, "lat_m": 0.15, "line_a": 6926, "line_b": 6927, "type_a": "Sharrow", "type_b": "Sharrow", "crossing": 0}, "geometry": {"type": "LineString", "coordinates": [[349544.84375, 4680646.0], [349560.90625, 4680642.5]]}}, {"type": "Feature", "properties": {"id": 737, "gap_m": 16.5, "facing": 1.2, "along": 2.0, "lat_m": 0.56, "line_a": 2531, "line_b": 2545, "type_a": "BikeOnly", "type_b": "BikeOnly", "crossing": 0}, "geometry": {"type": "LineString", "coordinates": [[324257.5625, 4691396.0], [324243.4375, 4691387.5]]}}, {"type": "Feature", "properties": {"id": 738, "gap_m": 16.5, "facing": 1.1, "along": 1.4, "lat_m": 0.41, "line_a": 5131, "line_b": 5136, "type_a": "BikeOnly", "type_b": "BikeOnly", "crossing": 0}, "geometry": {"type": "LineString", "coordinates": [[330551.09375, 4704255.0], [330550.9375, 4704271.5]]}}, {"type": "Feature", "properties": {"id": 739, "gap_m": 16.5, "facing": 0.2, "along": 2.7, "lat_m": 0.78, "line_a": 6420, "line_b": 6423, "type_a": "BikeOnly", "type_b": "BikeOnly", "crossing": 0}, "geometry": {"type": "LineString", "coordinates": [[341610.90625, 4707112.0], [341599.0625, 4707100.5]]}}, {"type": "Feature", "properties": {"id": 740, "gap_m": 16.5, "facing": 1.3, "along": 0.1, "lat_m": 0.02, "line_a": 6088, "line_b": 6130, "type_a": "Sharrow", "type_b": "Sharrow", "crossing": 0}, "geometry": {"type": "LineString", "coordinates": [[337672.0625, 4693528.0], [337677.75, 4693512.5]]}}, {"type": "Feature", "properties": {"id": 741, "gap_m": 16.5, "facing": 0.3, "along": 1.7, "lat_m": 0.48, "line_a": 3175, "line_b": 3176, "type_a": "BikeOnly", "type_b": "Sharrow", "crossing": 0}, "geometry": {"type": "LineString", "coordinates": [[325434.3125, 4682348.5], [325442.25, 4682363.0]]}}, {"type": "Feature", "properties": {"id": 742, "gap_m": 16.6, "facing": 0.3, "along": 0.8, "lat_m": 0.22, "line_a": 1317, "line_b": 1436, "type_a": "Sharrow", "type_b": "Sharrow", "crossing": 0}, "geometry": {"type": "LineString", "coordinates": [[318667.1875, 4701869.0], [318683.25, 4701873.0]]}}, {"type": "Feature", "properties": {"id": 743, "gap_m": 16.6, "facing": 0.0, "along": 0.2, "lat_m": 0.06, "line_a": 5327, "line_b": 5328, "type_a": "BikeOnly", "type_b": "BikeOnly", "crossing": 0}, "geometry": {"type": "LineString", "coordinates": [[331176.3125, 4683927.5], [331168.1875, 4683942.0]]}}, {"type": "Feature", "properties": {"id": 744, "gap_m": 16.7, "facing": 5.4, "along": 0.1, "lat_m": 0.04, "line_a": 4858, "line_b": 5070, "type_a": "BikeOnly", "type_b": "BikeOnly", "crossing": 0}, "geometry": {"type": "LineString", "coordinates": [[329605.1875, 4690757.0], [329620.9375, 4690762.5]]}}, {"type": "Feature", "properties": {"id": 745, "gap_m": 16.7, "facing": 0.2, "along": 0.6, "lat_m": 0.17, "line_a": 1639, "line_b": 1640, "type_a": "BikeOnly", "type_b": "BikeOnly", "crossing": 0}, "geometry": {"type": "LineString", "coordinates": [[320381.25, 4681163.0], [320383.8125, 4681179.5]]}}, {"type": "Feature", "properties": {"id": 746, "gap_m": 16.7, "facing": 0.0, "along": 0.9, "lat_m": 0.25, "line_a": 524, "line_b": 526, "type_a": "Sharrow", "type_b": "Sharrow", "crossing": 0}, "geometry": {"type": "LineString", "coordinates": [[312127.0625, 4686458.0], [312139.1875, 4686469.5]]}}, {"type": "Feature", "properties": {"id": 747, "gap_m": 16.7, "facing": 0.5, "along": 0.3, "lat_m": 0.09, "line_a": 3690, "line_b": 3699, "type_a": "BikeOnly", "type_b": "BikeOnly", "crossing": 0}, "geometry": {"type": "LineString", "coordinates": [[326522.84375, 4665479.5], [326508.15625, 4665487.5]]}}, {"type": "Feature", "properties": {"id": 748, "gap_m": 16.9, "facing": 0.3, "along": 0.7, "lat_m": 0.22, "line_a": 2548, "line_b": 2764, "type_a": "BikeOnly", "type_b": "BikeOnly", "crossing": 0}, "geometry": {"type": "LineString", "coordinates": [[324415.8125, 4691062.0], [324419.25, 4691045.5]]}}, {"type": "Feature", "properties": {"id": 749, "gap_m": 17.0, "facing": 2.3, "along": 1.5, "lat_m": 0.46, "line_a": 3383, "line_b": 3387, "type_a": "BikeOnly", "type_b": "BikeOnly", "crossing": 0}, "geometry": {"type": "LineString", "coordinates": [[325956.0, 4686641.5], [325970.40625, 4686632.5]]}}, {"type": "Feature", "properties": {"id": 750, "gap_m": 17.0, "facing": 5.6, "along": 0.2, "lat_m": 0.06, "line_a": 3690, "line_b": 3698, "type_a": "BikeOnly", "type_b": "BikeOnly", "crossing": 0}, "geometry": {"type": "LineString", "coordinates": [[326575.8125, 4665451.0], [326590.8125, 4665443.0]]}}, {"type": "Feature", "properties": {"id": 751, "gap_m": 17.0, "facing": 0.7, "along": 0.5, "lat_m": 0.15, "line_a": 2046, "line_b": 2198, "type_a": "BikeOnly", "type_b": "BikeOnly", "crossing": 0}, "geometry": {"type": "LineString", "coordinates": [[322737.0, 4691654.0], [322752.90625, 4691648.0]]}}, {"type": "Feature", "properties": {"id": 752, "gap_m": 17.0, "facing": 0.5, "along": 1.1, "lat_m": 0.33, "line_a": 5782, "line_b": 5785, "type_a": "Sharrow", "type_b": "Sharrow", "crossing": 0}, "geometry": {"type": "LineString", "coordinates": [[333842.6875, 4698977.5], [333831.15625, 4698990.0]]}}, {"type": "Feature", "properties": {"id": 753, "gap_m": 17.0, "facing": 6.0, "along": 0.1, "lat_m": 0.03, "line_a": 5066, "line_b": 5068, "type_a": "BikeOnly", "type_b": "BikeOnly", "crossing": 0}, "geometry": {"type": "LineString", "coordinates": [[330078.59375, 4691294.0], [330068.25, 4691280.5]]}}, {"type": "Feature", "properties": {"id": 754, "gap_m": 17.0, "facing": 0.2, "along": 1.1, "lat_m": 0.33, "line_a": 2825, "line_b": 2836, "type_a": "BikeOnly", "type_b": "BikeOnly", "crossing": 0}, "geometry": {"type": "LineString", "coordinates": [[324648.59375, 4683892.5], [324659.5625, 4683905.5]]}}, {"type": "Feature", "properties": {"id": 755, "gap_m": 17.1, "facing": 5.6, "along": 0.1, "lat_m": 0.04, "line_a": 4250, "line_b": 4253, "type_a": "BikeOnly", "type_b": "BikeOnly", "crossing": 0}, "geometry": {"type": "LineString", "coordinates": [[328372.5, 4698488.5], [328371.15625, 4698471.5]]}}, {"type": "Feature", "properties": {"id": 756, "gap_m": 17.1, "facing": 0.5, "along": 0.5, "lat_m": 0.15, "line_a": 925, "line_b": 928, "type_a": "BikeOnly", "type_b": "BikeOnly", "crossing": 0}, "geometry": {"type": "LineString", "coordinates": [[284575.8125, 4692325.0], [284563.65625, 4692313.0]]}}, {"type": "Feature", "properties": {"id": 757, "gap_m": 17.1, "facing": 4.2, "along": 1.4, "lat_m": 0.42, "line_a": 6146, "line_b": 6147, "type_a": "Sharrow", "type_b": "Sharrow", "crossing": 0}, "geometry": {"type": "LineString", "coordinates": [[337770.3125, 4692041.0], [337764.3125, 4692025.0]]}}, {"type": "Feature", "properties": {"id": 758, "gap_m": 17.1, "facing": 0.1, "along": 1.9, "lat_m": 0.56, "line_a": 3805, "line_b": 3810, "type_a": "BikeOnly", "type_b": "BikeOnly", "crossing": 0}, "geometry": {"type": "LineString", "coordinates": [[326935.34375, 4690066.0], [326919.0, 4690061.0]]}}, {"type": "Feature", "properties": {"id": 759, "gap_m": 17.1, "facing": 3.3, "along": 1.8, "lat_m": 0.53, "line_a": 2069, "line_b": 2070, "type_a": "BikeOnly", "type_b": "BikeOnly", "crossing": 0}, "geometry": {"type": "LineString", "coordinates": [[322180.34375, 4689775.5], [322163.84375, 4689780.0]]}}, {"type": "Feature", "properties": {"id": 760, "gap_m": 17.1, "facing": 2.4, "along": 1.3, "lat_m": 0.38, "line_a": 3949, "line_b": 4244, "type_a": "BikeOnly", "type_b": "BikeOnly", "crossing": 0}, "geometry": {"type": "LineString", "coordinates": [[327843.59375, 4699026.5], [327826.5, 4699027.5]]}}, {"type": "Feature", "properties": {"id": 761, "gap_m": 17.1, "facing": 0.0, "along": 0.1, "lat_m": 0.03, "line_a": 6719, "line_b": 6723, "type_a": "BikeOnly", "type_b": "BikeOnly", "crossing": 0}, "geometry": {"type": "LineString", "coordinates": [[345024.3125, 4684068.5], [345028.9375, 4684052.0]]}}, {"type": "Feature", "properties": {"id": 762, "gap_m": 17.2, "facing": 0.1, "along": 1.9, "lat_m": 0.57, "line_a": 5187, "line_b": 5191, "type_a": "BikeOnly", "type_b": "BikeOnly", "crossing": 0}, "geometry": {"type": "LineString", "coordinates": [[330581.25, 4690985.0], [330564.75, 4690980.0]]}}, {"type": "Feature", "properties": {"id": 763, "gap_m": 17.2, "facing": 0.9, "along": 0.4, "lat_m": 0.11, "line_a": 4177, "line_b": 4187, "type_a": "BikeOnly", "type_b": "BikeOnly", "crossing": 0}, "geometry": {"type": "LineString", "coordinates": [[327531.3125, 4681075.0], [327514.1875, 4681073.0]]}}, {"type": "Feature", "properties": {"id": 764, "gap_m": 17.3, "facing": 2.5, "along": 2.9, "lat_m": 0.88, "line_a": 5858, "line_b": 5862, "type_a": "BikeOnly", "type_b": "BikeOnly", "crossing": 0}, "geometry": {"type": "LineString", "coordinates": [[334599.75, 4697647.5], [334607.40625, 4697663.0]]}}, {"type": "Feature", "properties": {"id": 765, "gap_m": 17.3, "facing": 0.3, "along": 0.1, "lat_m": 0.02, "line_a": 543, "line_b": 544, "type_a": "Sharrow", "type_b": "Sharrow", "crossing": 0}, "geometry": {"type": "LineString", "coordinates": [[312728.09375, 4706492.0], [312731.40625, 4706475.0]]}}, {"type": "Feature", "properties": {"id": 766, "gap_m": 17.3, "facing": 0.5, "along": 0.5, "lat_m": 0.14, "line_a": 3424, "line_b": 3426, "type_a": "Sharrow", "type_b": "Sharrow", "crossing": 0}, "geometry": {"type": "LineString", "coordinates": [[325779.15625, 4684474.5], [325770.4375, 4684489.5]]}}, {"type": "Feature", "properties": {"id": 767, "gap_m": 17.4, "facing": 4.8, "along": 2.2, "lat_m": 0.66, "line_a": 1673, "line_b": 1678, "type_a": "BikeOnly", "type_b": "BikeOnly", "crossing": 0}, "geometry": {"type": "LineString", "coordinates": [[320824.0625, 4699167.5], [320840.5625, 4699162.0]]}}, {"type": "Feature", "properties": {"id": 768, "gap_m": 17.5, "facing": 0.2, "along": 0.3, "lat_m": 0.08, "line_a": 2142, "line_b": 2276, "type_a": "Sharrow", "type_b": "Sharrow", "crossing": 0}, "geometry": {"type": "LineString", "coordinates": [[323324.40625, 4698139.0], [323335.5, 4698125.5]]}}, {"type": "Feature", "properties": {"id": 769, "gap_m": 17.5, "facing": 7.5, "along": 3.1, "lat_m": 0.94, "line_a": 703, "line_b": 704, "type_a": "Sharrow", "type_b": "Sharrow", "crossing": 0}, "geometry": {"type": "LineString", "coordinates": [[314619.15625, 4700247.0], [314628.15625, 4700232.0]]}}, {"type": "Feature", "properties": {"id": 770, "gap_m": 17.6, "facing": 2.9, "along": 0.6, "lat_m": 0.19, "line_a": 6068, "line_b": 6094, "type_a": "Sharrow", "type_b": "Sharrow", "crossing": 0}, "geometry": {"type": "LineString", "coordinates": [[337098.0, 4693004.5], [337115.5625, 4693003.5]]}}, {"type": "Feature", "properties": {"id": 771, "gap_m": 17.6, "facing": 0.1, "along": 0.4, "lat_m": 0.14, "line_a": 3958, "line_b": 3960, "type_a": "BikeOnly", "type_b": "BikeOnly", "crossing": 0}, "geometry": {"type": "LineString", "coordinates": [[327705.3125, 4698759.5], [327688.0625, 4698756.0]]}}, {"type": "Feature", "properties": {"id": 772, "gap_m": 17.6, "facing": 9.7, "along": 1.9, "lat_m": 0.58, "line_a": 704, "line_b": 762, "type_a": "Sharrow", "type_b": "Sharrow", "crossing": 0}, "geometry": {"type": "LineString", "coordinates": [[314644.1875, 4700164.5], [314646.3125, 4700147.0]]}}, {"type": "Feature", "properties": {"id": 773, "gap_m": 17.7, "facing": 0.2, "along": 0.2, "lat_m": 0.05, "line_a": 6719, "line_b": 6725, "type_a": "BikeOnly", "type_b": "BikeOnly", "crossing": 0}, "geometry": {"type": "LineString", "coordinates": [[345011.09375, 4684116.0], [345006.3125, 4684133.0]]}}, {"type": "Feature", "properties": {"id": 774, "gap_m": 17.7, "facing": 3.9, "along": 3.1, "lat_m": 0.97, "line_a": 6507, "line_b": 6540, "type_a": "BikeOnly", "type_b": "BikeOnly", "crossing": 0}, "geometry": {"type": "LineString", "coordinates": [[342860.25, 4703458.0], [342877.0625, 4703463.5]]}}, {"type": "Feature", "properties": {"id": 775, "gap_m": 17.7, "facing": 0.0, "along": 0.3, "lat_m": 0.09, "line_a": 1895, "line_b": 1902, "type_a": "BikeOnly", "type_b": "BikeOnly", "crossing": 0}, "geometry": {"type": "LineString", "coordinates": [[321593.09375, 4698640.0], [321578.84375, 4698650.5]]}}, {"type": "Feature", "properties": {"id": 776, "gap_m": 17.7, "facing": 4.0, "along": 0.8, "lat_m": 0.23, "line_a": 6465, "line_b": 6468, "type_a": "BikeOnly", "type_b": "BikeOnly", "crossing": 0}, "geometry": {"type": "LineString", "coordinates": [[342018.15625, 4707525.5], [342003.90625, 4707515.0]]}}, {"type": "Feature", "properties": {"id": 777, "gap_m": 17.7, "facing": 0.1, "along": 0.4, "lat_m": 0.14, "line_a": 3960, "line_b": 3964, "type_a": "BikeOnly", "type_b": "BikeOnly", "crossing": 0}, "geometry": {"type": "LineString", "coordinates": [[327637.9375, 4698745.5], [327620.5625, 4698742.0]]}}, {"type": "Feature", "properties": {"id": 778, "gap_m": 17.7, "facing": 0.0, "along": 0.2, "lat_m": 0.08, "line_a": 3095, "line_b": 3096, "type_a": "BikeOnly", "type_b": "BikeOnly", "crossing": 0}, "geometry": {"type": "LineString", "coordinates": [[325443.3125, 4689002.0], [325440.4375, 4689019.5]]}}, {"type": "Feature", "properties": {"id": 779, "gap_m": 17.7, "facing": 0.5, "along": 0.3, "lat_m": 0.1, "line_a": 5734, "line_b": 5736, "type_a": "Sharrow", "type_b": "Sharrow", "crossing": 0}, "geometry": {"type": "LineString", "coordinates": [[333424.0625, 4695761.0], [333439.34375, 4695770.0]]}}, {"type": "Feature", "properties": {"id": 780, "gap_m": 17.8, "facing": 9.5, "along": 1.7, "lat_m": 0.54, "line_a": 3084, "line_b": 3096, "type_a": "BikeOnly", "type_b": "BikeOnly", "crossing": 0}, "geometry": {"type": "LineString", "coordinates": [[325428.59375, 4689073.5], [325434.0, 4689056.5]]}}, {"type": "Feature", "properties": {"id": 781, "gap_m": 17.8, "facing": 1.1, "along": 0.8, "lat_m": 0.24, "line_a": 2368, "line_b": 2379, "type_a": "BikeOnly", "type_b": "BikeOnly", "crossing": 0}, "geometry": {"type": "LineString", "coordinates": [[323589.4375, 4691070.0], [323573.25, 4691062.5]]}}, {"type": "Feature", "properties": {"id": 782, "gap_m": 17.8, "facing": 2.1, "along": 2.1, "lat_m": 0.66, "line_a": 6539, "line_b": 6560, "type_a": "BikeOnly", "type_b": "BikeOnly", "crossing": 0}, "geometry": {"type": "LineString", "coordinates": [[343411.5, 4707768.5], [343429.34375, 4707768.5]]}}, {"type": "Feature", "properties": {"id": 783, "gap_m": 17.9, "facing": 0.2, "along": 0.7, "lat_m": 0.22, "line_a": 5859, "line_b": 5869, "type_a": "BikeOnly", "type_b": "BikeOnly", "crossing": 0}, "geometry": {"type": "LineString", "coordinates": [[334549.1875, 4697548.0], [334541.25, 4697532.0]]}}, {"type": "Feature", "properties": {"id": 784, "gap_m": 18.0, "facing": 0.9, "along": 0.1, "lat_m": 0.03, "line_a": 2843, "line_b": 2854, "type_a": "BikeOnly", "type_b": "BikeOnly", "crossing": 0}, "geometry": {"type": "LineString", "coordinates": [[324961.8125, 4683285.5], [324948.90625, 4683298.0]]}}, {"type": "Feature", "properties": {"id": 785, "gap_m": 18.0, "facing": 6.1, "along": 2.5, "lat_m": 0.8, "line_a": 5189, "line_b": 5194, "type_a": "BikeOnly", "type_b": "BikeOnly", "crossing": 0}, "geometry": {"type": "LineString", "coordinates": [[330502.8125, 4690649.0], [330519.59375, 4690642.5]]}}, {"type": "Feature", "properties": {"id": 786, "gap_m": 18.0, "facing": 4.4, "along": 1.7, "lat_m": 0.54, "line_a": 495, "line_b": 497, "type_a": "Sharrow", "type_b": "Sharrow", "crossing": 0}, "geometry": {"type": "LineString", "coordinates": [[311349.90625, 4683341.0], [311350.0625, 4683359.0]]}}, {"type": "Feature", "properties": {"id": 787, "gap_m": 18.0, "facing": 0.3, "along": 0.8, "lat_m": 0.26, "line_a": 4991, "line_b": 5001, "type_a": "BikeOnly", "type_b": "BikeOnly", "crossing": 0}, "geometry": {"type": "LineString", "coordinates": [[329922.75, 4701490.0], [329923.5, 4701508.0]]}}, {"type": "Feature", "properties": {"id": 788, "gap_m": 18.1, "facing": 0.3, "along": 0.5, "lat_m": 0.17, "line_a": 4202, "line_b": 4203, "type_a": "Sharrow", "type_b": "Sharrow", "crossing": 0}, "geometry": {"type": "LineString", "coordinates": [[327555.3125, 4679344.5], [327570.0, 4679355.0]]}}, {"type": "Feature", "properties": {"id": 789, "gap_m": 18.1, "facing": 0.1, "along": 0.4, "lat_m": 0.13, "line_a": 2562, "line_b": 2776, "type_a": "BikeOnly", "type_b": "BikeOnly", "crossing": 0}, "geometry": {"type": "LineString", "coordinates": [[324404.6875, 4689548.0], [324422.40625, 4689544.5]]}}, {"type": "Feature", "properties": {"id": 790, "gap_m": 18.1, "facing": 0.3, "along": 0.1, "lat_m": 0.04, "line_a": 150, "line_b": 172, "type_a": "BikeOnly", "type_b": "BikeOnly", "crossing": 0}, "geometry": {"type": "LineString", "coordinates": [[300237.59375, 4684471.0], [300246.0, 4684455.0]]}}, {"type": "Feature", "properties": {"id": 791, "gap_m": 18.1, "facing": 0.1, "along": 0.3, "lat_m": 0.1, "line_a": 2472, "line_b": 2689, "type_a": "BikeOnly", "type_b": "BikeOnly", "crossing": 0}, "geometry": {"type": "LineString", "coordinates": [[324501.59375, 4698491.0], [324515.5625, 4698479.5]]}}, {"type": "Feature", "properties": {"id": 792, "gap_m": 18.1, "facing": 0.1, "along": 0.3, "lat_m": 0.09, "line_a": 480, "line_b": 482, "type_a": "Sharrow", "type_b": "Sharrow", "crossing": 0}, "geometry": {"type": "LineString", "coordinates": [[311224.9375, 4684472.5], [311227.1875, 4684454.5]]}}, {"type": "Feature", "properties": {"id": 793, "gap_m": 18.1, "facing": 0.7, "along": 0.1, "lat_m": 0.04, "line_a": 6694, "line_b": 6695, "type_a": "Sharrow", "type_b": "Sharrow", "crossing": 0}, "geometry": {"type": "LineString", "coordinates": [[344824.8125, 4707663.0], [344841.75, 4707669.5]]}}, {"type": "Feature", "properties": {"id": 794, "gap_m": 18.2, "facing": 0.2, "along": 0.3, "lat_m": 0.08, "line_a": 3055, "line_b": 3058, "type_a": "Sharrow", "type_b": "Sharrow", "crossing": 0}, "geometry": {"type": "LineString", "coordinates": [[325231.34375, 4690347.5], [325226.40625, 4690330.0]]}}, {"type": "Feature", "properties": {"id": 795, "gap_m": 18.2, "facing": 4.9, "along": 1.7, "lat_m": 0.53, "line_a": 2951, "line_b": 2953, "type_a": "BikeOnly", "type_b": "BikeOnly", "crossing": 0}, "geometry": {"type": "LineString", "coordinates": [[325184.84375, 4695445.0], [325172.09375, 4695458.0]]}}, {"type": "Feature", "properties": {"id": 796, "gap_m": 18.2, "facing": 5.3, "along": 2.1, "lat_m": 0.67, "line_a": 6531, "line_b": 6533, "type_a": "Sharrow", "type_b": "Sharrow", "crossing": 0}, "geometry": {"type": "LineString", "coordinates": [[343121.25, 4708269.5], [343111.65625, 4708254.0]]}}, {"type": "Feature", "properties": {"id": 797, "gap_m": 18.2, "facing": 0.3, "along": 0.7, "lat_m": 0.22, "line_a": 4520, "line_b": 4536, "type_a": "Sharrow", "type_b": "Sharrow", "crossing": 0}, "geometry": {"type": "LineString", "coordinates": [[328757.09375, 4697285.0], [328739.5625, 4697290.0]]}}, {"type": "Feature", "properties": {"id": 798, "gap_m": 18.3, "facing": 0.6, "along": 0.1, "lat_m": 0.04, "line_a": 672, "line_b": 673, "type_a": "BikeOnly", "type_b": "BikeOnly", "crossing": 0}, "geometry": {"type": "LineString", "coordinates": [[314534.40625, 4710974.0], [314545.5, 4710959.5]]}}, {"type": "Feature", "properties": {"id": 799, "gap_m": 18.3, "facing": 1.6, "along": 2.5, "lat_m": 0.79, "line_a": 1675, "line_b": 1680, "type_a": "BikeOnly", "type_b": "BikeOnly", "crossing": 0}, "geometry": {"type": "LineString", "coordinates": [[320760.75, 4699166.0], [320742.4375, 4699166.0]]}}, {"type": "Feature", "properties": {"id": 800, "gap_m": 18.3, "facing": 0.1, "along": 0.5, "lat_m": 0.15, "line_a": 3494, "line_b": 3506, "type_a": "Sharrow", "type_b": "Sharrow", "crossing": 0}, "geometry": {"type": "LineString", "coordinates": [[326567.40625, 4698694.0], [326560.5, 4698677.0]]}}, {"type": "Feature", "properties": {"id": 801, "gap_m": 18.4, "facing": 6.9, "along": 0.9, "lat_m": 0.28, "line_a": 2650, "line_b": 2656, "type_a": "BikeOnly", "type_b": "BikeOnly", "crossing": 0}, "geometry": {"type": "LineString", "coordinates": [[324549.0, 4700757.0], [324543.3125, 4700774.5]]}}, {"type": "Feature", "properties": {"id": 802, "gap_m": 18.4, "facing": 0.2, "along": 0.4, "lat_m": 0.14, "line_a": 2387, "line_b": 2400, "type_a": "BikeOnly", "type_b": "BikeOnly", "crossing": 0}, "geometry": {"type": "LineString", "coordinates": [[323379.3125, 4689478.0], [323361.4375, 4689473.5]]}}, {"type": "Feature", "properties": {"id": 803, "gap_m": 18.4, "facing": 1.4, "along": 1.3, "lat_m": 0.42, "line_a": 626, "line_b": 632, "type_a": "Sharrow", "type_b": "Sharrow", "crossing": 0}, "geometry": {"type": "LineString", "coordinates": [[313555.9375, 4688134.5], [313565.09375, 4688150.5]]}}, {"type": "Feature", "properties": {"id": 804, "gap_m": 18.4, "facing": 2.4, "along": 1.7, "lat_m": 0.56, "line_a": 5858, "line_b": 5859, "type_a": "BikeOnly", "type_b": "BikeOnly", "crossing": 0}, "geometry": {"type": "LineString", "coordinates": [[334581.3125, 4697611.5], [334573.0625, 4697595.0]]}}, {"type": "Feature", "properties": {"id": 805, "gap_m": 18.5, "facing": 0.0, "along": 0.2, "lat_m": 0.05, "line_a": 4043, "line_b": 4051, "type_a": "BikeOnly", "type_b": "BikeOnly", "crossing": 0}, "geometry": {"type": "LineString", "coordinates": [[327808.8125, 4691149.0], [327802.9375, 4691166.5]]}}, {"type": "Feature", "properties": {"id": 806, "gap_m": 18.5, "facing": 2.0, "along": 0.8, "lat_m": 0.25, "line_a": 3667, "line_b": 3668, "type_a": "BikeOnly", "type_b": "BikeOnly", "crossing": 0}, "geometry": {"type": "LineString", "coordinates": [[326440.0625, 4679330.5], [326432.84375, 4679313.5]]}}, {"type": "Feature", "properties": {"id": 807, "gap_m": 18.5, "facing": 4.1, "along": 2.8, "lat_m": 0.91, "line_a": 1794, "line_b": 1797, "type_a": "Sharrow", "type_b": "Sharrow", "crossing": 0}, "geometry": {"type": "LineString", "coordinates": [[321076.65625, 4695456.0], [321076.65625, 4695437.5]]}}, {"type": "Feature", "properties": {"id": 808, "gap_m": 18.5, "facing": 0.7, "along": 0.3, "lat_m": 0.1, "line_a": 4762, "line_b": 4763, "type_a": "BikeOnly", "type_b": "BikeOnly", "crossing": 0}, "geometry": {"type": "LineString", "coordinates": [[329122.5, 4697083.0], [329121.90625, 4697064.5]]}}, {"type": "Feature", "properties": {"id": 809, "gap_m": 18.5, "facing": 0.6, "along": 0.2, "lat_m": 0.05, "line_a": 4876, "line_b": 4888, "type_a": "BikeOnly", "type_b": "BikeOnly", "crossing": 0}, "geometry": {"type": "LineString", "coordinates": [[329570.40625, 4690312.0], [329563.0625, 4690295.0]]}}, {"type": "Feature", "properties": {"id": 810, "gap_m": 18.5, "facing": 6.4, "along": 1.1, "lat_m": 0.35, "line_a": 7102, "line_b": 7106, "type_a": "BikeOnly", "type_b": "BikeOnly", "crossing": 0}, "geometry": {"type": "LineString", "coordinates": [[290555.84375, 4690933.5], [290557.1875, 4690952.0]]}}, {"type": "Feature", "properties": {"id": 811, "gap_m": 18.6, "facing": 0.9, "along": 1.5, "lat_m": 0.5, "line_a": 6285, "line_b": 6286, "type_a": "BikeOnly", "type_b": "BikeOnly", "crossing": 0}, "geometry": {"type": "LineString", "coordinates": [[339023.09375, 4671550.0], [339004.5, 4671550.5]]}}, {"type": "Feature", "properties": {"id": 812, "gap_m": 18.6, "facing": 0.4, "along": 0.4, "lat_m": 0.12, "line_a": 6768, "line_b": 6843, "type_a": "BikeOnly", "type_b": "BikeOnly", "crossing": 0}, "geometry": {"type": "LineString", "coordinates": [[345685.34375, 4712981.0], [345702.15625, 4712973.0]]}}, {"type": "Feature", "properties": {"id": 813, "gap_m": 18.6, "facing": 2.7, "along": 1.2, "lat_m": 0.4, "line_a": 324, "line_b": 325, "type_a": "Sharrow", "type_b": "Sharrow", "crossing": 0}, "geometry": {"type": "LineString", "coordinates": [[305365.65625, 4682362.0], [305358.0, 4682379.0]]}}, {"type": "Feature", "properties": {"id": 814, "gap_m": 18.7, "facing": 0.1, "along": 0.1, "lat_m": 0.04, "line_a": 482, "line_b": 487, "type_a": "Sharrow", "type_b": "Sharrow", "crossing": 0}, "geometry": {"type": "LineString", "coordinates": [[311238.75, 4684367.0], [311241.15625, 4684348.5]]}}, {"type": "Feature", "properties": {"id": 815, "gap_m": 18.7, "facing": 0.5, "along": 0.8, "lat_m": 0.25, "line_a": 1007, "line_b": 1014, "type_a": "BikeOnly", "type_b": "BikeOnly", "crossing": 0}, "geometry": {"type": "LineString", "coordinates": [[316093.9375, 4686595.5], [316077.3125, 4686587.0]]}}, {"type": "Feature", "properties": {"id": 816, "gap_m": 18.7, "facing": 1.0, "along": 0.9, "lat_m": 0.3, "line_a": 701, "line_b": 703, "type_a": "Sharrow", "type_b": "Sharrow", "crossing": 0}, "geometry": {"type": "LineString", "coordinates": [[314462.6875, 4700429.5], [314478.15625, 4700419.0]]}}, {"type": "Feature", "properties": {"id": 817, "gap_m": 18.7, "facing": 0.0, "along": 0.7, "lat_m": 0.22, "line_a": 4522, "line_b": 4528, "type_a": "Sharrow", "type_b": "Sharrow", "crossing": 0}, "geometry": {"type": "LineString", "coordinates": [[328804.9375, 4697173.0], [328810.0625, 4697191.0]]}}, {"type": "Feature", "properties": {"id": 818, "gap_m": 18.7, "facing": 3.7, "along": 1.5, "lat_m": 0.49, "line_a": 6772, "line_b": 6845, "type_a": "BikeOnly", "type_b": "BikeOnly", "crossing": 0}, "geometry": {"type": "LineString", "coordinates": [[345572.84375, 4713035.0], [345590.40625, 4713028.5]]}}, {"type": "Feature", "properties": {"id": 819, "gap_m": 18.7, "facing": 1.4, "along": 2.8, "lat_m": 0.92, "line_a": 1675, "line_b": 1682, "type_a": "BikeOnly", "type_b": "BikeOnly", "crossing": 0}, "geometry": {"type": "LineString", "coordinates": [[320911.65625, 4699125.0], [320928.59375, 4699117.0]]}}, {"type": "Feature", "properties": {"id": 820, "gap_m": 18.7, "facing": 0.2, "along": 0.4, "lat_m": 0.13, "line_a": 4218, "line_b": 4227, "type_a": "BikeOnly", "type_b": "BikeOnly", "crossing": 0}, "geometry": {"type": "LineString", "coordinates": [[327920.5625, 4700889.0], [327908.09375, 4700903.0]]}}, {"type": "Feature", "properties": {"id": 821, "gap_m": 18.8, "facing": 0.1, "along": 0.4, "lat_m": 0.11, "line_a": 1796, "line_b": 1798, "type_a": "Sharrow", "type_b": "Sharrow", "crossing": 0}, "geometry": {"type": "LineString", "coordinates": [[321067.65625, 4695315.0], [321064.5, 4695296.5]]}}, {"type": "Feature", "properties": {"id": 822, "gap_m": 18.8, "facing": 5.2, "along": 1.7, "lat_m": 0.57, "line_a": 6912, "line_b": 6913, "type_a": "Sharrow", "type_b": "Sharrow", "crossing": 0}, "geometry": {"type": "LineString", "coordinates": [[349089.59375, 4680909.5], [349074.0, 4680920.0]]}}, {"type": "Feature", "properties": {"id": 823, "gap_m": 18.8, "facing": 3.9, "along": 0.0, "lat_m": 0.0, "line_a": 3356, "line_b": 3367, "type_a": "BikeOnly", "type_b": "BikeOnly", "crossing": 0}, "geometry": {"type": "LineString", "coordinates": [[325987.0625, 4688075.5], [325993.9375, 4688093.0]]}}, {"type": "Feature", "properties": {"id": 824, "gap_m": 18.8, "facing": 0.1, "along": 0.4, "lat_m": 0.12, "line_a": 1091, "line_b": 1098, "type_a": "Sharrow", "type_b": "BikeOnly", "crossing": 0}, "geometry": {"type": "LineString", "coordinates": [[316510.9375, 4691728.0], [316505.40625, 4691710.0]]}}, {"type": "Feature", "properties": {"id": 825, "gap_m": 18.8, "facing": 0.1, "along": 0.9, "lat_m": 0.3, "line_a": 2278, "line_b": 2475, "type_a": "Sharrow", "type_b": "Sharrow", "crossing": 0}, "geometry": {"type": "LineString", "coordinates": [[323849.09375, 4697839.0], [323860.5, 4697854.0]]}}, {"type": "Feature", "properties": {"id": 826, "gap_m": 18.9, "facing": 1.1, "along": 0.9, "lat_m": 0.3, "line_a": 3978, "line_b": 3983, "type_a": "BikeOnly", "type_b": "BikeOnly", "crossing": 0}, "geometry": {"type": "LineString", "coordinates": [[327810.75, 4695668.5], [327819.90625, 4695685.0]]}}, {"type": "Feature", "properties": {"id": 827, "gap_m": 18.9, "facing": 0.2, "along": 0.4, "lat_m": 0.14, "line_a": 546, "line_b": 547, "type_a": "Sharrow", "type_b": "Sharrow", "crossing": 0}, "geometry": {"type": "LineString", "coordinates": [[312732.0, 4706451.0], [312728.25, 4706469.5]]}}, {"type": "Feature", "properties": {"id": 828, "gap_m": 19.0, "facing": 0.5, "along": 0.2, "lat_m": 0.07, "line_a": 3118, "line_b": 3121, "type_a": "Sharrow", "type_b": "Sharrow", "crossing": 0}, "geometry": {"type": "LineString", "coordinates": [[325484.25, 4686250.5], [325502.5625, 4686255.5]]}}, {"type": "Feature", "properties": {"id": 829, "gap_m": 19.0, "facing": 0.0, "along": 0.0, "lat_m": 0.01, "line_a": 6797, "line_b": 6800, "type_a": "BikeOnly", "type_b": "BikeOnly", "crossing": 0}, "geometry": {"type": "LineString", "coordinates": [[345224.5625, 4711819.5], [345224.6875, 4711838.5]]}}, {"type": "Feature", "properties": {"id": 830, "gap_m": 19.0, "facing": 0.7, "along": 0.1, "lat_m": 0.04, "line_a": 1366, "line_b": 1370, "type_a": "Sharrow", "type_b": "Sharrow", "crossing": 0}, "geometry": {"type": "LineString", "coordinates": [[318231.3125, 4690996.0], [318231.75, 4690977.0]]}}, {"type": "Feature", "properties": {"id": 831, "gap_m": 19.0, "facing": 0.1, "along": 0.4, "lat_m": 0.12, "line_a": 6685, "line_b": 6687, "type_a": "BikeOnly", "type_b": "BikeOnly", "crossing": 0}, "geometry": {"type": "LineString", "coordinates": [[344793.75, 4708869.5], [344794.1875, 4708888.5]]}}, {"type": "Feature", "properties": {"id": 832, "gap_m": 19.0, "facing": 0.3, "along": 1.0, "lat_m": 0.33, "line_a": 4403, "line_b": 4412, "type_a": "BikeOnly", "type_b": "BikeOnly", "crossing": 0}, "geometry": {"type": "LineString", "coordinates": [[328410.59375, 4687777.5], [328415.09375, 4687759.0]]}}, {"type": "Feature", "properties": {"id": 833, "gap_m": 19.1, "facing": 6.3, "along": 1.9, "lat_m": 0.64, "line_a": 1080, "line_b": 1082, "type_a": "BikeOnly", "type_b": "BikeOnly", "crossing": 0}, "geometry": {"type": "LineString", "coordinates": [[316885.8125, 4692312.5], [316874.6875, 4692328.0]]}}, {"type": "Feature", "properties": {"id": 834, "gap_m": 19.1, "facing": 0.2, "along": 0.3, "lat_m": 0.1, "line_a": 2072, "line_b": 2077, "type_a": "BikeOnly", "type_b": "BikeOnly", "crossing": 0}, "geometry": {"type": "LineString", "coordinates": [[322519.34375, 4689958.0], [322510.65625, 4689941.0]]}}, {"type": "Feature", "properties": {"id": 835, "gap_m": 19.1, "facing": 0.6, "along": 1.2, "lat_m": 0.39, "line_a": 3493, "line_b": 3500, "type_a": "Sharrow", "type_b": "Sharrow", "crossing": 0}, "geometry": {"type": "LineString", "coordinates": [[326676.0, 4698944.5], [326668.34375, 4698927.0]]}}, {"type": "Feature", "properties": {"id": 836, "gap_m": 19.1, "facing": 0.7, "along": 0.6, "lat_m": 0.22, "line_a": 162, "line_b": 163, "type_a": "BikeOnly", "type_b": "BikeOnly", "crossing": 0}, "geometry": {"type": "LineString", "coordinates": [[299978.40625, 4669148.0], [299960.09375, 4669142.5]]}}, {"type": "Feature", "properties": {"id": 837, "gap_m": 19.1, "facing": 0.2, "along": 0.6, "lat_m": 0.21, "line_a": 2977, "line_b": 2985, "type_a": "BikeOnly", "type_b": "BikeOnly", "crossing": 0}, "geometry": {"type": "LineString", "coordinates": [[325549.1875, 4694729.0], [325551.4375, 4694748.0]]}}, {"type": "Feature", "properties": {"id": 838, "gap_m": 19.1, "facing": 1.9, "along": 2.0, "lat_m": 0.65, "line_a": 6007, "line_b": 6009, "type_a": "Sharrow", "type_b": "Sharrow", "crossing": 0}, "geometry": {"type": "LineString", "coordinates": [[336180.75, 4694145.0], [336199.65625, 4694142.0]]}}, {"type": "Feature", "properties": {"id": 839, "gap_m": 19.2, "facing": 1.1, "along": 0.7, "lat_m": 0.25, "line_a": 1174, "line_b": 1175, "type_a": "Sharrow", "type_b": "Sharrow", "crossing": 0}, "geometry": {"type": "LineString", "coordinates": [[317018.40625, 4698467.0], [317000.5625, 4698474.0]]}}, {"type": "Feature", "properties": {"id": 840, "gap_m": 19.2, "facing": 0.1, "along": 0.0, "lat_m": 0.0, "line_a": 823, "line_b": 826, "type_a": "BikeOnly", "type_b": "BikeOnly", "crossing": 0}, "geometry": {"type": "LineString", "coordinates": [[314880.59375, 4671377.0], [314887.1875, 4671359.0]]}}, {"type": "Feature", "properties": {"id": 841, "gap_m": 19.2, "facing": 0.6, "along": 1.8, "lat_m": 0.62, "line_a": 2691, "line_b": 2696, "type_a": "BikeOnly", "type_b": "BikeOnly", "crossing": 0}, "geometry": {"type": "LineString", "coordinates": [[324629.5625, 4698380.5], [324643.1875, 4698367.0]]}}, {"type": "Feature", "properties": {"id": 842, "gap_m": 19.2, "facing": 0.0, "along": 0.1, "lat_m": 0.02, "line_a": 977, "line_b": 991, "type_a": "Sharrow", "type_b": "Sharrow", "crossing": 0}, "geometry": {"type": "LineString", "coordinates": [[316218.15625, 4698680.0], [316237.0625, 4698676.5]]}}, {"type": "Feature", "properties": {"id": 843, "gap_m": 19.2, "facing": 3.3, "along": 2.8, "lat_m": 0.93, "line_a": 4582, "line_b": 4585, "type_a": "Sharrow", "type_b": "BikeOnly", "crossing": 0}, "geometry": {"type": "LineString", "coordinates": [[328691.09375, 4694296.0], [328710.0, 4694299.5]]}}, {"type": "Feature", "properties": {"id": 844, "gap_m": 19.3, "facing": 0.1, "along": 1.3, "lat_m": 0.42, "line_a": 1324, "line_b": 1325, "type_a": "BikeOnly", "type_b": "BikeOnly", "crossing": 0}, "geometry": {"type": "LineString", "coordinates": [[318327.59375, 4700223.5], [318319.5, 4700241.0]]}}, {"type": "Feature", "properties": {"id": 845, "gap_m": 19.3, "facing": 6.1, "along": 2.8, "lat_m": 0.95, "line_a": 6167, "line_b": 6174, "type_a": "BikeOnly", "type_b": "BikeOnly", "crossing": 0}, "geometry": {"type": "LineString", "coordinates": [[338616.0, 4705651.0], [338631.90625, 4705640.0]]}}, {"type": "Feature", "properties": {"id": 846, "gap_m": 19.4, "facing": 0.1, "along": 0.7, "lat_m": 0.24, "line_a": 3190, "line_b": 3191, "type_a": "BikeOnly", "type_b": "BikeOnly", "crossing": 0}, "geometry": {"type": "LineString", "coordinates": [[325102.65625, 4676310.0], [325106.5625, 4676329.0]]}}, {"type": "Feature", "properties": {"id": 847, "gap_m": 19.4, "facing": 0.1, "along": 0.1, "lat_m": 0.03, "line_a": 1279, "line_b": 1281, "type_a": "Sharrow", "type_b": "Sharrow", "crossing": 0}, "geometry": {"type": "LineString", "coordinates": [[317979.59375, 4691273.0], [317985.59375, 4691291.5]]}}, {"type": "Feature", "properties": {"id": 848, "gap_m": 19.5, "facing": 0.8, "along": 2.0, "lat_m": 0.68, "line_a": 2668, "line_b": 2669, "type_a": "BikeOnly", "type_b": "BikeOnly", "crossing": 0}, "geometry": {"type": "LineString", "coordinates": [[324709.5, 4699920.5], [324703.34375, 4699939.0]]}}, {"type": "Feature", "properties": {"id": 849, "gap_m": 19.5, "facing": 0.2, "along": 0.0, "lat_m": 0.0, "line_a": 2826, "line_b": 2829, "type_a": "BikeOnly", "type_b": "BikeOnly", "crossing": 0}, "geometry": {"type": "LineString", "coordinates": [[324882.4375, 4684173.0], [324894.90625, 4684188.0]]}}, {"type": "Feature", "properties": {"id": 850, "gap_m": 19.5, "facing": 0.5, "along": 0.2, "lat_m": 0.05, "line_a": 5251, "line_b": 5263, "type_a": "BikeOnly", "type_b": "BikeOnly", "crossing": 0}, "geometry": {"type": "LineString", "coordinates": [[331112.84375, 4692375.5], [331113.59375, 4692356.0]]}}, {"type": "Feature", "properties": {"id": 851, "gap_m": 19.5, "facing": 2.0, "along": 1.1, "lat_m": 0.39, "line_a": 4232, "line_b": 4505, "type_a": "BikeOnly", "type_b": "BikeOnly", "crossing": 0}, "geometry": {"type": "LineString", "coordinates": [[328450.65625, 4700281.0], [328437.59375, 4700295.5]]}}, {"type": "Feature", "properties": {"id": 852, "gap_m": 19.5, "facing": 0.5, "along": 0.2, "lat_m": 0.05, "line_a": 991, "line_b": 992, "type_a": "Sharrow", "type_b": "Sharrow", "crossing": 0}, "geometry": {"type": "LineString", "coordinates": [[316318.1875, 4698661.5], [316337.40625, 4698658.0]]}}, {"type": "Feature", "properties": {"id": 853, "gap_m": 19.6, "facing": 0.1, "along": 0.5, "lat_m": 0.17, "line_a": 1358, "line_b": 1449, "type_a": "Sharrow", "type_b": "Sharrow", "crossing": 0}, "geometry": {"type": "LineString", "coordinates": [[318610.34375, 4690775.5], [318629.84375, 4690777.0]]}}, {"type": "Feature", "properties": {"id": 854, "gap_m": 19.6, "facing": 1.5, "along": 0.8, "lat_m": 0.26, "line_a": 642, "line_b": 644, "type_a": "Sharrow", "type_b": "Sharrow", "crossing": 0}, "geometry": {"type": "LineString", "coordinates": [[313964.5625, 4671695.0], [313966.1875, 4671675.5]]}}, {"type": "Feature", "properties": {"id": 855, "gap_m": 19.6, "facing": 0.2, "along": 0.3, "lat_m": 0.1, "line_a": 6610, "line_b": 6632, "type_a": "Sharrow", "type_b": "Sharrow", "crossing": 0}, "geometry": {"type": "LineString", "coordinates": [[344208.75, 4708447.5], [344206.65625, 4708428.0]]}}, {"type": "Feature", "properties": {"id": 856, "gap_m": 19.6, "facing": 1.2, "along": 0.1, "lat_m": 0.03, "line_a": 2679, "line_b": 2682, "type_a": "BikeOnly", "type_b": "BikeOnly", "crossing": 0}, "geometry": {"type": "LineString", "coordinates": [[324963.3125, 4699557.0], [324978.4375, 4699544.5]]}}, {"type": "Feature", "properties": {"id": 857, "gap_m": 19.6, "facing": 0.2, "along": 0.6, "lat_m": 0.22, "line_a": 3512, "line_b": 3518, "type_a": "Sharrow", "type_b": "Sharrow", "crossing": 0}, "geometry": {"type": "LineString", "coordinates": [[326623.9375, 4697625.5], [326613.3125, 4697642.0]]}}, {"type": "Feature", "properties": {"id": 858, "gap_m": 19.6, "facing": 0.6, "along": 0.3, "lat_m": 0.1, "line_a": 2689, "line_b": 2690, "type_a": "BikeOnly", "type_b": "BikeOnly", "crossing": 0}, "geometry": {"type": "LineString", "coordinates": [[324627.3125, 4698380.0], [324641.5625, 4698366.5]]}}, {"type": "Feature", "properties": {"id": 859, "gap_m": 19.6, "facing": 1.7, "along": 1.0, "lat_m": 0.34, "line_a": 5306, "line_b": 5310, "type_a": "BikeOnly", "type_b": "BikeOnly", "crossing": 0}, "geometry": {"type": "LineString", "coordinates": [[331281.15625, 4688231.5], [331269.75, 4688215.5]]}}, {"type": "Feature", "properties": {"id": 860, "gap_m": 19.7, "facing": 1.4, "along": 1.2, "lat_m": 0.42, "line_a": 4298, "line_b": 4305, "type_a": "BikeOnly", "type_b": "Sharrow", "crossing": 0}, "geometry": {"type": "LineString", "coordinates": [[328000.8125, 4693722.5], [327998.25, 4693742.0]]}}, {"type": "Feature", "properties": {"id": 861, "gap_m": 19.7, "facing": 0.9, "along": 0.6, "lat_m": 0.19, "line_a": 337, "line_b": 338, "type_a": "BikeOnly", "type_b": "BikeOnly", "crossing": 0}, "geometry": {"type": "LineString", "coordinates": [[305625.90625, 4685091.0], [305620.8125, 4685110.0]]}}, {"type": "Feature", "properties": {"id": 862, "gap_m": 19.7, "facing": 0.8, "along": 0.0, "lat_m": 0.0, "line_a": 1261, "line_b": 1265, "type_a": "Sharrow", "type_b": "Sharrow", "crossing": 0}, "geometry": {"type": "LineString", "coordinates": [[317935.5, 4697988.0], [317950.34375, 4697975.0]]}}, {"type": "Feature", "properties": {"id": 863, "gap_m": 19.7, "facing": 1.2, "along": 0.0, "lat_m": 0.01, "line_a": 3259, "line_b": 3261, "type_a": "Sharrow", "type_b": "Sharrow", "crossing": 0}, "geometry": {"type": "LineString", "coordinates": [[325679.5625, 4696357.0], [325665.15625, 4696343.5]]}}, {"type": "Feature", "properties": {"id": 864, "gap_m": 19.8, "facing": 0.7, "along": 1.5, "lat_m": 0.52, "line_a": 863, "line_b": 864, "type_a": "Sharrow", "type_b": "Sharrow", "crossing": 0}, "geometry": {"type": "LineString", "coordinates": [[315266.40625, 4701898.0], [315247.9375, 4701891.0]]}}, {"type": "Feature", "properties": {"id": 865, "gap_m": 19.8, "facing": 1.5, "along": 1.6, "lat_m": 0.56, "line_a": 6153, "line_b": 6176, "type_a": "BikeOnly", "type_b": "BikeOnly", "crossing": 0}, "geometry": {"type": "LineString", "coordinates": [[338250.90625, 4678569.5], [338270.5625, 4678567.5]]}}, {"type": "Feature", "properties": {"id": 866, "gap_m": 19.8, "facing": 2.3, "along": 1.7, "lat_m": 0.58, "line_a": 4707, "line_b": 4711, "type_a": "BikeOnly", "type_b": "BikeOnly", "crossing": 0}, "geometry": {"type": "LineString", "coordinates": [[328740.0, 4680659.5], [328721.84375, 4680651.5]]}}, {"type": "Feature", "properties": {"id": 867, "gap_m": 19.8, "facing": 0.2, "along": 0.6, "lat_m": 0.19, "line_a": 5757, "line_b": 5759, "type_a": "BikeOnly", "type_b": "BikeOnly", "crossing": 0}, "geometry": {"type": "LineString", "coordinates": [[333297.75, 4679333.0], [333315.4375, 4679324.0]]}}, {"type": "Feature", "properties": {"id": 868, "gap_m": 19.9, "facing": 0.5, "along": 1.0, "lat_m": 0.34, "line_a": 3588, "line_b": 3590, "type_a": "BikeOnly", "type_b": "BikeOnly", "crossing": 0}, "geometry": {"type": "LineString", "coordinates": [[326202.3125, 4690823.0], [326182.9375, 4690827.5]]}}, {"type": "Feature", "properties": {"id": 869, "gap_m": 20.0, "facing": 0.9, "along": 0.1, "lat_m": 0.05, "line_a": 709, "line_b": 716, "type_a": "Sharrow", "type_b": "BikeOnly", "crossing": 0}, "geometry": {"type": "LineString", "coordinates": [[314271.3125, 4688507.0], [314256.59375, 4688493.5]]}}, {"type": "Feature", "properties": {"id": 870, "gap_m": 20.0, "facing": 0.1, "along": 0.1, "lat_m": 0.04, "line_a": 1280, "line_b": 1281, "type_a": "Sharrow", "type_b": "Sharrow", "crossing": 0}, "geometry": {"type": "LineString", "coordinates": [[318025.34375, 4691414.0], [318019.1875, 4691395.0]]}}, {"type": "Feature", "properties": {"id": 871, "gap_m": 20.0, "facing": 4.7, "along": 1.1, "lat_m": 0.37, "line_a": 3047, "line_b": 3048, "type_a": "BikeOnly", "type_b": "BikeOnly", "crossing": 0}, "geometry": {"type": "LineString", "coordinates": [[325160.09375, 4690174.0], [325172.09375, 4690190.0]]}}, {"type": "Feature", "properties": {"id": 872, "gap_m": 20.0, "facing": 0.1, "along": 0.0, "lat_m": 0.01, "line_a": 6682, "line_b": 6684, "type_a": "BikeOnly", "type_b": "BikeOnly", "crossing": 0}, "geometry": {"type": "LineString", "coordinates": [[344804.40625, 4708958.0], [344804.09375, 4708938.0]]}}, {"type": "Feature", "properties": {"id": 873, "gap_m": 20.0, "facing": 0.1, "along": 0.3, "lat_m": 0.11, "line_a": 6207, "line_b": 6212, "type_a": "BikeOnly", "type_b": "BikeOnly", "crossing": 0}, "geometry": {"type": "LineString", "coordinates": [[338489.5625, 4669580.5], [338489.25, 4669560.5]]}}, {"type": "Feature", "properties": {"id": 874, "gap_m": 20.0, "facing": 0.1, "along": 0.6, "lat_m": 0.2, "line_a": 6062, "line_b": 6064, "type_a": "Sharrow", "type_b": "Sharrow", "crossing": 0}, "geometry": {"type": "LineString", "coordinates": [[336664.8125, 4694075.0], [336684.59375, 4694072.0]]}}, {"type": "Feature", "properties": {"id": 875, "gap_m": 20.0, "facing": 0.4, "along": 1.6, "lat_m": 0.55, "line_a": 3289, "line_b": 3294, "type_a": "BikeOnly", "type_b": "BikeOnly", "crossing": 0}, "geometry": {"type": "LineString", "coordinates": [[325627.9375, 4693216.0], [325645.8125, 4693207.0]]}}, {"type": "Feature", "properties": {"id": 876, "gap_m": 20.0, "facing": 0.0, "along": 0.7, "lat_m": 0.23, "line_a": 3902, "line_b": 3910, "type_a": "BikeOnly", "type_b": "BikeOnly", "crossing": 0}, "geometry": {"type": "LineString", "coordinates": [[327304.34375, 4680730.0], [327305.09375, 4680750.0]]}}, {"type": "Feature", "properties": {"id": 877, "gap_m": 20.0, "facing": 0.2, "along": 0.0, "lat_m": 0.02, "line_a": 3717, "line_b": 3718, "type_a": "Sharrow", "type_b": "Sharrow", "crossing": 0}, "geometry": {"type": "LineString", "coordinates": [[326825.09375, 4699300.0], [326832.75, 4699318.5]]}}, {"type": "Feature", "properties": {"id": 878, "gap_m": 20.0, "facing": 4.6, "along": 0.1, "lat_m": 0.02, "line_a": 4246, "line_b": 4249, "type_a": "BikeOnly", "type_b": "BikeOnly", "crossing": 0}, "geometry": {"type": "LineString", "coordinates": [[327932.5625, 4699039.5], [327952.5, 4699037.5]]}}, {"type": "Feature", "properties": {"id": 879, "gap_m": 20.1, "facing": 2.4, "along": 1.2, "lat_m": 0.41, "line_a": 1651, "line_b": 1654, "type_a": "BikeOnly", "type_b": "BikeOnly", "crossing": 0}, "geometry": {"type": "LineString", "coordinates": [[320323.0625, 4677303.0], [320321.40625, 4677323.0]]}}, {"type": "Feature", "properties": {"id": 880, "gap_m": 20.1, "facing": 1.0, "along": 1.3, "lat_m": 0.47, "line_a": 462, "line_b": 465, "type_a": "Sharrow", "type_b": "Sharrow", "crossing": 0}, "geometry": {"type": "LineString", "coordinates": [[311447.25, 4687955.5], [311461.65625, 4687941.5]]}}, {"type": "Feature", "properties": {"id": 881, "gap_m": 20.2, "facing": 8.3, "along": 1.0, "lat_m": 0.37, "line_a": 5969, "line_b": 6033, "type_a": "BikeOnly", "type_b": "BikeOnly", "crossing": 0}, "geometry": {"type": "LineString", "coordinates": [[335919.90625, 4679354.5], [335939.5625, 4679350.0]]}}, {"type": "Feature", "properties": {"id": 882, "gap_m": 20.2, "facing": 0.2, "along": 0.7, "lat_m": 0.26, "line_a": 4231, "line_b": 4237, "type_a": "BikeOnly", "type_b": "BikeOnly", "crossing": 0}, "geometry": {"type": "LineString", "coordinates": [[328347.75, 4700383.0], [328361.25, 4700368.0]]}}, {"type": "Feature", "properties": {"id": 883, "gap_m": 20.2, "facing": 0.3, "along": 1.8, "lat_m": 0.63, "line_a": 4373, "line_b": 4379, "type_a": "BikeOnly", "type_b": "BikeOnly", "crossing": 0}, "geometry": {"type": "LineString", "coordinates": [[328261.65625, 4689430.0], [328277.09375, 4689443.0]]}}, {"type": "Feature", "properties": {"id": 884, "gap_m": 20.2, "facing": 4.9, "along": 0.4, "lat_m": 0.16, "line_a": 3670, "line_b": 3923, "type_a": "Sharrow", "type_b": "Sharrow", "crossing": 0}, "geometry": {"type": "LineString", "coordinates": [[326935.1875, 4678886.0], [326951.09375, 4678898.5]]}}, {"type": "Feature", "properties": {"id": 885, "gap_m": 20.3, "facing": 0.4, "along": 0.6, "lat_m": 0.23, "line_a": 3330, "line_b": 3332, "type_a": "Sharrow", "type_b": "Sharrow", "crossing": 0}, "geometry": {"type": "LineString", "coordinates": [[325769.09375, 4690102.5], [325749.90625, 4690096.0]]}}, {"type": "Feature", "properties": {"id": 886, "gap_m": 20.3, "facing": 0.5, "along": 0.8, "lat_m": 0.27, "line_a": 581, "line_b": 633, "type_a": "BikeOnly", "type_b": "BikeOnly", "crossing": 0}, "geometry": {"type": "LineString", "coordinates": [[313475.40625, 4687945.5], [313481.09375, 4687965.0]]}}, {"type": "Feature", "properties": {"id": 887, "gap_m": 20.4, "facing": 0.1, "along": 0.4, "lat_m": 0.15, "line_a": 2834, "line_b": 2838, "type_a": "BikeOnly", "type_b": "BikeOnly", "crossing": 0}, "geometry": {"type": "LineString", "coordinates": [[324612.0, 4683851.5], [324598.8125, 4683836.0]]}}, {"type": "Feature", "properties": {"id": 888, "gap_m": 20.4, "facing": 6.3, "along": 1.0, "lat_m": 0.34, "line_a": 763, "line_b": 764, "type_a": "Sharrow", "type_b": "Sharrow", "crossing": 0}, "geometry": {"type": "LineString", "coordinates": [[315051.75, 4699612.0], [315067.5, 4699625.0]]}}, {"type": "Feature", "properties": {"id": 889, "gap_m": 20.5, "facing": 1.2, "along": 0.1, "lat_m": 0.03, "line_a": 1362, "line_b": 1454, "type_a": "Sharrow", "type_b": "Sharrow", "crossing": 0}, "geometry": {"type": "LineString", "coordinates": [[318527.84375, 4690765.0], [318548.25, 4690766.5]]}}, {"type": "Feature", "properties": {"id": 890, "gap_m": 20.5, "facing": 1.1, "along": 1.0, "lat_m": 0.37, "line_a": 6735, "line_b": 6738, "type_a": "BikeOnly", "type_b": "Sharrow", "crossing": 0}, "geometry": {"type": "LineString", "coordinates": [[345733.5, 4714989.0], [345725.84375, 4715008.0]]}}, {"type": "Feature", "properties": {"id": 891, "gap_m": 20.5, "facing": 1.1, "along": 0.3, "lat_m": 0.09, "line_a": 485, "line_b": 496, "type_a": "Sharrow", "type_b": "Sharrow", "crossing": 0}, "geometry": {"type": "LineString", "coordinates": [[311327.25, 4683807.5], [311327.6875, 4683787.0]]}}, {"type": "Feature", "properties": {"id": 892, "gap_m": 20.5, "facing": 0.1, "along": 0.2, "lat_m": 0.08, "line_a": 6044, "line_b": 6050, "type_a": "Sharrow", "type_b": "Sharrow", "crossing": 0}, "geometry": {"type": "LineString", "coordinates": [[336739.1875, 4704064.5], [336731.40625, 4704045.5]]}}, {"type": "Feature", "properties": {"id": 893, "gap_m": 20.5, "facing": 4.3, "along": 1.9, "lat_m": 0.69, "line_a": 7102, "line_b": 7105, "type_a": "BikeOnly", "type_b": "BikeOnly", "crossing": 0}, "geometry": {"type": "LineString", "coordinates": [[290550.75, 4690878.0], [290549.5625, 4690857.5]]}}, {"type": "Feature", "properties": {"id": 894, "gap_m": 20.5, "facing": 0.9, "along": 0.8, "lat_m": 0.3, "line_a": 6928, "line_b": 6934, "type_a": "Sharrow", "type_b": "Sharrow", "crossing": 0}, "geometry": {"type": "LineString", "coordinates": [[349937.40625, 4676825.5], [349948.9375, 4676808.5]]}}, {"type": "Feature", "properties": {"id": 895, "gap_m": 20.6, "facing": 0.0, "along": 1.0, "lat_m": 0.37, "line_a": 5745, "line_b": 5803, "type_a": "Sharrow", "type_b": "Sharrow", "crossing": 0}, "geometry": {"type": "LineString", "coordinates": [[333663.75, 4694154.5], [333682.5, 4694163.0]]}}, {"type": "Feature", "properties": {"id": 896, "gap_m": 20.6, "facing": 0.7, "along": 0.2, "lat_m": 0.09, "line_a": 2519, "line_b": 2523, "type_a": "Sharrow", "type_b": "Sharrow", "crossing": 0}, "geometry": {"type": "LineString", "coordinates": [[324054.4375, 4691986.0], [324047.6875, 4691966.5]]}}, {"type": "Feature", "properties": {"id": 897, "gap_m": 20.6, "facing": 1.0, "along": 0.8, "lat_m": 0.3, "line_a": 2715, "line_b": 2719, "type_a": "BikeOnly", "type_b": "BikeOnly", "crossing": 0}, "geometry": {"type": "LineString", "coordinates": [[324604.9375, 4696201.0], [324591.3125, 4696216.5]]}}, {"type": "Feature", "properties": {"id": 898, "gap_m": 20.7, "facing": 2.5, "along": 1.5, "lat_m": 0.55, "line_a": 5672, "line_b": 5677, "type_a": "BikeOnly", "type_b": "BikeOnly", "crossing": 0}, "geometry": {"type": "LineString", "coordinates": [[333004.0625, 4679495.0], [332985.4375, 4679504.0]]}}, {"type": "Feature", "properties": {"id": 899, "gap_m": 20.8, "facing": 0.2, "along": 0.3, "lat_m": 0.11, "line_a": 947, "line_b": 1043, "type_a": "Sharrow", "type_b": "Sharrow", "crossing": 0}, "geometry": {"type": "LineString", "coordinates": [[316380.90625, 4703051.5], [316397.09375, 4703064.5]]}}, {"type": "Feature", "properties": {"id": 900, "gap_m": 20.8, "facing": 1.5, "along": 0.4, "lat_m": 0.16, "line_a": 6122, "line_b": 6132, "type_a": "Sharrow", "type_b": "Sharrow", "crossing": 0}, "geometry": {"type": "LineString", "coordinates": [[337752.4375, 4693323.5], [337760.84375, 4693304.5]]}}, {"type": "Feature", "properties": {"id": 901, "gap_m": 20.8, "facing": 0.1, "along": 0.2, "lat_m": 0.06, "line_a": 4485, "line_b": 4716, "type_a": "Sharrow", "type_b": "Sharrow", "crossing": 0}, "geometry": {"type": "LineString", "coordinates": [[328473.90625, 4680356.5], [328485.90625, 4680339.5]]}}, {"type": "Feature", "properties": {"id": 902, "gap_m": 20.8, "facing": 0.6, "along": 0.1, "lat_m": 0.04, "line_a": 3985, "line_b": 3986, "type_a": "BikeOnly", "type_b": "BikeOnly", "crossing": 0}, "geometry": {"type": "LineString", "coordinates": [[327540.0, 4695621.0], [327556.65625, 4695608.5]]}}, {"type": "Feature", "properties": {"id": 903, "gap_m": 20.9, "facing": 0.6, "along": 0.8, "lat_m": 0.29, "line_a": 1179, "line_b": 1264, "type_a": "Sharrow", "type_b": "Sharrow", "crossing": 0}, "geometry": {"type": "LineString", "coordinates": [[317504.6875, 4698271.0], [317524.1875, 4698263.5]]}}, {"type": "Feature", "properties": {"id": 904, "gap_m": 20.9, "facing": 0.1, "along": 0.0, "lat_m": 0.0, "line_a": 147, "line_b": 150, "type_a": "BikeOnly", "type_b": "BikeOnly", "crossing": 0}, "geometry": {"type": "LineString", "coordinates": [[300193.5, 4684554.5], [300203.25, 4684536.0]]}}, {"type": "Feature", "properties": {"id": 905, "gap_m": 21.0, "facing": 0.4, "along": 0.4, "lat_m": 0.14, "line_a": 4099, "line_b": 4103, "type_a": "Sharrow", "type_b": "Sharrow", "crossing": 0}, "geometry": {"type": "LineString", "coordinates": [[327467.6875, 4686922.5], [327472.1875, 4686943.0]]}}, {"type": "Feature", "properties": {"id": 906, "gap_m": 21.1, "facing": 9.9, "along": 1.8, "lat_m": 0.64, "line_a": 7141, "line_b": 7143, "type_a": "Sharrow", "type_b": "BikeOnly", "crossing": 0}, "geometry": {"type": "LineString", "coordinates": [[292072.1875, 4697767.0], [292077.0, 4697787.5]]}}, {"type": "Feature", "properties": {"id": 907, "gap_m": 21.1, "facing": 0.2, "along": 0.9, "lat_m": 0.34, "line_a": 5973, "line_b": 5976, "type_a": "BikeOnly", "type_b": "BikeOnly", "crossing": 0}, "geometry": {"type": "LineString", "coordinates": [[335582.5625, 4679427.0], [335561.84375, 4679431.0]]}}, {"type": "Feature", "properties": {"id": 908, "gap_m": 21.2, "facing": 0.1, "along": 0.3, "lat_m": 0.12, "line_a": 4156, "line_b": 4158, "type_a": "BikeOnly", "type_b": "BikeOnly", "crossing": 0}, "geometry": {"type": "LineString", "coordinates": [[327728.40625, 4682902.0], [327741.0, 4682919.0]]}}, {"type": "Feature", "properties": {"id": 909, "gap_m": 21.2, "facing": 0.4, "along": 0.9, "lat_m": 0.32, "line_a": 1017, "line_b": 1130, "type_a": "BikeOnly", "type_b": "BikeOnly", "crossing": 0}, "geometry": {"type": "LineString", "coordinates": [[316357.9375, 4685607.5], [316375.0625, 4685620.0]]}}, {"type": "Feature", "properties": {"id": 910, "gap_m": 21.2, "facing": 0.1, "along": 0.4, "lat_m": 0.13, "line_a": 2521, "line_b": 2525, "type_a": "Sharrow", "type_b": "Sharrow", "crossing": 0}, "geometry": {"type": "LineString", "coordinates": [[324075.4375, 4692046.0], [324082.5, 4692066.0]]}}, {"type": "Feature", "properties": {"id": 911, "gap_m": 21.2, "facing": 0.4, "along": 0.5, "lat_m": 0.19, "line_a": 543, "line_b": 549, "type_a": "Sharrow", "type_b": "Sharrow", "crossing": 0}, "geometry": {"type": "LineString", "coordinates": [[312707.6875, 4706605.0], [312704.5625, 4706626.0]]}}, {"type": "Feature", "properties": {"id": 912, "gap_m": 21.3, "facing": 0.8, "along": 0.2, "lat_m": 0.08, "line_a": 6265, "line_b": 6266, "type_a": "Sharrow", "type_b": "Sharrow", "crossing": 0}, "geometry": {"type": "LineString", "coordinates": [[339231.75, 4705092.0], [339222.15625, 4705111.0]]}}, {"type": "Feature", "properties": {"id": 913, "gap_m": 21.3, "facing": 1.4, "along": 2.1, "lat_m": 0.77, "line_a": 6874, "line_b": 6876, "type_a": "BikeOnly", "type_b": "BikeOnly", "crossing": 0}, "geometry": {"type": "LineString", "coordinates": [[347288.40625, 4712877.5], [347308.34375, 4712885.0]]}}, {"type": "Feature", "properties": {"id": 914, "gap_m": 21.3, "facing": 0.5, "along": 0.0, "lat_m": 0.0, "line_a": 4058, "line_b": 4062, "type_a": "Sharrow", "type_b": "Sharrow", "crossing": 0}, "geometry": {"type": "LineString", "coordinates": [[327815.25, 4690538.0], [327836.5625, 4690538.0]]}}, {"type": "Feature", "properties": {"id": 915, "gap_m": 21.3, "facing": 2.8, "along": 0.5, "lat_m": 0.19, "line_a": 2048, "line_b": 2194, "type_a": "BikeOnly", "type_b": "BikeOnly", "crossing": 0}, "geometry": {"type": "LineString", "coordinates": [[322687.8125, 4691685.5], [322707.15625, 4691676.5]]}}, {"type": "Feature", "properties": {"id": 916, "gap_m": 21.3, "facing": 0.4, "along": 1.3, "lat_m": 0.49, "line_a": 4454, "line_b": 4461, "type_a": "BikeOnly", "type_b": "BikeOnly", "crossing": 0}, "geometry": {"type": "LineString", "coordinates": [[328324.9375, 4683389.5], [328305.59375, 4683380.5]]}}, {"type": "Feature", "properties": {"id": 917, "gap_m": 21.3, "facing": 2.7, "along": 0.8, "lat_m": 0.3, "line_a": 3056, "line_b": 3058, "type_a": "Sharrow", "type_b": "Sharrow", "crossing": 0}, "geometry": {"type": "LineString", "coordinates": [[325165.9375, 4690170.5], [325178.84375, 4690187.5]]}}, {"type": "Feature", "properties": {"id": 918, "gap_m": 21.4, "facing": 1.1, "along": 0.1, "lat_m": 0.02, "line_a": 5787, "line_b": 5788, "type_a": "Sharrow", "type_b": "Sharrow", "crossing": 0}, "geometry": {"type": "LineString", "coordinates": [[334141.1875, 4698455.0], [334160.5625, 4698446.0]]}}, {"type": "Feature", "properties": {"id": 919, "gap_m": 21.4, "facing": 0.3, "along": 0.4, "lat_m": 0.16, "line_a": 3040, "line_b": 3314, "type_a": "BikeOnly", "type_b": "BikeOnly", "crossing": 0}, "geometry": {"type": "LineString", "coordinates": [[325617.4375, 4690969.0], [325638.4375, 4690965.0]]}}, {"type": "Feature", "properties": {"id": 920, "gap_m": 21.4, "facing": 0.1, "along": 1.7, "lat_m": 0.65, "line_a": 1285, "line_b": 1383, "type_a": "BikeOnly", "type_b": "BikeOnly", "crossing": 0}, "geometry": {"type": "LineString", "coordinates": [[318080.6875, 4689690.5], [318100.34375, 4689699.0]]}}, {"type": "Feature", "properties": {"id": 921, "gap_m": 21.5, "facing": 0.2, "along": 2.3, "lat_m": 0.87, "line_a": 1789, "line_b": 1792, "type_a": "Sharrow", "type_b": "BikeOnly", "crossing": 0}, "geometry": {"type": "LineString", "coordinates": [[321339.0, 4695861.0], [321358.9375, 4695853.0]]}}, {"type": "Feature", "properties": {"id": 922, "gap_m": 21.5, "facing": 0.1, "along": 0.7, "lat_m": 0.28, "line_a": 5209, "line_b": 5217, "type_a": "BikeOnly", "type_b": "BikeOnly", "crossing": 0}, "geometry": {"type": "LineString", "coordinates": [[330525.90625, 4687740.5], [330525.90625, 4687719.0]]}}, {"type": "Feature", "properties": {"id": 923, "gap_m": 21.5, "facing": 0.2, "along": 0.3, "lat_m": 0.1, "line_a": 5555, "line_b": 5559, "type_a": "BikeOnly", "type_b": "BikeOnly", "crossing": 0}, "geometry": {"type": "LineString", "coordinates": [[332116.8125, 4694213.5], [332116.65625, 4694192.0]]}}, {"type": "Feature", "properties": {"id": 924, "gap_m": 21.5, "facing": 0.3, "along": 0.3, "lat_m": 0.13, "line_a": 1870, "line_b": 1880, "type_a": "BikeOnly", "type_b": "BikeOnly", "crossing": 0}, "geometry": {"type": "LineString", "coordinates": [[284907.59375, 4692446.5], [284890.0625, 4692434.0]]}}, {"type": "Feature", "properties": {"id": 925, "gap_m": 21.5, "facing": 0.1, "along": 0.1, "lat_m": 0.03, "line_a": 4813, "line_b": 4826, "type_a": "BikeOnly", "type_b": "BikeOnly", "crossing": 0}, "geometry": {"type": "LineString", "coordinates": [[329205.3125, 4693095.0], [329225.84375, 4693088.5]]}}, {"type": "Feature", "properties": {"id": 926, "gap_m": 21.6, "facing": 0.7, "along": 1.5, "lat_m": 0.56, "line_a": 5799, "line_b": 5805, "type_a": "Sharrow", "type_b": "Sharrow", "crossing": 0}, "geometry": {"type": "LineString", "coordinates": [[334124.25, 4694372.5], [334104.90625, 4694363.0]]}}, {"type": "Feature", "properties": {"id": 927, "gap_m": 21.6, "facing": 0.6, "along": 0.7, "lat_m": 0.27, "line_a": 4619, "line_b": 4621, "type_a": "BikeOnly", "type_b": "BikeOnly", "crossing": 0}, "geometry": {"type": "LineString", "coordinates": [[328902.3125, 4690102.5], [328887.3125, 4690087.0]]}}, {"type": "Feature", "properties": {"id": 928, "gap_m": 21.6, "facing": 0.2, "along": 0.2, "lat_m": 0.08, "line_a": 102, "line_b": 106, "type_a": "BikeOnly", "type_b": "BikeOnly", "crossing": 0}, "geometry": {"type": "LineString", "coordinates": [[299281.9375, 4683243.0], [299260.34375, 4683242.5]]}}, {"type": "Feature", "properties": {"id": 929, "gap_m": 21.6, "facing": 0.2, "along": 0.4, "lat_m": 0.15, "line_a": 3149, "line_b": 3150, "type_a": "BikeOnly", "type_b": "BikeOnly", "crossing": 0}, "geometry": {"type": "LineString", "coordinates": [[325078.8125, 4684412.0], [325064.84375, 4684395.5]]}}, {"type": "Feature", "properties": {"id": 930, "gap_m": 21.7, "facing": 0.2, "along": 0.0, "lat_m": 0.0, "line_a": 6753, "line_b": 6754, "type_a": "BikeOnly", "type_b": "BikeOnly", "crossing": 0}, "geometry": {"type": "LineString", "coordinates": [[345405.90625, 4713750.5], [345411.3125, 4713729.5]]}}, {"type": "Feature", "properties": {"id": 931, "gap_m": 21.7, "facing": 0.2, "along": 0.9, "lat_m": 0.34, "line_a": 2148, "line_b": 2291, "type_a": "BikeOnly", "type_b": "BikeOnly", "crossing": 0}, "geometry": {"type": "LineString", "coordinates": [[323244.4375, 4697636.5], [323252.84375, 4697616.5]]}}, {"type": "Feature", "properties": {"id": 932, "gap_m": 21.7, "facing": 5.1, "along": 1.6, "lat_m": 0.62, "line_a": 3347, "line_b": 3363, "type_a": "BikeOnly", "type_b": "BikeOnly", "crossing": 0}, "geometry": {"type": "LineString", "coordinates": [[326090.84375, 4688354.5], [326087.84375, 4688333.0]]}}, {"type": "Feature", "properties": {"id": 933, "gap_m": 21.8, "facing": 0.2, "along": 0.1, "lat_m": 0.05, "line_a": 6819, "line_b": 6823, "type_a": "BikeOnly", "type_b": "BikeOnly", "crossing": 0}, "geometry": {"type": "LineString", "coordinates": [[345940.1875, 4716629.0], [345920.5625, 4716619.5]]}}, {"type": "Feature", "properties": {"id": 934, "gap_m": 21.8, "facing": 0.1, "along": 2.5, "lat_m": 0.94, "line_a": 3239, "line_b": 3244, "type_a": "BikeOnly", "type_b": "BikeOnly", "crossing": 0}, "geometry": {"type": "LineString", "coordinates": [[325963.5, 4697340.5], [325975.8125, 4697358.5]]}}, {"type": "Feature", "properties": {"id": 935, "gap_m": 21.8, "facing": 0.3, "along": 0.3, "lat_m": 0.12, "line_a": 6707, "line_b": 6709, "type_a": "BikeOnly", "type_b": "BikeOnly", "crossing": 0}, "geometry": {"type": "LineString", "coordinates": [[344903.5625, 4684500.0], [344897.5625, 4684521.0]]}}, {"type": "Feature", "properties": {"id": 936, "gap_m": 21.9, "facing": 0.6, "along": 1.6, "lat_m": 0.61, "line_a": 5801, "line_b": 5802, "type_a": "Sharrow", "type_b": "Sharrow", "crossing": 0}, "geometry": {"type": "LineString", "coordinates": [[334129.34375, 4694360.0], [334109.40625, 4694351.0]]}}, {"type": "Feature", "properties": {"id": 937, "gap_m": 22.0, "facing": 1.8, "along": 1.5, "lat_m": 0.58, "line_a": 6553, "line_b": 6556, "type_a": "BikeOnly", "type_b": "BikeOnly", "crossing": 0}, "geometry": {"type": "LineString", "coordinates": [[343820.5625, 4710058.0], [343834.5, 4710041.0]]}}, {"type": "Feature", "properties": {"id": 938, "gap_m": 22.0, "facing": 0.3, "along": 0.2, "lat_m": 0.09, "line_a": 3417, "line_b": 3629, "type_a": "Sharrow", "type_b": "Sharrow", "crossing": 0}, "geometry": {"type": "LineString", "coordinates": [[326155.65625, 4685763.0], [326169.0, 4685780.5]]}}, {"type": "Feature", "properties": {"id": 939, "gap_m": 22.0, "facing": 1.3, "along": 1.9, "lat_m": 0.73, "line_a": 4600, "line_b": 4604, "type_a": "BikeOnly", "type_b": "BikeOnly", "crossing": 0}, "geometry": {"type": "LineString", "coordinates": [[328697.6875, 4692067.0], [328675.8125, 4692069.5]]}}, {"type": "Feature", "properties": {"id": 940, "gap_m": 22.1, "facing": 0.4, "along": 0.4, "lat_m": 0.16, "line_a": 6779, "line_b": 6781, "type_a": "BikeOnly", "type_b": "BikeOnly", "crossing": 0}, "geometry": {"type": "LineString", "coordinates": [[345474.15625, 4712948.0], [345480.90625, 4712969.0]]}}, {"type": "Feature", "properties": {"id": 941, "gap_m": 22.1, "facing": 0.2, "along": 1.0, "lat_m": 0.39, "line_a": 2905, "line_b": 2909, "type_a": "BikeOnly", "type_b": "BikeOnly", "crossing": 0}, "geometry": {"type": "LineString", "coordinates": [[325190.5625, 4698785.0], [325168.5, 4698784.0]]}}, {"type": "Feature", "properties": {"id": 942, "gap_m": 22.1, "facing": 10.8, "along": 0.4, "lat_m": 0.15, "line_a": 6380, "line_b": 6383, "type_a": "BikeOnly", "type_b": "BikeOnly", "crossing": 0}, "geometry": {"type": "LineString", "coordinates": [[340877.6875, 4703114.0], [340856.5625, 4703107.5]]}}, {"type": "Feature", "properties": {"id": 943, "gap_m": 22.1, "facing": 0.3, "along": 0.6, "lat_m": 0.23, "line_a": 515, "line_b": 518, "type_a": "Sharrow", "type_b": "Sharrow", "crossing": 0}, "geometry": {"type": "LineString", "coordinates": [[311926.65625, 4687463.5], [311906.25, 4687472.0]]}}, {"type": "Feature", "properties": {"id": 944, "gap_m": 22.1, "facing": 0.3, "along": 0.7, "lat_m": 0.25, "line_a": 715, "line_b": 719, "type_a": "BikeOnly", "type_b": "BikeOnly", "crossing": 0}, "geometry": {"type": "LineString", "coordinates": [[314155.5, 4688449.0], [314175.90625, 4688457.5]]}}, {"type": "Feature", "properties": {"id": 945, "gap_m": 22.2, "facing": 1.4, "along": 1.4, "lat_m": 0.55, "line_a": 2830, "line_b": 2836, "type_a": "BikeOnly", "type_b": "BikeOnly", "crossing": 0}, "geometry": {"type": "LineString", "coordinates": [[324709.1875, 4683965.0], [324694.9375, 4683948.0]]}}, {"type": "Feature", "properties": {"id": 946, "gap_m": 22.2, "facing": 0.9, "along": 2.4, "lat_m": 0.93, "line_a": 4573, "line_b": 4579, "type_a": "BikeOnly", "type_b": "BikeOnly", "crossing": 0}, "geometry": {"type": "LineString", "coordinates": [[328729.0625, 4694809.5], [328708.34375, 4694817.5]]}}, {"type": "Feature", "properties": {"id": 947, "gap_m": 22.2, "facing": 3.7, "along": 2.6, "lat_m": 1.0, "line_a": 2685, "line_b": 2903, "type_a": "BikeOnly", "type_b": "BikeOnly", "crossing": 0}, "geometry": {"type": "LineString", "coordinates": [[325050.90625, 4698788.0], [325073.09375, 4698787.0]]}}, {"type": "Feature", "properties": {"id": 948, "gap_m": 22.2, "facing": 4.0, "along": 2.4, "lat_m": 0.91, "line_a": 4134, "line_b": 4138, "type_a": "BikeOnly", "type_b": "BikeOnly", "crossing": 0}, "geometry": {"type": "LineString", "coordinates": [[327386.6875, 4684502.0], [327373.65625, 4684484.0]]}}, {"type": "Feature", "properties": {"id": 949, "gap_m": 22.2, "facing": 0.5, "along": 2.0, "lat_m": 0.76, "line_a": 2901, "line_b": 2911, "type_a": "BikeOnly", "type_b": "BikeOnly", "crossing": 0}, "geometry": {"type": "LineString", "coordinates": [[325073.40625, 4698785.5], [325051.1875, 4698786.0]]}}, {"type": "Feature", "properties": {"id": 950, "gap_m": 22.2, "facing": 0.0, "along": 0.4, "lat_m": 0.17, "line_a": 1610, "line_b": 1612, "type_a": "Sharrow", "type_b": "Sharrow", "crossing": 0}, "geometry": {"type": "LineString", "coordinates": [[319916.09375, 4694203.0], [319921.8125, 4694224.5]]}}, {"type": "Feature", "properties": {"id": 951, "gap_m": 22.4, "facing": 0.2, "along": 0.5, "lat_m": 0.19, "line_a": 1785, "line_b": 1787, "type_a": "BikeOnly", "type_b": "BikeOnly", "crossing": 0}, "geometry": {"type": "LineString", "coordinates": [[321409.34375, 4697402.0], [321389.84375, 4697413.0]]}}, {"type": "Feature", "properties": {"id": 952, "gap_m": 22.4, "facing": 0.4, "along": 0.4, "lat_m": 0.17, "line_a": 2535, "line_b": 2539, "type_a": "BikeOnly", "type_b": "BikeOnly", "crossing": 0}, "geometry": {"type": "LineString", "coordinates": [[324223.1875, 4691388.5], [324203.40625, 4691378.0]]}}, {"type": "Feature", "properties": {"id": 953, "gap_m": 22.5, "facing": 0.2, "along": 0.0, "lat_m": 0.0, "line_a": 5568, "line_b": 5572, "type_a": "BikeOnly", "type_b": "BikeOnly", "crossing": 0}, "geometry": {"type": "LineString", "coordinates": [[332123.5625, 4693255.5], [332123.5625, 4693233.0]]}}, {"type": "Feature", "properties": {"id": 954, "gap_m": 22.5, "facing": 0.2, "along": 0.2, "lat_m": 0.1, "line_a": 2020, "line_b": 2022, "type_a": "Sharrow", "type_b": "Sharrow", "crossing": 0}, "geometry": {"type": "LineString", "coordinates": [[322496.09375, 4693058.0], [322496.09375, 4693080.5]]}}, {"type": "Feature", "properties": {"id": 955, "gap_m": 22.5, "facing": 0.6, "along": 0.9, "lat_m": 0.35, "line_a": 3492, "line_b": 3496, "type_a": "Sharrow", "type_b": "Sharrow", "crossing": 0}, "geometry": {"type": "LineString", "coordinates": [[326323.9375, 4699116.0], [326346.4375, 4699115.5]]}}, {"type": "Feature", "properties": {"id": 956, "gap_m": 22.5, "facing": 1.2, "along": 0.4, "lat_m": 0.16, "line_a": 5837, "line_b": 5838, "type_a": "BikeOnly", "type_b": "BikeOnly", "crossing": 0}, "geometry": {"type": "LineString", "coordinates": [[334054.9375, 4668797.0], [334055.5625, 4668774.5]]}}, {"type": "Feature", "properties": {"id": 957, "gap_m": 22.5, "facing": 4.6, "along": 2.3, "lat_m": 0.92, "line_a": 3826, "line_b": 3828, "type_a": "BikeOnly", "type_b": "BikeOnly", "crossing": 0}, "geometry": {"type": "LineString", "coordinates": [[327147.90625, 4688759.0], [327168.75, 4688750.5]]}}, {"type": "Feature", "properties": {"id": 958, "gap_m": 22.5, "facing": 0.4, "along": 0.3, "lat_m": 0.14, "line_a": 2693, "line_b": 2698, "type_a": "Sharrow", "type_b": "Sharrow", "crossing": 0}, "geometry": {"type": "LineString", "coordinates": [[324633.0, 4698384.5], [324649.34375, 4698369.0]]}}, {"type": "Feature", "properties": {"id": 959, "gap_m": 22.5, "facing": 0.1, "along": 0.6, "lat_m": 0.23, "line_a": 6525, "line_b": 6530, "type_a": "BikeOnly", "type_b": "BikeOnly", "crossing": 0}, "geometry": {"type": "LineString", "coordinates": [[343371.15625, 4710399.0], [343351.5, 4710410.0]]}}, {"type": "Feature", "properties": {"id": 960, "gap_m": 22.5, "facing": 0.2, "along": 0.8, "lat_m": 0.33, "line_a": 5124, "line_b": 5125, "type_a": "BikeOnly", "type_b": "BikeOnly", "crossing": 0}, "geometry": {"type": "LineString", "coordinates": [[329748.4375, 4679589.0], [329767.1875, 4679601.5]]}}, {"type": "Feature", "properties": {"id": 961, "gap_m": 22.6, "facing": 0.6, "along": 0.6, "lat_m": 0.24, "line_a": 6030, "line_b": 6034, "type_a": "BikeOnly", "type_b": "BikeOnly", "crossing": 0}, "geometry": {"type": "LineString", "coordinates": [[336143.84375, 4679332.5], [336122.25, 4679339.0]]}}, {"type": "Feature", "properties": {"id": 962, "gap_m": 22.6, "facing": 3.8, "along": 1.6, "lat_m": 0.64, "line_a": 4620, "line_b": 4878, "type_a": "BikeOnly", "type_b": "BikeOnly", "crossing": 0}, "geometry": {"type": "LineString", "coordinates": [[329046.15625, 4690569.0], [329067.59375, 4690576.0]]}}, {"type": "Feature", "properties": {"id": 963, "gap_m": 22.6, "facing": 1.2, "along": 1.7, "lat_m": 0.67, "line_a": 2391, "line_b": 2395, "type_a": "Sharrow", "type_b": "Sharrow", "crossing": 0}, "geometry": {"type": "LineString", "coordinates": [[323646.3125, 4689512.0], [323624.40625, 4689506.5]]}}, {"type": "Feature", "properties": {"id": 964, "gap_m": 22.7, "facing": 0.2, "along": 0.2, "lat_m": 0.07, "line_a": 175, "line_b": 192, "type_a": "BikeOnly", "type_b": "BikeOnly", "crossing": 0}, "geometry": {"type": "LineString", "coordinates": [[300510.59375, 4683950.5], [300499.8125, 4683970.5]]}}, {"type": "Feature", "properties": {"id": 965, "gap_m": 22.7, "facing": 3.9, "along": 0.7, "lat_m": 0.27, "line_a": 1514, "line_b": 1517, "type_a": "Sharrow", "type_b": "Sharrow", "crossing": 0}, "geometry": {"type": "LineString", "coordinates": [[319758.3125, 4694749.0], [319767.0, 4694728.0]]}}, {"type": "Feature", "properties": {"id": 966, "gap_m": 22.8, "facing": 0.5, "along": 0.8, "lat_m": 0.31, "line_a": 982, "line_b": 984, "type_a": "Sharrow", "type_b": "Sharrow", "crossing": 0}, "geometry": {"type": "LineString", "coordinates": [[315910.8125, 4698731.0], [315888.3125, 4698734.5]]}}, {"type": "Feature", "properties": {"id": 967, "gap_m": 22.8, "facing": 0.2, "along": 0.5, "lat_m": 0.21, "line_a": 2317, "line_b": 2321, "type_a": "BikeOnly", "type_b": "BikeOnly", "crossing": 0}, "geometry": {"type": "LineString", "coordinates": [[323624.6875, 4694238.0], [323646.90625, 4694243.0]]}}, {"type": "Feature", "properties": {"id": 968, "gap_m": 22.8, "facing": 0.3, "along": 0.2, "lat_m": 0.07, "line_a": 3954, "line_b": 3958, "type_a": "BikeOnly", "type_b": "BikeOnly", "crossing": 0}, "geometry": {"type": "LineString", "coordinates": [[327777.4375, 4698774.5], [327755.09375, 4698770.0]]}}, {"type": "Feature", "properties": {"id": 969, "gap_m": 22.8, "facing": 0.0, "along": 0.2, "lat_m": 0.07, "line_a": 514, "line_b": 516, "type_a": "Sharrow", "type_b": "Sharrow", "crossing": 0}, "geometry": {"type": "LineString", "coordinates": [[311925.3125, 4687460.0], [311904.15625, 4687468.5]]}}, {"type": "Feature", "properties": {"id": 970, "gap_m": 22.8, "facing": 0.1, "along": 0.4, "lat_m": 0.16, "line_a": 6705, "line_b": 6717, "type_a": "BikeOnly", "type_b": "BikeOnly", "crossing": 0}, "geometry": {"type": "LineString", "coordinates": [[344940.15625, 4684369.0], [344934.15625, 4684391.0]]}}, {"type": "Feature", "properties": {"id": 971, "gap_m": 22.8, "facing": 0.1, "along": 0.6, "lat_m": 0.23, "line_a": 4152, "line_b": 4159, "type_a": "BikeOnly", "type_b": "BikeOnly", "crossing": 0}, "geometry": {"type": "LineString", "coordinates": [[327474.3125, 4683093.0], [327468.15625, 4683071.0]]}}, {"type": "Feature", "properties": {"id": 972, "gap_m": 22.8, "facing": 0.9, "along": 0.4, "lat_m": 0.15, "line_a": 4557, "line_b": 4561, "type_a": "BikeOnly", "type_b": "BikeOnly", "crossing": 0}, "geometry": {"type": "LineString", "coordinates": [[328601.25, 4694861.5], [328580.25, 4694870.5]]}}, {"type": "Feature", "properties": {"id": 973, "gap_m": 22.8, "facing": 1.3, "along": 1.6, "lat_m": 0.63, "line_a": 723, "line_b": 727, "type_a": "Sharrow", "type_b": "Sharrow", "crossing": 0}, "geometry": {"type": "LineString", "coordinates": [[314427.0, 4672325.0], [314405.25, 4672318.0]]}}, {"type": "Feature", "properties": {"id": 974, "gap_m": 22.9, "facing": 3.6, "along": 0.8, "lat_m": 0.31, "line_a": 606, "line_b": 608, "type_a": "Sharrow", "type_b": "Sharrow", "crossing": 0}, "geometry": {"type": "LineString", "coordinates": [[313909.65625, 4703270.0], [313915.9375, 4703292.0]]}}, {"type": "Feature", "properties": {"id": 975, "gap_m": 22.9, "facing": 0.1, "along": 0.2, "lat_m": 0.09, "line_a": 831, "line_b": 834, "type_a": "BikeOnly", "type_b": "BikeOnly", "crossing": 0}, "geometry": {"type": "LineString", "coordinates": [[315114.0, 4670885.5], [315118.1875, 4670863.0]]}}, {"type": "Feature", "properties": {"id": 976, "gap_m": 22.9, "facing": 0.7, "along": 0.5, "lat_m": 0.21, "line_a": 1176, "line_b": 1177, "type_a": "Sharrow", "type_b": "Sharrow", "crossing": 0}, "geometry": {"type": "LineString", "coordinates": [[317230.8125, 4698383.5], [317252.09375, 4698375.0]]}}, {"type": "Feature", "properties": {"id": 977, "gap_m": 22.9, "facing": 0.5, "along": 0.1, "lat_m": 0.03, "line_a": 1316, "line_b": 1317, "type_a": "Sharrow", "type_b": "Sharrow", "crossing": 0}, "geometry": {"type": "LineString", "coordinates": [[318471.75, 4701824.0], [318494.25, 4701828.5]]}}, {"type": "Feature", "properties": {"id": 978, "gap_m": 23.0, "facing": 0.1, "along": 0.0, "lat_m": 0.01, "line_a": 4275, "line_b": 4285, "type_a": "BikeOnly", "type_b": "BikeOnly", "crossing": 0}, "geometry": {"type": "LineString", "coordinates": [[327996.75, 4695253.5], [328015.34375, 4695240.0]]}}, {"type": "Feature", "properties": {"id": 979, "gap_m": 23.0, "facing": 0.0, "along": 0.0, "lat_m": 0.0, "line_a": 4195, "line_b": 4196, "type_a": "BikeOnly", "type_b": "BikeOnly", "crossing": 0}, "geometry": {"type": "LineString", "coordinates": [[327324.3125, 4680635.0], [327324.90625, 4680658.0]]}}, {"type": "Feature", "properties": {"id": 980, "gap_m": 23.0, "facing": 1.8, "along": 1.6, "lat_m": 0.64, "line_a": 939, "line_b": 941, "type_a": "Sharrow", "type_b": "Sharrow", "crossing": 0}, "geometry": {"type": "LineString", "coordinates": [[315859.9375, 4705492.0], [315866.6875, 4705514.0]]}}, {"type": "Feature", "properties": {"id": 981, "gap_m": 23.1, "facing": 0.5, "along": 0.3, "lat_m": 0.13, "line_a": 1686, "line_b": 1688, "type_a": "BikeOnly", "type_b": "BikeOnly", "crossing": 0}, "geometry": {"type": "LineString", "coordinates": [[320537.84375, 4698544.5], [320526.3125, 4698564.5]]}}, {"type": "Feature", "properties": {"id": 982, "gap_m": 23.2, "facing": 0.2, "along": 0.1, "lat_m": 0.02, "line_a": 6615, "line_b": 6616, "type_a": "Sharrow", "type_b": "Sharrow", "crossing": 0}, "geometry": {"type": "LineString", "coordinates": [[344226.3125, 4708582.5], [344229.4375, 4708605.5]]}}, {"type": "Feature", "properties": {"id": 983, "gap_m": 23.3, "facing": 3.4, "along": 1.0, "lat_m": 0.39, "line_a": 3793, "line_b": 3801, "type_a": "BikeOnly", "type_b": "BikeOnly", "crossing": 0}, "geometry": {"type": "LineString", "coordinates": [[327187.1875, 4690598.5], [327165.15625, 4690591.0]]}}, {"type": "Feature", "properties": {"id": 984, "gap_m": 23.3, "facing": 0.1, "along": 0.5, "lat_m": 0.22, "line_a": 957, "line_b": 958, "type_a": "BikeOnly", "type_b": "BikeOnly", "crossing": 0}, "geometry": {"type": "LineString", "coordinates": [[316135.1875, 4702947.0], [316147.9375, 4702927.5]]}}, {"type": "Feature", "properties": {"id": 985, "gap_m": 23.3, "facing": 0.2, "along": 0.6, "lat_m": 0.26, "line_a": 2827, "line_b": 2834, "type_a": "BikeOnly", "type_b": "BikeOnly", "crossing": 0}, "geometry": {"type": "LineString", "coordinates": [[324708.15625, 4683966.5], [324693.3125, 4683948.5]]}}, {"type": "Feature", "properties": {"id": 986, "gap_m": 23.4, "facing": 1.4, "along": 0.5, "lat_m": 0.19, "line_a": 3491, "line_b": 3492, "type_a": "Sharrow", "type_b": "Sharrow", "crossing": 0}, "geometry": {"type": "LineString", "coordinates": [[326214.4375, 4699117.5], [326237.84375, 4699117.0]]}}, {"type": "Feature", "properties": {"id": 987, "gap_m": 23.5, "facing": 0.3, "along": 1.0, "lat_m": 0.42, "line_a": 872, "line_b": 984, "type_a": "Sharrow", "type_b": "Sharrow", "crossing": 0}, "geometry": {"type": "LineString", "coordinates": [[315685.9375, 4698777.5], [315708.75, 4698772.0]]}}, {"type": "Feature", "properties": {"id": 988, "gap_m": 23.5, "facing": 0.4, "along": 0.0, "lat_m": 0.0, "line_a": 7111, "line_b": 7117, "type_a": "BikeOnly", "type_b": "BikeOnly", "crossing": 0}, "geometry": {"type": "LineString", "coordinates": [[290604.90625, 4690111.0], [290604.90625, 4690134.5]]}}, {"type": "Feature", "properties": {"id": 989, "gap_m": 23.5, "facing": 4.5, "along": 1.8, "lat_m": 0.73, "line_a": 3514, "line_b": 3523, "type_a": "BikeOnly", "type_b": "BikeOnly", "crossing": 0}, "geometry": {"type": "LineString", "coordinates": [[326319.75, 4697773.5], [326319.3125, 4697797.0]]}}, {"type": "Feature", "properties": {"id": 990, "gap_m": 23.5, "facing": 0.1, "along": 0.0, "lat_m": 0.01, "line_a": 3771, "line_b": 3774, "type_a": "BikeOnly", "type_b": "BikeOnly", "crossing": 0}, "geometry": {"type": "LineString", "coordinates": [[326954.09375, 4692025.5], [326969.25, 4692043.5]]}}, {"type": "Feature", "properties": {"id": 991, "gap_m": 23.6, "facing": 0.2, "along": 0.6, "lat_m": 0.25, "line_a": 2215, "line_b": 2369, "type_a": "BikeOnly", "type_b": "BikeOnly", "crossing": 0}, "geometry": {"type": "LineString", "coordinates": [[323268.0, 4690954.0], [323288.5625, 4690965.5]]}}, {"type": "Feature", "properties": {"id": 992, "gap_m": 23.6, "facing": 3.9, "along": 1.3, "lat_m": 0.52, "line_a": 6165, "line_b": 6189, "type_a": "BikeOnly", "type_b": "BikeOnly", "crossing": 0}, "geometry": {"type": "LineString", "coordinates": [[338250.59375, 4671555.5], [338272.9375, 4671563.0]]}}, {"type": "Feature", "properties": {"id": 993, "gap_m": 23.6, "facing": 0.4, "along": 1.2, "lat_m": 0.49, "line_a": 4345, "line_b": 4350, "type_a": "BikeOnly", "type_b": "BikeOnly", "crossing": 0}, "geometry": {"type": "LineString", "coordinates": [[328081.65625, 4690342.0], [328074.4375, 4690364.5]]}}, {"type": "Feature", "properties": {"id": 994, "gap_m": 23.7, "facing": 0.2, "along": 0.2, "lat_m": 0.07, "line_a": 6610, "line_b": 6615, "type_a": "Sharrow", "type_b": "Sharrow", "crossing": 0}, "geometry": {"type": "LineString", "coordinates": [[344217.15625, 4708514.5], [344220.3125, 4708538.0]]}}, {"type": "Feature", "properties": {"id": 995, "gap_m": 23.8, "facing": 0.1, "along": 0.9, "lat_m": 0.35, "line_a": 174, "line_b": 180, "type_a": "BikeOnly", "type_b": "BikeOnly", "crossing": 0}, "geometry": {"type": "LineString", "coordinates": [[300507.0, 4683975.0], [300518.09375, 4683954.0]]}}, {"type": "Feature", "properties": {"id": 996, "gap_m": 23.8, "facing": 0.3, "along": 2.2, "lat_m": 0.92, "line_a": 5910, "line_b": 5911, "type_a": "BikeOnly", "type_b": "BikeOnly", "crossing": 0}, "geometry": {"type": "LineString", "coordinates": [[335022.59375, 4694546.5], [335001.0, 4694556.5]]}}, {"type": "Feature", "properties": {"id": 997, "gap_m": 23.8, "facing": 6.0, "along": 0.5, "lat_m": 0.19, "line_a": 4129, "line_b": 4131, "type_a": "BikeOnly", "type_b": "BikeOnly", "crossing": 0}, "geometry": {"type": "LineString", "coordinates": [[327755.25, 4685432.0], [327775.5, 4685419.5]]}}, {"type": "Feature", "properties": {"id": 998, "gap_m": 23.8, "facing": 1.8, "along": 2.2, "lat_m": 0.92, "line_a": 190, "line_b": 192, "type_a": "BikeOnly", "type_b": "BikeOnly", "crossing": 0}, "geometry": {"type": "LineString", "coordinates": [[300437.5625, 4684080.5], [300449.6875, 4684060.0]]}}, {"type": "Feature", "properties": {"id": 999, "gap_m": 23.8, "facing": 3.6, "along": 0.5, "lat_m": 0.2, "line_a": 4314, "line_b": 4320, "type_a": "BikeOnly", "type_b": "BikeOnly", "crossing": 0}, "geometry": {"type": "LineString", "coordinates": [[328059.90625, 4691918.0], [328050.75, 4691940.0]]}}, {"type": "Feature", "properties": {"id": 1000, "gap_m": 23.9, "facing": 0.5, "along": 0.2, "lat_m": 0.1, "line_a": 4082, "line_b": 4092, "type_a": "Sharrow", "type_b": "Sharrow", "crossing": 0}, "geometry": {"type": "LineString", "coordinates": [[327552.0, 4687550.0], [327569.6875, 4687566.0]]}}, {"type": "Feature", "properties": {"id": 1001, "gap_m": 23.9, "facing": 0.2, "along": 0.4, "lat_m": 0.18, "line_a": 4702, "line_b": 4710, "type_a": "Sharrow", "type_b": "Sharrow", "crossing": 0}, "geometry": {"type": "LineString", "coordinates": [[328713.0, 4680386.0], [328720.9375, 4680408.5]]}}, {"type": "Feature", "properties": {"id": 1002, "gap_m": 23.9, "facing": 1.4, "along": 0.4, "lat_m": 0.18, "line_a": 726, "line_b": 731, "type_a": "Sharrow", "type_b": "Sharrow", "crossing": 0}, "geometry": {"type": "LineString", "coordinates": [[314404.34375, 4672320.5], [314427.15625, 4672327.5]]}}, {"type": "Feature", "properties": {"id": 1003, "gap_m": 23.9, "facing": 0.0, "along": 0.6, "lat_m": 0.25, "line_a": 6641, "line_b": 6692, "type_a": "Sharrow", "type_b": "Sharrow", "crossing": 0}, "geometry": {"type": "LineString", "coordinates": [[344542.65625, 4707794.5], [344566.34375, 4707797.5]]}}, {"type": "Feature", "properties": {"id": 1004, "gap_m": 23.9, "facing": 2.3, "along": 0.7, "lat_m": 0.28, "line_a": 1524, "line_b": 1529, "type_a": "BikeOnly", "type_b": "BikeOnly", "crossing": 0}, "geometry": {"type": "LineString", "coordinates": [[319664.84375, 4693106.0], [319680.0, 4693087.5]]}}, {"type": "Feature", "properties": {"id": 1005, "gap_m": 24.0, "facing": 2.9, "along": 1.1, "lat_m": 0.44, "line_a": 787, "line_b": 797, "type_a": "BikeOnly", "type_b": "BikeOnly", "crossing": 0}, "geometry": {"type": "LineString", "coordinates": [[314821.5, 4685506.0], [314810.84375, 4685484.5]]}}, {"type": "Feature", "properties": {"id": 1006, "gap_m": 24.0, "facing": 0.0, "along": 0.7, "lat_m": 0.3, "line_a": 5977, "line_b": 5979, "type_a": "BikeOnly", "type_b": "BikeOnly", "crossing": 0}, "geometry": {"type": "LineString", "coordinates": [[335797.8125, 4679377.0], [335821.0625, 4679371.0]]}}, {"type": "Feature", "properties": {"id": 1007, "gap_m": 24.1, "facing": 0.3, "along": 0.8, "lat_m": 0.35, "line_a": 4432, "line_b": 4440, "type_a": "BikeOnly", "type_b": "BikeOnly", "crossing": 0}, "geometry": {"type": "LineString", "coordinates": [[328027.0625, 4685508.0], [328046.25, 4685522.5]]}}, {"type": "Feature", "properties": {"id": 1008, "gap_m": 24.1, "facing": 0.1, "along": 0.1, "lat_m": 0.03, "line_a": 4494, "line_b": 4496, "type_a": "BikeOnly", "type_b": "BikeOnly", "crossing": 0}, "geometry": {"type": "LineString", "coordinates": [[328750.8125, 4708814.0], [328764.90625, 4708794.5]]}}, {"type": "Feature", "properties": {"id": 1009, "gap_m": 24.1, "facing": 0.7, "along": 1.1, "lat_m": 0.47, "line_a": 4577, "line_b": 4580, "type_a": "BikeOnly", "type_b": "BikeOnly", "crossing": 0}, "geometry": {"type": "LineString", "coordinates": [[328789.9375, 4694592.5], [328777.1875, 4694572.0]]}}, {"type": "Feature", "properties": {"id": 1010, "gap_m": 24.2, "facing": 0.2, "along": 0.2, "lat_m": 0.1, "line_a": 2321, "line_b": 2323, "type_a": "BikeOnly", "type_b": "BikeOnly", "crossing": 0}, "geometry": {"type": "LineString", "coordinates": [[323709.90625, 4694258.0], [323733.4375, 4694263.5]]}}, {"type": "Feature", "properties": {"id": 1011, "gap_m": 24.2, "facing": 4.0, "along": 0.1, "lat_m": 0.04, "line_a": 5056, "line_b": 5058, "type_a": "BikeOnly", "type_b": "BikeOnly", "crossing": 0}, "geometry": {"type": "LineString", "coordinates": [[330081.0, 4692205.0], [330072.15625, 4692182.5]]}}, {"type": "Feature", "properties": {"id": 1012, "gap_m": 24.2, "facing": 0.5, "along": 0.3, "lat_m": 0.14, "line_a": 133, "line_b": 134, "type_a": "BikeOnly", "type_b": "BikeOnly", "crossing": 0}, "geometry": {"type": "LineString", "coordinates": [[299683.8125, 4685502.5], [299672.6875, 4685524.0]]}}, {"type": "Feature", "properties": {"id": 1013, "gap_m": 24.2, "facing": 0.3, "along": 0.6, "lat_m": 0.25, "line_a": 1910, "line_b": 1911, "type_a": "Sharrow", "type_b": "Sharrow", "crossing": 0}, "geometry": {"type": "LineString", "coordinates": [[321632.09375, 4696421.5], [321654.59375, 4696430.5]]}}, {"type": "Feature", "properties": {"id": 1014, "gap_m": 24.3, "facing": 0.4, "along": 0.2, "lat_m": 0.07, "line_a": 4623, "line_b": 4629, "type_a": "BikeOnly", "type_b": "BikeOnly", "crossing": 0}, "geometry": {"type": "LineString", "coordinates": [[328735.5, 4689929.5], [328718.6875, 4689912.0]]}}, {"type": "Feature", "properties": {"id": 1015, "gap_m": 24.3, "facing": 0.1, "along": 0.0, "lat_m": 0.01, "line_a": 3979, "line_b": 3985, "type_a": "BikeOnly", "type_b": "BikeOnly", "crossing": 0}, "geometry": {"type": "LineString", "coordinates": [[327477.0, 4695668.0], [327496.5, 4695653.5]]}}, {"type": "Feature", "properties": {"id": 1016, "gap_m": 24.3, "facing": 0.6, "along": 0.1, "lat_m": 0.03, "line_a": 3980, "line_b": 3986, "type_a": "BikeOnly", "type_b": "BikeOnly", "crossing": 0}, "geometry": {"type": "LineString", "coordinates": [[327626.84375, 4695557.0], [327607.34375, 4695571.5]]}}, {"type": "Feature", "properties": {"id": 1017, "gap_m": 24.3, "facing": 0.1, "along": 0.7, "lat_m": 0.3, "line_a": 177, "line_b": 189, "type_a": "BikeOnly", "type_b": "BikeOnly", "crossing": 0}, "geometry": {"type": "LineString", "coordinates": [[300601.34375, 4683783.5], [300589.9375, 4683805.0]]}}, {"type": "Feature", "properties": {"id": 1018, "gap_m": 24.3, "facing": 0.7, "along": 1.0, "lat_m": 0.45, "line_a": 4046, "line_b": 4047, "type_a": "BikeOnly", "type_b": "BikeOnly", "crossing": 0}, "geometry": {"type": "LineString", "coordinates": [[327840.59375, 4691054.0], [327848.5625, 4691031.0]]}}, {"type": "Feature", "properties": {"id": 1019, "gap_m": 24.4, "facing": 3.9, "along": 0.5, "lat_m": 0.2, "line_a": 1515, "line_b": 1516, "type_a": "Sharrow", "type_b": "Sharrow", "crossing": 0}, "geometry": {"type": "LineString", "coordinates": [[319761.59375, 4694750.0], [319770.90625, 4694727.5]]}}, {"type": "Feature", "properties": {"id": 1020, "gap_m": 24.4, "facing": 4.4, "along": 0.9, "lat_m": 0.39, "line_a": 3822, "line_b": 3828, "type_a": "BikeOnly", "type_b": "BikeOnly", "crossing": 0}, "geometry": {"type": "LineString", "coordinates": [[327231.0, 4688735.0], [327207.15625, 4688740.0]]}}, {"type": "Feature", "properties": {"id": 1021, "gap_m": 24.4, "facing": 0.0, "along": 0.5, "lat_m": 0.19, "line_a": 3731, "line_b": 3746, "type_a": "BikeOnly", "type_b": "BikeOnly", "crossing": 0}, "geometry": {"type": "LineString", "coordinates": [[327185.40625, 4695841.5], [327206.40625, 4695829.0]]}}, {"type": "Feature", "properties": {"id": 1022, "gap_m": 24.5, "facing": 0.7, "along": 0.6, "lat_m": 0.24, "line_a": 817, "line_b": 818, "type_a": "BikeOnly", "type_b": "BikeOnly", "crossing": 0}, "geometry": {"type": "LineString", "coordinates": [[314662.9375, 4672140.0], [314669.84375, 4672116.5]]}}, {"type": "Feature", "properties": {"id": 1023, "gap_m": 24.5, "facing": 0.0, "along": 0.2, "lat_m": 0.09, "line_a": 6217, "line_b": 6218, "type_a": "BikeOnly", "type_b": "BikeOnly", "crossing": 0}, "geometry": {"type": "LineString", "coordinates": [[338477.25, 4668829.5], [338477.6875, 4668854.0]]}}, {"type": "Feature", "properties": {"id": 1024, "gap_m": 24.5, "facing": 0.2, "along": 0.4, "lat_m": 0.16, "line_a": 4989, "line_b": 4991, "type_a": "BikeOnly", "type_b": "BikeOnly", "crossing": 0}, "geometry": {"type": "LineString", "coordinates": [[329920.34375, 4701410.5], [329921.25, 4701435.0]]}}, {"type": "Feature", "properties": {"id": 1025, "gap_m": 24.5, "facing": 0.3, "along": 2.1, "lat_m": 0.92, "line_a": 5556, "line_b": 5558, "type_a": "BikeOnly", "type_b": "BikeOnly", "crossing": 0}, "geometry": {"type": "LineString", "coordinates": [[332116.65625, 4694121.5], [332117.6875, 4694146.0]]}}, {"type": "Feature", "properties": {"id": 1026, "gap_m": 24.5, "facing": 1.4, "along": 1.5, "lat_m": 0.62, "line_a": 4434, "line_b": 4436, "type_a": "BikeOnly", "type_b": "BikeOnly", "crossing": 0}, "geometry": {"type": "LineString", "coordinates": [[328359.4375, 4685629.0], [328376.09375, 4685647.0]]}}, {"type": "Feature", "properties": {"id": 1027, "gap_m": 24.5, "facing": 7.2, "along": 1.8, "lat_m": 0.78, "line_a": 2921, "line_b": 3237, "type_a": "Sharrow", "type_b": "BikeOnly", "crossing": 0}, "geometry": {"type": "LineString", "coordinates": [[325573.65625, 4697511.5], [325591.34375, 4697494.5]]}}, {"type": "Feature", "properties": {"id": 1028, "gap_m": 24.5, "facing": 0.3, "along": 0.2, "lat_m": 0.08, "line_a": 5798, "line_b": 5803, "type_a": "Sharrow", "type_b": "Sharrow", "crossing": 0}, "geometry": {"type": "LineString", "coordinates": [[333852.0, 4694243.5], [333829.8125, 4694233.0]]}}, {"type": "Feature", "properties": {"id": 1029, "gap_m": 24.5, "facing": 1.1, "along": 1.0, "lat_m": 0.42, "line_a": 5662, "line_b": 5665, "type_a": "BikeOnly", "type_b": "BikeOnly", "crossing": 0}, "geometry": {"type": "LineString", "coordinates": [[332611.5, 4680063.5], [332633.6875, 4680053.0]]}}, {"type": "Feature", "properties": {"id": 1030, "gap_m": 24.6, "facing": 3.1, "along": 1.9, "lat_m": 0.84, "line_a": 2390, "line_b": 2396, "type_a": "BikeOnly", "type_b": "BikeOnly", "crossing": 0}, "geometry": {"type": "LineString", "coordinates": [[323788.34375, 4689929.0], [323808.15625, 4689914.5]]}}, {"type": "Feature", "properties": {"id": 1031, "gap_m": 24.6, "facing": 0.0, "along": 0.4, "lat_m": 0.16, "line_a": 2826, "line_b": 2837, "type_a": "BikeOnly", "type_b": "BikeOnly", "crossing": 0}, "geometry": {"type": "LineString", "coordinates": [[324851.25, 4684135.5], [324835.65625, 4684116.5]]}}, {"type": "Feature", "properties": {"id": 1032, "gap_m": 24.6, "facing": 0.1, "along": 0.5, "lat_m": 0.22, "line_a": 4610, "line_b": 4851, "type_a": "BikeOnly", "type_b": "BikeOnly", "crossing": 0}, "geometry": {"type": "LineString", "coordinates": [[329005.8125, 4690977.5], [329029.0625, 4690985.5]]}}, {"type": "Feature", "properties": {"id": 1033, "gap_m": 24.6, "facing": 0.1, "along": 0.8, "lat_m": 0.33, "line_a": 4920, "line_b": 4921, "type_a": "Sharrow", "type_b": "Sharrow", "crossing": 0}, "geometry": {"type": "LineString", "coordinates": [[329318.09375, 4685497.0], [329299.34375, 4685513.0]]}}, {"type": "Feature", "properties": {"id": 1034, "gap_m": 24.7, "facing": 0.1, "along": 0.7, "lat_m": 0.29, "line_a": 3033, "line_b": 3041, "type_a": "Sharrow", "type_b": "Sharrow", "crossing": 0}, "geometry": {"type": "LineString", "coordinates": [[325274.5625, 4690790.0], [325277.5625, 4690765.5]]}}, {"type": "Feature", "properties": {"id": 1035, "gap_m": 24.7, "facing": 0.2, "along": 2.2, "lat_m": 0.93, "line_a": 1396, "line_b": 1405, "type_a": "BikeOnly", "type_b": "BikeOnly", "crossing": 0}, "geometry": {"type": "LineString", "coordinates": [[318215.84375, 4688394.0], [318209.84375, 4688370.0]]}}, {"type": "Feature", "properties": {"id": 1036, "gap_m": 24.8, "facing": 1.3, "along": 1.1, "lat_m": 0.49, "line_a": 1542, "line_b": 1544, "type_a": "BikeOnly", "type_b": "BikeOnly", "crossing": 0}, "geometry": {"type": "LineString", "coordinates": [[319672.8125, 4689432.5], [319697.5625, 4689433.5]]}}, {"type": "Feature", "properties": {"id": 1037, "gap_m": 24.8, "facing": 0.0, "along": 0.3, "lat_m": 0.15, "line_a": 3895, "line_b": 3896, "type_a": "BikeOnly", "type_b": "BikeOnly", "crossing": 0}, "geometry": {"type": "LineString", "coordinates": [[327093.4375, 4681156.5], [327109.34375, 4681175.5]]}}, {"type": "Feature", "properties": {"id": 1038, "gap_m": 24.8, "facing": 0.3, "along": 0.2, "lat_m": 0.07, "line_a": 4388, "line_b": 4393, "type_a": "Sharrow", "type_b": "Sharrow", "crossing": 0}, "geometry": {"type": "LineString", "coordinates": [[327972.3125, 4688062.0], [327964.34375, 4688038.5]]}}, {"type": "Feature", "properties": {"id": 1039, "gap_m": 24.8, "facing": 0.3, "along": 0.2, "lat_m": 0.07, "line_a": 2949, "line_b": 2961, "type_a": "BikeOnly", "type_b": "BikeOnly", "crossing": 0}, "geometry": {"type": "LineString", "coordinates": [[325319.40625, 4695347.5], [325298.5625, 4695361.0]]}}, {"type": "Feature", "properties": {"id": 1040, "gap_m": 24.9, "facing": 0.2, "along": 0.9, "lat_m": 0.38, "line_a": 4633, "line_b": 4897, "type_a": "BikeOnly", "type_b": "BikeOnly", "crossing": 0}, "geometry": {"type": "LineString", "coordinates": [[329029.34375, 4689831.5], [329049.90625, 4689845.5]]}}, {"type": "Feature", "properties": {"id": 1041, "gap_m": 24.9, "facing": 2.5, "along": 1.4, "lat_m": 0.62, "line_a": 6516, "line_b": 6517, "type_a": "Sharrow", "type_b": "Sharrow", "crossing": 0}, "geometry": {"type": "LineString", "coordinates": [[342620.09375, 4670103.0], [342599.84375, 4670088.5]]}}, {"type": "Feature", "properties": {"id": 1042, "gap_m": 24.9, "facing": 0.2, "along": 0.0, "lat_m": 0.02, "line_a": 3044, "line_b": 3055, "type_a": "Sharrow", "type_b": "Sharrow", "crossing": 0}, "geometry": {"type": "LineString", "coordinates": [[325245.4375, 4690398.0], [325238.6875, 4690374.0]]}}, {"type": "Feature", "properties": {"id": 1043, "gap_m": 24.9, "facing": 0.4, "along": 0.1, "lat_m": 0.03, "line_a": 1798, "line_b": 1803, "type_a": "Sharrow", "type_b": "Sharrow", "crossing": 0}, "geometry": {"type": "LineString", "coordinates": [[321048.90625, 4695206.5], [321044.25, 4695182.0]]}}, {"type": "Feature", "properties": {"id": 1044, "gap_m": 24.9, "facing": 0.7, "along": 0.3, "lat_m": 0.12, "line_a": 3583, "line_b": 3585, "type_a": "BikeOnly", "type_b": "BikeOnly", "crossing": 0}, "geometry": {"type": "LineString", "coordinates": [[326640.4375, 4690775.0], [326616.0, 4690780.0]]}}, {"type": "Feature", "properties": {"id": 1045, "gap_m": 25.0, "facing": 0.8, "along": 0.9, "lat_m": 0.39, "line_a": 3542, "line_b": 3544, "type_a": "BikeOnly", "type_b": "BikeOnly", "crossing": 0}, "geometry": {"type": "LineString", "coordinates": [[326394.59375, 4694156.0], [326411.40625, 4694137.5]]}}]}